index,y_true,y_pred_oof
0,1,0.9970171451568604
1,1,0.994620144367218
2,1,0.9962590336799622
3,1,0.995624840259552
4,1,0.9964161515235901
5,1,0.9921227693557739
6,1,0.9905791878700256
7,1,0.9939625263214111
8,1,0.9900800585746765
9,1,0.9961848855018616
10,1,0.9962258338928223
11,1,0.9964045286178589
12,1,0.9963101148605347
13,1,0.9962770938873291
14,1,0.9901039600372314
15,1,0.9935874342918396
16,1,0.9906107783317566
17,1,0.9952139258384705
18,1,0.9956056475639343
19,1,0.9942274689674377
20,1,0.9952986240386963
21,1,0.994477391242981
22,1,0.9960847496986389
23,1,0.9932215213775635
24,1,0.9966350793838501
25,1,0.9958340525627136
26,1,0.9955468773841858
27,1,0.9953675866127014
28,1,0.9954676628112793
29,1,0.9931442141532898
30,1,0.9850634336471558
31,1,0.9929690957069397
32,1,0.9930245280265808
33,1,0.9932920932769775
34,1,0.9933351278305054
35,1,0.9963411688804626
36,1,0.9900045990943909
37,1,0.9964335560798645
38,1,0.9920914769172668
39,1,0.9931360483169556
40,1,0.9967805743217468
41,1,0.9924523234367371
42,1,0.9958820343017578
43,1,0.9950207471847534
44,1,0.9928476810455322
45,1,0.9966404438018799
46,1,0.9906432628631592
47,1,0.9947991967201233
48,1,0.9957965016365051
49,1,0.9859346747398376
50,1,0.9939165115356445
51,1,0.9922420978546143
52,1,0.9965434074401855
53,1,0.9927945733070374
54,1,0.9920944571495056
55,1,0.9897094368934631
56,1,0.9872714877128601
57,1,0.9949111342430115
58,1,0.9948962330818176
59,1,0.9888930916786194
60,1,0.9947350025177002
61,1,0.9941186904907227
62,1,0.9937912225723267
63,1,0.992061972618103
64,1,0.9949857592582703
65,1,0.9950011968612671
66,1,0.9963866472244263
67,1,0.9906911849975586
68,1,0.9922602772712708
69,1,0.98926842212677
70,1,0.9911189675331116
71,1,0.9922862648963928
72,1,0.9958599805831909
73,1,0.9948387145996094
74,1,0.9956391453742981
75,1,0.9961457252502441
76,1,0.9894676208496094
77,1,0.9956476092338562
78,1,0.995114803314209
79,1,0.9956803321838379
80,1,0.993168830871582
81,1,0.9940378069877625
82,1,0.9951152205467224
83,1,0.9957513213157654
84,1,0.9880061149597168
85,1,0.9915395379066467
86,1,0.9959254264831543
87,1,0.989224910736084
88,1,0.994784414768219
89,1,0.9964059591293335
90,1,0.9904348850250244
91,1,0.9952467083930969
92,1,0.9934179782867432
93,1,0.996315062046051
94,1,0.9902706742286682
95,1,0.9960583448410034
96,1,0.9964702725410461
97,1,0.993003249168396
98,1,0.9958557486534119
99,1,0.9958699941635132
100,1,0.9907143712043762
101,1,0.9962121844291687
102,1,0.9888790845870972
103,1,0.9954575300216675
104,1,0.993017852306366
105,1,0.9962121248245239
106,1,0.9965807795524597
107,1,0.9959691166877747
108,1,0.9959680438041687
109,1,0.9965131878852844
110,1,0.996260404586792
111,1,0.9945195913314819
112,1,0.9963520169258118
113,1,0.9961579442024231
114,1,0.9963032007217407
115,1,0.9950150847434998
116,1,0.9956716299057007
117,1,0.991034984588623
118,1,0.9961076974868774
119,1,0.9953579902648926
120,1,0.9926565289497375
121,1,0.9962722659111023
122,1,0.9962347149848938
123,1,0.9923600554466248
124,1,0.9941761493682861
125,1,0.9950767755508423
126,1,0.9950482249259949
127,1,0.9957776665687561
128,1,0.9950949549674988
129,1,0.9961309432983398
130,1,0.9963880777359009
131,1,0.9965527653694153
132,1,0.9931743144989014
133,1,0.9963486790657043
134,1,0.9961748719215393
135,1,0.9935975074768066
136,1,0.9880208373069763
137,1,0.9912535548210144
138,1,0.996168851852417
139,1,0.9957011342048645
140,1,0.9950942397117615
141,1,0.9885666370391846
142,1,0.9888759851455688
143,1,0.9931225776672363
144,1,0.9940601587295532
145,1,0.9931679964065552
146,1,0.991682231426239
147,1,0.9964315295219421
148,1,0.9965157508850098
149,1,0.9925041794776917
150,1,0.9962338209152222
151,1,0.9963214993476868
152,1,0.9953230023384094
153,1,0.9943027496337891
154,1,0.9946720004081726
155,1,0.9933832287788391
156,1,0.9934451580047607
157,1,0.990580677986145
158,1,0.9945741891860962
159,1,0.9954667687416077
160,1,0.9935949444770813
161,1,0.9953197836875916
162,1,0.995449423789978
163,1,0.9938645362854004
164,1,0.9965965151786804
165,1,0.9965980648994446
166,1,0.9952049255371094
167,1,0.9965566396713257
168,1,0.9960741400718689
169,1,0.9956343770027161
170,1,0.9959895014762878
171,1,0.9966025352478027
172,1,0.994227945804596
173,1,0.9930095672607422
174,1,0.9936163425445557
175,1,0.9946558475494385
176,1,0.9930939674377441
177,1,0.9964221119880676
178,1,0.9963979125022888
179,1,0.989518940448761
180,1,0.9893196821212769
181,1,0.9954593181610107
182,1,0.9910799264907837
183,1,0.9960509538650513
184,1,0.9963829517364502
185,1,0.9962182641029358
186,1,0.996159017086029
187,1,0.9919850826263428
188,1,0.9949413537979126
189,1,0.9968054890632629
190,1,0.9892395734786987
191,1,0.9906046390533447
192,1,0.9962093830108643
193,1,0.993462860584259
194,1,0.9955739378929138
195,1,0.9962576031684875
196,1,0.9897960424423218
197,1,0.9963546395301819
198,1,0.9955618381500244
199,1,0.9958453178405762
200,1,0.9960831999778748
201,1,0.9965917468070984
202,1,0.992526650428772
203,1,0.9881083369255066
204,1,0.9962790012359619
205,1,0.9937593340873718
206,1,0.986875593662262
207,1,0.9931802749633789
208,1,0.9965903759002686
209,1,0.9938311576843262
210,1,0.9957837462425232
211,1,0.9931052327156067
212,1,0.9933976531028748
213,1,0.9967453479766846
214,1,0.9944921135902405
215,1,0.996054470539093
216,1,0.9964006543159485
217,1,0.9962720274925232
218,1,0.9960908889770508
219,1,0.99628746509552
220,1,0.9928102493286133
221,1,0.9919586181640625
222,1,0.9898777008056641
223,1,0.9964210987091064
224,1,0.9961903095245361
225,1,0.9936505556106567
226,1,0.9963915944099426
227,1,0.9855515360832214
228,1,0.9934951066970825
229,1,0.9908364415168762
230,1,0.9909527897834778
231,1,0.9947333931922913
232,1,0.9930359125137329
233,1,0.9935150742530823
234,1,0.9958224892616272
235,1,0.9959377646446228
236,1,0.9939672350883484
237,1,0.9929354786872864
238,1,0.9879463911056519
239,1,0.9957497715950012
240,1,0.9893327951431274
241,1,0.9903879165649414
242,1,0.9895078539848328
243,1,0.9963489174842834
244,1,0.983833372592926
245,1,0.9940888285636902
246,1,0.9969336986541748
247,1,0.995110034942627
248,1,0.9946630597114563
249,1,0.9915089011192322
250,1,0.9959677457809448
251,1,0.996533989906311
252,1,0.9965631365776062
253,1,0.9932783842086792
254,1,0.9961078763008118
255,1,0.9960457682609558
256,1,0.9957453608512878
257,1,0.9939560294151306
258,1,0.9958141446113586
259,1,0.9920539855957031
260,1,0.9931875467300415
261,1,0.9927245378494263
262,1,0.9964504241943359
263,1,0.993665874004364
264,1,0.9959450364112854
265,1,0.9943771958351135
266,1,0.9945093393325806
267,1,0.9954476952552795
268,1,0.9914971590042114
269,1,0.9932335019111633
270,1,0.9921854734420776
271,1,0.9952975511550903
272,1,0.9956744909286499
273,1,0.9951669573783875
274,1,0.9936908483505249
275,1,0.9949452877044678
276,1,0.995665967464447
277,1,0.9955637454986572
278,1,0.9943984746932983
279,1,0.9918417930603027
280,1,0.9940862059593201
281,1,0.9935182332992554
282,1,0.9955946207046509
283,1,0.9933454394340515
284,1,0.9971740245819092
285,1,0.9950599670410156
286,1,0.9826411008834839
287,1,0.9911683201789856
288,1,0.9898199439048767
289,1,0.9900690913200378
290,1,0.9951158761978149
291,1,0.9836161732673645
292,1,0.9950381517410278
293,1,0.9955703616142273
294,1,0.9959573745727539
295,1,0.9932655096054077
296,1,0.9967876076698303
297,1,0.9955542683601379
298,1,0.989266037940979
299,1,0.9887309670448303
300,1,0.9964307546615601
301,1,0.9878696203231812
302,1,0.9959220886230469
303,1,0.9898673892021179
304,1,0.9922034740447998
305,1,0.9895182847976685
306,1,0.995311975479126
307,1,0.9922230243682861
308,1,0.9898597598075867
309,1,0.9860177636146545
310,1,0.9878196120262146
311,1,0.9929109811782837
312,1,0.9954878091812134
313,1,0.9932020306587219
314,1,0.9913307428359985
315,1,0.995434582233429
316,1,0.9916700124740601
317,1,0.991780698299408
318,1,0.9953809976577759
319,1,0.9946383833885193
320,1,0.9966992139816284
321,1,0.9952831268310547
322,1,0.9957069754600525
323,1,0.9970811009407043
324,1,0.9964175820350647
325,1,0.996552050113678
326,1,0.9948980808258057
327,1,0.9942782521247864
328,1,0.9953243136405945
329,1,0.9931041598320007
330,1,0.9937077760696411
331,1,0.9944610595703125
332,1,0.9945241212844849
333,1,0.9940271377563477
334,1,0.9938176274299622
335,1,0.9956260919570923
336,1,0.9956233501434326
337,1,0.9957711696624756
338,1,0.9959958791732788
339,1,0.9961877465248108
340,1,0.9932976365089417
341,1,0.9933443665504456
342,1,0.992751955986023
343,1,0.9899951219558716
344,1,0.989868700504303
345,1,0.9893880486488342
346,1,0.9885388016700745
347,1,0.9912433624267578
348,1,0.993847131729126
349,1,0.9880017638206482
350,1,0.9933242201805115
351,1,0.9865627884864807
352,1,0.9894316792488098
353,1,0.9948654174804688
354,1,0.995634913444519
355,1,0.9954034090042114
356,1,0.9953228235244751
357,1,0.9966386556625366
358,1,0.9965906143188477
359,1,0.9954785108566284
360,1,0.99555504322052
361,1,0.9968639016151428
362,1,0.9966580867767334
363,1,0.9969761371612549
364,1,0.9877355098724365
365,1,0.996898353099823
366,1,0.996408998966217
367,1,0.9969317317008972
368,1,0.9958744645118713
369,1,0.9936332106590271
370,1,0.9915103912353516
371,1,0.9961296319961548
372,1,0.9944097399711609
373,1,0.9940174221992493
374,1,0.9915070533752441
375,1,0.9922178983688354
376,1,0.9918057918548584
377,1,0.988331139087677
378,1,0.9888723492622375
379,1,0.9876241087913513
380,1,0.9889920353889465
381,1,0.993918240070343
382,1,0.9965084791183472
383,1,0.9886635541915894
384,1,0.9887655377388
385,1,0.989239513874054
386,1,0.9930463433265686
387,1,0.9952735900878906
388,1,0.9906940460205078
389,1,0.9953781962394714
390,1,0.9950377941131592
391,1,0.9950007200241089
392,1,0.9851115345954895
393,1,0.9951134920120239
394,1,0.993960440158844
395,1,0.9947183728218079
396,1,0.9944732785224915
397,1,0.9930877089500427
398,1,0.9957010746002197
399,1,0.9931052327156067
400,1,0.9937340617179871
401,1,0.9933688640594482
402,1,0.9941298961639404
403,1,0.994134783744812
404,1,0.9931599497795105
405,1,0.9934390187263489
406,1,0.9951885938644409
407,1,0.9943548440933228
408,1,0.9923280477523804
409,1,0.9952420592308044
410,1,0.9918012619018555
411,1,0.9958972334861755
412,1,0.9950719475746155
413,1,0.9952336549758911
414,1,0.9867371916770935
415,1,0.9943310618400574
416,1,0.9958338737487793
417,1,0.9968522191047668
418,1,0.9967535138130188
419,1,0.9953205585479736
420,1,0.9911551475524902
421,1,0.9954981803894043
422,1,0.9852301478385925
423,1,0.9932388067245483
424,1,0.9926312565803528
425,1,0.9948030114173889
426,1,0.9953992962837219
427,1,0.9955859780311584
428,1,0.9962456822395325
429,1,0.996971845626831
430,1,0.9958218932151794
431,1,0.995633065700531
432,1,0.9951602220535278
433,1,0.9929562211036682
434,1,0.9910321235656738
435,1,0.9883396625518799
436,1,0.9936872124671936
437,1,0.9948093295097351
438,1,0.9894853830337524
439,1,0.9964942336082458
440,1,0.9959709644317627
441,1,0.9946333169937134
442,1,0.9948813319206238
443,1,0.9955205917358398
444,1,0.9962136745452881
445,1,0.9957930445671082
446,1,0.9873299598693848
447,1,0.9962440729141235
448,1,0.9945240020751953
449,1,0.9956664443016052
450,1,0.9969480633735657
451,1,0.9908745288848877
452,1,0.9945191740989685
453,1,0.993527889251709
454,1,0.9932956695556641
455,1,0.9906807541847229
456,1,0.993310809135437
457,1,0.9961977601051331
458,1,0.9960973858833313
459,1,0.994918704032898
460,1,0.9944885969161987
461,1,0.9943247437477112
462,1,0.9944778084754944
463,1,0.9945421814918518
464,1,0.9945221543312073
465,1,0.9944427013397217
466,1,0.9945961236953735
467,1,0.9944071173667908
468,1,0.996003270149231
469,1,0.9936655759811401
470,1,0.9958681464195251
471,1,0.9967626333236694
472,1,0.9967278838157654
473,1,0.9969373345375061
474,1,0.9941569566726685
475,1,0.9962674379348755
476,1,0.9949454069137573
477,1,0.9963377118110657
478,1,0.9960010647773743
479,1,0.9960607290267944
480,1,0.9865381121635437
481,1,0.9896209836006165
482,1,0.995960533618927
483,1,0.9931263327598572
484,1,0.9959078431129456
485,1,0.994563102722168
486,1,0.9889582395553589
487,1,0.9961776733398438
488,1,0.9959781765937805
489,1,0.9864146113395691
490,1,0.9880580902099609
491,1,0.9963489174842834
492,1,0.9887733459472656
493,1,0.9935342669487
494,1,0.9906970858573914
495,1,0.9935733079910278
496,1,0.989687979221344
497,1,0.9923692941665649
498,1,0.9281724095344543
499,1,0.9962750673294067
500,1,0.9964741468429565
501,1,0.9936491847038269
502,1,0.9960170388221741
503,1,0.9953618049621582
504,1,0.9925441145896912
505,1,0.9897894263267517
506,1,0.9901092648506165
507,1,0.9922372698783875
508,1,0.9928948283195496
509,1,0.9898128509521484
510,1,0.9915776252746582
511,1,0.9957446455955505
512,1,0.9953659176826477
513,1,0.995546817779541
514,1,0.9939510226249695
515,1,0.9949672222137451
516,1,0.9949800968170166
517,1,0.9832367300987244
518,1,0.9937704205513
519,1,0.9933177828788757
520,1,0.9905398488044739
521,1,0.9964162707328796
522,1,0.9893646836280823
523,1,0.9928180575370789
524,1,0.988865315914154
525,1,0.9954271912574768
526,1,0.9947102665901184
527,1,0.9965735077857971
528,1,0.9953171610832214
529,1,0.986112654209137
530,1,0.9943134784698486
531,1,0.9956567287445068
532,1,0.9958522915840149
533,1,0.9938028454780579
534,1,0.9958059787750244
535,1,0.9943055510520935
536,1,0.9937792420387268
537,1,0.9956402778625488
538,1,0.9918997287750244
539,1,0.9928582310676575
540,1,0.9936253428459167
541,1,0.9944875240325928
542,1,0.9958412051200867
543,1,0.9963304400444031
544,1,0.9954015612602234
545,1,0.988128662109375
546,1,0.9961410760879517
547,1,0.9953627586364746
548,1,0.9962043166160583
549,1,0.9952186942100525
550,1,0.9949339032173157
551,1,0.9940071702003479
552,1,0.9953376650810242
553,1,0.9954360127449036
554,1,0.9890072345733643
555,1,0.995204508304596
556,1,0.9930700659751892
557,1,0.9938734769821167
558,1,0.9952300190925598
559,1,0.9915571212768555
560,1,0.9952782988548279
561,1,0.9914749264717102
562,1,0.9922460913658142
563,1,0.9924896359443665
564,1,0.9915894865989685
565,1,0.9952137470245361
566,1,0.9943505525588989
567,1,0.9926211833953857
568,1,0.9954700469970703
569,1,0.9894167184829712
570,1,0.9951738715171814
571,1,0.9960960745811462
572,1,0.9951828122138977
573,1,0.9954747557640076
574,1,0.9937263131141663
575,1,0.9956010580062866
576,1,0.9931692481040955
577,1,0.9944928288459778
578,1,0.9956330060958862
579,1,0.9958425164222717
580,1,0.9900251626968384
581,1,0.9895702004432678
582,1,0.9893922209739685
583,1,0.9958986639976501
584,1,0.993637204170227
585,1,0.9945548176765442
586,1,0.9935978651046753
587,1,0.9893523454666138
588,1,0.9957596063613892
589,1,0.9958301782608032
590,1,0.9940187931060791
591,1,0.9937602281570435
592,1,0.9946283102035522
593,1,0.99591064453125
594,1,0.9955670833587646
595,1,0.9953422546386719
596,1,0.9949318766593933
597,1,0.9960780739784241
598,1,0.9941462874412537
599,1,0.9949901103973389
600,1,0.9957829117774963
601,1,0.9940633773803711
602,1,0.9936376214027405
603,1,0.9964442253112793
604,1,0.9959946274757385
605,1,0.9959178566932678
606,1,0.995920717716217
607,1,0.9959668517112732
608,1,0.9957433342933655
609,1,0.9954299926757812
610,1,0.9924982190132141
611,1,0.9890657067298889
612,1,0.9960206151008606
613,1,0.9930424690246582
614,1,0.9948327541351318
615,1,0.9891760945320129
616,1,0.9943554997444153
617,1,0.9962180256843567
618,1,0.9910030961036682
619,1,0.9958066940307617
620,1,0.9955829977989197
621,1,0.9961128830909729
622,1,0.9963034987449646
623,1,0.9960472583770752
624,1,0.9951360821723938
625,1,0.9950352907180786
626,1,0.9955590963363647
627,1,0.9948238134384155
628,1,0.9955630302429199
629,1,0.9931937456130981
630,1,0.9955875873565674
631,1,0.992368757724762
632,1,0.9956284761428833
633,1,0.9939920902252197
634,1,0.9969055652618408
635,1,0.9945602416992188
636,1,0.9962786436080933
637,1,0.9953561425209045
638,1,0.9951114654541016
639,1,0.9958376884460449
640,1,0.9957972764968872
641,1,0.9930652976036072
642,1,0.9951863288879395
643,1,0.9960188865661621
644,1,0.9959438443183899
645,1,0.9951910376548767
646,1,0.9961074590682983
647,1,0.996105432510376
648,1,0.9963010549545288
649,1,0.9960587024688721
650,1,0.995839536190033
651,1,0.9954352974891663
652,1,0.9962913990020752
653,1,0.9963300228118896
654,1,0.9869337677955627
655,1,0.9953207969665527
656,1,0.9960768818855286
657,1,0.9890411496162415
658,1,0.9963105916976929
659,1,0.9959012269973755
660,1,0.9910669922828674
661,1,0.9905948042869568
662,1,0.9893860816955566
663,1,0.9956120848655701
664,1,0.9966253042221069
665,1,0.994949996471405
666,1,0.9919165968894958
667,1,0.995744526386261
668,1,0.9952476620674133
669,1,0.9911577105522156
670,1,0.9916087985038757
671,1,0.9918038845062256
672,1,0.9939290285110474
673,1,0.9956262707710266
674,1,0.9963908195495605
675,1,0.9959499835968018
676,1,0.9961656928062439
677,1,0.9887679219245911
678,1,0.9894098043441772
679,1,0.9931958317756653
680,1,0.9910690188407898
681,1,0.9942743182182312
682,1,0.9953836798667908
683,1,0.9946355819702148
684,1,0.9958706498146057
685,1,0.9960471987724304
686,1,0.9934399127960205
687,1,0.9887300729751587
688,1,0.9940126538276672
689,1,0.994606077671051
690,1,0.9914299845695496
691,1,0.9965170621871948
692,1,0.9903042316436768
693,1,0.9926992058753967
694,1,0.991355299949646
695,1,0.9947113990783691
696,1,0.9960916042327881
697,1,0.9952574968338013
698,1,0.9953007698059082
699,1,0.9921739101409912
700,1,0.9925209283828735
701,1,0.9863529205322266
702,1,0.9951727390289307
703,1,0.9943504929542542
704,1,0.992328941822052
705,1,0.988336443901062
706,1,0.99568110704422
707,1,0.9869104623794556
708,1,0.99388587474823
709,1,0.9954752326011658
710,1,0.9948872327804565
711,1,0.9962250590324402
712,1,0.9957058429718018
713,1,0.9947237372398376
714,1,0.9939998388290405
715,1,0.9955866932868958
716,1,0.9903010725975037
717,1,0.9945327043533325
718,1,0.9954783916473389
719,1,0.9947565197944641
720,1,0.9943452477455139
721,1,0.982049286365509
722,1,0.9901072978973389
723,1,0.9895628690719604
724,1,0.9910197854042053
725,1,0.9897298812866211
726,1,0.9851934313774109
727,1,0.9953142404556274
728,1,0.9918505549430847
729,1,0.9900097846984863
730,1,0.9947587847709656
731,1,0.9939559102058411
732,1,0.9935703873634338
733,1,0.9908945560455322
734,1,0.988277018070221
735,1,0.9950681924819946
736,1,0.994674026966095
737,1,0.9956778287887573
738,1,0.9926303029060364
739,1,0.9949890971183777
740,1,0.9923914074897766
741,1,0.9867443442344666
742,1,0.9952830672264099
743,1,0.9958265423774719
744,1,0.9962350726127625
745,1,0.9951559901237488
746,1,0.9871323704719543
747,1,0.9958432912826538
748,1,0.9953696727752686
749,1,0.9891899228096008
750,1,0.9961061477661133
751,1,0.9864708185195923
752,1,0.9965068697929382
753,1,0.9965327978134155
754,1,0.9964148998260498
755,1,0.9953481554985046
756,1,0.9921449422836304
757,1,0.9961867928504944
758,1,0.9955271482467651
759,1,0.9956302046775818
760,1,0.9961024522781372
761,1,0.996464192867279
762,1,0.9951781630516052
763,1,0.9944262504577637
764,1,0.9947463870048523
765,1,0.9938157200813293
766,1,0.9943769574165344
767,1,0.9950917959213257
768,1,0.995309054851532
769,1,0.9960782527923584
770,1,0.9955044388771057
771,1,0.9958229660987854
772,1,0.9945783615112305
773,1,0.9949214458465576
774,1,0.9942838549613953
775,1,0.9919582009315491
776,1,0.9943692088127136
777,1,0.9952689409255981
778,1,0.9922945499420166
779,1,0.9922006130218506
780,1,0.9928333163261414
781,1,0.9957093000411987
782,1,0.9953048825263977
783,1,0.9941636919975281
784,1,0.9950704574584961
785,1,0.9920476675033569
786,1,0.9941239953041077
787,1,0.9956380128860474
788,1,0.9961907267570496
789,1,0.9948036074638367
790,1,0.9957798719406128
791,1,0.995643138885498
792,1,0.9947807788848877
793,1,0.9956122040748596
794,1,0.9957433342933655
795,1,0.9931080937385559
796,1,0.9955427646636963
797,1,0.9934676885604858
798,1,0.9952573776245117
799,1,0.988253116607666
800,1,0.9925739169120789
801,1,0.9949935674667358
802,1,0.9954943060874939
803,1,0.9956043362617493
804,1,0.995872437953949
805,1,0.9894698858261108
806,1,0.9963357448577881
807,1,0.9933768510818481
808,1,0.9919753074645996
809,1,0.9919180274009705
810,1,0.9933809041976929
811,1,0.9952481389045715
812,1,0.9906663298606873
813,1,0.9956358671188354
814,1,0.9909745454788208
815,1,0.9954557418823242
816,1,0.9893864393234253
817,1,0.9961183667182922
818,1,0.9947208166122437
819,1,0.9939303398132324
820,1,0.9940940737724304
821,1,0.99619460105896
822,1,0.9949700236320496
823,1,0.995979905128479
824,1,0.9942963123321533
825,1,0.9961915612220764
826,1,0.9957727193832397
827,1,0.995769202709198
828,1,0.99513840675354
829,1,0.9955018162727356
830,1,0.9926164746284485
831,1,0.98959881067276
832,1,0.9931860566139221
833,1,0.9928357005119324
834,1,0.9956476092338562
835,1,0.9887546896934509
836,1,0.9939680099487305
837,1,0.9863895177841187
838,1,0.9949164986610413
839,1,0.9953314065933228
840,1,0.9889186024665833
841,1,0.9940569996833801
842,1,0.993231475353241
843,1,0.9956275820732117
844,1,0.9959070682525635
845,1,0.995350182056427
846,1,0.9961004853248596
847,1,0.9960048198699951
848,1,0.9917896389961243
849,1,0.9963511228561401
850,1,0.9960665702819824
851,1,0.99619460105896
852,1,0.9961292147636414
853,1,0.9950367212295532
854,1,0.9955486059188843
855,1,0.9906834363937378
856,1,0.9955601692199707
857,1,0.9966390132904053
858,1,0.9907876253128052
859,1,0.9896461963653564
860,1,0.9892200231552124
861,1,0.9950656890869141
862,1,0.98658287525177
863,1,0.9922972917556763
864,1,0.9950842261314392
865,1,0.9954882860183716
866,1,0.9938967227935791
867,1,0.9955670833587646
868,1,0.9956259727478027
869,1,0.9859930276870728
870,1,0.9950287938117981
871,1,0.9921073913574219
872,1,0.9850178956985474
873,1,0.9941498637199402
874,1,0.9775148034095764
875,1,0.97152179479599
876,1,0.994045078754425
877,1,0.9957470297813416
878,1,0.9838026165962219
879,1,0.9862189888954163
880,1,0.9920639991760254
881,1,0.9915978908538818
882,1,0.9947192668914795
883,1,0.9927815198898315
884,1,0.9931614398956299
885,1,0.9931525588035583
886,1,0.9914768934249878
887,1,0.9862478375434875
888,1,0.9905831813812256
889,1,0.9830270409584045
890,1,0.9944706559181213
891,1,0.9930267333984375
892,1,0.9960936903953552
893,1,0.9939554333686829
894,1,0.9949221611022949
895,1,0.9946977496147156
896,1,0.9951778650283813
897,1,0.9922952651977539
898,1,0.990667462348938
899,1,0.9913954734802246
900,1,0.982537567615509
901,1,0.9871353507041931
902,1,0.9945327043533325
903,1,0.9944269061088562
904,1,0.9952314496040344
905,1,0.9862397313117981
906,1,0.9953792691230774
907,1,0.9957438111305237
908,1,0.9952003359794617
909,1,0.9945667386054993
910,1,0.9929486513137817
911,1,0.9861898422241211
912,1,0.9942178130149841
913,1,0.9939229488372803
914,1,0.9957224726676941
915,1,0.9920074939727783
916,1,0.9962382912635803
917,1,0.9919978380203247
918,1,0.9909222722053528
919,1,0.9931188225746155
920,1,0.9956010580062866
921,1,0.9941548109054565
922,1,0.9889863729476929
923,1,0.9820373058319092
924,1,0.9873967170715332
925,1,0.9923545718193054
926,1,0.9913747310638428
927,1,0.9924853444099426
928,1,0.9945093989372253
929,1,0.9949140548706055
930,1,0.9959469437599182
931,1,0.9915488362312317
932,1,0.9913647174835205
933,1,0.9954233765602112
934,1,0.9954721331596375
935,1,0.9945225715637207
936,1,0.9937549233436584
937,1,0.9953140616416931
938,1,0.9945923089981079
939,1,0.9955190420150757
940,1,0.9933291077613831
941,1,0.9950500726699829
942,1,0.995744526386261
943,1,0.9939809441566467
944,1,0.9955176115036011
945,1,0.9955370426177979
946,1,0.9960479736328125
947,1,0.9958685040473938
948,1,0.9958000779151917
949,1,0.9936079382896423
950,1,0.9931960105895996
951,1,0.9927836656570435
952,1,0.9959234595298767
953,1,0.9957343339920044
954,1,0.9950852394104004
955,1,0.9923341274261475
956,1,0.9913370609283447
957,1,0.9890871047973633
958,1,0.9925811886787415
959,1,0.9953774809837341
960,1,0.9921609163284302
961,1,0.9926923513412476
962,1,0.9958211779594421
963,1,0.9958450198173523
964,1,0.9946413636207581
965,1,0.9957323670387268
966,1,0.9957191348075867
967,1,0.9956008195877075
968,1,0.9951660633087158
969,1,0.995441198348999
970,1,0.9948317408561707
971,1,0.9943150877952576
972,1,0.9919130206108093
973,1,0.9941123127937317
974,1,0.9959569573402405
975,1,0.9943931698799133
976,1,0.9948666095733643
977,1,0.9946098923683167
978,1,0.9952322244644165
979,1,0.9957700371742249
980,1,0.9932253360748291
981,1,0.9951638579368591
982,1,0.9952509999275208
983,1,0.9956672787666321
984,1,0.9940760731697083
985,1,0.9962631464004517
986,1,0.9961549639701843
987,1,0.9944644570350647
988,1,0.994117259979248
989,1,0.9949348568916321
990,1,0.9941413998603821
991,1,0.9946519136428833
992,1,0.9958518147468567
993,1,0.993702232837677
994,1,0.9941309690475464
995,1,0.9891649484634399
996,1,0.9945729970932007
997,1,0.9942681789398193
998,1,0.9940211772918701
999,1,0.9943690299987793
1000,1,0.9953815340995789
1001,1,0.995343804359436
1002,1,0.9952787160873413
1003,1,0.9952656030654907
1004,1,0.9943531155586243
1005,1,0.9912219643592834
1006,1,0.9898290038108826
1007,1,0.9888840317726135
1008,1,0.9943217039108276
1009,1,0.9959516525268555
1010,1,0.989917516708374
1011,1,0.9955414533615112
1012,1,0.9917318224906921
1013,1,0.9941380023956299
1014,1,0.9898217916488647
1015,1,0.9957367181777954
1016,1,0.9924459457397461
1017,1,0.9958682656288147
1018,1,0.9958674311637878
1019,1,0.9963994026184082
1020,1,0.994900643825531
1021,1,0.9861056208610535
1022,1,0.9929469227790833
1023,1,0.9914844036102295
1024,1,0.9958993792533875
1025,1,0.9964732527732849
1026,1,0.9964531064033508
1027,1,0.9958304762840271
1028,1,0.9931527972221375
1029,1,0.9925850629806519
1030,1,0.9963296055793762
1031,1,0.9927361011505127
1032,1,0.9965912699699402
1033,1,0.9957367777824402
1034,1,0.9949861764907837
1035,1,0.9963675737380981
1036,1,0.9964920282363892
1037,1,0.9964718222618103
1038,1,0.9952054619789124
1039,1,0.9955109357833862
1040,1,0.9913703203201294
1041,1,0.9935327172279358
1042,1,0.9931480288505554
1043,1,0.991736114025116
1044,1,0.9801043272018433
1045,1,0.9951284527778625
1046,1,0.9951286315917969
1047,1,0.9850558042526245
1048,1,0.9954236745834351
1049,1,0.9879258871078491
1050,1,0.9874866604804993
1051,1,0.993920087814331
1052,1,0.9937292337417603
1053,1,0.9918534159660339
1054,1,0.992497980594635
1055,1,0.9893274307250977
1056,1,0.9930499792098999
1057,1,0.9918216466903687
1058,1,0.9916483163833618
1059,1,0.996697723865509
1060,1,0.9955761432647705
1061,1,0.9952905178070068
1062,1,0.9700023531913757
1063,1,0.9947564601898193
1064,1,0.9812582731246948
1065,1,0.9920220971107483
1066,1,0.9880728125572205
1067,1,0.9930227398872375
1068,1,0.9929237365722656
1069,1,0.989957869052887
1070,1,0.9733847975730896
1071,1,0.9770620465278625
1072,1,0.9896934032440186
1073,1,0.9952805042266846
1074,1,0.9888831377029419
1075,1,0.9946129322052002
1076,1,0.9947882890701294
1077,1,0.9879463315010071
1078,1,0.9937453866004944
1079,1,0.9883074760437012
1080,1,0.9833077192306519
1081,1,0.9934270977973938
1082,1,0.995046079158783
1083,1,0.9957659244537354
1084,1,0.9952504634857178
1085,1,0.9957496523857117
1086,1,0.9891102313995361
1087,1,0.9929922819137573
1088,1,0.9947183132171631
1089,1,0.992836594581604
1090,1,0.9942517876625061
1091,1,0.9937761425971985
1092,1,0.9958454966545105
1093,1,0.9855007529258728
1094,1,0.9935473203659058
1095,1,0.9854902029037476
1096,1,0.9872579574584961
1097,1,0.9945341944694519
1098,1,0.994253396987915
1099,1,0.9863079786300659
1100,1,0.9951539039611816
1101,1,0.993896484375
1102,1,0.9859026074409485
1103,1,0.9950785636901855
1104,1,0.9948058724403381
1105,1,0.9945133328437805
1106,1,0.9949518442153931
1107,1,0.9964384436607361
1108,1,0.9932574033737183
1109,1,0.9924829006195068
1110,1,0.9946163892745972
1111,1,0.9945223331451416
1112,1,0.9883495569229126
1113,1,0.9946644306182861
1114,1,0.9937914609909058
1115,1,0.9948170781135559
1116,1,0.9952467083930969
1117,1,0.9900037050247192
1118,1,0.9862875938415527
1119,1,0.994806706905365
1120,1,0.9924423694610596
1121,1,0.9887560606002808
1122,1,0.9940935969352722
1123,1,0.992824912071228
1124,1,0.9942599534988403
1125,1,0.9948185682296753
1126,1,0.9953051805496216
1127,1,0.9930456876754761
1128,1,0.9949350357055664
1129,1,0.9951053261756897
1130,1,0.9942219257354736
1131,1,0.9957605004310608
1132,1,0.9955597519874573
1133,1,0.9943652153015137
1134,1,0.9955562949180603
1135,1,0.9952087998390198
1136,1,0.9953746199607849
1137,1,0.9921436905860901
1138,1,0.9948263168334961
1139,1,0.9918108582496643
1140,1,0.9915124773979187
1141,1,0.9930975437164307
1142,1,0.9942728281021118
1143,1,0.9937945604324341
1144,1,0.9962769150733948
1145,1,0.98969566822052
1146,1,0.9954641461372375
1147,1,0.9826802015304565
1148,1,0.9881957769393921
1149,1,0.9943875074386597
1150,1,0.995578944683075
1151,1,0.990211009979248
1152,1,0.9960380792617798
1153,1,0.99566650390625
1154,1,0.9951626658439636
1155,1,0.9950896501541138
1156,1,0.9962277412414551
1157,1,0.9946398735046387
1158,1,0.9884006977081299
1159,1,0.996067225933075
1160,1,0.9951435327529907
1161,1,0.9938843250274658
1162,1,0.99522864818573
1163,1,0.9867498874664307
1164,1,0.9950311779975891
1165,1,0.986447811126709
1166,1,0.9929773807525635
1167,1,0.9810819029808044
1168,1,0.9891524314880371
1169,1,0.9822714924812317
1170,1,0.9885457754135132
1171,1,0.9950199723243713
1172,1,0.9927279949188232
1173,1,0.9822197556495667
1174,1,0.9945459961891174
1175,1,0.9950915575027466
1176,1,0.99498450756073
1177,1,0.9899247288703918
1178,1,0.9907035231590271
1179,1,0.9864211082458496
1180,1,0.9738488793373108
1181,1,0.994364321231842
1182,1,0.9943881630897522
1183,1,0.9938343167304993
1184,1,0.9949027299880981
1185,1,0.9918094873428345
1186,1,0.9920108318328857
1187,1,0.9933742880821228
1188,1,0.9955657720565796
1189,1,0.9931696057319641
1190,1,0.9960904121398926
1191,1,0.9933053255081177
1192,1,0.9836769700050354
1193,1,0.9893198609352112
1194,1,0.9841442108154297
1195,1,0.9495082497596741
1196,1,0.9126282930374146
1197,1,0.9920997619628906
1198,1,0.9705749154090881
1199,1,0.9748501181602478
1200,1,0.9886779189109802
1201,1,0.9859170913696289
1202,1,0.9929260611534119
1203,1,0.9913327693939209
1204,1,0.9946897029876709
1205,1,0.9940902590751648
1206,1,0.9943253993988037
1207,1,0.9912726879119873
1208,1,0.9950577020645142
1209,1,0.9940640330314636
1210,1,0.9867669343948364
1211,1,0.994857907295227
1212,1,0.9950017929077148
1213,1,0.9891057014465332
1214,1,0.9922638535499573
1215,1,0.9936782121658325
1216,1,0.9623926877975464
1217,1,0.9910614490509033
1218,1,0.9897462129592896
1219,1,0.9581129550933838
1220,1,0.9925897717475891
1221,1,0.9925932884216309
1222,1,0.9906826019287109
1223,1,0.994008481502533
1224,1,0.9554404616355896
1225,1,0.975277841091156
1226,1,0.9688353538513184
1227,1,0.995253324508667
1228,1,0.986360490322113
1229,1,0.9894145727157593
1230,1,0.993217945098877
1231,1,0.985072135925293
1232,1,0.9931663870811462
1233,1,0.9891448020935059
1234,1,0.9931119084358215
1235,1,0.9919320940971375
1236,1,0.9935242533683777
1237,1,0.9881284236907959
1238,1,0.9868403673171997
1239,1,0.9832217693328857
1240,1,0.9821763038635254
1241,1,0.9828246831893921
1242,1,0.9916038513183594
1243,1,0.9877212047576904
1244,1,0.9897957444190979
1245,1,0.9649688601493835
1246,1,0.9885668754577637
1247,1,0.9721256494522095
1248,1,0.9916160702705383
1249,1,0.9918727278709412
1250,1,0.9873602390289307
1251,1,0.991579532623291
1252,1,0.991193950176239
1253,1,0.9922035932540894
1254,1,0.9725943207740784
1255,1,0.9903903007507324
1256,1,0.9815011620521545
1257,1,0.987926721572876
1258,1,0.9949954748153687
1259,1,0.9921209812164307
1260,1,0.9807139039039612
1261,1,0.9946888089179993
1262,1,0.9914177060127258
1263,1,0.9916854500770569
1264,1,0.9949713349342346
1265,1,0.9953533411026001
1266,1,0.9919506311416626
1267,1,0.9849685430526733
1268,1,0.9947199821472168
1269,1,0.9929040670394897
1270,1,0.9918286204338074
1271,1,0.9904654622077942
1272,1,0.9868009090423584
1273,1,0.9874218106269836
1274,1,0.9869914054870605
1275,1,0.9876084327697754
1276,1,0.9907564520835876
1277,1,0.9900235533714294
1278,1,0.9818664789199829
1279,1,0.9954265356063843
1280,1,0.995104968547821
1281,1,0.9894506335258484
1282,1,0.9282082319259644
1283,1,0.9639530777931213
1284,1,0.9876393675804138
1285,1,0.9868338704109192
1286,1,0.9841496348381042
1287,1,0.9548619985580444
1288,1,0.9771944284439087
1289,1,0.9932137727737427
1290,1,0.9947879314422607
1291,1,0.9912320375442505
1292,1,0.9906097650527954
1293,1,0.9932467937469482
1294,1,0.99360591173172
1295,1,0.9845017790794373
1296,1,0.9922657012939453
1297,1,0.9918939471244812
1298,1,0.9948076009750366
1299,1,0.9601579308509827
1300,1,0.985703706741333
1301,1,0.9931642413139343
1302,1,0.9939299821853638
1303,1,0.9936853051185608
1304,1,0.9944949746131897
1305,1,0.9932975172996521
1306,1,0.9930435419082642
1307,1,0.9938395023345947
1308,1,0.9880067706108093
1309,1,0.9940559267997742
1310,1,0.9883662462234497
1311,1,0.9922704696655273
1312,1,0.9916992783546448
1313,1,0.9907318949699402
1314,1,0.9012026190757751
1315,1,0.9897693395614624
1316,1,0.992906391620636
1317,1,0.9936938285827637
1318,1,0.9904569983482361
1319,1,0.9945445656776428
1320,1,0.9926648139953613
1321,1,0.9955335259437561
1322,1,0.9940926432609558
1323,1,0.993833601474762
1324,1,0.9917973279953003
1325,1,0.995190441608429
1326,1,0.9942156672477722
1327,1,0.992054283618927
1328,1,0.9906224012374878
1329,1,0.9926841855049133
1330,1,0.9946421980857849
1331,1,0.9889482855796814
1332,1,0.9909513592720032
1333,1,0.9948092103004456
1334,1,0.9947510957717896
1335,1,0.9907109141349792
1336,1,0.9900501370429993
1337,1,0.9951752424240112
1338,1,0.9894703030586243
1339,1,0.9949499368667603
1340,1,0.9846338033676147
1341,1,0.9920580387115479
1342,1,0.9945821762084961
1343,1,0.9898399710655212
1344,1,0.9894779920578003
1345,1,0.9899843335151672
1346,1,0.9929186105728149
1347,1,0.9935297966003418
1348,1,0.9933536052703857
1349,1,0.993949294090271
1350,1,0.9894164204597473
1351,1,0.99314284324646
1352,1,0.9908556342124939
1353,1,0.9930229187011719
1354,1,0.9917346835136414
1355,1,0.9919858574867249
1356,1,0.9928255081176758
1357,1,0.9942030906677246
1358,1,0.9919480085372925
1359,1,0.992581307888031
1360,1,0.9933652877807617
1361,1,0.9948363900184631
1362,1,0.9863444566726685
1363,1,0.9948808550834656
1364,1,0.9925104975700378
1365,1,0.9936938285827637
1366,1,0.9902313351631165
1367,1,0.9921690225601196
1368,1,0.9888756275177002
1369,1,0.9910340309143066
1370,1,0.9847608804702759
1371,1,0.9903087019920349
1372,1,0.9943721890449524
1373,1,0.9950767755508423
1374,1,0.9954555630683899
1375,1,0.9951696991920471
1376,1,0.9919236898422241
1377,1,0.9909240007400513
1378,1,0.993118941783905
1379,1,0.9902467727661133
1380,1,0.9876502752304077
1381,1,0.9829068779945374
1382,1,0.9946733713150024
1383,1,0.9948062300682068
1384,1,0.9933769702911377
1385,1,0.9947599768638611
1386,1,0.9951359629631042
1387,1,0.9914531707763672
1388,1,0.9857169389724731
1389,1,0.9950296878814697
1390,1,0.9936047196388245
1391,1,0.9908814430236816
1392,1,0.9910587668418884
1393,1,0.9950527548789978
1394,1,0.9952232241630554
1395,1,0.9959811568260193
1396,1,0.9934863448143005
1397,1,0.9853003025054932
1398,1,0.9957608580589294
1399,1,0.9923029541969299
1400,1,0.9526309370994568
1401,1,0.9878678321838379
1402,1,0.9308266043663025
1403,1,0.9915453791618347
1404,1,0.9922327399253845
1405,1,0.9916893243789673
1406,1,0.9902679324150085
1407,1,0.9843149781227112
1408,1,0.9917015433311462
1409,1,0.9944506287574768
1410,1,0.9860713481903076
1411,1,0.9935105443000793
1412,1,0.9928436279296875
1413,1,0.9918485879898071
1414,1,0.9950197339057922
1415,1,0.9915603399276733
1416,1,0.9920687675476074
1417,1,0.9791035056114197
1418,1,0.9899711608886719
1419,1,0.9866021871566772
1420,1,0.984827995300293
1421,1,0.9857203960418701
1422,1,0.9566697478294373
1423,1,0.984564483165741
1424,1,0.9289737939834595
1425,1,0.9846355319023132
1426,1,0.9835832118988037
1427,1,0.9925944805145264
1428,1,0.9930850267410278
1429,1,0.9917982816696167
1430,1,0.9951102137565613
1431,1,0.9871159195899963
1432,1,0.9889168739318848
1433,1,0.9918022751808167
1434,1,0.9944188594818115
1435,1,0.99430912733078
1436,1,0.9906572699546814
1437,1,0.9926137328147888
1438,1,0.9707791209220886
1439,1,0.9666645526885986
1440,1,0.9832065105438232
1441,1,0.9911131858825684
1442,1,0.9892311692237854
1443,1,0.9903330206871033
1444,1,0.9924619197845459
1445,1,0.9927440285682678
1446,1,0.9904407262802124
1447,1,0.9868554472923279
1448,1,0.9273821115493774
1449,1,0.9866900444030762
1450,1,0.9879762530326843
1451,1,0.9929081201553345
1452,1,0.9879046678543091
1453,1,0.9892573356628418
1454,1,0.9887429475784302
1455,1,0.9857462048530579
1456,1,0.9861499667167664
1457,1,0.9892457723617554
1458,1,0.9940500259399414
1459,1,0.9941186308860779
1460,1,0.9786917567253113
1461,1,0.9924904704093933
1462,1,0.9927883148193359
1463,1,0.9937463998794556
1464,1,0.9943715929985046
1465,1,0.9886831045150757
1466,1,0.9696664810180664
1467,1,0.9918798208236694
1468,1,0.9918715953826904
1469,1,0.9924284815788269
1470,1,0.9787729382514954
1471,1,0.9953275322914124
1472,1,0.9880134463310242
1473,1,0.987468421459198
1474,1,0.9916754961013794
1475,1,0.9928004145622253
1476,1,0.99158775806427
1477,1,0.9800722599029541
1478,1,0.9927524924278259
1479,1,0.9703893661499023
1480,1,0.989570140838623
1481,1,0.990714430809021
1482,1,0.993607759475708
1483,1,0.9872719049453735
1484,1,0.9933591485023499
1485,1,0.9947333335876465
1486,1,0.992249071598053
1487,1,0.9787234663963318
1488,1,0.9921184182167053
1489,1,0.991274356842041
1490,1,0.9938216209411621
1491,1,0.9912009239196777
1492,1,0.9919167160987854
1493,1,0.9938580989837646
1494,1,0.9855994582176208
1495,1,0.9916252493858337
1496,1,0.9823978543281555
1497,1,0.9774371385574341
1498,1,0.988355815410614
1499,1,0.9937601685523987
1500,1,0.9895613789558411
1501,1,0.9929760098457336
1502,1,0.9924511909484863
1503,1,0.9876373410224915
1504,1,0.9704598784446716
1505,1,0.9852874279022217
1506,1,0.9836047887802124
1507,1,0.9909047484397888
1508,1,0.9813508987426758
1509,1,0.9906280040740967
1510,1,0.9913557171821594
1511,1,0.9912533164024353
1512,1,0.9844346046447754
1513,1,0.9948748350143433
1514,1,0.9948775172233582
1515,1,0.9937469363212585
1516,1,0.9910426735877991
1517,1,0.983777642250061
1518,1,0.9944496750831604
1519,1,0.9927119612693787
1520,1,0.992020845413208
1521,1,0.985599160194397
1522,1,0.9871265292167664
1523,1,0.989832878112793
1524,1,0.9896636009216309
1525,1,0.9896397590637207
1526,1,0.98533695936203
1527,1,0.9935682415962219
1528,1,0.991813600063324
1529,1,0.9878705739974976
1530,1,0.991471529006958
1531,1,0.9888483285903931
1532,1,0.9881711006164551
1533,1,0.9835477471351624
1534,1,0.9915419220924377
1535,1,0.9925780892372131
1536,1,0.9904980659484863
1537,1,0.9911138415336609
1538,1,0.9822556972503662
1539,1,0.9813511967658997
1540,1,0.9903640747070312
1541,1,0.9889937043190002
1542,1,0.9898630380630493
1543,1,0.9893674254417419
1544,1,0.9864815473556519
1545,1,0.9913687109947205
1546,1,0.988148033618927
1547,1,0.9877697825431824
1548,1,0.9884549975395203
1549,1,0.9828037023544312
1550,1,0.9904904365539551
1551,1,0.9903382658958435
1552,1,0.9845795035362244
1553,1,0.9890906810760498
1554,1,0.983506441116333
1555,1,0.9851875305175781
1556,1,0.9885966777801514
1557,1,0.9881414175033569
1558,1,0.9849534034729004
1559,1,0.9844084978103638
1560,1,0.9919432997703552
1561,1,0.9940418004989624
1562,1,0.985593855381012
1563,1,0.9799423217773438
1564,1,0.9868189096450806
1565,1,0.9944980144500732
1566,1,0.9833117723464966
1567,1,0.98438960313797
1568,1,0.9905676245689392
1569,1,0.9874762296676636
1570,1,0.9919568300247192
1571,1,0.9933090806007385
1572,1,0.990268886089325
1573,1,0.9877119064331055
1574,1,0.9939965605735779
1575,1,0.9926859736442566
1576,1,0.9844783544540405
1577,1,0.9922758936882019
1578,1,0.9888357520103455
1579,1,0.9941818714141846
1580,1,0.9890956282615662
1581,1,0.9903261065483093
1582,1,0.8091197609901428
1583,1,0.9875689744949341
1584,1,0.9864535331726074
1585,1,0.9873753786087036
1586,1,0.9893105626106262
1587,1,0.9894380569458008
1588,1,0.986721932888031
1589,1,0.9923086762428284
1590,1,0.9944424033164978
1591,1,0.991360068321228
1592,1,0.9887760877609253
1593,1,0.9873704314231873
1594,1,0.9912615418434143
1595,1,0.9883294701576233
1596,1,0.9847771525382996
1597,1,0.993431806564331
1598,1,0.9889726042747498
1599,1,0.9900447726249695
1600,1,0.9882597923278809
1601,1,0.9929434061050415
1602,1,0.9919897317886353
1603,1,0.9941717982292175
1604,1,0.9894562363624573
1605,1,0.9918293952941895
1606,1,0.9853331446647644
1607,1,0.9917834401130676
1608,1,0.9932277798652649
1609,1,0.982781708240509
1610,1,0.9667641520500183
1611,1,0.9907253980636597
1612,1,0.9921137690544128
1613,1,0.9883313179016113
1614,1,0.9916112422943115
1615,1,0.9917019605636597
1616,1,0.9892045259475708
1617,1,0.9880687594413757
1618,1,0.988067090511322
1619,1,0.9939008355140686
1620,1,0.9731316566467285
1621,1,0.9631518721580505
1622,1,0.9863195419311523
1623,1,0.9881312847137451
1624,1,0.9870514869689941
1625,1,0.9869263768196106
1626,1,0.9796012043952942
1627,1,0.9741352796554565
1628,1,0.9830800294876099
1629,1,0.9835371971130371
1630,1,0.993567168712616
1631,1,0.9896866679191589
1632,1,0.9842236042022705
1633,1,0.9899803400039673
1634,1,0.9813998937606812
1635,1,0.9442718625068665
1636,1,0.9838979840278625
1637,1,0.9912151098251343
1638,1,0.9370230436325073
1639,1,0.972674548625946
1640,1,0.9813503623008728
1641,1,0.9848105311393738
1642,1,0.9840431809425354
1643,1,0.9728580117225647
1644,1,0.991502583026886
1645,1,0.9808821678161621
1646,1,0.9867788553237915
1647,1,0.9924430251121521
1648,1,0.978295087814331
1649,1,0.98000168800354
1650,1,0.9513798952102661
1651,1,0.9532732963562012
1652,1,0.9244909286499023
1653,1,0.9335047602653503
1654,1,0.9439989328384399
1655,1,0.9518760442733765
1656,1,0.9299437999725342
1657,1,0.9775769114494324
1658,1,0.9392454624176025
1659,1,0.8567843437194824
1660,1,0.9624847769737244
1661,1,0.864093005657196
1662,1,0.7153819799423218
1663,1,0.9627089500427246
1664,1,0.7290719747543335
1665,1,0.6010870933532715
1666,1,0.9830890893936157
1667,1,0.9792519211769104
1668,1,0.9619206786155701
1669,1,0.9847237467765808
1670,1,0.9892649054527283
1671,1,0.9849271178245544
1672,1,0.9914838075637817
1673,1,0.9237167835235596
1674,1,0.7915694117546082
1675,1,0.8367893695831299
1676,1,0.9864347577095032
1677,1,0.990130603313446
1678,1,0.9891159534454346
1679,1,0.7700799703598022
1680,1,0.9673475027084351
1681,1,0.9896581172943115
1682,1,0.9392600059509277
1683,1,0.927679181098938
1684,1,0.9748285412788391
1685,1,0.9765858054161072
1686,1,0.940631091594696
1687,1,0.9601422548294067
1688,1,0.9883652329444885
1689,1,0.9880979657173157
1690,1,0.9809147715568542
1691,1,0.9504700899124146
1692,1,0.9588505029678345
1693,1,0.9853217005729675
1694,1,0.9677599668502808
1695,1,0.9860265851020813
1696,1,0.9831938743591309
1697,1,0.9777315855026245
1698,1,0.9873477816581726
1699,1,0.9917161464691162
1700,1,0.9889788031578064
1701,1,0.9745999574661255
1702,1,0.9884871244430542
1703,1,0.9888142943382263
1704,1,0.5050298571586609
1705,1,0.949106752872467
1706,1,0.9919657111167908
1707,1,0.9913071393966675
1708,1,0.9800448417663574
1709,1,0.9885309338569641
1710,1,0.9887642860412598
1711,1,0.9805577397346497
1712,1,0.9895774722099304
1713,1,0.9910496473312378
1714,1,0.9866318106651306
1715,1,0.9340556263923645
1716,1,0.9714664220809937
1717,1,0.9871854782104492
1718,1,0.9610753059387207
1719,1,0.9901336431503296
1720,1,0.9591642618179321
1721,1,0.9534878134727478
1722,1,0.9683564901351929
1723,1,0.9757214784622192
1724,1,0.9824937582015991
1725,1,0.9474850296974182
1726,1,0.9841059446334839
1727,1,0.9753198027610779
1728,1,0.9898924827575684
1729,1,0.9785594940185547
1730,1,0.9722278714179993
1731,1,0.8849931955337524
1732,1,0.9877276420593262
1733,1,0.9770774245262146
1734,1,0.9737297296524048
1735,1,0.9833176732063293
1736,1,0.9852951765060425
1737,1,0.9744481444358826
1738,1,0.9888535141944885
1739,1,0.9336821436882019
1740,1,0.9843643307685852
1741,1,0.9821161031723022
1742,1,0.977433443069458
1743,1,0.9240368604660034
1744,1,0.9907843470573425
1745,1,0.9669790863990784
1746,1,0.9901669025421143
1747,1,0.9905536770820618
1748,1,0.8828153014183044
1749,1,0.9874593615531921
1750,1,0.9807823300361633
1751,1,0.9884342551231384
1752,1,0.9552543759346008
1753,1,0.9760091304779053
1754,1,0.9758095741271973
1755,1,0.986047625541687
1756,1,0.9923626184463501
1757,1,0.7349960207939148
1758,1,0.9790902137756348
1759,1,0.9854703545570374
1760,1,0.9627758860588074
1761,1,0.9112856984138489
1762,1,0.9737831354141235
1763,1,0.9205129742622375
1764,1,0.9711959362030029
1765,1,0.9786192178726196
1766,1,0.9765885472297668
1767,1,0.9446539878845215
1768,1,0.9890894889831543
1769,1,0.990865170955658
1770,1,0.951427161693573
1771,1,0.9608161449432373
1772,1,0.9122427701950073
1773,1,0.8883255124092102
1774,1,0.9574369788169861
1775,1,0.9838170409202576
1776,1,0.9758562445640564
1777,1,0.7860415577888489
1778,1,0.978243350982666
1779,1,0.9806573390960693
1780,1,0.8251497149467468
1781,1,0.9872601628303528
1782,1,0.9753175973892212
1783,1,0.9689847826957703
1784,1,0.9604090452194214
1785,1,0.9415411353111267
1786,1,0.9638261198997498
1787,1,0.9884411096572876
1788,1,0.990143895149231
1789,1,0.9900537729263306
1790,1,0.9655164480209351
1791,1,0.972841739654541
1792,1,0.9858545064926147
1793,1,0.9818944334983826
1794,1,0.9819338917732239
1795,1,0.9886607527732849
1796,1,0.9743159413337708
1797,1,0.8729013204574585
1798,1,0.9475598931312561
1799,1,0.9468957185745239
1800,1,0.993789553642273
1801,1,0.7917779088020325
1802,1,0.9561809301376343
1803,1,0.9726168513298035
1804,1,0.9532192349433899
1805,1,0.9555470943450928
1806,1,0.960612416267395
1807,1,0.9258111715316772
1808,1,0.9851827025413513
1809,1,0.9124454855918884
1810,1,0.9581398963928223
1811,1,0.6017941832542419
1812,1,0.9523335099220276
1813,1,0.5744138956069946
1814,1,0.9651931524276733
1815,1,0.9244552850723267
1816,1,0.9717949628829956
1817,1,0.9932605624198914
1818,1,0.9370365738868713
1819,1,0.7982335090637207
1820,1,0.8944956660270691
1821,1,0.9301677346229553
1822,1,0.9666720032691956
1823,1,0.8824608325958252
1824,1,0.9711679816246033
1825,1,0.9764994978904724
1826,1,0.9411047101020813
1827,1,0.913419246673584
1828,1,0.9726468920707703
1829,1,0.981165885925293
1830,1,0.9003182053565979
1831,1,0.931567370891571
1832,1,0.8922523856163025
1833,1,0.9696395397186279
1834,1,0.8678271174430847
1835,1,0.8103019595146179
1836,1,0.9835996627807617
1837,1,0.8801392912864685
1838,1,0.9724556803703308
1839,1,0.9670252203941345
1840,1,0.8688713908195496
1841,1,0.9288649559020996
1842,1,0.9796933531761169
1843,1,0.9844412207603455
1844,1,0.9771515130996704
1845,1,0.8551999926567078
1846,1,0.8815551996231079
1847,1,0.9637848734855652
1848,1,0.8406816720962524
1849,1,0.9801183938980103
1850,1,0.9838168025016785
1851,1,0.937839925289154
1852,1,0.9875776171684265
1853,1,0.5613101720809937
1854,1,0.853812038898468
1855,1,0.9665662050247192
1856,1,0.952754557132721
1857,1,0.9782394766807556
1858,1,0.9539344310760498
1859,1,0.9400351047515869
1860,1,0.7322928309440613
1861,1,0.8592167496681213
1862,1,0.9761281609535217
1863,1,0.9026092290878296
1864,1,0.8890016674995422
1865,1,0.9759198427200317
1866,1,0.9408857822418213
1867,1,0.9796165227890015
1868,1,0.8998539447784424
1869,1,0.9827229976654053
1870,1,0.8950658440589905
1871,1,0.761928915977478
1872,1,0.8952452540397644
1873,1,0.9453542232513428
1874,1,0.9503133893013
1875,1,0.6382463574409485
1876,1,0.8924611210823059
1877,1,0.9187433123588562
1878,1,0.8945736885070801
1879,1,0.6273971796035767
1880,1,0.8696696758270264
1881,1,0.8700242042541504
1882,1,0.9407091736793518
1883,1,0.6730348467826843
1884,1,0.8720605373382568
1885,1,0.944979190826416
1886,1,0.9612162709236145
1887,1,0.4051223397254944
1888,1,0.913765549659729
1889,1,0.9521281719207764
1890,1,0.9433256387710571
1891,1,0.9632301926612854
1892,1,0.9473624229431152
1893,1,0.7040519714355469
1894,1,0.7978707551956177
1895,1,0.8764764666557312
1896,1,0.8074842095375061
1897,1,0.9588583111763
1898,1,0.5836929678916931
1899,1,0.953376829624176
1900,1,0.7068295478820801
1901,1,0.8262171149253845
1902,1,0.8835000395774841
1903,1,0.9123421311378479
1904,1,0.44680550694465637
1905,1,0.9126213192939758
1906,1,0.7247236967086792
1907,1,0.737091600894928
1908,1,0.963220477104187
1909,1,0.6390636563301086
1910,1,0.7725947499275208
1911,1,0.9024526476860046
1912,1,0.8262302279472351
1913,1,0.6004718542098999
1914,1,0.22009770572185516
1915,1,0.6521139144897461
1916,1,0.9523281455039978
1917,1,0.6296156048774719
1918,1,0.8204371929168701
1919,1,0.8918163776397705
1920,1,0.2969587743282318
1921,1,0.9105755686759949
1922,1,0.8430043458938599
1923,1,0.7184837460517883
1924,1,0.8568734526634216
1925,1,0.7727053165435791
1926,1,0.9634407758712769
1927,1,0.9183925986289978
1928,1,0.9673760533332825
1929,1,0.5325703024864197
1930,1,0.2743549942970276
1931,1,0.8732351064682007
1932,1,0.9442845582962036
1933,1,0.9075224995613098
1934,1,0.7455400228500366
1935,1,0.8602471947669983
1936,1,0.37482523918151855
1937,1,0.6448599100112915
1938,1,0.5507405400276184
1939,1,0.9048609733581543
1940,1,0.867401123046875
1941,1,0.6959235072135925
1942,1,0.7451822757720947
1943,1,0.9256388545036316
1944,1,0.9786903262138367
1945,1,0.9322365522384644
1946,1,0.6610531806945801
1947,1,0.9782509207725525
1948,1,0.8100627660751343
1949,1,0.5749723315238953
1950,1,0.3164147436618805
1951,1,0.44227126240730286
1952,1,0.8962207436561584
1953,1,0.8922722339630127
1954,1,0.9114700555801392
1955,1,0.6282399296760559
1956,1,0.1596447080373764
1957,1,0.7579310536384583
1958,1,0.889091968536377
1959,1,0.9688889384269714
1960,1,0.9686238169670105
1961,1,0.9201614856719971
1962,1,0.955282986164093
1963,1,0.9683955907821655
1964,1,0.7564185857772827
1965,1,0.9382959008216858
1966,1,0.9373812675476074
1967,1,0.3537196218967438
1968,1,0.8848339915275574
1969,1,0.9052112698554993
1970,1,0.48889902234077454
1971,1,0.8572124242782593
1972,1,0.8550931811332703
1973,1,0.543854296207428
1974,1,0.817523181438446
1975,1,0.8295701742172241
1976,1,0.7799275517463684
1977,1,0.7218283414840698
1978,1,0.9031289219856262
1979,1,0.6569133400917053
1980,1,0.9742777347564697
1981,1,0.8832887411117554
1982,1,0.12005946785211563
1983,1,0.9515969157218933
1984,1,0.9112626314163208
1985,1,0.2828730046749115
1986,1,0.16428916156291962
1987,1,0.9503629207611084
1988,1,0.876157283782959
1989,1,0.504980206489563
1990,1,0.7223979830741882
1991,0,0.16636213660240173
1992,0,0.35728389024734497
1993,0,0.30385512113571167
1994,0,0.24155715107917786
1995,0,0.6031007766723633
1996,0,0.15103007853031158
1997,0,0.09090026468038559
1998,0,0.2705569565296173
1999,0,0.051023758947849274
2000,0,0.046144865453243256
2001,0,0.683488667011261
2002,0,0.6930924654006958
2003,0,0.6232296228408813
2004,0,0.0692303329706192
2005,0,0.05877743661403656
2006,0,0.14284926652908325
2007,0,0.025728385895490646
2008,0,0.1525568962097168
2009,0,0.5096197724342346
2010,0,0.10080557316541672
2011,0,0.10719285905361176
2012,0,0.09825518727302551
2013,0,0.10184787958860397
2014,0,0.7988629341125488
2015,0,0.2269195318222046
2016,0,0.742235004901886
2017,0,0.09322803467512131
2018,0,0.1310461014509201
2019,0,0.6862353682518005
2020,0,0.868696391582489
2021,0,0.06785837560892105
2022,0,0.7380235195159912
2023,0,0.23720203340053558
2024,0,0.7685498595237732
2025,0,0.4126881957054138
2026,0,0.5569235682487488
2027,0,0.871732234954834
2028,0,0.03279462456703186
2029,0,0.1174190491437912
2030,0,0.013304181396961212
2031,0,0.0684279128909111
2032,0,0.3588569760322571
2033,0,0.15195119380950928
2034,0,0.11493998020887375
2035,0,0.2637363374233246
2036,0,0.07347982376813889
2037,0,0.1656150072813034
2038,0,0.6953840255737305
2039,0,0.0353524349629879
2040,0,0.2696492075920105
2041,0,0.2905347943305969
2042,0,0.1011207178235054
2043,0,0.9592376947402954
2044,0,0.6258164644241333
2045,0,0.09613365679979324
2046,0,0.01183992438018322
2047,0,0.3385835886001587
2048,0,0.6682437658309937
2049,0,0.11784780770540237
2050,0,0.030122118070721626
2051,0,0.06168662756681442
2052,0,0.714570164680481
2053,0,0.1037641167640686
2054,0,0.026001714169979095
2055,0,0.04089753329753876
2056,0,0.2435435801744461
2057,0,0.24882741272449493
2058,0,0.0373038575053215
2059,0,0.12706904113292694
2060,0,0.7835180163383484
2061,0,0.4201028048992157
2062,0,0.05160807818174362
2063,0,0.13295912742614746
2064,0,0.5808206796646118
2065,0,0.03651309385895729
2066,0,0.06757312268018723
2067,0,0.30027374625205994
2068,0,0.5610413551330566
2069,0,0.20949022471904755
2070,0,0.1564205139875412
2071,0,0.07273778319358826
2072,0,0.0715467631816864
2073,0,0.4036233723163605
2074,0,0.03212325647473335
2075,0,0.09107620269060135
2076,0,0.02683417685329914
2077,0,0.3426782786846161
2078,0,0.38902491331100464
2079,0,0.47823604941368103
2080,0,0.11482403427362442
2081,0,0.06354079395532608
2082,0,0.033171579241752625
2083,0,0.24688449501991272
2084,0,0.07294861972332001
2085,0,0.021897565573453903
2086,0,0.029513129964470863
2087,0,0.8967084884643555
2088,0,0.42431849241256714
2089,0,0.027392124757170677
2090,0,0.2157873511314392
2091,0,0.023900579661130905
2092,0,0.010104255750775337
2093,0,0.044437896460294724
2094,0,0.2987096309661865
2095,0,0.11746229231357574
2096,0,0.23961631953716278
2097,0,0.1861758828163147
2098,0,0.1178707480430603
2099,0,0.6509530544281006
2100,0,0.02222248911857605
2101,0,0.12761427462100983
2102,0,0.2820453345775604
2103,0,0.05075715854763985
2104,0,0.04572812095284462
2105,0,0.016815287992358208
2106,0,0.026813138276338577
2107,0,0.010013212449848652
2108,0,0.6353518962860107
2109,0,0.46992558240890503
2110,0,0.14746494591236115
2111,0,0.08141273260116577
2112,0,0.08047585934400558
2113,0,0.009710938669741154
2114,0,0.6574754118919373
2115,0,0.28947997093200684
2116,0,0.8809449076652527
2117,0,0.03409985452890396
2118,0,0.007193300873041153
2119,0,0.25197792053222656
2120,0,0.014386041089892387
2121,0,0.024159802123904228
2122,0,0.019309503957629204
2123,0,0.014031504280865192
2124,0,0.2895476818084717
2125,0,0.8407435417175293
2126,0,0.2677845358848572
2127,0,0.017315568402409554
2128,0,0.8430193066596985
2129,0,0.16692839562892914
2130,0,0.016901304945349693
2131,0,0.2512829303741455
2132,0,0.4628295600414276
2133,0,0.03912843391299248
2134,0,0.5167962312698364
2135,0,0.18846724927425385
2136,0,0.37430283427238464
2137,0,0.2905346155166626
2138,0,0.3530871570110321
2139,0,0.0130041828379035
2140,0,0.020505163818597794
2141,0,0.9185652732849121
2142,0,0.060623686760663986
2143,0,0.12468034774065018
2144,0,0.022725004702806473
2145,0,0.13661091029644012
2146,0,0.31992167234420776
2147,0,0.39813417196273804
2148,0,0.10509711503982544
2149,0,0.18514423072338104
2150,0,0.03481622785329819
2151,0,0.01918628253042698
2152,0,0.024607015773653984
2153,0,0.020298516377806664
2154,0,0.0771574005484581
2155,0,0.32825878262519836
2156,0,0.08762984722852707
2157,0,0.03893187269568443
2158,0,0.04174157977104187
2159,0,0.08634060621261597
2160,0,0.09237092733383179
2161,0,0.8275840282440186
2162,0,0.05630502849817276
2163,0,0.037616610527038574
2164,0,0.06052689626812935
2165,0,0.15761233866214752
2166,0,0.023636681959033012
2167,0,0.04325694963335991
2168,0,0.03896017745137215
2169,0,0.030433814972639084
2170,0,0.022654281929135323
2171,0,0.012289871461689472
2172,0,0.06771744042634964
2173,0,0.04328637570142746
2174,0,0.008124400861561298
2175,0,0.03632695600390434
2176,0,0.07760818302631378
2177,0,0.005811536684632301
2178,0,0.21056011319160461
2179,0,0.012179598212242126
2180,0,0.024127647280693054
2181,0,0.015841368585824966
2182,0,0.02148534171283245
2183,0,0.03085818886756897
2184,0,0.054620202630758286
2185,0,0.02708599902689457
2186,0,0.010877509601414204
2187,0,0.06480100005865097
2188,0,0.0296943299472332
2189,0,0.23032592236995697
2190,0,0.03291517123579979
2191,0,0.016489297151565552
2192,0,0.05077701061964035
2193,0,0.031122099608182907
2194,0,0.011499229818582535
2195,0,0.013950088992714882
2196,0,0.05340488627552986
2197,0,0.03605828434228897
2198,0,0.010765726678073406
2199,0,0.5229928493499756
2200,0,0.01250704936683178
2201,0,0.01778724603354931
2202,0,0.028723204508423805
2203,0,0.042948056012392044
2204,0,0.020384425297379494
2205,0,0.11677857488393784
2206,0,0.05270249769091606
2207,0,0.11723992228507996
2208,0,0.0653613954782486
2209,0,0.029160581529140472
2210,0,0.010862329043447971
2211,0,0.07755088806152344
2212,0,0.012752145528793335
2213,0,0.10223612934350967
2214,0,0.058909133076667786
2215,0,0.013936477713286877
2216,0,0.007301229052245617
2217,0,0.046456530690193176
2218,0,0.03820363059639931
2219,0,0.012206119485199451
2220,0,0.014411544427275658
2221,0,0.11116577684879303
2222,0,0.01999545656144619
2223,0,0.14313985407352448
2224,0,0.058964818716049194
2225,0,0.023784900084137917
2226,0,0.006501109339296818
2227,0,0.01132043357938528
2228,0,0.045466408133506775
2229,0,0.13409459590911865
2230,0,0.05250350013375282
2231,0,0.06723769754171371
2232,0,0.028668997809290886
2233,0,0.015197081491351128
2234,0,0.011732148937880993
2235,0,0.012553300708532333
2236,0,0.008482246659696102
2237,0,0.07553425431251526
2238,0,0.11426429450511932
2239,0,0.07117799669504166
2240,0,0.02579834870994091
2241,0,0.04071982577443123
2242,0,0.00858258455991745
2243,0,0.0436711311340332
2244,0,0.16368518769741058
2245,0,0.026071060448884964
2246,0,0.14103436470031738
2247,0,0.10123609751462936
2248,0,0.01412195060402155
2249,0,0.010493962094187737
2250,0,0.18100710213184357
2251,0,0.6943343877792358
2252,0,0.013609386049211025
2253,0,0.009192326106131077
2254,0,0.03307962790131569
2255,0,0.01684514246881008
2256,0,0.01954657770693302
2257,0,0.0467083640396595
2258,0,0.013042531907558441
2259,0,0.023679133504629135
2260,0,0.031016755849123
2261,0,0.10753477364778519
2262,0,0.025608109310269356
2263,0,0.013159974478185177
2264,0,0.01422507967799902
2265,0,0.03828808665275574
2266,0,0.0367853008210659
2267,0,0.014574763365089893
2268,0,0.016009319573640823
2269,0,0.007759599946439266
2270,0,0.3958260416984558
2271,0,0.033585820347070694
2272,0,0.008979384787380695
2273,0,0.013297497294843197
2274,0,0.013422098010778427
2275,0,0.10206467658281326
2276,0,0.022781899198889732
2277,0,0.06418526917695999
2278,0,0.01617756485939026
2279,0,0.13710950314998627
2280,0,0.0302134919911623
2281,0,0.008562879636883736
2282,0,0.021004846319556236
2283,0,0.038917914032936096
2284,0,0.04371654987335205
2285,0,0.010985922068357468
2286,0,0.18534523248672485
2287,0,0.006354920100420713
2288,0,0.14623476564884186
2289,0,0.03494489565491676
2290,0,0.03676683083176613
2291,0,0.04807201772928238
2292,0,0.02411065623164177
2293,0,0.010282452218234539
2294,0,0.022041216492652893
2295,0,0.22777342796325684
2296,0,0.046511776745319366
2297,0,0.025035830214619637
2298,0,0.6166202425956726
2299,0,0.006911286152899265
2300,0,0.024743961170315742
2301,0,0.031844284385442734
2302,0,0.010500989854335785
2303,0,0.046785518527030945
2304,0,0.025996098294854164
2305,0,0.01615084335207939
2306,0,0.024511130526661873
2307,0,0.033421821892261505
2308,0,0.011047772131860256
2309,0,0.09796587377786636
2310,0,0.21380047500133514
2311,0,0.010077330283820629
2312,0,0.02423226274549961
2313,0,0.020272431895136833
2314,0,0.01452400628477335
2315,0,0.009674602188169956
2316,0,0.011760467663407326
2317,0,0.008955666795372963
2318,0,0.024760544300079346
2319,0,0.038641199469566345
2320,0,0.013443606905639172
2321,0,0.012373629957437515
2322,0,0.025895889848470688
2323,0,0.3381116986274719
2324,0,0.008884268812835217
2325,0,0.05934029072523117
2326,0,0.0363910086452961
2327,0,0.012918301858007908
2328,0,0.012128131464123726
2329,0,0.055576834827661514
2330,0,0.004716907627880573
2331,0,0.031723860651254654
2332,0,0.029836881905794144
2333,0,0.011054089292883873
2334,0,0.014472567476332188
2335,0,0.02696050889790058
2336,0,0.0240488238632679
2337,0,0.012407560832798481
2338,0,0.09568867832422256
2339,0,0.09969495981931686
2340,0,0.01475394144654274
2341,0,0.03913973644375801
2342,0,0.017733490094542503
2343,0,0.016536984592676163
2344,0,0.015681369230151176
2345,0,0.016228148713707924
2346,0,0.014479669742286205
2347,0,0.009786010719835758
2348,0,0.007927900180220604
2349,0,0.04266130179166794
2350,0,0.019035913050174713
2351,0,0.012489170767366886
2352,0,0.005308676511049271
2353,0,0.03538835048675537
2354,0,0.009090657345950603
2355,0,0.046517807990312576
2356,0,0.016813581809401512
2357,0,0.009170077741146088
2358,0,0.08213888853788376
2359,0,0.010469229891896248
2360,0,0.1585138887166977
2361,0,0.007360580377280712
2362,0,0.011686905287206173
2363,0,0.009441537782549858
2364,0,0.027160916477441788
2365,0,0.011106348596513271
2366,0,0.01142351794987917
2367,0,0.19485902786254883
2368,0,0.008610588498413563
2369,0,0.03010823018848896
2370,0,0.007546552456915379
2371,0,0.010074225254356861
2372,0,0.0068793161772191525
2373,0,0.023659810423851013
2374,0,0.010256081819534302
2375,0,0.015332430601119995
2376,0,0.03234304115176201
2377,0,0.02717249095439911
2378,0,0.02258317545056343
2379,0,0.0552498884499073
2380,0,0.007428527809679508
2381,0,0.33562448620796204
2382,0,0.004547868389636278
2383,0,0.006150776520371437
2384,0,0.01648789830505848
2385,0,0.008052962832152843
2386,0,0.006548196077346802
2387,0,0.010261911898851395
2388,0,0.032414328306913376
2389,0,0.016537224873900414
2390,0,0.019874662160873413
2391,0,0.01729109138250351
2392,0,0.02993464656174183
2393,0,0.06171613931655884
2394,0,0.019505038857460022
2395,0,0.014285136014223099
2396,0,0.014640248380601406
2397,0,0.012094344943761826
2398,0,0.016255486756563187
2399,0,0.024105362594127655
2400,0,0.013661975041031837
2401,0,0.010132740251719952
2402,0,0.010091797448694706
2403,0,0.020415078848600388
2404,0,0.008748108521103859
2405,0,0.059764157980680466
2406,0,0.04368912801146507
2407,0,0.044984396547079086
2408,0,0.009600874036550522
2409,0,0.02061309665441513
2410,0,0.016262363642454147
2411,0,0.017253607511520386
2412,0,0.010346953757107258
2413,0,0.011144991032779217
2414,0,0.011015133932232857
2415,0,0.007256574463099241
2416,0,0.010361958295106888
2417,0,0.016978321596980095
2418,0,0.014033904299139977
2419,0,0.019741933792829514
2420,0,0.012651035562157631
2421,0,0.03195718303322792
2422,0,0.0063357604667544365
2423,0,0.009799618273973465
2424,0,0.009953864850103855
2425,0,0.09239567816257477
2426,0,0.009697090834379196
2427,0,0.011351974681019783
2428,0,0.016093440353870392
2429,0,0.007963968440890312
2430,0,0.022706398740410805
2431,0,0.01857236959040165
2432,0,0.01009377371519804
2433,0,0.01039798092097044
2434,0,0.02073192596435547
2435,0,0.021038608625531197
2436,0,0.022974176332354546
2437,0,0.018007133156061172
2438,0,0.013691164553165436
2439,0,0.02214542217552662
2440,0,0.012641038745641708
2441,0,0.016407925635576248
2442,0,0.011870535090565681
2443,0,0.024670269340276718
2444,0,0.007587248459458351
2445,0,0.02482369728386402
2446,0,0.014573796652257442
2447,0,0.016296187415719032
2448,0,0.010892419144511223
2449,0,0.005099128931760788
2450,0,0.010230692103505135
2451,0,0.006504381075501442
2452,0,0.019123263657093048
2453,0,0.010386236011981964
2454,0,0.011831219308078289
2455,0,0.028719155117869377
2456,0,0.02538435161113739
2457,0,0.19649922847747803
2458,0,0.014696057885885239
2459,0,0.031756091862916946
2460,0,0.009916234761476517
2461,0,0.032918643206357956
2462,0,0.01024696696549654
2463,0,0.013214575126767159
2464,0,0.03654368594288826
2465,0,0.01580335758626461
2466,0,0.044458720833063126
2467,0,0.33420875668525696
2468,0,0.011840767227113247
2469,0,0.008957757614552975
2470,0,0.01924232579767704
2471,0,0.018438056111335754
2472,0,0.009386127814650536
2473,0,0.021921778097748756
2474,0,0.011609064415097237
2475,0,0.013598431833088398
2476,0,0.008304264396429062
2477,0,0.006109181325882673
2478,0,0.009011265821754932
2479,0,0.0075021591037511826
2480,0,0.016143955290317535
2481,0,0.009027477353811264
2482,0,0.019040770828723907
2483,0,0.019244063645601273
2484,0,0.09816307574510574
2485,0,0.024847742170095444
2486,0,0.00776966568082571
2487,0,0.012861896306276321
2488,0,0.010489655658602715
2489,0,0.005325864069163799
2490,0,0.09468767791986465
2491,0,0.030922723934054375
2492,0,0.029171127825975418
2493,0,0.00653903279453516
2494,0,0.02028568461537361
2495,0,0.008749336004257202
2496,0,0.027424879372119904
2497,0,0.05338070169091225
2498,0,0.03437969088554382
2499,0,0.05593979358673096
2500,0,0.011763138696551323
2501,0,0.012890446931123734
2502,0,0.01591876521706581
2503,0,0.0074484683573246
2504,0,0.00722831767052412
2505,0,0.020923204720020294
2506,0,0.012450416572391987
2507,0,0.014053707011044025
2508,0,0.0154653899371624
2509,0,0.004620237275958061
2510,0,0.006896548438817263
2511,0,0.025005610659718513
2512,0,0.01327190175652504
2513,0,0.01922023855149746
2514,0,0.01268772967159748
2515,0,0.04815462604165077
2516,0,0.009305774234235287
2517,0,0.021263958886265755
2518,0,0.019609767943620682
2519,0,0.009435571730136871
2520,0,0.008898956701159477
2521,0,0.006115015596151352
2522,0,0.008915132842957973
2523,0,0.011347753927111626
2524,0,0.008713703602552414
2525,0,0.009787281975150108
2526,0,0.006600187160074711
2527,0,0.009058457799255848
2528,0,0.00979737937450409
2529,0,0.006202523596584797
2530,0,0.011965270154178143
2531,0,0.016857752576470375
2532,0,0.006767868995666504
2533,0,0.015655864030122757
2534,0,0.008746124804019928
2535,0,0.008193484507501125
2536,0,0.008046825416386127
2537,0,0.010179603472352028
2538,0,0.01571250520646572
2539,0,0.010498464107513428
2540,0,0.003949193749576807
2541,0,0.017690002918243408
2542,0,0.009435104206204414
2543,0,0.012703969143331051
2544,0,0.00715952692553401
2545,0,0.008876299485564232
2546,0,0.010218131355941296
2547,0,0.004397819750010967
2548,0,0.02024214155972004
2549,0,0.009585986845195293
2550,0,0.00830947794020176
2551,0,0.00791903492063284
2552,0,0.021239278838038445
2553,0,0.017790842801332474
2554,0,0.007626816630363464
2555,0,0.014143681153655052
2556,0,0.10193543136119843
2557,0,0.0050445240922272205
2558,0,0.009073796682059765
2559,0,0.011274166405200958
2560,0,0.010755630210042
2561,0,0.014601283706724644
2562,0,0.01308955904096365
2563,0,0.008758150041103363
2564,0,0.03002363070845604
2565,0,0.01803642511367798
2566,0,0.013771881349384785
2567,0,0.01939348131418228
2568,0,0.0075192516669631
2569,0,0.017981721088290215
2570,0,0.010466097854077816
2571,0,0.009004837833344936
2572,0,0.01158125326037407
2573,0,0.006147145293653011
2574,0,0.009220258332788944
2575,0,0.007174327038228512
2576,0,0.012433729134500027
2577,0,0.017947886139154434
2578,0,0.019708484411239624
2579,0,0.007261894177645445
2580,0,0.006662184838205576
2581,0,0.011825679801404476
2582,0,0.00961286574602127
2583,0,0.011945904232561588
2584,0,0.010710564441978931
2585,0,0.00590671319514513
2586,0,0.0629148930311203
2587,0,0.014050825498998165
2588,0,0.010513450019061565
2589,0,0.00905577652156353
2590,0,0.013508637435734272
2591,0,0.013336806558072567
2592,0,0.011151930317282677
2593,0,0.008387478068470955
2594,0,0.01409327145665884
2595,0,0.016742520034313202
2596,0,0.029414715245366096
2597,0,0.011210030876100063
2598,0,0.00625323411077261
2599,0,0.0068025230430066586
2600,0,0.014161119237542152
2601,0,0.014360101893544197
2602,0,0.015499958768486977
2603,0,0.006883288733661175
2604,0,0.012055433355271816
2605,0,0.014359020628035069
2606,0,0.012084715068340302
2607,0,0.02875993587076664
2608,0,0.007745038717985153
2609,0,0.013973555527627468
2610,0,0.012836317531764507
2611,0,0.006451851688325405
2612,0,0.009624671190977097
2613,0,0.016036346554756165
2614,0,0.007073875516653061
2615,0,0.016436200588941574
2616,0,0.01107136718928814
2617,0,0.012218195013701916
2618,0,0.030485745519399643
2619,0,0.007558643817901611
2620,0,0.006425198167562485
2621,0,0.014452049508690834
2622,0,0.007745034992694855
2623,0,0.010091839358210564
2624,0,0.038986075669527054
2625,0,0.013172434642910957
2626,0,0.02327391318976879
2627,0,0.009488169103860855
2628,0,0.03654475510120392
2629,0,0.008653544820845127
2630,0,0.014421451836824417
2631,0,0.013407696038484573
2632,0,0.01759728230535984
2633,0,0.0137485908344388
2634,0,0.00815086904913187
2635,0,0.013885995373129845
2636,0,0.006870125886052847
2637,0,0.004606975708156824
2638,0,0.013525014743208885
2639,0,0.012499277479946613
2640,0,0.013065754435956478
2641,0,0.014067309908568859
2642,0,0.02016299031674862
2643,0,0.016153432428836823
2644,0,0.01574975810945034
2645,0,0.009380768984556198
2646,0,0.007594573311507702
2647,0,0.017120331525802612
2648,0,0.01252818014472723
2649,0,0.012497459538280964
2650,0,0.011670037172734737
2651,0,0.01504758931696415
2652,0,0.0064421361312270164
2653,0,0.008102351799607277
2654,0,0.01208389550447464
2655,0,0.008828278630971909
2656,0,0.00571528309956193
2657,0,0.015710456296801567
2658,0,0.012312686070799828
2659,0,0.009904618375003338
2660,0,0.01021258719265461
2661,0,0.014856738038361073
2662,0,0.006212115753442049
2663,0,0.005509624257683754
2664,0,0.007574588526040316
2665,0,0.01603645272552967
2666,0,0.006724859122186899
2667,0,0.023343751206994057
2668,0,0.01159408874809742
2669,0,0.012128422036767006
2670,0,0.012327423319220543
2671,0,0.020791219547390938
2672,0,0.004842150490731001
2673,0,0.007900945842266083
2674,0,0.007532569579780102
2675,0,0.010401356965303421
2676,0,0.007096872199326754
2677,0,0.0066290972754359245
2678,0,0.016212422400712967
2679,0,0.008497066795825958
2680,0,0.016652237623929977
2681,0,0.00631282152608037
2682,0,0.010931994765996933
2683,0,0.007349903229624033
2684,0,0.007829975336790085
2685,0,0.011082847602665424
2686,0,0.007751571014523506
2687,0,0.02085948921740055
2688,0,0.017689157277345657
2689,0,0.01165265403687954
2690,0,0.009402262046933174
2691,0,0.019373565912246704
2692,0,0.008269517682492733
2693,0,0.019518034532666206
2694,0,0.007141003850847483
2695,0,0.012019677087664604
2696,0,0.018112950026988983
2697,0,0.01218581385910511
2698,0,0.014040643349289894
2699,0,0.007849105633795261
2700,0,0.004499494563788176
2701,0,0.004702708683907986
2702,0,0.0077544101513922215
2703,0,0.010136769153177738
2704,0,0.009630891494452953
2705,0,0.01786235347390175
2706,0,0.011408589780330658
2707,0,0.006506981793791056
2708,0,0.015815814957022667
2709,0,0.011266833171248436
2710,0,0.013798504136502743
2711,0,0.006728542037308216
2712,0,0.006727369502186775
2713,0,0.0064571090042591095
2714,0,0.009789167903363705
2715,0,0.01664155162870884
2716,0,0.007155559491366148
2717,0,0.00664520962163806
2718,0,0.012298133224248886
2719,0,0.012371947057545185
2720,0,0.012894476763904095
2721,0,0.006185027305036783
2722,0,0.007355310954153538
2723,0,0.021760307252407074
2724,0,0.007165329065173864
2725,0,0.016289781779050827
2726,0,0.006593019235879183
2727,0,0.009841415099799633
2728,0,0.004867296665906906
2729,0,0.015308906324207783
2730,0,0.008589430712163448
2731,0,0.0064032902009785175
2732,0,0.007255224976688623
2733,0,0.011226168833673
2734,0,0.006819098722189665
2735,0,0.00903035793453455
2736,0,0.004816762171685696
2737,0,0.021836061030626297
2738,0,0.008239350281655788
2739,0,0.0057187750935554504
2740,0,0.00563817797228694
2741,0,0.01361632626503706
2742,0,0.02369558997452259
2743,0,0.012834940105676651
2744,0,0.008012065663933754
2745,0,0.025731680914759636
2746,0,0.005896902643144131
2747,0,0.010460702702403069
2748,0,0.0094875767827034
2749,0,0.005217417608946562
2750,0,0.014809481799602509
2751,0,0.009613805450499058
2752,0,0.0173385851085186
2753,0,0.01630556210875511
2754,0,0.008191435597836971
2755,0,0.015552165918052197
2756,0,0.007803112734109163
2757,0,0.011218845844268799
2758,0,0.006826246622949839
2759,0,0.0126839904114604
2760,0,0.013728374615311623
2761,0,0.007691798731684685
2762,0,0.010214134119451046
2763,0,0.00734621612355113
2764,0,0.00941146444529295
2765,0,0.007158344611525536
2766,0,0.006949676666408777
2767,0,0.006201836280524731
2768,0,0.008349640294909477
2769,0,0.03694756701588631
2770,0,0.01147199235856533
2771,0,0.012721067294478416
2772,0,0.01054674107581377
2773,0,0.011590427719056606
2774,0,0.0051091923378407955
2775,0,0.010359495878219604
2776,0,0.01574113592505455
2777,0,0.01623545214533806
2778,0,0.006079521495848894
2779,0,0.005985517054796219
2780,0,0.007346439175307751
2781,0,0.004500964190810919
2782,0,0.007958169095218182
2783,0,0.010164950974285603
2784,0,0.01591457426548004
2785,0,0.011714695952832699
2786,0,0.011978857219219208
2787,0,0.012144005857408047
2788,0,0.013284659944474697
2789,0,0.005331472493708134
2790,0,0.01008220762014389
2791,0,0.006758288946002722
2792,0,0.00794679019600153
2793,0,0.01390498224645853
2794,0,0.012160487473011017
2795,0,0.006906572263687849
2796,0,0.006986174266785383
2797,0,0.015699220821261406
2798,0,0.011226062662899494
2799,0,0.00833116378635168
2800,0,0.011556516401469707
2801,0,0.02263193577528
2802,0,0.013929756358265877
2803,0,0.012055011466145515
2804,0,0.010715598240494728
2805,0,0.004822697956115007
2806,0,0.028943492099642754
2807,0,0.008736084215342999
2808,0,0.01309151854366064
2809,0,0.029698019847273827
2810,0,0.009315679781138897
2811,0,0.013080914504826069
2812,0,0.006909803953021765
2813,0,0.011599755845963955
2814,0,0.013995281420648098
2815,0,0.008424442261457443
2816,0,0.0077462512999773026
2817,0,0.008153857663273811
2818,0,0.005190239753574133
2819,0,0.009954466484487057
2820,0,0.006359936203807592
2821,0,0.0038800344336777925
2822,0,0.011797650717198849
2823,0,0.010652114637196064
2824,0,0.011927030049264431
2825,0,0.005985148251056671
2826,0,0.00419400492683053
2827,0,0.012970265001058578
2828,0,0.013805871829390526
2829,0,0.008141553029417992
2830,0,0.007597970310598612
2831,0,0.008114378899335861
2832,0,0.007490471936762333
2833,0,0.009133453480899334
2834,0,0.009500572457909584
2835,0,0.020697711035609245
2836,0,0.010950669646263123
2837,0,0.006311086937785149
2838,0,0.012052871286869049
2839,0,0.010695185512304306
2840,0,0.012093632481992245
2841,0,0.0076794312335550785
2842,0,0.009923488833010197
2843,0,0.01041758619248867
2844,0,0.010156015865504742
2845,0,0.008356244303286076
2846,0,0.03498059883713722
2847,0,0.010358498431742191
2848,0,0.004905119072645903
2849,0,0.00814586691558361
2850,0,0.007443922106176615
2851,0,0.009496127255260944
2852,0,0.008564004674553871
2853,0,0.007862752303481102
2854,0,0.01527031883597374
2855,0,0.007474943064153194
2856,0,0.005408005323261023
2857,0,0.00606289878487587
2858,0,0.008501989766955376
2859,0,0.01233674492686987
2860,0,0.012250936590135098
2861,0,0.017035916447639465
2862,0,0.011020625941455364
2863,0,0.00757477805018425
2864,0,0.00416596932336688
2865,0,0.010322855785489082
2866,0,0.009930402040481567
2867,0,0.012650152668356895
2868,0,0.005614587105810642
2869,0,0.014888036996126175
2870,0,0.007648095954209566
2871,0,0.009313294664025307
2872,0,0.01234432402998209
2873,0,0.01670525036752224
2874,0,0.010779466480016708
2875,0,0.007443883456289768
2876,0,0.008525785990059376
2877,0,0.009872487746179104
2878,0,0.00405475590378046
2879,0,0.00913473591208458
2880,0,0.0102778235450387
2881,0,0.012713601812720299
2882,0,0.008887667208909988
2883,0,0.021519824862480164
2884,0,0.009266108274459839
2885,0,0.006830750964581966
2886,0,0.010507294908165932
2887,0,0.01577848196029663
2888,0,0.004241643473505974
2889,0,0.00415085582062602
2890,0,0.008856350556015968
2891,0,0.005426315125077963
2892,0,0.006097417324781418
2893,0,0.009454688057303429
2894,0,0.013257927261292934
2895,0,0.010488749481737614
2896,0,0.013458864763379097
2897,0,0.0051884399726986885
2898,0,0.007267190143465996
2899,0,0.006386823020875454
2900,0,0.0066290502436459064
2901,0,0.009942429140210152
2902,0,0.007942418567836285
2903,0,0.007561906240880489
2904,0,0.009919601492583752
2905,0,0.014185403473675251
2906,0,0.009972622618079185
2907,0,0.008284581825137138
2908,0,0.006736200302839279
2909,0,0.03010406903922558
2910,0,0.006855705287307501
2911,0,0.008055957965552807
2912,0,0.008558804169297218
2913,0,0.019705748185515404
2914,0,0.007443527225404978
2915,0,0.012086724862456322
2916,0,0.00881896261125803
2917,0,0.0035964569542557
2918,0,0.007060177158564329
2919,0,0.01143743097782135
2920,0,0.01367975864559412
2921,0,0.009133889339864254
2922,0,0.00509334821254015
2923,0,0.009957240894436836
2924,0,0.006189132109284401
2925,0,0.009570932015776634
2926,0,0.0072319284081459045
2927,0,0.009652236476540565
2928,0,0.011837827041745186
2929,0,0.006337219383567572
2930,0,0.015823975205421448
2931,0,0.016892051324248314
2932,0,0.005778111983090639
2933,0,0.01362373773008585
2934,0,0.005793195217847824
2935,0,0.014696631580591202
2936,0,0.013045307248830795
2937,0,0.008184321224689484
2938,0,0.011151519604027271
2939,0,0.006777857430279255
2940,0,0.01328302826732397
2941,0,0.007647331804037094
2942,0,0.005304194055497646
2943,0,0.006498516537249088
2944,0,0.010542264208197594
2945,0,0.0152827063575387
2946,0,0.010634413920342922
2947,0,0.00741640804335475
2948,0,0.007031720597296953
2949,0,0.0045922850258648396
2950,0,0.005170651711523533
2951,0,0.01054137758910656
2952,0,0.005555188283324242
2953,0,0.006226498167961836
2954,0,0.006789371836930513
2955,0,0.01035638153553009
2956,0,0.010232493281364441
2957,0,0.007321932353079319
2958,0,0.006686586420983076
2959,0,0.009752231650054455
2960,0,0.007192674092948437
2961,0,0.009364326484501362
2962,0,0.012979932129383087
2963,0,0.011752474121749401
2964,0,0.014095127582550049
2965,0,0.01662369817495346
2966,0,0.008490178734064102
2967,0,0.005665326490998268
2968,0,0.006795886904001236
2969,0,0.004885611589998007
2970,0,0.006697328761219978
2971,0,0.00816456601023674
2972,0,0.01245757658034563
2973,0,0.010887851938605309
2974,0,0.012165832333266735
2975,0,0.0160980187356472
2976,0,0.006809223908931017
2977,0,0.0074851494282484055
2978,0,0.010165669955313206
2979,0,0.008404684253036976
2980,0,0.008745466358959675
2981,0,0.007848886772990227
2982,0,0.007504257373511791
2983,0,0.011715354397892952
2984,0,0.012639139778912067
2985,0,0.014740693382918835
2986,0,0.016426999121904373
2987,0,0.008292057551443577
2988,0,0.007801473140716553
2989,0,0.013169842772185802
2990,0,0.009545129723846912
2991,0,0.005042207892984152
2992,0,0.010937554761767387
2993,0,0.030561024323105812
2994,0,0.014471091330051422
2995,0,0.009224049746990204
2996,0,0.007300828583538532
2997,0,0.013750498183071613
2998,0,0.008913503028452396
2999,0,0.013045097701251507
3000,0,0.01409987173974514
3001,0,0.005003069993108511
3002,0,0.011584310792386532
3003,0,0.009814963676035404
3004,0,0.0097449766471982
3005,0,0.008954535238444805
3006,0,0.006348020397126675
3007,0,0.012237361632287502
3008,0,0.004215090069919825
3009,0,0.007917281240224838
3010,0,0.00719625735655427
3011,0,0.009456930682063103
3012,0,0.013207748532295227
3013,0,0.0078014289028942585
3014,0,0.0050382670015096664
3015,0,0.019064951688051224
3016,0,0.010594748891890049
3017,0,0.0063119325786828995
3018,0,0.004133128095418215
3019,0,0.005016727838665247
3020,0,0.006399274803698063
3021,0,0.012325124815106392
3022,0,0.006248802412301302
3023,0,0.010758171789348125
3024,0,0.009596586227416992
3025,0,0.0062901913188397884
3026,0,0.005212994292378426
3027,0,0.007185697555541992
3028,0,0.008225798606872559
3029,0,0.0036336088087409735
3030,0,0.005810914561152458
3031,0,0.010426206514239311
3032,0,0.01141290832310915
3033,0,0.007748575881123543
3034,0,0.014916807413101196
3035,0,0.01129620335996151
3036,0,0.01155953947454691
3037,0,0.013507010415196419
3038,0,0.011486856266856194
3039,0,0.00872859638184309
3040,0,0.010965823195874691
3041,0,0.016547730192542076
3042,0,0.00834917463362217
3043,0,0.009746983647346497
3044,0,0.004838790278881788
3045,0,0.0044355145655572414
3046,0,0.009247218258678913
3047,0,0.006280709058046341
3048,0,0.011809680610895157
3049,0,0.013405583798885345
3050,0,0.006094843614846468
3051,0,0.007011725567281246
3052,0,0.00564813707023859
3053,0,0.0066922325640916824
3054,0,0.006140751298516989
3055,0,0.006856055464595556
3056,0,0.0066810715943574905
3057,0,0.008740752004086971
3058,0,0.009176356717944145
3059,0,0.006662528496235609
3060,0,0.006194155663251877
3061,0,0.007701690774410963
3062,0,0.010943014174699783
3063,0,0.011845432221889496
3064,0,0.004211988765746355
3065,0,0.007024742197245359
3066,0,0.012090187519788742
3067,0,0.007637618575245142
3068,0,0.014380902983248234
3069,0,0.0047134095802903175
3070,0,0.0098300501704216
3071,0,0.006898824591189623
3072,0,0.006179168354719877
3073,0,0.00796753354370594
3074,0,0.009578447788953781
3075,0,0.008950755000114441
3076,0,0.00413467874750495
3077,0,0.010461971163749695
3078,0,0.006417552940547466
3079,0,0.010865465737879276
3080,0,0.00790062453597784
3081,0,0.006496693938970566
3082,0,0.013145788572728634
3083,0,0.00784600805491209
3084,0,0.0091483099386096
3085,0,0.00505840452387929
3086,0,0.010654752142727375
3087,0,0.00845714658498764
3088,0,0.010903735645115376
3089,0,0.008477555587887764
3090,0,0.007935002446174622
3091,0,0.010809812694787979
3092,0,0.009841804392635822
3093,0,0.013671591877937317
3094,0,0.006893867626786232
3095,0,0.007849403657019138
3096,0,0.01225948054343462
3097,0,0.006236281245946884
3098,0,0.005906226579099894
3099,0,0.012689958326518536
3100,0,0.024616997689008713
3101,0,0.007172917481511831
3102,0,0.007677654270082712
3103,0,0.011334964074194431
3104,0,0.004605268128216267
3105,0,0.007084762677550316
3106,0,0.012190957553684711
3107,0,0.006294738035649061
3108,0,0.012328492477536201
3109,0,0.011582340113818645
3110,0,0.016069486737251282
3111,0,0.021649202331900597
3112,0,0.007017680909484625
3113,0,0.009334338828921318
3114,0,0.008537530899047852
3115,0,0.0063956682570278645
3116,0,0.006851936690509319
3117,0,0.006015590392053127
3118,0,0.0127304308116436
3119,0,0.01150477584451437
3120,0,0.011088456958532333
3121,0,0.004070085473358631
3122,0,0.00913331564515829
3123,0,0.008042974397540092
3124,0,0.005657026544213295
3125,0,0.007561949081718922
3126,0,0.006489619612693787
3127,0,0.009062819182872772
3128,0,0.013666828162968159
3129,0,0.015115479938685894
3130,0,0.004086010158061981
3131,0,0.007481164764612913
3132,0,0.007065457291901112
3133,0,0.011692133732140064
3134,0,0.006379128899425268
3135,0,0.009835474193096161
3136,0,0.022094793617725372
3137,0,0.009293025359511375
3138,0,0.008264857344329357
3139,0,0.009032807312905788
3140,0,0.007791111711412668
3141,0,0.005459352396428585
3142,0,0.009861358441412449
3143,0,0.009117729030549526
3144,0,0.007667191792279482
3145,0,0.0032877749763429165
3146,0,0.007951636798679829
3147,0,0.00602366216480732
3148,0,0.006399159319698811
3149,0,0.007261794526129961
3150,0,0.007477635983377695
3151,0,0.004289219621568918
3152,0,0.004301046021282673
3153,0,0.0049290405586361885
3154,0,0.005637012422084808
3155,0,0.0036989159416407347
3156,0,0.004648725036531687
3157,0,0.006621139589697123
3158,0,0.007594184949994087
3159,0,0.0068443515338003635
3160,0,0.009699052199721336
3161,0,0.011367730796337128
3162,0,0.006158675067126751
3163,0,0.008958985097706318
3164,0,0.004544476512819529
3165,0,0.008403182029724121
3166,0,0.006037258077412844
3167,0,0.008186202496290207
3168,0,0.007662164978682995
3169,0,0.007419900968670845
3170,0,0.008933276869356632
3171,0,0.007393406238406897
3172,0,0.007597829680889845
3173,0,0.004659033380448818
3174,0,0.01122565008699894
3175,0,0.006303071975708008
3176,0,0.009298184886574745
3177,0,0.007096519228070974
3178,0,0.005726243369281292
3179,0,0.0081943916156888
3180,0,0.00793606135994196
3181,0,0.0055673690512776375
3182,0,0.00865614227950573
3183,0,0.006301285699009895
3184,0,0.008057497441768646
3185,0,0.008556838147342205
3186,0,0.010629012249410152
3187,0,0.00596246775239706
3188,0,0.008844207040965557
3189,0,0.009254436939954758
3190,0,0.004103084560483694
3191,0,0.009344600141048431
3192,0,0.005258367396891117
3193,0,0.009260760620236397
3194,0,0.009046911261975765
3195,0,0.004722879268229008
3196,0,0.010056459344923496
3197,0,0.003560634097084403
3198,0,0.007840016856789589
3199,0,0.008205296471714973
3200,0,0.007920469157397747
3201,0,0.009555413387715816
3202,0,0.0037672047037631273
3203,0,0.013232189230620861
3204,0,0.0046425992622971535
3205,0,0.008330557495355606
3206,0,0.004596267361193895
3207,0,0.011226003989577293
3208,0,0.008444705046713352
3209,0,0.020711977034807205
3210,0,0.007393759209662676
3211,0,0.010330340825021267
3212,0,0.011285785585641861
3213,0,0.016333652660250664
3214,0,0.004941576160490513
3215,0,0.009723713621497154
3216,0,0.004931507166475058
3217,0,0.00954133365303278
3218,0,0.00776881305500865
3219,0,0.0034730660263448954
3220,0,0.008699544705450535
3221,0,0.008317387662827969
3222,0,0.007119514048099518
3223,0,0.007033945061266422
3224,0,0.005782713182270527
3225,0,0.005972560495138168
3226,0,0.004761470947414637
3227,0,0.005621547345072031
3228,0,0.008467225357890129
3229,0,0.00596965616568923
3230,0,0.00732761574909091
3231,0,0.00760954525321722
3232,0,0.003694244660437107
3233,0,0.010611826553940773
3234,0,0.008488067425787449
3235,0,0.00607766630128026
3236,0,0.0053782276809215546
3237,0,0.009642423130571842
3238,0,0.006447048392146826
3239,0,0.0060479603707790375
3240,0,0.009560216218233109
3241,0,0.004327575676143169
3242,0,0.008329379372298717
3243,0,0.003577360650524497
3244,0,0.015228135511279106
3245,0,0.012018403969705105
3246,0,0.02008047141134739
3247,0,0.005097556859254837
3248,0,0.011111350730061531
3249,0,0.006438877899199724
3250,0,0.004331553354859352
3251,0,0.011859233491122723
3252,0,0.008167007006704807
3253,0,0.007258911617100239
3254,0,0.007128333672881126
3255,0,0.004285619128495455
3256,0,0.019685227423906326
3257,0,0.012558885850012302
3258,0,0.004479629918932915
3259,0,0.00986059196293354
3260,0,0.0038201806601136923
3261,0,0.0065622166730463505
3262,0,0.009682655334472656
3263,0,0.011072061024606228
3264,0,0.011623036116361618
3265,0,0.005692199803888798
3266,0,0.012867950834333897
3267,0,0.01128497626632452
3268,0,0.012280035763978958
3269,0,0.0060426173731684685
3270,0,0.004209119826555252
3271,0,0.005442399997264147
3272,0,0.006009816192090511
3273,0,0.006595811806619167
3274,0,0.008754358626902103
3275,0,0.005256803706288338
3276,0,0.007075195666402578
3277,0,0.0049362098798155785
3278,0,0.010910352692008018
3279,0,0.005738753359764814
3280,0,0.006839773152023554
3281,0,0.0039159394800662994
3282,0,0.009824088774621487
3283,0,0.006352902855724096
3284,0,0.009070582687854767
3285,0,0.0070594483986496925
3286,0,0.009295593947172165
3287,0,0.008125349879264832
3288,0,0.012980273924767971
3289,0,0.006731659173965454
3290,0,0.005130731500685215
3291,0,0.007950196042656898
3292,0,0.008406803011894226
3293,0,0.009838380850851536
3294,0,0.008505112491548061
3295,0,0.0055614341981709
3296,0,0.00645162258297205
3297,0,0.004743265453726053
3298,0,0.008661448024213314
3299,0,0.010391545481979847
3300,0,0.004902406595647335
3301,0,0.006823205389082432
3302,0,0.008974866941571236
3303,0,0.007931267842650414
3304,0,0.004894896410405636
3305,0,0.008933398872613907
3306,0,0.007365156430751085
3307,0,0.003489068243652582
3308,0,0.007055619731545448
3309,0,0.00913144275546074
3310,0,0.008226669393479824
3311,0,0.008342036046087742
3312,0,0.0034760611597448587
3313,0,0.007811404298990965
3314,0,0.009534276090562344
3315,0,0.0073460740968585014
3316,0,0.006192799657583237
3317,0,0.006277718581259251
3318,0,0.009016470052301884
3319,0,0.005108388140797615
3320,0,0.013773130252957344
3321,0,0.012349010445177555
3322,0,0.010179218836128712
3323,0,0.0060455990023911
3324,0,0.004788247402757406
3325,0,0.009050846099853516
3326,0,0.004464911296963692
3327,0,0.00926198624074459
3328,0,0.011555061675608158
3329,0,0.0035383603535592556
3330,0,0.007727745920419693
3331,0,0.011101855896413326
3332,0,0.005273692309856415
3333,0,0.0067832148633897305
3334,0,0.004120631143450737
3335,0,0.008063700050115585
3336,0,0.005745276343077421
3337,0,0.008123736828565598
3338,0,0.006435162387788296
3339,0,0.00428633950650692
3340,0,0.004551501013338566
3341,0,0.006750253029167652
3342,0,0.009530332870781422
3343,0,0.00604437617585063
3344,0,0.010272813960909843
3345,0,0.010321920737624168
3346,0,0.0043140919879078865
3347,0,0.0066431546583771706
3348,0,0.011992578394711018
3349,0,0.0059255920350551605
3350,0,0.006605441682040691
3351,0,0.011392660439014435
3352,0,0.004183056298643351
3353,0,0.005426307208836079
3354,0,0.005931426305323839
3355,0,0.005546170752495527
3356,0,0.009612838737666607
3357,0,0.009239815175533295
3358,0,0.00733437854796648
3359,0,0.003768224734812975
3360,0,0.010184659622609615
3361,0,0.005062665790319443
3362,0,0.004407183267176151
3363,0,0.008850738406181335
3364,0,0.006650836672633886
3365,0,0.013228677213191986
3366,0,0.004397270735353231
3367,0,0.006233317777514458
3368,0,0.016879450529813766
3369,0,0.006035970989614725
3370,0,0.004693357739597559
3371,0,0.006676143500953913
3372,0,0.009331416338682175
3373,0,0.0033954698592424393
3374,0,0.00619055749848485
3375,0,0.0060938564129173756
3376,0,0.0053160893730819225
3377,0,0.006636804435402155
3378,0,0.01094160508364439
3379,0,0.006508054677397013
3380,0,0.011231150478124619
3381,0,0.006932798773050308
3382,0,0.011016853153705597
3383,0,0.004910782910883427
3384,0,0.0068228719756007195
3385,0,0.009193415753543377
3386,0,0.008179886266589165
3387,0,0.005901290103793144
3388,0,0.006554713007062674
3389,0,0.004554749466478825
3390,0,0.008308837190270424
3391,0,0.007665141485631466
3392,0,0.007505463901907206
3393,0,0.011961285024881363
3394,0,0.007733024191111326
3395,0,0.014492086134850979
3396,0,0.01304138358682394
3397,0,0.008749262429773808
3398,0,0.011385396122932434
3399,0,0.00910122599452734
3400,0,0.007879710756242275
3401,0,0.006392017938196659
3402,0,0.004797011148184538
3403,0,0.008938934653997421
3404,0,0.00843783188611269
3405,0,0.007026189006865025
3406,0,0.009997841902077198
3407,0,0.007777220569550991
3408,0,0.007095753215253353
3409,0,0.004573154263198376
3410,0,0.0046936157159507275
3411,0,0.004900629632174969
3412,0,0.005531218834221363
3413,0,0.006864512339234352
3414,0,0.005975906737148762
3415,0,0.004987792577594519
3416,0,0.009312563575804234
3417,0,0.005842320155352354
3418,0,0.005499417893588543
3419,0,0.012305346317589283
3420,0,0.006246516946703196
3421,0,0.008155261166393757
3422,0,0.011891258880496025
3423,0,0.006842108443379402
3424,0,0.004411621019244194
3425,0,0.003572429995983839
3426,0,0.004513859283179045
3427,0,0.004713284783065319
3428,0,0.006126397754997015
3429,0,0.006737004965543747
3430,0,0.006108949892222881
3431,0,0.004570160061120987
3432,0,0.005077687557786703
3433,0,0.008222782984375954
3434,0,0.003368102479726076
3435,0,0.004707594867795706
3436,0,0.005950913764536381
3437,0,0.007643081247806549
3438,0,0.01273315865546465
3439,0,0.005967907607555389
3440,0,0.005814775358885527
3441,0,0.008922863751649857
3442,0,0.00618007592856884
3443,0,0.012206540443003178
3444,0,0.0035344064235687256
3445,0,0.006822607945650816
3446,0,0.006924891844391823
3447,0,0.007009140215814114
3448,0,0.005634409841150045
3449,0,0.00747233722358942
3450,0,0.004045961424708366
3451,0,0.004098107572644949
3452,0,0.00809306837618351
3453,0,0.00498600397258997
3454,0,0.009761896915733814
3455,0,0.008083109743893147
3456,0,0.008234056644141674
3457,0,0.009095298126339912
3458,0,0.003970613703131676
3459,0,0.005226168315857649
3460,0,0.006933875381946564
3461,0,0.010152023285627365
3462,0,0.010785671882331371
3463,0,0.0057600801810622215
3464,0,0.005147763527929783
3465,0,0.006479217670857906
3466,0,0.0067534856498241425
3467,0,0.006561607122421265
3468,0,0.007886654697358608
3469,0,0.010988808237016201
3470,0,0.008023777045309544
3471,0,0.005262195132672787
3472,0,0.010939664207398891
3473,0,0.006818446796387434
3474,0,0.005621070042252541
3475,0,0.00581451877951622
3476,0,0.00640468904748559
3477,0,0.006693830713629723
3478,0,0.005124769639223814
3479,0,0.008234991692006588
3480,0,0.006302229128777981
3481,0,0.006162452977150679
3482,0,0.0036057918332517147
3483,0,0.0115666463971138
3484,0,0.0042100511491298676
3485,0,0.008747745305299759
3486,0,0.005724134389311075
3487,0,0.010926773771643639
3488,0,0.009028445929288864
3489,0,0.005496836267411709
3490,0,0.0072913276962935925
3491,0,0.0034169156569987535
3492,0,0.00412764772772789
3493,0,0.01300978846848011
3494,0,0.00541721610352397
3495,0,0.010609044693410397
3496,0,0.005420479457825422
3497,0,0.0035091512836515903
3498,0,0.008024691604077816
3499,0,0.01084187999367714
3500,0,0.0062881470657885075
3501,0,0.005806662607938051
3502,0,0.011388139799237251
3503,0,0.011256745085120201
3504,0,0.012600655667483807
3505,0,0.0068391053937375546
3506,0,0.0058723627589643
3507,0,0.007368706166744232
3508,0,0.005905349738895893
3509,0,0.0040116156451404095
3510,0,0.008302954025566578
3511,0,0.006710858549922705
3512,0,0.01138721127063036
3513,0,0.009216665290296078
3514,0,0.00782278086990118
3515,0,0.007562113925814629
3516,0,0.008103881031274796
3517,0,0.007819184102118015
3518,0,0.005380820017307997
3519,0,0.0038005944807082415
3520,0,0.013596819713711739
3521,0,0.007197552360594273
3522,0,0.005218959879130125
3523,0,0.00975716020911932
3524,0,0.009328304789960384
3525,0,0.007722753565758467
3526,0,0.008220812305808067
3527,0,0.0058478727005422115
3528,0,0.006673342548310757
3529,0,0.010601313784718513
3530,0,0.006981353275477886
3531,0,0.006225259508937597
3532,0,0.0063619548454880714
3533,0,0.00714836735278368
3534,0,0.006614869460463524
3535,0,0.004709234926849604
3536,0,0.00733515340834856
3537,0,0.00636773556470871
3538,0,0.011292247101664543
3539,0,0.0037007967475801706
3540,0,0.011562998406589031
3541,0,0.011336268857121468
3542,0,0.004613518714904785
3543,0,0.007337507791817188
3544,0,0.006127919070422649
3545,0,0.006639175117015839
3546,0,0.004766897298395634
3547,0,0.008605587296187878
3548,0,0.005410509184002876
3549,0,0.010737553238868713
3550,0,0.00376667152158916
3551,0,0.006209519691765308
3552,0,0.008093707263469696
3553,0,0.004973632749170065
3554,0,0.00672569964081049
3555,0,0.005618392024189234
3556,0,0.009441965259611607
3557,0,0.010255269706249237
3558,0,0.008181975223124027
3559,0,0.0039060756098479033
3560,0,0.006080953869968653
3561,0,0.008972207084298134
3562,0,0.010832403786480427
3563,0,0.013737132772803307
3564,0,0.010794655419886112
3565,0,0.008630429394543171
3566,0,0.01315013226121664
3567,0,0.012031897902488708
3568,0,0.010010787285864353
3569,0,0.006819445639848709
3570,0,0.007339831441640854
3571,0,0.0043930793181061745
3572,0,0.007446782663464546
3573,0,0.008605766110122204
3574,0,0.004881700500845909
3575,0,0.00710766576230526
3576,0,0.008177465759217739
3577,0,0.005819228477776051
3578,0,0.003586600534617901
3579,0,0.011023303493857384
3580,0,0.0059027643874287605
3581,0,0.005949517711997032
3582,0,0.007770386524498463
3583,0,0.005432472098618746
3584,0,0.0038780870381742716
3585,0,0.00625142315402627
3586,0,0.007961124181747437
3587,0,0.011079447343945503
3588,0,0.004629315808415413
3589,0,0.006192679051309824
3590,0,0.011592667549848557
3591,0,0.007838885299861431
3592,0,0.00952350627630949
3593,0,0.007647596299648285
3594,0,0.015774719417095184
3595,0,0.009694376029074192
3596,0,0.0059035783633589745
3597,0,0.004570411518216133
3598,0,0.009276135824620724
3599,0,0.004690056201070547
3600,0,0.00386522663757205
3601,0,0.010375679470598698
3602,0,0.006163136102259159
3603,0,0.003653597552329302
3604,0,0.006273403763771057
3605,0,0.006588701158761978
3606,0,0.010358834639191628
3607,0,0.006443360820412636
3608,0,0.004933957476168871
3609,0,0.0038258591666817665
3610,0,0.009167890064418316
3611,0,0.004292098339647055
3612,0,0.009644708596169949
3613,0,0.0074005089700222015
3614,0,0.006869517266750336
3615,0,0.007330304477363825
3616,0,0.010300855152308941
3617,0,0.010641325265169144
3618,0,0.008678312413394451
3619,0,0.008442292921245098
3620,0,0.010713035240769386
3621,0,0.01883787475526333
3622,0,0.007358465809375048
3623,0,0.008156808093190193
3624,0,0.005721638444811106
3625,0,0.006783252581954002
3626,0,0.005659271962940693
3627,0,0.007121280767023563
3628,0,0.006904688663780689
3629,0,0.006739784497767687
3630,0,0.005832123104482889
3631,0,0.0074831764213740826
3632,0,0.004097216296941042
3633,0,0.005088855512440205
3634,0,0.0067777554504573345
3635,0,0.01026639249175787
3636,0,0.005751925986260176
3637,0,0.006061778403818607
3638,0,0.010378608480095863
3639,0,0.010318812914192677
3640,0,0.005771355237811804
3641,0,0.008327816613018513
3642,0,0.012840542010962963
3643,0,0.0069882129319012165
3644,0,0.010414524003863335
3645,0,0.006251384969800711
3646,0,0.007408604957163334
3647,0,0.01113069523125887
3648,0,0.011574635282158852
3649,0,0.004153939429670572
3650,0,0.006164205260574818
3651,0,0.006016591098159552
3652,0,0.005961303133517504
3653,0,0.006004834081977606
3654,0,0.006128483451902866
3655,0,0.005443442612886429
3656,0,0.004638879559934139
3657,0,0.0074365409091115
3658,0,0.005895860027521849
3659,0,0.005009162705391645
3660,0,0.004891452845185995
3661,0,0.009412763640284538
3662,0,0.005696032661944628
3663,0,0.009004556573927402
3664,0,0.0036299179773777723
3665,0,0.004951203241944313
3666,0,0.0032936709467321634
3667,0,0.007639107294380665
3668,0,0.0040026879869401455
3669,0,0.011040673591196537
3670,0,0.007134012877941132
3671,0,0.008055130019783974
3672,0,0.004736061207950115
3673,0,0.007901073433458805
3674,0,0.004890675190836191
3675,0,0.004716126248240471
3676,0,0.00570355448871851
3677,0,0.00837938766926527
3678,0,0.006925199646502733
3679,0,0.004464879631996155
3680,0,0.003498261794447899
3681,0,0.01449198555201292
3682,0,0.0077018397860229015
3683,0,0.008860250934958458
3684,0,0.005654420703649521
3685,0,0.007259553298354149
3686,0,0.005254340823739767
3687,0,0.0038252375088632107
3688,0,0.0066952635534107685
3689,0,0.007525513879954815
3690,0,0.0051782140508294106
3691,0,0.006593530997633934
3692,0,0.012699669227004051
3693,0,0.00829614419490099
3694,0,0.008113143034279346
3695,0,0.008178330957889557
3696,0,0.0033077611587941647
3697,0,0.009588471613824368
3698,0,0.006417260505259037
3699,0,0.0036438654642552137
3700,0,0.004621301311999559
3701,0,0.00729892123490572
3702,0,0.009901058860123158
3703,0,0.009682334959506989
3704,0,0.009479343891143799
3705,0,0.007214130833745003
3706,0,0.0036818920634686947
3707,0,0.010213343426585197
3708,0,0.006459100637584925
3709,0,0.006104952655732632
3710,0,0.005015471484512091
3711,0,0.006138610187917948
3712,0,0.004611309617757797
3713,0,0.004144969861954451
3714,0,0.011071131564676762
3715,0,0.010906205512583256
3716,0,0.01259652804583311
3717,0,0.004372361581772566
3718,0,0.003926917444914579
3719,0,0.004999152384698391
3720,0,0.0037953208666294813
3721,0,0.005685651209205389
3722,0,0.00667730113491416
3723,0,0.008407180197536945
3724,0,0.004155808128416538
3725,0,0.007460926193743944
3726,0,0.004147336818277836
3727,0,0.007220512721687555
3728,0,0.003398846834897995
3729,0,0.004301550332456827
3730,0,0.005753734149038792
3731,0,0.006115360651165247
3732,0,0.010894061997532845
3733,0,0.005494123790413141
3734,0,0.005451608914881945
3735,0,0.005666236858814955
3736,0,0.00363371754065156
3737,0,0.010849017649888992
3738,0,0.006788597907871008
3739,0,0.006468431558459997
3740,0,0.010150720365345478
3741,0,0.008237263187766075
3742,0,0.005346214398741722
3743,0,0.011963814496994019
3744,0,0.003583452897146344
3745,0,0.010130196809768677
3746,0,0.009722886607050896
3747,0,0.004282962065190077
3748,0,0.0077574229799211025
3749,0,0.010183722712099552
3750,0,0.006077122408896685
3751,0,0.010409120470285416
3752,0,0.007982646115124226
3753,0,0.006628325209021568
3754,0,0.014704654924571514
3755,0,0.005965305492281914
3756,0,0.009437506087124348
3757,0,0.007578144781291485
3758,0,0.007020279765129089
3759,0,0.007170436438173056
3760,0,0.008652559481561184
3761,0,0.007096088957041502
3762,0,0.009836960583925247
3763,0,0.00586837250739336
3764,0,0.007324561011046171
3765,0,0.0058770193718373775
3766,0,0.009241626597940922
3767,0,0.005653107073158026
3768,0,0.004727678373456001
3769,0,0.007721251342445612
3770,0,0.0059575606137514114
3771,0,0.011868448927998543
3772,0,0.008134501054883003
3773,0,0.005424699280411005
3774,0,0.006427259184420109
3775,0,0.005831495858728886
3776,0,0.005558587610721588
3777,0,0.003901210380718112
3778,0,0.008662909269332886
3779,0,0.007097695488482714
3780,0,0.0067681255750358105
3781,0,0.007824239321053028
3782,0,0.00554268155246973
3783,0,0.008564644493162632
3784,0,0.004779650364071131
3785,0,0.007024851627647877
3786,0,0.0033056335523724556
3787,0,0.004234057851135731
3788,0,0.006121690385043621
3789,0,0.0056113856844604015
3790,0,0.004588761832565069
3791,0,0.007131500169634819
3792,0,0.0058905016630887985
3793,0,0.010017981752753258
3794,0,0.006777646020054817
3795,0,0.0036886222660541534
3796,0,0.0122833838686347
3797,0,0.007387060672044754
3798,0,0.006455802358686924
3799,0,0.004645114298909903
3800,0,0.009084290824830532
3801,0,0.00414182199165225
3802,0,0.007772060111165047
3803,0,0.006736927665770054
3804,0,0.009558807127177715
3805,0,0.0051009776070714
3806,0,0.011595896445214748
3807,0,0.0035361717455089092
3808,0,0.005314183421432972
3809,0,0.009883606806397438
3810,0,0.009531570598483086
3811,0,0.003499333979561925
3812,0,0.005951661616563797
3813,0,0.009021003730595112
3814,0,0.003391592763364315
3815,0,0.005125175230205059
3816,0,0.004389224108308554
3817,0,0.00970348622649908
3818,0,0.004589345771819353
3819,0,0.009982378222048283
3820,0,0.008553760126233101
3821,0,0.007003209087997675
3822,0,0.008648150600492954
3823,0,0.009627589955925941
3824,0,0.007917184382677078
3825,0,0.008347303606569767
3826,0,0.0055428920313715935
3827,0,0.008294559083878994
3828,0,0.007967078126966953
3829,0,0.011422095820307732
3830,0,0.006509744096547365
3831,0,0.004899950698018074
3832,0,0.008309952914714813
3833,0,0.005191295873373747
3834,0,0.00970947090536356
3835,0,0.008303149603307247
3836,0,0.005328729283064604
3837,0,0.0066405306570231915
3838,0,0.003973356448113918
3839,0,0.005429435055702925
3840,0,0.007210702635347843
3841,0,0.010426566004753113
3842,0,0.006430448032915592
3843,0,0.005807168781757355
3844,0,0.00672745518386364
3845,0,0.007695636712014675
3846,0,0.005690829362720251
3847,0,0.004449326079338789
3848,0,0.007374477107077837
3849,0,0.004805212840437889
3850,0,0.0035772130358964205
3851,0,0.00613384647294879
3852,0,0.004029799252748489
3853,0,0.00698660546913743
3854,0,0.0034596289042383432
3855,0,0.004167933948338032
3856,0,0.013462169095873833
3857,0,0.007892760448157787
3858,0,0.004655178636312485
3859,0,0.009653535671532154
3860,0,0.007846941240131855
3861,0,0.005155322141945362
3862,0,0.003853474510833621
3863,0,0.006934890523552895
3864,0,0.005880466662347317
3865,0,0.006899559870362282
3866,0,0.008316325023770332
3867,0,0.00502120703458786
3868,0,0.006284718867391348
3869,0,0.006028756964951754
3870,0,0.01202547736465931
3871,0,0.013024437241256237
3872,0,0.0033068654593080282
3873,0,0.003205250483006239
3874,0,0.009629994630813599
3875,0,0.007946177385747433
3876,0,0.008024301379919052
3877,0,0.00794158037751913
3878,0,0.006303390953689814
3879,0,0.004387143068015575
3880,0,0.006079737562686205
3881,0,0.005250613670796156
3882,0,0.005470973905175924
3883,0,0.01358862966299057
3884,0,0.007484100759029388
3885,0,0.0056964438408613205
3886,0,0.007236480247229338
3887,0,0.0034479976166039705
3888,0,0.003916038200259209
3889,0,0.00996367260813713
3890,0,0.005759976338595152
3891,0,0.008915288373827934
3892,0,0.007216320373117924
3893,0,0.004797798581421375
3894,0,0.005726015195250511
3895,0,0.010113689117133617
3896,0,0.009103471413254738
3897,0,0.005954779218882322
3898,0,0.0068901400081813335
3899,0,0.004362518899142742
3900,0,0.005611584521830082
3901,0,0.006306919269263744
3902,0,0.014399860054254532
3903,0,0.010248945094645023
3904,0,0.007101463619619608
3905,0,0.008636567741632462
3906,0,0.0048043145798146725
3907,0,0.004223478492349386
3908,0,0.0037810816429555416
3909,0,0.0033466662280261517
3910,0,0.009499495849013329
3911,0,0.007238902151584625
3912,0,0.011307664215564728
3913,0,0.005128176882863045
3914,0,0.004464434459805489
3915,0,0.0064230491407215595
3916,0,0.006471484433859587
3917,0,0.00459917401894927
3918,0,0.006478848867118359
3919,0,0.007188389077782631
3920,0,0.003817599266767502
3921,0,0.006101675797253847
3922,0,0.006080642808228731
3923,0,0.007924727164208889
3924,0,0.007504196371883154
3925,0,0.006960275117307901
3926,0,0.006951243616640568
3927,0,0.0043526156805455685
3928,0,0.005891093518584967
3929,0,0.009944153018295765
3930,0,0.0033267540857195854
3931,0,0.008390635251998901
3932,0,0.008736072108149529
3933,0,0.007654431741684675
3934,0,0.00937359407544136
3935,0,0.007123347371816635
3936,0,0.007404300384223461
3937,0,0.0045820060186088085
3938,0,0.005004615522921085
3939,0,0.009145117364823818
3940,0,0.0061266738921403885
3941,0,0.0066025578416883945
3942,0,0.005584385246038437
3943,0,0.006172004155814648
3944,0,0.0059663718566298485
3945,0,0.003622871357947588
3946,0,0.008011804893612862
3947,0,0.0034533150028437376
3948,0,0.0034301222767680883
3949,0,0.005172820296138525
3950,0,0.003926255274564028
3951,0,0.009404083713889122
3952,0,0.005636745598167181
3953,0,0.008932255208492279
3954,0,0.004662508610635996
3955,0,0.0059084100648760796
3956,0,0.004354304168373346
3957,0,0.010087620466947556
3958,0,0.010132734663784504
3959,0,0.004182879813015461
3960,0,0.006488272920250893
3961,0,0.006321876309812069
3962,0,0.0037431418895721436
3963,0,0.006026311777532101
3964,0,0.004689319059252739
3965,0,0.007702619768679142
3966,0,0.003879945958033204
3967,0,0.008258864283561707
3968,0,0.007156267296522856
3969,0,0.009739833883941174
3970,0,0.006250093691051006
3971,0,0.008521240204572678
3972,0,0.00724351592361927
3973,0,0.011922542005777359
3974,0,0.006037656217813492
3975,0,0.006302379071712494
3976,0,0.003403984010219574
3977,0,0.003579264972358942
3978,0,0.00777412299066782
3979,0,0.007436400279402733
3980,0,0.005068676546216011
3981,0,0.009179249405860901
3982,0,0.007532184012234211
3983,1,0.9889712333679199
