index,y_true,y_pred_oof
0,1,0.9679996967315674
1,1,0.932468593120575
2,1,0.9257338643074036
3,1,0.845489501953125
4,1,0.7482203245162964
5,1,0.18727372586727142
6,1,0.18975786864757538
7,1,0.29866647720336914
8,1,0.9451779127120972
9,1,0.6841079592704773
10,1,0.5997504591941833
11,1,0.6924306750297546
12,1,0.5967244505882263
13,1,0.8828701376914978
14,1,0.8565855026245117
15,1,0.5091426968574524
16,1,0.5211122035980225
17,1,0.5158021450042725
18,1,0.9598226547241211
19,1,0.5613245368003845
20,1,0.5906495451927185
21,1,0.6322484612464905
22,1,0.45122167468070984
23,1,0.5073662400245667
24,1,0.8891521096229553
25,1,0.5601605772972107
26,1,0.3705543577671051
27,1,0.5332698225975037
28,1,0.9256666898727417
29,1,0.8904956579208374
30,1,0.636292040348053
31,1,0.5818283557891846
32,1,0.799341082572937
33,1,0.5095016360282898
34,1,0.8422583937644958
35,1,0.7317794561386108
36,1,0.470488578081131
37,1,0.8323478698730469
38,1,0.9709416031837463
39,1,0.6010844111442566
40,1,0.9766006469726562
41,1,0.5545022487640381
42,1,0.5079622268676758
43,1,0.5158371329307556
44,1,0.6768088936805725
45,1,0.9093592166900635
46,1,0.7527879476547241
47,1,0.43363192677497864
48,1,0.6891122460365295
49,1,0.4644760191440582
50,1,0.4685373306274414
51,1,0.900153636932373
52,1,0.8914201855659485
53,1,0.395580530166626
54,1,0.4742048978805542
55,1,0.5986114740371704
56,1,0.37902528047561646
57,1,0.24295222759246826
58,1,0.6734564304351807
59,1,0.49108782410621643
60,1,0.5034480094909668
61,1,0.41891562938690186
62,1,0.6071945428848267
63,1,0.48463010787963867
64,1,0.3499153256416321
65,1,0.8480536937713623
66,1,0.7693930864334106
67,1,0.3483559191226959
68,1,0.580504298210144
69,1,0.728515088558197
70,1,0.44838619232177734
71,1,0.8427375555038452
72,1,0.44717004895210266
73,1,0.40275540947914124
74,1,0.5162501931190491
75,1,0.8427842259407043
76,1,0.5448495745658875
77,1,0.7535010576248169
78,1,0.6458926200866699
79,1,0.5124576687812805
80,1,0.8933548927307129
81,1,0.5216852426528931
82,1,0.37286943197250366
83,1,0.5826281309127808
84,1,0.723863422870636
85,1,0.43780380487442017
86,1,0.7432165741920471
87,1,0.21803121268749237
88,1,0.4195414185523987
89,1,0.5806862115859985
90,1,0.5378732681274414
91,1,0.8025080561637878
92,1,0.9103549718856812
93,1,0.5470383763313293
94,1,0.899543821811676
95,1,0.7671257853507996
96,1,0.8664600849151611
97,1,0.9358323216438293
98,1,0.886358916759491
99,1,0.525996744632721
100,1,0.936345100402832
101,1,0.9159364104270935
102,1,0.6904361844062805
103,1,0.4336327314376831
104,1,0.8051108717918396
105,1,0.9119932651519775
106,1,0.7386389374732971
107,1,0.6510455012321472
108,1,0.5420835614204407
109,1,0.9210127592086792
110,1,0.792533814907074
111,1,0.9453803896903992
112,1,0.9480654001235962
113,1,0.870526909828186
114,1,0.6296616196632385
115,1,0.29075920581817627
116,1,0.20924519002437592
117,1,0.636357307434082
118,1,0.44717004895210266
119,1,0.3115648329257965
120,1,0.7689189910888672
121,1,0.7707645893096924
122,1,0.7521974444389343
123,1,0.7063580751419067
124,1,0.4257144629955292
125,1,0.488602876663208
126,1,0.6898660063743591
127,1,0.36562660336494446
128,1,0.701596200466156
129,1,0.6896111965179443
130,1,0.9587726593017578
131,1,0.9355967044830322
132,1,0.3408046066761017
133,1,0.9221644401550293
134,1,0.6779391169548035
135,1,0.19750802218914032
136,1,0.43564096093177795
137,1,0.6582207083702087
138,1,0.7034114599227905
139,1,0.6840447783470154
140,1,0.1955580860376358
141,1,0.7646463513374329
142,1,0.53713059425354
143,1,0.8793961405754089
144,1,0.5768629908561707
145,1,0.6430623531341553
146,1,0.8570796847343445
147,1,0.9139658808708191
148,1,0.9741612672805786
149,1,0.703911304473877
150,1,0.58493572473526
151,1,0.9344263672828674
152,1,0.5248703956604004
153,1,0.5110872983932495
154,1,0.7851313352584839
155,1,0.8696963787078857
156,1,0.9090510010719299
157,1,0.9346274733543396
158,1,0.6537826657295227
159,1,0.5585920214653015
160,1,0.8874755501747131
161,1,0.4953779876232147
162,1,0.5168377757072449
163,1,0.11300042271614075
164,1,0.9725943803787231
165,1,0.8283954858779907
166,1,0.9627320766448975
167,1,0.9374238848686218
168,1,0.9286980032920837
169,1,0.6470853090286255
170,1,0.4226550757884979
171,1,0.9679632782936096
172,1,0.2356816679239273
173,1,0.7120647430419922
174,1,0.8315742015838623
175,1,0.23088929057121277
176,1,0.9073455929756165
177,1,0.8991755843162537
178,1,0.5494710206985474
179,1,0.9185367226600647
180,1,0.5761600732803345
181,1,0.5064730048179626
182,1,0.945342481136322
183,1,0.7409054040908813
184,1,0.6336014866828918
185,1,0.5742592215538025
186,1,0.9241455793380737
187,1,0.9025277495384216
188,1,0.214077427983284
189,1,0.8957420587539673
190,1,0.9190579652786255
191,1,0.434001624584198
192,1,0.9058613181114197
193,1,0.2701908349990845
194,1,0.7064749598503113
195,1,0.9733032584190369
196,1,0.7218014597892761
197,1,0.926185667514801
198,1,0.5975963473320007
199,1,0.9201933741569519
200,1,0.7553947567939758
201,1,0.6570353507995605
202,1,0.7676305174827576
203,1,0.6246147155761719
204,1,0.8895148634910583
205,1,0.1258007436990738
206,1,0.615716814994812
207,1,0.8319826126098633
208,1,0.9005061388015747
209,1,0.9410516619682312
210,1,0.4393921494483948
211,1,0.11550020426511765
212,1,0.1542365849018097
213,1,0.6597188711166382
214,1,0.9373873472213745
215,1,0.6950350999832153
216,1,0.9531380534172058
217,1,0.29922470450401306
218,1,0.8764150142669678
219,1,0.9459819197654724
220,1,0.8224054574966431
221,1,0.8120298981666565
222,1,0.7706974148750305
223,1,0.9464554786682129
224,1,0.829752504825592
225,1,0.738897442817688
226,1,0.8944618701934814
227,1,0.6480382680892944
228,1,0.2504751682281494
229,1,0.4253286123275757
230,1,0.4752378761768341
231,1,0.5054181218147278
232,1,0.5961069464683533
233,1,0.12784624099731445
234,1,0.9256566762924194
235,1,0.9081448912620544
236,1,0.9039990901947021
237,1,0.9735812544822693
238,1,0.6639594435691833
239,1,0.38089823722839355
240,1,0.2692454755306244
241,1,0.957770586013794
242,1,0.5713249444961548
243,1,0.6548654437065125
244,1,0.14023235440254211
245,1,0.8939403891563416
246,1,0.9644643664360046
247,1,0.4337725341320038
248,1,0.5016672611236572
249,1,0.45847275853157043
250,1,0.8108668327331543
251,1,0.6648203134536743
252,1,0.7795669436454773
253,1,0.5881432294845581
254,1,0.6186791658401489
255,1,0.9482116103172302
256,1,0.594244658946991
257,1,0.8862664103507996
258,1,0.403973788022995
259,1,0.7951357960700989
260,1,0.488820880651474
261,1,0.9563247561454773
262,1,0.6870709657669067
263,1,0.934499204158783
264,1,0.9509382843971252
265,1,0.9517351388931274
266,1,0.17778094112873077
267,1,0.8301705718040466
268,1,0.5916869640350342
269,1,0.843396782875061
270,1,0.37459444999694824
271,1,0.3584371507167816
272,1,0.34320154786109924
273,1,0.19582544267177582
274,1,0.5539661645889282
275,1,0.32506516575813293
276,1,0.8176109194755554
277,1,0.3415827453136444
278,1,0.3411766290664673
279,1,0.34557729959487915
280,1,0.23170994222164154
281,1,0.2244761884212494
282,1,0.40576693415641785
283,1,0.7041364312171936
284,1,0.9299871921539307
285,1,0.6408630013465881
286,1,0.2999480366706848
287,1,0.35376158356666565
288,1,0.8728321194648743
289,1,0.4024907052516937
290,1,0.6183390617370605
291,1,0.19175393879413605
292,1,0.5856276154518127
293,1,0.6537335515022278
294,1,0.44085368514060974
295,1,0.5928488373756409
296,1,0.9692646861076355
297,1,0.46140241622924805
298,1,0.43298035860061646
299,1,0.5134022235870361
300,1,0.9375483393669128
301,1,0.801925778388977
302,1,0.4855048954486847
303,1,0.8812901377677917
304,1,0.49013009667396545
305,1,0.31548336148262024
306,1,0.579903244972229
307,1,0.7208971381187439
308,1,0.8881914615631104
309,1,0.25704506039619446
310,1,0.3312442898750305
311,1,0.7133662104606628
312,1,0.4904141128063202
313,1,0.48313310742378235
314,1,0.6726815104484558
315,1,0.4845098555088043
316,1,0.6519776582717896
317,1,0.6195629835128784
318,1,0.8203712105751038
319,1,0.4480595290660858
320,1,0.9293824434280396
321,1,0.3974090814590454
322,1,0.5555035471916199
323,1,0.9659593105316162
324,1,0.7714971899986267
325,1,0.8955420851707458
326,1,0.9329683780670166
327,1,0.9059703946113586
328,1,0.9481763243675232
329,1,0.5040636658668518
330,1,0.8144149780273438
331,1,0.8893247246742249
332,1,0.9119118452072144
333,1,0.7863519787788391
334,1,0.8903483748435974
335,1,0.8622472882270813
336,1,0.941525936126709
337,1,0.8768611550331116
338,1,0.7592136859893799
339,1,0.9337399005889893
340,1,0.9610349535942078
341,1,0.9429712295532227
342,1,0.8514403104782104
343,1,0.8894035816192627
344,1,0.9485006332397461
345,1,0.7569176554679871
346,1,0.8620668649673462
347,1,0.9664651155471802
348,1,0.6384645104408264
349,1,0.9090309739112854
350,1,0.8558919429779053
351,1,0.48911306262016296
352,1,0.436405748128891
353,1,0.6127703189849854
354,1,0.5299803018569946
355,1,0.731609582901001
356,1,0.5331693291664124
357,1,0.9377843141555786
358,1,0.31263259053230286
359,1,0.44168347120285034
360,1,0.391608864068985
361,1,0.9464695453643799
362,1,0.9545888304710388
363,1,0.9491086006164551
364,1,0.6695852279663086
365,1,0.9285847544670105
366,1,0.9406304359436035
367,1,0.9565093517303467
368,1,0.8935126662254333
369,1,0.6713031530380249
370,1,0.7587792277336121
371,1,0.9591224789619446
372,1,0.39996352791786194
373,1,0.9409061074256897
374,1,0.8865631222724915
375,1,0.9136934876441956
376,1,0.8652611374855042
377,1,0.8842177987098694
378,1,0.943151593208313
379,1,0.8819204568862915
380,1,0.9081775546073914
381,1,0.9502472877502441
382,1,0.2926260828971863
383,1,0.4319601058959961
384,1,0.4920211434364319
385,1,0.48795589804649353
386,1,0.5597924590110779
387,1,0.43137601017951965
388,1,0.5409785509109497
389,1,0.43947702646255493
390,1,0.5442613959312439
391,1,0.4853268265724182
392,1,0.5590617060661316
393,1,0.624921441078186
394,1,0.6553745865821838
395,1,0.64906245470047
396,1,0.6342567205429077
397,1,0.44117605686187744
398,1,0.4160533845424652
399,1,0.52840656042099
400,1,0.5622122883796692
401,1,0.4652387499809265
402,1,0.5908347368240356
403,1,0.48457351326942444
404,1,0.4116388261318207
405,1,0.5241851210594177
406,1,0.6655173301696777
407,1,0.42043986916542053
408,1,0.2314455807209015
409,1,0.34099361300468445
410,1,0.3489486575126648
411,1,0.35065439343452454
412,1,0.3073737919330597
413,1,0.15383151173591614
414,1,0.2572549283504486
415,1,0.30601900815963745
416,1,0.18062113225460052
417,1,0.5629096031188965
418,1,0.5515673756599426
419,1,0.5838392376899719
420,1,0.3761325180530548
421,1,0.22457237541675568
422,1,0.5673311352729797
423,1,0.57989501953125
424,1,0.6201419830322266
425,1,0.5344942212104797
426,1,0.6720507740974426
427,1,0.6456510424613953
428,1,0.6265499591827393
429,1,0.8283596038818359
430,1,0.4868890643119812
431,1,0.5967907905578613
432,1,0.5658484101295471
433,1,0.5848938822746277
434,1,0.514282763004303
435,1,0.8309764266014099
436,1,0.8358274102210999
437,1,0.4743914008140564
438,1,0.9086935520172119
439,1,0.6428980231285095
440,1,0.5661891102790833
441,1,0.8459990620613098
442,1,0.8522723913192749
443,1,0.7291250228881836
444,1,0.9657527804374695
445,1,0.389210969209671
446,1,0.48544275760650635
447,1,0.9579684734344482
448,1,0.5227542519569397
449,1,0.895839512348175
450,1,0.9642235636711121
451,1,0.6864454746246338
452,1,0.9327728152275085
453,1,0.9210705757141113
454,1,0.880194365978241
455,1,0.7387015223503113
456,1,0.9257924556732178
457,1,0.9204680323600769
458,1,0.7334190011024475
459,1,0.832000195980072
460,1,0.8758983612060547
461,1,0.7463605999946594
462,1,0.8978601098060608
463,1,0.8693300485610962
464,1,0.825419008731842
465,1,0.906275749206543
466,1,0.9052879214286804
467,1,0.9214504957199097
468,1,0.8750903010368347
469,1,0.8313012719154358
470,1,0.8549163937568665
471,1,0.9399765133857727
472,1,0.9595422148704529
473,1,0.960467517375946
474,1,0.9766949415206909
475,1,0.865239679813385
476,1,0.8670295476913452
477,1,0.8299710750579834
478,1,0.8497231602668762
479,1,0.6122229695320129
480,1,0.7451948523521423
481,1,0.8514744639396667
482,1,0.9149709343910217
483,1,0.8698975443840027
484,1,0.9121387600898743
485,1,0.9408484697341919
486,1,0.8582620024681091
487,1,0.7188773155212402
488,1,0.7763070464134216
489,1,0.8596472144126892
490,1,0.4970003664493561
491,1,0.8135400414466858
492,1,0.4958208203315735
493,1,0.8757104277610779
494,1,0.7210941314697266
495,1,0.831895112991333
496,1,0.8546810150146484
497,1,0.5394505262374878
498,1,0.09107556939125061
499,1,0.9261861443519592
500,1,0.8359257578849792
501,1,0.49649861454963684
502,1,0.4958094358444214
503,1,0.46752944588661194
504,1,0.510470449924469
505,1,0.6517910361289978
506,1,0.572792112827301
507,1,0.5073215961456299
508,1,0.41037192940711975
509,1,0.6163958311080933
510,1,0.6808050870895386
511,1,0.5633517503738403
512,1,0.5008665323257446
513,1,0.23865149915218353
514,1,0.38021859526634216
515,1,0.3078101873397827
516,1,0.21052305400371552
517,1,0.7229577898979187
518,1,0.5036134123802185
519,1,0.4124620258808136
520,1,0.16810406744480133
521,1,0.23610642552375793
522,1,0.24190665781497955
523,1,0.3002321720123291
524,1,0.48667195439338684
525,1,0.26888811588287354
526,1,0.2347615659236908
527,1,0.5350866913795471
528,1,0.6209805607795715
529,1,0.4092257022857666
530,1,0.2124129682779312
531,1,0.4378967583179474
532,1,0.3952253460884094
533,1,0.30566611886024475
534,1,0.2763451039791107
535,1,0.44839218258857727
536,1,0.5174160599708557
537,1,0.5652599334716797
538,1,0.5675773024559021
539,1,0.5244289636611938
540,1,0.46925410628318787
541,1,0.5514272451400757
542,1,0.5933296084403992
543,1,0.5978001356124878
544,1,0.75017911195755
545,1,0.6349949836730957
546,1,0.5438153743743896
547,1,0.4000616669654846
548,1,0.7899479269981384
549,1,0.7188379764556885
550,1,0.5428139567375183
551,1,0.5623206496238708
552,1,0.496271014213562
553,1,0.49622705578804016
554,1,0.5114707946777344
555,1,0.6016196608543396
556,1,0.9108389616012573
557,1,0.7811106443405151
558,1,0.4755564332008362
559,1,0.5382250547409058
560,1,0.7102434039115906
561,1,0.473818302154541
562,1,0.841391384601593
563,1,0.630948007106781
564,1,0.528954029083252
565,1,0.5604721307754517
566,1,0.6777237057685852
567,1,0.5913056135177612
568,1,0.8004338145256042
569,1,0.35526493191719055
570,1,0.4807210862636566
571,1,0.5913866758346558
572,1,0.8446485996246338
573,1,0.7936694025993347
574,1,0.9727847576141357
575,1,0.6538178324699402
576,1,0.12382355332374573
577,1,0.9457207322120667
578,1,0.4124467670917511
579,1,0.8265345096588135
580,1,0.9129571318626404
581,1,0.8835211992263794
582,1,0.7245726585388184
583,1,0.47417113184928894
584,1,0.7604649066925049
585,1,0.264204740524292
586,1,0.5336264371871948
587,1,0.9224511981010437
588,1,0.5371870994567871
589,1,0.5172193646430969
590,1,0.5308744311332703
591,1,0.5317795276641846
592,1,0.5341259241104126
593,1,0.4812905788421631
594,1,0.681124210357666
595,1,0.4529300034046173
596,1,0.5583398938179016
597,1,0.3888036608695984
598,1,0.5443784594535828
599,1,0.3930394947528839
600,1,0.8515688180923462
601,1,0.6236690282821655
602,1,0.8050865530967712
603,1,0.9758026003837585
604,1,0.8779313564300537
605,1,0.9464704990386963
606,1,0.9289035797119141
607,1,0.7894369959831238
608,1,0.844391405582428
609,1,0.7263653874397278
610,1,0.46464118361473083
611,1,0.8012821078300476
612,1,0.8779399394989014
613,1,0.850818395614624
614,1,0.5869208574295044
615,1,0.6889805197715759
616,1,0.9292417168617249
617,1,0.9032995700836182
618,1,0.5615608096122742
619,1,0.7020958662033081
620,1,0.5584210157394409
621,1,0.9060558080673218
622,1,0.5842189192771912
623,1,0.5413835644721985
624,1,0.6663586497306824
625,1,0.8219671845436096
626,1,0.7197014093399048
627,1,0.7307180166244507
628,1,0.6652992367744446
629,1,0.5154876112937927
630,1,0.7158310413360596
631,1,0.7470209002494812
632,1,0.9738239645957947
633,1,0.8480947017669678
634,1,0.8638527393341064
635,1,0.9045910835266113
636,1,0.8488104939460754
637,1,0.3358481526374817
638,1,0.7477319836616516
639,1,0.426261842250824
640,1,0.5236181616783142
641,1,0.5033214092254639
642,1,0.5052875876426697
643,1,0.8494618535041809
644,1,0.9577507972717285
645,1,0.899177610874176
646,1,0.9254601001739502
647,1,0.932140588760376
648,1,0.9428949356079102
649,1,0.8829576373100281
650,1,0.8552055954933167
651,1,0.9592689871788025
652,1,0.8880440592765808
653,1,0.7070813775062561
654,1,0.7668659687042236
655,1,0.5613639950752258
656,1,0.7576592564582825
657,1,0.8623255491256714
658,1,0.9123426079750061
659,1,0.9563965797424316
660,1,0.5750219225883484
661,1,0.7966935038566589
662,1,0.9484252333641052
663,1,0.9206929802894592
664,1,0.8694392442703247
665,1,0.9007657170295715
666,1,0.7818505167961121
667,1,0.9327848553657532
668,1,0.9099873900413513
669,1,0.5690843462944031
670,1,0.5987518429756165
671,1,0.9150345921516418
672,1,0.7643098831176758
673,1,0.9697262048721313
674,1,0.9580594897270203
675,1,0.8807913064956665
676,1,0.9228598475456238
677,1,0.9227795600891113
678,1,0.8466891050338745
679,1,0.9477209448814392
680,1,0.9362761378288269
681,1,0.8762415051460266
682,1,0.7489871382713318
683,1,0.8928316831588745
684,1,0.9370396733283997
685,1,0.9389569759368896
686,1,0.9225088357925415
687,1,0.3733089864253998
688,1,0.4263058602809906
689,1,0.7707148194313049
690,1,0.9717926979064941
691,1,0.9024140238761902
692,1,0.8817921876907349
693,1,0.9056806564331055
694,1,0.7766889929771423
695,1,0.7437542676925659
696,1,0.8665947914123535
697,1,0.8279145956039429
698,1,0.937660276889801
699,1,0.905503511428833
700,1,0.7677013874053955
701,1,0.8494610786437988
702,1,0.7848193645477295
703,1,0.7572792768478394
704,1,0.891920268535614
705,1,0.7082404494285583
706,1,0.7070282697677612
707,1,0.49424296617507935
708,1,0.8575583100318909
709,1,0.9464136362075806
710,1,0.8333781957626343
711,1,0.493439644575119
712,1,0.38948139548301697
713,1,0.43524783849716187
714,1,0.41825953125953674
715,1,0.4723319709300995
716,1,0.6294907927513123
717,1,0.2457793951034546
718,1,0.31693899631500244
719,1,0.5429575443267822
720,1,0.3771575689315796
721,1,0.23813357949256897
722,1,0.2589280605316162
723,1,0.24813583493232727
724,1,0.26125529408454895
725,1,0.45324188470840454
726,1,0.252441942691803
727,1,0.5669358372688293
728,1,0.5791657567024231
729,1,0.3226528465747833
730,1,0.32625311613082886
731,1,0.36389854550361633
732,1,0.5723066329956055
733,1,0.5035333037376404
734,1,0.4934161901473999
735,1,0.3865739405155182
736,1,0.260222852230072
737,1,0.46892112493515015
738,1,0.5985460877418518
739,1,0.5683106780052185
740,1,0.6564174294471741
741,1,0.5360830426216125
742,1,0.5695804953575134
743,1,0.5501172542572021
744,1,0.6322147250175476
745,1,0.514818549156189
746,1,0.5945321321487427
747,1,0.6992288827896118
748,1,0.7434327602386475
749,1,0.7769798040390015
750,1,0.8945107460021973
751,1,0.4497661292552948
752,1,0.7159267663955688
753,1,0.7075786590576172
754,1,0.7094649076461792
755,1,0.7306950092315674
756,1,0.46718311309814453
757,1,0.5242533087730408
758,1,0.6292688250541687
759,1,0.7919073700904846
760,1,0.7838481664657593
761,1,0.4223923087120056
762,1,0.5642029643058777
763,1,0.4425927996635437
764,1,0.6837823987007141
765,1,0.4421180486679077
766,1,0.4452328085899353
767,1,0.4588596224784851
768,1,0.7287999987602234
769,1,0.6670107245445251
770,1,0.6006053686141968
771,1,0.5378580093383789
772,1,0.887321949005127
773,1,0.5544628500938416
774,1,0.712565004825592
775,1,0.6575881838798523
776,1,0.7485240697860718
777,1,0.8663793206214905
778,1,0.7285060882568359
779,1,0.664366602897644
780,1,0.7432124018669128
781,1,0.7114046216011047
782,1,0.887575626373291
783,1,0.5924184322357178
784,1,0.4999396800994873
785,1,0.4332427978515625
786,1,0.5474874973297119
787,1,0.8875853419303894
788,1,0.8122920989990234
789,1,0.7143104672431946
790,1,0.9079236388206482
791,1,0.6009068489074707
792,1,0.36884039640426636
793,1,0.9017025232315063
794,1,0.8248570561408997
795,1,0.42894086241722107
796,1,0.751196563243866
797,1,0.6175548434257507
798,1,0.5504591464996338
799,1,0.9323170781135559
800,1,0.4009331166744232
801,1,0.5961528420448303
802,1,0.8841636776924133
803,1,0.837848424911499
804,1,0.9207401871681213
805,1,0.963753879070282
806,1,0.739021897315979
807,1,0.8648500442504883
808,1,0.7661498188972473
809,1,0.6256151795387268
810,1,0.6208634972572327
811,1,0.42789196968078613
812,1,0.5803936123847961
813,1,0.5702428221702576
814,1,0.44717004895210266
815,1,0.4964134395122528
816,1,0.7978894710540771
817,1,0.9028778076171875
818,1,0.8125032186508179
819,1,0.93175208568573
820,1,0.8934880495071411
821,1,0.7945199012756348
822,1,0.678378164768219
823,1,0.8351660966873169
824,1,0.7390075325965881
825,1,0.6081969738006592
826,1,0.7469413876533508
827,1,0.9147046208381653
828,1,0.9521933197975159
829,1,0.9334337711334229
830,1,0.920175313949585
831,1,0.8868658542633057
832,1,0.8850492835044861
833,1,0.966650664806366
834,1,0.8596112132072449
835,1,0.8426388502120972
836,1,0.6599717736244202
837,1,0.8475252389907837
838,1,0.9378629326820374
839,1,0.9019587635993958
840,1,0.961509644985199
841,1,0.8992934823036194
842,1,0.9181452989578247
843,1,0.8439893126487732
844,1,0.886780858039856
845,1,0.897121787071228
846,1,0.9383317828178406
847,1,0.9426593780517578
848,1,0.9427700638771057
849,1,0.9602369666099548
850,1,0.9395908713340759
851,1,0.8989047408103943
852,1,0.8398920297622681
853,1,0.8812088966369629
854,1,0.9702438712120056
855,1,0.95363450050354
856,1,0.936718761920929
857,1,0.17812968790531158
858,1,0.1478562206029892
859,1,0.07080581784248352
860,1,0.9100565314292908
861,1,0.11214656382799149
862,1,0.1807612180709839
863,1,0.23287270963191986
864,1,0.48747000098228455
865,1,0.9470145106315613
866,1,0.479286789894104
867,1,0.38720133900642395
868,1,0.5890387296676636
869,1,0.5866459012031555
870,1,0.46523645520210266
871,1,0.48874807357788086
872,1,0.4625249207019806
873,1,0.5475327372550964
874,1,0.6509043574333191
875,1,0.4331909716129303
876,1,0.3122778832912445
877,1,0.6827679872512817
878,1,0.4808049499988556
879,1,0.40823328495025635
880,1,0.5542256236076355
881,1,0.37840741872787476
882,1,0.5572158098220825
883,1,0.5460507869720459
884,1,0.3900885581970215
885,1,0.44045063853263855
886,1,0.38299131393432617
887,1,0.1610913872718811
888,1,0.1098858192563057
889,1,0.5873574018478394
890,1,0.41012996435165405
891,1,0.5138822197914124
892,1,0.5271967649459839
893,1,0.45223361253738403
894,1,0.6036587357521057
895,1,0.49952420592308044
896,1,0.35812559723854065
897,1,0.4536391496658325
898,1,0.43364012241363525
899,1,0.5535421371459961
900,1,0.6173225045204163
901,1,0.7460172176361084
902,1,0.6978775858879089
903,1,0.5721494555473328
904,1,0.7014114856719971
905,1,0.6137030124664307
906,1,0.7486543655395508
907,1,0.6007059216499329
908,1,0.604728639125824
909,1,0.6856630444526672
910,1,0.7462518811225891
911,1,0.33759409189224243
912,1,0.4432061016559601
913,1,0.903638482093811
914,1,0.556899905204773
915,1,0.9649784564971924
916,1,0.5123699307441711
917,1,0.588176965713501
918,1,0.7896256446838379
919,1,0.734825074672699
920,1,0.8977407217025757
921,1,0.5148292183876038
922,1,0.64653080701828
923,1,0.8325347900390625
924,1,0.8458830714225769
925,1,0.9052877426147461
926,1,0.8589790463447571
927,1,0.5561546683311462
928,1,0.6264109015464783
929,1,0.8438326716423035
930,1,0.5718048214912415
931,1,0.5376851558685303
932,1,0.44441553950309753
933,1,0.44131800532341003
934,1,0.5204060077667236
935,1,0.6828450560569763
936,1,0.8455280661582947
937,1,0.4987902045249939
938,1,0.5653185248374939
939,1,0.9312363862991333
940,1,0.5288903117179871
941,1,0.7459191083908081
942,1,0.7204870581626892
943,1,0.9165797829627991
944,1,0.7571728229522705
945,1,0.916682243347168
946,1,0.958929181098938
947,1,0.7632297873497009
948,1,0.8906672596931458
949,1,0.6956329345703125
950,1,0.8576754331588745
951,1,0.9479280710220337
952,1,0.9460511207580566
953,1,0.9606953263282776
954,1,0.4739395081996918
955,1,0.4774651527404785
956,1,0.8979789018630981
957,1,0.926105797290802
958,1,0.903495728969574
959,1,0.8799242377281189
960,1,0.9179940223693848
961,1,0.8626760840415955
962,1,0.8944150805473328
963,1,0.31408312916755676
964,1,0.7508840560913086
965,1,0.5189945101737976
966,1,0.8727580308914185
967,1,0.9071863293647766
968,1,0.9169051051139832
969,1,0.64126056432724
970,1,0.5493472218513489
971,1,0.4813641607761383
972,1,0.7449102401733398
973,1,0.9588918089866638
974,1,0.7775282263755798
975,1,0.8714345097541809
976,1,0.7340893745422363
977,1,0.5837100744247437
978,1,0.7788757085800171
979,1,0.655427098274231
980,1,0.7534327507019043
981,1,0.5910890102386475
982,1,0.8576837778091431
983,1,0.9497753977775574
984,1,0.9511951208114624
985,1,0.9422098994255066
986,1,0.9419912099838257
987,1,0.9148157835006714
988,1,0.8987323045730591
989,1,0.9239984750747681
990,1,0.9507613182067871
991,1,0.8677344918251038
992,1,0.8441911935806274
993,1,0.9153658151626587
994,1,0.6084679961204529
995,1,0.9586359262466431
996,1,0.9274365305900574
997,1,0.9687274098396301
998,1,0.8590594530105591
999,1,0.9153191447257996
1000,1,0.9278583526611328
1001,1,0.7658298015594482
1002,1,0.7251754999160767
1003,1,0.9255394339561462
1004,1,0.9523161053657532
1005,1,0.9572216272354126
1006,1,0.86219322681427
1007,1,0.23585951328277588
1008,1,0.34532251954078674
1009,1,0.3879980444908142
1010,1,0.5998887419700623
1011,1,0.5064778327941895
1012,1,0.8670809268951416
1013,1,0.9649882316589355
1014,1,0.8642756938934326
1015,1,0.9651957750320435
1016,1,0.9429254531860352
1017,1,0.9258671998977661
1018,1,0.9070441126823425
1019,1,0.7246860861778259
1020,1,0.5548238754272461
1021,1,0.6856225728988647
1022,1,0.3874306380748749
1023,1,0.7036531567573547
1024,1,0.9520323276519775
1025,1,0.9476314783096313
1026,1,0.964845597743988
1027,1,0.9712123870849609
1028,1,0.9369024038314819
1029,1,0.9472819566726685
1030,1,0.9647234678268433
1031,1,0.9670228362083435
1032,1,0.9553951025009155
1033,1,0.8956648707389832
1034,1,0.9572827219963074
1035,1,0.973136305809021
1036,1,0.970445454120636
1037,1,0.7543168067932129
1038,1,0.8803607225418091
1039,1,0.8019894957542419
1040,1,0.9344997406005859
1041,1,0.8993332982063293
1042,1,0.7987364530563354
1043,1,0.2096848338842392
1044,1,0.4944767355918884
1045,1,0.6835675835609436
1046,1,0.7537641525268555
1047,1,0.7778716087341309
1048,1,0.5684204697608948
1049,1,0.43945062160491943
1050,1,0.6573809385299683
1051,1,0.9052629470825195
1052,1,0.9562684893608093
1053,1,0.9399703145027161
1054,1,0.2687983512878418
1055,1,0.26525256037712097
1056,1,0.16860570013523102
1057,1,0.9345523118972778
1058,1,0.9185526967048645
1059,1,0.9163857698440552
1060,1,0.9518996477127075
1061,1,0.557039201259613
1062,1,0.4962346851825714
1063,1,0.49858933687210083
1064,1,0.5345966219902039
1065,1,0.6224133372306824
1066,1,0.419887900352478
1067,1,0.5713802576065063
1068,1,0.4746106266975403
1069,1,0.5723653435707092
1070,1,0.6807065606117249
1071,1,0.5878100395202637
1072,1,0.5659208297729492
1073,1,0.4028080105781555
1074,1,0.4554855525493622
1075,1,0.2316073477268219
1076,1,0.32930636405944824
1077,1,0.46956396102905273
1078,1,0.6169664859771729
1079,1,0.668317437171936
1080,1,0.7265620827674866
1081,1,0.5052498579025269
1082,1,0.6480363011360168
1083,1,0.7834512591362
1084,1,0.6230810880661011
1085,1,0.7312050461769104
1086,1,0.4514143168926239
1087,1,0.6090618968009949
1088,1,0.7543653249740601
1089,1,0.7224867939949036
1090,1,0.6757326722145081
1091,1,0.49895909428596497
1092,1,0.4948195219039917
1093,1,0.5136606693267822
1094,1,0.722993016242981
1095,1,0.6673367619514465
1096,1,0.7306152582168579
1097,1,0.4689340889453888
1098,1,0.7322751879692078
1099,1,0.741718590259552
1100,1,0.527327835559845
1101,1,0.6640715599060059
1102,1,0.528450071811676
1103,1,0.6907103657722473
1104,1,0.5134639739990234
1105,1,0.4243265390396118
1106,1,0.7015560269355774
1107,1,0.49709445238113403
1108,1,0.3972132205963135
1109,1,0.44361448287963867
1110,1,0.5447779297828674
1111,1,0.8373042345046997
1112,1,0.5151923298835754
1113,1,0.5195503234863281
1114,1,0.608055055141449
1115,1,0.5043516755104065
1116,1,0.7019029259681702
1117,1,0.48219674825668335
1118,1,0.8205941915512085
1119,1,0.6946679353713989
1120,1,0.10743279755115509
1121,1,0.6628466844558716
1122,1,0.6712701916694641
1123,1,0.5341463088989258
1124,1,0.5814598202705383
1125,1,0.6208193302154541
1126,1,0.6908747553825378
1127,1,0.39534878730773926
1128,1,0.32093438506126404
1129,1,0.5246780514717102
1130,1,0.9428833723068237
1131,1,0.5087264180183411
1132,1,0.4219214618206024
1133,1,0.7672284245491028
1134,1,0.902315616607666
1135,1,0.8382623791694641
1136,1,0.44177743792533875
1137,1,0.8432073593139648
1138,1,0.7147395014762878
1139,1,0.8731250166893005
1140,1,0.9376247525215149
1141,1,0.9526265263557434
1142,1,0.9437898397445679
1143,1,0.9502900838851929
1144,1,0.9074889421463013
1145,1,0.8771111965179443
1146,1,0.23367705941200256
1147,1,0.5306704640388489
1148,1,0.9552220106124878
1149,1,0.819853663444519
1150,1,0.9226049184799194
1151,1,0.9605739712715149
1152,1,0.9360365867614746
1153,1,0.8006904721260071
1154,1,0.9566231966018677
1155,1,0.9655287861824036
1156,1,0.9723306894302368
1157,1,0.9206143021583557
1158,1,0.9602124691009521
1159,1,0.9251558184623718
1160,1,0.9199906587600708
1161,1,0.9421945810317993
1162,1,0.8410829305648804
1163,1,0.775640606880188
1164,1,0.8506650328636169
1165,1,0.9740435481071472
1166,1,0.9628083109855652
1167,1,0.9776461720466614
1168,1,0.971877932548523
1169,1,0.5700120329856873
1170,1,0.8951634764671326
1171,1,0.7964326739311218
1172,1,0.8535005450248718
1173,1,0.8277910947799683
1174,1,0.6981698274612427
1175,1,0.8916756510734558
1176,1,0.5357140898704529
1177,1,0.5648010969161987
1178,1,0.7859520316123962
1179,1,0.1962869018316269
1180,1,0.7953136563301086
1181,1,0.6660468578338623
1182,1,0.5801939964294434
1183,1,0.9218724370002747
1184,1,0.9756982922554016
1185,1,0.9321730136871338
1186,1,0.9428842067718506
1187,1,0.8996405005455017
1188,1,0.956031084060669
1189,1,0.8490065932273865
1190,1,0.9295250773429871
1191,1,0.18433548510074615
1192,1,0.2324221134185791
1193,1,0.20486141741275787
1194,1,0.241460382938385
1195,1,0.33222946524620056
1196,1,0.8418885469436646
1197,1,0.17845897376537323
1198,1,0.24963533878326416
1199,1,0.5136342644691467
1200,1,0.7865137457847595
1201,1,0.9495092034339905
1202,1,0.9429718852043152
1203,1,0.9140473008155823
1204,1,0.5602917671203613
1205,1,0.3397364616394043
1206,1,0.44489023089408875
1207,1,0.4012157618999481
1208,1,0.37137946486473083
1209,1,0.4760856330394745
1210,1,0.46194759011268616
1211,1,0.4264674484729767
1212,1,0.4338912069797516
1213,1,0.47469082474708557
1214,1,0.37682870030403137
1215,1,0.687284529209137
1216,1,0.5054484605789185
1217,1,0.5000422596931458
1218,1,0.4335227608680725
1219,1,0.4811708927154541
1220,1,0.5168679356575012
1221,1,0.43781256675720215
1222,1,0.4009324908256531
1223,1,0.6901131272315979
1224,1,0.6854524612426758
1225,1,0.6853764653205872
1226,1,0.8136196136474609
1227,1,0.504222571849823
1228,1,0.3835970163345337
1229,1,0.4405536651611328
1230,1,0.3946763873100281
1231,1,0.4177195131778717
1232,1,0.4623430371284485
1233,1,0.6499200463294983
1234,1,0.4350217878818512
1235,1,0.44004932045936584
1236,1,0.6916616559028625
1237,1,0.33745524287223816
1238,1,0.6710228323936462
1239,1,0.6203003525733948
1240,1,0.6409848928451538
1241,1,0.4446460008621216
1242,1,0.5139511227607727
1243,1,0.5620067119598389
1244,1,0.22249813377857208
1245,1,0.5338724851608276
1246,1,0.4799162745475769
1247,1,0.45032668113708496
1248,1,0.4929472804069519
1249,1,0.4825320243835449
1250,1,0.5062810182571411
1251,1,0.5339558124542236
1252,1,0.4205136299133301
1253,1,0.6189607381820679
1254,1,0.48972928524017334
1255,1,0.5759961605072021
1256,1,0.39521241188049316
1257,1,0.44982439279556274
1258,1,0.4249503016471863
1259,1,0.3659016788005829
1260,1,0.4358808994293213
1261,1,0.31390538811683655
1262,1,0.34088653326034546
1263,1,0.39789462089538574
1264,1,0.3887387812137604
1265,1,0.49461400508880615
1266,1,0.5994067788124084
1267,1,0.44626787304878235
1268,1,0.6170890927314758
1269,1,0.6678840517997742
1270,1,0.47022727131843567
1271,1,0.5054963827133179
1272,1,0.5639545321464539
1273,1,0.4591693580150604
1274,1,0.6135510206222534
1275,1,0.5134238004684448
1276,1,0.5986501574516296
1277,1,0.40644481778144836
1278,1,0.319120854139328
1279,1,0.33597826957702637
1280,1,0.3868142366409302
1281,1,0.5801154971122742
1282,1,0.6017692685127258
1283,1,0.5949618816375732
1284,1,0.5745097398757935
1285,1,0.4378703534603119
1286,1,0.39591076970100403
1287,1,0.35133224725723267
1288,1,0.6270874738693237
1289,1,0.6520501375198364
1290,1,0.44934675097465515
1291,1,0.5945121645927429
1292,1,0.4939219355583191
1293,1,0.6581946611404419
1294,1,0.6626217365264893
1295,1,0.6358855962753296
1296,1,0.6562078595161438
1297,1,0.6740105748176575
1298,1,0.6707896590232849
1299,1,0.6681683659553528
1300,1,0.5275313854217529
1301,1,0.3908845782279968
1302,1,0.720120906829834
1303,1,0.5746106505393982
1304,1,0.47391819953918457
1305,1,0.436409056186676
1306,1,0.7256450057029724
1307,1,0.922447681427002
1308,1,0.5264164805412292
1309,1,0.6904096603393555
1310,1,0.539166271686554
1311,1,0.5705697536468506
1312,1,0.258674681186676
1313,1,0.17402446269989014
1314,1,0.4799286723136902
1315,1,0.8247901797294617
1316,1,0.7530065774917603
1317,1,0.6378193497657776
1318,1,0.8791654109954834
1319,1,0.5258676409721375
1320,1,0.8549509644508362
1321,1,0.5377277135848999
1322,1,0.7213529944419861
1323,1,0.7979862093925476
1324,1,0.944324254989624
1325,1,0.6561735272407532
1326,1,0.35993704199790955
1327,1,0.22775372862815857
1328,1,0.4243158996105194
1329,1,0.9572010040283203
1330,1,0.5920076966285706
1331,1,0.6334193348884583
1332,1,0.9580310583114624
1333,1,0.7721489667892456
1334,1,0.8416276574134827
1335,1,0.46755948662757874
1336,1,0.8640899658203125
1337,1,0.9261375069618225
1338,1,0.9658958315849304
1339,1,0.8172377347946167
1340,1,0.917705774307251
1341,1,0.9143336415290833
1342,1,0.679606020450592
1343,1,0.5663626194000244
1344,1,0.5991038084030151
1345,1,0.5185328125953674
1346,1,0.6741630434989929
1347,1,0.47900480031967163
1348,1,0.5302813649177551
1349,1,0.7007629871368408
1350,1,0.4354768395423889
1351,1,0.7838090062141418
1352,1,0.7681078314781189
1353,1,0.6386244297027588
1354,1,0.6042352914810181
1355,1,0.8921095728874207
1356,1,0.6974962949752808
1357,1,0.6452720761299133
1358,1,0.7882503271102905
1359,1,0.602517306804657
1360,1,0.8472034931182861
1361,1,0.9356813430786133
1362,1,0.799002468585968
1363,1,0.8831868171691895
1364,1,0.974464476108551
1365,1,0.4801556468009949
1366,1,0.6952057480812073
1367,1,0.8263232707977295
1368,1,0.8168001770973206
1369,1,0.934107780456543
1370,1,0.33157017827033997
1371,1,0.5079091191291809
1372,1,0.7829676270484924
1373,1,0.5126385688781738
1374,1,0.6392529010772705
1375,1,0.5996167063713074
1376,1,0.5279463529586792
1377,1,0.5319758057594299
1378,1,0.37987080216407776
1379,1,0.46246835589408875
1380,1,0.6484721302986145
1381,1,0.9557057619094849
1382,1,0.6785004734992981
1383,1,0.9614537358283997
1384,1,0.779920756816864
1385,1,0.8215433359146118
1386,1,0.9164023995399475
1387,1,0.18885421752929688
1388,1,0.7814272046089172
1389,1,0.9619553089141846
1390,1,0.9506983757019043
1391,1,0.8903722167015076
1392,1,0.8532919883728027
1393,1,0.9620124101638794
1394,1,0.9753651022911072
1395,1,0.7569448947906494
1396,1,0.8444790244102478
1397,1,0.7725327014923096
1398,1,0.9613471031188965
1399,1,0.9388223886489868
1400,1,0.9719753265380859
1401,1,0.9309701323509216
1402,1,0.8968219757080078
1403,1,0.8100080490112305
1404,1,0.8942254185676575
1405,1,0.9002058506011963
1406,1,0.9019412994384766
1407,1,0.8866388201713562
1408,1,0.8926880955696106
1409,1,0.9543493986129761
1410,1,0.8929978013038635
1411,1,0.885012686252594
1412,1,0.7970350384712219
1413,1,0.9289310574531555
1414,1,0.9594683647155762
1415,1,0.8053072690963745
1416,1,0.8645003437995911
1417,1,0.9089615345001221
1418,1,0.9438987970352173
1419,1,0.8942260146141052
1420,1,0.8511648774147034
1421,1,0.4048103392124176
1422,1,0.1930720955133438
1423,1,0.757398784160614
1424,1,0.6714221239089966
1425,1,0.8334112763404846
1426,1,0.9662209153175354
1427,1,0.9115743637084961
1428,1,0.963221549987793
1429,1,0.9203054308891296
1430,1,0.9560327529907227
1431,1,0.9347913265228271
1432,1,0.938457190990448
1433,1,0.9298332929611206
1434,1,0.8428454995155334
1435,1,0.8864525556564331
1436,1,0.3256993591785431
1437,1,0.4005330801010132
1438,1,0.820641279220581
1439,1,0.5300633907318115
1440,1,0.7300935983657837
1441,1,0.8486825823783875
1442,1,0.9297958612442017
1443,1,0.9429813027381897
1444,1,0.8872165679931641
1445,1,0.7324621677398682
1446,1,0.3460439145565033
1447,1,0.9267213940620422
1448,1,0.7786180973052979
1449,1,0.863303005695343
1450,1,0.8607852458953857
1451,1,0.7878716588020325
1452,1,0.757379949092865
1453,1,0.8785692453384399
1454,1,0.9410247802734375
1455,1,0.9281024932861328
1456,1,0.7348436713218689
1457,1,0.7681920528411865
1458,1,0.9361955523490906
1459,1,0.4218751788139343
1460,1,0.966354250907898
1461,1,0.9465392827987671
1462,1,0.9001320600509644
1463,1,0.9326441287994385
1464,1,0.9132317304611206
1465,1,0.8314525485038757
1466,1,0.9222077131271362
1467,1,0.9025447368621826
1468,1,0.7472823262214661
1469,1,0.9538475871086121
1470,1,0.5469452738761902
1471,1,0.5762007832527161
1472,1,0.33620119094848633
1473,1,0.8008283972740173
1474,1,0.8460491895675659
1475,1,0.5367045998573303
1476,1,0.5259936451911926
1477,1,0.6218003034591675
1478,1,0.4427993595600128
1479,1,0.46421709656715393
1480,1,0.409611314535141
1481,1,0.37299835681915283
1482,1,0.5034753680229187
1483,1,0.8345310091972351
1484,1,0.8754964470863342
1485,1,0.6022540926933289
1486,1,0.631014347076416
1487,1,0.7717298865318298
1488,1,0.9046831727027893
1489,1,0.759867250919342
1490,1,0.6847805380821228
1491,1,0.8300279974937439
1492,1,0.35399869084358215
1493,1,0.802341878414154
1494,1,0.8609042763710022
1495,1,0.49931737780570984
1496,1,0.729091227054596
1497,1,0.9109216928482056
1498,1,0.8479761481285095
1499,1,0.7340623140335083
1500,1,0.9405156970024109
1501,1,0.6543405055999756
1502,1,0.6344712376594543
1503,1,0.5507355332374573
1504,1,0.7270867824554443
1505,1,0.5399879813194275
1506,1,0.5959113836288452
1507,1,0.7510027289390564
1508,1,0.7537983655929565
1509,1,0.5714078545570374
1510,1,0.4599941670894623
1511,1,0.9727264642715454
1512,1,0.9698278903961182
1513,1,0.39533600211143494
1514,1,0.7209084630012512
1515,1,0.6714784502983093
1516,1,0.8864319920539856
1517,1,0.8792705535888672
1518,1,0.7133212089538574
1519,1,0.9582154154777527
1520,1,0.9606308341026306
1521,1,0.4722580313682556
1522,1,0.902770459651947
1523,1,0.5597644448280334
1524,1,0.7079323530197144
1525,1,0.8507662415504456
1526,1,0.9025002717971802
1527,1,0.5168842077255249
1528,1,0.8254510164260864
1529,1,0.9259898662567139
1530,1,0.6076078414916992
1531,1,0.8013498783111572
1532,1,0.9458974003791809
1533,1,0.9597656726837158
1534,1,0.9427428841590881
1535,1,0.7151979804039001
1536,1,0.6726030111312866
1537,1,0.6882675290107727
1538,1,0.6339121460914612
1539,1,0.9155207276344299
1540,1,0.4651305377483368
1541,1,0.772251546382904
1542,1,0.7828431725502014
1543,1,0.8767962455749512
1544,1,0.5820558071136475
1545,1,0.47011828422546387
1546,1,0.7970288991928101
1547,1,0.5836500525474548
1548,1,0.7041569352149963
1549,1,0.7013590335845947
1550,1,0.9026761054992676
1551,1,0.7497798800468445
1552,1,0.7286784052848816
1553,1,0.9481537342071533
1554,1,0.9260796308517456
1555,1,0.8093955516815186
1556,1,0.9523999094963074
1557,1,0.9483919143676758
1558,1,0.8758276700973511
1559,1,0.9311144948005676
1560,1,0.8909173607826233
1561,1,0.4566500186920166
1562,1,0.7773048877716064
1563,1,0.8692412972450256
1564,1,0.8220882415771484
1565,1,0.9076921939849854
1566,1,0.9474267363548279
1567,1,0.8571956157684326
1568,1,0.850669264793396
1569,1,0.8416675925254822
1570,1,0.9618359804153442
1571,1,0.9668744802474976
1572,1,0.9016445875167847
1573,1,0.9144015312194824
1574,1,0.8858522772789001
1575,1,0.9236976504325867
1576,1,0.9196037650108337
1577,1,0.945970356464386
1578,1,0.9491146206855774
1579,1,0.9134761095046997
1580,1,0.9120947122573853
1581,1,0.9518116116523743
1582,1,0.9053811430931091
1583,1,0.6601293087005615
1584,1,0.8669711351394653
1585,1,0.8231473565101624
1586,1,0.8533231019973755
1587,1,0.8162980675697327
1588,1,0.9330613613128662
1589,1,0.9592894315719604
1590,1,0.9029855132102966
1591,1,0.9534063935279846
1592,1,0.9406951665878296
1593,1,0.9304779767990112
1594,1,0.9482707381248474
1595,1,0.8311258554458618
1596,1,0.9248645305633545
1597,1,0.9691970348358154
1598,1,0.8171055316925049
1599,1,0.9499990940093994
1600,1,0.9316164255142212
1601,1,0.9038445949554443
1602,1,0.8901066184043884
1603,1,0.9443981647491455
1604,1,0.9492519497871399
1605,1,0.5632423162460327
1606,1,0.9418708682060242
1607,1,0.6065489053726196
1608,1,0.9748030304908752
1609,1,0.9496172070503235
1610,1,0.8460721373558044
1611,1,0.8610140085220337
1612,1,0.9650265574455261
1613,1,0.9335339069366455
1614,1,0.7079967856407166
1615,1,0.7820842862129211
1616,1,0.9577300548553467
1617,1,0.38397619128227234
1618,1,0.8306453824043274
1619,1,0.6358603835105896
1620,1,0.7714293599128723
1621,1,0.8750278949737549
1622,1,0.8547270894050598
1623,1,0.7553543448448181
1624,1,0.8106409311294556
1625,1,0.9064224362373352
1626,1,0.7921983599662781
1627,1,0.8438457250595093
1628,1,0.5048593878746033
1629,1,0.8726522326469421
1630,1,0.4280269742012024
1631,1,0.8976131677627563
1632,1,0.6217426061630249
1633,1,0.48613789677619934
1634,1,0.9323683977127075
1635,1,0.675159752368927
1636,1,0.8004010319709778
1637,1,0.5352698564529419
1638,1,0.40856295824050903
1639,1,0.6094183325767517
1640,1,0.925747811794281
1641,1,0.5319049954414368
1642,1,0.7144641280174255
1643,1,0.9115715622901917
1644,1,0.9546264410018921
1645,1,0.9075523614883423
1646,1,0.44332537055015564
1647,1,0.106480672955513
1648,1,0.13519397377967834
1649,1,0.1059625893831253
1650,1,0.13487128913402557
1651,1,0.15871037542819977
1652,1,0.11488005518913269
1653,1,0.11347420513629913
1654,1,0.30331817269325256
1655,1,0.08295930922031403
1656,1,0.056457359343767166
1657,1,0.0944901704788208
1658,1,0.07091622054576874
1659,1,0.19357699155807495
1660,1,0.10241768509149551
1661,1,0.0363251157104969
1662,1,0.22356286644935608
1663,1,0.9514073133468628
1664,1,0.9082107543945312
1665,1,0.92933189868927
1666,1,0.8017213940620422
1667,1,0.8748136162757874
1668,1,0.8625088930130005
1669,1,0.9377444386482239
1670,1,0.42311325669288635
1671,1,0.1224750205874443
1672,1,0.2207428514957428
1673,1,0.5624363422393799
1674,1,0.889523983001709
1675,1,0.9404429197311401
1676,1,0.9560573697090149
1677,1,0.6054818034172058
1678,1,0.8709033131599426
1679,1,0.44118013978004456
1680,1,0.931659460067749
1681,1,0.8728142976760864
1682,1,0.9134859442710876
1683,1,0.7094379663467407
1684,1,0.2872881293296814
1685,1,0.7934101223945618
1686,1,0.8955381512641907
1687,1,0.5573346614837646
1688,1,0.4234616160392761
1689,1,0.5345454812049866
1690,1,0.8805666565895081
1691,1,0.8752838373184204
1692,1,0.3946075737476349
1693,1,0.8222787976264954
1694,1,0.9205299615859985
1695,1,0.7677452564239502
1696,1,0.9495335817337036
1697,1,0.9643165469169617
1698,1,0.28159642219543457
1699,1,0.8705538511276245
1700,1,0.9291068911552429
1701,1,0.07914887368679047
1702,1,0.8582119345664978
1703,1,0.8972533345222473
1704,1,0.6875341534614563
1705,1,0.5242358446121216
1706,1,0.7596723437309265
1707,1,0.9761225581169128
1708,1,0.5381200909614563
1709,1,0.7199993133544922
1710,1,0.8566464781761169
1711,1,0.9243878722190857
1712,1,0.5135012865066528
1713,1,0.516128659248352
1714,1,0.4796791672706604
1715,1,0.4243508279323578
1716,1,0.4560002386569977
1717,1,0.5364204049110413
1718,1,0.46689966320991516
1719,1,0.8942171335220337
1720,1,0.748755931854248
1721,1,0.8829323053359985
1722,1,0.5540790557861328
1723,1,0.9154913425445557
1724,1,0.5917894840240479
1725,1,0.964400589466095
1726,1,0.9177460074424744
1727,1,0.8933435082435608
1728,1,0.3641321361064911
1729,1,0.9466148018836975
1730,1,0.9250619411468506
1731,1,0.8673763871192932
1732,1,0.8212319016456604
1733,1,0.4288179874420166
1734,1,0.5450628995895386
1735,1,0.9586905837059021
1736,1,0.9204161167144775
1737,1,0.8612557053565979
1738,1,0.9573285579681396
1739,1,0.6355385184288025
1740,1,0.42153453826904297
1741,1,0.678798258304596
1742,1,0.8923019170761108
1743,1,0.9645304083824158
1744,1,0.8935242891311646
1745,1,0.4360780417919159
1746,1,0.9091819524765015
1747,1,0.7019853591918945
1748,1,0.925430953502655
1749,1,0.9601542949676514
1750,1,0.7895548343658447
1751,1,0.9689546823501587
1752,1,0.8846839666366577
1753,1,0.9408643245697021
1754,1,0.23887304961681366
1755,1,0.5169602632522583
1756,1,0.8762696385383606
1757,1,0.8059523105621338
1758,1,0.8696208596229553
1759,1,0.8783875107765198
1760,1,0.9424915313720703
1761,1,0.8010867834091187
1762,1,0.6580119132995605
1763,1,0.9449241161346436
1764,1,0.5620682239532471
1765,1,0.946932315826416
1766,1,0.9523604512214661
1767,1,0.8634808659553528
1768,1,0.8849980235099792
1769,1,0.7872187495231628
1770,1,0.9096513986587524
1771,1,0.5202400088310242
1772,1,0.9590461850166321
1773,1,0.8546621203422546
1774,1,0.7062888741493225
1775,1,0.7943308353424072
1776,1,0.8991096019744873
1777,1,0.5892499089241028
1778,1,0.9545848369598389
1779,1,0.6656524538993835
1780,1,0.48530086874961853
1781,1,0.9412773251533508
1782,1,0.8432117700576782
1783,1,0.966455340385437
1784,1,0.9087916016578674
1785,1,0.9093142747879028
1786,1,0.9739328026771545
1787,1,0.9406720995903015
1788,1,0.912120521068573
1789,1,0.44938457012176514
1790,1,0.8633291125297546
1791,1,0.9574859142303467
1792,1,0.7760046124458313
1793,1,0.9144599437713623
1794,1,0.7525020241737366
1795,1,0.9001554250717163
1796,1,0.8261646032333374
1797,1,0.812289834022522
1798,1,0.704139769077301
1799,1,0.47475093603134155
1800,1,0.801712155342102
1801,1,0.5361549854278564
1802,1,0.49555504322052
1803,1,0.5663149356842041
1804,1,0.9029827117919922
1805,1,0.7492726445198059
1806,1,0.9249317049980164
1807,1,0.5100647211074829
1808,1,0.4224838316440582
1809,1,0.7954325675964355
1810,1,0.7423533201217651
1811,1,0.9561747312545776
1812,1,0.9355997443199158
1813,1,0.7725714445114136
1814,1,0.8046963214874268
1815,1,0.97124844789505
1816,1,0.9105426073074341
1817,1,0.5069089531898499
1818,1,0.4279094338417053
1819,1,0.5077328085899353
1820,1,0.8229922652244568
1821,1,0.8105644583702087
1822,1,0.7909234166145325
1823,1,0.869779646396637
1824,1,0.8995423316955566
1825,1,0.9425501823425293
1826,1,0.8549129962921143
1827,1,0.6911572217941284
1828,1,0.8574753999710083
1829,1,0.5613782405853271
1830,1,0.8207583427429199
1831,1,0.9312898516654968
1832,1,0.5570670366287231
1833,1,0.9386559724807739
1834,1,0.9218218326568604
1835,1,0.7143388390541077
1836,1,0.5488631129264832
1837,1,0.6605238914489746
1838,1,0.5617080330848694
1839,1,0.6141207218170166
1840,1,0.5576973557472229
1841,1,0.7175500988960266
1842,1,0.5628511309623718
1843,1,0.577167272567749
1844,1,0.9386857151985168
1845,1,0.6510426998138428
1846,1,0.5320305228233337
1847,1,0.7800680994987488
1848,1,0.5858383774757385
1849,1,0.7289742231369019
1850,1,0.8018161058425903
1851,1,0.8578448295593262
1852,1,0.9041792750358582
1853,1,0.8650994300842285
1854,1,0.9774444103240967
1855,1,0.4723062217235565
1856,1,0.9049570560455322
1857,1,0.7773606181144714
1858,1,0.5526250004768372
1859,1,0.8558429479598999
1860,1,0.9553481340408325
1861,1,0.5584501624107361
1862,1,0.36978548765182495
1863,1,0.4966244101524353
1864,1,0.716052234172821
1865,1,0.5504528284072876
1866,1,0.846687912940979
1867,1,0.8781728148460388
1868,1,0.5313605666160583
1869,1,0.9269709587097168
1870,1,0.5212318897247314
1871,1,0.9306505918502808
1872,1,0.625545084476471
1873,1,0.8616942167282104
1874,1,0.5953176617622375
1875,1,0.9671885371208191
1876,1,0.5040371417999268
1877,1,0.46432191133499146
1878,1,0.5029699802398682
1879,1,0.362283319234848
1880,1,0.38094407320022583
1881,1,0.6670564413070679
1882,1,0.44523099064826965
1883,1,0.5644654631614685
1884,1,0.49429959058761597
1885,1,0.4290221333503723
1886,1,0.6637848019599915
1887,1,0.6895523071289062
1888,1,0.44573140144348145
1889,1,0.38800689578056335
1890,1,0.5641472339630127
1891,1,0.8811903595924377
1892,1,0.7631117105484009
1893,1,0.5750322937965393
1894,1,0.8815914392471313
1895,1,0.0689716786146164
1896,1,0.8754643201828003
1897,1,0.5175433158874512
1898,1,0.9108763337135315
1899,1,0.4683676064014435
1900,1,0.4111660420894623
1901,1,0.43537062406539917
1902,1,0.49378150701522827
1903,1,0.6086991429328918
1904,1,0.8967717885971069
1905,1,0.6998589038848877
1906,1,0.570901095867157
1907,1,0.8535397052764893
1908,1,0.43809089064598083
1909,1,0.3865210711956024
1910,1,0.501808226108551
1911,1,0.25591418147087097
1912,1,0.6930646896362305
1913,1,0.3293985426425934
1914,1,0.7160385847091675
1915,1,0.8449667692184448
1916,1,0.4723769724369049
1917,1,0.8595200777053833
1918,1,0.8080837726593018
1919,1,0.8521177172660828
1920,1,0.6310001611709595
1921,1,0.6213046312332153
1922,1,0.919753909111023
1923,1,0.9093579649925232
1924,1,0.80673748254776
1925,1,0.883148193359375
1926,1,0.6822829246520996
1927,1,0.9550426006317139
1928,1,0.9700254201889038
1929,1,0.8878359794616699
1930,1,0.9448630809783936
1931,1,0.9716748595237732
1932,1,0.9279115200042725
1933,1,0.607201874256134
1934,1,0.5496557354927063
1935,1,0.6328042149543762
1936,1,0.9425722360610962
1937,1,0.9213895797729492
1938,1,0.8140788674354553
1939,1,0.7670758366584778
1940,1,0.9389621615409851
1941,1,0.6356300711631775
1942,1,0.6867192983627319
1943,1,0.9301311373710632
1944,1,0.932052731513977
1945,1,0.9361985921859741
1946,1,0.9082105755805969
1947,1,0.2564389705657959
1948,1,0.9635882377624512
1949,1,0.9100165367126465
1950,1,0.49366995692253113
1951,1,0.8622620701789856
1952,1,0.493336021900177
1953,1,0.9163215160369873
1954,1,0.8247097134590149
1955,1,0.690085768699646
1956,1,0.9378180503845215
1957,1,0.9457747936248779
1958,1,0.9446046352386475
1959,1,0.9610016942024231
1960,1,0.7177360653877258
1961,1,0.9661422967910767
1962,1,0.8260303139686584
1963,1,0.9120427370071411
1964,1,0.7961046695709229
1965,1,0.9606078267097473
1966,1,0.8943901062011719
1967,1,0.8452519178390503
1968,1,0.663737416267395
1969,1,0.9078287482261658
1970,1,0.5260614156723022
1971,1,0.9429415464401245
1972,1,0.7931625843048096
1973,1,0.9500027894973755
1974,1,0.5453979969024658
1975,1,0.9204804301261902
1976,1,0.6924799084663391
1977,1,0.7947613000869751
1978,1,0.6234999299049377
1979,1,0.481048583984375
1980,1,0.5799654722213745
1981,1,0.37692990899086
1982,1,0.1494293063879013
1983,1,0.6255851984024048
1984,1,0.3963337242603302
1985,1,0.5265714526176453
1986,1,0.3699106276035309
1987,1,0.4561082422733307
1988,0,0.15333810448646545
1989,0,0.5907236337661743
1990,0,0.659197986125946
1991,0,0.5247043967247009
1992,0,0.3104035556316376
1993,0,0.5662437081336975
1994,0,0.5334057211875916
1995,0,0.5367863774299622
1996,0,0.2596971392631531
1997,0,0.5807822346687317
1998,0,0.06807364523410797
1999,0,0.3560841977596283
2000,0,0.44717004895210266
2001,0,0.02606790140271187
2002,0,0.4430413246154785
2003,0,0.2323567420244217
2004,0,0.23582971096038818
2005,0,0.45869696140289307
2006,0,0.1737246811389923
2007,0,0.06160566583275795
2008,0,0.677078902721405
2009,0,0.3498212695121765
2010,0,0.3904644846916199
2011,0,0.5274007320404053
2012,0,0.7786857485771179
2013,0,0.05164020135998726
2014,0,0.5472480654716492
2015,0,0.6040762662887573
2016,0,0.22677218914031982
2017,0,0.07738794386386871
2018,0,0.5172463655471802
2019,0,0.8389711380004883
2020,0,0.14904285967350006
2021,0,0.47327113151550293
2022,0,0.4652162492275238
2023,0,0.4614182710647583
2024,0,0.037584152072668076
2025,0,0.5199630856513977
2026,0,0.2045219987630844
2027,0,0.06281633675098419
2028,0,0.6417123079299927
2029,0,0.5077216625213623
2030,0,0.4758675694465637
2031,0,0.43459352850914
2032,0,0.33303356170654297
2033,0,0.20105068385601044
2034,0,0.11264729499816895
2035,0,0.5590857863426208
2036,0,0.46287158131599426
2037,0,0.05635826662182808
2038,0,0.04146481305360794
2039,0,0.10379215329885483
2040,0,0.46865156292915344
2041,0,0.06355369836091995
2042,0,0.42311325669288635
2043,0,0.3366939425468445
2044,0,0.03436853736639023
2045,0,0.5188672542572021
2046,0,0.3398148715496063
2047,0,0.207449808716774
2048,0,0.5371959209442139
2049,0,0.45458027720451355
2050,0,0.15431489050388336
2051,0,0.526174008846283
2052,0,0.31023746728897095
2053,0,0.09004346281290054
2054,0,0.5537406206130981
2055,0,0.7233542799949646
2056,0,0.6022306680679321
2057,0,0.4758675694465637
2058,0,0.08389509469270706
2059,0,0.41510796546936035
2060,0,0.3182561993598938
2061,0,0.08821054548025131
2062,0,0.016502680256962776
2063,0,0.45032668113708496
2064,0,0.04478408396244049
2065,0,0.5249782204627991
2066,0,0.46990686655044556
2067,0,0.22506935894489288
2068,0,0.4776221215724945
2069,0,0.5028679966926575
2070,0,0.37126287817955017
2071,0,0.3631001114845276
2072,0,0.2878522574901581
2073,0,0.14396031200885773
2074,0,0.0765957310795784
2075,0,0.4601055085659027
2076,0,0.25496867299079895
2077,0,0.5267969965934753
2078,0,0.5565152168273926
2079,0,0.4208381772041321
2080,0,0.5076244473457336
2081,0,0.8890423774719238
2082,0,0.06325464695692062
2083,0,0.6839850544929504
2084,0,0.43651825189590454
2085,0,0.6111854910850525
2086,0,0.09917021542787552
2087,0,0.1531185507774353
2088,0,0.45333418250083923
2089,0,0.30877429246902466
2090,0,0.31347692012786865
2091,0,0.548119843006134
2092,0,0.10720492899417877
2093,0,0.34817805886268616
2094,0,0.0793960690498352
2095,0,0.5604843497276306
2096,0,0.21722744405269623
2097,0,0.5440373420715332
2098,0,0.2863539159297943
2099,0,0.13476483523845673
2100,0,0.28162696957588196
2101,0,0.41985419392585754
2102,0,0.29582479596138
2103,0,0.819861650466919
2104,0,0.4218751788139343
2105,0,0.5795815587043762
2106,0,0.26190489530563354
2107,0,0.1975264549255371
2108,0,0.23726962506771088
2109,0,0.05906638503074646
2110,0,0.5010022521018982
2111,0,0.18424680829048157
2112,0,0.43749910593032837
2113,0,0.3414883017539978
2114,0,0.24496391415596008
2115,0,0.05494510009884834
2116,0,0.29423364996910095
2117,0,0.5393134951591492
2118,0,0.3927852511405945
2119,0,0.3981805741786957
2120,0,0.5114309191703796
2121,0,0.46783900260925293
2122,0,0.08256525546312332
2123,0,0.5043688416481018
2124,0,0.03253523260354996
2125,0,0.1531381607055664
2126,0,0.8322120308876038
2127,0,0.4786635935306549
2128,0,0.18317911028862
2129,0,0.3908834755420685
2130,0,0.38197723031044006
2131,0,0.7275378704071045
2132,0,0.39893293380737305
2133,0,0.1528952568769455
2134,0,0.5175433158874512
2135,0,0.5603821873664856
2136,0,0.3573552668094635
2137,0,0.1841176599264145
2138,0,0.5320894122123718
2139,0,0.5851390361785889
2140,0,0.4529179334640503
2141,0,0.03379040211439133
2142,0,0.39163738489151
2143,0,0.3644850254058838
2144,0,0.4055955410003662
2145,0,0.6352308392524719
2146,0,0.3952154815196991
2147,0,0.5422301292419434
2148,0,0.4604552090167999
2149,0,0.3365175426006317
2150,0,0.9098085761070251
2151,0,0.7208665609359741
2152,0,0.1689986288547516
2153,0,0.07398898899555206
2154,0,0.21198239922523499
2155,0,0.32900863885879517
2156,0,0.17611946165561676
2157,0,0.5794022679328918
2158,0,0.04853776842355728
2159,0,0.4086275100708008
2160,0,0.146344855427742
2161,0,0.09502837061882019
2162,0,0.3023277819156647
2163,0,0.6135643124580383
2164,0,0.45371222496032715
2165,0,0.2530238628387451
2166,0,0.16586293280124664
2167,0,0.6311296224594116
2168,0,0.08838905394077301
2169,0,0.24535229802131653
2170,0,0.13502876460552216
2171,0,0.5021389722824097
2172,0,0.47613006830215454
2173,0,0.691328227519989
2174,0,0.4218751788139343
2175,0,0.11322145164012909
2176,0,0.06906592845916748
2177,0,0.04544096067547798
2178,0,0.04784473031759262
2179,0,0.10800253599882126
2180,0,0.45458027720451355
2181,0,0.5032198429107666
2182,0,0.42999178171157837
2183,0,0.43813425302505493
2184,0,0.10366857051849365
2185,0,0.3066648542881012
2186,0,0.114968441426754
2187,0,0.4931366741657257
2188,0,0.4858366847038269
2189,0,0.44737762212753296
2190,0,0.5764422416687012
2191,0,0.4215908944606781
2192,0,0.3329426646232605
2193,0,0.1892477571964264
2194,0,0.07975942641496658
2195,0,0.3150337338447571
2196,0,0.13399015367031097
2197,0,0.37447839975357056
2198,0,0.33266687393188477
2199,0,0.4758675694465637
2200,0,0.5237571001052856
2201,0,0.24999254941940308
2202,0,0.5966042280197144
2203,0,0.3952774405479431
2204,0,0.23156052827835083
2205,0,0.20105938613414764
2206,0,0.17290396988391876
2207,0,0.07453940808773041
2208,0,0.3258479833602905
2209,0,0.4345373511314392
2210,0,0.13664227724075317
2211,0,0.056057676672935486
2212,0,0.21332088112831116
2213,0,0.4884068965911865
2214,0,0.43057674169540405
2215,0,0.44478604197502136
2216,0,0.023644637316465378
2217,0,0.6120975613594055
2218,0,0.48714059591293335
2219,0,0.4786635935306549
2220,0,0.4616580903530121
2221,0,0.4066868722438812
2222,0,0.19272266328334808
2223,0,0.03050299920141697
2224,0,0.185862198472023
2225,0,0.43414807319641113
2226,0,0.8106025457382202
2227,0,0.21177539229393005
2228,0,0.5282989144325256
2229,0,0.0634634867310524
2230,0,0.5559410452842712
2231,0,0.49528029561042786
2232,0,0.3205704689025879
2233,0,0.05842886492609978
2234,0,0.18144245445728302
2235,0,0.2557341158390045
2236,0,0.4608728289604187
2237,0,0.47329336404800415
2238,0,0.7068604230880737
2239,0,0.16744160652160645
2240,0,0.041521165519952774
2241,0,0.10606534779071808
2242,0,0.10895667970180511
2243,0,0.30991414189338684
2244,0,0.013922246173024178
2245,0,0.20765353739261627
2246,0,0.02155320718884468
2247,0,0.5713909864425659
2248,0,0.5937885642051697
2249,0,0.49344775080680847
2250,0,0.06932494044303894
2251,0,0.43468940258026123
2252,0,0.290471613407135
2253,0,0.6838615536689758
2254,0,0.4786635935306549
2255,0,0.3097771406173706
2256,0,0.262299120426178
2257,0,0.09314753115177155
2258,0,0.06726465374231339
2259,0,0.2666957378387451
2260,0,0.7990689873695374
2261,0,0.25539112091064453
2262,0,0.5208390355110168
2263,0,0.5947462916374207
2264,0,0.9222542643547058
2265,0,0.2870296239852905
2266,0,0.871016800403595
2267,0,0.36444637179374695
2268,0,0.49366846680641174
2269,0,0.5162049531936646
2270,0,0.0167648047208786
2271,0,0.0936574786901474
2272,0,0.34114938974380493
2273,0,0.3898925185203552
2274,0,0.6285527944564819
2275,0,0.5609663128852844
2276,0,0.20909260213375092
2277,0,0.2505207359790802
2278,0,0.6330881714820862
2279,0,0.6022224426269531
2280,0,0.5540215969085693
2281,0,0.04354872182011604
2282,0,0.0934482291340828
2283,0,0.4245700240135193
2284,0,0.4638079106807709
2285,0,0.1766778528690338
2286,0,0.1834816038608551
2287,0,0.12258663028478622
2288,0,0.8611702919006348
2289,0,0.36889445781707764
2290,0,0.4758675694465637
2291,0,0.15700669586658478
2292,0,0.22385556995868683
2293,0,0.20976026356220245
2294,0,0.43474364280700684
2295,0,0.10135763138532639
2296,0,0.5547347664833069
2297,0,0.1287500113248825
2298,0,0.525860607624054
2299,0,0.5270609259605408
2300,0,0.444723516702652
2301,0,0.4218751788139343
2302,0,0.027137508615851402
2303,0,0.19842059910297394
2304,0,0.48402053117752075
2305,0,0.47679710388183594
2306,0,0.22184769809246063
2307,0,0.4463054835796356
2308,0,0.12200246006250381
2309,0,0.46320870518684387
2310,0,0.449866384267807
2311,0,0.0969126969575882
2312,0,0.15867802500724792
2313,0,0.2621285319328308
2314,0,0.2253679484128952
2315,0,0.399392694234848
2316,0,0.26272088289260864
2317,0,0.11254721879959106
2318,0,0.6230927109718323
2319,0,0.10014937072992325
2320,0,0.06532517075538635
2321,0,0.5370805263519287
2322,0,0.7479812502861023
2323,0,0.16899894177913666
2324,0,0.19062520563602448
2325,0,0.5648084282875061
2326,0,0.2802900969982147
2327,0,0.24463412165641785
2328,0,0.44237157702445984
2329,0,0.05120643228292465
2330,0,0.3284415602684021
2331,0,0.14330583810806274
2332,0,0.04604988172650337
2333,0,0.5307464003562927
2334,0,0.08402260392904282
2335,0,0.15138019621372223
2336,0,0.045294128358364105
2337,0,0.2257615625858307
2338,0,0.4902772307395935
2339,0,0.3070662319660187
2340,0,0.5489394068717957
2341,0,0.6875110268592834
2342,0,0.18622933328151703
2343,0,0.4147087633609772
2344,0,0.0476946085691452
2345,0,0.23560667037963867
2346,0,0.1783791333436966
2347,0,0.16448527574539185
2348,0,0.46756792068481445
2349,0,0.17837120592594147
2350,0,0.3723462224006653
2351,0,0.10729490965604782
2352,0,0.501895546913147
2353,0,0.4786635935306549
2354,0,0.5696579813957214
2355,0,0.1262611597776413
2356,0,0.1736932098865509
2357,0,0.49505430459976196
2358,0,0.265377014875412
2359,0,0.47497308254241943
2360,0,0.4425548315048218
2361,0,0.4135831296443939
2362,0,0.24714699387550354
2363,0,0.28928449749946594
2364,0,0.40986210107803345
2365,0,0.7040223479270935
2366,0,0.6602352261543274
2367,0,0.49859726428985596
2368,0,0.4293055534362793
2369,0,0.11732148379087448
2370,0,0.5549957752227783
2371,0,0.19889971613883972
2372,0,0.6271985173225403
2373,0,0.37500452995300293
2374,0,0.2805866599082947
2375,0,0.4251655042171478
2376,0,0.5781605243682861
2377,0,0.1559792011976242
2378,0,0.2126687616109848
2379,0,0.20672810077667236
2380,0,0.370931476354599
2381,0,0.2534112334251404
2382,0,0.05030263960361481
2383,0,0.10954419523477554
2384,0,0.2667355537414551
2385,0,0.3324877917766571
2386,0,0.5563542246818542
2387,0,0.4630197286605835
2388,0,0.4124373495578766
2389,0,0.4414363503456116
2390,0,0.18013380467891693
2391,0,0.9628534913063049
2392,0,0.03401187062263489
2393,0,0.0826629102230072
2394,0,0.051273100078105927
2395,0,0.49390900135040283
2396,0,0.7742270231246948
2397,0,0.49884870648384094
2398,0,0.7355263829231262
2399,0,0.5606622099876404
2400,0,0.5164456963539124
2401,0,0.12061871588230133
2402,0,0.16575254499912262
2403,0,0.3281630277633667
2404,0,0.04143202677369118
2405,0,0.6205651760101318
2406,0,0.4488604664802551
2407,0,0.3150562644004822
2408,0,0.27790161967277527
2409,0,0.0865895077586174
2410,0,0.5225080251693726
2411,0,0.14912369847297668
2412,0,0.15447257459163666
2413,0,0.4983481168746948
2414,0,0.34235256910324097
2415,0,0.07000941038131714
2416,0,0.5719868540763855
2417,0,0.36975759267807007
2418,0,0.6318688988685608
2419,0,0.4624383747577667
2420,0,0.05173555016517639
2421,0,0.4376910924911499
2422,0,0.5124264359474182
2423,0,0.0454203337430954
2424,0,0.25459277629852295
2425,0,0.3365122079849243
2426,0,0.554204523563385
2427,0,0.36489173769950867
2428,0,0.2531222999095917
2429,0,0.5132451057434082
2430,0,0.5177508592605591
2431,0,0.8581976890563965
2432,0,0.5099216103553772
2433,0,0.2613863945007324
2434,0,0.5384956002235413
2435,0,0.4218751788139343
2436,0,0.18225623667240143
2437,0,0.3546828329563141
2438,0,0.10028892755508423
2439,0,0.1098012700676918
2440,0,0.2390097677707672
2441,0,0.4690994918346405
2442,0,0.2047526091337204
2443,0,0.38181400299072266
2444,0,0.15768030285835266
2445,0,0.5113829970359802
2446,0,0.6792834401130676
2447,0,0.08157309144735336
2448,0,0.40804100036621094
2449,0,0.45458027720451355
2450,0,0.25872185826301575
2451,0,0.9637656807899475
2452,0,0.09629616141319275
2453,0,0.321843683719635
2454,0,0.1019190177321434
2455,0,0.8713615536689758
2456,0,0.06987312436103821
2457,0,0.11253397911787033
2458,0,0.06170972064137459
2459,0,0.06092318519949913
2460,0,0.13382448256015778
2461,0,0.1852438747882843
2462,0,0.6707983016967773
2463,0,0.054155342280864716
2464,0,0.5077768564224243
2465,0,0.9671661257743835
2466,0,0.017050430178642273
2467,0,0.3667004108428955
2468,0,0.7054170370101929
2469,0,0.04472750052809715
2470,0,0.5693793296813965
2471,0,0.35481682419776917
2472,0,0.5311194658279419
2473,0,0.6141068339347839
2474,0,0.751924991607666
2475,0,0.03542681038379669
2476,0,0.5157179236412048
2477,0,0.5627476572990417
2478,0,0.7654886841773987
2479,0,0.3129259943962097
2480,0,0.24686796963214874
2481,0,0.386276513338089
2482,0,0.5148096084594727
2483,0,0.5630449652671814
2484,0,0.4002670645713806
2485,0,0.12306661158800125
2486,0,0.2708299458026886
2487,0,0.22774526476860046
2488,0,0.05823375657200813
2489,0,0.09208034723997116
2490,0,0.07942503690719604
2491,0,0.07217757403850555
2492,0,0.28348827362060547
2493,0,0.13469213247299194
2494,0,0.6652669310569763
2495,0,0.8558329343795776
2496,0,0.6183106303215027
2497,0,0.3509899079799652
2498,0,0.11740823835134506
2499,0,0.48350396752357483
2500,0,0.267653226852417
2501,0,0.8997294902801514
2502,0,0.22016260027885437
2503,0,0.2066648304462433
2504,0,0.07871422171592712
2505,0,0.4218751788139343
2506,0,0.2325579673051834
2507,0,0.4957391321659088
2508,0,0.4218751788139343
2509,0,0.04936189576983452
2510,0,0.7402892112731934
2511,0,0.38329818844795227
2512,0,0.4550270736217499
2513,0,0.3191320300102234
2514,0,0.5069959759712219
2515,0,0.09939093142747879
2516,0,0.251073956489563
2517,0,0.49156454205513
2518,0,0.40148812532424927
2519,0,0.027604764327406883
2520,0,0.1298217475414276
2521,0,0.3179295063018799
2522,0,0.5676727294921875
2523,0,0.4032164216041565
2524,0,0.18037208914756775
2525,0,0.6566578149795532
2526,0,0.8482869863510132
2527,0,0.08245649933815002
2528,0,0.33763670921325684
2529,0,0.13032138347625732
2530,0,0.10290716588497162
2531,0,0.23178425431251526
2532,0,0.06340009719133377
2533,0,0.18272165954113007
2534,0,0.18658842146396637
2535,0,0.4758675694465637
2536,0,0.37844377756118774
2537,0,0.1633494794368744
2538,0,0.4965812563896179
2539,0,0.298367977142334
2540,0,0.46512579917907715
2541,0,0.6737805008888245
2542,0,0.3909952938556671
2543,0,0.45919424295425415
2544,0,0.8894367814064026
2545,0,0.5147340893745422
2546,0,0.09681860357522964
2547,0,0.14866749942302704
2548,0,0.5286638140678406
2549,0,0.2572777569293976
2550,0,0.6448070406913757
2551,0,0.5371660590171814
2552,0,0.1754731833934784
2553,0,0.4768534302711487
2554,0,0.42866531014442444
2555,0,0.4942648112773895
2556,0,0.4314904808998108
2557,0,0.17493155598640442
2558,0,0.6141518354415894
2559,0,0.22873619198799133
2560,0,0.1887054294347763
2561,0,0.582450807094574
2562,0,0.4049125909805298
2563,0,0.11228548735380173
2564,0,0.3687671720981598
2565,0,0.10194697231054306
2566,0,0.10255981981754303
2567,0,0.24768401682376862
2568,0,0.07779797911643982
2569,0,0.7228386998176575
2570,0,0.23514792323112488
2571,0,0.3494659960269928
2572,0,0.5510364174842834
2573,0,0.35816076397895813
2574,0,0.30293282866477966
2575,0,0.5964788794517517
2576,0,0.5756412148475647
2577,0,0.3501521348953247
2578,0,0.04995262995362282
2579,0,0.30149585008621216
2580,0,0.2920612096786499
2581,0,0.8927584886550903
2582,0,0.6610122919082642
2583,0,0.16109885275363922
2584,0,0.02363228239119053
2585,0,0.47709593176841736
2586,0,0.7627986669540405
2587,0,0.42311325669288635
2588,0,0.8511849641799927
2589,0,0.6714917421340942
2590,0,0.13395445048809052
2591,0,0.21499712765216827
2592,0,0.8908382058143616
2593,0,0.2757601737976074
2594,0,0.20026788115501404
2595,0,0.4479050636291504
2596,0,0.2928597033023834
2597,0,0.20000267028808594
2598,0,0.10967762768268585
2599,0,0.04784095659852028
2600,0,0.5292099118232727
2601,0,0.5333722829818726
2602,0,0.14375713467597961
2603,0,0.3105787932872772
2604,0,0.2519388496875763
2605,0,0.4300210475921631
2606,0,0.5184116959571838
2607,0,0.5843958258628845
2608,0,0.6940405964851379
2609,0,0.6175183057785034
2610,0,0.18438586592674255
2611,0,0.5261905193328857
2612,0,0.6007711887359619
2613,0,0.4589979946613312
2614,0,0.2120819091796875
2615,0,0.0405118502676487
2616,0,0.04414178431034088
2617,0,0.1989753097295761
2618,0,0.06066669523715973
2619,0,0.4377220571041107
2620,0,0.6479200124740601
2621,0,0.4331054985523224
2622,0,0.4837365448474884
2623,0,0.36953744292259216
2624,0,0.2755681574344635
2625,0,0.44107696413993835
2626,0,0.23149774968624115
2627,0,0.11085581034421921
2628,0,0.4061966836452484
2629,0,0.3268243670463562
2630,0,0.5567001104354858
2631,0,0.2968692183494568
2632,0,0.4429747760295868
2633,0,0.3890281915664673
2634,0,0.11750786006450653
2635,0,0.5647338628768921
2636,0,0.12381177395582199
2637,0,0.45731911063194275
2638,0,0.244978129863739
2639,0,0.6454244256019592
2640,0,0.5025498867034912
2641,0,0.5281153321266174
2642,0,0.13238687813282013
2643,0,0.5792804956436157
2644,0,0.3664211928844452
2645,0,0.17645707726478577
2646,0,0.4429747760295868
2647,0,0.2232191562652588
2648,0,0.1867353618144989
2649,0,0.07699088752269745
2650,0,0.08426088839769363
2651,0,0.042405251413583755
2652,0,0.06337663531303406
2653,0,0.22308465838432312
2654,0,0.07212632894515991
2655,0,0.08618079870939255
2656,0,0.03275303542613983
2657,0,0.23414050042629242
2658,0,0.35892587900161743
2659,0,0.21376875042915344
2660,0,0.3528066873550415
2661,0,0.24078583717346191
2662,0,0.6986799240112305
2663,0,0.04261384904384613
2664,0,0.7821363806724548
2665,0,0.414651095867157
2666,0,0.321485310792923
2667,0,0.06862965226173401
2668,0,0.7923356890678406
2669,0,0.42813244462013245
2670,0,0.3128683567047119
2671,0,0.19173738360404968
2672,0,0.23772656917572021
2673,0,0.06619112193584442
2674,0,0.07663106173276901
2675,0,0.4368172883987427
2676,0,0.19412879645824432
2677,0,0.059442538768053055
2678,0,0.08146720379590988
2679,0,0.4794463515281677
2680,0,0.4841320812702179
2681,0,0.04513121396303177
2682,0,0.14505122601985931
2683,0,0.9339905381202698
2684,0,0.1119622215628624
2685,0,0.9359815120697021
2686,0,0.5177980065345764
2687,0,0.5379393100738525
2688,0,0.5942754149436951
2689,0,0.05499916523694992
2690,0,0.2889726758003235
2691,0,0.29482826590538025
2692,0,0.44286832213401794
2693,0,0.6400449275970459
2694,0,0.17275477945804596
2695,0,0.5802403688430786
2696,0,0.5181399583816528
2697,0,0.6293348670005798
2698,0,0.23932605981826782
2699,0,0.42547768354415894
2700,0,0.0760933980345726
2701,0,0.3630041480064392
2702,0,0.5454290509223938
2703,0,0.16502021253108978
2704,0,0.44717004895210266
2705,0,0.07795917987823486
2706,0,0.37902921438217163
2707,0,0.2008545845746994
2708,0,0.4481332302093506
2709,0,0.3132633864879608
2710,0,0.3800758421421051
2711,0,0.515896201133728
2712,0,0.3717566132545471
2713,0,0.05736025050282478
2714,0,0.4773223400115967
2715,0,0.20501559972763062
2716,0,0.5296228528022766
2717,0,0.5048593878746033
2718,0,0.8245507478713989
2719,0,0.12584546208381653
2720,0,0.4832167625427246
2721,0,0.1762862503528595
2722,0,0.2870473563671112
2723,0,0.1327085942029953
2724,0,0.18148860335350037
2725,0,0.031757522374391556
2726,0,0.2396189272403717
2727,0,0.297073632478714
2728,0,0.10613751411437988
2729,0,0.03907010704278946
2730,0,0.5709460973739624
2731,0,0.19482609629631042
2732,0,0.5701535940170288
2733,0,0.5940999388694763
2734,0,0.16979503631591797
2735,0,0.5558954477310181
2736,0,0.2161647379398346
2737,0,0.5296173691749573
2738,0,0.06686441600322723
2739,0,0.3642718493938446
2740,0,0.5065622329711914
2741,0,0.30933916568756104
2742,0,0.24656054377555847
2743,0,0.629815399646759
2744,0,0.15043999254703522
2745,0,0.38094356656074524
2746,0,0.39233723282814026
2747,0,0.24215897917747498
2748,0,0.3488192558288574
2749,0,0.8096133470535278
2750,0,0.33243975043296814
2751,0,0.5390812158584595
2752,0,0.02765927091240883
2753,0,0.05225849524140358
2754,0,0.16013476252555847
2755,0,0.9558535218238831
2756,0,0.11227723956108093
2757,0,0.9227384924888611
2758,0,0.09488426893949509
2759,0,0.09059576690196991
2760,0,0.45032668113708496
2761,0,0.34037837386131287
2762,0,0.18567641079425812
2763,0,0.13233064115047455
2764,0,0.39940884709358215
2765,0,0.6532663106918335
2766,0,0.7526999115943909
2767,0,0.10156631469726562
2768,0,0.5084158778190613
2769,0,0.22057119011878967
2770,0,0.1370692253112793
2771,0,0.16930322349071503
2772,0,0.29646584391593933
2773,0,0.18416820466518402
2774,0,0.293673038482666
2775,0,0.3475192189216614
2776,0,0.47606927156448364
2777,0,0.0701540857553482
2778,0,0.41278180480003357
2779,0,0.3975491225719452
2780,0,0.44102609157562256
2781,0,0.22938737273216248
2782,0,0.45069095492362976
2783,0,0.4117822051048279
2784,0,0.36369413137435913
2785,0,0.38506269454956055
2786,0,0.43487030267715454
2787,0,0.3255801796913147
2788,0,0.7156774401664734
2789,0,0.46644383668899536
2790,0,0.5394319295883179
2791,0,0.6832790970802307
2792,0,0.6020472645759583
2793,0,0.48983725905418396
2794,0,0.29583290219306946
2795,0,0.17547884583473206
2796,0,0.04687659442424774
2797,0,0.35936644673347473
2798,0,0.6906810998916626
2799,0,0.5044553875923157
2800,0,0.5175433158874512
2801,0,0.15835453569889069
2802,0,0.9636725783348083
2803,0,0.33467966318130493
2804,0,0.6393091678619385
2805,0,0.024521799758076668
2806,0,0.10855308175086975
2807,0,0.5234729051589966
2808,0,0.3365122377872467
2809,0,0.42713817954063416
2810,0,0.4005262851715088
2811,0,0.01552069652825594
2812,0,0.08900997042655945
2813,0,0.08822135627269745
2814,0,0.6744376420974731
2815,0,0.10382357984781265
2816,0,0.25355637073516846
2817,0,0.3165307343006134
2818,0,0.1490352749824524
2819,0,0.3615792989730835
2820,0,0.5989307165145874
2821,0,0.1549573838710785
2822,0,0.38929101824760437
2823,0,0.22333744168281555
2824,0,0.21363219618797302
2825,0,0.6678920388221741
2826,0,0.06037282571196556
2827,0,0.45458027720451355
2828,0,0.8990591764450073
2829,0,0.08629307150840759
2830,0,0.2963937520980835
2831,0,0.414326548576355
2832,0,0.5516037344932556
2833,0,0.5205727815628052
2834,0,0.041781168431043625
2835,0,0.30726951360702515
2836,0,0.3809756934642792
2837,0,0.23787930607795715
2838,0,0.2655952572822571
2839,0,0.5922755599021912
2840,0,0.5871521830558777
2841,0,0.3664551377296448
2842,0,0.3386995196342468
2843,0,0.27398741245269775
2844,0,0.8758917450904846
2845,0,0.5009625554084778
2846,0,0.24647977948188782
2847,0,0.09127277135848999
2848,0,0.24276481568813324
2849,0,0.42057475447654724
2850,0,0.7000020146369934
2851,0,0.13480734825134277
2852,0,0.04295831546187401
2853,0,0.104207843542099
2854,0,0.5778698325157166
2855,0,0.9033350944519043
2856,0,0.32434919476509094
2857,0,0.3645155429840088
2858,0,0.16369180381298065
2859,0,0.2134871929883957
2860,0,0.695319652557373
2861,0,0.5077651143074036
2862,0,0.2943595051765442
2863,0,0.0824032723903656
2864,0,0.1502736657857895
2865,0,0.06195789948105812
2866,0,0.1590769737958908
2867,0,0.9361071586608887
2868,0,0.20704127848148346
2869,0,0.33204901218414307
2870,0,0.6827045679092407
2871,0,0.5262671113014221
2872,0,0.09063421934843063
2873,0,0.44855374097824097
2874,0,0.4367462396621704
2875,0,0.3932931125164032
2876,0,0.5037800669670105
2877,0,0.5770490169525146
2878,0,0.18170441687107086
2879,0,0.6820220351219177
2880,0,0.15710033476352692
2881,0,0.4072394073009491
2882,0,0.14695152640342712
2883,0,0.4568873941898346
2884,0,0.2575487792491913
2885,0,0.16838310658931732
2886,0,0.12185291200876236
2887,0,0.5741029381752014
2888,0,0.14736004173755646
2889,0,0.32736122608184814
2890,0,0.1630525439977646
2891,0,0.06433123350143433
2892,0,0.13394951820373535
2893,0,0.17372064292430878
2894,0,0.35900264978408813
2895,0,0.5292075872421265
2896,0,0.4671931564807892
2897,0,0.4966641664505005
2898,0,0.7022184133529663
2899,0,0.27363935112953186
2900,0,0.8851324319839478
2901,0,0.4493328630924225
2902,0,0.4669364094734192
2903,0,0.10361725091934204
2904,0,0.07735525071620941
2905,0,0.37689682841300964
2906,0,0.06287308782339096
2907,0,0.942430317401886
2908,0,0.051126878708601
2909,0,0.5612959861755371
2910,0,0.507170557975769
2911,0,0.20155538618564606
2912,0,0.05667956918478012
2913,0,0.31067588925361633
2914,0,0.47133269906044006
2915,0,0.26066654920578003
2916,0,0.09600440412759781
2917,0,0.7267271280288696
2918,0,0.21312753856182098
2919,0,0.46892696619033813
2920,0,0.14502829313278198
2921,0,0.5506712198257446
2922,0,0.5597259998321533
2923,0,0.008899985812604427
2924,0,0.41684627532958984
2925,0,0.6484686732292175
2926,0,0.3737203776836395
2927,0,0.2286434918642044
2928,0,0.4662245213985443
2929,0,0.5246241092681885
2930,0,0.43472370505332947
2931,0,0.3978677988052368
2932,0,0.39626821875572205
2933,0,0.4646274149417877
2934,0,0.2056107223033905
2935,0,0.3899293541908264
2936,0,0.5026566386222839
2937,0,0.024370446801185608
2938,0,0.2218671292066574
2939,0,0.1041291132569313
2940,0,0.0923677384853363
2941,0,0.035547610372304916
2942,0,0.10480649769306183
2943,0,0.3983031213283539
2944,0,0.39923688769340515
2945,0,0.11241738498210907
2946,0,0.30559760332107544
2947,0,0.23935124278068542
2948,0,0.12601371109485626
2949,0,0.09176667034626007
2950,0,0.36505985260009766
2951,0,0.5161975622177124
2952,0,0.3317008912563324
2953,0,0.45442670583724976
2954,0,0.16120609641075134
2955,0,0.14913903176784515
2956,0,0.721930742263794
2957,0,0.39969679713249207
2958,0,0.7610676884651184
2959,0,0.45032668113708496
2960,0,0.06720267981290817
2961,0,0.28413125872612
2962,0,0.5988585948944092
2963,0,0.11549114435911179
2964,0,0.518528938293457
2965,0,0.6633392572402954
2966,0,0.4525207579135895
2967,0,0.41011929512023926
2968,0,0.5300379395484924
2969,0,0.35931912064552307
2970,0,0.5515033006668091
2971,0,0.9478315711021423
2972,0,0.5441219210624695
2973,0,0.15961100161075592
2974,0,0.147649347782135
2975,0,0.19494275748729706
2976,0,0.04597143456339836
2977,0,0.34540069103240967
2978,0,0.4946569800376892
2979,0,0.01860595867037773
2980,0,0.053027261048555374
2981,0,0.3920082747936249
2982,0,0.09860023856163025
2983,0,0.393154114484787
2984,0,0.4934867322444916
2985,0,0.4025963842868805
2986,0,0.04692691192030907
2987,0,0.3781879246234894
2988,0,0.32654449343681335
2989,0,0.49758484959602356
2990,0,0.35605761408805847
2991,0,0.3481101095676422
2992,0,0.5597608685493469
2993,0,0.2860509753227234
2994,0,0.2967050075531006
2995,0,0.4382477104663849
2996,0,0.1949487328529358
2997,0,0.5177195072174072
2998,0,0.21343855559825897
2999,0,0.3907183110713959
3000,0,0.3973086476325989
3001,0,0.6188144683837891
3002,0,0.5861960053443909
3003,0,0.5592650175094604
3004,0,0.19488763809204102
3005,0,0.0429929681122303
3006,0,0.127517431974411
3007,0,0.3593181371688843
3008,0,0.4548393785953522
3009,0,0.7794385552406311
3010,0,0.22029481828212738
3011,0,0.37364462018013
3012,0,0.6952484250068665
3013,0,0.17265193164348602
3014,0,0.12729574739933014
3015,0,0.038854844868183136
3016,0,0.7712869048118591
3017,0,0.9402951598167419
3018,0,0.7642074227333069
3019,0,0.13305066525936127
3020,0,0.23315276205539703
3021,0,0.7464950084686279
3022,0,0.4409206509590149
3023,0,0.7447609305381775
3024,0,0.4120131731033325
3025,0,0.692348837852478
3026,0,0.41058987379074097
3027,0,0.19503335654735565
3028,0,0.44622209668159485
3029,0,0.15553833544254303
3030,0,0.46062400937080383
3031,0,0.5584359169006348
3032,0,0.22309453785419464
3033,0,0.17190617322921753
3034,0,0.437686026096344
3035,0,0.40484559535980225
3036,0,0.48739975690841675
3037,0,0.42954546213150024
3038,0,0.4980006515979767
3039,0,0.30990734696388245
3040,0,0.2887704372406006
3041,0,0.22995884716510773
3042,0,0.60463947057724
3043,0,0.2422221153974533
3044,0,0.7390288710594177
3045,0,0.3336993157863617
3046,0,0.18990379571914673
3047,0,0.3081373870372772
3048,0,0.5562023520469666
3049,0,0.5005849003791809
3050,0,0.22255979478359222
3051,0,0.5497622489929199
3052,0,0.2794880270957947
3053,0,0.2741157114505768
3054,0,0.3183136284351349
3055,0,0.40595167875289917
3056,0,0.5170068144798279
3057,0,0.20674383640289307
3058,0,0.15390512347221375
3059,0,0.07142411172389984
3060,0,0.8849084377288818
3061,0,0.027288176119327545
3062,0,0.053396075963974
3063,0,0.7524392604827881
3064,0,0.10531065613031387
3065,0,0.4218751788139343
3066,0,0.34739091992378235
3067,0,0.35127291083335876
3068,0,0.4562757611274719
3069,0,0.05867414176464081
3070,0,0.47287043929100037
3071,0,0.25232893228530884
3072,0,0.3939066529273987
3073,0,0.21301332116127014
3074,0,0.44175687432289124
3075,0,0.111722432076931
3076,0,0.5068193674087524
3077,0,0.612443745136261
3078,0,0.40227290987968445
3079,0,0.517539918422699
3080,0,0.37855231761932373
3081,0,0.28163284063339233
3082,0,0.17790037393569946
3083,0,0.4758675694465637
3084,0,0.11752118915319443
3085,0,0.19842109084129333
3086,0,0.6188572645187378
3087,0,0.507898211479187
3088,0,0.15967313945293427
3089,0,0.052013617008924484
3090,0,0.16117647290229797
3091,0,0.023956771939992905
3092,0,0.14923521876335144
3093,0,0.8116414546966553
3094,0,0.4614250063896179
3095,0,0.4090987741947174
3096,0,0.27558523416519165
3097,0,0.31651607155799866
3098,0,0.0979812741279602
3099,0,0.037074532359838486
3100,0,0.09934762865304947
3101,0,0.5324363112449646
3102,0,0.0453035905957222
3103,0,0.18971878290176392
3104,0,0.5582413077354431
3105,0,0.3696043789386749
3106,0,0.5109896063804626
3107,0,0.24905036389827728
3108,0,0.01604568585753441
3109,0,0.16439244151115417
3110,0,0.5283681750297546
3111,0,0.20162402093410492
3112,0,0.11877710372209549
3113,0,0.15193352103233337
3114,0,0.21628938615322113
3115,0,0.0376325286924839
3116,0,0.055395085364580154
3117,0,0.4839080572128296
3118,0,0.4679427742958069
3119,0,0.38189658522605896
3120,0,0.30240434408187866
3121,0,0.40584856271743774
3122,0,0.44212186336517334
3123,0,0.5260103940963745
3124,0,0.2030327469110489
3125,0,0.462274968624115
3126,0,0.18451452255249023
3127,0,0.18324796855449677
3128,0,0.4800701141357422
3129,0,0.2272053062915802
3130,0,0.8767421841621399
3131,0,0.02126706950366497
3132,0,0.12986131012439728
3133,0,0.10456191748380661
3134,0,0.5888580679893494
3135,0,0.43818333745002747
3136,0,0.20324796438217163
3137,0,0.3080908954143524
3138,0,0.695590615272522
3139,0,0.8880227208137512
3140,0,0.06807567179203033
3141,0,0.38144412636756897
3142,0,0.328845739364624
3143,0,0.46947965025901794
3144,0,0.4727345407009125
3145,0,0.5236753225326538
3146,0,0.5384628772735596
3147,0,0.21548524498939514
3148,0,0.6546377539634705
3149,0,0.1604692041873932
3150,0,0.24564610421657562
3151,0,0.45612818002700806
3152,0,0.0628238171339035
3153,0,0.4639425277709961
3154,0,0.5034297108650208
3155,0,0.3163969814777374
3156,0,0.0593331903219223
3157,0,0.09223160892724991
3158,0,0.407650887966156
3159,0,0.10082034021615982
3160,0,0.05475252494215965
3161,0,0.4952363669872284
3162,0,0.08117512613534927
3163,0,0.20881099998950958
3164,0,0.10093945264816284
3165,0,0.5687887668609619
3166,0,0.8748041391372681
3167,0,0.43605467677116394
3168,0,0.16993945837020874
3169,0,0.6350749731063843
3170,0,0.10692210495471954
3171,0,0.04978524520993233
3172,0,0.5132133364677429
3173,0,0.44487324357032776
3174,0,0.3093074560165405
3175,0,0.4558696448802948
3176,0,0.8324903249740601
3177,0,0.037324462085962296
3178,0,0.5255644917488098
3179,0,0.5722905993461609
3180,0,0.24965022504329681
3181,0,0.22396497428417206
3182,0,0.5516253709793091
3183,0,0.9074363112449646
3184,0,0.3893878161907196
3185,0,0.0767761692404747
3186,0,0.12209010869264603
3187,0,0.4555743932723999
3188,0,0.5627216696739197
3189,0,0.24295082688331604
3190,0,0.12969276309013367
3191,0,0.45730164647102356
3192,0,0.5032176375389099
3193,0,0.27479830384254456
3194,0,0.04788202792406082
3195,0,0.4778355658054352
3196,0,0.42311325669288635
3197,0,0.3114185035228729
3198,0,0.14147305488586426
3199,0,0.6748082637786865
3200,0,0.05807546526193619
3201,0,0.3803505599498749
3202,0,0.051103971898555756
3203,0,0.23099982738494873
3204,0,0.06104401499032974
3205,0,0.2540108859539032
3206,0,0.09254223853349686
3207,0,0.45032668113708496
3208,0,0.1874680072069168
3209,0,0.4360790252685547
3210,0,0.25137943029403687
3211,0,0.36805087327957153
3212,0,0.20351257920265198
3213,0,0.7609419822692871
3214,0,0.6567223072052002
3215,0,0.3393760621547699
3216,0,0.5131402611732483
3217,0,0.07250717282295227
3218,0,0.4689609706401825
3219,0,0.034157026559114456
3220,0,0.47985267639160156
3221,0,0.07763276249170303
3222,0,0.05798962712287903
3223,0,0.04325888678431511
3224,0,0.5826096534729004
3225,0,0.583244264125824
3226,0,0.21498550474643707
3227,0,0.2202713042497635
3228,0,0.805997371673584
3229,0,0.1974562108516693
3230,0,0.31880906224250793
3231,0,0.038434308022260666
3232,0,0.5891703963279724
3233,0,0.4218751788139343
3234,0,0.17462944984436035
3235,0,0.5477307438850403
3236,0,0.019027162343263626
3237,0,0.6008883714675903
3238,0,0.1806005984544754
3239,0,0.265313982963562
3240,0,0.16668805480003357
3241,0,0.12525491416454315
3242,0,0.33197325468063354
3243,0,0.24394463002681732
3244,0,0.14901143312454224
3245,0,0.26973503828048706
3246,0,0.02848791889846325
3247,0,0.37162986397743225
3248,0,0.3679037392139435
3249,0,0.1478591114282608
3250,0,0.22635379433631897
3251,0,0.36372876167297363
3252,0,0.44023481011390686
3253,0,0.2675621211528778
3254,0,0.07503030449151993
3255,0,0.11003508418798447
3256,0,0.022059597074985504
3257,0,0.05921992287039757
3258,0,0.4786635935306549
3259,0,0.5175433158874512
3260,0,0.6059010624885559
3261,0,0.45651164650917053
3262,0,0.20413480699062347
3263,0,0.4758675694465637
3264,0,0.2598804533481598
3265,0,0.10503850877285004
3266,0,0.22116397321224213
3267,0,0.16091232001781464
3268,0,0.022579845041036606
3269,0,0.14076411724090576
3270,0,0.30659762024879456
3271,0,0.493982195854187
3272,0,0.5593343377113342
3273,0,0.6072632074356079
3274,0,0.9414008259773254
3275,0,0.7138420343399048
3276,0,0.6688719987869263
3277,0,0.4429747760295868
3278,0,0.09900753945112228
3279,0,0.4168168604373932
3280,0,0.3570612370967865
3281,0,0.04778671637177467
3282,0,0.37800294160842896
3283,0,0.7655056118965149
3284,0,0.921241819858551
3285,0,0.13461308181285858
3286,0,0.07143101096153259
3287,0,0.0831465795636177
3288,0,0.06334754079580307
3289,0,0.46057453751564026
3290,0,0.0871073305606842
3291,0,0.8388441801071167
3292,0,0.07117228955030441
3293,0,0.03669236600399017
3294,0,0.7753650546073914
3295,0,0.1771571785211563
3296,0,0.6756625175476074
3297,0,0.21349892020225525
3298,0,0.04589653015136719
3299,0,0.5258664488792419
3300,0,0.5360087752342224
3301,0,0.14097720384597778
3302,0,0.42311325669288635
3303,0,0.06709185242652893
3304,0,0.35345780849456787
3305,0,0.1446441262960434
3306,0,0.6724446415901184
3307,0,0.16882480680942535
3308,0,0.16327747702598572
3309,0,0.08601171523332596
3310,0,0.4275764226913452
3311,0,0.8290470242500305
3312,0,0.28450414538383484
3313,0,0.4399418532848358
3314,0,0.7391233444213867
3315,0,0.08288241922855377
3316,0,0.4193888008594513
3317,0,0.22014188766479492
3318,0,0.3678402900695801
3319,0,0.4749997556209564
3320,0,0.6155429482460022
3321,0,0.44055432081222534
3322,0,0.41610515117645264
3323,0,0.05478593707084656
3324,0,0.1585141271352768
3325,0,0.15042543411254883
3326,0,0.457100510597229
3327,0,0.06030094996094704
3328,0,0.06306923925876617
3329,0,0.731467068195343
3330,0,0.7611563801765442
3331,0,0.7855514883995056
3332,0,0.08096146583557129
3333,0,0.5552283525466919
3334,0,0.25830164551734924
3335,0,0.7758011817932129
3336,0,0.27167367935180664
3337,0,0.48524606227874756
3338,0,0.6116000413894653
3339,0,0.08507919311523438
3340,0,0.5164339542388916
3341,0,0.16612888872623444
3342,0,0.25089994072914124
3343,0,0.043583501130342484
3344,0,0.7283278703689575
3345,0,0.6625061631202698
3346,0,0.09274843335151672
3347,0,0.5273194909095764
3348,0,0.15913227200508118
3349,0,0.12369603663682938
3350,0,0.2748880088329315
3351,0,0.039850447326898575
3352,0,0.09882527589797974
3353,0,0.443196177482605
3354,0,0.4789823293685913
3355,0,0.3573000133037567
3356,0,0.3597705662250519
3357,0,0.1424713432788849
3358,0,0.6428546905517578
3359,0,0.48113179206848145
3360,0,0.040697868913412094
3361,0,0.4915671944618225
3362,0,0.2772493064403534
3363,0,0.22503577172756195
3364,0,0.2652880549430847
3365,0,0.601863443851471
3366,0,0.020112523809075356
3367,0,0.6131122708320618
3368,0,0.5872955918312073
3369,0,0.08723313361406326
3370,0,0.4068507254123688
3371,0,0.38083940744400024
3372,0,0.1451178938150406
3373,0,0.4183483123779297
3374,0,0.5562126040458679
3375,0,0.5761758089065552
3376,0,0.15667854249477386
3377,0,0.5113390684127808
3378,0,0.42311325669288635
3379,0,0.2770642936229706
3380,0,0.8855413198471069
3381,0,0.03550058230757713
3382,0,0.1038123145699501
3383,0,0.4429747760295868
3384,0,0.44470417499542236
3385,0,0.18901753425598145
3386,0,0.02544460818171501
3387,0,0.1843271106481552
3388,0,0.3337167203426361
3389,0,0.09455783665180206
3390,0,0.5503779053688049
3391,0,0.32501786947250366
3392,0,0.06130033731460571
3393,0,0.5068994760513306
3394,0,0.6505939364433289
3395,0,0.19729459285736084
3396,0,0.8633660674095154
3397,0,0.4344797730445862
3398,0,0.2553658187389374
3399,0,0.5542902946472168
3400,0,0.24614855647087097
3401,0,0.287527859210968
3402,0,0.18098458647727966
3403,0,0.21858377754688263
3404,0,0.06583691388368607
3405,0,0.5461180210113525
3406,0,0.11095752567052841
3407,0,0.11637019366025925
3408,0,0.10637973248958588
3409,0,0.030681569129228592
3410,0,0.6884449124336243
3411,0,0.07234592735767365
3412,0,0.9425348043441772
3413,0,0.8099831342697144
3414,0,0.29733869433403015
3415,0,0.15067337453365326
3416,0,0.10015129297971725
3417,0,0.13733091950416565
3418,0,0.5313729643821716
3419,0,0.4832570552825928
3420,0,0.3742595911026001
3421,0,0.4669971466064453
3422,0,0.34528663754463196
3423,0,0.3473495841026306
3424,0,0.45032668113708496
3425,0,0.620340883731842
3426,0,0.010476972907781601
3427,0,0.5281626582145691
3428,0,0.512847363948822
3429,0,0.7531335353851318
3430,0,0.3811253309249878
3431,0,0.42427295446395874
3432,0,0.518814206123352
3433,0,0.11042746156454086
3434,0,0.6337087750434875
3435,0,0.0861654207110405
3436,0,0.6849597692489624
3437,0,0.5824484825134277
3438,0,0.23392033576965332
3439,0,0.25371795892715454
3440,0,0.5065762996673584
3441,0,0.09539426863193512
3442,0,0.25592032074928284
3443,0,0.5621984004974365
3444,0,0.14483316242694855
3445,0,0.3345300853252411
3446,0,0.28568175435066223
3447,0,0.6162111163139343
3448,0,0.3361067771911621
3449,0,0.06670310348272324
3450,0,0.06943993270397186
3451,0,0.5175433158874512
3452,0,0.6287315487861633
3453,0,0.4993893802165985
3454,0,0.41582757234573364
3455,0,0.18306535482406616
3456,0,0.02107417955994606
3457,0,0.04727661609649658
3458,0,0.017172571271657944
3459,0,0.5084148645401001
3460,0,0.5069881081581116
3461,0,0.1360224485397339
3462,0,0.8659963011741638
3463,0,0.5643740296363831
3464,0,0.5245833992958069
3465,0,0.036606013774871826
3466,0,0.5474627614021301
3467,0,0.284907728433609
3468,0,0.7026445865631104
3469,0,0.15076816082000732
3470,0,0.17072631418704987
3471,0,0.4658624529838562
3472,0,0.384272962808609
3473,0,0.3963104486465454
3474,0,0.6982961893081665
3475,0,0.22473981976509094
3476,0,0.4646155536174774
3477,0,0.8727498650550842
3478,0,0.4332354962825775
3479,0,0.7951123118400574
3480,0,0.07686013728380203
3481,0,0.23473724722862244
3482,0,0.5144619941711426
3483,0,0.425096333026886
3484,0,0.15634050965309143
3485,0,0.4303974509239197
3486,0,0.5181922316551208
3487,0,0.2025495171546936
3488,0,0.5332680344581604
3489,0,0.022234195843338966
3490,0,0.4843714237213135
3491,0,0.44992804527282715
3492,0,0.587797224521637
3493,0,0.8315742015838623
3494,0,0.5267845392227173
3495,0,0.40428662300109863
3496,0,0.6014800667762756
3497,0,0.32374507188796997
3498,0,0.47153013944625854
3499,0,0.4149531424045563
3500,0,0.3764162063598633
3501,0,0.33943265676498413
3502,0,0.32467275857925415
3503,0,0.06402066349983215
3504,0,0.5039746165275574
3505,0,0.32944411039352417
3506,0,0.11220188438892365
3507,0,0.737866997718811
3508,0,0.03555887192487717
3509,0,0.1398768126964569
3510,0,0.5882936716079712
3511,0,0.8005836009979248
3512,0,0.03508061543107033
3513,0,0.3994695842266083
3514,0,0.44871726632118225
3515,0,0.36484798789024353
3516,0,0.3905520439147949
3517,0,0.39461660385131836
3518,0,0.25355011224746704
3519,0,0.05899284407496452
3520,0,0.3118421733379364
3521,0,0.44553667306900024
3522,0,0.723243236541748
3523,0,0.041467390954494476
3524,0,0.09314718097448349
3525,0,0.543753445148468
3526,0,0.7629455924034119
3527,0,0.45032668113708496
3528,0,0.42471376061439514
3529,0,0.4893168807029724
3530,0,0.13610823452472687
3531,0,0.50499427318573
3532,0,0.3319135010242462
3533,0,0.6803427338600159
3534,0,0.7611252069473267
3535,0,0.3914475440979004
3536,0,0.5098231434822083
3537,0,0.1737309694290161
3538,0,0.23019884526729584
3539,0,0.11940902471542358
3540,0,0.12972384691238403
3541,0,0.4471890926361084
3542,0,0.7979706525802612
3543,0,0.07921888679265976
3544,0,0.14371252059936523
3545,0,0.12989474833011627
3546,0,0.5405840277671814
3547,0,0.10112155973911285
3548,0,0.3842281699180603
3549,0,0.39688611030578613
3550,0,0.511324942111969
3551,0,0.17189539968967438
3552,0,0.2504773736000061
3553,0,0.2595526874065399
3554,0,0.5552027821540833
3555,0,0.1384163498878479
3556,0,0.04062987118959427
3557,0,0.29883190989494324
3558,0,0.9374378323554993
3559,0,0.5559736490249634
3560,0,0.4696716368198395
3561,0,0.098853200674057
3562,0,0.23740674555301666
3563,0,0.8296507000923157
3564,0,0.47515442967414856
3565,0,0.6051283478736877
3566,0,0.06461665779352188
3567,0,0.41585808992385864
3568,0,0.03255479410290718
3569,0,0.29596415162086487
3570,0,0.11626774072647095
3571,0,0.04678328335285187
3572,0,0.5065197944641113
3573,0,0.9182683229446411
3574,0,0.46473973989486694
3575,0,0.048697542399168015
3576,0,0.07071858644485474
3577,0,0.6012216210365295
3578,0,0.08540032804012299
3579,0,0.1395510584115982
3580,0,0.22194482386112213
3581,0,0.17377153038978577
3582,0,0.06966299563646317
3583,0,0.06831195205450058
3584,0,0.6260369420051575
3585,0,0.7669979929924011
3586,0,0.38024166226387024
3587,0,0.8714728951454163
3588,0,0.05138437822461128
3589,0,0.1275554597377777
3590,0,0.1477324664592743
3591,0,0.18765385448932648
3592,0,0.08666304498910904
3593,0,0.20511704683303833
3594,0,0.8821678161621094
3595,0,0.38175901770591736
3596,0,0.30117151141166687
3597,0,0.6970685720443726
3598,0,0.634678304195404
3599,0,0.5621517896652222
3600,0,0.35222697257995605
3601,0,0.4218751788139343
3602,0,0.4494154453277588
3603,0,0.16341514885425568
3604,0,0.2987184226512909
3605,0,0.07125525176525116
3606,0,0.06399877369403839
3607,0,0.3452639579772949
3608,0,0.21072524785995483
3609,0,0.051015786826610565
3610,0,0.5016189217567444
3611,0,0.4936220347881317
3612,0,0.10022702813148499
3613,0,0.2916344702243805
3614,0,0.23845455050468445
3615,0,0.5709345936775208
3616,0,0.46098223328590393
3617,0,0.02420944720506668
3618,0,0.6413067579269409
3619,0,0.27016305923461914
3620,0,0.05057726427912712
3621,0,0.26179954409599304
3622,0,0.45620062947273254
3623,0,0.5445060729980469
3624,0,0.267374724149704
3625,0,0.4606981873512268
3626,0,0.21199332177639008
3627,0,0.18555748462677002
3628,0,0.3073700964450836
3629,0,0.4192216396331787
3630,0,0.4908614456653595
3631,0,0.20436736941337585
3632,0,0.2698344886302948
3633,0,0.31106385588645935
3634,0,0.0853915810585022
3635,0,0.05552295967936516
3636,0,0.3501923680305481
3637,0,0.3800473213195801
3638,0,0.5168470144271851
3639,0,0.2647782266139984
3640,0,0.1236865222454071
3641,0,0.20131458342075348
3642,0,0.5876010656356812
3643,0,0.42184463143348694
3644,0,0.4239632487297058
3645,0,0.061138078570365906
3646,0,0.37084779143333435
3647,0,0.23024408519268036
3648,0,0.1212448924779892
3649,0,0.21044650673866272
3650,0,0.2570863962173462
3651,0,0.1582837998867035
3652,0,0.02227454073727131
3653,0,0.40646806359291077
3654,0,0.5175433158874512
3655,0,0.6831912994384766
3656,0,0.5804624557495117
3657,0,0.7596365809440613
3658,0,0.4720071852207184
3659,0,0.14930714666843414
3660,0,0.12909433245658875
3661,0,0.16180381178855896
3662,0,0.4488561153411865
3663,0,0.6350366473197937
3664,0,0.5415184497833252
3665,0,0.257190465927124
3666,0,0.34130823612213135
3667,0,0.16585898399353027
3668,0,0.3408675789833069
3669,0,0.4594570994377136
3670,0,0.17375539243221283
3671,0,0.5827430486679077
3672,0,0.7185749411582947
3673,0,0.6002281904220581
3674,0,0.45032668113708496
3675,0,0.616320013999939
3676,0,0.16887623071670532
3677,0,0.5016962885856628
3678,0,0.05725868418812752
3679,0,0.3134082555770874
3680,0,0.5645641088485718
3681,0,0.7395785450935364
3682,0,0.5112967491149902
3683,0,0.6264408230781555
3684,0,0.5893540978431702
3685,0,0.6141524910926819
3686,0,0.8577219247817993
3687,0,0.5148990154266357
3688,0,0.4488483667373657
3689,0,0.2927938997745514
3690,0,0.42311325669288635
3691,0,0.1259378045797348
3692,0,0.11473032832145691
3693,0,0.45032668113708496
3694,0,0.4377860724925995
3695,0,0.26819556951522827
3696,0,0.5856905579566956
3697,0,0.42311325669288635
3698,0,0.46169254183769226
3699,0,0.054860807955265045
3700,0,0.5948575139045715
3701,0,0.5889784693717957
3702,0,0.15674389898777008
3703,0,0.13823911547660828
3704,0,0.24523615837097168
3705,0,0.11919444799423218
3706,0,0.03398318588733673
3707,0,0.15592418611049652
3708,0,0.4758675694465637
3709,0,0.57872474193573
3710,0,0.4918754994869232
3711,0,0.4058176279067993
3712,0,0.4236603081226349
3713,0,0.6145714521408081
3714,0,0.36961495876312256
3715,0,0.027448458597064018
3716,0,0.46106868982315063
3717,0,0.24585235118865967
3718,0,0.36065515875816345
3719,0,0.1575174182653427
3720,0,0.2120506465435028
3721,0,0.5647603273391724
3722,0,0.7858021259307861
3723,0,0.6429033279418945
3724,0,0.49951720237731934
3725,0,0.10948212444782257
3726,0,0.6047054529190063
3727,0,0.48008209466934204
3728,0,0.12703385949134827
3729,0,0.48843201994895935
3730,0,0.28322023153305054
3731,0,0.4559082090854645
3732,0,0.7158580422401428
3733,0,0.05728071182966232
3734,0,0.46426621079444885
3735,0,0.5125390291213989
3736,0,0.15286517143249512
3737,0,0.3105321526527405
3738,0,0.041563306003808975
3739,0,0.052737388759851456
3740,0,0.1811349242925644
3741,0,0.6123461127281189
3742,0,0.019907863810658455
3743,0,0.2839706838130951
3744,0,0.3205450773239136
3745,0,0.8029126524925232
3746,0,0.3593868613243103
3747,0,0.19824153184890747
3748,0,0.40768569707870483
3749,0,0.06713958829641342
3750,0,0.4298946261405945
3751,0,0.21494758129119873
3752,0,0.7951514720916748
3753,0,0.23598457872867584
3754,0,0.33305180072784424
3755,0,0.14785975217819214
3756,0,0.06620559841394424
3757,0,0.8173249363899231
3758,0,0.04725119471549988
3759,0,0.5404521822929382
3760,0,0.6464373469352722
3761,0,0.3453843295574188
3762,0,0.6604471206665039
3763,0,0.17616167664527893
3764,0,0.5048593878746033
3765,0,0.46914273500442505
3766,0,0.1315913200378418
3767,0,0.32685908675193787
3768,0,0.2879786193370819
3769,0,0.07957068085670471
3770,0,0.44388556480407715
3771,0,0.4811335802078247
3772,0,0.8118694424629211
3773,0,0.3609754145145416
3774,0,0.45032668113708496
3775,0,0.021235158666968346
3776,0,0.41790953278541565
3777,0,0.3571001887321472
3778,0,0.7359310388565063
3779,0,0.9368446469306946
3780,0,0.25020653009414673
3781,0,0.2888816297054291
3782,0,0.12413368374109268
3783,0,0.4682062566280365
3784,0,0.6773987412452698
3785,0,0.6433510780334473
3786,0,0.07138890773057938
3787,0,0.4375404715538025
3788,0,0.9522266983985901
3789,0,0.41446954011917114
3790,0,0.06169069558382034
3791,0,0.5354055166244507
3792,0,0.60677570104599
3793,0,0.46487778425216675
3794,0,0.23753805458545685
3795,0,0.07594923675060272
3796,0,0.5661414861679077
3797,0,0.5802081823348999
3798,0,0.3170185983181
3799,0,0.45292043685913086
3800,0,0.3819957673549652
3801,0,0.3924312889575958
3802,0,0.5907025933265686
3803,0,0.6780824661254883
3804,0,0.2504560649394989
3805,0,0.8951723575592041
3806,0,0.9057151675224304
3807,0,0.028376935049891472
3808,0,0.4389490485191345
3809,0,0.22715532779693604
3810,0,0.16342219710350037
3811,0,0.5386584997177124
3812,0,0.027336349710822105
3813,0,0.6336134076118469
3814,0,0.3347947299480438
3815,0,0.15036457777023315
3816,0,0.4995972812175751
3817,0,0.5142565369606018
3818,0,0.7580702304840088
3819,0,0.11279281973838806
3820,0,0.3982998728752136
3821,0,0.5162382125854492
3822,0,0.3520883619785309
3823,0,0.1259233057498932
3824,0,0.4503174126148224
3825,0,0.5346335172653198
3826,0,0.33185067772865295
3827,0,0.20294979214668274
3828,0,0.15724116563796997
3829,0,0.5978899598121643
3830,0,0.4429747760295868
3831,0,0.7341541051864624
3832,0,0.349004864692688
3833,0,0.9150503873825073
3834,0,0.46634218096733093
3835,0,0.15635940432548523
3836,0,0.6730115413665771
3837,0,0.4113413691520691
3838,0,0.19949670135974884
3839,0,0.4287545680999756
3840,0,0.11083443462848663
3841,0,0.6017624139785767
3842,0,0.31768059730529785
3843,0,0.057587455958127975
3844,0,0.325424462556839
3845,0,0.19699327647686005
3846,0,0.4758850336074829
3847,0,0.5985038876533508
3848,0,0.3022542893886566
3849,0,0.06483488529920578
3850,0,0.5289884805679321
3851,0,0.48320022225379944
3852,0,0.3481582999229431
3853,0,0.42311325669288635
3854,0,0.12999916076660156
3855,0,0.6008099317550659
3856,0,0.5353671312332153
3857,0,0.01923525147140026
3858,0,0.10004273056983948
3859,0,0.22674442827701569
3860,0,0.3297487199306488
3861,0,0.13545264303684235
3862,0,0.45176658034324646
3863,0,0.05988873913884163
3864,0,0.17394177615642548
3865,0,0.7824391722679138
3866,0,0.056241635233163834
3867,0,0.25214338302612305
3868,0,0.8606583476066589
3869,0,0.13698935508728027
3870,0,0.8578879237174988
3871,0,0.36787307262420654
3872,0,0.2625578045845032
3873,0,0.08236531168222427
3874,0,0.5905115604400635
3875,0,0.42313024401664734
3876,0,0.09298358112573624
3877,0,0.04400044307112694
3878,0,0.5664359331130981
3879,0,0.2816476821899414
3880,0,0.55543452501297
3881,0,0.788020670413971
3882,0,0.4218677282333374
3883,0,0.9459141492843628
3884,0,0.772375226020813
3885,0,0.1683211624622345
3886,0,0.5667831897735596
3887,0,0.11087940633296967
3888,0,0.3017306625843048
3889,0,0.05717650055885315
3890,0,0.13864760100841522
3891,0,0.8564877510070801
3892,0,0.47591516375541687
3893,0,0.7113136053085327
3894,0,0.5884090065956116
3895,0,0.4708751142024994
3896,0,0.38062894344329834
3897,0,0.502748966217041
3898,0,0.0965321734547615
3899,0,0.05847533792257309
3900,0,0.4966888725757599
3901,0,0.04693014174699783
3902,0,0.5385972261428833
3903,0,0.29646649956703186
3904,0,0.4347513020038605
3905,0,0.5579351782798767
3906,0,0.36245080828666687
3907,0,0.8509442210197449
3908,0,0.3326546549797058
3909,0,0.9494631886482239
3910,0,0.3287365138530731
3911,0,0.8696136474609375
3912,0,0.45459672808647156
3913,0,0.12859033048152924
3914,0,0.21213091909885406
3915,0,0.030540192499756813
3916,0,0.46535250544548035
3917,0,0.10467533022165298
3918,0,0.12874528765678406
3919,0,0.21229517459869385
3920,0,0.5285335183143616
3921,0,0.20929716527462006
3922,0,0.5022841095924377
3923,0,0.3127785325050354
3924,0,0.5676867961883545
3925,0,0.6983898282051086
3926,0,0.3592037260532379
3927,0,0.47386443614959717
3928,0,0.5680289268493652
3929,0,0.9563696384429932
3930,0,0.07998859137296677
3931,0,0.25886356830596924
3932,0,0.6667484045028687
3933,0,0.6136716604232788
3934,0,0.5549951791763306
3935,0,0.6018916964530945
3936,0,0.29275065660476685
3937,0,0.3871094286441803
3938,0,0.949979305267334
3939,0,0.47069165110588074
3940,0,0.1541704386472702
3941,0,0.5596873760223389
3942,0,0.8492197394371033
3943,0,0.6379375457763672
3944,0,0.865882396697998
3945,0,0.22006334364414215
3946,0,0.41737866401672363
3947,0,0.42909759283065796
3948,0,0.7430789470672607
3949,0,0.42313024401664734
3950,0,0.09411462396383286
3951,0,0.5126573443412781
3952,0,0.4425585865974426
3953,0,0.4352983236312866
3954,0,0.45459672808647156
3955,0,0.2706613838672638
3956,0,0.05568503215909004
3957,0,0.47867581248283386
3958,0,0.33179107308387756
3959,0,0.27807217836380005
3960,0,0.2978671193122864
3961,0,0.1980663239955902
3962,0,0.3818214535713196
3963,0,0.5465025901794434
3964,0,0.13948273658752441
3965,0,0.7843709588050842
3966,0,0.3959595859050751
3967,0,0.15395194292068481
3968,0,0.04926305636763573
3969,0,0.4503174126148224
3970,0,0.3739486634731293
3971,0,0.5065916180610657
3972,0,0.4817427694797516
3973,0,0.30799639225006104
3974,0,0.45703068375587463
3975,0,0.15771175920963287
3976,0,0.4639197885990143
3977,0,0.5600104331970215
3978,0,0.052249725908041
3979,0,0.694238007068634
3980,1,0.5391824245452881
3981,1,0.4218677282333374
3982,1,0.7197685241699219
3983,1,0.7936903834342957
