index,y_true,y_pred_oof
0,1,0.8027413487434387
1,1,0.9841216802597046
2,1,0.8436424732208252
3,1,0.9413369297981262
4,1,0.5064145922660828
5,1,0.1251302808523178
6,1,0.04265269264578819
7,1,0.48109108209609985
8,1,0.7210397124290466
9,1,0.8073846697807312
10,1,0.6727703213691711
11,1,0.7860625386238098
12,1,0.7353529334068298
13,1,0.9938228130340576
14,1,0.8476209044456482
15,1,0.9364930987358093
16,1,0.883136510848999
17,1,0.5514672994613647
18,1,0.9406666159629822
19,1,0.8397440314292908
20,1,0.7817168831825256
21,1,0.8552229404449463
22,1,0.8593937158584595
23,1,0.8492720127105713
24,1,0.9358981847763062
25,1,0.6942400932312012
26,1,0.8423901796340942
27,1,0.47199198603630066
28,1,0.9741960167884827
29,1,0.9485010504722595
30,1,0.672971785068512
31,1,0.8592045307159424
32,1,0.9014027118682861
33,1,0.5183287858963013
34,1,0.7905013561248779
35,1,0.8875143527984619
36,1,0.88221275806427
37,1,0.8603305220603943
38,1,0.9698598980903625
39,1,0.8049496412277222
40,1,0.9885652661323547
41,1,0.9102469086647034
42,1,0.1610400378704071
43,1,0.4143475592136383
44,1,0.8499440550804138
45,1,0.9013115167617798
46,1,0.7929744124412537
47,1,0.7532377243041992
48,1,0.8455466032028198
49,1,0.9047685861587524
50,1,0.8646584153175354
51,1,0.9261346459388733
52,1,0.8996565341949463
53,1,0.7712774872779846
54,1,0.7423207759857178
55,1,0.8667994737625122
56,1,0.8213793635368347
57,1,0.25252315402030945
58,1,0.2246077060699463
59,1,0.7939563989639282
60,1,0.5196348428726196
61,1,0.6816211342811584
62,1,0.17545674741268158
63,1,0.8987616300582886
64,1,0.7176704406738281
65,1,0.6636016964912415
66,1,0.9797678589820862
67,1,0.39655113220214844
68,1,0.6004419326782227
69,1,0.8063671588897705
70,1,0.4732033908367157
71,1,0.8773666620254517
72,1,0.11080613732337952
73,1,0.17406024038791656
74,1,0.6446324586868286
75,1,0.792995810508728
76,1,0.7017715573310852
77,1,0.909551203250885
78,1,0.6074874401092529
79,1,0.16786940395832062
80,1,0.9714608192443848
81,1,0.7148363590240479
82,1,0.7774622440338135
83,1,0.7938653826713562
84,1,0.7866775393486023
85,1,0.30599281191825867
86,1,0.8896932601928711
87,1,0.23720981180667877
88,1,0.8884661793708801
89,1,0.7841405868530273
90,1,0.5412600636482239
91,1,0.9790549278259277
92,1,0.8683462738990784
93,1,0.56629478931427
94,1,0.9093788266181946
95,1,0.9028461575508118
96,1,0.9761378169059753
97,1,0.981523334980011
98,1,0.9703881740570068
99,1,0.8988770246505737
100,1,0.9758973717689514
101,1,0.9657649397850037
102,1,0.2445802092552185
103,1,0.4900436997413635
104,1,0.9236912131309509
105,1,0.8493911027908325
106,1,0.9310784339904785
107,1,0.9507176876068115
108,1,0.6807752251625061
109,1,0.9776345491409302
110,1,0.9633718729019165
111,1,0.9472130537033081
112,1,0.9767395257949829
113,1,0.7391661405563354
114,1,0.8496021628379822
115,1,0.2766874432563782
116,1,0.3029685318470001
117,1,0.825659990310669
118,1,0.12226466834545135
119,1,0.3720795214176178
120,1,0.7093169689178467
121,1,0.561384916305542
122,1,0.9146614670753479
123,1,0.8195754289627075
124,1,0.8646190762519836
125,1,0.419916033744812
126,1,0.6848469376564026
127,1,0.4330148696899414
128,1,0.8940608501434326
129,1,0.960447371006012
130,1,0.987201452255249
131,1,0.8121806383132935
132,1,0.14444762468338013
133,1,0.8895987868309021
134,1,0.6135281920433044
135,1,0.18999601900577545
136,1,0.771479070186615
137,1,0.8411465287208557
138,1,0.4884105920791626
139,1,0.8724969625473022
140,1,0.23172761499881744
141,1,0.9781671762466431
142,1,0.6016964912414551
143,1,0.7880972027778625
144,1,0.9391582012176514
145,1,0.7981060147285461
146,1,0.9727045297622681
147,1,0.8532164096832275
148,1,0.9688055515289307
149,1,0.5236115455627441
150,1,0.8144323229789734
151,1,0.9629913568496704
152,1,0.2372366487979889
153,1,0.1948745846748352
154,1,0.9522351622581482
155,1,0.5563893914222717
156,1,0.9296701550483704
157,1,0.9842298626899719
158,1,0.4282422661781311
159,1,0.8839547038078308
160,1,0.9239820241928101
161,1,0.5146947503089905
162,1,0.5568419694900513
163,1,0.3334590792655945
164,1,0.9085787534713745
165,1,0.7796704173088074
166,1,0.9891991019248962
167,1,0.9915127158164978
168,1,0.9883931279182434
169,1,0.8123670816421509
170,1,0.22089174389839172
171,1,0.9923811554908752
172,1,0.5253692865371704
173,1,0.8368566036224365
174,1,0.19504262506961823
175,1,0.5948241949081421
176,1,0.9892328977584839
177,1,0.9706451892852783
178,1,0.7903558611869812
179,1,0.9855359196662903
180,1,0.703382670879364
181,1,0.8098333477973938
182,1,0.9896373748779297
183,1,0.8213063478469849
184,1,0.5807685852050781
185,1,0.9433252811431885
186,1,0.9892238974571228
187,1,0.9703556299209595
188,1,0.06547331809997559
189,1,0.9503517746925354
190,1,0.975073516368866
191,1,0.8630914092063904
192,1,0.9884424805641174
193,1,0.19875937700271606
194,1,0.9300996661186218
195,1,0.9849485754966736
196,1,0.6953665018081665
197,1,0.9697883129119873
198,1,0.7230084538459778
199,1,0.8904409408569336
200,1,0.9316768646240234
201,1,0.953925609588623
202,1,0.9085067510604858
203,1,0.4456646144390106
204,1,0.9708687663078308
205,1,0.18126416206359863
206,1,0.6032111644744873
207,1,0.8665545582771301
208,1,0.8820512294769287
209,1,0.8987656831741333
210,1,0.7252963781356812
211,1,0.03232165426015854
212,1,0.02255849540233612
213,1,0.9432535171508789
214,1,0.7593244910240173
215,1,0.6708503365516663
216,1,0.992911159992218
217,1,0.04717808961868286
218,1,0.9788762331008911
219,1,0.953170120716095
220,1,0.8264884948730469
221,1,0.953839123249054
222,1,0.9738456606864929
223,1,0.9796979427337646
224,1,0.9839277863502502
225,1,0.6731426119804382
226,1,0.9583508372306824
227,1,0.5912258625030518
228,1,0.6076234579086304
229,1,0.595811128616333
230,1,0.9421679973602295
231,1,0.041525889188051224
232,1,0.8194183707237244
233,1,0.25861334800720215
234,1,0.7252758145332336
235,1,0.9566188454627991
236,1,0.8076315522193909
237,1,0.9928737878799438
238,1,0.8074837327003479
239,1,0.8664056658744812
240,1,0.18328766524791718
241,1,0.983043372631073
242,1,0.3097320795059204
243,1,0.7145491242408752
244,1,0.12542082369327545
245,1,0.9875943660736084
246,1,0.9887035489082336
247,1,0.19948680698871613
248,1,0.5351535677909851
249,1,0.4615103602409363
250,1,0.9507366418838501
251,1,0.30516520142555237
252,1,0.9027423858642578
253,1,0.8066392540931702
254,1,0.6096488237380981
255,1,0.9863618612289429
256,1,0.3317679464817047
257,1,0.9633032083511353
258,1,0.928068995475769
259,1,0.8740282654762268
260,1,0.7596747279167175
261,1,0.9420043230056763
262,1,0.7443459630012512
263,1,0.9787823557853699
264,1,0.9640545845031738
265,1,0.9676869511604309
266,1,0.08921065926551819
267,1,0.8209225535392761
268,1,0.863136887550354
269,1,0.19504262506961823
270,1,0.39251720905303955
271,1,0.5605378746986389
272,1,0.6426656246185303
273,1,0.6180598139762878
274,1,0.35096386075019836
275,1,0.46150487661361694
276,1,0.9591821432113647
277,1,0.4077264368534088
278,1,0.5075327157974243
279,1,0.036046288907527924
280,1,0.23714980483055115
281,1,0.29848822951316833
282,1,0.5915420651435852
283,1,0.7164234519004822
284,1,0.9116098880767822
285,1,0.7951288819313049
286,1,0.5688154697418213
287,1,0.28662601113319397
288,1,0.8672558069229126
289,1,0.13601280748844147
290,1,0.5798962712287903
291,1,0.19779182970523834
292,1,0.4567849934101105
293,1,0.592279314994812
294,1,0.4913390576839447
295,1,0.4638347923755646
296,1,0.9749358296394348
297,1,0.3522179126739502
298,1,0.896388053894043
299,1,0.682820737361908
300,1,0.9900836944580078
301,1,0.9772776365280151
302,1,0.2333645522594452
303,1,0.9483116865158081
304,1,0.9447817206382751
305,1,0.434464693069458
306,1,0.44828709959983826
307,1,0.9780950546264648
308,1,0.9811024069786072
309,1,0.26215946674346924
310,1,0.47029370069503784
311,1,0.3063439726829529
312,1,0.2526058852672577
313,1,0.516933262348175
314,1,0.9024701714515686
315,1,0.2455580234527588
316,1,0.7853788733482361
317,1,0.8389695882797241
318,1,0.8642208576202393
319,1,0.4628491699695587
320,1,0.9563906788825989
321,1,0.45980969071388245
322,1,0.9909645318984985
323,1,0.9515341520309448
324,1,0.858386754989624
325,1,0.9855820536613464
326,1,0.9837888479232788
327,1,0.9654164910316467
328,1,0.9874265193939209
329,1,0.7765413522720337
330,1,0.8381975889205933
331,1,0.9277880787849426
332,1,0.944329559803009
333,1,0.7967476844787598
334,1,0.900902271270752
335,1,0.9008851051330566
336,1,0.9832320213317871
337,1,0.9621369242668152
338,1,0.9519073963165283
339,1,0.9874677658081055
340,1,0.9903878569602966
341,1,0.9896773099899292
342,1,0.9907540082931519
343,1,0.981015682220459
344,1,0.9923672080039978
345,1,0.9244321584701538
346,1,0.8842148184776306
347,1,0.9867330193519592
348,1,0.38734927773475647
349,1,0.8777026534080505
350,1,0.22347986698150635
351,1,0.888969898223877
352,1,0.8782675266265869
353,1,0.6182870864868164
354,1,0.07038026303052902
355,1,0.21883127093315125
356,1,0.47653722763061523
357,1,0.9208347797393799
358,1,0.8636295199394226
359,1,0.84086012840271
360,1,0.6950767040252686
361,1,0.9855028390884399
362,1,0.9869962930679321
363,1,0.9842591881752014
364,1,0.2065722495317459
365,1,0.9823107719421387
366,1,0.8817262053489685
367,1,0.9865893125534058
368,1,0.4489506483078003
369,1,0.9881783127784729
370,1,0.9864223599433899
371,1,0.9894695281982422
372,1,0.36016690731048584
373,1,0.9867117404937744
374,1,0.8915232419967651
375,1,0.967678427696228
376,1,0.9660570025444031
377,1,0.9584127068519592
378,1,0.970180869102478
379,1,0.9246731400489807
380,1,0.9337804317474365
381,1,0.9921849370002747
382,1,0.44002941250801086
383,1,0.8845393061637878
384,1,0.8899725675582886
385,1,0.8975028991699219
386,1,0.7740845680236816
387,1,0.7488121390342712
388,1,0.8476038575172424
389,1,0.7444886565208435
390,1,0.768954873085022
391,1,0.7430731058120728
392,1,0.8974811434745789
393,1,0.20208235085010529
394,1,0.18809770047664642
395,1,0.26520201563835144
396,1,0.6612100601196289
397,1,0.5385836958885193
398,1,0.2811625301837921
399,1,0.6817230582237244
400,1,0.7661160826683044
401,1,0.8366205096244812
402,1,0.7091827988624573
403,1,0.7463345527648926
404,1,0.8889931440353394
405,1,0.8413906693458557
406,1,0.430383563041687
407,1,0.7507306337356567
408,1,0.026524674147367477
409,1,0.33318281173706055
410,1,0.13367275893688202
411,1,0.7908751368522644
412,1,0.8700429797172546
413,1,0.1495019495487213
414,1,0.575203537940979
415,1,0.605069100856781
416,1,0.030513856559991837
417,1,0.41092607378959656
418,1,0.5509907603263855
419,1,0.13380837440490723
420,1,0.7462440133094788
421,1,0.21024198830127716
422,1,0.6964636445045471
423,1,0.32800883054733276
424,1,0.7426756620407104
425,1,0.44670218229293823
426,1,0.7055938839912415
427,1,0.5070915818214417
428,1,0.7365825176239014
429,1,0.3223108947277069
430,1,0.47691425681114197
431,1,0.6673168540000916
432,1,0.5866485238075256
433,1,0.6006669998168945
434,1,0.6841358542442322
435,1,0.7329264879226685
436,1,0.9385002255439758
437,1,0.9241583943367004
438,1,0.9622621536254883
439,1,0.9273684620857239
440,1,0.9211365580558777
441,1,0.9891073107719421
442,1,0.9598809480667114
443,1,0.9228746891021729
444,1,0.7913991808891296
445,1,0.8687102794647217
446,1,0.5342594981193542
447,1,0.8266773819923401
448,1,0.7592808604240417
449,1,0.9586400985717773
450,1,0.944864809513092
451,1,0.9385685920715332
452,1,0.9805552363395691
453,1,0.9809277653694153
454,1,0.9443153142929077
455,1,0.9405640959739685
456,1,0.971541166305542
457,1,0.9864574074745178
458,1,0.9670205116271973
459,1,0.9701693654060364
460,1,0.8497471809387207
461,1,0.9299328327178955
462,1,0.9815145134925842
463,1,0.8622680902481079
464,1,0.9845277667045593
465,1,0.8841758966445923
466,1,0.9535742402076721
467,1,0.9812218546867371
468,1,0.8160735964775085
469,1,0.9532555937767029
470,1,0.819044828414917
471,1,0.9625729918479919
472,1,0.9912359714508057
473,1,0.981124758720398
474,1,0.7285155653953552
475,1,0.9783952236175537
476,1,0.9842911958694458
477,1,0.9842299818992615
478,1,0.9654616117477417
479,1,0.9250924587249756
480,1,0.4138067662715912
481,1,0.9717671871185303
482,1,0.9932491779327393
483,1,0.9665921926498413
484,1,0.9533098340034485
485,1,0.9481062293052673
486,1,0.9538819789886475
487,1,0.9617684483528137
488,1,0.9170485138893127
489,1,0.9314349889755249
490,1,0.7448087334632874
491,1,0.9480809569358826
492,1,0.8778006434440613
493,1,0.92039954662323
494,1,0.9541758894920349
495,1,0.9087916612625122
496,1,0.6112799048423767
497,1,0.6640753746032715
498,1,0.05329374596476555
499,1,0.9661535620689392
500,1,0.7796767354011536
501,1,0.8290212154388428
502,1,0.1454310268163681
503,1,0.8815996050834656
504,1,0.14201048016548157
505,1,0.7684915661811829
506,1,0.7830183506011963
507,1,0.21960879862308502
508,1,0.8041496872901917
509,1,0.7104325890541077
510,1,0.6452271342277527
511,1,0.9248908162117004
512,1,0.3302658498287201
513,1,0.48829400539398193
514,1,0.10003571212291718
515,1,0.47390803694725037
516,1,0.012749725952744484
517,1,0.8011268973350525
518,1,0.5996612906455994
519,1,0.8004112839698792
520,1,0.020906029269099236
521,1,0.14073976874351501
522,1,0.09870380163192749
523,1,0.5333417057991028
524,1,0.8884843587875366
525,1,0.1124868392944336
526,1,0.727330207824707
527,1,0.17026130855083466
528,1,0.12203014642000198
529,1,0.6988928914070129
530,1,0.05952629819512367
531,1,0.08579544723033905
532,1,0.6999974250793457
533,1,0.18525554239749908
534,1,0.7525992393493652
535,1,0.9130030274391174
536,1,0.6641566753387451
537,1,0.9425285458564758
538,1,0.802445650100708
539,1,0.4211675822734833
540,1,0.7348306775093079
541,1,0.6400539875030518
542,1,0.7947131991386414
543,1,0.4520837664604187
544,1,0.5145474076271057
545,1,0.8482166528701782
546,1,0.7331395745277405
547,1,0.7597953081130981
548,1,0.7990526556968689
549,1,0.8254967331886292
550,1,0.534186601638794
551,1,0.6228561401367188
552,1,0.29267603158950806
553,1,0.6394225358963013
554,1,0.8045905232429504
555,1,0.7173287868499756
556,1,0.9379648566246033
557,1,0.779375433921814
558,1,0.1980462223291397
559,1,0.734728991985321
560,1,0.9406204223632812
561,1,0.7013907432556152
562,1,0.8734679222106934
563,1,0.7869505286216736
564,1,0.5942259430885315
565,1,0.9435816407203674
566,1,0.9081481695175171
567,1,0.9400120973587036
568,1,0.9528082013130188
569,1,0.09276267141103745
570,1,0.8526972532272339
571,1,0.8027918934822083
572,1,0.9608659744262695
573,1,0.9300047159194946
574,1,0.9709466099739075
575,1,0.8271152377128601
576,1,0.03975176438689232
577,1,0.9894956946372986
578,1,0.689221203327179
579,1,0.9502219557762146
580,1,0.9671956896781921
581,1,0.9584805965423584
582,1,0.9493100643157959
583,1,0.8876442313194275
584,1,0.5290354490280151
585,1,0.2541291117668152
586,1,0.35597288608551025
587,1,0.9791736602783203
588,1,0.8095816373825073
589,1,0.9318033456802368
590,1,0.412597119808197
591,1,0.8835693001747131
592,1,0.9553257822990417
593,1,0.8266562223434448
594,1,0.935282826423645
595,1,0.7781702280044556
596,1,0.9888479709625244
597,1,0.8578054308891296
598,1,0.9245852828025818
599,1,0.9316006302833557
600,1,0.9655570387840271
601,1,0.9851334095001221
602,1,0.9726956486701965
603,1,0.9671342372894287
604,1,0.990584671497345
605,1,0.9855945110321045
606,1,0.9497820734977722
607,1,0.9335565567016602
608,1,0.9731237292289734
609,1,0.9270248413085938
610,1,0.5524131655693054
611,1,0.7048566341400146
612,1,0.8883612751960754
613,1,0.8415838479995728
614,1,0.953031599521637
615,1,0.8965333700180054
616,1,0.9808219075202942
617,1,0.9827035665512085
618,1,0.8199395537376404
619,1,0.9089455008506775
620,1,0.5366106033325195
621,1,0.44364264607429504
622,1,0.714620053768158
623,1,0.7227028608322144
624,1,0.9321619868278503
625,1,0.8860413432121277
626,1,0.9323458075523376
627,1,0.8488742709159851
628,1,0.9482780694961548
629,1,0.9889461398124695
630,1,0.9688262343406677
631,1,0.6816292405128479
632,1,0.772375762462616
633,1,0.76595538854599
634,1,0.9377918243408203
635,1,0.8322026133537292
636,1,0.9676400423049927
637,1,0.8309683203697205
638,1,0.9100833535194397
639,1,0.6068017482757568
640,1,0.6879889369010925
641,1,0.8465317487716675
642,1,0.9301870465278625
643,1,0.8627029657363892
644,1,0.9842169284820557
645,1,0.9936116337776184
646,1,0.9835563898086548
647,1,0.981196939945221
648,1,0.9861522912979126
649,1,0.9639973044395447
650,1,0.9219575524330139
651,1,0.976428747177124
652,1,0.8637071251869202
653,1,0.7513399720191956
654,1,0.7245191931724548
655,1,0.3079884350299835
656,1,0.6877130270004272
657,1,0.9320128560066223
658,1,0.9800238013267517
659,1,0.9772598743438721
660,1,0.02249806560575962
661,1,0.9351925253868103
662,1,0.9858339428901672
663,1,0.7330421805381775
664,1,0.869640052318573
665,1,0.9680992364883423
666,1,0.9823945164680481
667,1,0.9694767594337463
668,1,0.8939287066459656
669,1,0.8301796913146973
670,1,0.9329481720924377
671,1,0.6279868483543396
672,1,0.9802369475364685
673,1,0.970413327217102
674,1,0.979742705821991
675,1,0.9953281879425049
676,1,0.7956653237342834
677,1,0.9899721145629883
678,1,0.9882651567459106
679,1,0.9847054481506348
680,1,0.9910711050033569
681,1,0.7016275525093079
682,1,0.9632136225700378
683,1,0.9366768598556519
684,1,0.9356432557106018
685,1,0.9952266216278076
686,1,0.9938663840293884
687,1,0.983596682548523
688,1,0.377915620803833
689,1,0.29886654019355774
690,1,0.8192293643951416
691,1,0.9896932244300842
692,1,0.9728771448135376
693,1,0.9769386649131775
694,1,0.9526812434196472
695,1,0.7542453408241272
696,1,0.8875600695610046
697,1,0.9452768564224243
698,1,0.9652395248413086
699,1,0.9829825758934021
700,1,0.985181450843811
701,1,0.9079604744911194
702,1,0.8069654703140259
703,1,0.8054997324943542
704,1,0.9781688451766968
705,1,0.9550198912620544
706,1,0.9467963576316833
707,1,0.710696816444397
708,1,0.2627033293247223
709,1,0.8069828152656555
710,1,0.9781816601753235
711,1,0.913306713104248
712,1,0.5690817832946777
713,1,0.21882908046245575
714,1,0.63054358959198
715,1,0.06238754838705063
716,1,0.8964304327964783
717,1,0.5526504516601562
718,1,0.06846007704734802
719,1,0.08355879038572311
720,1,0.363936185836792
721,1,0.10980643332004547
722,1,0.04209868609905243
723,1,0.18013262748718262
724,1,0.20905371010303497
725,1,0.8024376034736633
726,1,0.9152557253837585
727,1,0.07710277289152145
728,1,0.4688105285167694
729,1,0.7222484350204468
730,1,0.2412371039390564
731,1,0.04536750540137291
732,1,0.20653371512889862
733,1,0.920798122882843
734,1,0.7472091913223267
735,1,0.15388306975364685
736,1,0.5108771324157715
737,1,0.12845680117607117
738,1,0.9023231863975525
739,1,0.8443703055381775
740,1,0.23121657967567444
741,1,0.671265721321106
742,1,0.5423371195793152
743,1,0.46842947602272034
744,1,0.5376420021057129
745,1,0.32220858335494995
746,1,0.49455884099006653
747,1,0.6765271425247192
748,1,0.8408693075180054
749,1,0.8336160778999329
750,1,0.8378865122795105
751,1,0.513608992099762
752,1,0.1960960030555725
753,1,0.26238760352134705
754,1,0.5763424634933472
755,1,0.7034248113632202
756,1,0.5788309574127197
757,1,0.6537924408912659
758,1,0.15892000496387482
759,1,0.6305108666419983
760,1,0.7817525267601013
761,1,0.7774758338928223
762,1,0.650486409664154
763,1,0.7986032366752625
764,1,0.19416096806526184
765,1,0.730418860912323
766,1,0.13678757846355438
767,1,0.8993268609046936
768,1,0.509096086025238
769,1,0.6091507077217102
770,1,0.5152528882026672
771,1,0.6957495808601379
772,1,0.8377436399459839
773,1,0.9453935027122498
774,1,0.638610303401947
775,1,0.25549015402793884
776,1,0.7687140107154846
777,1,0.8063657283782959
778,1,0.5420580506324768
779,1,0.7737043499946594
780,1,0.8900663256645203
781,1,0.9694541096687317
782,1,0.922305166721344
783,1,0.7564578652381897
784,1,0.9049235582351685
785,1,0.8079793453216553
786,1,0.8722878098487854
787,1,0.747873842716217
788,1,0.7143890857696533
789,1,0.3337230384349823
790,1,0.8848966360092163
791,1,0.9904806017875671
792,1,0.8890396356582642
793,1,0.17423297464847565
794,1,0.6707422137260437
795,1,0.9714071750640869
796,1,0.8212853670120239
797,1,0.8822461366653442
798,1,0.8226085305213928
799,1,0.6809114813804626
800,1,0.5453380942344666
801,1,0.7591266632080078
802,1,0.9365552067756653
803,1,0.9687047004699707
804,1,0.8865049481391907
805,1,0.815267026424408
806,1,0.8624106645584106
807,1,0.9223423004150391
808,1,0.7960872650146484
809,1,0.768557071685791
810,1,0.7187901139259338
811,1,0.559805154800415
812,1,0.8986126184463501
813,1,0.2588600218296051
814,1,0.1451171189546585
815,1,0.12050063163042068
816,1,0.8091790676116943
817,1,0.6709069609642029
818,1,0.9688177108764648
819,1,0.9078021049499512
820,1,0.8600075244903564
821,1,0.8696163296699524
822,1,0.9832120537757874
823,1,0.9496535658836365
824,1,0.9870659708976746
825,1,0.9023990035057068
826,1,0.938328206539154
827,1,0.6064727306365967
828,1,0.9658322930335999
829,1,0.8821309208869934
830,1,0.8566471338272095
831,1,0.9557323455810547
832,1,0.970253586769104
833,1,0.5294632315635681
834,1,0.9650408625602722
835,1,0.9310232400894165
836,1,0.916284441947937
837,1,0.2210799902677536
838,1,0.45321327447891235
839,1,0.9828382730484009
840,1,0.7647238969802856
841,1,0.7771669626235962
842,1,0.9896084666252136
843,1,0.9781413674354553
844,1,0.9902409315109253
845,1,0.9886954426765442
846,1,0.9842196106910706
847,1,0.9915273785591125
848,1,0.9867047071456909
849,1,0.985906720161438
850,1,0.9785723686218262
851,1,0.9843233227729797
852,1,0.9773241877555847
853,1,0.9533054232597351
854,1,0.9687280058860779
855,1,0.993455708026886
856,1,0.9665130972862244
857,1,0.886635959148407
858,1,0.34160667657852173
859,1,0.3327891230583191
860,1,0.2898998558521271
861,1,0.9329928755760193
862,1,0.20051321387290955
863,1,0.10963447391986847
864,1,0.8552098274230957
865,1,0.8559746146202087
866,1,0.943151593208313
867,1,0.6441693902015686
868,1,0.37972286343574524
869,1,0.6983460187911987
870,1,0.948739767074585
871,1,0.5881330966949463
872,1,0.9373454451560974
873,1,0.8302178978919983
874,1,0.7564867734909058
875,1,0.7779459357261658
876,1,0.9294738173484802
877,1,0.778591513633728
878,1,0.9372145533561707
879,1,0.9350332617759705
880,1,0.8600196242332458
881,1,0.7421602606773376
882,1,0.6956854462623596
883,1,0.13672830164432526
884,1,0.7705487012863159
885,1,0.8731245398521423
886,1,0.8537861704826355
887,1,0.884873628616333
888,1,0.7711539268493652
889,1,0.15841908752918243
890,1,0.9328951239585876
891,1,0.4654885232448578
892,1,0.7732316255569458
893,1,0.7592923641204834
894,1,0.854810893535614
895,1,0.564924955368042
896,1,0.12182669341564178
897,1,0.3038742244243622
898,1,0.4979288876056671
899,1,0.8461045622825623
900,1,0.4789714813232422
901,1,0.5601041913032532
902,1,0.799340009689331
903,1,0.828578531742096
904,1,0.6544485688209534
905,1,0.7292499542236328
906,1,0.8289806842803955
907,1,0.47548025846481323
908,1,0.6813998818397522
909,1,0.5985435843467712
910,1,0.6568227410316467
911,1,0.6430755257606506
912,1,0.1686374843120575
913,1,0.4277419447898865
914,1,0.6520180106163025
915,1,0.8107680678367615
916,1,0.9783096313476562
917,1,0.6726549863815308
918,1,0.7945420145988464
919,1,0.9116061329841614
920,1,0.9582530856132507
921,1,0.8296518325805664
922,1,0.6958141326904297
923,1,0.5052950978279114
924,1,0.7561442255973816
925,1,0.9160844087600708
926,1,0.5148168206214905
927,1,0.9213572144508362
928,1,0.7264518141746521
929,1,0.8244622945785522
930,1,0.85609370470047
931,1,0.7136857509613037
932,1,0.6794624328613281
933,1,0.8584380149841309
934,1,0.9176833629608154
935,1,0.864844799041748
936,1,0.9718711972236633
937,1,0.9195846915245056
938,1,0.8320263624191284
939,1,0.8928930759429932
940,1,0.9173032641410828
941,1,0.9212489128112793
942,1,0.9413529634475708
943,1,0.5784714818000793
944,1,0.9087421894073486
945,1,0.9238662719726562
946,1,0.9550807476043701
947,1,0.9308667182922363
948,1,0.7148941159248352
949,1,0.9553155899047852
950,1,0.6378392577171326
951,1,0.942653238773346
952,1,0.910814106464386
953,1,0.9563865661621094
954,1,0.9164825677871704
955,1,0.3352864384651184
956,1,0.6214523315429688
957,1,0.9138508439064026
958,1,0.9411131143569946
959,1,0.9810816049575806
960,1,0.9344378113746643
961,1,0.9474262595176697
962,1,0.9227844476699829
963,1,0.8733416199684143
964,1,0.8080663084983826
965,1,0.9141628742218018
966,1,0.6553282737731934
967,1,0.9017170667648315
968,1,0.939083993434906
969,1,0.9308616518974304
970,1,0.9404884576797485
971,1,0.5986893177032471
972,1,0.8938230276107788
973,1,0.9197763800621033
974,1,0.8910242319107056
975,1,0.922989010810852
976,1,0.8915026783943176
977,1,0.8817055225372314
978,1,0.6667351722717285
979,1,0.7361563444137573
980,1,0.8192530274391174
981,1,0.3814418315887451
982,1,0.7041549682617188
983,1,0.9026427268981934
984,1,0.9231423139572144
985,1,0.9334971308708191
986,1,0.9475392699241638
987,1,0.9722855091094971
988,1,0.8936203122138977
989,1,0.9223232269287109
990,1,0.8011673092842102
991,1,0.9728826880455017
992,1,0.9131687879562378
993,1,0.5195654034614563
994,1,0.9487176537513733
995,1,0.8228689432144165
996,1,0.986801028251648
997,1,0.6321592330932617
998,1,0.9765462875366211
999,1,0.9085846543312073
1000,1,0.9127936363220215
1001,1,0.8647485375404358
1002,1,0.9236806631088257
1003,1,0.8750859498977661
1004,1,0.989194393157959
1005,1,0.9584956169128418
1006,1,0.9795659184455872
1007,1,0.7760384678840637
1008,1,0.059572022408246994
1009,1,0.9072483777999878
1010,1,0.9104055762290955
1011,1,0.8156383633613586
1012,1,0.6293402910232544
1013,1,0.9834182858467102
1014,1,0.9916690587997437
1015,1,0.9175918102264404
1016,1,0.9636902809143066
1017,1,0.9595409035682678
1018,1,0.9822935461997986
1019,1,0.9768463969230652
1020,1,0.8848957419395447
1021,1,0.9032986760139465
1022,1,0.9131632447242737
1023,1,0.26575684547424316
1024,1,0.8593465685844421
1025,1,0.9839057326316833
1026,1,0.9452421069145203
1027,1,0.8933133482933044
1028,1,0.9488131403923035
1029,1,0.9762319922447205
1030,1,0.9891383051872253
1031,1,0.974992036819458
1032,1,0.9554176330566406
1033,1,0.992364764213562
1034,1,0.992265522480011
1035,1,0.9853497743606567
1036,1,0.8935805559158325
1037,1,0.9230730533599854
1038,1,0.7960835695266724
1039,1,0.9130000472068787
1040,1,0.6959395408630371
1041,1,0.9740146994590759
1042,1,0.9860521554946899
1043,1,0.9622683525085449
1044,1,0.19539447128772736
1045,1,0.9053964018821716
1046,1,0.8750491738319397
1047,1,0.4208313524723053
1048,1,0.7343617081642151
1049,1,0.9565814137458801
1050,1,0.8969476819038391
1051,1,0.6729270815849304
1052,1,0.9840602874755859
1053,1,0.9766581654548645
1054,1,0.9824715256690979
1055,1,0.44656872749328613
1056,1,0.250908225774765
1057,1,0.43255606293678284
1058,1,0.9877212643623352
1059,1,0.937562108039856
1060,1,0.8687913417816162
1061,1,0.9799594879150391
1062,1,0.44850659370422363
1063,1,0.9078612327575684
1064,1,0.7895271182060242
1065,1,0.7514963150024414
1066,1,0.8292409181594849
1067,1,0.7312582731246948
1068,1,0.6388300657272339
1069,1,0.7864569425582886
1070,1,0.9146989583969116
1071,1,0.9123564958572388
1072,1,0.6774529814720154
1073,1,0.15203958749771118
1074,1,0.8096747994422913
1075,1,0.38110148906707764
1076,1,0.46285444498062134
1077,1,0.8449259996414185
1078,1,0.7263228893280029
1079,1,0.4900628626346588
1080,1,0.72780442237854
1081,1,0.4388744831085205
1082,1,0.5093769431114197
1083,1,0.2439143806695938
1084,1,0.8077206611633301
1085,1,0.7628561854362488
1086,1,0.6734716296195984
1087,1,0.8957171440124512
1088,1,0.5664248466491699
1089,1,0.36999043822288513
1090,1,0.7179840207099915
1091,1,0.8625054359436035
1092,1,0.6616566777229309
1093,1,0.11939061433076859
1094,1,0.5626838803291321
1095,1,0.6079897880554199
1096,1,0.7539868354797363
1097,1,0.7346860766410828
1098,1,0.5326653718948364
1099,1,0.7274512052536011
1100,1,0.7984175086021423
1101,1,0.5613827109336853
1102,1,0.852055013179779
1103,1,0.24567648768424988
1104,1,0.6970384120941162
1105,1,0.6133363842964172
1106,1,0.6442527770996094
1107,1,0.3335603177547455
1108,1,0.4064770042896271
1109,1,0.3078169822692871
1110,1,0.7182862758636475
1111,1,0.7791699171066284
1112,1,0.8894159197807312
1113,1,0.5068756937980652
1114,1,0.6922438144683838
1115,1,0.7704022526741028
1116,1,0.33597591519355774
1117,1,0.5962537527084351
1118,1,0.738281786441803
1119,1,0.6057959794998169
1120,1,0.6895766258239746
1121,1,0.22184708714485168
1122,1,0.9169555902481079
1123,1,0.9113207459449768
1124,1,0.918164074420929
1125,1,0.9232336282730103
1126,1,0.7802643775939941
1127,1,0.9255937337875366
1128,1,0.8770992755889893
1129,1,0.8597065210342407
1130,1,0.9428868889808655
1131,1,0.7681882977485657
1132,1,0.948035717010498
1133,1,0.8079490661621094
1134,1,0.7772773504257202
1135,1,0.9549828171730042
1136,1,0.6759533286094666
1137,1,0.14324650168418884
1138,1,0.943240225315094
1139,1,0.9361085295677185
1140,1,0.8860938549041748
1141,1,0.6361961960792542
1142,1,0.9902266263961792
1143,1,0.9580407738685608
1144,1,0.9545643925666809
1145,1,0.8836786150932312
1146,1,0.8979541063308716
1147,1,0.019557295367121696
1148,1,0.6748702526092529
1149,1,0.9909055233001709
1150,1,0.8437647819519043
1151,1,0.9775165319442749
1152,1,0.9718528389930725
1153,1,0.9672425985336304
1154,1,0.9193567633628845
1155,1,0.9944342970848083
1156,1,0.932354211807251
1157,1,0.8984811305999756
1158,1,0.9804764986038208
1159,1,0.9826397895812988
1160,1,0.9017438292503357
1161,1,0.8482229709625244
1162,1,0.9875494241714478
1163,1,0.9594272375106812
1164,1,0.9867570400238037
1165,1,0.9814596176147461
1166,1,0.9471586346626282
1167,1,0.9501954913139343
1168,1,0.9694191813468933
1169,1,0.9531054496765137
1170,1,0.6617022752761841
1171,1,0.987381637096405
1172,1,0.9722990393638611
1173,1,0.793111264705658
1174,1,0.9710482358932495
1175,1,0.9340733289718628
1176,1,0.9427719116210938
1177,1,0.8492200374603271
1178,1,0.9333341121673584
1179,1,0.9480499029159546
1180,1,0.30300599336624146
1181,1,0.9660977125167847
1182,1,0.6741243004798889
1183,1,0.955049455165863
1184,1,0.9693171381950378
1185,1,0.9537642002105713
1186,1,0.9742461442947388
1187,1,0.9764536619186401
1188,1,0.9778317213058472
1189,1,0.9807267785072327
1190,1,0.8164511919021606
1191,1,0.9789906740188599
1192,1,0.31768161058425903
1193,1,0.21668177843093872
1194,1,0.39548221230506897
1195,1,0.1873515546321869
1196,1,0.24980273842811584
1197,1,0.9383419156074524
1198,1,0.07150644809007645
1199,1,0.36280879378318787
1200,1,0.08770711719989777
1201,1,0.15375030040740967
1202,1,0.9630765914916992
1203,1,0.9743192195892334
1204,1,0.8904138207435608
1205,1,0.7584552764892578
1206,1,0.6713433265686035
1207,1,0.8605709671974182
1208,1,0.346838116645813
1209,1,0.6642653346061707
1210,1,0.7973669171333313
1211,1,0.6318289041519165
1212,1,0.6593874096870422
1213,1,0.8752378821372986
1214,1,0.5000410079956055
1215,1,0.24096107482910156
1216,1,0.9234379529953003
1217,1,0.8042486906051636
1218,1,0.788180947303772
1219,1,0.6823801398277283
1220,1,0.9029985070228577
1221,1,0.767206072807312
1222,1,0.6725049614906311
1223,1,0.46594327688217163
1224,1,0.9200991988182068
1225,1,0.9214796423912048
1226,1,0.9229052662849426
1227,1,0.2670300602912903
1228,1,0.8651252388954163
1229,1,0.8654332160949707
1230,1,0.698059618473053
1231,1,0.6929343938827515
1232,1,0.5047010183334351
1233,1,0.6509364247322083
1234,1,0.9001774787902832
1235,1,0.7895826101303101
1236,1,0.39786726236343384
1237,1,0.8087259531021118
1238,1,0.7513310313224792
1239,1,0.5285069346427917
1240,1,0.7671904563903809
1241,1,0.33715564012527466
1242,1,0.6408963799476624
1243,1,0.8473365306854248
1244,1,0.5639914870262146
1245,1,0.011801253072917461
1246,1,0.8605473637580872
1247,1,0.48450034856796265
1248,1,0.14346571266651154
1249,1,0.8739309310913086
1250,1,0.41732528805732727
1251,1,0.7868751287460327
1252,1,0.538769006729126
1253,1,0.8654741048812866
1254,1,0.6872259974479675
1255,1,0.7752479910850525
1256,1,0.29635554552078247
1257,1,0.8234236836433411
1258,1,0.7056851387023926
1259,1,0.4679565727710724
1260,1,0.8631336688995361
1261,1,0.16167154908180237
1262,1,0.4984622895717621
1263,1,0.10965732485055923
1264,1,0.28684431314468384
1265,1,0.47475138306617737
1266,1,0.1515815109014511
1267,1,0.867240846157074
1268,1,0.4063154458999634
1269,1,0.8044450283050537
1270,1,0.7950647473335266
1271,1,0.7562178373336792
1272,1,0.11376738548278809
1273,1,0.808987021446228
1274,1,0.4783727526664734
1275,1,0.41365331411361694
1276,1,0.6563683748245239
1277,1,0.7913880348205566
1278,1,0.7469881176948547
1279,1,0.8098944425582886
1280,1,0.07009068876504898
1281,1,0.8726162314414978
1282,1,0.40320828557014465
1283,1,0.7234542369842529
1284,1,0.6665267944335938
1285,1,0.5919957160949707
1286,1,0.8025976419448853
1287,1,0.07752560079097748
1288,1,0.2744736671447754
1289,1,0.6233747005462646
1290,1,0.3629196584224701
1291,1,0.8810640573501587
1292,1,0.8862836956977844
1293,1,0.33582356572151184
1294,1,0.5277386903762817
1295,1,0.8229485750198364
1296,1,0.41472840309143066
1297,1,0.3652442991733551
1298,1,0.7894779443740845
1299,1,0.20912112295627594
1300,1,0.35250407457351685
1301,1,0.7523667812347412
1302,1,0.46190133690834045
1303,1,0.3972245156764984
1304,1,0.6804711818695068
1305,1,0.24178068339824677
1306,1,0.4649142622947693
1307,1,0.8571221232414246
1308,1,0.7951453924179077
1309,1,0.5121878385543823
1310,1,0.6264705657958984
1311,1,0.8606440424919128
1312,1,0.5221813321113586
1313,1,0.29463833570480347
1314,1,0.013142053037881851
1315,1,0.507887065410614
1316,1,0.6514061093330383
1317,1,0.9523640275001526
1318,1,0.5381138324737549
1319,1,0.7708960175514221
1320,1,0.7388777732849121
1321,1,0.5791016221046448
1322,1,0.8459070324897766
1323,1,0.9079248309135437
1324,1,0.9652451872825623
1325,1,0.9710176587104797
1326,1,0.8638010025024414
1327,1,0.8284811973571777
1328,1,0.5964271426200867
1329,1,0.8902445435523987
1330,1,0.9339535236358643
1331,1,0.7849144339561462
1332,1,0.7992569208145142
1333,1,0.7603626251220703
1334,1,0.8871750235557556
1335,1,0.8977179527282715
1336,1,0.49709758162498474
1337,1,0.8095130324363708
1338,1,0.8349452614784241
1339,1,0.9684360027313232
1340,1,0.8272976875305176
1341,1,0.9561940431594849
1342,1,0.96034175157547
1343,1,0.8381457924842834
1344,1,0.699335515499115
1345,1,0.8579316139221191
1346,1,0.8290192484855652
1347,1,0.6426392793655396
1348,1,0.6949637532234192
1349,1,0.8413410186767578
1350,1,0.9455162882804871
1351,1,0.8913084864616394
1352,1,0.6441255211830139
1353,1,0.8832321763038635
1354,1,0.8306613564491272
1355,1,0.7391064167022705
1356,1,0.6999425292015076
1357,1,0.9152230024337769
1358,1,0.7065698504447937
1359,1,0.9472048282623291
1360,1,0.5322343707084656
1361,1,0.9528006911277771
1362,1,0.9805481433868408
1363,1,0.9454532861709595
1364,1,0.9021964073181152
1365,1,0.898247241973877
1366,1,0.3826698958873749
1367,1,0.7668022513389587
1368,1,0.8453022837638855
1369,1,0.8948252201080322
1370,1,0.9445617198944092
1371,1,0.6440660357475281
1372,1,0.8647215962409973
1373,1,0.9502948522567749
1374,1,0.6855428218841553
1375,1,0.8239011168479919
1376,1,0.8899616599082947
1377,1,0.9394976496696472
1378,1,0.5473031401634216
1379,1,0.3833644688129425
1380,1,0.8493232727050781
1381,1,0.8472920060157776
1382,1,0.9845950603485107
1383,1,0.7926782369613647
1384,1,0.978845477104187
1385,1,0.9362202286720276
1386,1,0.947624921798706
1387,1,0.9055099487304688
1388,1,0.6302553415298462
1389,1,0.9360209107398987
1390,1,0.8667406439781189
1391,1,0.9925190210342407
1392,1,0.9759765267372131
1393,1,0.9375402927398682
1394,1,0.9909672141075134
1395,1,0.9657201170921326
1396,1,0.9724990725517273
1397,1,0.9690831899642944
1398,1,0.8227420449256897
1399,1,0.9933844208717346
1400,1,0.8975251317024231
1401,1,0.9536383152008057
1402,1,0.9586949944496155
1403,1,0.6833587288856506
1404,1,0.9925131797790527
1405,1,0.9713020920753479
1406,1,0.1218092143535614
1407,1,0.9577219486236572
1408,1,0.9827173352241516
1409,1,0.9833354949951172
1410,1,0.8725093007087708
1411,1,0.9951785802841187
1412,1,0.8516725301742554
1413,1,0.9421448707580566
1414,1,0.9589126110076904
1415,1,0.9756953120231628
1416,1,0.994401752948761
1417,1,0.7833011150360107
1418,1,0.964360773563385
1419,1,0.9765982627868652
1420,1,0.9854944944381714
1421,1,0.9800517559051514
1422,1,0.8853542804718018
1423,1,0.6458842754364014
1424,1,0.12447836250066757
1425,1,0.9237158298492432
1426,1,0.7401368618011475
1427,1,0.9684740900993347
1428,1,0.9860168099403381
1429,1,0.9802385568618774
1430,1,0.98110032081604
1431,1,0.9533030986785889
1432,1,0.9943023920059204
1433,1,0.9222320318222046
1434,1,0.984209418296814
1435,1,0.4263550937175751
1436,1,0.9569460153579712
1437,1,0.9635554552078247
1438,1,0.2619257867336273
1439,1,0.19125182926654816
1440,1,0.7410258054733276
1441,1,0.2930026054382324
1442,1,0.9306043386459351
1443,1,0.9491376876831055
1444,1,0.9658842086791992
1445,1,0.9519171714782715
1446,1,0.9556252956390381
1447,1,0.4969549775123596
1448,1,0.4103330671787262
1449,1,0.9787440896034241
1450,1,0.9138866066932678
1451,1,0.9838185906410217
1452,1,0.953846275806427
1453,1,0.9678579568862915
1454,1,0.6504846215248108
1455,1,0.9356235265731812
1456,1,0.9733906984329224
1457,1,0.9745033979415894
1458,1,0.9703692197799683
1459,1,0.9629274606704712
1460,1,0.9801908731460571
1461,1,0.12226466834545135
1462,1,0.9824709296226501
1463,1,0.9631398320198059
1464,1,0.9708431363105774
1465,1,0.9478477239608765
1466,1,0.976005494594574
1467,1,0.9845511317253113
1468,1,0.9664554595947266
1469,1,0.9751044511795044
1470,1,0.9892606735229492
1471,1,0.9903786182403564
1472,1,0.23082293570041656
1473,1,0.13675044476985931
1474,1,0.28914904594421387
1475,1,0.6782522201538086
1476,1,0.6539772748947144
1477,1,0.17292261123657227
1478,1,0.2405628114938736
1479,1,0.7851457595825195
1480,1,0.5626972913742065
1481,1,0.521280825138092
1482,1,0.5028223991394043
1483,1,0.7188358902931213
1484,1,0.5062586069107056
1485,1,0.9364635348320007
1486,1,0.9398185610771179
1487,1,0.3037940561771393
1488,1,0.7929926514625549
1489,1,0.8418691158294678
1490,1,0.7171577215194702
1491,1,0.9103581309318542
1492,1,0.890829861164093
1493,1,0.8641859292984009
1494,1,0.01860268972814083
1495,1,0.4714227616786957
1496,1,0.8648300766944885
1497,1,0.6775762438774109
1498,1,0.8634369969367981
1499,1,0.9606496691703796
1500,1,0.9270063042640686
1501,1,0.9459064602851868
1502,1,0.6532712578773499
1503,1,0.8851606249809265
1504,1,0.8625137805938721
1505,1,0.7475345134735107
1506,1,0.8251742720603943
1507,1,0.8949958086013794
1508,1,0.46046996116638184
1509,1,0.9579843282699585
1510,1,0.9729197025299072
1511,1,0.9610481858253479
1512,1,0.5606600046157837
1513,1,0.9820436239242554
1514,1,0.9669013619422913
1515,1,0.41576358675956726
1516,1,0.8441048860549927
1517,1,0.687619149684906
1518,1,0.47165730595588684
1519,1,0.9590617418289185
1520,1,0.9380187392234802
1521,1,0.9617489576339722
1522,1,0.9768224954605103
1523,1,0.4748004376888275
1524,1,0.9878742098808289
1525,1,0.8860530257225037
1526,1,0.8126912713050842
1527,1,0.7978107333183289
1528,1,0.9505080580711365
1529,1,0.8625566959381104
1530,1,0.8869935870170593
1531,1,0.781239926815033
1532,1,0.3857729434967041
1533,1,0.6514229774475098
1534,1,0.8965075612068176
1535,1,0.8184292912483215
1536,1,0.8574299812316895
1537,1,0.800813615322113
1538,1,0.5423089861869812
1539,1,0.751258909702301
1540,1,0.3752833306789398
1541,1,0.9541701674461365
1542,1,0.3856573700904846
1543,1,0.9171450138092041
1544,1,0.7935887575149536
1545,1,0.9626579284667969
1546,1,0.9450368285179138
1547,1,0.80677729845047
1548,1,0.9674185514450073
1549,1,0.9291897416114807
1550,1,0.8278942704200745
1551,1,0.7331051826477051
1552,1,0.903593897819519
1553,1,0.1644822210073471
1554,1,0.8599307537078857
1555,1,0.982220470905304
1556,1,0.9440305233001709
1557,1,0.516172468662262
1558,1,0.9849960803985596
1559,1,0.9675995111465454
1560,1,0.9664040803909302
1561,1,0.9746249914169312
1562,1,0.9127044081687927
1563,1,0.4014440178871155
1564,1,0.9626477956771851
1565,1,0.9841194748878479
1566,1,0.9410613775253296
1567,1,0.9678168892860413
1568,1,0.990909993648529
1569,1,0.9451271295547485
1570,1,0.9350733757019043
1571,1,0.8310245871543884
1572,1,0.9260597825050354
1573,1,0.990328848361969
1574,1,0.9606515169143677
1575,1,0.9787983298301697
1576,1,0.9519293308258057
1577,1,0.9688123464584351
1578,1,0.9729354977607727
1579,1,0.9754133820533752
1580,1,0.981433093547821
1581,1,0.9760210514068604
1582,1,0.800570547580719
1583,1,0.9835454225540161
1584,1,0.9741474986076355
1585,1,0.9606499075889587
1586,1,0.9005924463272095
1587,1,0.9721502661705017
1588,1,0.953216552734375
1589,1,0.9626949429512024
1590,1,0.9808903932571411
1591,1,0.9862875938415527
1592,1,0.9601571559906006
1593,1,0.9045428037643433
1594,1,0.9831851124763489
1595,1,0.976425051689148
1596,1,0.957586944103241
1597,1,0.7432371973991394
1598,1,0.9760564565658569
1599,1,0.9821751713752747
1600,1,0.9724851250648499
1601,1,0.9925075173377991
1602,1,0.9740055203437805
1603,1,0.965722918510437
1604,1,0.9095599055290222
1605,1,0.9963143467903137
1606,1,0.9751230478286743
1607,1,0.4148552417755127
1608,1,0.9914365410804749
1609,1,0.6668177247047424
1610,1,0.9263853430747986
1611,1,0.9860471487045288
1612,1,0.966222882270813
1613,1,0.8617803454399109
1614,1,0.9810876250267029
1615,1,0.9863638281822205
1616,1,0.9797239303588867
1617,1,0.9067038297653198
1618,1,0.9841225147247314
1619,1,0.9617568850517273
1620,1,0.22399893403053284
1621,1,0.8699495792388916
1622,1,0.875519871711731
1623,1,0.9554967880249023
1624,1,0.9097169041633606
1625,1,0.8983595967292786
1626,1,0.9488036036491394
1627,1,0.9603415131568909
1628,1,0.9539808034896851
1629,1,0.9561935067176819
1630,1,0.1218092143535614
1631,1,0.8632237315177917
1632,1,0.5017355680465698
1633,1,0.8853052258491516
1634,1,0.8859063386917114
1635,1,0.8221678137779236
1636,1,0.44578978419303894
1637,1,0.9615208506584167
1638,1,0.8180096745491028
1639,1,0.8500804901123047
1640,1,0.23451507091522217
1641,1,0.8885291218757629
1642,1,0.9350966215133667
1643,1,0.9850665330886841
1644,1,0.30271127820014954
1645,1,0.7101276516914368
1646,1,0.979698657989502
1647,1,0.9857265949249268
1648,1,0.9655911922454834
1649,1,0.40839722752571106
1650,1,0.48057320713996887
1651,1,0.3464077115058899
1652,1,0.37064874172210693
1653,1,0.26498013734817505
1654,1,0.2775445282459259
1655,1,0.3014160692691803
1656,1,0.23527352511882782
1657,1,0.15329097211360931
1658,1,0.13530725240707397
1659,1,0.22128938138484955
1660,1,0.21662907302379608
1661,1,0.30594873428344727
1662,1,0.014205487444996834
1663,1,0.4055887460708618
1664,1,0.2111773043870926
1665,1,0.010839968919754028
1666,1,0.9817137122154236
1667,1,0.9707329273223877
1668,1,0.9774851202964783
1669,1,0.9583031535148621
1670,1,0.986958920955658
1671,1,0.9173914194107056
1672,1,0.9832304120063782
1673,1,0.20689913630485535
1674,1,0.0580827035009861
1675,1,0.3970516324043274
1676,1,0.7812418937683105
1677,1,0.9916591048240662
1678,1,0.9723753333091736
1679,1,0.9796302318572998
1680,1,0.8069046139717102
1681,1,0.9877479076385498
1682,1,0.8941409587860107
1683,1,0.9721105098724365
1684,1,0.9839227795600891
1685,1,0.9703038930892944
1686,1,0.7438004016876221
1687,1,0.4263896644115448
1688,1,0.8334116339683533
1689,1,0.9016811847686768
1690,1,0.3457314372062683
1691,1,0.7691206336021423
1692,1,0.8668302297592163
1693,1,0.9875344038009644
1694,1,0.9010798335075378
1695,1,0.5095717310905457
1696,1,0.925240695476532
1697,1,0.9215754270553589
1698,1,0.6860657334327698
1699,1,0.9728063941001892
1700,1,0.9711999893188477
1701,1,0.34964674711227417
1702,1,0.9302371740341187
1703,1,0.9922863245010376
1704,1,0.10033179074525833
1705,1,0.9714996218681335
1706,1,0.9097080230712891
1707,1,0.9153515100479126
1708,1,0.44994843006134033
1709,1,0.8674231171607971
1710,1,0.9875433444976807
1711,1,0.5592161417007446
1712,1,0.9323770999908447
1713,1,0.6906139254570007
1714,1,0.9759930968284607
1715,1,0.4865114688873291
1716,1,0.9053918719291687
1717,1,0.6864013075828552
1718,1,0.8047806620597839
1719,1,0.741858184337616
1720,1,0.863688588142395
1721,1,0.8387216329574585
1722,1,0.8106995820999146
1723,1,0.8202352523803711
1724,1,0.9761477708816528
1725,1,0.965813398361206
1726,1,0.97945636510849
1727,1,0.7189229726791382
1728,1,0.9890628457069397
1729,1,0.8925728797912598
1730,1,0.5364510416984558
1731,1,0.4276702404022217
1732,1,0.9851674437522888
1733,1,0.9781222343444824
1734,1,0.9059709906578064
1735,1,0.9811373949050903
1736,1,0.30059754848480225
1737,1,0.39083123207092285
1738,1,0.7597355842590332
1739,1,0.9635939002037048
1740,1,0.8310201168060303
1741,1,0.9899044632911682
1742,1,0.8289223313331604
1743,1,0.7105283141136169
1744,1,0.7121829390525818
1745,1,0.9111337661743164
1746,1,0.85545414686203
1747,1,0.9415495991706848
1748,1,0.8361316919326782
1749,1,0.9587300419807434
1750,1,0.8483409285545349
1751,1,0.8091323971748352
1752,1,0.9639938473701477
1753,1,0.6716164350509644
1754,1,0.9790716767311096
1755,1,0.9593164324760437
1756,1,0.9767675995826721
1757,1,0.13854363560676575
1758,1,0.6939021944999695
1759,1,0.9873825907707214
1760,1,0.9836726784706116
1761,1,0.9774927496910095
1762,1,0.9394028186798096
1763,1,0.9871720671653748
1764,1,0.9511874914169312
1765,1,0.6482137441635132
1766,1,0.9839658737182617
1767,1,0.08721929043531418
1768,1,0.9929682612419128
1769,1,0.9779565334320068
1770,1,0.9601811170578003
1771,1,0.9420816898345947
1772,1,0.8278805613517761
1773,1,0.9625470638275146
1774,1,0.5221778154373169
1775,1,0.9877034425735474
1776,1,0.9157537817955017
1777,1,0.9201756119728088
1778,1,0.9143561720848083
1779,1,0.8710611462593079
1780,1,0.8118796348571777
1781,1,0.9948451519012451
1782,1,0.9204718470573425
1783,1,0.5275455117225647
1784,1,0.97300785779953
1785,1,0.9890913963317871
1786,1,0.9797195792198181
1787,1,0.9870516061782837
1788,1,0.9923736453056335
1789,1,0.9707090854644775
1790,1,0.9500640034675598
1791,1,0.9754834175109863
1792,1,0.5824392437934875
1793,1,0.975579023361206
1794,1,0.9942399263381958
1795,1,0.9011147618293762
1796,1,0.9940711855888367
1797,1,0.7478209733963013
1798,1,0.9866531491279602
1799,1,0.9806255102157593
1800,1,0.61724454164505
1801,1,0.4826693534851074
1802,1,0.5773798227310181
1803,1,0.8478133082389832
1804,1,0.09899086505174637
1805,1,0.9150668382644653
1806,1,0.9306551218032837
1807,1,0.9682088494300842
1808,1,0.9310930967330933
1809,1,0.9537366628646851
1810,1,0.5274345874786377
1811,1,0.3471277356147766
1812,1,0.8624528646469116
1813,1,0.8030464053153992
1814,1,0.9520652890205383
1815,1,0.9638779759407043
1816,1,0.884139358997345
1817,1,0.8864523768424988
1818,1,0.9478197693824768
1819,1,0.9367213845252991
1820,1,0.7240994572639465
1821,1,0.4607592523097992
1822,1,0.8003504276275635
1823,1,0.9172020554542542
1824,1,0.9617577791213989
1825,1,0.8413741588592529
1826,1,0.9820807576179504
1827,1,0.9750378131866455
1828,1,0.989056408405304
1829,1,0.9672594666481018
1830,1,0.8635217547416687
1831,1,0.569392740726471
1832,1,0.9080608487129211
1833,1,0.8715726733207703
1834,1,0.9879178404808044
1835,1,0.9071730971336365
1836,1,0.9937538504600525
1837,1,0.9746368527412415
1838,1,0.3254871964454651
1839,1,0.48330771923065186
1840,1,0.9548354148864746
1841,1,0.19692836701869965
1842,1,0.50227952003479
1843,1,0.3147136867046356
1844,1,0.7240033149719238
1845,1,0.7764939069747925
1846,1,0.7307785153388977
1847,1,0.9793707132339478
1848,1,0.8665422201156616
1849,1,0.8465710878372192
1850,1,0.4124182164669037
1851,1,0.775121808052063
1852,1,0.6322651505470276
1853,1,0.89726722240448
1854,1,0.935326337814331
1855,1,0.8546774387359619
1856,1,0.8773676753044128
1857,1,0.9904490113258362
1858,1,0.8282542824745178
1859,1,0.9300636053085327
1860,1,0.8686964511871338
1861,1,0.6993234157562256
1862,1,0.9730455279350281
1863,1,0.988941490650177
1864,1,0.20548000931739807
1865,1,0.5357494950294495
1866,1,0.8395469784736633
1867,1,0.658446192741394
1868,1,0.8955625295639038
1869,1,0.9641975164413452
1870,1,0.9684388041496277
1871,1,0.6357160210609436
1872,1,0.9411906003952026
1873,1,0.6580408811569214
1874,1,0.9221963882446289
1875,1,0.9414582848548889
1876,1,0.877300500869751
1877,1,0.5087702870368958
1878,1,0.9110080599784851
1879,1,0.7114886045455933
1880,1,0.6970971822738647
1881,1,0.7962962985038757
1882,1,0.21410919725894928
1883,1,0.882363498210907
1884,1,0.9538130164146423
1885,1,0.7372334599494934
1886,1,0.7328220009803772
1887,1,0.8698458671569824
1888,1,0.4259357154369354
1889,1,0.9426315426826477
1890,1,0.9569335579872131
1891,1,0.3434816598892212
1892,1,0.5379946827888489
1893,1,0.7138048410415649
1894,1,0.834373950958252
1895,1,0.9146324992179871
1896,1,0.9335063099861145
1897,1,0.9381149411201477
1898,1,0.024523243308067322
1899,1,0.963991641998291
1900,1,0.11080613732337952
1901,1,0.8683430552482605
1902,1,0.9254466891288757
1903,1,0.5203879475593567
1904,1,0.2770165801048279
1905,1,0.8136358261108398
1906,1,0.9882881045341492
1907,1,0.9603279829025269
1908,1,0.8880701661109924
1909,1,0.18876206874847412
1910,1,0.9270848035812378
1911,1,0.5685141086578369
1912,1,0.12404664605855942
1913,1,0.5926496982574463
1914,1,0.0851215273141861
1915,1,0.7902680039405823
1916,1,0.2892749607563019
1917,1,0.4952525794506073
1918,1,0.9577476382255554
1919,1,0.9771054983139038
1920,1,0.934851884841919
1921,1,0.9808682799339294
1922,1,0.9454591274261475
1923,1,0.9702651500701904
1924,1,0.8105356097221375
1925,1,0.9213630557060242
1926,1,0.9840700626373291
1927,1,0.9910711050033569
1928,1,0.9867092967033386
1929,1,0.834754467010498
1930,1,0.9531087875366211
1931,1,0.9913842678070068
1932,1,0.9472395777702332
1933,1,0.9754759073257446
1934,1,0.9749607443809509
1935,1,0.9822843074798584
1936,1,0.6099644303321838
1937,1,0.3916288912296295
1938,1,0.9271203279495239
1939,1,0.981523334980011
1940,1,0.9842696189880371
1941,1,0.8859028816223145
1942,1,0.8794258832931519
1943,1,0.9858623147010803
1944,1,0.9416722059249878
1945,1,0.3779222071170807
1946,1,0.9877558946609497
1947,1,0.9720902442932129
1948,1,0.9433763027191162
1949,1,0.9769774675369263
1950,1,0.12087877839803696
1951,1,0.9511836171150208
1952,1,0.9833936095237732
1953,1,0.776574432849884
1954,1,0.9371960163116455
1955,1,0.731814980506897
1956,1,0.971897542476654
1957,1,0.9631606340408325
1958,1,0.9677689671516418
1959,1,0.9937918782234192
1960,1,0.9960110187530518
1961,1,0.9561601281166077
1962,1,0.9843662977218628
1963,1,0.9789511561393738
1964,1,0.5639250874519348
1965,1,0.9069574475288391
1966,1,0.984968900680542
1967,1,0.8707748055458069
1968,1,0.9871250987052917
1969,1,0.9729414582252502
1970,1,0.8473588824272156
1971,1,0.9581114649772644
1972,1,0.9310199618339539
1973,1,0.7124974131584167
1974,1,0.9729324579238892
1975,1,0.9889215230941772
1976,1,0.9867714047431946
1977,1,0.7637826204299927
1978,1,0.9744600057601929
1979,1,0.7123488187789917
1980,1,0.6565536260604858
1981,1,0.9611228108406067
1982,1,0.45799553394317627
1983,1,0.5167245268821716
1984,1,0.7665919065475464
1985,1,0.14958831667900085
1986,1,0.6063159704208374
1987,1,0.7772451043128967
1988,1,0.7785776257514954
1989,1,0.6028660535812378
1990,1,0.1270299106836319
1991,0,0.5234511494636536
1992,0,0.016995297744870186
1993,0,0.12651090323925018
1994,0,0.7917391061782837
1995,0,0.270745187997818
1996,0,0.08661746978759766
1997,0,0.084232859313488
1998,0,0.007153533864766359
1999,0,0.01856551319360733
2000,0,0.14833135902881622
2001,0,0.2674957513809204
2002,0,0.5795944929122925
2003,0,0.01851203665137291
2004,0,0.052851852029561996
2005,0,0.36782222986221313
2006,0,0.010619339533150196
2007,0,0.323893278837204
2008,0,0.7427043318748474
2009,0,0.34479209780693054
2010,0,0.4205918610095978
2011,0,0.11370985209941864
2012,0,0.8138585686683655
2013,0,0.47290003299713135
2014,0,0.25790032744407654
2015,0,0.025231540203094482
2016,0,0.8826969265937805
2017,0,0.05573517829179764
2018,0,0.4030688405036926
2019,0,0.16691598296165466
2020,0,0.2086128443479538
2021,0,0.09331564605236053
2022,0,0.026800058782100677
2023,0,0.0047929417341947556
2024,0,0.04292847961187363
2025,0,0.12196297943592072
2026,0,0.16693536937236786
2027,0,0.12471805512905121
2028,0,0.08004927635192871
2029,0,0.9365003108978271
2030,0,0.14346571266651154
2031,0,0.12550613284111023
2032,0,0.16335994005203247
2033,0,0.016743047162890434
2034,0,0.04863882437348366
2035,0,0.30531957745552063
2036,0,0.2673146724700928
2037,0,0.19014887511730194
2038,0,0.7585758566856384
2039,0,0.2139488160610199
2040,0,0.10854487121105194
2041,0,0.9670450091362
2042,0,0.3114836812019348
2043,0,0.0071548274718225
2044,0,0.006995390169322491
2045,0,0.2481904774904251
2046,0,0.02072693035006523
2047,0,0.017794543877243996
2048,0,0.09809419512748718
2049,0,0.017178190872073174
2050,0,0.32378053665161133
2051,0,0.01561177521944046
2052,0,0.7537167072296143
2053,0,0.9577135443687439
2054,0,0.0074632856994867325
2055,0,0.016891323029994965
2056,0,0.010099083185195923
2057,0,0.006873396225273609
2058,0,0.709415078163147
2059,0,0.09515132009983063
2060,0,0.6158362627029419
2061,0,0.5036720633506775
2062,0,0.19911034405231476
2063,0,0.01966984011232853
2064,0,0.009929103776812553
2065,0,0.04216664284467697
2066,0,0.04873695597052574
2067,0,0.9573498964309692
2068,0,0.0756148248910904
2069,0,0.011717098765075207
2070,0,0.007590476423501968
2071,0,0.01871153898537159
2072,0,0.21238508820533752
2073,0,0.028522653505206108
2074,0,0.18146106600761414
2075,0,0.07971755415201187
2076,0,0.741910994052887
2077,0,0.14521369338035583
2078,0,0.3398810923099518
2079,0,0.01221120823174715
2080,0,0.18286843597888947
2081,0,0.030486660078167915
2082,0,0.3037109076976776
2083,0,0.12850703299045563
2084,0,0.1643626093864441
2085,0,0.036477405577898026
2086,0,0.2062530368566513
2087,0,0.010806279256939888
2088,0,0.01234493963420391
2089,0,0.37953320145606995
2090,0,0.007970711216330528
2091,0,0.05092129483819008
2092,0,0.010546009987592697
2093,0,0.007017431780695915
2094,0,0.1353609263896942
2095,0,0.07717182487249374
2096,0,0.26652005314826965
2097,0,0.17038513720035553
2098,0,0.07372830808162689
2099,0,0.258550226688385
2100,0,0.005791382398456335
2101,0,0.09265182912349701
2102,0,0.009558784775435925
2103,0,0.5095349550247192
2104,0,0.007108315359801054
2105,0,0.014741878025233746
2106,0,0.03598938137292862
2107,0,0.004647632595151663
2108,0,0.30693817138671875
2109,0,0.06472983211278915
2110,0,0.1345677226781845
2111,0,0.07953810691833496
2112,0,0.3662380576133728
2113,0,0.014514747075736523
2114,0,0.004568507429212332
2115,0,0.1218092143535614
2116,0,0.03807387128472328
2117,0,0.6048412322998047
2118,0,0.022043390199542046
2119,0,0.03258807584643364
2120,0,0.9348586201667786
2121,0,0.25152158737182617
2122,0,0.03114365227520466
2123,0,0.13925622403621674
2124,0,0.226424902677536
2125,0,0.015938429161906242
2126,0,0.06033625081181526
2127,0,0.023751983419060707
2128,0,0.04303966090083122
2129,0,0.09018589556217194
2130,0,0.38526347279548645
2131,0,0.021723391488194466
2132,0,0.5759177207946777
2133,0,0.14727547764778137
2134,0,0.0703977644443512
2135,0,0.07079778611660004
2136,0,0.051090314984321594
2137,0,0.008916000835597515
2138,0,0.9370167851448059
2139,0,0.036869898438453674
2140,0,0.012830625288188457
2141,0,0.09727966785430908
2142,0,0.12226466834545135
2143,0,0.25156280398368835
2144,0,0.05997348949313164
2145,0,0.008462654426693916
2146,0,0.010219858027994633
2147,0,0.04892222210764885
2148,0,0.7985632419586182
2149,0,0.9142213463783264
2150,0,0.014522177167236805
2151,0,0.6538108587265015
2152,0,0.08561639487743378
2153,0,0.4691459834575653
2154,0,0.011832812801003456
2155,0,0.007015132810920477
2156,0,0.2982383966445923
2157,0,0.7478070259094238
2158,0,0.09043055027723312
2159,0,0.12845145165920258
2160,0,0.031161440536379814
2161,0,0.12608842551708221
2162,0,0.05536302179098129
2163,0,0.06653710454702377
2164,0,0.8735199570655823
2165,0,0.014494245871901512
2166,0,0.12226466834545135
2167,0,0.2938087582588196
2168,0,0.7591020464897156
2169,0,0.3229876756668091
2170,0,0.45694196224212646
2171,0,0.042150549590587616
2172,0,0.47976332902908325
2173,0,0.7240994572639465
2174,0,0.3620997369289398
2175,0,0.4564144015312195
2176,0,0.5136857628822327
2177,0,0.043179795145988464
2178,0,0.18100674450397491
2179,0,0.026065265759825706
2180,0,0.37874552607536316
2181,0,0.010178681463003159
2182,0,0.1591567099094391
2183,0,0.07614161819219589
2184,0,0.0794590637087822
2185,0,0.3942587077617645
2186,0,0.011052338406443596
2187,0,0.9353946447372437
2188,0,0.02264615148305893
2189,0,0.030035631731152534
2190,0,0.7574828863143921
2191,0,0.016491446644067764
2192,0,0.12050063163042068
2193,0,0.03170491382479668
2194,0,0.24997299909591675
2195,0,0.024319371208548546
2196,0,0.5323615074157715
2197,0,0.38052764534950256
2198,0,0.015919623896479607
2199,0,0.23551616072654724
2200,0,0.023293491452932358
2201,0,0.49037253856658936
2202,0,0.1174352690577507
2203,0,0.012333149090409279
2204,0,0.15415580570697784
2205,0,0.18138955533504486
2206,0,0.004951104521751404
2207,0,0.11198786646127701
2208,0,0.19858722388744354
2209,0,0.8887653946876526
2210,0,0.019428666681051254
2211,0,0.4099225699901581
2212,0,0.05204414203763008
2213,0,0.07032191753387451
2214,0,0.009057840332388878
2215,0,0.4053441286087036
2216,0,0.6337004899978638
2217,0,0.08512620627880096
2218,0,0.3168224096298218
2219,0,0.03403608873486519
2220,0,0.013301707804203033
2221,0,0.18128980696201324
2222,0,0.8518423438072205
2223,0,0.17455071210861206
2224,0,0.008263313211500645
2225,0,0.5449495315551758
2226,0,0.09393541514873505
2227,0,0.1310332864522934
2228,0,0.5922176241874695
2229,0,0.31480419635772705
2230,0,0.12270413339138031
2231,0,0.2035146802663803
2232,0,0.022288139909505844
2233,0,0.986607551574707
2234,0,0.01280281413346529
2235,0,0.03782076761126518
2236,0,0.8290006518363953
2237,0,0.3872417211532593
2238,0,0.1166711077094078
2239,0,0.8052109479904175
2240,0,0.37633630633354187
2241,0,0.7552147507667542
2242,0,0.004842811729758978
2243,0,0.40870344638824463
2244,0,0.18825513124465942
2245,0,0.4911261796951294
2246,0,0.08651134371757507
2247,0,0.022630685940384865
2248,0,0.12226466834545135
2249,0,0.05322134494781494
2250,0,0.027601653710007668
2251,0,0.04755885899066925
2252,0,0.08613691478967667
2253,0,0.17645163834095
2254,0,0.011277839541435242
2255,0,0.0852513462305069
2256,0,0.2800447344779968
2257,0,0.6028527021408081
2258,0,0.22350360453128815
2259,0,0.8263046741485596
2260,0,0.14580708742141724
2261,0,0.13829883933067322
2262,0,0.6158305406570435
2263,0,0.7882490754127502
2264,0,0.013996833004057407
2265,0,0.7815980911254883
2266,0,0.18562714755535126
2267,0,0.01107311062514782
2268,0,0.8054259419441223
2269,0,0.7554334998130798
2270,0,0.03702864423394203
2271,0,0.026268931105732918
2272,0,0.7887160181999207
2273,0,0.5543623566627502
2274,0,0.019406212493777275
2275,0,0.23890994489192963
2276,0,0.15988250076770782
2277,0,0.01412513479590416
2278,0,0.49564388394355774
2279,0,0.2259528785943985
2280,0,0.027602484449744225
2281,0,0.021252086386084557
2282,0,0.356291800737381
2283,0,0.04664235562086105
2284,0,0.018871784210205078
2285,0,0.0771690383553505
2286,0,0.7174473404884338
2287,0,0.015392423607409
2288,0,0.12050063163042068
2289,0,0.029875781387090683
2290,0,0.041675813496112823
2291,0,0.03514653444290161
2292,0,0.15956233441829681
2293,0,0.012730209156870842
2294,0,0.7497808337211609
2295,0,0.01183917187154293
2296,0,0.25959673523902893
2297,0,0.15956233441829681
2298,0,0.1612059623003006
2299,0,0.004752038978040218
2300,0,0.1591508388519287
2301,0,0.173068106174469
2302,0,0.17991210520267487
2303,0,0.9893581867218018
2304,0,0.6140180826187134
2305,0,0.08728912472724915
2306,0,0.015179524198174477
2307,0,0.7854698896408081
2308,0,0.4112388789653778
2309,0,0.9677259922027588
2310,0,0.6234130263328552
2311,0,0.03774391859769821
2312,0,0.027143850922584534
2313,0,0.5860148668289185
2314,0,0.2240157574415207
2315,0,0.20450933277606964
2316,0,0.30374953150749207
2317,0,0.10446521639823914
2318,0,0.06995868682861328
2319,0,0.8962392210960388
2320,0,0.011895113624632359
2321,0,0.02637016400694847
2322,0,0.0053603509441018105
2323,0,0.07928583025932312
2324,0,0.13338103890419006
2325,0,0.03726642206311226
2326,0,0.65579754114151
2327,0,0.14444291591644287
2328,0,0.5007054209709167
2329,0,0.048747655004262924
2330,0,0.044683028012514114
2331,0,0.08940540254116058
2332,0,0.27689415216445923
2333,0,0.5338220000267029
2334,0,0.07731569558382034
2335,0,0.09580309689044952
2336,0,0.2104087471961975
2337,0,0.9547181129455566
2338,0,0.007792785298079252
2339,0,0.26646074652671814
2340,0,0.4745747447013855
2341,0,0.07430577278137207
2342,0,0.6236222386360168
2343,0,0.13958965241909027
2344,0,0.05404818803071976
2345,0,0.8991477489471436
2346,0,0.06328751891851425
2347,0,0.2309223711490631
2348,0,0.010462982580065727
2349,0,0.3472735583782196
2350,0,0.3355763256549835
2351,0,0.09698347002267838
2352,0,0.0057637919671833515
2353,0,0.06994089484214783
2354,0,0.036780647933483124
2355,0,0.5427011847496033
2356,0,0.5411791205406189
2357,0,0.03507135808467865
2358,0,0.09042450785636902
2359,0,0.4724111258983612
2360,0,0.39177536964416504
2361,0,0.23003196716308594
2362,0,0.1651948243379593
2363,0,0.9156219959259033
2364,0,0.5032309293746948
2365,0,0.008350844494998455
2366,0,0.014269145205616951
2367,0,0.026866870000958443
2368,0,0.5860418677330017
2369,0,0.5236530900001526
2370,0,0.3302375078201294
2371,0,0.03078223392367363
2372,0,0.03373831883072853
2373,0,0.7561408877372742
2374,0,0.5324209928512573
2375,0,0.8424327969551086
2376,0,0.009531479328870773
2377,0,0.16156905889511108
2378,0,0.006570050958544016
2379,0,0.8392547369003296
2380,0,0.007470960728824139
2381,0,0.12534478306770325
2382,0,0.09311436116695404
2383,0,0.21741048991680145
2384,0,0.029815776273608208
2385,0,0.24695125222206116
2386,0,0.44001492857933044
2387,0,0.027518929913640022
2388,0,0.288161039352417
2389,0,0.269776850938797
2390,0,0.21702760457992554
2391,0,0.013800406828522682
2392,0,0.4761883318424225
2393,0,0.15548303723335266
2394,0,0.12475955486297607
2395,0,0.26624596118927
2396,0,0.28560665249824524
2397,0,0.12050063163042068
2398,0,0.7624286413192749
2399,0,0.7476099133491516
2400,0,0.2152237892150879
2401,0,0.018495453521609306
2402,0,0.08768224716186523
2403,0,0.009495439939200878
2404,0,0.8162140250205994
2405,0,0.9295333623886108
2406,0,0.07285366952419281
2407,0,0.6487314105033875
2408,0,0.005821425002068281
2409,0,0.04555732384324074
2410,0,0.15202906727790833
2411,0,0.06197193264961243
2412,0,0.4714862108230591
2413,0,0.13061946630477905
2414,0,0.0962858498096466
2415,0,0.004890948999673128
2416,0,0.007508249022066593
2417,0,0.011416309513151646
2418,0,0.04631855711340904
2419,0,0.15136025846004486
2420,0,0.12058445066213608
2421,0,0.016748866066336632
2422,0,0.2023032158613205
2423,0,0.10301750898361206
2424,0,0.007409196812659502
2425,0,0.008365998044610023
2426,0,0.14396603405475616
2427,0,0.051755376160144806
2428,0,0.020841823890805244
2429,0,0.04867386817932129
2430,0,0.09831904619932175
2431,0,0.4537964463233948
2432,0,0.020200366154313087
2433,0,0.938435971736908
2434,0,0.0940905436873436
2435,0,0.7145711183547974
2436,0,0.006936568766832352
2437,0,0.06393507868051529
2438,0,0.5867279767990112
2439,0,0.0634676069021225
2440,0,0.020672861486673355
2441,0,0.01838802546262741
2442,0,0.023070015013217926
2443,0,0.006531908176839352
2444,0,0.18842114508152008
2445,0,0.023275192826986313
2446,0,0.008500183001160622
2447,0,0.6881158351898193
2448,0,0.541945219039917
2449,0,0.1218092143535614
2450,0,0.01797597110271454
2451,0,0.10281636565923691
2452,0,0.19843445718288422
2453,0,0.02311190403997898
2454,0,0.0071295080706477165
2455,0,0.19993652403354645
2456,0,0.5517933368682861
2457,0,0.13276243209838867
2458,0,0.7523741722106934
2459,0,0.041956838220357895
2460,0,0.789082407951355
2461,0,0.10939222574234009
2462,0,0.6466667056083679
2463,0,0.3157355785369873
2464,0,0.05700482800602913
2465,0,0.14803244173526764
2466,0,0.06919816881418228
2467,0,0.11816669255495071
2468,0,0.20275640487670898
2469,0,0.08309503644704819
2470,0,0.8047112822532654
2471,0,0.01697598025202751
2472,0,0.06325434893369675
2473,0,0.6421526074409485
2474,0,0.3718608021736145
2475,0,0.04022352769970894
2476,0,0.14916273951530457
2477,0,0.0614161379635334
2478,0,0.5183551907539368
2479,0,0.022047214210033417
2480,0,0.007981528528034687
2481,0,0.10538508743047714
2482,0,0.011004116386175156
2483,0,0.005439793691039085
2484,0,0.010377006605267525
2485,0,0.010634634643793106
2486,0,0.1833380162715912
2487,0,0.11714815348386765
2488,0,0.029309598729014397
2489,0,0.27357491850852966
2490,0,0.023432031273841858
2491,0,0.09316658228635788
2492,0,0.010656124912202358
2493,0,0.053134284913539886
2494,0,0.2580450773239136
2495,0,0.261627733707428
2496,0,0.6305733919143677
2497,0,0.5189386606216431
2498,0,0.06791891902685165
2499,0,0.009691968560218811
2500,0,0.5152986645698547
2501,0,0.07627875357866287
2502,0,0.09614569693803787
2503,0,0.8460250496864319
2504,0,0.22447285056114197
2505,0,0.7315255403518677
2506,0,0.3177759349346161
2507,0,0.01876024156808853
2508,0,0.9036657214164734
2509,0,0.20526890456676483
2510,0,0.19188715517520905
2511,0,0.513330340385437
2512,0,0.14803244173526764
2513,0,0.8603742122650146
2514,0,0.467418372631073
2515,0,0.20383411645889282
2516,0,0.9175875186920166
2517,0,0.07883918285369873
2518,0,0.12938128411769867
2519,0,0.0842704176902771
2520,0,0.02934405207633972
2521,0,0.736350953578949
2522,0,0.06544052064418793
2523,0,0.22629643976688385
2524,0,0.10468406230211258
2525,0,0.005726655945181847
2526,0,0.11080613732337952
2527,0,0.4772011935710907
2528,0,0.14340217411518097
2529,0,0.47428110241889954
2530,0,0.09965899586677551
2531,0,0.35070937871932983
2532,0,0.4292215406894684
2533,0,0.34340134263038635
2534,0,0.012255022302269936
2535,0,0.3906678557395935
2536,0,0.07059656828641891
2537,0,0.1459929198026657
2538,0,0.019722187891602516
2539,0,0.022962676361203194
2540,0,0.1807880401611328
2541,0,0.6109224557876587
2542,0,0.35628366470336914
2543,0,0.9151391386985779
2544,0,0.14576447010040283
2545,0,0.02982574887573719
2546,0,0.024958709254860878
2547,0,0.35580888390541077
2548,0,0.04113356024026871
2549,0,0.06530968099832535
2550,0,0.09050680696964264
2551,0,0.10729867964982986
2552,0,0.9912713766098022
2553,0,0.007370439358055592
2554,0,0.07358869165182114
2555,0,0.08164046704769135
2556,0,0.24262528121471405
2557,0,0.770638644695282
2558,0,0.031084513291716576
2559,0,0.5732186436653137
2560,0,0.010443499311804771
2561,0,0.30283963680267334
2562,0,0.366523414850235
2563,0,0.003847179003059864
2564,0,0.1669306755065918
2565,0,0.0048732152208685875
2566,0,0.01183531153947115
2567,0,0.01781964860856533
2568,0,0.12922032177448273
2569,0,0.7303946614265442
2570,0,0.05308757349848747
2571,0,0.010377569124102592
2572,0,0.24026678502559662
2573,0,0.5175711512565613
2574,0,0.008612428791821003
2575,0,0.9590942859649658
2576,0,0.48550674319267273
2577,0,0.0879547968506813
2578,0,0.16284048557281494
2579,0,0.14803244173526764
2580,0,0.08302025496959686
2581,0,0.16703009605407715
2582,0,0.24857963621616364
2583,0,0.1075216606259346
2584,0,0.017371831461787224
2585,0,0.008889367803931236
2586,0,0.07898641377687454
2587,0,0.27316173911094666
2588,0,0.011750341393053532
2589,0,0.01658531278371811
2590,0,0.49943479895591736
2591,0,0.791979193687439
2592,0,0.13169842958450317
2593,0,0.02209392748773098
2594,0,0.006281006149947643
2595,0,0.017048129811882973
2596,0,0.07135103642940521
2597,0,0.08839377760887146
2598,0,0.7564465403556824
2599,0,0.16097517311573029
2600,0,0.007430077996104956
2601,0,0.24998939037322998
2602,0,0.34181511402130127
2603,0,0.38612446188926697
2604,0,0.9226466417312622
2605,0,0.023535139858722687
2606,0,0.8149111866950989
2607,0,0.030039073899388313
2608,0,0.08178260922431946
2609,0,0.9630918502807617
2610,0,0.09623179584741592
2611,0,0.3474956154823303
2612,0,0.3943805992603302
2613,0,0.05065438523888588
2614,0,0.5232151746749878
2615,0,0.12608842551708221
2616,0,0.09300123155117035
2617,0,0.12226466834545135
2618,0,0.02818084880709648
2619,0,0.9663708209991455
2620,0,0.24783207476139069
2621,0,0.6291095018386841
2622,0,0.02291189879179001
2623,0,0.17428895831108093
2624,0,0.0876830667257309
2625,0,0.014510334469377995
2626,0,0.5638986229896545
2627,0,0.509186863899231
2628,0,0.35122931003570557
2629,0,0.007001102901995182
2630,0,0.12636561691761017
2631,0,0.007258797064423561
2632,0,0.3892199695110321
2633,0,0.11236707866191864
2634,0,0.07397710531949997
2635,0,0.5157799124717712
2636,0,0.5016394853591919
2637,0,0.922354519367218
2638,0,0.09132115542888641
2639,0,0.3784226179122925
2640,0,0.25605514645576477
2641,0,0.26232197880744934
2642,0,0.09817488491535187
2643,0,0.04279394447803497
2644,0,0.0060341316275298595
2645,0,0.006615624763071537
2646,0,0.20925283432006836
2647,0,0.22098565101623535
2648,0,0.030771687626838684
2649,0,0.4537453353404999
2650,0,0.0071080392226576805
2651,0,0.019080011174082756
2652,0,0.10201819986104965
2653,0,0.010846411809325218
2654,0,0.49699002504348755
2655,0,0.019229456782341003
2656,0,0.6448037624359131
2657,0,0.20689913630485535
2658,0,0.057162389159202576
2659,0,0.10391157120466232
2660,0,0.012102323584258556
2661,0,0.021594513207674026
2662,0,0.5766549706459045
2663,0,0.15019357204437256
2664,0,0.0074309357441961765
2665,0,0.6151648759841919
2666,0,0.005076774396002293
2667,0,0.44420892000198364
2668,0,0.3740032911300659
2669,0,0.21481595933437347
2670,0,0.5160446166992188
2671,0,0.05544581264257431
2672,0,0.017004404217004776
2673,0,0.18934796750545502
2674,0,0.0775642991065979
2675,0,0.013358617201447487
2676,0,0.008788582868874073
2677,0,0.6303240656852722
2678,0,0.09286642074584961
2679,0,0.08058672398328781
2680,0,0.026525050401687622
2681,0,0.3762322962284088
2682,0,0.12226466834545135
2683,0,0.5884516835212708
2684,0,0.22940418124198914
2685,0,0.6094633340835571
2686,0,0.04136312007904053
2687,0,0.021231239661574364
2688,0,0.8033360838890076
2689,0,0.12621921300888062
2690,0,0.28504398465156555
2691,0,0.7123322486877441
2692,0,0.034814585000276566
2693,0,0.12441525608301163
2694,0,0.007248197682201862
2695,0,0.8104982972145081
2696,0,0.12226466834545135
2697,0,0.04092701897025108
2698,0,0.8332553505897522
2699,0,0.11039990931749344
2700,0,0.21504844725131989
2701,0,0.05144519358873367
2702,0,0.2513403594493866
2703,0,0.016318276524543762
2704,0,0.017203688621520996
2705,0,0.13682302832603455
2706,0,0.015688540413975716
2707,0,0.8303263783454895
2708,0,0.08685930073261261
2709,0,0.014896444976329803
2710,0,0.30057644844055176
2711,0,0.10667630285024643
2712,0,0.09133144468069077
2713,0,0.10128303617238998
2714,0,0.6771987676620483
2715,0,0.006425590720027685
2716,0,0.005443514324724674
2717,0,0.01493657287210226
2718,0,0.6467221975326538
2719,0,0.01738961599767208
2720,0,0.007174185011535883
2721,0,0.007356975227594376
2722,0,0.04629030451178551
2723,0,0.3208027780056
2724,0,0.5461698174476624
2725,0,0.04488130286335945
2726,0,0.20233169198036194
2727,0,0.571925163269043
2728,0,0.2136857807636261
2729,0,0.05932431295514107
2730,0,0.1592237502336502
2731,0,0.02884838730096817
2732,0,0.011972079984843731
2733,0,0.12448704242706299
2734,0,0.03199763968586922
2735,0,0.2944508194923401
2736,0,0.06338378041982651
2737,0,0.028638755902647972
2738,0,0.07635552436113358
2739,0,0.06985900551080704
2740,0,0.01067693717777729
2741,0,0.9245618581771851
2742,0,0.0190736036747694
2743,0,0.15104979276657104
2744,0,0.14842824637889862
2745,0,0.3931236267089844
2746,0,0.5047264099121094
2747,0,0.10158400237560272
2748,0,0.034479446709156036
2749,0,0.25215888023376465
2750,0,0.2278994768857956
2751,0,0.3016538918018341
2752,0,0.46606341004371643
2753,0,0.05007397010922432
2754,0,0.3646664619445801
2755,0,0.05878712236881256
2756,0,0.009939698502421379
2757,0,0.05928933620452881
2758,0,0.12608842551708221
2759,0,0.08117417991161346
2760,0,0.06841295212507248
2761,0,0.32108891010284424
2762,0,0.09575508534908295
2763,0,0.0059004588983953
2764,0,0.2794666588306427
2765,0,0.9106926918029785
2766,0,0.0070191663689911366
2767,0,0.4755687117576599
2768,0,0.12281792610883713
2769,0,0.2010510116815567
2770,0,0.18592573702335358
2771,0,0.07514605671167374
2772,0,0.09922726452350616
2773,0,0.21918316185474396
2774,0,0.008501429110765457
2775,0,0.16274309158325195
2776,0,0.02688576653599739
2777,0,0.1227026954293251
2778,0,0.04680118337273598
2779,0,0.03743206337094307
2780,0,0.9331022500991821
2781,0,0.9548956155776978
2782,0,0.048003941774368286
2783,0,0.5504695773124695
2784,0,0.09234790503978729
2785,0,0.2500019073486328
2786,0,0.3845450282096863
2787,0,0.13340403139591217
2788,0,0.21170522272586823
2789,0,0.04247591271996498
2790,0,0.029966458678245544
2791,0,0.1218092143535614
2792,0,0.020113134756684303
2793,0,0.009405535645782948
2794,0,0.015819912776350975
2795,0,0.08114651590585709
2796,0,0.15826237201690674
2797,0,0.03331659361720085
2798,0,0.8398349285125732
2799,0,0.06530143320560455
2800,0,0.17555171251296997
2801,0,0.8845345377922058
2802,0,0.14835818111896515
2803,0,0.12175500392913818
2804,0,0.0064955647103488445
2805,0,0.2582104802131653
2806,0,0.029658371582627296
2807,0,0.23084545135498047
2808,0,0.34550896286964417
2809,0,0.005924884229898453
2810,0,0.1218092143535614
2811,0,0.03961547464132309
2812,0,0.1995619833469391
2813,0,0.04829147458076477
2814,0,0.5813975930213928
2815,0,0.053398098796606064
2816,0,0.12935058772563934
2817,0,0.015825800597667694
2818,0,0.17764492332935333
2819,0,0.007263998966664076
2820,0,0.26139354705810547
2821,0,0.6945341229438782
2822,0,0.174601212143898
2823,0,0.02688261866569519
2824,0,0.15183772146701813
2825,0,0.29058611392974854
2826,0,0.0168757326900959
2827,0,0.1485910564661026
2828,0,0.1385665237903595
2829,0,0.22463274002075195
2830,0,0.9518259763717651
2831,0,0.17097961902618408
2832,0,0.5254672169685364
2833,0,0.18492141366004944
2834,0,0.4134165942668915
2835,0,0.056911490857601166
2836,0,0.03311937302350998
2837,0,0.9177092909812927
2838,0,0.034749727696180344
2839,0,0.026574864983558655
2840,0,0.6334248185157776
2841,0,0.5305023193359375
2842,0,0.14407366514205933
2843,0,0.5974450707435608
2844,0,0.14326633512973785
2845,0,0.009128646925091743
2846,0,0.1218092143535614
2847,0,0.08319471031427383
2848,0,0.6650611758232117
2849,0,0.7564336061477661
2850,0,0.03622199222445488
2851,0,0.47963011264801025
2852,0,0.28210756182670593
2853,0,0.6450124979019165
2854,0,0.025961456820368767
2855,0,0.02548540197312832
2856,0,0.02766306698322296
2857,0,0.368966668844223
2858,0,0.8612098097801208
2859,0,0.6075879335403442
2860,0,0.022548934444785118
2861,0,0.1343633234500885
2862,0,0.008037379011511803
2863,0,0.12487658858299255
2864,0,0.6336934566497803
2865,0,0.0881117582321167
2866,0,0.9762802720069885
2867,0,0.23623211681842804
2868,0,0.07017865777015686
2869,0,0.3634813129901886
2870,0,0.07924945652484894
2871,0,0.028470270335674286
2872,0,0.3052007555961609
2873,0,0.7924452424049377
2874,0,0.028469163924455643
2875,0,0.007562672253698111
2876,0,0.44627320766448975
2877,0,0.03423946723341942
2878,0,0.012791001237928867
2879,0,0.032796986401081085
2880,0,0.23915228247642517
2881,0,0.26007214188575745
2882,0,0.0075333029963076115
2883,0,0.7135724425315857
2884,0,0.4274745285511017
2885,0,0.5490124225616455
2886,0,0.8712257742881775
2887,0,0.37802380323410034
2888,0,0.11222849786281586
2889,0,0.039133135229349136
2890,0,0.2017005831003189
2891,0,0.06574922055006027
2892,0,0.9586561918258667
2893,0,0.5246096253395081
2894,0,0.0070634642615914345
2895,0,0.18679147958755493
2896,0,0.019521409645676613
2897,0,0.19594886898994446
2898,0,0.6253266334533691
2899,0,0.022879987955093384
2900,0,0.10393423587083817
2901,0,0.016015728935599327
2902,0,0.039684146642684937
2903,0,0.06726035475730896
2904,0,0.16607151925563812
2905,0,0.8090987205505371
2906,0,0.14346571266651154
2907,0,0.04380451515316963
2908,0,0.015960663557052612
2909,0,0.01429597195237875
2910,0,0.010783112607896328
2911,0,0.014075394719839096
2912,0,0.19625774025917053
2913,0,0.03786444664001465
2914,0,0.042005062103271484
2915,0,0.023779695853590965
2916,0,0.012844204902648926
2917,0,0.03383012115955353
2918,0,0.016829080879688263
2919,0,0.5707159042358398
2920,0,0.014853507280349731
2921,0,0.18585577607154846
2922,0,0.6247838735580444
2923,0,0.06804625689983368
2924,0,0.8411601781845093
2925,0,0.003980172798037529
2926,0,0.006748657673597336
2927,0,0.11132117360830307
2928,0,0.10398079454898834
2929,0,0.011932004243135452
2930,0,0.07565350085496902
2931,0,0.4953983426094055
2932,0,0.010312918573617935
2933,0,0.03910154104232788
2934,0,0.02450951375067234
2935,0,0.1175747960805893
2936,0,0.3158215582370758
2937,0,0.04682867228984833
2938,0,0.021297039464116096
2939,0,0.35847440361976624
2940,0,0.1638287901878357
2941,0,0.004247205797582865
2942,0,0.013839450664818287
2943,0,0.07105737924575806
2944,0,0.14803244173526764
2945,0,0.09353815019130707
2946,0,0.08392885327339172
2947,0,0.18685108423233032
2948,0,0.011111445724964142
2949,0,0.01097626332193613
2950,0,0.08897247165441513
2951,0,0.12050063163042068
2952,0,0.05955703184008598
2953,0,0.026790359988808632
2954,0,0.03511485829949379
2955,0,0.026549413800239563
2956,0,0.05456031486392021
2957,0,0.07344818860292435
2958,0,0.6941685676574707
2959,0,0.3327387869358063
2960,0,0.18050020933151245
2961,0,0.06566248834133148
2962,0,0.013096791692078114
2963,0,0.01858588121831417
2964,0,0.011369322426617146
2965,0,0.20070233941078186
2966,0,0.26074567437171936
2967,0,0.09131545573472977
2968,0,0.875140905380249
2969,0,0.5192998051643372
2970,0,0.022296838462352753
2971,0,0.06971406191587448
2972,0,0.5408168435096741
2973,0,0.6767997145652771
2974,0,0.03594094142317772
2975,0,0.01221846416592598
2976,0,0.16562463343143463
2977,0,0.014492841437458992
2978,0,0.838273823261261
2979,0,0.6312882900238037
2980,0,0.5051964521408081
2981,0,0.1449487954378128
2982,0,0.21139942109584808
2983,0,0.10627332329750061
2984,0,0.060160934925079346
2985,0,0.6526712775230408
2986,0,0.2525760233402252
2987,0,0.687367856502533
2988,0,0.5598621964454651
2989,0,0.0881204754114151
2990,0,0.022373685613274574
2991,0,0.016057413071393967
2992,0,0.029247768223285675
2993,0,0.10365121066570282
2994,0,0.010439641773700714
2995,0,0.556638240814209
2996,0,0.9354434609413147
2997,0,0.004369786009192467
2998,0,0.47718197107315063
2999,0,0.4392947852611542
3000,0,0.004222419112920761
3001,0,0.0711502730846405
3002,0,0.8619112968444824
3003,0,0.47827136516571045
3004,0,0.02728560008108616
3005,0,0.22797231376171112
3006,0,0.006776179186999798
3007,0,0.032510384917259216
3008,0,0.2831237018108368
3009,0,0.6376039981842041
3010,0,0.02812628075480461
3011,0,0.038004886358976364
3012,0,0.4178050458431244
3013,0,0.2521689236164093
3014,0,0.11143357306718826
3015,0,0.49223408102989197
3016,0,0.4072292745113373
3017,0,0.2471802979707718
3018,0,0.043503422290086746
3019,0,0.005504810716956854
3020,0,0.6627776026725769
3021,0,0.13308323919773102
3022,0,0.05077509582042694
3023,0,0.5697047710418701
3024,0,0.0641300231218338
3025,0,0.007723166141659021
3026,0,0.3190115988254547
3027,0,0.008682270534336567
3028,0,0.003896328853443265
3029,0,0.4426230490207672
3030,0,0.008750684559345245
3031,0,0.5428982377052307
3032,0,0.49408286809921265
3033,0,0.05579888075590134
3034,0,0.041808851063251495
3035,0,0.9002841114997864
3036,0,0.06328902393579483
3037,0,0.010192574001848698
3038,0,0.03447188064455986
3039,0,0.38910502195358276
3040,0,0.06435524672269821
3041,0,0.8960103988647461
3042,0,0.7028689980506897
3043,0,0.3286950886249542
3044,0,0.1187552958726883
3045,0,0.2836604714393616
3046,0,0.04979623109102249
3047,0,0.020278209820389748
3048,0,0.35580095648765564
3049,0,0.4517253339290619
3050,0,0.2532663643360138
3051,0,0.23170876502990723
3052,0,0.010590890422463417
3053,0,0.08883283287286758
3054,0,0.07218499481678009
3055,0,0.004271234385669231
3056,0,0.5146399736404419
3057,0,0.08398766070604324
3058,0,0.40011340379714966
3059,0,0.13923385739326477
3060,0,0.6965194940567017
3061,0,0.03060831129550934
3062,0,0.036276932805776596
3063,0,0.12128736823797226
3064,0,0.11309335380792618
3065,0,0.03833746165037155
3066,0,0.01359543763101101
3067,0,0.2497905194759369
3068,0,0.04856191202998161
3069,0,0.015217428095638752
3070,0,0.35585644841194153
3071,0,0.14123396575450897
3072,0,0.048783786594867706
3073,0,0.11080613732337952
3074,0,0.36584386229515076
3075,0,0.7488359808921814
3076,0,0.5258345603942871
3077,0,0.022595781832933426
3078,0,0.008129117079079151
3079,0,0.07123298943042755
3080,0,0.0656779482960701
3081,0,0.7762734889984131
3082,0,0.20033609867095947
3083,0,0.6123415231704712
3084,0,0.3547738492488861
3085,0,0.013570118695497513
3086,0,0.02411419153213501
3087,0,0.00976279191672802
3088,0,0.677300214767456
3089,0,0.07389930635690689
3090,0,0.26804059743881226
3091,0,0.5392574667930603
3092,0,0.15180177986621857
3093,0,0.09075189381837845
3094,0,0.635166585445404
3095,0,0.34629133343696594
3096,0,0.005126583389937878
3097,0,0.48596829175949097
3098,0,0.26694077253341675
3099,0,0.08634869754314423
3100,0,0.13758143782615662
3101,0,0.021374458447098732
3102,0,0.1218092143535614
3103,0,0.04303308203816414
3104,0,0.4869948923587799
3105,0,0.12050063163042068
3106,0,0.6855180859565735
3107,0,0.14346571266651154
3108,0,0.2691165804862976
3109,0,0.6876665949821472
3110,0,0.5292518138885498
3111,0,0.34916818141937256
3112,0,0.3263685703277588
3113,0,0.13986729085445404
3114,0,0.015397803857922554
3115,0,0.1978609710931778
3116,0,0.021121056750416756
3117,0,0.8139598965644836
3118,0,0.050021253526210785
3119,0,0.256637305021286
3120,0,0.08180395513772964
3121,0,0.14803244173526764
3122,0,0.10298360884189606
3123,0,0.1674947589635849
3124,0,0.011708177626132965
3125,0,0.05716396123170853
3126,0,0.020279746502637863
3127,0,0.06445389986038208
3128,0,0.017374679446220398
3129,0,0.17990857362747192
3130,0,0.16356101632118225
3131,0,0.040088754147291183
3132,0,0.26362133026123047
3133,0,0.07658044993877411
3134,0,0.7924399971961975
3135,0,0.06852954626083374
3136,0,0.6590662598609924
3137,0,0.27607548236846924
3138,0,0.03096076287329197
3139,0,0.33808520436286926
3140,0,0.598025918006897
3141,0,0.008099083788692951
3142,0,0.11465141922235489
3143,0,0.3976309299468994
3144,0,0.3912990391254425
3145,0,0.006911377888172865
3146,0,0.012584185227751732
3147,0,0.14803244173526764
3148,0,0.012326238676905632
3149,0,0.08967901766300201
3150,0,0.47273504734039307
3151,0,0.17720770835876465
3152,0,0.009019247256219387
3153,0,0.6515278220176697
3154,0,0.15956233441829681
3155,0,0.08963938057422638
3156,0,0.0896022841334343
3157,0,0.8698486089706421
3158,0,0.3578920364379883
3159,0,0.7994846105575562
3160,0,0.03828832879662514
3161,0,0.022685151547193527
3162,0,0.4358862340450287
3163,0,0.15464715659618378
3164,0,0.18241098523139954
3165,0,0.6761101484298706
3166,0,0.13099247217178345
3167,0,0.01485595665872097
3168,0,0.06698915362358093
3169,0,0.8689833283424377
3170,0,0.12608842551708221
3171,0,0.012149550952017307
3172,0,0.09504524618387222
3173,0,0.07799330353736877
3174,0,0.4219570755958557
3175,0,0.10497652739286423
3176,0,0.012623991817235947
3177,0,0.04429300129413605
3178,0,0.01873030699789524
3179,0,0.01691466011106968
3180,0,0.34971097111701965
3181,0,0.7647615671157837
3182,0,0.3900226950645447
3183,0,0.029824530705809593
3184,0,0.14344877004623413
3185,0,0.02202724479138851
3186,0,0.11414901167154312
3187,0,0.1770993173122406
3188,0,0.10406574606895447
3189,0,0.1283663511276245
3190,0,0.1821962296962738
3191,0,0.059952154755592346
3192,0,0.1008429005742073
3193,0,0.5088794827461243
3194,0,0.3957863748073578
3195,0,0.03488856926560402
3196,0,0.7543874979019165
3197,0,0.07857059687376022
3198,0,0.5245714783668518
3199,0,0.23258386552333832
3200,0,0.005982087925076485
3201,0,0.6999121308326721
3202,0,0.20689913630485535
3203,0,0.007740074303001165
3204,0,0.011867616325616837
3205,0,0.557888925075531
3206,0,0.13627424836158752
3207,0,0.009470644406974316
3208,0,0.3357830345630646
3209,0,0.04144894331693649
3210,0,0.06812261790037155
3211,0,0.20494979619979858
3212,0,0.3759874999523163
3213,0,0.7363253235816956
3214,0,0.013928289525210857
3215,0,0.05430395528674126
3216,0,0.11080613732337952
3217,0,0.027042847126722336
3218,0,0.004475770052522421
3219,0,0.9752946496009827
3220,0,0.27384573221206665
3221,0,0.028851447626948357
3222,0,0.008096463978290558
3223,0,0.005260899662971497
3224,0,0.17428895831108093
3225,0,0.23548643290996552
3226,0,0.4033460021018982
3227,0,0.03878885880112648
3228,0,0.3300188183784485
3229,0,0.006949808448553085
3230,0,0.10837902128696442
3231,0,0.12695102393627167
3232,0,0.5325316190719604
3233,0,0.12973889708518982
3234,0,0.12094715237617493
3235,0,0.4219215214252472
3236,0,0.7633972764015198
3237,0,0.2899000346660614
3238,0,0.49922871589660645
3239,0,0.01601986214518547
3240,0,0.41160285472869873
3241,0,0.21340088546276093
3242,0,0.050194934010505676
3243,0,0.5785614252090454
3244,0,0.4250549077987671
3245,0,0.3140204846858978
3246,0,0.04814217612147331
3247,0,0.13806907832622528
3248,0,0.3151337802410126
3249,0,0.06535425037145615
3250,0,0.009895097464323044
3251,0,0.040889348834753036
3252,0,0.09462340176105499
3253,0,0.965920627117157
3254,0,0.38375967741012573
3255,0,0.5463738441467285
3256,0,0.31854167580604553
3257,0,0.1185426190495491
3258,0,0.03618176653981209
3259,0,0.41013413667678833
3260,0,0.10728486627340317
3261,0,0.01602320745587349
3262,0,0.11364327371120453
3263,0,0.0901523157954216
3264,0,0.33962565660476685
3265,0,0.8426384925842285
3266,0,0.07519751042127609
3267,0,0.011448191478848457
3268,0,0.009446484036743641
3269,0,0.2826429009437561
3270,0,0.14803244173526764
3271,0,0.4583624303340912
3272,0,0.8076648116111755
3273,0,0.016057638451457024
3274,0,0.07652730494737625
3275,0,0.008977361023426056
3276,0,0.1669982671737671
3277,0,0.8916075825691223
3278,0,0.008441442623734474
3279,0,0.00828567985445261
3280,0,0.22202953696250916
3281,0,0.15956233441829681
3282,0,0.053712353110313416
3283,0,0.9690712094306946
3284,0,0.3292481601238251
3285,0,0.006143519654870033
3286,0,0.3294631540775299
3287,0,0.13728350400924683
3288,0,0.6456659436225891
3289,0,0.5244066715240479
3290,0,0.24469076097011566
3291,0,0.4268967807292938
3292,0,0.00813845731317997
3293,0,0.13612590730190277
3294,0,0.045624930411577225
3295,0,0.025375137105584145
3296,0,0.8148572444915771
3297,0,0.7247210144996643
3298,0,0.02404645085334778
3299,0,0.31683334708213806
3300,0,0.12952739000320435
3301,0,0.8500566482543945
3302,0,0.3429797291755676
3303,0,0.03668585047125816
3304,0,0.023141829296946526
3305,0,0.30521392822265625
3306,0,0.8693264126777649
3307,0,0.05668306723237038
3308,0,0.4454779326915741
3309,0,0.291217565536499
3310,0,0.3226624131202698
3311,0,0.2400323450565338
3312,0,0.22775642573833466
3313,0,0.2452576458454132
3314,0,0.09676195681095123
3315,0,0.02762085758149624
3316,0,0.07505810260772705
3317,0,0.697598934173584
3318,0,0.3693637251853943
3319,0,0.14803244173526764
3320,0,0.008574727922677994
3321,0,0.017290208488702774
3322,0,0.7619309425354004
3323,0,0.15956233441829681
3324,0,0.01878499798476696
3325,0,0.4410690665245056
3326,0,0.1470431238412857
3327,0,0.15956233441829681
3328,0,0.0935542955994606
3329,0,0.04485635086894035
3330,0,0.02291414700448513
3331,0,0.7063179016113281
3332,0,0.019876664504408836
3333,0,0.0482587032020092
3334,0,0.5524696707725525
3335,0,0.14803244173526764
3336,0,0.01132598053663969
3337,0,0.6960017085075378
3338,0,0.12884609401226044
3339,0,0.048426225781440735
3340,0,0.02904033474624157
3341,0,0.6975667476654053
3342,0,0.16666029393672943
3343,0,0.9604634642601013
3344,0,0.8115591406822205
3345,0,0.11288865655660629
3346,0,0.9726956486701965
3347,0,0.01373643334954977
3348,0,0.42792919278144836
3349,0,0.2891111671924591
3350,0,0.08835425227880478
3351,0,0.18233118951320648
3352,0,0.4331222474575043
3353,0,0.5912804007530212
3354,0,0.96626216173172
3355,0,0.009715511463582516
3356,0,0.12990519404411316
3357,0,0.22232213616371155
3358,0,0.008968315087258816
3359,0,0.03378349915146828
3360,0,0.3903905749320984
3361,0,0.11521679908037186
3362,0,0.40694159269332886
3363,0,0.33687111735343933
3364,0,0.8481013774871826
3365,0,0.01953539438545704
3366,0,0.5438787341117859
3367,0,0.12226466834545135
3368,0,0.9039514660835266
3369,0,0.7046487331390381
3370,0,0.04638713598251343
3371,0,0.039229921996593475
3372,0,0.2541583478450775
3373,0,0.177211731672287
3374,0,0.5610979199409485
3375,0,0.4579022526741028
3376,0,0.3691575825214386
3377,0,0.1769222915172577
3378,0,0.09228956699371338
3379,0,0.17647702991962433
3380,0,0.5037876963615417
3381,0,0.14803244173526764
3382,0,0.10330651700496674
3383,0,0.8631086349487305
3384,0,0.7569746971130371
3385,0,0.9624243378639221
3386,0,0.9025962948799133
3387,0,0.3802209496498108
3388,0,0.023484058678150177
3389,0,0.18569238483905792
3390,0,0.23557163774967194
3391,0,0.11537836492061615
3392,0,0.01629209704697132
3393,0,0.04181241616606712
3394,0,0.018033554777503014
3395,0,0.5342907309532166
3396,0,0.012223253026604652
3397,0,0.005040776915848255
3398,0,0.07056250423192978
3399,0,0.06631766259670258
3400,0,0.007071695756167173
3401,0,0.04528960585594177
3402,0,0.016878271475434303
3403,0,0.019819732755422592
3404,0,0.38727182149887085
3405,0,0.7014873027801514
3406,0,0.04093374311923981
3407,0,0.0317196287214756
3408,0,0.01432473212480545
3409,0,0.7910510301589966
3410,0,0.11608437448740005
3411,0,0.17428895831108093
3412,0,0.039522938430309296
3413,0,0.43094906210899353
3414,0,0.013726462610065937
3415,0,0.0385812483727932
3416,0,0.2563788592815399
3417,0,0.09465120732784271
3418,0,0.15242928266525269
3419,0,0.015323268249630928
3420,0,0.012014824897050858
3421,0,0.9154222011566162
3422,0,0.06121648848056793
3423,0,0.7344643473625183
3424,0,0.06305982917547226
3425,0,0.6000334620475769
3426,0,0.009567809291183949
3427,0,0.3318583071231842
3428,0,0.09979219734668732
3429,0,0.6138467192649841
3430,0,0.8821659088134766
3431,0,0.013866601511836052
3432,0,0.01009389292448759
3433,0,0.0457034669816494
3434,0,0.007988428696990013
3435,0,0.01252024807035923
3436,0,0.5309510827064514
3437,0,0.6714749932289124
3438,0,0.3880271315574646
3439,0,0.017215970903635025
3440,0,0.8412216901779175
3441,0,0.21384501457214355
3442,0,0.599212646484375
3443,0,0.009062082506716251
3444,0,0.005625642836093903
3445,0,0.480109304189682
3446,0,0.8569430708885193
3447,0,0.14803244173526764
3448,0,0.007588052656501532
3449,0,0.12952472269535065
3450,0,0.007683781441301107
3451,0,0.07869821041822433
3452,0,0.05252553150057793
3453,0,0.21062661707401276
3454,0,0.8211337327957153
3455,0,0.0068469541147351265
3456,0,0.2804488241672516
3457,0,0.7508260607719421
3458,0,0.8042073249816895
3459,0,0.20318260788917542
3460,0,0.17494943737983704
3461,0,0.2633849084377289
3462,0,0.38089945912361145
3463,0,0.03368443623185158
3464,0,0.009866752661764622
3465,0,0.3859664797782898
3466,0,0.7840860486030579
3467,0,0.03938043862581253
3468,0,0.5015835165977478
3469,0,0.015928247943520546
3470,0,0.04055440053343773
3471,0,0.748386800289154
3472,0,0.045715294778347015
3473,0,0.6673555374145508
3474,0,0.1929786056280136
3475,0,0.7834652662277222
3476,0,0.12446679919958115
3477,0,0.008518657647073269
3478,0,0.16317680478096008
3479,0,0.007300071883946657
3480,0,0.2245553731918335
3481,0,0.17645296454429626
3482,0,0.8314304947853088
3483,0,0.8285211324691772
3484,0,0.3586640954017639
3485,0,0.07067225128412247
3486,0,0.14130139350891113
3487,0,0.03128187730908394
3488,0,0.08778628706932068
3489,0,0.024831019341945648
3490,0,0.012364547699689865
3491,0,0.03843286633491516
3492,0,0.14803244173526764
3493,0,0.050117820501327515
3494,0,0.1457034945487976
3495,0,0.4325233995914459
3496,0,0.014499811455607414
3497,0,0.01158905029296875
3498,0,0.08724706619977951
3499,0,0.4659505784511566
3500,0,0.1124432235956192
3501,0,0.4165227711200714
3502,0,0.06663268059492111
3503,0,0.008904673159122467
3504,0,0.03933647647500038
3505,0,0.5789200067520142
3506,0,0.044765882194042206
3507,0,0.006355850491672754
3508,0,0.20580844581127167
3509,0,0.11341545730829239
3510,0,0.19712567329406738
3511,0,0.08265777677297592
3512,0,0.03954669460654259
3513,0,0.07002599537372589
3514,0,0.010865182615816593
3515,0,0.4140348732471466
3516,0,0.36661508679389954
3517,0,0.14803244173526764
3518,0,0.5713743567466736
3519,0,0.11659905314445496
3520,0,0.4726843535900116
3521,0,0.025442538782954216
3522,0,0.24367159605026245
3523,0,0.1512620896100998
3524,0,0.01761474274098873
3525,0,0.08289702981710434
3526,0,0.5198089480400085
3527,0,0.687351644039154
3528,0,0.8600174784660339
3529,0,0.01587607152760029
3530,0,0.8658891916275024
3531,0,0.46663209795951843
3532,0,0.06235174462199211
3533,0,0.37226343154907227
3534,0,0.12608842551708221
3535,0,0.25648975372314453
3536,0,0.01070266030728817
3537,0,0.011609803885221481
3538,0,0.0390111543238163
3539,0,0.5815487504005432
3540,0,0.14442980289459229
3541,0,0.1848827749490738
3542,0,0.13205912709236145
3543,0,0.02434779889881611
3544,0,0.3018335998058319
3545,0,0.005035076756030321
3546,0,0.36981824040412903
3547,0,0.010003299452364445
3548,0,0.16113503277301788
3549,0,0.011363406665623188
3550,0,0.7868461608886719
3551,0,0.909340500831604
3552,0,0.030118446797132492
3553,0,0.15956233441829681
3554,0,0.008740367367863655
3555,0,0.8806108236312866
3556,0,0.018782541155815125
3557,0,0.8859791159629822
3558,0,0.2802126109600067
3559,0,0.07513762265443802
3560,0,0.0047897882759571075
3561,0,0.6202989816665649
3562,0,0.04428345337510109
3563,0,0.305658221244812
3564,0,0.4498770534992218
3565,0,0.1422550231218338
3566,0,0.018659526482224464
3567,0,0.12582862377166748
3568,0,0.797161340713501
3569,0,0.01049437839537859
3570,0,0.4661995768547058
3571,0,0.010609318502247334
3572,0,0.6610602736473083
3573,0,0.20689913630485535
3574,0,0.20675887167453766
3575,0,0.029425587505102158
3576,0,0.01196199469268322
3577,0,0.04370151832699776
3578,0,0.5941652655601501
3579,0,0.388187974691391
3580,0,0.728676974773407
3581,0,0.9560705423355103
3582,0,0.01581013761460781
3583,0,0.31321367621421814
3584,0,0.012139888480305672
3585,0,0.009825321845710278
3586,0,0.11961836367845535
3587,0,0.0057860310189425945
3588,0,0.3195807635784149
3589,0,0.6718840599060059
3590,0,0.7592071294784546
3591,0,0.1957787126302719
3592,0,0.6133173108100891
3593,0,0.5097339749336243
3594,0,0.9477991461753845
3595,0,0.053270645439624786
3596,0,0.009339498355984688
3597,0,0.027815384790301323
3598,0,0.08591853827238083
3599,0,0.7713791728019714
3600,0,0.06768745929002762
3601,0,0.08425290137529373
3602,0,0.004672831855714321
3603,0,0.5494682192802429
3604,0,0.01035170629620552
3605,0,0.12914122641086578
3606,0,0.33216068148612976
3607,0,0.047702327370643616
3608,0,0.08255665004253387
3609,0,0.18975062668323517
3610,0,0.018177706748247147
3611,0,0.4736504852771759
3612,0,0.10859032720327377
3613,0,0.6050939559936523
3614,0,0.31580907106399536
3615,0,0.03876890614628792
3616,0,0.00620275316759944
3617,0,0.18832039833068848
3618,0,0.11080613732337952
3619,0,0.028819045051932335
3620,0,0.708289384841919
3621,0,0.0052174669690430164
3622,0,0.02460533380508423
3623,0,0.08729547262191772
3624,0,0.3654738962650299
3625,0,0.08576396107673645
3626,0,0.9642264246940613
3627,0,0.801385223865509
3628,0,0.10907112807035446
3629,0,0.04570627957582474
3630,0,0.011717180721461773
3631,0,0.09871651232242584
3632,0,0.9318739175796509
3633,0,0.5302139520645142
3634,0,0.032413922250270844
3635,0,0.33391356468200684
3636,0,0.061718184500932693
3637,0,0.00891141314059496
3638,0,0.2619113624095917
3639,0,0.06453811377286911
3640,0,0.7436474561691284
3641,0,0.7361782193183899
3642,0,0.029300885275006294
3643,0,0.8428152203559875
3644,0,0.4223358929157257
3645,0,0.04091928154230118
3646,0,0.27687186002731323
3647,0,0.5078277587890625
3648,0,0.08737631887197495
3649,0,0.3398895859718323
3650,0,0.032747868448495865
3651,0,0.7807787656784058
3652,0,0.006412431597709656
3653,0,0.8557187914848328
3654,0,0.49598392844200134
3655,0,0.846294641494751
3656,0,0.008435083553195
3657,0,0.6486414670944214
3658,0,0.09769929945468903
3659,0,0.5906249284744263
3660,0,0.02199460007250309
3661,0,0.012675144709646702
3662,0,0.20246773958206177
3663,0,0.1901552528142929
3664,0,0.04839956387877464
3665,0,0.302703320980072
3666,0,0.0316176563501358
3667,0,0.022439364343881607
3668,0,0.06180306524038315
3669,0,0.18719500303268433
3670,0,0.2876177430152893
3671,0,0.04478088393807411
3672,0,0.15660478174686432
3673,0,0.0805332213640213
3674,0,0.6144230365753174
3675,0,0.054183147847652435
3676,0,0.7355346083641052
3677,0,0.023015977814793587
3678,0,0.471334308385849
3679,0,0.587756872177124
3680,0,0.14301414787769318
3681,0,0.3595603108406067
3682,0,0.05861594155430794
3683,0,0.48160359263420105
3684,0,0.07387429475784302
3685,0,0.12608842551708221
3686,0,0.22960098087787628
3687,0,0.9748377203941345
3688,0,0.5699528455734253
3689,0,0.30112236738204956
3690,0,0.05215619504451752
3691,0,0.6558572053909302
3692,0,0.08977920562028885
3693,0,0.032310813665390015
3694,0,0.6498270630836487
3695,0,0.17756105959415436
3696,0,0.01602744869887829
3697,0,0.018557339906692505
3698,0,0.14803244173526764
3699,0,0.45239898562431335
3700,0,0.017613908275961876
3701,0,0.20197758078575134
3702,0,0.41266119480133057
3703,0,0.8156837821006775
3704,0,0.33959200978279114
3705,0,0.009073964320123196
3706,0,0.20826900005340576
3707,0,0.06064119562506676
3708,0,0.0349876806139946
3709,0,0.06545714288949966
3710,0,0.01877952367067337
3711,0,0.01980169676244259
3712,0,0.009095164947211742
3713,0,0.016591021791100502
3714,0,0.15956233441829681
3715,0,0.007949180901050568
3716,0,0.12050063163042068
3717,0,0.10147403180599213
3718,0,0.1218092143535614
3719,0,0.229509174823761
3720,0,0.17428895831108093
3721,0,0.06711389869451523
3722,0,0.159135103225708
3723,0,0.12608842551708221
3724,0,0.03572311997413635
3725,0,0.359114408493042
3726,0,0.01693599484860897
3727,0,0.5862756967544556
3728,0,0.14231128990650177
3729,0,0.007556733675301075
3730,0,0.6421937942504883
3731,0,0.007865487597882748
3732,0,0.31443652510643005
3733,0,0.6613425612449646
3734,0,0.26356667280197144
3735,0,0.11411047726869583
3736,0,0.6821610927581787
3737,0,0.01946357637643814
3738,0,0.12050063163042068
3739,0,0.8887067437171936
3740,0,0.01664058305323124
3741,0,0.8072230815887451
3742,0,0.009618528187274933
3743,0,0.13762977719306946
3744,0,0.8594683408737183
3745,0,0.009523699060082436
3746,0,0.40322643518447876
3747,0,0.11028310656547546
3748,0,0.033022113144397736
3749,0,0.031922828406095505
3750,0,0.03449690341949463
3751,0,0.7829471826553345
3752,0,0.6268746852874756
3753,0,0.08811501413583755
3754,0,0.008710412308573723
3755,0,0.06873492151498795
3756,0,0.05526437610387802
3757,0,0.3244289755821228
3758,0,0.05268798768520355
3759,0,0.1177978366613388
3760,0,0.02994590811431408
3761,0,0.0653502494096756
3762,0,0.24611513316631317
3763,0,0.19504617154598236
3764,0,0.42501506209373474
3765,0,0.27289581298828125
3766,0,0.02014310657978058
3767,0,0.2255278080701828
3768,0,0.26690128445625305
3769,0,0.006479975767433643
3770,0,0.1633329689502716
3771,0,0.0670369416475296
3772,0,0.07950679212808609
3773,0,0.7895358800888062
3774,0,0.20926110446453094
3775,0,0.07189399749040604
3776,0,0.19184310734272003
3777,0,0.014058214612305164
3778,0,0.19800888001918793
3779,0,0.39787957072257996
3780,0,0.06458224356174469
3781,0,0.10595867782831192
3782,0,0.20029863715171814
3783,0,0.13897086679935455
3784,0,0.10302088409662247
3785,0,0.014483140781521797
3786,0,0.027921287342905998
3787,0,0.037261977791786194
3788,0,0.14346571266651154
3789,0,0.011799813248217106
3790,0,0.010124966502189636
3791,0,0.38718193769454956
3792,0,0.013935782946646214
3793,0,0.6472840309143066
3794,0,0.01713331788778305
3795,0,0.02554771676659584
3796,0,0.20689913630485535
3797,0,0.01578620634973049
3798,0,0.16087885200977325
3799,0,0.11032336950302124
3800,0,0.04501643404364586
3801,0,0.8938139081001282
3802,0,0.015740493312478065
3803,0,0.056769829243421555
3804,0,0.022198982536792755
3805,0,0.014655554667115211
3806,0,0.12639592587947845
3807,0,0.02979380451142788
3808,0,0.0034405358601361513
3809,0,0.10992205888032913
3810,0,0.8880773186683655
3811,0,0.6843307614326477
3812,0,0.28257402777671814
3813,0,0.6137745380401611
3814,0,0.10636581480503082
3815,0,0.9344499111175537
3816,0,0.09347585588693619
3817,0,0.45041102170944214
3818,0,0.10274826735258102
3819,0,0.9411003589630127
3820,0,0.012154152616858482
3821,0,0.30625662207603455
3822,0,0.5457021594047546
3823,0,0.7659311294555664
3824,0,0.01631982997059822
3825,0,0.06428378820419312
3826,0,0.029286082834005356
3827,0,0.009369180537760258
3828,0,0.02168627642095089
3829,0,0.2832421064376831
3830,0,0.010275156237185001
3831,0,0.03679008409380913
3832,0,0.48439863324165344
3833,0,0.12050379812717438
3834,0,0.016863157972693443
3835,0,0.02252284437417984
3836,0,0.20834511518478394
3837,0,0.20366619527339935
3838,0,0.25183266401290894
3839,0,0.1218092143535614
3840,0,0.07453856617212296
3841,0,0.010692969895899296
3842,0,0.29265671968460083
3843,0,0.02582915872335434
3844,0,0.013443632051348686
3845,0,0.09976506233215332
3846,0,0.13447481393814087
3847,0,0.5488101840019226
3848,0,0.1117524579167366
3849,0,0.18293064832687378
3850,0,0.03172217682003975
3851,0,0.26216769218444824
3852,0,0.5097554922103882
3853,0,0.3788595497608185
3854,0,0.008860033005475998
3855,0,0.8661847710609436
3856,0,0.08664944022893906
3857,0,0.17428895831108093
3858,0,0.622850775718689
3859,0,0.008128509856760502
3860,0,0.028570177033543587
3861,0,0.02304394170641899
3862,0,0.00850240234285593
3863,0,0.005356307607144117
3864,0,0.7146233916282654
3865,0,0.005478440783917904
3866,0,0.11089663207530975
3867,0,0.011251742020249367
3868,0,0.3490530848503113
3869,0,0.14200228452682495
3870,0,0.25398123264312744
3871,0,0.8640744090080261
3872,0,0.41874951124191284
3873,0,0.5180315971374512
3874,0,0.35319405794143677
3875,0,0.02947726845741272
3876,0,0.06392597407102585
3877,0,0.20747826993465424
3878,0,0.06798962503671646
3879,0,0.3040262460708618
3880,0,0.5231229066848755
3881,0,0.6538154482841492
3882,0,0.2897874414920807
3883,0,0.7106772661209106
3884,0,0.8974599838256836
3885,0,0.12076734751462936
3886,0,0.5036347508430481
3887,0,0.004932021256536245
3888,0,0.3606771230697632
3889,0,0.1463719755411148
3890,0,0.23099857568740845
3891,0,0.07365105301141739
3892,0,0.3885578513145447
3893,0,0.08868607133626938
3894,0,0.8629571795463562
3895,0,0.10019407421350479
3896,0,0.20920169353485107
3897,0,0.7225372195243835
3898,0,0.8629879355430603
3899,0,0.6876674294471741
3900,0,0.024021688848733902
3901,0,0.44089558720588684
3902,0,0.05386390537023544
3903,0,0.35940587520599365
3904,0,0.007242577150464058
3905,0,0.12227877974510193
3906,0,0.06000187620520592
3907,0,0.04255862161517143
3908,0,0.2496969848871231
3909,0,0.011360906064510345
3910,0,0.207059845328331
3911,0,0.12953497469425201
3912,0,0.40400341153144836
3913,0,0.31253698468208313
3914,0,0.19389384984970093
3915,0,0.010911406949162483
3916,0,0.02054033800959587
3917,0,0.17355629801750183
3918,0,0.7322952151298523
3919,0,0.1184624582529068
3920,0,0.24636195600032806
3921,0,0.6370406150817871
3922,0,0.19806808233261108
3923,0,0.6120843887329102
3924,0,0.1045352965593338
3925,0,0.859172523021698
3926,0,0.7112815976142883
3927,0,0.054227180778980255
3928,0,0.025652632117271423
3929,0,0.14343677461147308
3930,0,0.007158459164202213
3931,0,0.9677655100822449
3932,0,0.021686557680368423
3933,0,0.10195893049240112
3934,0,0.06625840067863464
3935,0,0.013446777127683163
3936,0,0.028400518000125885
3937,0,0.035665832459926605
3938,0,0.01665443181991577
3939,0,0.01820337399840355
3940,0,0.009894863702356815
3941,0,0.01266507524996996
3942,0,0.012869033962488174
3943,0,0.24119126796722412
3944,0,0.11344638466835022
3945,0,0.0054033673368394375
3946,0,0.09471884369850159
3947,0,0.045873451977968216
3948,0,0.021955054253339767
3949,0,0.07548586279153824
3950,0,0.00658147968351841
3951,0,0.5787368416786194
3952,0,0.16186654567718506
3953,0,0.024387627840042114
3954,0,0.60498046875
3955,0,0.9472002387046814
3956,0,0.7641229033470154
3957,0,0.46924906969070435
3958,0,0.3276018798351288
3959,0,0.15956665575504303
3960,0,0.005897746421396732
3961,0,0.13947510719299316
3962,0,0.3394831418991089
3963,0,0.3873467445373535
3964,0,0.07180151343345642
3965,0,0.13886331021785736
3966,0,0.043077342212200165
3967,0,0.860930323600769
3968,0,0.3211838901042938
3969,0,0.032270800322294235
3970,0,0.028185511007905006
3971,0,0.8422420024871826
3972,0,0.35365530848503113
3973,0,0.2613881528377533
3974,0,0.25848594307899475
3975,0,0.16213689744472504
3976,0,0.19866421818733215
3977,0,0.008905595168471336
3978,0,0.14343677461147308
3979,0,0.20687629282474518
3980,0,0.23338039219379425
3981,0,0.09294703602790833
3982,0,0.19355450570583344
3983,1,0.9711291790008545
