index,y_true,y_pred_oof
0,1,0.9546300172805786
1,1,0.9666569232940674
2,1,0.864623486995697
3,1,0.6563297510147095
4,1,0.7021484375
5,1,0.2634684145450592
6,1,0.2593729794025421
7,1,0.35811731219291687
8,1,0.9614368677139282
9,1,0.6786273717880249
10,1,0.6502612233161926
11,1,0.5617977380752563
12,1,0.5304428339004517
13,1,0.8747661113739014
14,1,0.9365993142127991
15,1,0.5280730724334717
16,1,0.7298855781555176
17,1,0.38633307814598083
18,1,0.8966010212898254
19,1,0.6002976298332214
20,1,0.6186842918395996
21,1,0.634706437587738
22,1,0.5060809850692749
23,1,0.5196897983551025
24,1,0.8276138305664062
25,1,0.5435307025909424
26,1,0.311007022857666
27,1,0.5268548130989075
28,1,0.9339848160743713
29,1,0.920502781867981
30,1,0.3884146511554718
31,1,0.5274261832237244
32,1,0.8886139392852783
33,1,0.5130575299263
34,1,0.8961319923400879
35,1,0.6365359425544739
36,1,0.5545811057090759
37,1,0.8221558332443237
38,1,0.9552291035652161
39,1,0.5684555172920227
40,1,0.9637225270271301
41,1,0.5544528365135193
42,1,0.5594555735588074
43,1,0.4788828492164612
44,1,0.7823919653892517
45,1,0.8562479615211487
46,1,0.7829685211181641
47,1,0.5730329751968384
48,1,0.7746492028236389
49,1,0.554269015789032
50,1,0.3266623616218567
51,1,0.8966550827026367
52,1,0.8338438868522644
53,1,0.3240412771701813
54,1,0.5686453580856323
55,1,0.44847244024276733
56,1,0.3367731273174286
57,1,0.24375204741954803
58,1,0.5547852516174316
59,1,0.4613551199436188
60,1,0.500637412071228
61,1,0.37651681900024414
62,1,0.4798102080821991
63,1,0.5444815754890442
64,1,0.32706743478775024
65,1,0.78285151720047
66,1,0.8015583753585815
67,1,0.43622079491615295
68,1,0.6837586164474487
69,1,0.6363844871520996
70,1,0.5092591047286987
71,1,0.8573914170265198
72,1,0.4450528919696808
73,1,0.34378424286842346
74,1,0.36819663643836975
75,1,0.8650699257850647
76,1,0.44989702105522156
77,1,0.7710250616073608
78,1,0.6199749112129211
79,1,0.45563289523124695
80,1,0.8520817756652832
81,1,0.5189489722251892
82,1,0.6636195182800293
83,1,0.6385674476623535
84,1,0.33113744854927063
85,1,0.45642223954200745
86,1,0.7060610055923462
87,1,0.27966922521591187
88,1,0.6412853002548218
89,1,0.5818120837211609
90,1,0.5342976450920105
91,1,0.8479205965995789
92,1,0.9632956981658936
93,1,0.5466975569725037
94,1,0.910671055316925
95,1,0.66358482837677
96,1,0.8289051651954651
97,1,0.8942980766296387
98,1,0.8560246229171753
99,1,0.47999879717826843
100,1,0.9498811960220337
101,1,0.8592551350593567
102,1,0.6051866412162781
103,1,0.34796690940856934
104,1,0.8191841840744019
105,1,0.8783183097839355
106,1,0.7765165567398071
107,1,0.5920599102973938
108,1,0.44889140129089355
109,1,0.9075015783309937
110,1,0.7601845860481262
111,1,0.8772273659706116
112,1,0.9129300117492676
113,1,0.8752758502960205
114,1,0.47868800163269043
115,1,0.2210761308670044
116,1,0.2485191822052002
117,1,0.6729545593261719
118,1,0.42720022797584534
119,1,0.2966509759426117
120,1,0.7739405035972595
121,1,0.7030604481697083
122,1,0.6571616530418396
123,1,0.6969684362411499
124,1,0.6334057450294495
125,1,0.41792577505111694
126,1,0.7028882503509521
127,1,0.4026283323764801
128,1,0.5036211013793945
129,1,0.6530001163482666
130,1,0.9487263560295105
131,1,0.9240031838417053
132,1,0.29247164726257324
133,1,0.8757531046867371
134,1,0.6105504631996155
135,1,0.23133832216262817
136,1,0.4129958748817444
137,1,0.5480462908744812
138,1,0.6402980089187622
139,1,0.5680034160614014
140,1,0.28954121470451355
141,1,0.7617300748825073
142,1,0.5562873482704163
143,1,0.8880186676979065
144,1,0.6018285751342773
145,1,0.6999908089637756
146,1,0.886161744594574
147,1,0.8942480087280273
148,1,0.9621028304100037
149,1,0.777097761631012
150,1,0.51114422082901
151,1,0.9267510175704956
152,1,0.45263010263442993
153,1,0.5005588531494141
154,1,0.7741460800170898
155,1,0.8651974201202393
156,1,0.9152718186378479
157,1,0.9486787915229797
158,1,0.5188457369804382
159,1,0.4086475074291229
160,1,0.918627142906189
161,1,0.45080024003982544
162,1,0.47088858485221863
163,1,0.09158528596162796
164,1,0.9569641351699829
165,1,0.8287128806114197
166,1,0.9241182804107666
167,1,0.9431818127632141
168,1,0.8937453627586365
169,1,0.6489661931991577
170,1,0.49083593487739563
171,1,0.9641638398170471
172,1,0.1973792016506195
173,1,0.7660492062568665
174,1,0.8594662547111511
175,1,0.22169506549835205
176,1,0.9131398797035217
177,1,0.8696312308311462
178,1,0.47754135727882385
179,1,0.9298782348632812
180,1,0.5446800589561462
181,1,0.455292671918869
182,1,0.9659179449081421
183,1,0.6981093883514404
184,1,0.6130887866020203
185,1,0.6738686561584473
186,1,0.8815825581550598
187,1,0.921989917755127
188,1,0.14131173491477966
189,1,0.8862987160682678
190,1,0.92686927318573
191,1,0.5584390163421631
192,1,0.8506354689598083
193,1,0.2593594491481781
194,1,0.6139280796051025
195,1,0.9398137927055359
196,1,0.6046817302703857
197,1,0.8907499313354492
198,1,0.5352640151977539
199,1,0.8060658574104309
200,1,0.7104760408401489
201,1,0.7067689299583435
202,1,0.7696507573127747
203,1,0.5648977756500244
204,1,0.8391361236572266
205,1,0.10777927935123444
206,1,0.5736528635025024
207,1,0.8448820114135742
208,1,0.8854949474334717
209,1,0.9686763286590576
210,1,0.5135396122932434
211,1,0.17483454942703247
212,1,0.18779078125953674
213,1,0.5524083375930786
214,1,0.8988014459609985
215,1,0.6763707399368286
216,1,0.9284846186637878
217,1,0.2930015027523041
218,1,0.8602346181869507
219,1,0.8858150243759155
220,1,0.8379954695701599
221,1,0.8161843419075012
222,1,0.7565851807594299
223,1,0.9083337187767029
224,1,0.780908465385437
225,1,0.7344194054603577
226,1,0.8994759321212769
227,1,0.4379202723503113
228,1,0.20669150352478027
229,1,0.53183913230896
230,1,0.5115324854850769
231,1,0.48919862508773804
232,1,0.6382526159286499
233,1,0.1007089912891388
234,1,0.835956335067749
235,1,0.8276107311248779
236,1,0.9137058258056641
237,1,0.9353536367416382
238,1,0.639061450958252
239,1,0.36713871359825134
240,1,0.2847069501876831
241,1,0.9481400847434998
242,1,0.5838802456855774
243,1,0.599284291267395
244,1,0.18005622923374176
245,1,0.931205153465271
246,1,0.9576355814933777
247,1,0.2669208347797394
248,1,0.5627994537353516
249,1,0.13059963285923004
250,1,0.7420001029968262
251,1,0.7237954139709473
252,1,0.6210893392562866
253,1,0.6359164118766785
254,1,0.5348010063171387
255,1,0.9298580884933472
256,1,0.5103907585144043
257,1,0.9487584233283997
258,1,0.3556288182735443
259,1,0.8105823397636414
260,1,0.43658050894737244
261,1,0.9652070999145508
262,1,0.6081831455230713
263,1,0.9419320821762085
264,1,0.9120582342147827
265,1,0.9805402159690857
266,1,0.23572982847690582
267,1,0.8584076166152954
268,1,0.676362931728363
269,1,0.8556125164031982
270,1,0.5096065402030945
271,1,0.33406496047973633
272,1,0.3671603798866272
273,1,0.4373169243335724
274,1,0.5682766437530518
275,1,0.47383204102516174
276,1,0.7364312410354614
277,1,0.36634767055511475
278,1,0.30084672570228577
279,1,0.2882269322872162
280,1,0.21608754992485046
281,1,0.23637981712818146
282,1,0.44826045632362366
283,1,0.7682566046714783
284,1,0.9054790735244751
285,1,0.5860353708267212
286,1,0.3820061683654785
287,1,0.4024430513381958
288,1,0.8611612319946289
289,1,0.5212541222572327
290,1,0.5579125285148621
291,1,0.2968439757823944
292,1,0.4895124137401581
293,1,0.6306657791137695
294,1,0.4528884291648865
295,1,0.5530546307563782
296,1,0.9289566874504089
297,1,0.5605189204216003
298,1,0.4306865632534027
299,1,0.48802652955055237
300,1,0.9269799590110779
301,1,0.8090311884880066
302,1,0.4649165868759155
303,1,0.8880570530891418
304,1,0.5776617527008057
305,1,0.36945807933807373
306,1,0.5533724427223206
307,1,0.7730499505996704
308,1,0.8895947337150574
309,1,0.41072720289230347
310,1,0.496084600687027
311,1,0.8291870951652527
312,1,0.46719491481781006
313,1,0.7119999527931213
314,1,0.7742263674736023
315,1,0.45770567655563354
316,1,0.7460129857063293
317,1,0.7465150952339172
318,1,0.7564148902893066
319,1,0.44975003600120544
320,1,0.9226655960083008
321,1,0.2767273187637329
322,1,0.6028372645378113
323,1,0.9581024050712585
324,1,0.7323815226554871
325,1,0.9514161944389343
326,1,0.9262579679489136
327,1,0.8933631777763367
328,1,0.9352490901947021
329,1,0.5440440773963928
330,1,0.8981133699417114
331,1,0.8298745155334473
332,1,0.8548020720481873
333,1,0.7048625349998474
334,1,0.8585140705108643
335,1,0.8587309122085571
336,1,0.9011411666870117
337,1,0.8487051129341125
338,1,0.7268430590629578
339,1,0.9156716465950012
340,1,0.957477867603302
341,1,0.9380471110343933
342,1,0.8810043334960938
343,1,0.9012191295623779
344,1,0.96988844871521
345,1,0.7826183438301086
346,1,0.8812161684036255
347,1,0.9619804620742798
348,1,0.7155551910400391
349,1,0.9341452121734619
350,1,0.9003876447677612
351,1,0.5831703543663025
352,1,0.38883039355278015
353,1,0.570374071598053
354,1,0.4625464975833893
355,1,0.7585999965667725
356,1,0.5833815336227417
357,1,0.9094182848930359
358,1,0.3290310800075531
359,1,0.4380952715873718
360,1,0.33796408772468567
361,1,0.9448651075363159
362,1,0.9380128979682922
363,1,0.941343367099762
364,1,0.7428738474845886
365,1,0.9302657246589661
366,1,0.9457024931907654
367,1,0.9453160762786865
368,1,0.8708135485649109
369,1,0.6918941140174866
370,1,0.813805103302002
371,1,0.9483048319816589
372,1,0.5233173370361328
373,1,0.9427877068519592
374,1,0.8848321437835693
375,1,0.9151727557182312
376,1,0.9070888757705688
377,1,0.8984575271606445
378,1,0.953555166721344
379,1,0.9175320267677307
380,1,0.941109836101532
381,1,0.9377778768539429
382,1,0.24161455035209656
383,1,0.4897051453590393
384,1,0.5574111342430115
385,1,0.5721129179000854
386,1,0.5072950124740601
387,1,0.3848590552806854
388,1,0.5492616295814514
389,1,0.4169168174266815
390,1,0.5032660365104675
391,1,0.44866207242012024
392,1,0.5113363265991211
393,1,0.592017650604248
394,1,0.5399270057678223
395,1,0.530029296875
396,1,0.5756785869598389
397,1,0.4232231080532074
398,1,0.48077112436294556
399,1,0.523856520652771
400,1,0.4994086027145386
401,1,0.4977693259716034
402,1,0.4238707721233368
403,1,0.44041022658348083
404,1,0.35894477367401123
405,1,0.42416003346443176
406,1,0.4775386452674866
407,1,0.5534112453460693
408,1,0.2361522763967514
409,1,0.2858000695705414
410,1,0.380805104970932
411,1,0.46611514687538147
412,1,0.29567858576774597
413,1,0.18613383173942566
414,1,0.24967879056930542
415,1,0.4110671877861023
416,1,0.14432674646377563
417,1,0.37418895959854126
418,1,0.37021929025650024
419,1,0.5086597800254822
420,1,0.4492824375629425
421,1,0.2513708174228668
422,1,0.5656505823135376
423,1,0.505714476108551
424,1,0.5406344532966614
425,1,0.4847975969314575
426,1,0.5478150248527527
427,1,0.7018074989318848
428,1,0.5713982582092285
429,1,0.8821731209754944
430,1,0.5017033219337463
431,1,0.6520295739173889
432,1,0.5641587376594543
433,1,0.6837657690048218
434,1,0.5445791482925415
435,1,0.8055598139762878
436,1,0.7845526337623596
437,1,0.3905925154685974
438,1,0.9090508818626404
439,1,0.7645748853683472
440,1,0.5005983114242554
441,1,0.8184090256690979
442,1,0.7907825112342834
443,1,0.7268749475479126
444,1,0.9378470778465271
445,1,0.2145654708147049
446,1,0.5097178816795349
447,1,0.92860347032547
448,1,0.4933200180530548
449,1,0.8140550255775452
450,1,0.909541130065918
451,1,0.727636992931366
452,1,0.9136283993721008
453,1,0.8823062777519226
454,1,0.8352270722389221
455,1,0.7936049103736877
456,1,0.8870903253555298
457,1,0.9224575161933899
458,1,0.657008707523346
459,1,0.87613844871521
460,1,0.8809458017349243
461,1,0.7659469842910767
462,1,0.9343420267105103
463,1,0.7904958724975586
464,1,0.897820770740509
465,1,0.8079161643981934
466,1,0.8838168382644653
467,1,0.8997500538825989
468,1,0.8093087077140808
469,1,0.8655079007148743
470,1,0.7606010437011719
471,1,0.935828447341919
472,1,0.9470973610877991
473,1,0.9509778618812561
474,1,0.9624660611152649
475,1,0.8533415794372559
476,1,0.9412280321121216
477,1,0.8021475672721863
478,1,0.8133523464202881
479,1,0.6005815267562866
480,1,0.7636577486991882
481,1,0.8313244581222534
482,1,0.893765926361084
483,1,0.9129518866539001
484,1,0.8978791832923889
485,1,0.95467209815979
486,1,0.8821151256561279
487,1,0.6734420657157898
488,1,0.7360472083091736
489,1,0.8712693452835083
490,1,0.4946509301662445
491,1,0.7379116415977478
492,1,0.4922310709953308
493,1,0.910888671875
494,1,0.728422999382019
495,1,0.7757489681243896
496,1,0.9042884111404419
497,1,0.5893800854682922
498,1,0.2430724799633026
499,1,0.9097575545310974
500,1,0.8217117786407471
501,1,0.5914824604988098
502,1,0.43112391233444214
503,1,0.526136040687561
504,1,0.48410046100616455
505,1,0.6256222128868103
506,1,0.6657439470291138
507,1,0.473207026720047
508,1,0.5026330351829529
509,1,0.655583381652832
510,1,0.5983318090438843
511,1,0.4730515480041504
512,1,0.328494131565094
513,1,0.26877129077911377
514,1,0.32953593134880066
515,1,0.2508755624294281
516,1,0.18357867002487183
517,1,0.3446923494338989
518,1,0.4740392565727234
519,1,0.6351323127746582
520,1,0.16166919469833374
521,1,0.20411407947540283
522,1,0.2496744990348816
523,1,0.26246780157089233
524,1,0.4473133087158203
525,1,0.24117308855056763
526,1,0.3657881021499634
527,1,0.4339230954647064
528,1,0.5969341993331909
529,1,0.3469577133655548
530,1,0.19422370195388794
531,1,0.37677523493766785
532,1,0.3275800049304962
533,1,0.32534998655319214
534,1,0.4597688615322113
535,1,0.5262916088104248
536,1,0.538849949836731
537,1,0.4792042374610901
538,1,0.5429776906967163
539,1,0.5810341238975525
540,1,0.5029231309890747
541,1,0.5873107314109802
542,1,0.5661766529083252
543,1,0.5072858333587646
544,1,0.7513800263404846
545,1,0.6609808206558228
546,1,0.44456979632377625
547,1,0.4918763041496277
548,1,0.7546992897987366
549,1,0.7357206344604492
550,1,0.47437357902526855
551,1,0.43012353777885437
552,1,0.5422248244285583
553,1,0.6183278560638428
554,1,0.5659369826316833
555,1,0.6601751446723938
556,1,0.9187979698181152
557,1,0.6426339149475098
558,1,0.44005295634269714
559,1,0.5496600866317749
560,1,0.733832061290741
561,1,0.5155800580978394
562,1,0.8696314692497253
563,1,0.6518235206604004
564,1,0.49382317066192627
565,1,0.648989200592041
566,1,0.6761493682861328
567,1,0.5208215713500977
568,1,0.6842805743217468
569,1,0.43665987253189087
570,1,0.5018519163131714
571,1,0.6821883916854858
572,1,0.7846391201019287
573,1,0.716264545917511
574,1,0.9188951849937439
575,1,0.6028560996055603
576,1,0.2296895980834961
577,1,0.9123117327690125
578,1,0.366260290145874
579,1,0.8032547831535339
580,1,0.9131519198417664
581,1,0.890921413898468
582,1,0.7540963888168335
583,1,0.4542498290538788
584,1,0.8480497598648071
585,1,0.23105278611183167
586,1,0.4499298930168152
587,1,0.9307580590248108
588,1,0.4885735809803009
589,1,0.5158575773239136
590,1,0.6260799765586853
591,1,0.4597048759460449
592,1,0.38607779145240784
593,1,0.4204990863800049
594,1,0.5122422575950623
595,1,0.3369949460029602
596,1,0.4161359369754791
597,1,0.39059942960739136
598,1,0.40566888451576233
599,1,0.35193100571632385
600,1,0.7974245548248291
601,1,0.47399795055389404
602,1,0.676863968372345
603,1,0.9580313563346863
604,1,0.8168215751647949
605,1,0.9174085855484009
606,1,0.8834007978439331
607,1,0.6147743463516235
608,1,0.7839879989624023
609,1,0.7531841397285461
610,1,0.44119444489479065
611,1,0.8093109726905823
612,1,0.810867965221405
613,1,0.9101039171218872
614,1,0.5939710736274719
615,1,0.7076708674430847
616,1,0.9100568294525146
617,1,0.8530443906784058
618,1,0.63228839635849
619,1,0.6836861968040466
620,1,0.5724647641181946
621,1,0.7723285555839539
622,1,0.526494562625885
623,1,0.464543879032135
624,1,0.6810914278030396
625,1,0.7355486750602722
626,1,0.637576699256897
627,1,0.6038913726806641
628,1,0.5703256726264954
629,1,0.514826238155365
630,1,0.476491779088974
631,1,0.813639760017395
632,1,0.9538937211036682
633,1,0.8730373382568359
634,1,0.8410094380378723
635,1,0.9536352753639221
636,1,0.8398575186729431
637,1,0.33872005343437195
638,1,0.6923937201499939
639,1,0.36432307958602905
640,1,0.32005277276039124
641,1,0.6144654154777527
642,1,0.5224461555480957
643,1,0.8047286868095398
644,1,0.9161392450332642
645,1,0.8818671703338623
646,1,0.9352489709854126
647,1,0.9375696182250977
648,1,0.8508219122886658
649,1,0.8622329831123352
650,1,0.7970280051231384
651,1,0.9559842348098755
652,1,0.9400498270988464
653,1,0.8062637448310852
654,1,0.731793999671936
655,1,0.5613182187080383
656,1,0.7137718796730042
657,1,0.8368167281150818
658,1,0.893271267414093
659,1,0.9246148467063904
660,1,0.5752310156822205
661,1,0.7412031292915344
662,1,0.9247221946716309
663,1,0.9003983736038208
664,1,0.8736217021942139
665,1,0.9394726753234863
666,1,0.8431006669998169
667,1,0.9273727536201477
668,1,0.9064733982086182
669,1,0.5804488062858582
670,1,0.5112423300743103
671,1,0.6594461798667908
672,1,0.9150466918945312
673,1,0.771946907043457
674,1,0.923448920249939
675,1,0.9494935870170593
676,1,0.8452457785606384
677,1,0.9374138116836548
678,1,0.9405273795127869
679,1,0.8480779528617859
680,1,0.9662291407585144
681,1,0.8788883686065674
682,1,0.8580290675163269
683,1,0.7999486327171326
684,1,0.8920491337776184
685,1,0.9018039107322693
686,1,0.9262775182723999
687,1,0.9352039098739624
688,1,0.46715110540390015
689,1,0.5182320475578308
690,1,0.824660062789917
691,1,0.9387406706809998
692,1,0.9258318543434143
693,1,0.8980574011802673
694,1,0.9133699536323547
695,1,0.7656897306442261
696,1,0.819088339805603
697,1,0.7950296401977539
698,1,0.8363835215568542
699,1,0.9358606934547424
700,1,0.9140257835388184
701,1,0.7931976318359375
702,1,0.8296189308166504
703,1,0.7634677290916443
704,1,0.7005290985107422
705,1,0.9318405985832214
706,1,0.6808094382286072
707,1,0.7150973081588745
708,1,0.6229734420776367
709,1,0.8137884140014648
710,1,0.9414932727813721
711,1,0.7566185593605042
712,1,0.6202149987220764
713,1,0.27534472942352295
714,1,0.38793280720710754
715,1,0.3966851830482483
716,1,0.49555736780166626
717,1,0.47648143768310547
718,1,0.32443490624427795
719,1,0.2502231299877167
720,1,0.45814093947410583
721,1,0.3632429540157318
722,1,0.2665832042694092
723,1,0.2757054567337036
724,1,0.2795531451702118
725,1,0.24632954597473145
726,1,0.40784770250320435
727,1,0.21783345937728882
728,1,0.6765401363372803
729,1,0.6908174157142639
730,1,0.43865659832954407
731,1,0.3645011782646179
732,1,0.38273581862449646
733,1,0.6374678015708923
734,1,0.4503386616706848
735,1,0.43663322925567627
736,1,0.29656559228897095
737,1,0.2708350718021393
738,1,0.5476266145706177
739,1,0.6308765411376953
740,1,0.5451405644416809
741,1,0.6354106664657593
742,1,0.5324553847312927
743,1,0.47594285011291504
744,1,0.4454489052295685
745,1,0.24243192374706268
746,1,0.42580750584602356
747,1,0.5314359068870544
748,1,0.7060678005218506
749,1,0.7374348044395447
750,1,0.7196434140205383
751,1,0.8988421559333801
752,1,0.4706681966781616
753,1,0.834466814994812
754,1,0.7570263147354126
755,1,0.7153313159942627
756,1,0.7331158518791199
757,1,0.36753374338150024
758,1,0.5402757525444031
759,1,0.6194957494735718
760,1,0.7604137659072876
761,1,0.7246006727218628
762,1,0.4098328649997711
763,1,0.3997015953063965
764,1,0.4355977475643158
765,1,0.34557288885116577
766,1,0.4845975339412689
767,1,0.5100036263465881
768,1,0.49215471744537354
769,1,0.7458115816116333
770,1,0.6038116216659546
771,1,0.5225890874862671
772,1,0.5288756489753723
773,1,0.9029043316841125
774,1,0.44465646147727966
775,1,0.7314661741256714
776,1,0.6439405083656311
777,1,0.7606762647628784
778,1,0.8529993295669556
779,1,0.7412352561950684
780,1,0.6974227428436279
781,1,0.7411826252937317
782,1,0.7174205780029297
783,1,0.902353823184967
784,1,0.6476386189460754
785,1,0.521908164024353
786,1,0.2826369106769562
787,1,0.4967613220214844
788,1,0.8964514136314392
789,1,0.5573828220367432
790,1,0.6598509550094604
791,1,0.8276056051254272
792,1,0.4390643537044525
793,1,0.30668991804122925
794,1,0.7835448980331421
795,1,0.7829047441482544
796,1,0.4063750207424164
797,1,0.7526499629020691
798,1,0.6424672603607178
799,1,0.5086150765419006
800,1,0.9129212498664856
801,1,0.38647037744522095
802,1,0.664090096950531
803,1,0.815375566482544
804,1,0.7583787441253662
805,1,0.9452986717224121
806,1,0.9332423806190491
807,1,0.8262979388237
808,1,0.8781094551086426
809,1,0.8360657691955566
810,1,0.6958480477333069
811,1,0.6594879031181335
812,1,0.5132794380187988
813,1,0.5554783344268799
814,1,0.4873460829257965
815,1,0.40017130970954895
816,1,0.45774322748184204
817,1,0.7691515684127808
818,1,0.9461437463760376
819,1,0.8008062243461609
820,1,0.9417722225189209
821,1,0.7851582765579224
822,1,0.7338423728942871
823,1,0.6730970144271851
824,1,0.8526418209075928
825,1,0.7547543048858643
826,1,0.6240320205688477
827,1,0.7653067111968994
828,1,0.8661908507347107
829,1,0.9203709959983826
830,1,0.9311996698379517
831,1,0.9396660923957825
832,1,0.9167454838752747
833,1,0.8987830281257629
834,1,0.9266355037689209
835,1,0.7866734266281128
836,1,0.8343722224235535
837,1,0.6842334866523743
838,1,0.8510738015174866
839,1,0.9383127689361572
840,1,0.9023117423057556
841,1,0.93928062915802
842,1,0.9329378008842468
843,1,0.8986905813217163
844,1,0.8712919354438782
845,1,0.8669177293777466
846,1,0.9189085960388184
847,1,0.8931615352630615
848,1,0.9465687870979309
849,1,0.8917636275291443
850,1,0.9288966059684753
851,1,0.8846689462661743
852,1,0.9112172722816467
853,1,0.817916750907898
854,1,0.8305122256278992
855,1,0.9644788503646851
856,1,0.9426724314689636
857,1,0.932766318321228
858,1,0.14343607425689697
859,1,0.22099481523036957
860,1,0.16640768945217133
861,1,0.8561988472938538
862,1,0.08657870441675186
863,1,0.13610664010047913
864,1,0.2574911415576935
865,1,0.4735114276409149
866,1,0.9445165991783142
867,1,0.6085885763168335
868,1,0.3067396581172943
869,1,0.5206536054611206
870,1,0.5153209567070007
871,1,0.5806785821914673
872,1,0.5869022607803345
873,1,0.6424112915992737
874,1,0.5097268223762512
875,1,0.44276005029678345
876,1,0.5252049565315247
877,1,0.28650933504104614
878,1,0.44934511184692383
879,1,0.5779821872711182
880,1,0.4970989227294922
881,1,0.5406675934791565
882,1,0.35684552788734436
883,1,0.5817958116531372
884,1,0.5416756272315979
885,1,0.3750250041484833
886,1,0.46271762251853943
887,1,0.3473864793777466
888,1,0.36327770352363586
889,1,0.2855992317199707
890,1,0.5167731046676636
891,1,0.4855293929576874
892,1,0.42869529128074646
893,1,0.4395717978477478
894,1,0.35015058517456055
895,1,0.6142659187316895
896,1,0.49581179022789
897,1,0.38047271966934204
898,1,0.5210345983505249
899,1,0.5158438086509705
900,1,0.5548461079597473
901,1,0.5908341407775879
902,1,0.7170097827911377
903,1,0.7244227528572083
904,1,0.4638264775276184
905,1,0.6919851899147034
906,1,0.6137227416038513
907,1,0.6660825610160828
908,1,0.5045424699783325
909,1,0.5607980489730835
910,1,0.7031288743019104
911,1,0.7337482571601868
912,1,0.38127171993255615
913,1,0.4599834680557251
914,1,0.9528381824493408
915,1,0.5705657005310059
916,1,0.9498468041419983
917,1,0.5382559895515442
918,1,0.6331877708435059
919,1,0.7974343299865723
920,1,0.7388577461242676
921,1,0.9055867195129395
922,1,0.5307697057723999
923,1,0.38088345527648926
924,1,0.8114008903503418
925,1,0.8733782768249512
926,1,0.9267807006835938
927,1,0.8924980759620667
928,1,0.5687181353569031
929,1,0.5842066407203674
930,1,0.8593026399612427
931,1,0.5800215005874634
932,1,0.5224959850311279
933,1,0.497139573097229
934,1,0.36124372482299805
935,1,0.421415776014328
936,1,0.6665502190589905
937,1,0.7176190614700317
938,1,0.47109830379486084
939,1,0.5880118012428284
940,1,0.9178788661956787
941,1,0.5263634920120239
942,1,0.7542194128036499
943,1,0.7556548714637756
944,1,0.9280403852462769
945,1,0.8446441888809204
946,1,0.9426088333129883
947,1,0.962315022945404
948,1,0.7451222538948059
949,1,0.8749744892120361
950,1,0.7212384939193726
951,1,0.923888087272644
952,1,0.9662289023399353
953,1,0.9630932807922363
954,1,0.906140923500061
955,1,0.5978598594665527
956,1,0.6081526279449463
957,1,0.9379183650016785
958,1,0.9564763903617859
959,1,0.7886608242988586
960,1,0.9275814890861511
961,1,0.9513867497444153
962,1,0.8813369274139404
963,1,0.9182420969009399
964,1,0.25669094920158386
965,1,0.6820600628852844
966,1,0.5703927278518677
967,1,0.8935762643814087
968,1,0.8410359621047974
969,1,0.9394781589508057
970,1,0.7170524001121521
971,1,0.5175870060920715
972,1,0.535454273223877
973,1,0.6311998963356018
974,1,0.9311041831970215
975,1,0.6770326495170593
976,1,0.7909735441207886
977,1,0.6132205128669739
978,1,0.4422765374183655
979,1,0.6769541501998901
980,1,0.5357623100280762
981,1,0.7117660641670227
982,1,0.6506349444389343
983,1,0.83103346824646
984,1,0.9459812641143799
985,1,0.9224622845649719
986,1,0.92522132396698
987,1,0.976554811000824
988,1,0.9606752991676331
989,1,0.9029924869537354
990,1,0.9652745127677917
991,1,0.9794397950172424
992,1,0.9306549429893494
993,1,0.9126731753349304
994,1,0.9565219879150391
995,1,0.7414796352386475
996,1,0.9806511998176575
997,1,0.8967137336730957
998,1,0.9611695408821106
999,1,0.9229016900062561
1000,1,0.950410783290863
1001,1,0.9645941257476807
1002,1,0.7485263347625732
1003,1,0.7730479836463928
1004,1,0.9462223052978516
1005,1,0.9387707114219666
1006,1,0.9701551795005798
1007,1,0.8784010410308838
1008,1,0.19797497987747192
1009,1,0.25588810443878174
1010,1,0.39830097556114197
1011,1,0.48494836688041687
1012,1,0.4570235013961792
1013,1,0.8401708602905273
1014,1,0.9661009311676025
1015,1,0.9257246851921082
1016,1,0.9461703300476074
1017,1,0.9544798135757446
1018,1,0.9415313005447388
1019,1,0.9114755988121033
1020,1,0.657168984413147
1021,1,0.5221884250640869
1022,1,0.7194079160690308
1023,1,0.4818074107170105
1024,1,0.66712486743927
1025,1,0.949978232383728
1026,1,0.9364675879478455
1027,1,0.9558179378509521
1028,1,0.9580163955688477
1029,1,0.9223986864089966
1030,1,0.930644690990448
1031,1,0.953381359577179
1032,1,0.9457002282142639
1033,1,0.9507750868797302
1034,1,0.8558740615844727
1035,1,0.9434694647789001
1036,1,0.9438208341598511
1037,1,0.9383133053779602
1038,1,0.7257837653160095
1039,1,0.8283790946006775
1040,1,0.834835946559906
1041,1,0.9312462210655212
1042,1,0.9067053198814392
1043,1,0.8096559643745422
1044,1,0.199812114238739
1045,1,0.5038106441497803
1046,1,0.6431465148925781
1047,1,0.7757333517074585
1048,1,0.7628477215766907
1049,1,0.5604453682899475
1050,1,0.4171394407749176
1051,1,0.5979166030883789
1052,1,0.9221636056900024
1053,1,0.9692597985267639
1054,1,0.9619873762130737
1055,1,0.23595425486564636
1056,1,0.19093704223632812
1057,1,0.18449752032756805
1058,1,0.9368174076080322
1059,1,0.90069979429245
1060,1,0.9542838931083679
1061,1,0.9233925938606262
1062,1,0.49706947803497314
1063,1,0.3791366517543793
1064,1,0.6649832129478455
1065,1,0.4856216609477997
1066,1,0.595982551574707
1067,1,0.37465327978134155
1068,1,0.5393509268760681
1069,1,0.5426405072212219
1070,1,0.5239214301109314
1071,1,0.40706557035446167
1072,1,0.655602753162384
1073,1,0.4052056670188904
1074,1,0.40878793597221375
1075,1,0.37740716338157654
1076,1,0.18326114118099213
1077,1,0.37646356225013733
1078,1,0.3908666968345642
1079,1,0.6113219857215881
1080,1,0.6619212031364441
1081,1,0.6974510550498962
1082,1,0.4190771281719208
1083,1,0.6871614456176758
1084,1,0.7705777287483215
1085,1,0.5612629652023315
1086,1,0.6334879398345947
1087,1,0.5581464767456055
1088,1,0.6497746706008911
1089,1,0.550243079662323
1090,1,0.6019299626350403
1091,1,0.5274991989135742
1092,1,0.4190298616886139
1093,1,0.41047611832618713
1094,1,0.4503494203090668
1095,1,0.6604559421539307
1096,1,0.6002465486526489
1097,1,0.6923826932907104
1098,1,0.4352703094482422
1099,1,0.7444046139717102
1100,1,0.6849793195724487
1101,1,0.4235784113407135
1102,1,0.6840455532073975
1103,1,0.5413207411766052
1104,1,0.7196511626243591
1105,1,0.42576104402542114
1106,1,0.43680548667907715
1107,1,0.7840955853462219
1108,1,0.3462638258934021
1109,1,0.4237351715564728
1110,1,0.5660014748573303
1111,1,0.5425518155097961
1112,1,0.8113216161727905
1113,1,0.45354437828063965
1114,1,0.5802925229072571
1115,1,0.5614937543869019
1116,1,0.5334590077400208
1117,1,0.8410117626190186
1118,1,0.4579637348651886
1119,1,0.8593018651008606
1120,1,0.6943124532699585
1121,1,0.08892591297626495
1122,1,0.694766640663147
1123,1,0.737628161907196
1124,1,0.47145265340805054
1125,1,0.5027824640274048
1126,1,0.6642187833786011
1127,1,0.6910474300384521
1128,1,0.43114060163497925
1129,1,0.3775580823421478
1130,1,0.3522024154663086
1131,1,0.9075880646705627
1132,1,0.6855729818344116
1133,1,0.2875285744667053
1134,1,0.6695205569267273
1135,1,0.8328543305397034
1136,1,0.7704585790634155
1137,1,0.3685457706451416
1138,1,0.7411810159683228
1139,1,0.6943426132202148
1140,1,0.9316768646240234
1141,1,0.9085468649864197
1142,1,0.9802827835083008
1143,1,0.9785913228988647
1144,1,0.9269765019416809
1145,1,0.8764534592628479
1146,1,0.9495046734809875
1147,1,0.28174257278442383
1148,1,0.5161425471305847
1149,1,0.917773962020874
1150,1,0.9039949178695679
1151,1,0.9400808215141296
1152,1,0.9583803415298462
1153,1,0.9473557472229004
1154,1,0.8466542363166809
1155,1,0.9481850266456604
1156,1,0.960928201675415
1157,1,0.9449857473373413
1158,1,0.8766718506813049
1159,1,0.9484516382217407
1160,1,0.9330641627311707
1161,1,0.8428471088409424
1162,1,0.9265978336334229
1163,1,0.8090108633041382
1164,1,0.8182446956634521
1165,1,0.8516495823860168
1166,1,0.9526600241661072
1167,1,0.9430186152458191
1168,1,0.9601378440856934
1169,1,0.9605523347854614
1170,1,0.6455373167991638
1171,1,0.9230594038963318
1172,1,0.7652760148048401
1173,1,0.8082583546638489
1174,1,0.7873228788375854
1175,1,0.652411937713623
1176,1,0.8498016595840454
1177,1,0.5302693843841553
1178,1,0.6265828013420105
1179,1,0.7834059000015259
1180,1,0.2382480800151825
1181,1,0.7576887011528015
1182,1,0.6498281359672546
1183,1,0.5710317492485046
1184,1,0.9104645848274231
1185,1,0.9520978927612305
1186,1,0.9219759106636047
1187,1,0.9635887742042542
1188,1,0.8962220549583435
1189,1,0.9713617563247681
1190,1,0.8369738459587097
1191,1,0.9464223384857178
1192,1,0.3080822825431824
1193,1,0.2551526725292206
1194,1,0.3656793534755707
1195,1,0.09283409267663956
1196,1,0.3289766311645508
1197,1,0.8617868423461914
1198,1,0.268632709980011
1199,1,0.32266610860824585
1200,1,0.2059774100780487
1201,1,0.8205457329750061
1202,1,0.9379999041557312
1203,1,0.935604453086853
1204,1,0.8606829047203064
1205,1,0.4712117612361908
1206,1,0.37045401334762573
1207,1,0.34242454171180725
1208,1,0.26838305592536926
1209,1,0.4255887567996979
1210,1,0.455667644739151
1211,1,0.4398031234741211
1212,1,0.4630979001522064
1213,1,0.47245198488235474
1214,1,0.4815463125705719
1215,1,0.3504878878593445
1216,1,0.45533832907676697
1217,1,0.4456924796104431
1218,1,0.4508359134197235
1219,1,0.469462513923645
1220,1,0.5251042246818542
1221,1,0.5291224122047424
1222,1,0.5283266305923462
1223,1,0.5465468168258667
1224,1,0.45856186747550964
1225,1,0.4126625955104828
1226,1,0.4215181767940521
1227,1,0.8363369107246399
1228,1,0.6071271896362305
1229,1,0.47562673687934875
1230,1,0.5218178033828735
1231,1,0.4206556975841522
1232,1,0.4118039906024933
1233,1,0.4955839514732361
1234,1,0.4886954426765442
1235,1,0.593989908695221
1236,1,0.39228394627571106
1237,1,0.7185712456703186
1238,1,0.32806915044784546
1239,1,0.5695936679840088
1240,1,0.5173128247261047
1241,1,0.5299010276794434
1242,1,0.4890933334827423
1243,1,0.502045750617981
1244,1,0.6767444610595703
1245,1,0.08995530009269714
1246,1,0.4333723485469818
1247,1,0.5974690914154053
1248,1,0.45649227499961853
1249,1,0.34047481417655945
1250,1,0.5150685906410217
1251,1,0.5251768827438354
1252,1,0.435063898563385
1253,1,0.6425790786743164
1254,1,0.5331540703773499
1255,1,0.378158837556839
1256,1,0.5633253455162048
1257,1,0.3726250231266022
1258,1,0.34401071071624756
1259,1,0.5184347629547119
1260,1,0.32481691241264343
1261,1,0.4357270300388336
1262,1,0.2489451766014099
1263,1,0.243058443069458
1264,1,0.30859529972076416
1265,1,0.475614994764328
1266,1,0.3931274712085724
1267,1,0.48323968052864075
1268,1,0.37396103143692017
1269,1,0.5423123836517334
1270,1,0.49041318893432617
1271,1,0.5549656748771667
1272,1,0.4505953788757324
1273,1,0.5108959078788757
1274,1,0.46597081422805786
1275,1,0.617972195148468
1276,1,0.5255428552627563
1277,1,0.701484203338623
1278,1,0.37247031927108765
1279,1,0.3641328811645508
1280,1,0.3561047911643982
1281,1,0.485694020986557
1282,1,0.5630096197128296
1283,1,0.5842195749282837
1284,1,0.599729061126709
1285,1,0.5185532569885254
1286,1,0.5118616223335266
1287,1,0.3566069006919861
1288,1,0.3782453238964081
1289,1,0.5777121186256409
1290,1,0.6810803413391113
1291,1,0.5666213631629944
1292,1,0.6826428174972534
1293,1,0.44575387239456177
1294,1,0.6558864712715149
1295,1,0.6888034343719482
1296,1,0.6080836057662964
1297,1,0.6098101139068604
1298,1,0.7309527397155762
1299,1,0.6451510190963745
1300,1,0.6635185480117798
1301,1,0.5881751179695129
1302,1,0.39531511068344116
1303,1,0.7507525086402893
1304,1,0.5875596404075623
1305,1,0.4957897663116455
1306,1,0.387000173330307
1307,1,0.7462082505226135
1308,1,0.8259015679359436
1309,1,0.5124412775039673
1310,1,0.6492697596549988
1311,1,0.5992593169212341
1312,1,0.5998010039329529
1313,1,0.22405895590782166
1314,1,0.20488324761390686
1315,1,0.4392121136188507
1316,1,0.9040615558624268
1317,1,0.7595244646072388
1318,1,0.651844322681427
1319,1,0.8392210006713867
1320,1,0.4645833373069763
1321,1,0.7969762682914734
1322,1,0.5454847812652588
1323,1,0.6580801606178284
1324,1,0.8087544441223145
1325,1,0.9334132075309753
1326,1,0.6419099569320679
1327,1,0.3371731638908386
1328,1,0.2470986545085907
1329,1,0.49036407470703125
1330,1,0.8937637209892273
1331,1,0.6812639832496643
1332,1,0.4998103380203247
1333,1,0.9348387122154236
1334,1,0.728289783000946
1335,1,0.9001782536506653
1336,1,0.5593199729919434
1337,1,0.7908902764320374
1338,1,0.9121437072753906
1339,1,0.9191744923591614
1340,1,0.8837081789970398
1341,1,0.9466338157653809
1342,1,0.8596189618110657
1343,1,0.6469087600708008
1344,1,0.5353277921676636
1345,1,0.5962878465652466
1346,1,0.38991039991378784
1347,1,0.6431382894515991
1348,1,0.4345470666885376
1349,1,0.5418890714645386
1350,1,0.51047682762146
1351,1,0.3924179673194885
1352,1,0.7468116283416748
1353,1,0.7433981895446777
1354,1,0.5883035659790039
1355,1,0.6638909578323364
1356,1,0.9027823209762573
1357,1,0.6333443522453308
1358,1,0.48591673374176025
1359,1,0.809873104095459
1360,1,0.42644625902175903
1361,1,0.8827778697013855
1362,1,0.9460548758506775
1363,1,0.8500484824180603
1364,1,0.8331602215766907
1365,1,0.9766321778297424
1366,1,0.5721002817153931
1367,1,0.8078948855400085
1368,1,0.8432173728942871
1369,1,0.8098593354225159
1370,1,0.9408167600631714
1371,1,0.3850083351135254
1372,1,0.4205602705478668
1373,1,0.6857136487960815
1374,1,0.3867924213409424
1375,1,0.5384247899055481
1376,1,0.48836296796798706
1377,1,0.6048992276191711
1378,1,0.5631363987922668
1379,1,0.29566338658332825
1380,1,0.5253118872642517
1381,1,0.6115787029266357
1382,1,0.9586131572723389
1383,1,0.8253271579742432
1384,1,0.9703702330589294
1385,1,0.8042718172073364
1386,1,0.8353295922279358
1387,1,0.931686520576477
1388,1,0.2183838188648224
1389,1,0.8264774680137634
1390,1,0.9248718619346619
1391,1,0.9105225801467896
1392,1,0.907789945602417
1393,1,0.8392680883407593
1394,1,0.9564782381057739
1395,1,0.9679214358329773
1396,1,0.7930759787559509
1397,1,0.8165698051452637
1398,1,0.7314140200614929
1399,1,0.9424400329589844
1400,1,0.8953198194503784
1401,1,0.9504277110099792
1402,1,0.9018955230712891
1403,1,0.9237692356109619
1404,1,0.8196783065795898
1405,1,0.9160932302474976
1406,1,0.45649227499961853
1407,1,0.9322354793548584
1408,1,0.9057888388633728
1409,1,0.9204044938087463
1410,1,0.9206936955451965
1411,1,0.9292371273040771
1412,1,0.750420093536377
1413,1,0.8898738622665405
1414,1,0.8773550391197205
1415,1,0.9347606301307678
1416,1,0.9491168856620789
1417,1,0.8463351130485535
1418,1,0.8937399983406067
1419,1,0.9298723340034485
1420,1,0.9641584753990173
1421,1,0.9197150468826294
1422,1,0.7870483994483948
1423,1,0.5428887009620667
1424,1,0.3106894791126251
1425,1,0.7581965923309326
1426,1,0.6686114072799683
1427,1,0.8793171048164368
1428,1,0.969654381275177
1429,1,0.945437490940094
1430,1,0.9622542262077332
1431,1,0.9486919045448303
1432,1,0.9702863693237305
1433,1,0.946784257888794
1434,1,0.925896167755127
1435,1,0.8454067707061768
1436,1,0.8610639572143555
1437,1,0.7121530771255493
1438,1,0.3129279315471649
1439,1,0.24967433512210846
1440,1,0.7311370968818665
1441,1,0.6067337393760681
1442,1,0.7919753789901733
1443,1,0.8591523170471191
1444,1,0.8728078603744507
1445,1,0.8411610126495361
1446,1,0.8691917061805725
1447,1,0.6703566908836365
1448,1,0.391936331987381
1449,1,0.9419028759002686
1450,1,0.7611933946609497
1451,1,0.8293086290359497
1452,1,0.8897150158882141
1453,1,0.7383250594139099
1454,1,0.8429628014564514
1455,1,0.9147915244102478
1456,1,0.9320313930511475
1457,1,0.9070114493370056
1458,1,0.7726506590843201
1459,1,0.8867393136024475
1460,1,0.9267326593399048
1461,1,0.44537216424942017
1462,1,0.9571202993392944
1463,1,0.9139153957366943
1464,1,0.9365038871765137
1465,1,0.9229223132133484
1466,1,0.9004425406455994
1467,1,0.927607536315918
1468,1,0.8849518299102783
1469,1,0.9493341445922852
1470,1,0.7659698128700256
1471,1,0.9416648745536804
1472,1,0.44484201073646545
1473,1,0.7030429840087891
1474,1,0.28275659680366516
1475,1,0.7600743770599365
1476,1,0.7897183895111084
1477,1,0.5237510204315186
1478,1,0.43903934955596924
1479,1,0.661004364490509
1480,1,0.4396910071372986
1481,1,0.4599160850048065
1482,1,0.31372371315956116
1483,1,0.3515273630619049
1484,1,0.6448147296905518
1485,1,0.8952441811561584
1486,1,0.9022924900054932
1487,1,0.5731642246246338
1488,1,0.6966398358345032
1489,1,0.8197130560874939
1490,1,0.9043055772781372
1491,1,0.8640186786651611
1492,1,0.6994876265525818
1493,1,0.7962568998336792
1494,1,0.29134219884872437
1495,1,0.8822464942932129
1496,1,0.8589704036712646
1497,1,0.46222198009490967
1498,1,0.7569196224212646
1499,1,0.9184393286705017
1500,1,0.8591676354408264
1501,1,0.7806033492088318
1502,1,0.9586751461029053
1503,1,0.7270233631134033
1504,1,0.595397412776947
1505,1,0.513013482093811
1506,1,0.7379175424575806
1507,1,0.4860266447067261
1508,1,0.6345900893211365
1509,1,0.6867847442626953
1510,1,0.7656787633895874
1511,1,0.6326984167098999
1512,1,0.5354815721511841
1513,1,0.9608659744262695
1514,1,0.9493201971054077
1515,1,0.3019511103630066
1516,1,0.6576586961746216
1517,1,0.6790874600410461
1518,1,0.6436101198196411
1519,1,0.902135968208313
1520,1,0.7226098775863647
1521,1,0.8797109723091125
1522,1,0.9068796038627625
1523,1,0.4236561954021454
1524,1,0.898955225944519
1525,1,0.518498420715332
1526,1,0.7239328622817993
1527,1,0.9030168056488037
1528,1,0.8900620937347412
1529,1,0.5157649517059326
1530,1,0.8135954737663269
1531,1,0.8923705220222473
1532,1,0.7528973817825317
1533,1,0.8605847954750061
1534,1,0.9149573445320129
1535,1,0.93006831407547
1536,1,0.9063136577606201
1537,1,0.7036668658256531
1538,1,0.5864365100860596
1539,1,0.6106693744659424
1540,1,0.666670560836792
1541,1,0.9105066657066345
1542,1,0.396520733833313
1543,1,0.6713342666625977
1544,1,0.76035076379776
1545,1,0.8625412583351135
1546,1,0.4224744439125061
1547,1,0.3779716491699219
1548,1,0.7367047667503357
1549,1,0.5973178148269653
1550,1,0.5678138136863708
1551,1,0.6779416799545288
1552,1,0.8921166658401489
1553,1,0.7677176594734192
1554,1,0.7577051520347595
1555,1,0.9625810384750366
1556,1,0.9703972935676575
1557,1,0.8615878224372864
1558,1,0.9488765597343445
1559,1,0.9417764544487
1560,1,0.9408233761787415
1561,1,0.9388270974159241
1562,1,0.8922758102416992
1563,1,0.3498659133911133
1564,1,0.8181763887405396
1565,1,0.8337865471839905
1566,1,0.8074657917022705
1567,1,0.8893347382545471
1568,1,0.8983101844787598
1569,1,0.7927963137626648
1570,1,0.8405258059501648
1571,1,0.7694452404975891
1572,1,0.9306765198707581
1573,1,0.9631417393684387
1574,1,0.9252535700798035
1575,1,0.912270188331604
1576,1,0.7761059403419495
1577,1,0.9259573817253113
1578,1,0.8767163753509521
1579,1,0.9476103782653809
1580,1,0.9083200097084045
1581,1,0.9422622323036194
1582,1,0.8805819749832153
1583,1,0.9419742226600647
1584,1,0.9366573691368103
1585,1,0.7711623311042786
1586,1,0.8463785648345947
1587,1,0.8409676551818848
1588,1,0.8676510453224182
1589,1,0.8894977569580078
1590,1,0.8970419764518738
1591,1,0.9379013776779175
1592,1,0.8738501071929932
1593,1,0.9300214052200317
1594,1,0.920697033405304
1595,1,0.9118022322654724
1596,1,0.9162201881408691
1597,1,0.7657462954521179
1598,1,0.9308860301971436
1599,1,0.9486299157142639
1600,1,0.8367229700088501
1601,1,0.9222291111946106
1602,1,0.9257502555847168
1603,1,0.8433549404144287
1604,1,0.8560889959335327
1605,1,0.9034218788146973
1606,1,0.8835629820823669
1607,1,0.35535529255867004
1608,1,0.9398204684257507
1609,1,0.6970105767250061
1610,1,0.9508005380630493
1611,1,0.9494085311889648
1612,1,0.8800902366638184
1613,1,0.8675158023834229
1614,1,0.9759904742240906
1615,1,0.9584744572639465
1616,1,0.7599225640296936
1617,1,0.7365338206291199
1618,1,0.8441839814186096
1619,1,0.4243922233581543
1620,1,0.8131763935089111
1621,1,0.6883817911148071
1622,1,0.6448054313659668
1623,1,0.6718368530273438
1624,1,0.7983536124229431
1625,1,0.7579184174537659
1626,1,0.8478721380233765
1627,1,0.9116553664207458
1628,1,0.7640525102615356
1629,1,0.9113410115242004
1630,1,0.42827656865119934
1631,1,0.8696597814559937
1632,1,0.5141115188598633
1633,1,0.9028570055961609
1634,1,0.5532423853874207
1635,1,0.6636399626731873
1636,1,0.5124613642692566
1637,1,0.9298519492149353
1638,1,0.6956753730773926
1639,1,0.7378749847412109
1640,1,0.633560061454773
1641,1,0.31801140308380127
1642,1,0.48101916909217834
1643,1,0.9267604351043701
1644,1,0.6480003595352173
1645,1,0.7410376071929932
1646,1,0.9058552384376526
1647,1,0.8719651103019714
1648,1,0.856986939907074
1649,1,0.4758961498737335
1650,1,0.17239926755428314
1651,1,0.24320998787879944
1652,1,0.2914065420627594
1653,1,0.2949284613132477
1654,1,0.2811398506164551
1655,1,0.23404546082019806
1656,1,0.17418617010116577
1657,1,0.3875643312931061
1658,1,0.1702912151813507
1659,1,0.16721919178962708
1660,1,0.3053611218929291
1661,1,0.1647486388683319
1662,1,0.2063632756471634
1663,1,0.24770016968250275
1664,1,0.07643096894025803
1665,1,0.2301597148180008
1666,1,0.9212503433227539
1667,1,0.9273530840873718
1668,1,0.9333823919296265
1669,1,0.7849749326705933
1670,1,0.8328500986099243
1671,1,0.8170303106307983
1672,1,0.9316747188568115
1673,1,0.4450528919696808
1674,1,0.26448631286621094
1675,1,0.11188753694295883
1676,1,0.46266230940818787
1677,1,0.8826591372489929
1678,1,0.9269505739212036
1679,1,0.9364024996757507
1680,1,0.6184951066970825
1681,1,0.8752847909927368
1682,1,0.4420020282268524
1683,1,0.9117276072502136
1684,1,0.8895353078842163
1685,1,0.9312959313392639
1686,1,0.7877261638641357
1687,1,0.40256819128990173
1688,1,0.7750132083892822
1689,1,0.9253838062286377
1690,1,0.47566676139831543
1691,1,0.3791421353816986
1692,1,0.5606255531311035
1693,1,0.8900070190429688
1694,1,0.8857834935188293
1695,1,0.4100881814956665
1696,1,0.744530975818634
1697,1,0.9350703954696655
1698,1,0.7415827512741089
1699,1,0.9114633202552795
1700,1,0.9472912549972534
1701,1,0.3364642858505249
1702,1,0.9297302961349487
1703,1,0.9085898995399475
1704,1,0.17278200387954712
1705,1,0.8768519163131714
1706,1,0.9075254201889038
1707,1,0.7577043175697327
1708,1,0.5065569281578064
1709,1,0.8624659776687622
1710,1,0.9491879343986511
1711,1,0.5581979751586914
1712,1,0.43207409977912903
1713,1,0.9010050296783447
1714,1,0.9371482729911804
1715,1,0.4839687943458557
1716,1,0.5335952639579773
1717,1,0.41589653491973877
1718,1,0.3893815577030182
1719,1,0.3758262097835541
1720,1,0.56734299659729
1721,1,0.510158360004425
1722,1,0.9023845195770264
1723,1,0.7676281332969666
1724,1,0.8921386003494263
1725,1,0.5381231904029846
1726,1,0.9127011299133301
1727,1,0.554885983467102
1728,1,0.9543687105178833
1729,1,0.9373252987861633
1730,1,0.8615095615386963
1731,1,0.38700994849205017
1732,1,0.9629745483398438
1733,1,0.8907933235168457
1734,1,0.8648297190666199
1735,1,0.8554203510284424
1736,1,0.34943079948425293
1737,1,0.44562414288520813
1738,1,0.9086579084396362
1739,1,0.8733229041099548
1740,1,0.8678687810897827
1741,1,0.9718947410583496
1742,1,0.574992835521698
1743,1,0.49067187309265137
1744,1,0.3942424952983856
1745,1,0.8722151517868042
1746,1,0.937343418598175
1747,1,0.9188053011894226
1748,1,0.3984585702419281
1749,1,0.9034573435783386
1750,1,0.6939629912376404
1751,1,0.9361953735351562
1752,1,0.9316155314445496
1753,1,0.8333641886711121
1754,1,0.9626107811927795
1755,1,0.8800564408302307
1756,1,0.9279525876045227
1757,1,0.26009348034858704
1758,1,0.4147160053253174
1759,1,0.8169627785682678
1760,1,0.8087421655654907
1761,1,0.882634699344635
1762,1,0.8608158826828003
1763,1,0.911311149597168
1764,1,0.7374662756919861
1765,1,0.6304453611373901
1766,1,0.963629424571991
1767,1,0.505499541759491
1768,1,0.9357316493988037
1769,1,0.9451168775558472
1770,1,0.8828156590461731
1771,1,0.8812348246574402
1772,1,0.7758263349533081
1773,1,0.9088103771209717
1774,1,0.5219368934631348
1775,1,0.9724730253219604
1776,1,0.8694344758987427
1777,1,0.7368830442428589
1778,1,0.8066178560256958
1779,1,0.9154180288314819
1780,1,0.5882053375244141
1781,1,0.9202378988265991
1782,1,0.67411869764328
1783,1,0.43975767493247986
1784,1,0.9266955256462097
1785,1,0.8483946323394775
1786,1,0.9629825949668884
1787,1,0.908757209777832
1788,1,0.9213939309120178
1789,1,0.9633430242538452
1790,1,0.7951967716217041
1791,1,0.8763687014579773
1792,1,0.5204392671585083
1793,1,0.8865464329719543
1794,1,0.9581798911094666
1795,1,0.764506995677948
1796,1,0.9043744802474976
1797,1,0.7549135088920593
1798,1,0.9553240537643433
1799,1,0.726529598236084
1800,1,0.7450836300849915
1801,1,0.7077977657318115
1802,1,0.4773131012916565
1803,1,0.8277801275253296
1804,1,0.4929732382297516
1805,1,0.6352117657661438
1806,1,0.4541963040828705
1807,1,0.9188840985298157
1808,1,0.7813214659690857
1809,1,0.8928326964378357
1810,1,0.5369873642921448
1811,1,0.3418325185775757
1812,1,0.7774465680122375
1813,1,0.6356934309005737
1814,1,0.9720011353492737
1815,1,0.9386134743690491
1816,1,0.7979951500892639
1817,1,0.7499210834503174
1818,1,0.9485887289047241
1819,1,0.8592488765716553
1820,1,0.6055675745010376
1821,1,0.4335380792617798
1822,1,0.5474266409873962
1823,1,0.734723687171936
1824,1,0.8381317853927612
1825,1,0.8439254760742188
1826,1,0.8095064759254456
1827,1,0.878272294998169
1828,1,0.9632176756858826
1829,1,0.8301801681518555
1830,1,0.9286569952964783
1831,1,0.6850243806838989
1832,1,0.6235480308532715
1833,1,0.7941973805427551
1834,1,0.9363664388656616
1835,1,0.5067406892776489
1836,1,0.9024860858917236
1837,1,0.9294816255569458
1838,1,0.6767874360084534
1839,1,0.5689221620559692
1840,1,0.5951407551765442
1841,1,0.5881437659263611
1842,1,0.5358025431632996
1843,1,0.6193123459815979
1844,1,0.6660028100013733
1845,1,0.5147187113761902
1846,1,0.5071549415588379
1847,1,0.944252073764801
1848,1,0.6636857390403748
1849,1,0.5128819942474365
1850,1,0.7488951086997986
1851,1,0.612386167049408
1852,1,0.7500161528587341
1853,1,0.7157419919967651
1854,1,0.8385505080223083
1855,1,0.9114671945571899
1856,1,0.8671380877494812
1857,1,0.9682015776634216
1858,1,0.6567243337631226
1859,1,0.9033608436584473
1860,1,0.6916423439979553
1861,1,0.6976513862609863
1862,1,0.873245894908905
1863,1,0.9453918933868408
1864,1,0.6636707186698914
1865,1,0.39667606353759766
1866,1,0.5511166453361511
1867,1,0.7555060982704163
1868,1,0.5527054071426392
1869,1,0.8359073996543884
1870,1,0.8665140271186829
1871,1,0.5717196464538574
1872,1,0.9119570851325989
1873,1,0.4193355441093445
1874,1,0.9415132403373718
1875,1,0.5487700700759888
1876,1,0.7812773585319519
1877,1,0.5504061579704285
1878,1,0.9472328424453735
1879,1,0.47230392694473267
1880,1,0.609103262424469
1881,1,0.4325852394104004
1882,1,0.35489416122436523
1883,1,0.383340060710907
1884,1,0.5073272585868835
1885,1,0.47518596053123474
1886,1,0.551056981086731
1887,1,0.4325920045375824
1888,1,0.4179017245769501
1889,1,0.6738710403442383
1890,1,0.6351593732833862
1891,1,0.43836674094200134
1892,1,0.38437387347221375
1893,1,0.5626028776168823
1894,1,0.8932107090950012
1895,1,0.7468065619468689
1896,1,0.5187426805496216
1897,1,0.8679929971694946
1898,1,0.06457415968179703
1899,1,0.893482506275177
1900,1,0.44537216424942017
1901,1,0.8625310063362122
1902,1,0.5729399919509888
1903,1,0.47088685631752014
1904,1,0.39689940214157104
1905,1,0.4299032688140869
1906,1,0.5387031435966492
1907,1,0.8667171001434326
1908,1,0.7153446674346924
1909,1,0.5913172960281372
1910,1,0.8198735117912292
1911,1,0.5479606986045837
1912,1,0.28830647468566895
1913,1,0.4864356517791748
1914,1,0.20435775816440582
1915,1,0.6760446429252625
1916,1,0.33231914043426514
1917,1,0.7081565260887146
1918,1,0.8426605463027954
1919,1,0.48272839188575745
1920,1,0.7556995153427124
1921,1,0.8241254091262817
1922,1,0.8141095638275146
1923,1,0.4289146959781647
1924,1,0.681084930896759
1925,1,0.9058984518051147
1926,1,0.901801586151123
1927,1,0.7263868451118469
1928,1,0.8254770040512085
1929,1,0.705791175365448
1930,1,0.9126712679862976
1931,1,0.9641873240470886
1932,1,0.8670232892036438
1933,1,0.9507284760475159
1934,1,0.9533458352088928
1935,1,0.9026448726654053
1936,1,0.5262238383293152
1937,1,0.4689655900001526
1938,1,0.5366398692131042
1939,1,0.8975867629051208
1940,1,0.943760097026825
1941,1,0.7302044630050659
1942,1,0.6736553311347961
1943,1,0.9261106848716736
1944,1,0.6569334864616394
1945,1,0.7008614540100098
1946,1,0.9124066829681396
1947,1,0.9734652638435364
1948,1,0.8950371742248535
1949,1,0.9041090607643127
1950,1,0.16890299320220947
1951,1,0.9652275443077087
1952,1,0.9457546472549438
1953,1,0.45200300216674805
1954,1,0.8192929029464722
1955,1,0.6311618685722351
1956,1,0.9081718325614929
1957,1,0.8400307297706604
1958,1,0.6631333827972412
1959,1,0.9369029998779297
1960,1,0.9271582365036011
1961,1,0.9378893375396729
1962,1,0.9420526027679443
1963,1,0.7527698874473572
1964,1,0.9452837705612183
1965,1,0.7330748438835144
1966,1,0.8590070009231567
1967,1,0.73333740234375
1968,1,0.9353161454200745
1969,1,0.8835096955299377
1970,1,0.8609321713447571
1971,1,0.6535716652870178
1972,1,0.8616523742675781
1973,1,0.5425214171409607
1974,1,0.9097638130187988
1975,1,0.7863721251487732
1976,1,0.921413242816925
1977,1,0.4542422592639923
1978,1,0.9104082584381104
1979,1,0.6736552715301514
1980,1,0.828463077545166
1981,1,0.4772714376449585
1982,1,0.4659670889377594
1983,1,0.5904986262321472
1984,1,0.3596912920475006
1985,1,0.19067434966564178
1986,1,0.5258664488792419
1987,1,0.6569964289665222
1988,1,0.49705687165260315
1989,1,0.293083131313324
1990,1,0.6373341083526611
1991,0,0.4544740319252014
1992,0,0.1752239465713501
1993,0,0.6555120944976807
1994,0,0.7246970534324646
1995,0,0.6657043099403381
1996,0,0.4881453514099121
1997,0,0.05853225663304329
1998,0,0.26085931062698364
1999,0,0.27334487438201904
2000,0,0.05776391550898552
2001,0,0.3508718013763428
2002,0,0.3621545732021332
2003,0,0.6238347887992859
2004,0,0.007825823500752449
2005,0,0.24387001991271973
2006,0,0.28114837408065796
2007,0,0.10769522190093994
2008,0,0.25584134459495544
2009,0,0.7517914772033691
2010,0,0.5400141477584839
2011,0,0.0885729044675827
2012,0,0.251333624124527
2013,0,0.3649515211582184
2014,0,0.6641116738319397
2015,0,0.5436250567436218
2016,0,0.6942710280418396
2017,0,0.3038031756877899
2018,0,0.25160640478134155
2019,0,0.43439263105392456
2020,0,0.19722744822502136
2021,0,0.653431236743927
2022,0,0.6418594717979431
2023,0,0.45416566729545593
2024,0,0.23268446326255798
2025,0,0.18710410594940186
2026,0,0.4215683043003082
2027,0,0.3169766068458557
2028,0,0.29369667172431946
2029,0,0.4229913651943207
2030,0,0.045721739530563354
2031,0,0.49079227447509766
2032,0,0.7956187725067139
2033,0,0.250421404838562
2034,0,0.21955393254756927
2035,0,0.2490950971841812
2036,0,0.057622671127319336
2037,0,0.12029577046632767
2038,0,0.5137850642204285
2039,0,0.6172905564308167
2040,0,0.5054000020027161
2041,0,0.2240017205476761
2042,0,0.1232367753982544
2043,0,0.6220059990882874
2044,0,0.4420417547225952
2045,0,0.2700078785419464
2046,0,0.02968917042016983
2047,0,0.4125765264034271
2048,0,0.5242409706115723
2049,0,0.3836349546909332
2050,0,0.08500757813453674
2051,0,0.38658711314201355
2052,0,0.5628427863121033
2053,0,0.27279603481292725
2054,0,0.11296914517879486
2055,0,0.18657638132572174
2056,0,0.26740455627441406
2057,0,0.7543291449546814
2058,0,0.42250344157218933
2059,0,0.5499124526977539
2060,0,0.5158137083053589
2061,0,0.2651578187942505
2062,0,0.2794225513935089
2063,0,0.47933679819107056
2064,0,0.7705594897270203
2065,0,0.06237459182739258
2066,0,0.054760273545980453
2067,0,0.32384899258613586
2068,0,0.2908041179180145
2069,0,0.2677954137325287
2070,0,0.4901202619075775
2071,0,0.19547225534915924
2072,0,0.6050379276275635
2073,0,0.2730845808982849
2074,0,0.009164507500827312
2075,0,0.2955760955810547
2076,0,0.13354898989200592
2077,0,0.4521278738975525
2078,0,0.425826758146286
2079,0,0.41263654828071594
2080,0,0.2761303782463074
2081,0,0.5980205535888672
2082,0,0.3162248432636261
2083,0,0.5233479738235474
2084,0,0.09583967924118042
2085,0,0.25343602895736694
2086,0,0.1870843470096588
2087,0,0.39399540424346924
2088,0,0.5520631074905396
2089,0,0.17259815335273743
2090,0,0.18170015513896942
2091,0,0.06427217274904251
2092,0,0.027851488441228867
2093,0,0.8017445206642151
2094,0,0.08876994997262955
2095,0,0.19484202563762665
2096,0,0.18272893130779266
2097,0,0.0985158309340477
2098,0,0.10373625159263611
2099,0,0.20766767859458923
2100,0,0.1968233734369278
2101,0,0.5156968832015991
2102,0,0.08479694277048111
2103,0,0.18352513015270233
2104,0,0.1362607628107071
2105,0,0.1672534942626953
2106,0,0.03297054395079613
2107,0,0.061313118785619736
2108,0,0.842484176158905
2109,0,0.2350376397371292
2110,0,0.2654917538166046
2111,0,0.16629208624362946
2112,0,0.2050311416387558
2113,0,0.19142888486385345
2114,0,0.4484991431236267
2115,0,0.622344970703125
2116,0,0.48294657468795776
2117,0,0.15183700621128082
2118,0,0.06557165086269379
2119,0,0.47806447744369507
2120,0,0.26354801654815674
2121,0,0.3092849850654602
2122,0,0.11948295682668686
2123,0,0.04526058956980705
2124,0,0.34735581278800964
2125,0,0.6319690346717834
2126,0,0.4998692572116852
2127,0,0.0572187677025795
2128,0,0.8699052929878235
2129,0,0.8594871163368225
2130,0,0.5380020141601562
2131,0,0.5774479508399963
2132,0,0.2799419164657593
2133,0,0.28309133648872375
2134,0,0.5151575207710266
2135,0,0.4642094373703003
2136,0,0.4716736972332001
2137,0,0.5133389830589294
2138,0,0.8521500825881958
2139,0,0.3395530581474304
2140,0,0.0828104093670845
2141,0,0.5293066501617432
2142,0,0.39832350611686707
2143,0,0.2678452134132385
2144,0,0.2673477232456207
2145,0,0.5708303451538086
2146,0,0.8893570899963379
2147,0,0.6926559805870056
2148,0,0.4800300598144531
2149,0,0.4493652284145355
2150,0,0.5074372291564941
2151,0,0.101389080286026
2152,0,0.49438098073005676
2153,0,0.22582027316093445
2154,0,0.390177845954895
2155,0,0.23075254261493683
2156,0,0.2986719012260437
2157,0,0.15682829916477203
2158,0,0.5462732911109924
2159,0,0.19463390111923218
2160,0,0.47013530135154724
2161,0,0.6067484617233276
2162,0,0.4112171530723572
2163,0,0.30015596747398376
2164,0,0.17119409143924713
2165,0,0.8510202765464783
2166,0,0.3975357711315155
2167,0,0.09904821217060089
2168,0,0.4662598669528961
2169,0,0.351044237613678
2170,0,0.20834319293498993
2171,0,0.2789194881916046
2172,0,0.4861144721508026
2173,0,0.5691037178039551
2174,0,0.035901352763175964
2175,0,0.27135738730430603
2176,0,0.24208451807498932
2177,0,0.19258743524551392
2178,0,0.4221882224082947
2179,0,0.1799190193414688
2180,0,0.5828722715377808
2181,0,0.09883300960063934
2182,0,0.22149379551410675
2183,0,0.16914787888526917
2184,0,0.4784088432788849
2185,0,0.4244006276130676
2186,0,0.0362090989947319
2187,0,0.3600114583969116
2188,0,0.3777260482311249
2189,0,0.4858119487762451
2190,0,0.2023840993642807
2191,0,0.24589461088180542
2192,0,0.14231210947036743
2193,0,0.537895143032074
2194,0,0.40427330136299133
2195,0,0.11771507561206818
2196,0,0.4108141362667084
2197,0,0.4239031672477722
2198,0,0.2660788595676422
2199,0,0.3477799892425537
2200,0,0.05572278052568436
2201,0,0.4370088279247284
2202,0,0.0528787225484848
2203,0,0.06073838099837303
2204,0,0.4534263014793396
2205,0,0.6017178893089294
2206,0,0.7365621328353882
2207,0,0.44537216424942017
2208,0,0.3128938674926758
2209,0,0.3117310404777527
2210,0,0.11612165719270706
2211,0,0.2663518190383911
2212,0,0.2060285061597824
2213,0,0.5187157988548279
2214,0,0.8730016350746155
2215,0,0.018838517367839813
2216,0,0.019869236275553703
2217,0,0.4402098059654236
2218,0,0.4203072488307953
2219,0,0.10378032922744751
2220,0,0.1815175861120224
2221,0,0.640136182308197
2222,0,0.15331526100635529
2223,0,0.46651557087898254
2224,0,0.7167795896530151
2225,0,0.20644636452198029
2226,0,0.012112868949770927
2227,0,0.13237561285495758
2228,0,0.349449098110199
2229,0,0.6810662150382996
2230,0,0.41025304794311523
2231,0,0.4910023510456085
2232,0,0.20569850504398346
2233,0,0.6987035274505615
2234,0,0.17205606400966644
2235,0,0.5789346694946289
2236,0,0.21317541599273682
2237,0,0.18069303035736084
2238,0,0.40017130970954895
2239,0,0.2170403152704239
2240,0,0.204739511013031
2241,0,0.18401838839054108
2242,0,0.0715441107749939
2243,0,0.9120177626609802
2244,0,0.546713650226593
2245,0,0.16619238257408142
2246,0,0.20781567692756653
2247,0,0.5492563247680664
2248,0,0.35471925139427185
2249,0,0.057089440524578094
2250,0,0.3948490619659424
2251,0,0.4679555296897888
2252,0,0.15731696784496307
2253,0,0.06601566821336746
2254,0,0.2521139681339264
2255,0,0.44656240940093994
2256,0,0.16863131523132324
2257,0,0.1992138773202896
2258,0,0.46453872323036194
2259,0,0.5138774514198303
2260,0,0.1250799298286438
2261,0,0.8634080290794373
2262,0,0.16389207541942596
2263,0,0.1783166080713272
2264,0,0.4412429928779602
2265,0,0.5427836179733276
2266,0,0.06370176374912262
2267,0,0.1546442210674286
2268,0,0.6065553426742554
2269,0,0.213652104139328
2270,0,0.623696506023407
2271,0,0.39644837379455566
2272,0,0.07360462099313736
2273,0,0.15113018453121185
2274,0,0.11708620190620422
2275,0,0.7135025262832642
2276,0,0.5046924948692322
2277,0,0.3491923213005066
2278,0,0.43668460845947266
2279,0,0.5856436491012573
2280,0,0.05913553759455681
2281,0,0.20113666355609894
2282,0,0.2949802875518799
2283,0,0.38144707679748535
2284,0,0.43474137783050537
2285,0,0.09582279622554779
2286,0,0.7963171005249023
2287,0,0.1802540421485901
2288,0,0.5257154703140259
2289,0,0.2501434087753296
2290,0,0.18541398644447327
2291,0,0.4450528919696808
2292,0,0.7543663382530212
2293,0,0.2937416136264801
2294,0,0.1394749879837036
2295,0,0.6018720269203186
2296,0,0.38747191429138184
2297,0,0.4507763087749481
2298,0,0.5484216213226318
2299,0,0.19416001439094543
2300,0,0.6329118013381958
2301,0,0.4928784668445587
2302,0,0.30573439598083496
2303,0,0.3679308295249939
2304,0,0.3491605818271637
2305,0,0.5733232498168945
2306,0,0.2865671217441559
2307,0,0.0922030434012413
2308,0,0.045100513845682144
2309,0,0.25244656205177307
2310,0,0.31609290838241577
2311,0,0.1351197212934494
2312,0,0.13521762192249298
2313,0,0.3216497302055359
2314,0,0.4114627242088318
2315,0,0.43079668283462524
2316,0,0.17487704753875732
2317,0,0.03694286197423935
2318,0,0.4885813593864441
2319,0,0.5555073022842407
2320,0,0.2162158191204071
2321,0,0.3125918209552765
2322,0,0.3549704849720001
2323,0,0.2884913682937622
2324,0,0.058456845581531525
2325,0,0.7313201427459717
2326,0,0.3035608232021332
2327,0,0.266654908657074
2328,0,0.24420659244060516
2329,0,0.4806058406829834
2330,0,0.020516464486718178
2331,0,0.2843438684940338
2332,0,0.5775853395462036
2333,0,0.3002852499485016
2334,0,0.16953343152999878
2335,0,0.5090100169181824
2336,0,0.6003100872039795
2337,0,0.03776650130748749
2338,0,0.5344827175140381
2339,0,0.5816211700439453
2340,0,0.5304586291313171
2341,0,0.5806607604026794
2342,0,0.1777963936328888
2343,0,0.40606924891471863
2344,0,0.31936830282211304
2345,0,0.7166472673416138
2346,0,0.1706661880016327
2347,0,0.599648118019104
2348,0,0.0985080674290657
2349,0,0.4228716492652893
2350,0,0.24686852097511292
2351,0,0.13956862688064575
2352,0,0.09092425554990768
2353,0,0.20028872787952423
2354,0,0.05971090868115425
2355,0,0.4912801682949066
2356,0,0.2273300439119339
2357,0,0.2117510586977005
2358,0,0.44273635745048523
2359,0,0.38195934891700745
2360,0,0.057535525411367416
2361,0,0.3914560377597809
2362,0,0.13805267214775085
2363,0,0.2685146927833557
2364,0,0.5113300085067749
2365,0,0.1668345034122467
2366,0,0.07175805419683456
2367,0,0.8413299918174744
2368,0,0.6147240996360779
2369,0,0.47049829363822937
2370,0,0.07618466019630432
2371,0,0.6875861883163452
2372,0,0.21994665265083313
2373,0,0.5085499286651611
2374,0,0.17208905518054962
2375,0,0.03685130551457405
2376,0,0.4371984004974365
2377,0,0.5289514064788818
2378,0,0.24198049306869507
2379,0,0.5642147064208984
2380,0,0.039055805653333664
2381,0,0.23634718358516693
2382,0,0.013837589882314205
2383,0,0.038740597665309906
2384,0,0.09595760703086853
2385,0,0.13712751865386963
2386,0,0.21238508820533752
2387,0,0.12237510830163956
2388,0,0.595791757106781
2389,0,0.40239042043685913
2390,0,0.7092759609222412
2391,0,0.5382425785064697
2392,0,0.7562072277069092
2393,0,0.8902612924575806
2394,0,0.21212957799434662
2395,0,0.0927172303199768
2396,0,0.45539265871047974
2397,0,0.05468420684337616
2398,0,0.43258896470069885
2399,0,0.29105618596076965
2400,0,0.07205206900835037
2401,0,0.17898277938365936
2402,0,0.3057202100753784
2403,0,0.22151944041252136
2404,0,0.4401642084121704
2405,0,0.3108896017074585
2406,0,0.5210739374160767
2407,0,0.4677117168903351
2408,0,0.6097341179847717
2409,0,0.2562256157398224
2410,0,0.48120251297950745
2411,0,0.5085147619247437
2412,0,0.15385529398918152
2413,0,0.14012382924556732
2414,0,0.4438401460647583
2415,0,0.020268544554710388
2416,0,0.0961054265499115
2417,0,0.8021489977836609
2418,0,0.12046319991350174
2419,0,0.18587583303451538
2420,0,0.4300713837146759
2421,0,0.3445071280002594
2422,0,0.4262053668498993
2423,0,0.12089455127716064
2424,0,0.3043874204158783
2425,0,0.6302348971366882
2426,0,0.5914756655693054
2427,0,0.07925335317850113
2428,0,0.30927175283432007
2429,0,0.11004152148962021
2430,0,0.5004347562789917
2431,0,0.3145814538002014
2432,0,0.28414300084114075
2433,0,0.2382262647151947
2434,0,0.6333782076835632
2435,0,0.2721306085586548
2436,0,0.08233825117349625
2437,0,0.5632397532463074
2438,0,0.45150816440582275
2439,0,0.6301912665367126
2440,0,0.1390617936849594
2441,0,0.204040989279747
2442,0,0.25397172570228577
2443,0,0.6089305877685547
2444,0,0.20399299263954163
2445,0,0.5139762163162231
2446,0,0.4935413599014282
2447,0,0.23881597816944122
2448,0,0.3727964162826538
2449,0,0.07783505320549011
2450,0,0.34016507863998413
2451,0,0.024971453472971916
2452,0,0.3838789761066437
2453,0,0.2659151554107666
2454,0,0.24904946982860565
2455,0,0.40017130970954895
2456,0,0.8047949075698853
2457,0,0.24912142753601074
2458,0,0.48712968826293945
2459,0,0.6497822999954224
2460,0,0.24410273134708405
2461,0,0.5093833208084106
2462,0,0.33055806159973145
2463,0,0.057421281933784485
2464,0,0.502422034740448
2465,0,0.7654943466186523
2466,0,0.9159858822822571
2467,0,0.45188379287719727
2468,0,0.4228641390800476
2469,0,0.06355378776788712
2470,0,0.6717220544815063
2471,0,0.5061520338058472
2472,0,0.5339182019233704
2473,0,0.654334545135498
2474,0,0.4818119406700134
2475,0,0.40247878432273865
2476,0,0.35190704464912415
2477,0,0.40175455808639526
2478,0,0.554290771484375
2479,0,0.6418118476867676
2480,0,0.21143096685409546
2481,0,0.07471074163913727
2482,0,0.46149879693984985
2483,0,0.10488170385360718
2484,0,0.4143426716327667
2485,0,0.3859412670135498
2486,0,0.1512107104063034
2487,0,0.3410339057445526
2488,0,0.07229455560445786
2489,0,0.04392449930310249
2490,0,0.4631315767765045
2491,0,0.4518517553806305
2492,0,0.5595117211341858
2493,0,0.5221525430679321
2494,0,0.3564102351665497
2495,0,0.1362893134355545
2496,0,0.4925374388694763
2497,0,0.43612486124038696
2498,0,0.38221776485443115
2499,0,0.46691370010375977
2500,0,0.1747753769159317
2501,0,0.23224006593227386
2502,0,0.3717036247253418
2503,0,0.06810058653354645
2504,0,0.05263938382267952
2505,0,0.17690564692020416
2506,0,0.08159204572439194
2507,0,0.34608402848243713
2508,0,0.1923828125
2509,0,0.04112758859992027
2510,0,0.29440420866012573
2511,0,0.046402979642152786
2512,0,0.07809196412563324
2513,0,0.7321584224700928
2514,0,0.4233604669570923
2515,0,0.5359603762626648
2516,0,0.4994625747203827
2517,0,0.5609460473060608
2518,0,0.4519917964935303
2519,0,0.012481709010899067
2520,0,0.19533365964889526
2521,0,0.07542558014392853
2522,0,0.030370991677045822
2523,0,0.15045461058616638
2524,0,0.41079798340797424
2525,0,0.37643760442733765
2526,0,0.051999785006046295
2527,0,0.1724914014339447
2528,0,0.32109755277633667
2529,0,0.20754079520702362
2530,0,0.08525768667459488
2531,0,0.27932649850845337
2532,0,0.19890983402729034
2533,0,0.32066312432289124
2534,0,0.04414813220500946
2535,0,0.055932823568582535
2536,0,0.457487016916275
2537,0,0.2544529438018799
2538,0,0.20342698693275452
2539,0,0.6845118999481201
2540,0,0.006308769341558218
2541,0,0.8503290414810181
2542,0,0.22566527128219604
2543,0,0.4847407341003418
2544,0,0.2805039882659912
2545,0,0.04338464513421059
2546,0,0.1369987279176712
2547,0,0.041917260736227036
2548,0,0.4450528919696808
2549,0,0.04927126690745354
2550,0,0.5393228530883789
2551,0,0.11939463764429092
2552,0,0.6791771054267883
2553,0,0.3957314193248749
2554,0,0.5035997629165649
2555,0,0.5624638199806213
2556,0,0.15563185513019562
2557,0,0.048096150159835815
2558,0,0.5620284080505371
2559,0,0.5021302103996277
2560,0,0.23461949825286865
2561,0,0.4893127679824829
2562,0,0.3589814305305481
2563,0,0.08474331349134445
2564,0,0.7443385124206543
2565,0,0.4565370976924896
2566,0,0.2543514370918274
2567,0,0.40902337431907654
2568,0,0.31829866766929626
2569,0,0.4661577343940735
2570,0,0.05516814813017845
2571,0,0.3555736541748047
2572,0,0.11462833732366562
2573,0,0.46749359369277954
2574,0,0.17098908126354218
2575,0,0.1858358532190323
2576,0,0.535561203956604
2577,0,0.5058969855308533
2578,0,0.24032583832740784
2579,0,0.13921833038330078
2580,0,0.26685085892677307
2581,0,0.5399913787841797
2582,0,0.48300406336784363
2583,0,0.12151730805635452
2584,0,0.5185890793800354
2585,0,0.367847740650177
2586,0,0.9316248297691345
2587,0,0.9413604736328125
2588,0,0.06515234708786011
2589,0,0.4326950013637543
2590,0,0.6843966841697693
2591,0,0.5343137383460999
2592,0,0.0728711262345314
2593,0,0.1929718405008316
2594,0,0.6542328000068665
2595,0,0.7559366226196289
2596,0,0.7754112482070923
2597,0,0.41991984844207764
2598,0,0.15558135509490967
2599,0,0.24388907849788666
2600,0,0.24991849064826965
2601,0,0.46214064955711365
2602,0,0.5176070332527161
2603,0,0.24845057725906372
2604,0,0.5442465543746948
2605,0,0.21854038536548615
2606,0,0.4911864399909973
2607,0,0.8955119848251343
2608,0,0.2704226076602936
2609,0,0.14823944866657257
2610,0,0.27212679386138916
2611,0,0.016688764095306396
2612,0,0.8454287052154541
2613,0,0.5201443433761597
2614,0,0.31378811597824097
2615,0,0.4405026435852051
2616,0,0.5414850115776062
2617,0,0.3522459864616394
2618,0,0.3550099730491638
2619,0,0.5042352676391602
2620,0,0.4833376407623291
2621,0,0.4289192855358124
2622,0,0.5724681615829468
2623,0,0.1693434715270996
2624,0,0.46065548062324524
2625,0,0.6626389622688293
2626,0,0.4999907612800598
2627,0,0.11317224055528641
2628,0,0.7456760406494141
2629,0,0.12418638914823532
2630,0,0.25783032178878784
2631,0,0.4375241994857788
2632,0,0.45749813318252563
2633,0,0.6000902652740479
2634,0,0.2596956491470337
2635,0,0.22619470953941345
2636,0,0.31293004751205444
2637,0,0.03771350532770157
2638,0,0.6133589744567871
2639,0,0.5192840099334717
2640,0,0.8121306300163269
2641,0,0.6411590576171875
2642,0,0.3728429079055786
2643,0,0.17382223904132843
2644,0,0.5728822946548462
2645,0,0.03328073024749756
2646,0,0.3150552809238434
2647,0,0.45749813318252563
2648,0,0.577198326587677
2649,0,0.10446757078170776
2650,0,0.10040423274040222
2651,0,0.4335675537586212
2652,0,0.26151546835899353
2653,0,0.6641079783439636
2654,0,0.31049197912216187
2655,0,0.1757286936044693
2656,0,0.4091354012489319
2657,0,0.16723139584064484
2658,0,0.08433901518583298
2659,0,0.12190119177103043
2660,0,0.17897793650627136
2661,0,0.10724540054798126
2662,0,0.05430220440030098
2663,0,0.11074966937303543
2664,0,0.03317821025848389
2665,0,0.46093273162841797
2666,0,0.5667231678962708
2667,0,0.4764362871646881
2668,0,0.38404130935668945
2669,0,0.09910015761852264
2670,0,0.7659444212913513
2671,0,0.4518517553806305
2672,0,0.25201037526130676
2673,0,0.030940944328904152
2674,0,0.24838325381278992
2675,0,0.3930527865886688
2676,0,0.5026800036430359
2677,0,0.14483660459518433
2678,0,0.45749813318252563
2679,0,0.521093487739563
2680,0,0.38114914298057556
2681,0,0.3754175305366516
2682,0,0.10728678852319717
2683,0,0.5032315850257874
2684,0,0.4721628725528717
2685,0,0.43581894040107727
2686,0,0.02632438763976097
2687,0,0.9451867341995239
2688,0,0.6614891886711121
2689,0,0.4844420850276947
2690,0,0.09311090409755707
2691,0,0.4893658757209778
2692,0,0.15633410215377808
2693,0,0.27290359139442444
2694,0,0.6905969977378845
2695,0,0.33762696385383606
2696,0,0.8719635009765625
2697,0,0.34340307116508484
2698,0,0.1279865801334381
2699,0,0.39441153407096863
2700,0,0.2483666092157364
2701,0,0.13241277635097504
2702,0,0.32017430663108826
2703,0,0.8015019297599792
2704,0,0.4856514036655426
2705,0,0.37615352869033813
2706,0,0.21355047821998596
2707,0,0.11343469470739365
2708,0,0.6541451215744019
2709,0,0.23102450370788574
2710,0,0.32385900616645813
2711,0,0.05586317926645279
2712,0,0.1558590829372406
2713,0,0.586864709854126
2714,0,0.16687656939029694
2715,0,0.8664738535881042
2716,0,0.6360506415367126
2717,0,0.6899080872535706
2718,0,0.3051505982875824
2719,0,0.20107898116111755
2720,0,0.19418978691101074
2721,0,0.17257457971572876
2722,0,0.08272603154182434
2723,0,0.5396164655685425
2724,0,0.08956609666347504
2725,0,0.8153138160705566
2726,0,0.45522332191467285
2727,0,0.4917728304862976
2728,0,0.4860379099845886
2729,0,0.28044408559799194
2730,0,0.4324926435947418
2731,0,0.08858838677406311
2732,0,0.18433672189712524
2733,0,0.1195339560508728
2734,0,0.06309500336647034
2735,0,0.4753955900669098
2736,0,0.1443871259689331
2737,0,0.5162498950958252
2738,0,0.34686800837516785
2739,0,0.42465734481811523
2740,0,0.15531998872756958
2741,0,0.4619949162006378
2742,0,0.42827656865119934
2743,0,0.22865711152553558
2744,0,0.3067968189716339
2745,0,0.7479153275489807
2746,0,0.14577575027942657
2747,0,0.2456761747598648
2748,0,0.399096816778183
2749,0,0.1717521697282791
2750,0,0.2597905099391937
2751,0,0.14084072411060333
2752,0,0.4893658757209778
2753,0,0.48462042212486267
2754,0,0.026177141815423965
2755,0,0.5064308047294617
2756,0,0.23486222326755524
2757,0,0.31761157512664795
2758,0,0.2590387165546417
2759,0,0.40173229575157166
2760,0,0.49789828062057495
2761,0,0.3057763874530792
2762,0,0.746162474155426
2763,0,0.33941617608070374
2764,0,0.2649071514606476
2765,0,0.35530412197113037
2766,0,0.25421807169914246
2767,0,0.4378392696380615
2768,0,0.029712704941630363
2769,0,0.9236693382263184
2770,0,0.7716730237007141
2771,0,0.055778272449970245
2772,0,0.2821316421031952
2773,0,0.3410183787345886
2774,0,0.2570655941963196
2775,0,0.1319817155599594
2776,0,0.2263202965259552
2777,0,0.4714406728744507
2778,0,0.8748689293861389
2779,0,0.14476308226585388
2780,0,0.14462505280971527
2781,0,0.07125147432088852
2782,0,0.10197584331035614
2783,0,0.42878028750419617
2784,0,0.5748312473297119
2785,0,0.7152671813964844
2786,0,0.1455424278974533
2787,0,0.42664462327957153
2788,0,0.9136435985565186
2789,0,0.07381502538919449
2790,0,0.3380993902683258
2791,0,0.5355731248855591
2792,0,0.4556030035018921
2793,0,0.15224801003932953
2794,0,0.6602030992507935
2795,0,0.04186077043414116
2796,0,0.11522815376520157
2797,0,0.523193895816803
2798,0,0.21297802031040192
2799,0,0.22425132989883423
2800,0,0.4520402252674103
2801,0,0.6146823167800903
2802,0,0.6313698291778564
2803,0,0.09561239182949066
2804,0,0.5147134065628052
2805,0,0.12669388949871063
2806,0,0.2818935811519623
2807,0,0.1302495300769806
2808,0,0.15773455798625946
2809,0,0.5130170583724976
2810,0,0.2297964245080948
2811,0,0.5462567210197449
2812,0,0.430029034614563
2813,0,0.20095744729042053
2814,0,0.34103870391845703
2815,0,0.4591088891029358
2816,0,0.5382623076438904
2817,0,0.11961773782968521
2818,0,0.29222530126571655
2819,0,0.8474177122116089
2820,0,0.267644464969635
2821,0,0.012242797762155533
2822,0,0.2532113194465637
2823,0,0.05782975256443024
2824,0,0.5142386555671692
2825,0,0.5070434808731079
2826,0,0.12563304603099823
2827,0,0.2489451766014099
2828,0,0.8545912504196167
2829,0,0.40474390983581543
2830,0,0.27285900712013245
2831,0,0.41460883617401123
2832,0,0.016011085361242294
2833,0,0.6314359307289124
2834,0,0.5323735475540161
2835,0,0.04380987584590912
2836,0,0.1659584790468216
2837,0,0.6120659708976746
2838,0,0.5998513102531433
2839,0,0.15880584716796875
2840,0,0.381893128156662
2841,0,0.06941290199756622
2842,0,0.6002081036567688
2843,0,0.03913841396570206
2844,0,0.6171921491622925
2845,0,0.04236022010445595
2846,0,0.9448909759521484
2847,0,0.15336176753044128
2848,0,0.3104977011680603
2849,0,0.2964819371700287
2850,0,0.16520878672599792
2851,0,0.05926460400223732
2852,0,0.08608537167310715
2853,0,0.5210793018341064
2854,0,0.17147944867610931
2855,0,0.4629116952419281
2856,0,0.12775227427482605
2857,0,0.8830740451812744
2858,0,0.5600976347923279
2859,0,0.16201680898666382
2860,0,0.12863007187843323
2861,0,0.8872961401939392
2862,0,0.6458634734153748
2863,0,0.11766036599874496
2864,0,0.17972815036773682
2865,0,0.12785951793193817
2866,0,0.6917563676834106
2867,0,0.7662909030914307
2868,0,0.26598265767097473
2869,0,0.8768619894981384
2870,0,0.5241429209709167
2871,0,0.42124271392822266
2872,0,0.15621721744537354
2873,0,0.2767605483531952
2874,0,0.4450528919696808
2875,0,0.22705169022083282
2876,0,0.13466373085975647
2877,0,0.12164563685655594
2878,0,0.21361486613750458
2879,0,0.5595560073852539
2880,0,0.12951095402240753
2881,0,0.46446099877357483
2882,0,0.25080475211143494
2883,0,0.4190279543399811
2884,0,0.11699671298265457
2885,0,0.49362966418266296
2886,0,0.4462236166000366
2887,0,0.5450055003166199
2888,0,0.05640462785959244
2889,0,0.3690517246723175
2890,0,0.1352701187133789
2891,0,0.20787453651428223
2892,0,0.5110427737236023
2893,0,0.6047460436820984
2894,0,0.7288202047348022
2895,0,0.4450528919696808
2896,0,0.39420831203460693
2897,0,0.06541112810373306
2898,0,0.20851987600326538
2899,0,0.26513099670410156
2900,0,0.4920048415660858
2901,0,0.132528617978096
2902,0,0.17234693467617035
2903,0,0.5800580978393555
2904,0,0.16798575222492218
2905,0,0.22589823603630066
2906,0,0.506690502166748
2907,0,0.44390031695365906
2908,0,0.1244732216000557
2909,0,0.8794680237770081
2910,0,0.35686057806015015
2911,0,0.06633754819631577
2912,0,0.45461714267730713
2913,0,0.9296098947525024
2914,0,0.4797891080379486
2915,0,0.1837349385023117
2916,0,0.06560217589139938
2917,0,0.01362800132483244
2918,0,0.3488551676273346
2919,0,0.9131047129631042
2920,0,0.4697839021682739
2921,0,0.4390144944190979
2922,0,0.45302441716194153
2923,0,0.14732106029987335
2924,0,0.11132427304983139
2925,0,0.0612809844315052
2926,0,0.3996678590774536
2927,0,0.17394128441810608
2928,0,0.45018917322158813
2929,0,0.13440389931201935
2930,0,0.5775004625320435
2931,0,0.5942222476005554
2932,0,0.5363692045211792
2933,0,0.12773731350898743
2934,0,0.17789264023303986
2935,0,0.36244234442710876
2936,0,0.4893658757209778
2937,0,0.1600729376077652
2938,0,0.5555090308189392
2939,0,0.053120192140340805
2940,0,0.3450234532356262
2941,0,0.19717730581760406
2942,0,0.7114089727401733
2943,0,0.15809465944766998
2944,0,0.39409542083740234
2945,0,0.5234527587890625
2946,0,0.5605510473251343
2947,0,0.5690515041351318
2948,0,0.3367290794849396
2949,0,0.022613389417529106
2950,0,0.0965232402086258
2951,0,0.5299123525619507
2952,0,0.18790118396282196
2953,0,0.01819111965596676
2954,0,0.14926376938819885
2955,0,0.5613805055618286
2956,0,0.14965523779392242
2957,0,0.40826332569122314
2958,0,0.19597528874874115
2959,0,0.48570674657821655
2960,0,0.40017130970954895
2961,0,0.030606606975197792
2962,0,0.8866672515869141
2963,0,0.20566989481449127
2964,0,0.5520365238189697
2965,0,0.47502633929252625
2966,0,0.06272963434457779
2967,0,0.42596715688705444
2968,0,0.6174755692481995
2969,0,0.6943213939666748
2970,0,0.2217225581407547
2971,0,0.49754589796066284
2972,0,0.4893658757209778
2973,0,0.2990369200706482
2974,0,0.3313968777656555
2975,0,0.5529676675796509
2976,0,0.08637059479951859
2977,0,0.40263503789901733
2978,0,0.4940043091773987
2979,0,0.5352868437767029
2980,0,0.18631795048713684
2981,0,0.5167238712310791
2982,0,0.4012465476989746
2983,0,0.15576297044754028
2984,0,0.49001672863960266
2985,0,0.3639374375343323
2986,0,0.6069789528846741
2987,0,0.7406455278396606
2988,0,0.05059928074479103
2989,0,0.5822482109069824
2990,0,0.6563032269477844
2991,0,0.4823407530784607
2992,0,0.08477874100208282
2993,0,0.16561928391456604
2994,0,0.3223206698894501
2995,0,0.4418307840824127
2996,0,0.38973769545555115
2997,0,0.531434178352356
2998,0,0.37894943356513977
2999,0,0.4518517553806305
3000,0,0.5202900171279907
3001,0,0.21478015184402466
3002,0,0.44438159465789795
3003,0,0.31587278842926025
3004,0,0.34507104754447937
3005,0,0.6067704558372498
3006,0,0.021492360159754753
3007,0,0.37841230630874634
3008,0,0.2701379656791687
3009,0,0.1199062168598175
3010,0,0.4955782890319824
3011,0,0.520295262336731
3012,0,0.19467993080615997
3013,0,0.054391443729400635
3014,0,0.1475437730550766
3015,0,0.7837964296340942
3016,0,0.13034063577651978
3017,0,0.21936611831188202
3018,0,0.46631428599357605
3019,0,0.2212400883436203
3020,0,0.6160826086997986
3021,0,0.8557402491569519
3022,0,0.1326724886894226
3023,0,0.21681101620197296
3024,0,0.45812511444091797
3025,0,0.3198026418685913
3026,0,0.18057318031787872
3027,0,0.1317255049943924
3028,0,0.5897775888442993
3029,0,0.04545672610402107
3030,0,0.12487691640853882
3031,0,0.6144792437553406
3032,0,0.4087696373462677
3033,0,0.043122466653585434
3034,0,0.6808484792709351
3035,0,0.7132226228713989
3036,0,0.47031596302986145
3037,0,0.477998822927475
3038,0,0.30488571524620056
3039,0,0.3912157714366913
3040,0,0.24354052543640137
3041,0,0.43930748105049133
3042,0,0.3414917290210724
3043,0,0.6571895480155945
3044,0,0.244942307472229
3045,0,0.10419091582298279
3046,0,0.29125121235847473
3047,0,0.06093621626496315
3048,0,0.733723521232605
3049,0,0.5414127707481384
3050,0,0.2710404098033905
3051,0,0.023305896669626236
3052,0,0.01978588104248047
3053,0,0.5190119743347168
3054,0,0.20281022787094116
3055,0,0.5298939943313599
3056,0,0.2515856921672821
3057,0,0.30573129653930664
3058,0,0.28202664852142334
3059,0,0.024268044158816338
3060,0,0.45573684573173523
3061,0,0.36155667901039124
3062,0,0.4401415288448334
3063,0,0.1804511994123459
3064,0,0.08458588272333145
3065,0,0.06559962034225464
3066,0,0.4335257112979889
3067,0,0.12130862474441528
3068,0,0.53449547290802
3069,0,0.4847491979598999
3070,0,0.12419713288545609
3071,0,0.21993404626846313
3072,0,0.11247815191745758
3073,0,0.20537953078746796
3074,0,0.944181501865387
3075,0,0.04110829159617424
3076,0,0.06569337099790573
3077,0,0.41073980927467346
3078,0,0.6582958698272705
3079,0,0.3771723806858063
3080,0,0.14244045317173004
3081,0,0.28420430421829224
3082,0,0.5812863111495972
3083,0,0.48763638734817505
3084,0,0.13526098430156708
3085,0,0.634545624256134
3086,0,0.12401551753282547
3087,0,0.13579945266246796
3088,0,0.4867050051689148
3089,0,0.7001363039016724
3090,0,0.3480242192745209
3091,0,0.3148110508918762
3092,0,0.13416999578475952
3093,0,0.5079410672187805
3094,0,0.15815959870815277
3095,0,0.42197245359420776
3096,0,0.5232616066932678
3097,0,0.08682872354984283
3098,0,0.3004363477230072
3099,0,0.8886069655418396
3100,0,0.8759276866912842
3101,0,0.12839582562446594
3102,0,0.5325425863265991
3103,0,0.42720022797584534
3104,0,0.443645179271698
3105,0,0.2056596577167511
3106,0,0.62431800365448
3107,0,0.23173514008522034
3108,0,0.6403745412826538
3109,0,0.4173750877380371
3110,0,0.41760313510894775
3111,0,0.7559286952018738
3112,0,0.2583449184894562
3113,0,0.4079624116420746
3114,0,0.21622620522975922
3115,0,0.10079414397478104
3116,0,0.9264304041862488
3117,0,0.37449419498443604
3118,0,0.8100432753562927
3119,0,0.9319420456886292
3120,0,0.20509149134159088
3121,0,0.2844822108745575
3122,0,0.07894207537174225
3123,0,0.43496644496917725
3124,0,0.20313003659248352
3125,0,0.23674744367599487
3126,0,0.06329340487718582
3127,0,0.14279979467391968
3128,0,0.7019156813621521
3129,0,0.6831710934638977
3130,0,0.16897298395633698
3131,0,0.36933255195617676
3132,0,0.4094662070274353
3133,0,0.41969674825668335
3134,0,0.05913982167840004
3135,0,0.03109324723482132
3136,0,0.44537216424942017
3137,0,0.9706668853759766
3138,0,0.3629263639450073
3139,0,0.68696528673172
3140,0,0.502078115940094
3141,0,0.07640140503644943
3142,0,0.23289436101913452
3143,0,0.24806882441043854
3144,0,0.08066376298666
3145,0,0.07890000939369202
3146,0,0.29507678747177124
3147,0,0.11230078339576721
3148,0,0.2292996346950531
3149,0,0.1316877007484436
3150,0,0.8459359407424927
3151,0,0.2818324863910675
3152,0,0.2278791218996048
3153,0,0.2703951895236969
3154,0,0.3283999264240265
3155,0,0.4929458796977997
3156,0,0.43313872814178467
3157,0,0.4549539387226105
3158,0,0.03923551365733147
3159,0,0.12428949028253555
3160,0,0.49477842450141907
3161,0,0.3560560643672943
3162,0,0.10782615095376968
3163,0,0.4694993197917938
3164,0,0.14460448920726776
3165,0,0.3554489016532898
3166,0,0.03557160124182701
3167,0,0.42473742365837097
3168,0,0.3360275626182556
3169,0,0.4769648015499115
3170,0,0.2700299918651581
3171,0,0.4947706162929535
3172,0,0.040270280092954636
3173,0,0.3654879629611969
3174,0,0.38751983642578125
3175,0,0.02990270033478737
3176,0,0.2354203760623932
3177,0,0.13700734078884125
3178,0,0.6638736128807068
3179,0,0.8935059309005737
3180,0,0.16827096045017242
3181,0,0.23750849068164825
3182,0,0.2215738296508789
3183,0,0.04856204241514206
3184,0,0.4236120581626892
3185,0,0.27459901571273804
3186,0,0.4002436399459839
3187,0,0.13577766716480255
3188,0,0.09937558323144913
3189,0,0.45749813318252563
3190,0,0.21083256602287292
3191,0,0.3571971356868744
3192,0,0.16041868925094604
3193,0,0.27824705839157104
3194,0,0.5061234831809998
3195,0,0.12116318196058273
3196,0,0.3491889536380768
3197,0,0.06130261719226837
3198,0,0.5898994207382202
3199,0,0.43587997555732727
3200,0,0.3841531574726105
3201,0,0.05566971376538277
3202,0,0.13133405148983002
3203,0,0.37585169076919556
3204,0,0.5099020004272461
3205,0,0.47005853056907654
3206,0,0.5651759505271912
3207,0,0.19847959280014038
3208,0,0.4376571476459503
3209,0,0.44537216424942017
3210,0,0.6630231738090515
3211,0,0.9357360601425171
3212,0,0.4571690559387207
3213,0,0.46065548062324524
3214,0,0.40166130661964417
3215,0,0.10039790719747543
3216,0,0.24987447261810303
3217,0,0.32068485021591187
3218,0,0.38133904337882996
3219,0,0.01812550611793995
3220,0,0.5062856078147888
3221,0,0.08500248938798904
3222,0,0.2490040510892868
3223,0,0.5389592051506042
3224,0,0.143217533826828
3225,0,0.057897187769412994
3226,0,0.15152543783187866
3227,0,0.0416911356151104
3228,0,0.7868838906288147
3229,0,0.03647706285119057
3230,0,0.5563961863517761
3231,0,0.2067747861146927
3232,0,0.32793575525283813
3233,0,0.4518517553806305
3234,0,0.29774630069732666
3235,0,0.2196960300207138
3236,0,0.40017130970954895
3237,0,0.27132439613342285
3238,0,0.591152012348175
3239,0,0.047103703022003174
3240,0,0.5525338053703308
3241,0,0.7313920855522156
3242,0,0.1659443974494934
3243,0,0.04140463471412659
3244,0,0.3644011318683624
3245,0,0.5307651162147522
3246,0,0.44537216424942017
3247,0,0.08749241381883621
3248,0,0.4432602524757385
3249,0,0.0884125679731369
3250,0,0.47573333978652954
3251,0,0.4233015775680542
3252,0,0.47151732444763184
3253,0,0.3115133047103882
3254,0,0.1602666676044464
3255,0,0.40889599919319153
3256,0,0.976659893989563
3257,0,0.23010283708572388
3258,0,0.29543212056159973
3259,0,0.20814937353134155
3260,0,0.21917372941970825
3261,0,0.06722709536552429
3262,0,0.33060476183891296
3263,0,0.3711615800857544
3264,0,0.3905336558818817
3265,0,0.4832204282283783
3266,0,0.5923529267311096
3267,0,0.510581374168396
3268,0,0.4139597415924072
3269,0,0.2376476675271988
3270,0,0.3783012628555298
3271,0,0.36931851506233215
3272,0,0.8240141868591309
3273,0,0.3637956976890564
3274,0,0.3198230564594269
3275,0,0.4970892667770386
3276,0,0.15935249626636505
3277,0,0.3371530771255493
3278,0,0.3735896050930023
3279,0,0.4113486409187317
3280,0,0.39683419466018677
3281,0,0.3120187222957611
3282,0,0.24209345877170563
3283,0,0.5928594470024109
3284,0,0.36578169465065
3285,0,0.0286451056599617
3286,0,0.10981718450784683
3287,0,0.35671794414520264
3288,0,0.3143296539783478
3289,0,0.06360720843076706
3290,0,0.06633085012435913
3291,0,0.44430747628211975
3292,0,0.42195215821266174
3293,0,0.4464641511440277
3294,0,0.5295953750610352
3295,0,0.08790500462055206
3296,0,0.39503514766693115
3297,0,0.4749796390533447
3298,0,0.16404040157794952
3299,0,0.17941074073314667
3300,0,0.2860085368156433
3301,0,0.0414915531873703
3302,0,0.20263081789016724
3303,0,0.13917137682437897
3304,0,0.4124854505062103
3305,0,0.49550890922546387
3306,0,0.4450528919696808
3307,0,0.22588936984539032
3308,0,0.5943487286567688
3309,0,0.5078011751174927
3310,0,0.18919213116168976
3311,0,0.1319454163312912
3312,0,0.08862431347370148
3313,0,0.5658532381057739
3314,0,0.885982871055603
3315,0,0.3175773322582245
3316,0,0.37328121066093445
3317,0,0.05934828892350197
3318,0,0.35777217149734497
3319,0,0.2587500512599945
3320,0,0.5985884666442871
3321,0,0.45649227499961853
3322,0,0.08651724457740784
3323,0,0.124306321144104
3324,0,0.08778299391269684
3325,0,0.19952091574668884
3326,0,0.042506277561187744
3327,0,0.6456955671310425
3328,0,0.4515734314918518
3329,0,0.06543388217687607
3330,0,0.8090539574623108
3331,0,0.581091582775116
3332,0,0.4085748791694641
3333,0,0.006593808531761169
3334,0,0.06978119909763336
3335,0,0.6136646866798401
3336,0,0.17256343364715576
3337,0,0.6428390741348267
3338,0,0.3491700291633606
3339,0,0.38568738102912903
3340,0,0.10759671032428741
3341,0,0.09089364111423492
3342,0,0.2720201909542084
3343,0,0.47994425892829895
3344,0,0.3558657169342041
3345,0,0.19290167093276978
3346,0,0.505902111530304
3347,0,0.05863989517092705
3348,0,0.5388429164886475
3349,0,0.7943235635757446
3350,0,0.7642747759819031
3351,0,0.16824749112129211
3352,0,0.2447400987148285
3353,0,0.21916699409484863
3354,0,0.11972562968730927
3355,0,0.1946985125541687
3356,0,0.8113601803779602
3357,0,0.4129520058631897
3358,0,0.5847970843315125
3359,0,0.21378079056739807
3360,0,0.17104412615299225
3361,0,0.627292811870575
3362,0,0.38822948932647705
3363,0,0.17133067548274994
3364,0,0.1502269059419632
3365,0,0.5864952802658081
3366,0,0.41305580735206604
3367,0,0.5932155847549438
3368,0,0.331441193819046
3369,0,0.3659743666648865
3370,0,0.19665902853012085
3371,0,0.07087428867816925
3372,0,0.11732767522335052
3373,0,0.01031430996954441
3374,0,0.051490332931280136
3375,0,0.11709986627101898
3376,0,0.049050845205783844
3377,0,0.4394395351409912
3378,0,0.4682583808898926
3379,0,0.11848367005586624
3380,0,0.4724501669406891
3381,0,0.03360878303647041
3382,0,0.2259521186351776
3383,0,0.01872134394943714
3384,0,0.470050185918808
3385,0,0.3317098617553711
3386,0,0.45749813318252563
3387,0,0.2734627425670624
3388,0,0.09650587290525436
3389,0,0.1127389669418335
3390,0,0.2482241839170456
3391,0,0.1405114233493805
3392,0,0.0671488344669342
3393,0,0.7922722697257996
3394,0,0.3358038067817688
3395,0,0.9461060762405396
3396,0,0.26516103744506836
3397,0,0.8594662547111511
3398,0,0.6975189447402954
3399,0,0.06703540682792664
3400,0,0.15593592822551727
3401,0,0.3125459849834442
3402,0,0.40017130970954895
3403,0,0.22007672488689423
3404,0,0.4604732096195221
3405,0,0.4450528919696808
3406,0,0.1845426708459854
3407,0,0.802139163017273
3408,0,0.4393412470817566
3409,0,0.4718923270702362
3410,0,0.460712194442749
3411,0,0.43783918023109436
3412,0,0.18944084644317627
3413,0,0.09931214153766632
3414,0,0.10083134472370148
3415,0,0.5453252792358398
3416,0,0.3732554316520691
3417,0,0.16269245743751526
3418,0,0.13736847043037415
3419,0,0.4792291820049286
3420,0,0.034655701369047165
3421,0,0.3971364200115204
3422,0,0.7036082148551941
3423,0,0.31963858008384705
3424,0,0.35720402002334595
3425,0,0.06138766556978226
3426,0,0.45591503381729126
3427,0,0.072984978556633
3428,0,0.5077906847000122
3429,0,0.47073787450790405
3430,0,0.37019845843315125
3431,0,0.15118664503097534
3432,0,0.23527996242046356
3433,0,0.4613874554634094
3434,0,0.06951352953910828
3435,0,0.057299498468637466
3436,0,0.09478524327278137
3437,0,0.8919941186904907
3438,0,0.22878043353557587
3439,0,0.20404531061649323
3440,0,0.06344138085842133
3441,0,0.30522218346595764
3442,0,0.33369389176368713
3443,0,0.9559832811355591
3444,0,0.2854324281215668
3445,0,0.7445142269134521
3446,0,0.4219377338886261
3447,0,0.7063610553741455
3448,0,0.7531063556671143
3449,0,0.5362424254417419
3450,0,0.3146803379058838
3451,0,0.4186994731426239
3452,0,0.1678885966539383
3453,0,0.5589653253555298
3454,0,0.46486005187034607
3455,0,0.3360985815525055
3456,0,0.4893658757209778
3457,0,0.09684357792139053
3458,0,0.036941055208444595
3459,0,0.49099263548851013
3460,0,0.05872182920575142
3461,0,0.12663692235946655
3462,0,0.48066869378089905
3463,0,0.10988140851259232
3464,0,0.04404669255018234
3465,0,0.3279547691345215
3466,0,0.4450528919696808
3467,0,0.0630277469754219
3468,0,0.3927977979183197
3469,0,0.6210324168205261
3470,0,0.25239843130111694
3471,0,0.7069517374038696
3472,0,0.39404115080833435
3473,0,0.0817493200302124
3474,0,0.30930185317993164
3475,0,0.5528305172920227
3476,0,0.6633402705192566
3477,0,0.18989448249340057
3478,0,0.05130339413881302
3479,0,0.23193827271461487
3480,0,0.021765850484371185
3481,0,0.09723427146673203
3482,0,0.17412233352661133
3483,0,0.5422536730766296
3484,0,0.07487612962722778
3485,0,0.24856960773468018
3486,0,0.19232378900051117
3487,0,0.43625709414482117
3488,0,0.2463349848985672
3489,0,0.10837351530790329
3490,0,0.16508451104164124
3491,0,0.027270900085568428
3492,0,0.42218515276908875
3493,0,0.7385436296463013
3494,0,0.5961133241653442
3495,0,0.5177189707756042
3496,0,0.06484884768724442
3497,0,0.04053724929690361
3498,0,0.4893658757209778
3499,0,0.37823036313056946
3500,0,0.15952901542186737
3501,0,0.5178228616714478
3502,0,0.9685677289962769
3503,0,0.9380224347114563
3504,0,0.5299745798110962
3505,0,0.043614666908979416
3506,0,0.46649229526519775
3507,0,0.16914844512939453
3508,0,0.26376405358314514
3509,0,0.1835528463125229
3510,0,0.6046085953712463
3511,0,0.39085742831230164
3512,0,0.6879218220710754
3513,0,0.5971484184265137
3514,0,0.28594568371772766
3515,0,0.38129115104675293
3516,0,0.5150644779205322
3517,0,0.3642203211784363
3518,0,0.3242590129375458
3519,0,0.31073442101478577
3520,0,0.46065548062324524
3521,0,0.49033647775650024
3522,0,0.2147572785615921
3523,0,0.033717576414346695
3524,0,0.12051303684711456
3525,0,0.5854005813598633
3526,0,0.4499603807926178
3527,0,0.4360491931438446
3528,0,0.05396898463368416
3529,0,0.3925003707408905
3530,0,0.18761694431304932
3531,0,0.6098397374153137
3532,0,0.21140334010124207
3533,0,0.4147210717201233
3534,0,0.30898261070251465
3535,0,0.6484416723251343
3536,0,0.5518446564674377
3537,0,0.14955179393291473
3538,0,0.21314777433872223
3539,0,0.4958590865135193
3540,0,0.8023675680160522
3541,0,0.2655180096626282
3542,0,0.6765471696853638
3543,0,0.5466516017913818
3544,0,0.3680790364742279
3545,0,0.7727827429771423
3546,0,0.2610527276992798
3547,0,0.34673184156417847
3548,0,0.20455402135849
3549,0,0.5051714181900024
3550,0,0.07152368873357773
3551,0,0.33181074261665344
3552,0,0.5458452105522156
3553,0,0.6660019755363464
3554,0,0.19354771077632904
3555,0,0.49944671988487244
3556,0,0.5509116649627686
3557,0,0.5319840312004089
3558,0,0.33299288153648376
3559,0,0.3826131522655487
3560,0,0.49571990966796875
3561,0,0.18519945442676544
3562,0,0.21980386972427368
3563,0,0.14737096428871155
3564,0,0.3338192105293274
3565,0,0.5091685056686401
3566,0,0.4109896719455719
3567,0,0.3374035656452179
3568,0,0.9027107954025269
3569,0,0.43288034200668335
3570,0,0.3680534362792969
3571,0,0.40017130970954895
3572,0,0.16092225909233093
3573,0,0.22899550199508667
3574,0,0.15277689695358276
3575,0,0.4953584372997284
3576,0,0.5501752495765686
3577,0,0.37592148780822754
3578,0,0.09286033362150192
3579,0,0.22470784187316895
3580,0,0.5857567191123962
3581,0,0.6698720455169678
3582,0,0.1896306723356247
3583,0,0.16262157261371613
3584,0,0.3035907745361328
3585,0,0.5725322365760803
3586,0,0.493958979845047
3587,0,0.3566317558288574
3588,0,0.04816214367747307
3589,0,0.7124131321907043
3590,0,0.5081276297569275
3591,0,0.4736420512199402
3592,0,0.2720852196216583
3593,0,0.21664726734161377
3594,0,0.44537216424942017
3595,0,0.37876951694488525
3596,0,0.8076601028442383
3597,0,0.30835404992103577
3598,0,0.3705770671367645
3599,0,0.08625707775354385
3600,0,0.21761231124401093
3601,0,0.28470826148986816
3602,0,0.5090050101280212
3603,0,0.06379840523004532
3604,0,0.21067924797534943
3605,0,0.6305218935012817
3606,0,0.4916401505470276
3607,0,0.08175981789827347
3608,0,0.03303214907646179
3609,0,0.48917296528816223
3610,0,0.23447632789611816
3611,0,0.756125271320343
3612,0,0.15162532031536102
3613,0,0.5406534671783447
3614,0,0.11624859273433685
3615,0,0.45749813318252563
3616,0,0.04255188629031181
3617,0,0.3604086935520172
3618,0,0.11497412621974945
3619,0,0.7464017271995544
3620,0,0.28247445821762085
3621,0,0.7829358577728271
3622,0,0.8601241707801819
3623,0,0.07818234711885452
3624,0,0.05026407539844513
3625,0,0.04266853630542755
3626,0,0.06121465191245079
3627,0,0.027200039476156235
3628,0,0.24254384636878967
3629,0,0.37689605355262756
3630,0,0.22941628098487854
3631,0,0.17450673878192902
3632,0,0.40292203426361084
3633,0,0.5069429874420166
3634,0,0.19612599909305573
3635,0,0.4115932583808899
3636,0,0.3308873772621155
3637,0,0.10477348417043686
3638,0,0.2348974049091339
3639,0,0.15778009593486786
3640,0,0.0865958109498024
3641,0,0.3298380374908447
3642,0,0.5163325071334839
3643,0,0.4941506087779999
3644,0,0.46340036392211914
3645,0,0.3407004177570343
3646,0,0.109267458319664
3647,0,0.37650930881500244
3648,0,0.42300018668174744
3649,0,0.5619879961013794
3650,0,0.4894917905330658
3651,0,0.057066112756729126
3652,0,0.3845139145851135
3653,0,0.03140506520867348
3654,0,0.4283777177333832
3655,0,0.503305196762085
3656,0,0.26694169640541077
3657,0,0.44778159260749817
3658,0,0.37497061491012573
3659,0,0.014185741543769836
3660,0,0.03337233141064644
3661,0,0.15068264305591583
3662,0,0.06542488932609558
3663,0,0.2107883244752884
3664,0,0.0542713962495327
3665,0,0.4177100956439972
3666,0,0.036380235105752945
3667,0,0.5587970018386841
3668,0,0.37329328060150146
3669,0,0.3972124755382538
3670,0,0.39071306586265564
3671,0,0.2143452763557434
3672,0,0.29995161294937134
3673,0,0.28961145877838135
3674,0,0.03612367808818817
3675,0,0.04016411677002907
3676,0,0.4354358911514282
3677,0,0.5645676255226135
3678,0,0.09002790600061417
3679,0,0.09839973598718643
3680,0,0.15927506983280182
3681,0,0.4862407445907593
3682,0,0.27555498480796814
3683,0,0.34392648935317993
3684,0,0.3746510446071625
3685,0,0.4893658757209778
3686,0,0.23675952851772308
3687,0,0.5907306671142578
3688,0,0.03118184581398964
3689,0,0.19941453635692596
3690,0,0.47543254494667053
3691,0,0.11401008069515228
3692,0,0.46065548062324524
3693,0,0.4518517553806305
3694,0,0.33428755402565
3695,0,0.32973939180374146
3696,0,0.03480119630694389
3697,0,0.25022318959236145
3698,0,0.3291206955909729
3699,0,0.4559729993343353
3700,0,0.5398373603820801
3701,0,0.4223850667476654
3702,0,0.2212962508201599
3703,0,0.4810333549976349
3704,0,0.45649227499961853
3705,0,0.1866406798362732
3706,0,0.594057559967041
3707,0,0.42827656865119934
3708,0,0.18702930212020874
3709,0,0.032931920140981674
3710,0,0.1857086718082428
3711,0,0.14615294337272644
3712,0,0.22922860085964203
3713,0,0.40017130970954895
3714,0,0.4711233377456665
3715,0,0.6279990673065186
3716,0,0.46065548062324524
3717,0,0.518877387046814
3718,0,0.5129064917564392
3719,0,0.41075417399406433
3720,0,0.47383466362953186
3721,0,0.29848143458366394
3722,0,0.16379287838935852
3723,0,0.4442177414894104
3724,0,0.43200528621673584
3725,0,0.1477588713169098
3726,0,0.16353555023670197
3727,0,0.2876637876033783
3728,0,0.12912914156913757
3729,0,0.12580102682113647
3730,0,0.3238619863986969
3731,0,0.7032186388969421
3732,0,0.6668261289596558
3733,0,0.06125171110033989
3734,0,0.2708265781402588
3735,0,0.5540708899497986
3736,0,0.28991180658340454
3737,0,0.1754457652568817
3738,0,0.7513368129730225
3739,0,0.45880645513534546
3740,0,0.6066048741340637
3741,0,0.9255414605140686
3742,0,0.18999838829040527
3743,0,0.28189632296562195
3744,0,0.08301583677530289
3745,0,0.14946183562278748
3746,0,0.4781075417995453
3747,0,0.18352201581001282
3748,0,0.13857345283031464
3749,0,0.6850231289863586
3750,0,0.5403459072113037
3751,0,0.46567338705062866
3752,0,0.1438395082950592
3753,0,0.8972342014312744
3754,0,0.8457837700843811
3755,0,0.6674519181251526
3756,0,0.047376640141010284
3757,0,0.18591244518756866
3758,0,0.4893658757209778
3759,0,0.4615272283554077
3760,0,0.5722517967224121
3761,0,0.4623022675514221
3762,0,0.4581044912338257
3763,0,0.7917701601982117
3764,0,0.41989800333976746
3765,0,0.09889965504407883
3766,0,0.5597273707389832
3767,0,0.16757063567638397
3768,0,0.019847840070724487
3769,0,0.9180589914321899
3770,0,0.32827168703079224
3771,0,0.32408642768859863
3772,0,0.5661364793777466
3773,0,0.4665343761444092
3774,0,0.415522038936615
3775,0,0.5103430151939392
3776,0,0.39613625407218933
3777,0,0.25789037346839905
3778,0,0.24509741365909576
3779,0,0.42337554693222046
3780,0,0.09344630688428879
3781,0,0.5069065690040588
3782,0,0.8831367492675781
3783,0,0.5176762342453003
3784,0,0.05332944914698601
3785,0,0.43972381949424744
3786,0,0.10914652049541473
3787,0,0.2457021325826645
3788,0,0.4446761906147003
3789,0,0.5496169328689575
3790,0,0.5664596557617188
3791,0,0.11743266880512238
3792,0,0.21424725651741028
3793,0,0.32471010088920593
3794,0,0.2594565451145172
3795,0,0.3906364440917969
3796,0,0.46065548062324524
3797,0,0.10884416103363037
3798,0,0.3183658719062805
3799,0,0.24388213455677032
3800,0,0.061814941465854645
3801,0,0.1292770951986313
3802,0,0.57465660572052
3803,0,0.24432478845119476
3804,0,0.05515189841389656
3805,0,0.052653420716524124
3806,0,0.8398458361625671
3807,0,0.13348831236362457
3808,0,0.21781319379806519
3809,0,0.5365577936172485
3810,0,0.41531577706336975
3811,0,0.24735145270824432
3812,0,0.022467151284217834
3813,0,0.17588001489639282
3814,0,0.22343753278255463
3815,0,0.5688530206680298
3816,0,0.6953709721565247
3817,0,0.12882228195667267
3818,0,0.14444251358509064
3819,0,0.361004501581192
3820,0,0.2353832721710205
3821,0,0.6158984303474426
3822,0,0.5887608528137207
3823,0,0.15286730229854584
3824,0,0.4518517553806305
3825,0,0.8413772583007812
3826,0,0.1371324509382248
3827,0,0.4380154013633728
3828,0,0.7432302832603455
3829,0,0.6487287878990173
3830,0,0.42720022797584534
3831,0,0.8560532331466675
3832,0,0.20955929160118103
3833,0,0.152874156832695
3834,0,0.5164600014686584
3835,0,0.07059169560670853
3836,0,0.11432521045207977
3837,0,0.572985827922821
3838,0,0.40017130970954895
3839,0,0.2506774663925171
3840,0,0.2654036283493042
3841,0,0.3068111538887024
3842,0,0.11353971064090729
3843,0,0.07855208218097687
3844,0,0.3387475311756134
3845,0,0.8972122669219971
3846,0,0.43866094946861267
3847,0,0.6791995763778687
3848,0,0.15566714107990265
3849,0,0.03552578389644623
3850,0,0.6240118145942688
3851,0,0.27668288350105286
3852,0,0.5185624361038208
3853,0,0.1054731085896492
3854,0,0.2772243320941925
3855,0,0.5576645731925964
3856,0,0.9262345433235168
3857,0,0.5944991111755371
3858,0,0.37111738324165344
3859,0,0.07979907840490341
3860,0,0.3514009416103363
3861,0,0.46255189180374146
3862,0,0.17919014394283295
3863,0,0.16823561489582062
3864,0,0.587800920009613
3865,0,0.24305883049964905
3866,0,0.3662637770175934
3867,0,0.07746149599552155
3868,0,0.8468462824821472
3869,0,0.591951847076416
3870,0,0.9464648365974426
3871,0,0.9229819178581238
3872,0,0.23183926939964294
3873,0,0.17692670226097107
3874,0,0.4282255470752716
3875,0,0.5341794490814209
3876,0,0.6894335746765137
3877,0,0.662338376045227
3878,0,0.029214365407824516
3879,0,0.14008860290050507
3880,0,0.4449939727783203
3881,0,0.3052697479724884
3882,0,0.27942395210266113
3883,0,0.4454241394996643
3884,0,0.6004400849342346
3885,0,0.5644732713699341
3886,0,0.5576447248458862
3887,0,0.09457273781299591
3888,0,0.4001924991607666
3889,0,0.48492640256881714
3890,0,0.07392521947622299
3891,0,0.2910197973251343
3892,0,0.4384915828704834
3893,0,0.600551187992096
3894,0,0.29218438267707825
3895,0,0.2580782473087311
3896,0,0.5113553404808044
3897,0,0.45845726132392883
3898,0,0.6943291425704956
3899,0,0.4793685972690582
3900,0,0.44928473234176636
3901,0,0.2979024648666382
3902,0,0.540280282497406
3903,0,0.5387571454048157
3904,0,0.2660427987575531
3905,0,0.4564621150493622
3906,0,0.23003517091274261
3907,0,0.3145354390144348
3908,0,0.15364784002304077
3909,0,0.0070037986151874065
3910,0,0.27707159519195557
3911,0,0.1991487294435501
3912,0,0.23917004466056824
3913,0,0.3520711064338684
3914,0,0.10856462270021439
3915,0,0.07818205654621124
3916,0,0.31838738918304443
3917,0,0.04067374765872955
3918,0,0.8260632753372192
3919,0,0.12552745640277863
3920,0,0.2807156443595886
3921,0,0.047003231942653656
3922,0,0.2978242039680481
3923,0,0.22392037510871887
3924,0,0.012718467973172665
3925,0,0.03732030838727951
3926,0,0.34054189920425415
3927,0,0.758558988571167
3928,0,0.7663013935089111
3929,0,0.28693851828575134
3930,0,0.08140242844820023
3931,0,0.4898020327091217
3932,0,0.1812441200017929
3933,0,0.4518410861492157
3934,0,0.1774042844772339
3935,0,0.21356487274169922
3936,0,0.189575657248497
3937,0,0.0886717364192009
3938,0,0.48694005608558655
3939,0,0.5321658253669739
3940,0,0.7442006468772888
3941,0,0.63670814037323
3942,0,0.36245018243789673
3943,0,0.2864875793457031
3944,0,0.75893235206604
3945,0,0.032332438975572586
3946,0,0.2550754249095917
3947,0,0.08398492634296417
3948,0,0.11962414532899857
3949,0,0.1240413635969162
3950,0,0.40465039014816284
3951,0,0.47126978635787964
3952,0,0.4763079583644867
3953,0,0.40901291370391846
3954,0,0.48732873797416687
3955,0,0.22180119156837463
3956,0,0.12611708045005798
3957,0,0.2313397079706192
3958,0,0.33683958649635315
3959,0,0.1482015699148178
3960,0,0.4913676679134369
3961,0,0.0978522077202797
3962,0,0.15493527054786682
3963,0,0.36615225672721863
3964,0,0.21347831189632416
3965,0,0.03141120821237564
3966,0,0.09348975867033005
3967,0,0.32779327034950256
3968,0,0.1860136091709137
3969,0,0.25639182329177856
3970,0,0.45704856514930725
3971,0,0.3097103238105774
3972,0,0.19693957269191742
3973,0,0.6167376041412354
3974,0,0.0515100471675396
3975,0,0.2870439887046814
3976,0,0.05649087205529213
3977,0,0.4271554946899414
3978,0,0.399240642786026
3979,0,0.547691285610199
3980,0,0.4041960835456848
3981,0,0.2545679807662964
3982,0,0.13692055642604828
3983,1,0.7618143558502197
