index,y_true,y_pred_oof
0,1,0.9534690976142883
1,1,0.9429904222488403
2,1,0.8855159878730774
3,1,0.8801807761192322
4,1,0.7280236482620239
5,1,0.16495998203754425
6,1,0.16948392987251282
7,1,0.2568965256214142
8,1,0.9526545405387878
9,1,0.720322847366333
10,1,0.6827351450920105
11,1,0.6546981334686279
12,1,0.581203043460846
13,1,0.9053623080253601
14,1,0.9349332451820374
15,1,0.5085087418556213
16,1,0.6813436150550842
17,1,0.44276636838912964
18,1,0.9598782062530518
19,1,0.5625714659690857
20,1,0.6415013670921326
21,1,0.6187889575958252
22,1,0.5377362966537476
23,1,0.4753147065639496
24,1,0.8976472616195679
25,1,0.5215570330619812
26,1,0.23173888027668
27,1,0.5227629542350769
28,1,0.9518814086914062
29,1,0.897357165813446
30,1,0.4785350263118744
31,1,0.5118660926818848
32,1,0.9035320281982422
33,1,0.5093665719032288
34,1,0.8359971642494202
35,1,0.734414279460907
36,1,0.4537406265735626
37,1,0.8315987586975098
38,1,0.9645111560821533
39,1,0.5332055687904358
40,1,0.9828632473945618
41,1,0.5195654630661011
42,1,0.5852240920066833
43,1,0.6382957696914673
44,1,0.7525485157966614
45,1,0.9234936237335205
46,1,0.8131690621376038
47,1,0.528727114200592
48,1,0.6972227096557617
49,1,0.3839569389820099
50,1,0.3940295875072479
51,1,0.8375187516212463
52,1,0.906211256980896
53,1,0.4344937801361084
54,1,0.5402605533599854
55,1,0.5241454243659973
56,1,0.37199994921684265
57,1,0.27457302808761597
58,1,0.6057388782501221
59,1,0.4471680521965027
60,1,0.5216968059539795
61,1,0.44836875796318054
62,1,0.5034471750259399
63,1,0.47873416543006897
64,1,0.5397014021873474
65,1,0.8416163325309753
66,1,0.7388008236885071
67,1,0.5188710689544678
68,1,0.5803333520889282
69,1,0.6791167259216309
70,1,0.48615992069244385
71,1,0.8217005133628845
72,1,0.4582933485507965
73,1,0.5176458954811096
74,1,0.5566523671150208
75,1,0.8835964798927307
76,1,0.5182884335517883
77,1,0.8058903217315674
78,1,0.6522742509841919
79,1,0.4800621569156647
80,1,0.9124010801315308
81,1,0.588410496711731
82,1,0.4317704737186432
83,1,0.6122102737426758
84,1,0.4203204810619354
85,1,0.341736763715744
86,1,0.7320362329483032
87,1,0.19429902732372284
88,1,0.34128183126449585
89,1,0.6540471315383911
90,1,0.5227330923080444
91,1,0.8219614624977112
92,1,0.9445512890815735
93,1,0.6308136582374573
94,1,0.901408851146698
95,1,0.8126901984214783
96,1,0.9433607459068298
97,1,0.9042090773582458
98,1,0.9178048968315125
99,1,0.6078826785087585
100,1,0.9583923816680908
101,1,0.8702456951141357
102,1,0.5960103273391724
103,1,0.5325324535369873
104,1,0.7236140370368958
105,1,0.8818551898002625
106,1,0.80887770652771
107,1,0.7277761697769165
108,1,0.44960567355155945
109,1,0.9690244197845459
110,1,0.7888583540916443
111,1,0.8821375966072083
112,1,0.9200034737586975
113,1,0.9232231974601746
114,1,0.5274362564086914
115,1,0.4158490300178528
116,1,0.30038365721702576
117,1,0.6448253989219666
118,1,0.4356556534767151
119,1,0.31564396619796753
120,1,0.7530450224876404
121,1,0.7338888049125671
122,1,0.7500302195549011
123,1,0.6882623434066772
124,1,0.3367557227611542
125,1,0.4867457151412964
126,1,0.7414911985397339
127,1,0.43019554018974304
128,1,0.6342248320579529
129,1,0.700914740562439
130,1,0.9753941297531128
131,1,0.9346997737884521
132,1,0.5114979147911072
133,1,0.9141713380813599
134,1,0.7363361716270447
135,1,0.24079878628253937
136,1,0.3517265319824219
137,1,0.44210153818130493
138,1,0.677154541015625
139,1,0.6790270805358887
140,1,0.3073526620864868
141,1,0.7639369368553162
142,1,0.5773569941520691
143,1,0.8663487434387207
144,1,0.6381721496582031
145,1,0.6691505908966064
146,1,0.8909046053886414
147,1,0.8882067203521729
148,1,0.9769198894500732
149,1,0.7180883288383484
150,1,0.5844419002532959
151,1,0.9336823225021362
152,1,0.541996419429779
153,1,0.4999537467956543
154,1,0.7595351338386536
155,1,0.8516660928726196
156,1,0.8964548110961914
157,1,0.9438721537590027
158,1,0.6224062442779541
159,1,0.5278841257095337
160,1,0.8878317475318909
161,1,0.502270519733429
162,1,0.5092939138412476
163,1,0.1260034739971161
164,1,0.9725282788276672
165,1,0.8246282339096069
166,1,0.9427074790000916
167,1,0.9355895519256592
168,1,0.9378347396850586
169,1,0.6785997152328491
170,1,0.4594276547431946
171,1,0.9729889631271362
172,1,0.2259129285812378
173,1,0.6942275166511536
174,1,0.7940090298652649
175,1,0.2246207594871521
176,1,0.8984070420265198
177,1,0.9194124341011047
178,1,0.5699307322502136
179,1,0.9162322282791138
180,1,0.5699735283851624
181,1,0.5106778144836426
182,1,0.9636632800102234
183,1,0.8062241077423096
184,1,0.7046965956687927
185,1,0.5587273836135864
186,1,0.9300996661186218
187,1,0.9489428997039795
188,1,0.22742842137813568
189,1,0.9612319469451904
190,1,0.9210020303726196
191,1,0.5225337743759155
192,1,0.9103291034698486
193,1,0.3613973557949066
194,1,0.6849647760391235
195,1,0.9535710215568542
196,1,0.6304267048835754
197,1,0.9337523579597473
198,1,0.6469234824180603
199,1,0.8425133228302002
200,1,0.73931884765625
201,1,0.6396412253379822
202,1,0.7420808672904968
203,1,0.560375988483429
204,1,0.8996536135673523
205,1,0.1487823724746704
206,1,0.5748306512832642
207,1,0.7645143866539001
208,1,0.8783537745475769
209,1,0.960034191608429
210,1,0.4663373529911041
211,1,0.15477298200130463
212,1,0.1866135150194168
213,1,0.6998201012611389
214,1,0.8826724886894226
215,1,0.7057960629463196
216,1,0.9549890160560608
217,1,0.28459855914115906
218,1,0.8874423503875732
219,1,0.9285114407539368
220,1,0.8112298250198364
221,1,0.8425251245498657
222,1,0.7471058964729309
223,1,0.8971278071403503
224,1,0.861546516418457
225,1,0.6720452904701233
226,1,0.9034681916236877
227,1,0.4946407079696655
228,1,0.2594759464263916
229,1,0.5915002822875977
230,1,0.45187142491340637
231,1,0.470844566822052
232,1,0.5892022252082825
233,1,0.1564374715089798
234,1,0.8793366551399231
235,1,0.878960371017456
236,1,0.8991228938102722
237,1,0.9681697487831116
238,1,0.6488702893257141
239,1,0.45022130012512207
240,1,0.3027147650718689
241,1,0.9614397287368774
242,1,0.5869759321212769
243,1,0.6668342351913452
244,1,0.1363108605146408
245,1,0.9242817163467407
246,1,0.9574732780456543
247,1,0.4547481834888458
248,1,0.435774028301239
249,1,0.3158021569252014
250,1,0.8260288834571838
251,1,0.6783931255340576
252,1,0.8310790657997131
253,1,0.48612308502197266
254,1,0.5264308452606201
255,1,0.9564740061759949
256,1,0.5599654912948608
257,1,0.9373946785926819
258,1,0.4147969186306
259,1,0.8544824719429016
260,1,0.5096321702003479
261,1,0.9552367329597473
262,1,0.6785853505134583
263,1,0.9290642142295837
264,1,0.9266431927680969
265,1,0.9707689881324768
266,1,0.21654962003231049
267,1,0.8643761277198792
268,1,0.5882678627967834
269,1,0.8222455382347107
270,1,0.4253551661968231
271,1,0.3969377875328064
272,1,0.3998119533061981
273,1,0.48137718439102173
274,1,0.5786954164505005
275,1,0.4285523593425751
276,1,0.8256530165672302
277,1,0.37514570355415344
278,1,0.29195523262023926
279,1,0.28320199251174927
280,1,0.20916083455085754
281,1,0.32222750782966614
282,1,0.48821064829826355
283,1,0.7414876818656921
284,1,0.958199679851532
285,1,0.48603713512420654
286,1,0.3596619963645935
287,1,0.403018593788147
288,1,0.8666456341743469
289,1,0.5097965598106384
290,1,0.57323157787323
291,1,0.3478870093822479
292,1,0.6282675266265869
293,1,0.6578125953674316
294,1,0.4637736678123474
295,1,0.5425441265106201
296,1,0.9771794676780701
297,1,0.4231157898902893
298,1,0.4243887960910797
299,1,0.5135471820831299
300,1,0.9391312003135681
301,1,0.7955685257911682
302,1,0.500056803226471
303,1,0.8852812051773071
304,1,0.5198767781257629
305,1,0.3247082829475403
306,1,0.5788971185684204
307,1,0.7199468612670898
308,1,0.886020302772522
309,1,0.25735896825790405
310,1,0.5970385074615479
311,1,0.5838518738746643
312,1,0.5376009941101074
313,1,0.4316968023777008
314,1,0.8256754875183105
315,1,0.5538036227226257
316,1,0.8252407908439636
317,1,0.7541581392288208
318,1,0.7578849792480469
319,1,0.4684121608734131
320,1,0.9203007817268372
321,1,0.3045424818992615
322,1,0.5804689526557922
323,1,0.954804003238678
324,1,0.7911782264709473
325,1,0.9477729797363281
326,1,0.9273678660392761
327,1,0.8953987956047058
328,1,0.9444582462310791
329,1,0.43995028734207153
330,1,0.8993008136749268
331,1,0.8254511952400208
332,1,0.8471640944480896
333,1,0.6884276270866394
334,1,0.8606935143470764
335,1,0.8326072692871094
336,1,0.9528375864028931
337,1,0.8813364505767822
338,1,0.7504751086235046
339,1,0.9424645304679871
340,1,0.9835860729217529
341,1,0.9434489011764526
342,1,0.8554652333259583
343,1,0.8919157981872559
344,1,0.9696369171142578
345,1,0.7746301889419556
346,1,0.8772321343421936
347,1,0.9734825491905212
348,1,0.6292890310287476
349,1,0.9060831069946289
350,1,0.8905032277107239
351,1,0.48733609914779663
352,1,0.5714213848114014
353,1,0.6934248208999634
354,1,0.514873206615448
355,1,0.7766025066375732
356,1,0.6300916075706482
357,1,0.9446520209312439
358,1,0.40478846430778503
359,1,0.5877444744110107
360,1,0.35814958810806274
361,1,0.958885133266449
362,1,0.9563718438148499
363,1,0.9648767709732056
364,1,0.721473217010498
365,1,0.9173270463943481
366,1,0.9416062235832214
367,1,0.9628515243530273
368,1,0.9102857112884521
369,1,0.6424649953842163
370,1,0.7445252537727356
371,1,0.9665272831916809
372,1,0.4247252941131592
373,1,0.9533653259277344
374,1,0.9080972075462341
375,1,0.9171335697174072
376,1,0.900976836681366
377,1,0.8633624911308289
378,1,0.9609599709510803
379,1,0.8779516816139221
380,1,0.915127158164978
381,1,0.9492223262786865
382,1,0.35189229249954224
383,1,0.4981805980205536
384,1,0.5807451605796814
385,1,0.47592228651046753
386,1,0.4943878650665283
387,1,0.47537317872047424
388,1,0.5075089335441589
389,1,0.4520338773727417
390,1,0.5338491797447205
391,1,0.5370374917984009
392,1,0.47976046800613403
393,1,0.5513195395469666
394,1,0.5635473728179932
395,1,0.5720444321632385
396,1,0.5387052893638611
397,1,0.5416865944862366
398,1,0.40858006477355957
399,1,0.5217790603637695
400,1,0.4884519875049591
401,1,0.44794362783432007
402,1,0.6072291135787964
403,1,0.4840790629386902
404,1,0.39983251690864563
405,1,0.502359926700592
406,1,0.6400973796844482
407,1,0.5100679397583008
408,1,0.1648738831281662
409,1,0.3349638879299164
410,1,0.3601522743701935
411,1,0.3633515238761902
412,1,0.3356149196624756
413,1,0.1925177127122879
414,1,0.2827686071395874
415,1,0.4610948860645294
416,1,0.16544736921787262
417,1,0.5515204668045044
418,1,0.5515031814575195
419,1,0.4919144809246063
420,1,0.43148115277290344
421,1,0.2606831192970276
422,1,0.4974181056022644
423,1,0.4606309235095978
424,1,0.5659471154212952
425,1,0.6314360499382019
426,1,0.6496105194091797
427,1,0.7269860506057739
428,1,0.6388460993766785
429,1,0.8881284594535828
430,1,0.5396842360496521
431,1,0.678642749786377
432,1,0.5949601531028748
433,1,0.5625618696212769
434,1,0.5082020163536072
435,1,0.8552231788635254
436,1,0.7607089281082153
437,1,0.44610193371772766
438,1,0.8951511979103088
439,1,0.7937865853309631
440,1,0.5371509790420532
441,1,0.822047233581543
442,1,0.8341360688209534
443,1,0.741980791091919
444,1,0.9447005987167358
445,1,0.2779136896133423
446,1,0.5952771902084351
447,1,0.9389335513114929
448,1,0.49056461453437805
449,1,0.8508836030960083
450,1,0.9793590903282166
451,1,0.712510347366333
452,1,0.9150295257568359
453,1,0.8769732713699341
454,1,0.8203768730163574
455,1,0.769216001033783
456,1,0.8876550197601318
457,1,0.9434360861778259
458,1,0.6461138129234314
459,1,0.8126310706138611
460,1,0.8771986961364746
461,1,0.7573858499526978
462,1,0.894724428653717
463,1,0.8521220088005066
464,1,0.8016291856765747
465,1,0.8875266313552856
466,1,0.8968948125839233
467,1,0.9106356501579285
468,1,0.8258063793182373
469,1,0.8124216794967651
470,1,0.9048012495040894
471,1,0.9373188614845276
472,1,0.9500011205673218
473,1,0.9599077701568604
474,1,0.9648244380950928
475,1,0.8263251781463623
476,1,0.864637553691864
477,1,0.8094457983970642
478,1,0.8157997131347656
479,1,0.6222468614578247
480,1,0.7508060932159424
481,1,0.8065273761749268
482,1,0.8866310715675354
483,1,0.8642817735671997
484,1,0.8954512476921082
485,1,0.9635500311851501
486,1,0.8694816827774048
487,1,0.6942756772041321
488,1,0.7879312038421631
489,1,0.847896158695221
490,1,0.47859901189804077
491,1,0.8079195022583008
492,1,0.49802088737487793
493,1,0.8702207803726196
494,1,0.6451128721237183
495,1,0.7154500484466553
496,1,0.8447616100311279
497,1,0.565243124961853
498,1,0.14254096150398254
499,1,0.9074966907501221
500,1,0.9141013026237488
501,1,0.5627875328063965
502,1,0.461189329624176
503,1,0.4708786904811859
504,1,0.5431644320487976
505,1,0.5184797048568726
506,1,0.5864109992980957
507,1,0.4817945659160614
508,1,0.42554566264152527
509,1,0.5809429883956909
510,1,0.5209680199623108
511,1,0.5021277070045471
512,1,0.35898032784461975
513,1,0.36607035994529724
514,1,0.24927392601966858
515,1,0.24343301355838776
516,1,0.18595780432224274
517,1,0.43089085817337036
518,1,0.4716792404651642
519,1,0.3341393768787384
520,1,0.1631336510181427
521,1,0.27606505155563354
522,1,0.2620326578617096
523,1,0.2565498948097229
524,1,0.46200162172317505
525,1,0.2851245105266571
526,1,0.40331795811653137
527,1,0.524228572845459
528,1,0.6105178594589233
529,1,0.4510601758956909
530,1,0.20965959131717682
531,1,0.4519766867160797
532,1,0.38991492986679077
533,1,0.21616460382938385
534,1,0.3475552201271057
535,1,0.4484698176383972
536,1,0.6010152101516724
537,1,0.5436816215515137
538,1,0.519095778465271
539,1,0.5210277438163757
540,1,0.622573733329773
541,1,0.6608020067214966
542,1,0.6679617166519165
543,1,0.5958502292633057
544,1,0.712749719619751
545,1,0.6401523351669312
546,1,0.6334819197654724
547,1,0.424093097448349
548,1,0.7143259048461914
549,1,0.7598694562911987
550,1,0.4898461103439331
551,1,0.48302799463272095
552,1,0.5702990293502808
553,1,0.5296540856361389
554,1,0.5114809274673462
555,1,0.6166799068450928
556,1,0.879509449005127
557,1,0.5903759598731995
558,1,0.4790588617324829
559,1,0.5170746445655823
560,1,0.6948361396789551
561,1,0.4577554166316986
562,1,0.8560188412666321
563,1,0.6181175708770752
564,1,0.47390395402908325
565,1,0.5827918648719788
566,1,0.5862824320793152
567,1,0.4687535762786865
568,1,0.8275448083877563
569,1,0.5116633772850037
570,1,0.6775484681129456
571,1,0.7153080105781555
572,1,0.7997173070907593
573,1,0.8141081929206848
574,1,0.9290199279785156
575,1,0.6381091475486755
576,1,0.17789337038993835
577,1,0.9140894412994385
578,1,0.4757404625415802
579,1,0.8413295745849609
580,1,0.9045628309249878
581,1,0.8808816075325012
582,1,0.7215819954872131
583,1,0.5100431442260742
584,1,0.847756028175354
585,1,0.29263678193092346
586,1,0.4479682743549347
587,1,0.9091061353683472
588,1,0.529944658279419
589,1,0.5356873869895935
590,1,0.5156595706939697
591,1,0.4918340742588043
592,1,0.4937876760959625
593,1,0.4851149022579193
594,1,0.588541567325592
595,1,0.40364745259284973
596,1,0.5162454843521118
597,1,0.41931283473968506
598,1,0.48084044456481934
599,1,0.37847021222114563
600,1,0.79939866065979
601,1,0.5758746862411499
602,1,0.7787625789642334
603,1,0.9753299355506897
604,1,0.8686893582344055
605,1,0.9526780247688293
606,1,0.931801974773407
607,1,0.6721810698509216
608,1,0.852992832660675
609,1,0.7872450947761536
610,1,0.41113781929016113
611,1,0.7985113859176636
612,1,0.8665425181388855
613,1,0.9127708673477173
614,1,0.5505363345146179
615,1,0.6828404664993286
616,1,0.9107510447502136
617,1,0.9080742001533508
618,1,0.5268328785896301
619,1,0.6557028889656067
620,1,0.557207465171814
621,1,0.8156002163887024
622,1,0.6213873624801636
623,1,0.5681173205375671
624,1,0.6422326564788818
625,1,0.7740622162818909
626,1,0.683021068572998
627,1,0.7319424748420715
628,1,0.5873346924781799
629,1,0.45882654190063477
630,1,0.4989314377307892
631,1,0.845427930355072
632,1,0.9542062282562256
633,1,0.8340111374855042
634,1,0.9157547354698181
635,1,0.9239693880081177
636,1,0.8245580792427063
637,1,0.3726685345172882
638,1,0.6737701892852783
639,1,0.6076531410217285
640,1,0.5038029551506042
641,1,0.6409561038017273
642,1,0.5208445191383362
643,1,0.864708662033081
644,1,0.9424374103546143
645,1,0.9210303425788879
646,1,0.9478885531425476
647,1,0.955368161201477
648,1,0.8557159304618835
649,1,0.9053647518157959
650,1,0.796212375164032
651,1,0.9632180333137512
652,1,0.948293924331665
653,1,0.7644239664077759
654,1,0.7036629319190979
655,1,0.5430164337158203
656,1,0.7606633901596069
657,1,0.839187741279602
658,1,0.9661647081375122
659,1,0.9662309288978577
660,1,0.5687012672424316
661,1,0.6715011596679688
662,1,0.9399862289428711
663,1,0.9157381057739258
664,1,0.9299174547195435
665,1,0.8998104333877563
666,1,0.8345969915390015
667,1,0.9319469332695007
668,1,0.9218522906303406
669,1,0.5631974339485168
670,1,0.5045552849769592
671,1,0.5581633448600769
672,1,0.9180333018302917
673,1,0.7492571473121643
674,1,0.942193865776062
675,1,0.9661234021186829
676,1,0.9045206904411316
677,1,0.9313122630119324
678,1,0.9312479496002197
679,1,0.8270934820175171
680,1,0.9705116748809814
681,1,0.8728722929954529
682,1,0.8700355887413025
683,1,0.788540244102478
684,1,0.926209568977356
685,1,0.9386846423149109
686,1,0.9342338442802429
687,1,0.931441605091095
688,1,0.4282245934009552
689,1,0.4516396224498749
690,1,0.7557058334350586
691,1,0.9448920488357544
692,1,0.9285309910774231
693,1,0.8518626093864441
694,1,0.9249380230903625
695,1,0.7455446720123291
696,1,0.7747094631195068
697,1,0.7906502485275269
698,1,0.8594072461128235
699,1,0.9603657126426697
700,1,0.9372661709785461
701,1,0.7696083188056946
702,1,0.8642870783805847
703,1,0.798308789730072
704,1,0.7606174349784851
705,1,0.8947291374206543
706,1,0.7240474820137024
707,1,0.6976435780525208
708,1,0.3799048662185669
709,1,0.8704724311828613
710,1,0.9318622350692749
711,1,0.843473494052887
712,1,0.5343782901763916
713,1,0.4553638994693756
714,1,0.4824642539024353
715,1,0.49844202399253845
716,1,0.4532271921634674
717,1,0.5357681512832642
718,1,0.351864755153656
719,1,0.18740062415599823
720,1,0.6339842081069946
721,1,0.3876226246356964
722,1,0.29739639163017273
723,1,0.29425323009490967
724,1,0.2542661130428314
725,1,0.2926563620567322
726,1,0.44361159205436707
727,1,0.1940402388572693
728,1,0.646726131439209
729,1,0.6603341698646545
730,1,0.4790784418582916
731,1,0.4284854233264923
732,1,0.4327661395072937
733,1,0.6329403519630432
734,1,0.5448413491249084
735,1,0.4935397207736969
736,1,0.38625845313072205
737,1,0.2670740485191345
738,1,0.4613848626613617
739,1,0.6724527478218079
740,1,0.5013515949249268
741,1,0.6842693090438843
742,1,0.6584200859069824
743,1,0.6057828068733215
744,1,0.5773582458496094
745,1,0.5859295725822449
746,1,0.43420884013175964
747,1,0.5734938383102417
748,1,0.703784704208374
749,1,0.6925092339515686
750,1,0.7317458391189575
751,1,0.8978400230407715
752,1,0.48399817943573
753,1,0.8118926286697388
754,1,0.6870914697647095
755,1,0.7339785099029541
756,1,0.677759051322937
757,1,0.44592082500457764
758,1,0.5469186902046204
759,1,0.623079776763916
760,1,0.7190865874290466
761,1,0.7526283264160156
762,1,0.40236544609069824
763,1,0.4807242751121521
764,1,0.4669690728187561
765,1,0.542217493057251
766,1,0.4645450711250305
767,1,0.5369774699211121
768,1,0.5489535927772522
769,1,0.7727044820785522
770,1,0.5497469902038574
771,1,0.55614173412323
772,1,0.5932126641273499
773,1,0.897567868232727
774,1,0.4901087284088135
775,1,0.6398682594299316
776,1,0.5819830894470215
777,1,0.6998134255409241
778,1,0.8544225096702576
779,1,0.7268450856208801
780,1,0.6280363202095032
781,1,0.7578622698783875
782,1,0.6928403377532959
783,1,0.8835294246673584
784,1,0.5973789691925049
785,1,0.46033912897109985
786,1,0.4254680573940277
787,1,0.6119273900985718
788,1,0.9299805760383606
789,1,0.8447064161300659
790,1,0.6470927596092224
791,1,0.9178205132484436
792,1,0.5818812847137451
793,1,0.41062378883361816
794,1,0.9003210067749023
795,1,0.7945111989974976
796,1,0.4275866150856018
797,1,0.7073113918304443
798,1,0.6850152015686035
799,1,0.5627736449241638
800,1,0.9111219644546509
801,1,0.3817844092845917
802,1,0.616287350654602
803,1,0.8910419940948486
804,1,0.8513322472572327
805,1,0.9499476552009583
806,1,0.9463304281234741
807,1,0.738135039806366
808,1,0.8750797510147095
809,1,0.7844410538673401
810,1,0.7146807312965393
811,1,0.64384526014328
812,1,0.5535374879837036
813,1,0.5571774244308472
814,1,0.5732300877571106
815,1,0.4356556534767151
816,1,0.48386311531066895
817,1,0.8054996132850647
818,1,0.9129513502120972
819,1,0.7673355340957642
820,1,0.9366082549095154
821,1,0.799472987651825
822,1,0.8191026449203491
823,1,0.6525495648384094
824,1,0.8239030838012695
825,1,0.71013343334198
826,1,0.6843767762184143
827,1,0.720077633857727
828,1,0.8880918025970459
829,1,0.9150782227516174
830,1,0.9153637886047363
831,1,0.9354795813560486
832,1,0.8835516571998596
833,1,0.8664153218269348
834,1,0.9716415405273438
835,1,0.8292859196662903
836,1,0.8163530230522156
837,1,0.6735673546791077
838,1,0.845570981502533
839,1,0.9388498067855835
840,1,0.9000484347343445
841,1,0.9487200379371643
842,1,0.9062386751174927
843,1,0.9316709637641907
844,1,0.8611496090888977
845,1,0.8883212208747864
846,1,0.9673455953598022
847,1,0.9481931328773499
848,1,0.9755983352661133
849,1,0.9321871995925903
850,1,0.954882800579071
851,1,0.9448525905609131
852,1,0.9182997941970825
853,1,0.7980126738548279
854,1,0.8959560394287109
855,1,0.9743536114692688
856,1,0.9614253044128418
857,1,0.9289857745170593
858,1,0.2162579596042633
859,1,0.19783349335193634
860,1,0.1989092379808426
861,1,0.83307284116745
862,1,0.13133762776851654
863,1,0.15121197700500488
864,1,0.2636258602142334
865,1,0.4432556629180908
866,1,0.9252108335494995
867,1,0.5130548477172852
868,1,0.4923335909843445
869,1,0.4038906991481781
870,1,0.3935020864009857
871,1,0.5063700675964355
872,1,0.4993866980075836
873,1,0.4082430303096771
874,1,0.619564950466156
875,1,0.5423442125320435
876,1,0.4439602792263031
877,1,0.3799470067024231
878,1,0.4321458637714386
879,1,0.4861239790916443
880,1,0.39727601408958435
881,1,0.5493624806404114
882,1,0.4236809313297272
883,1,0.472225546836853
884,1,0.5274835228919983
885,1,0.3309750258922577
886,1,0.4293578863143921
887,1,0.3847504258155823
888,1,0.45960521697998047
889,1,0.36774033308029175
890,1,0.3951047360897064
891,1,0.2951541841030121
892,1,0.5445635914802551
893,1,0.4188169538974762
894,1,0.42225393652915955
895,1,0.4947889447212219
896,1,0.47418031096458435
897,1,0.46349895000457764
898,1,0.3258408308029175
899,1,0.43771201372146606
900,1,0.6524932980537415
901,1,0.5857338309288025
902,1,0.7189714908599854
903,1,0.7362474799156189
904,1,0.5787050127983093
905,1,0.6945651173591614
906,1,0.6717453598976135
907,1,0.6816914677619934
908,1,0.6085054874420166
909,1,0.6333295106887817
910,1,0.7182886004447937
911,1,0.6807926893234253
912,1,0.3322495222091675
913,1,0.4525804817676544
914,1,0.9411562085151672
915,1,0.5104508399963379
916,1,0.9538097381591797
917,1,0.5550770163536072
918,1,0.5955061912536621
919,1,0.780370831489563
920,1,0.7440889477729797
921,1,0.8964751958847046
922,1,0.48857226967811584
923,1,0.42811837792396545
924,1,0.8576547503471375
925,1,0.8537260293960571
926,1,0.9127835631370544
927,1,0.8899375200271606
928,1,0.5829818248748779
929,1,0.5993446707725525
930,1,0.902536928653717
931,1,0.5490133762359619
932,1,0.48758000135421753
933,1,0.5561509132385254
934,1,0.4021098017692566
935,1,0.4939582347869873
936,1,0.6342421770095825
937,1,0.7840437293052673
938,1,0.4715094566345215
939,1,0.7623657584190369
940,1,0.9228800535202026
941,1,0.5290918946266174
942,1,0.7932053804397583
943,1,0.7620466947555542
944,1,0.9278908967971802
945,1,0.8047769665718079
946,1,0.9446716904640198
947,1,0.9725350737571716
948,1,0.714453935623169
949,1,0.8742189407348633
950,1,0.6464287638664246
951,1,0.8790326118469238
952,1,0.9677582383155823
953,1,0.9658722281455994
954,1,0.9597377777099609
955,1,0.5311839580535889
956,1,0.5393621921539307
957,1,0.9088778495788574
958,1,0.9334450960159302
959,1,0.9084315896034241
960,1,0.8930043578147888
961,1,0.9268734455108643
962,1,0.8897353410720825
963,1,0.919143557548523
964,1,0.31935086846351624
965,1,0.7707651853561401
966,1,0.5038117170333862
967,1,0.9033140540122986
968,1,0.877292275428772
969,1,0.9359680414199829
970,1,0.666401743888855
971,1,0.5287395119667053
972,1,0.4736272394657135
973,1,0.7861003875732422
974,1,0.9274576902389526
975,1,0.8155426979064941
976,1,0.8305022120475769
977,1,0.7803825736045837
978,1,0.5879414081573486
979,1,0.7166182994842529
980,1,0.6468873023986816
981,1,0.761508047580719
982,1,0.6176511645317078
983,1,0.9098260402679443
984,1,0.9401272535324097
985,1,0.9550589919090271
986,1,0.9432638883590698
987,1,0.964387059211731
988,1,0.945601761341095
989,1,0.9352806806564331
990,1,0.9524273872375488
991,1,0.9703692197799683
992,1,0.9383152723312378
993,1,0.8833682537078857
994,1,0.9295670986175537
995,1,0.6906718015670776
996,1,0.9745108485221863
997,1,0.8866322040557861
998,1,0.9550353288650513
999,1,0.8973374366760254
1000,1,0.9374551177024841
1001,1,0.9553748965263367
1002,1,0.7024422287940979
1003,1,0.769317626953125
1004,1,0.9547098875045776
1005,1,0.9407153129577637
1006,1,0.9710164070129395
1007,1,0.8296642303466797
1008,1,0.3463956415653229
1009,1,0.4253399968147278
1010,1,0.30975303053855896
1011,1,0.6066214442253113
1012,1,0.4562314450740814
1013,1,0.8410698771476746
1014,1,0.9683428406715393
1015,1,0.9286728501319885
1016,1,0.9598293304443359
1017,1,0.9603741765022278
1018,1,0.9449394941329956
1019,1,0.9146628379821777
1020,1,0.7872539162635803
1021,1,0.49093830585479736
1022,1,0.7583804130554199
1023,1,0.4948699474334717
1024,1,0.8096526861190796
1025,1,0.9521849751472473
1026,1,0.979174792766571
1027,1,0.9696587324142456
1028,1,0.9625555276870728
1029,1,0.9338613748550415
1030,1,0.950748085975647
1031,1,0.9575000405311584
1032,1,0.9747922420501709
1033,1,0.9611457586288452
1034,1,0.8847079873085022
1035,1,0.9607064127922058
1036,1,0.9776095151901245
1037,1,0.9751900434494019
1038,1,0.6151491403579712
1039,1,0.8610346913337708
1040,1,0.8221297860145569
1041,1,0.934681236743927
1042,1,0.919106125831604
1043,1,0.7948141694068909
1044,1,0.21209849417209625
1045,1,0.5232275724411011
1046,1,0.6987951993942261
1047,1,0.7527287602424622
1048,1,0.7925090193748474
1049,1,0.5830663442611694
1050,1,0.43812620639801025
1051,1,0.5787254571914673
1052,1,0.9147459268569946
1053,1,0.95979905128479
1054,1,0.9392145872116089
1055,1,0.30853718519210815
1056,1,0.277023583650589
1057,1,0.19158798456192017
1058,1,0.960679829120636
1059,1,0.9170058369636536
1060,1,0.9519627094268799
1061,1,0.906477689743042
1062,1,0.638050377368927
1063,1,0.5123180747032166
1064,1,0.6121330857276917
1065,1,0.5244585275650024
1066,1,0.5482918620109558
1067,1,0.4553879201412201
1068,1,0.6368982791900635
1069,1,0.5215910077095032
1070,1,0.5027756690979004
1071,1,0.4164644181728363
1072,1,0.580649733543396
1073,1,0.54876309633255
1074,1,0.4408031702041626
1075,1,0.45829951763153076
1076,1,0.2531428933143616
1077,1,0.5323879718780518
1078,1,0.38712069392204285
1079,1,0.5624105334281921
1080,1,0.6463338732719421
1081,1,0.7307540774345398
1082,1,0.5078880786895752
1083,1,0.6810084581375122
1084,1,0.8011669516563416
1085,1,0.6667546033859253
1086,1,0.6450698971748352
1087,1,0.6167410016059875
1088,1,0.6894553899765015
1089,1,0.6327939033508301
1090,1,0.6411440968513489
1091,1,0.556418776512146
1092,1,0.49636244773864746
1093,1,0.4290856420993805
1094,1,0.499550998210907
1095,1,0.7605132460594177
1096,1,0.6868990659713745
1097,1,0.6682272553443909
1098,1,0.5305988788604736
1099,1,0.701062798500061
1100,1,0.6486354470252991
1101,1,0.6210187077522278
1102,1,0.6523270606994629
1103,1,0.5305285453796387
1104,1,0.7490350008010864
1105,1,0.6021221280097961
1106,1,0.38432827591896057
1107,1,0.7798756957054138
1108,1,0.44459736347198486
1109,1,0.3774319589138031
1110,1,0.467555969953537
1111,1,0.5398454666137695
1112,1,0.8313667178153992
1113,1,0.5518012642860413
1114,1,0.49258336424827576
1115,1,0.5482873320579529
1116,1,0.44504478573799133
1117,1,0.7308703064918518
1118,1,0.43714600801467896
1119,1,0.8093027472496033
1120,1,0.653450608253479
1121,1,0.13816364109516144
1122,1,0.6604287624359131
1123,1,0.6847234964370728
1124,1,0.592237114906311
1125,1,0.5399548411369324
1126,1,0.7031758427619934
1127,1,0.5965564250946045
1128,1,0.4590776264667511
1129,1,0.455996572971344
1130,1,0.4961162805557251
1131,1,0.9310937523841858
1132,1,0.7357445955276489
1133,1,0.34422725439071655
1134,1,0.7261070013046265
1135,1,0.8645081520080566
1136,1,0.762758195400238
1137,1,0.49949243664741516
1138,1,0.8202528953552246
1139,1,0.7099476456642151
1140,1,0.8891494274139404
1141,1,0.8913593888282776
1142,1,0.9708265066146851
1143,1,0.965460479259491
1144,1,0.9696369171142578
1145,1,0.8831027746200562
1146,1,0.9321863651275635
1147,1,0.29417601227760315
1148,1,0.5284686088562012
1149,1,0.9404808878898621
1150,1,0.9072073698043823
1151,1,0.9371970295906067
1152,1,0.9687793254852295
1153,1,0.952258825302124
1154,1,0.8526573181152344
1155,1,0.9317264556884766
1156,1,0.9720548391342163
1157,1,0.9784492254257202
1158,1,0.9018791317939758
1159,1,0.9628964066505432
1160,1,0.9366446137428284
1161,1,0.9394668936729431
1162,1,0.9405376315116882
1163,1,0.7808458805084229
1164,1,0.7010204792022705
1165,1,0.853216826915741
1166,1,0.9657149910926819
1167,1,0.9485476016998291
1168,1,0.9683821201324463
1169,1,0.9622554183006287
1170,1,0.5932014584541321
1171,1,0.9127483367919922
1172,1,0.7885740399360657
1173,1,0.8329553008079529
1174,1,0.7921462059020996
1175,1,0.6944173574447632
1176,1,0.9104308485984802
1177,1,0.5277597308158875
1178,1,0.6377277970314026
1179,1,0.7788336277008057
1180,1,0.216797336935997
1181,1,0.7934815883636475
1182,1,0.693830132484436
1183,1,0.6074416041374207
1184,1,0.9225090146064758
1185,1,0.9664484262466431
1186,1,0.9309217929840088
1187,1,0.9510056972503662
1188,1,0.9294061660766602
1189,1,0.9602826833724976
1190,1,0.83236163854599
1191,1,0.9435310363769531
1192,1,0.3460771441459656
1193,1,0.28911298513412476
1194,1,0.3183671236038208
1195,1,0.21154536306858063
1196,1,0.30257749557495117
1197,1,0.8719508051872253
1198,1,0.14739085733890533
1199,1,0.21178355813026428
1200,1,0.3747309744358063
1201,1,0.8256837725639343
1202,1,0.9582043886184692
1203,1,0.9273408055305481
1204,1,0.8820087313652039
1205,1,0.5640254616737366
1206,1,0.3529040813446045
1207,1,0.4505124092102051
1208,1,0.46989738941192627
1209,1,0.3648991286754608
1210,1,0.3700566589832306
1211,1,0.41271668672561646
1212,1,0.45100170373916626
1213,1,0.508890688419342
1214,1,0.4881921708583832
1215,1,0.39702022075653076
1216,1,0.43925973773002625
1217,1,0.496639221906662
1218,1,0.4945839047431946
1219,1,0.4299522638320923
1220,1,0.46345430612564087
1221,1,0.5807256698608398
1222,1,0.5170800685882568
1223,1,0.47661179304122925
1224,1,0.4281546473503113
1225,1,0.4114743769168854
1226,1,0.4201282262802124
1227,1,0.7752373814582825
1228,1,0.5740278959274292
1229,1,0.35703393816947937
1230,1,0.4412573575973511
1231,1,0.44966039061546326
1232,1,0.4120652973651886
1233,1,0.4101954698562622
1234,1,0.5201205015182495
1235,1,0.44225651025772095
1236,1,0.4407210052013397
1237,1,0.6611498594284058
1238,1,0.333781898021698
1239,1,0.48966145515441895
1240,1,0.4822627305984497
1241,1,0.4493696391582489
1242,1,0.44219815731048584
1243,1,0.6086227893829346
1244,1,0.6602640748023987
1245,1,0.15045753121376038
1246,1,0.5064947605133057
1247,1,0.38079044222831726
1248,1,0.4796757698059082
1249,1,0.4396893382072449
1250,1,0.4955916404724121
1251,1,0.5722649097442627
1252,1,0.6138906478881836
1253,1,0.3355952799320221
1254,1,0.5335784554481506
1255,1,0.4877343773841858
1256,1,0.5812267065048218
1257,1,0.32266902923583984
1258,1,0.40533363819122314
1259,1,0.3082239329814911
1260,1,0.36018282175064087
1261,1,0.5070607662200928
1262,1,0.34778428077697754
1263,1,0.36083289980888367
1264,1,0.3892357349395752
1265,1,0.4258213937282562
1266,1,0.5000633597373962
1267,1,0.5004441738128662
1268,1,0.5235191583633423
1269,1,0.5248960852622986
1270,1,0.6565539836883545
1271,1,0.44112080335617065
1272,1,0.4980740547180176
1273,1,0.525447428226471
1274,1,0.4554745554924011
1275,1,0.5726122260093689
1276,1,0.49431100487709045
1277,1,0.670367956161499
1278,1,0.4285135567188263
1279,1,0.36170661449432373
1280,1,0.3528679311275482
1281,1,0.3980325758457184
1282,1,0.4889187514781952
1283,1,0.5103456377983093
1284,1,0.5431655645370483
1285,1,0.5349267721176147
1286,1,0.4387812316417694
1287,1,0.4507656395435333
1288,1,0.44745108485221863
1289,1,0.6884104609489441
1290,1,0.6746554374694824
1291,1,0.6154493093490601
1292,1,0.7167009711265564
1293,1,0.5331376791000366
1294,1,0.6717023253440857
1295,1,0.6531370878219604
1296,1,0.610694944858551
1297,1,0.6261483430862427
1298,1,0.737759530544281
1299,1,0.5674404501914978
1300,1,0.6448026895523071
1301,1,0.5783836245536804
1302,1,0.34565022587776184
1303,1,0.7566515207290649
1304,1,0.6816883087158203
1305,1,0.5442975759506226
1306,1,0.5035011768341064
1307,1,0.6891598701477051
1308,1,0.8275587558746338
1309,1,0.4826188087463379
1310,1,0.5952356457710266
1311,1,0.504648745059967
1312,1,0.5036634206771851
1313,1,0.3306392431259155
1314,1,0.20067061483860016
1315,1,0.47013145685195923
1316,1,0.845578670501709
1317,1,0.7573710083961487
1318,1,0.6134109497070312
1319,1,0.8868456482887268
1320,1,0.5383785963058472
1321,1,0.8417531251907349
1322,1,0.5433370471000671
1323,1,0.708355188369751
1324,1,0.7832081317901611
1325,1,0.9381594657897949
1326,1,0.6711705327033997
1327,1,0.4621717631816864
1328,1,0.2720183730125427
1329,1,0.5142992734909058
1330,1,0.9623069763183594
1331,1,0.6543028950691223
1332,1,0.45233649015426636
1333,1,0.943213164806366
1334,1,0.7292753458023071
1335,1,0.857989490032196
1336,1,0.5039994716644287
1337,1,0.8128835558891296
1338,1,0.9080623388290405
1339,1,0.9614525437355042
1340,1,0.8908205032348633
1341,1,0.9228702187538147
1342,1,0.8837215304374695
1343,1,0.7214806079864502
1344,1,0.5867474675178528
1345,1,0.6094945669174194
1346,1,0.4700751304626465
1347,1,0.6250607371330261
1348,1,0.48634952306747437
1349,1,0.4830719530582428
1350,1,0.6688991189002991
1351,1,0.41051143407821655
1352,1,0.8215477466583252
1353,1,0.8104138970375061
1354,1,0.7236785292625427
1355,1,0.6884074211120605
1356,1,0.9116409420967102
1357,1,0.7692190408706665
1358,1,0.5942118167877197
1359,1,0.7778093218803406
1360,1,0.5258495807647705
1361,1,0.874200165271759
1362,1,0.9453963041305542
1363,1,0.8335375785827637
1364,1,0.8701804280281067
1365,1,0.9588291049003601
1366,1,0.585184633731842
1367,1,0.7632564306259155
1368,1,0.8235982060432434
1369,1,0.8190112709999084
1370,1,0.942895233631134
1371,1,0.4463140368461609
1372,1,0.5955129265785217
1373,1,0.7838453650474548
1374,1,0.47185108065605164
1375,1,0.60365229845047
1376,1,0.6103391647338867
1377,1,0.6365206837654114
1378,1,0.5222060084342957
1379,1,0.34662485122680664
1380,1,0.44925761222839355
1381,1,0.5874575972557068
1382,1,0.9660468697547913
1383,1,0.7954917550086975
1384,1,0.958306074142456
1385,1,0.7799534797668457
1386,1,0.8252082467079163
1387,1,0.9375569224357605
1388,1,0.22721433639526367
1389,1,0.8365591764450073
1390,1,0.9352039098739624
1391,1,0.9297811985015869
1392,1,0.8948036432266235
1393,1,0.8614550232887268
1394,1,0.9483600854873657
1395,1,0.9803476929664612
1396,1,0.7852098941802979
1397,1,0.8299078941345215
1398,1,0.6722140908241272
1399,1,0.9388169050216675
1400,1,0.9000004529953003
1401,1,0.9513261914253235
1402,1,0.8896008729934692
1403,1,0.9148790836334229
1404,1,0.823920488357544
1405,1,0.9070618748664856
1406,1,0.38330820202827454
1407,1,0.9178910255432129
1408,1,0.9067356586456299
1409,1,0.9439162015914917
1410,1,0.9126121997833252
1411,1,0.9313068985939026
1412,1,0.8711244463920593
1413,1,0.8628410696983337
1414,1,0.9312875270843506
1415,1,0.9576050639152527
1416,1,0.966532289981842
1417,1,0.8320450186729431
1418,1,0.9160745143890381
1419,1,0.9323011636734009
1420,1,0.9572028517723083
1421,1,0.9191867709159851
1422,1,0.8220666646957397
1423,1,0.4852328300476074
1424,1,0.15262199938297272
1425,1,0.7480956315994263
1426,1,0.6680847406387329
1427,1,0.8587225079536438
1428,1,0.9658313989639282
1429,1,0.9273392558097839
1430,1,0.9777770042419434
1431,1,0.9541944861412048
1432,1,0.9765622019767761
1433,1,0.9304270148277283
1434,1,0.9285719990730286
1435,1,0.9076438546180725
1436,1,0.8494355082511902
1437,1,0.8127244114875793
1438,1,0.33187001943588257
1439,1,0.3622302711009979
1440,1,0.7208278179168701
1441,1,0.48921677470207214
1442,1,0.7678343057632446
1443,1,0.8358831405639648
1444,1,0.9171657562255859
1445,1,0.8855451345443726
1446,1,0.8097708225250244
1447,1,0.7527282238006592
1448,1,0.594413161277771
1449,1,0.9172663688659668
1450,1,0.764587938785553
1451,1,0.8665655851364136
1452,1,0.9061157703399658
1453,1,0.7813916206359863
1454,1,0.7336371541023254
1455,1,0.8912793397903442
1456,1,0.9256007075309753
1457,1,0.9173389673233032
1458,1,0.7954761385917664
1459,1,0.8512561917304993
1460,1,0.9278882145881653
1461,1,0.4796757698059082
1462,1,0.9725952744483948
1463,1,0.9250466823577881
1464,1,0.942992627620697
1465,1,0.9173087477684021
1466,1,0.8934668302536011
1467,1,0.8992867469787598
1468,1,0.9036567807197571
1469,1,0.930061936378479
1470,1,0.7517001032829285
1471,1,0.9783537983894348
1472,1,0.5784951448440552
1473,1,0.7059286236763
1474,1,0.33437833189964294
1475,1,0.7286738157272339
1476,1,0.7817476987838745
1477,1,0.47037556767463684
1478,1,0.48236849904060364
1479,1,0.5908343195915222
1480,1,0.5208145976066589
1481,1,0.48847395181655884
1482,1,0.4347248077392578
1483,1,0.37307220697402954
1484,1,0.569834291934967
1485,1,0.8571696877479553
1486,1,0.8525636196136475
1487,1,0.5916058421134949
1488,1,0.6323105692863464
1489,1,0.7686502933502197
1490,1,0.894662618637085
1491,1,0.7780977487564087
1492,1,0.7539659142494202
1493,1,0.8415080308914185
1494,1,0.3562124967575073
1495,1,0.8569478988647461
1496,1,0.8526493310928345
1497,1,0.4738443195819855
1498,1,0.6990470886230469
1499,1,0.9326232075691223
1500,1,0.8520103096961975
1501,1,0.7386683821678162
1502,1,0.9463499784469604
1503,1,0.685933530330658
1504,1,0.611186146736145
1505,1,0.5128100514411926
1506,1,0.6710749864578247
1507,1,0.4322564899921417
1508,1,0.666138768196106
1509,1,0.6674178242683411
1510,1,0.7576241493225098
1511,1,0.5684745907783508
1512,1,0.5123404264450073
1513,1,0.9752545356750488
1514,1,0.9705219864845276
1515,1,0.4212397038936615
1516,1,0.6117411851882935
1517,1,0.6544175148010254
1518,1,0.8609971404075623
1519,1,0.8284759521484375
1520,1,0.7042048573493958
1521,1,0.901212751865387
1522,1,0.922635555267334
1523,1,0.5215768814086914
1524,1,0.8951221704483032
1525,1,0.44323018193244934
1526,1,0.7102009654045105
1527,1,0.8737475275993347
1528,1,0.9368288516998291
1529,1,0.4747978746891022
1530,1,0.7970378994941711
1531,1,0.8884515762329102
1532,1,0.6571418642997742
1533,1,0.8209359049797058
1534,1,0.9115592837333679
1535,1,0.9403218030929565
1536,1,0.9234430193901062
1537,1,0.6832163333892822
1538,1,0.7246584296226501
1539,1,0.720163106918335
1540,1,0.7266032099723816
1541,1,0.9002837538719177
1542,1,0.4575098752975464
1543,1,0.7387672662734985
1544,1,0.777604341506958
1545,1,0.851238489151001
1546,1,0.5214875936508179
1547,1,0.43188759684562683
1548,1,0.8137052059173584
1549,1,0.5463442802429199
1550,1,0.714545726776123
1551,1,0.7676761746406555
1552,1,0.8899787664413452
1553,1,0.848781168460846
1554,1,0.6640154123306274
1555,1,0.9587632417678833
1556,1,0.9578499794006348
1557,1,0.898587703704834
1558,1,0.9447038173675537
1559,1,0.9377378225326538
1560,1,0.945839524269104
1561,1,0.969623863697052
1562,1,0.8510697484016418
1563,1,0.5589191317558289
1564,1,0.7742688059806824
1565,1,0.823897659778595
1566,1,0.8008489012718201
1567,1,0.9114142060279846
1568,1,0.9411435127258301
1569,1,0.8028378486633301
1570,1,0.8481107950210571
1571,1,0.8270006775856018
1572,1,0.970095157623291
1573,1,0.9748679399490356
1574,1,0.9656097292900085
1575,1,0.9566380381584167
1576,1,0.8218401074409485
1577,1,0.8970628380775452
1578,1,0.8776111006736755
1579,1,0.986221194267273
1580,1,0.949571967124939
1581,1,0.9245958924293518
1582,1,0.860713005065918
1583,1,0.926024854183197
1584,1,0.9131051898002625
1585,1,0.65775465965271
1586,1,0.8866263628005981
1587,1,0.8536038398742676
1588,1,0.8574659824371338
1589,1,0.8583945035934448
1590,1,0.9478622078895569
1591,1,0.9568476676940918
1592,1,0.846013069152832
1593,1,0.9121984839439392
1594,1,0.8837266564369202
1595,1,0.8953729867935181
1596,1,0.8953547477722168
1597,1,0.8076029419898987
1598,1,0.9119981527328491
1599,1,0.9351231455802917
1600,1,0.827564001083374
1601,1,0.9398097991943359
1602,1,0.9609075784683228
1603,1,0.8944878578186035
1604,1,0.8948586583137512
1605,1,0.9528048038482666
1606,1,0.8842712044715881
1607,1,0.4483626186847687
1608,1,0.9530598521232605
1609,1,0.6948027610778809
1610,1,0.9586426019668579
1611,1,0.9537594318389893
1612,1,0.9031160473823547
1613,1,0.8352875113487244
1614,1,0.9698086380958557
1615,1,0.9386486411094666
1616,1,0.6956863403320312
1617,1,0.7700671553611755
1618,1,0.9107238054275513
1619,1,0.4348524510860443
1620,1,0.7940090298652649
1621,1,0.6309158802032471
1622,1,0.7221615314483643
1623,1,0.7133914232254028
1624,1,0.8323614001274109
1625,1,0.8117403984069824
1626,1,0.8811680674552917
1627,1,0.9408197999000549
1628,1,0.791935920715332
1629,1,0.8293930888175964
1630,1,0.4356556534767151
1631,1,0.8786740303039551
1632,1,0.5817492008209229
1633,1,0.9034318923950195
1634,1,0.6830956339836121
1635,1,0.6302910447120667
1636,1,0.4853256940841675
1637,1,0.9477237462997437
1638,1,0.678753674030304
1639,1,0.7986891269683838
1640,1,0.545936644077301
1641,1,0.3935404419898987
1642,1,0.622449517250061
1643,1,0.9394697546958923
1644,1,0.6795564889907837
1645,1,0.6777026057243347
1646,1,0.9231607913970947
1647,1,0.9210651516914368
1648,1,0.90694260597229
1649,1,0.4742181599140167
1650,1,0.1653393805027008
1651,1,0.16644951701164246
1652,1,0.2778434753417969
1653,1,0.3335004150867462
1654,1,0.22951214015483856
1655,1,0.22924752533435822
1656,1,0.19238166511058807
1657,1,0.39905232191085815
1658,1,0.22204594314098358
1659,1,0.148473858833313
1660,1,0.2741299271583557
1661,1,0.16428633034229279
1662,1,0.28650423884391785
1663,1,0.24317236244678497
1664,1,0.09350258857011795
1665,1,0.31078067421913147
1666,1,0.9426243305206299
1667,1,0.9282490611076355
1668,1,0.9611995816230774
1669,1,0.824819803237915
1670,1,0.8768001198768616
1671,1,0.8493397831916809
1672,1,0.9523178339004517
1673,1,0.4457823932170868
1674,1,0.15866541862487793
1675,1,0.17572247982025146
1676,1,0.6453096866607666
1677,1,0.8939951658248901
1678,1,0.9574300050735474
1679,1,0.9318990111351013
1680,1,0.584007203578949
1681,1,0.8728281259536743
1682,1,0.4149951934814453
1683,1,0.9237368106842041
1684,1,0.8803039193153381
1685,1,0.928642213344574
1686,1,0.6797149181365967
1687,1,0.36304971575737
1688,1,0.8217397928237915
1689,1,0.8976869583129883
1690,1,0.5212828516960144
1691,1,0.4506711959838867
1692,1,0.5370537042617798
1693,1,0.9068019390106201
1694,1,0.883323609828949
1695,1,0.4242313504219055
1696,1,0.8415169715881348
1697,1,0.9292388558387756
1698,1,0.7425360679626465
1699,1,0.9527197480201721
1700,1,0.9502058029174805
1701,1,0.3473769724369049
1702,1,0.8902990818023682
1703,1,0.9410471320152283
1704,1,0.06664171069860458
1705,1,0.8576132655143738
1706,1,0.8939850926399231
1707,1,0.718096137046814
1708,1,0.4960424602031708
1709,1,0.7846918702125549
1710,1,0.9535701274871826
1711,1,0.5384006500244141
1712,1,0.6784856915473938
1713,1,0.8852510452270508
1714,1,0.9243472218513489
1715,1,0.4683339297771454
1716,1,0.5779783129692078
1717,1,0.523292064666748
1718,1,0.44198164343833923
1719,1,0.44220608472824097
1720,1,0.548496425151825
1721,1,0.5037322640419006
1722,1,0.9490172266960144
1723,1,0.6719513535499573
1724,1,0.8855246901512146
1725,1,0.5247474908828735
1726,1,0.9470853805541992
1727,1,0.6799258589744568
1728,1,0.9651716351509094
1729,1,0.9299076795578003
1730,1,0.859645664691925
1731,1,0.3606361746788025
1732,1,0.9439388513565063
1733,1,0.9091541171073914
1734,1,0.8690477013587952
1735,1,0.8628823161125183
1736,1,0.4897007942199707
1737,1,0.5145125985145569
1738,1,0.9312605857849121
1739,1,0.9179876446723938
1740,1,0.8570133447647095
1741,1,0.9711016416549683
1742,1,0.6149319410324097
1743,1,0.5758585333824158
1744,1,0.6085253953933716
1745,1,0.8368991017341614
1746,1,0.9477991461753845
1747,1,0.8897882103919983
1748,1,0.4248672425746918
1749,1,0.9134566783905029
1750,1,0.6822766661643982
1751,1,0.9474306702613831
1752,1,0.9491276144981384
1753,1,0.827312171459198
1754,1,0.9682874083518982
1755,1,0.9411656856536865
1756,1,0.9070428609848022
1757,1,0.3457261323928833
1758,1,0.44377848505973816
1759,1,0.865960419178009
1760,1,0.8120958209037781
1761,1,0.843233048915863
1762,1,0.8586257696151733
1763,1,0.9443932771682739
1764,1,0.7390676736831665
1765,1,0.5604011416435242
1766,1,0.9720070958137512
1767,1,0.5169059634208679
1768,1,0.9533900022506714
1769,1,0.9526939988136292
1770,1,0.8782445192337036
1771,1,0.8933357000350952
1772,1,0.7687676548957825
1773,1,0.9278742671012878
1774,1,0.538999080657959
1775,1,0.9744827747344971
1776,1,0.8529951572418213
1777,1,0.6986278295516968
1778,1,0.8025063276290894
1779,1,0.9007200002670288
1780,1,0.6667336225509644
1781,1,0.957468569278717
1782,1,0.6979115009307861
1783,1,0.39757317304611206
1784,1,0.9296541810035706
1785,1,0.824097752571106
1786,1,0.9531686902046204
1787,1,0.8682565689086914
1788,1,0.9126561880111694
1789,1,0.9824129343032837
1790,1,0.8408353328704834
1791,1,0.8790762424468994
1792,1,0.49482762813568115
1793,1,0.8908493518829346
1794,1,0.9468982815742493
1795,1,0.722463071346283
1796,1,0.9027038216590881
1797,1,0.7866248488426208
1798,1,0.9447535872459412
1799,1,0.7882379293441772
1800,1,0.779593288898468
1801,1,0.6904491782188416
1802,1,0.5712074637413025
1803,1,0.8406050801277161
1804,1,0.4796562194824219
1805,1,0.49201303720474243
1806,1,0.5306892991065979
1807,1,0.9385169148445129
1808,1,0.7778417468070984
1809,1,0.9081773161888123
1810,1,0.6236443519592285
1811,1,0.34597858786582947
1812,1,0.7560780644416809
1813,1,0.6935580968856812
1814,1,0.9708217978477478
1815,1,0.9230857491493225
1816,1,0.6994403004646301
1817,1,0.8238231539726257
1818,1,0.956985354423523
1819,1,0.9024521708488464
1820,1,0.5487061142921448
1821,1,0.4017019271850586
1822,1,0.5178693532943726
1823,1,0.8569390177726746
1824,1,0.7815232276916504
1825,1,0.8172486424446106
1826,1,0.8095247745513916
1827,1,0.8784904479980469
1828,1,0.9658291935920715
1829,1,0.836725115776062
1830,1,0.6132994294166565
1831,1,0.8190619945526123
1832,1,0.5570420026779175
1833,1,0.8531652092933655
1834,1,0.9615681171417236
1835,1,0.4759127199649811
1836,1,0.8906813263893127
1837,1,0.9516063332557678
1838,1,0.677699625492096
1839,1,0.6470378041267395
1840,1,0.5090545415878296
1841,1,0.6443675756454468
1842,1,0.6229918003082275
1843,1,0.6547142863273621
1844,1,0.7142437100410461
1845,1,0.5349972248077393
1846,1,0.5323857665061951
1847,1,0.9557351469993591
1848,1,0.632656991481781
1849,1,0.4804055988788605
1850,1,0.8173720240592957
1851,1,0.5427339673042297
1852,1,0.7990195155143738
1853,1,0.7824416756629944
1854,1,0.8542366027832031
1855,1,0.8656719326972961
1856,1,0.8711553812026978
1857,1,0.9828829169273376
1858,1,0.6440314054489136
1859,1,0.9053838849067688
1860,1,0.7494924068450928
1861,1,0.6721488833427429
1862,1,0.8884092569351196
1863,1,0.9564589858055115
1864,1,0.612506091594696
1865,1,0.4073418378829956
1866,1,0.49634918570518494
1867,1,0.695885956287384
1868,1,0.6338714361190796
1869,1,0.7801526188850403
1870,1,0.8887481689453125
1871,1,0.4751715362071991
1872,1,0.9177560806274414
1873,1,0.5072706341743469
1874,1,0.9409303665161133
1875,1,0.4661089777946472
1876,1,0.8393694758415222
1877,1,0.5626268982887268
1878,1,0.9642277359962463
1879,1,0.48133787512779236
1880,1,0.36683839559555054
1881,1,0.5346150994300842
1882,1,0.36023184657096863
1883,1,0.3567311763763428
1884,1,0.6555942296981812
1885,1,0.43559932708740234
1886,1,0.5805148482322693
1887,1,0.30723172426223755
1888,1,0.4285827875137329
1889,1,0.735817015171051
1890,1,0.6705429553985596
1891,1,0.4553097188472748
1892,1,0.3790203630924225
1893,1,0.5438809990882874
1894,1,0.8964213728904724
1895,1,0.8253231644630432
1896,1,0.5606908798217773
1897,1,0.8141436576843262
1898,1,0.05918422341346741
1899,1,0.8810343146324158
1900,1,0.5417585372924805
1901,1,0.868792712688446
1902,1,0.48086240887641907
1903,1,0.40726712346076965
1904,1,0.2776590585708618
1905,1,0.503092348575592
1906,1,0.5596385598182678
1907,1,0.9206697940826416
1908,1,0.6821115612983704
1909,1,0.5727788805961609
1910,1,0.8211846351623535
1911,1,0.3503257632255554
1912,1,0.4565352201461792
1913,1,0.33488720655441284
1914,1,0.2957710325717926
1915,1,0.6705547571182251
1916,1,0.3541259765625
1917,1,0.6726967692375183
1918,1,0.8396349549293518
1919,1,0.44782108068466187
1920,1,0.9012562036514282
1921,1,0.8166688680648804
1922,1,0.7703559994697571
1923,1,0.5788841843605042
1924,1,0.702988862991333
1925,1,0.8941956162452698
1926,1,0.8920665979385376
1927,1,0.7913845181465149
1928,1,0.881073534488678
1929,1,0.6440947651863098
1930,1,0.8902440071105957
1931,1,0.9767407178878784
1932,1,0.8962927460670471
1933,1,0.9533690214157104
1934,1,0.9672616720199585
1935,1,0.9754287004470825
1936,1,0.563308835029602
1937,1,0.5008440613746643
1938,1,0.8117407560348511
1939,1,0.9434918761253357
1940,1,0.9684856534004211
1941,1,0.8219996094703674
1942,1,0.7928984761238098
1943,1,0.9373168349266052
1944,1,0.648682713508606
1945,1,0.6528648138046265
1946,1,0.9362345337867737
1947,1,0.9603726267814636
1948,1,0.8694406747817993
1949,1,0.8680688738822937
1950,1,0.32155799865722656
1951,1,0.9669210910797119
1952,1,0.9125970005989075
1953,1,0.5981512069702148
1954,1,0.8982726335525513
1955,1,0.5812948346138
1956,1,0.9225985407829285
1957,1,0.8536534905433655
1958,1,0.7126991152763367
1959,1,0.9490882754325867
1960,1,0.9475517868995667
1961,1,0.9475514888763428
1962,1,0.9086024761199951
1963,1,0.7159654498100281
1964,1,0.9621044397354126
1965,1,0.7535846829414368
1966,1,0.916746973991394
1967,1,0.7596839666366577
1968,1,0.9580273032188416
1969,1,0.8619950413703918
1970,1,0.8396852612495422
1971,1,0.6208941340446472
1972,1,0.9132063984870911
1973,1,0.5172929763793945
1974,1,0.8939571976661682
1975,1,0.7795572280883789
1976,1,0.9466878771781921
1977,1,0.5153351426124573
1978,1,0.9147467017173767
1979,1,0.6361865401268005
1980,1,0.7505137920379639
1981,1,0.5280570983886719
1982,1,0.45358797907829285
1983,1,0.5144320130348206
1984,1,0.3277842104434967
1985,1,0.17514367401599884
1986,1,0.5223644971847534
1987,1,0.4611089825630188
1988,1,0.5415370464324951
1989,1,0.3997923731803894
1990,1,0.42109939455986023
1991,0,0.4457823932170868
1992,0,0.3784182071685791
1993,0,0.4623321294784546
1994,0,0.2053043246269226
1995,0,0.343173086643219
1996,0,0.1955779492855072
1997,0,0.4390143156051636
1998,0,0.16430766880512238
1999,0,0.5223585963249207
2000,0,0.1941792368888855
2001,0,0.4479512870311737
2002,0,0.6442008018493652
2003,0,0.2639962136745453
2004,0,0.409485787153244
2005,0,0.5896146893501282
2006,0,0.5152814388275146
2007,0,0.307253360748291
2008,0,0.327973335981369
2009,0,0.19279462099075317
2010,0,0.14919017255306244
2011,0,0.1432429701089859
2012,0,0.31234434247016907
2013,0,0.12146227061748505
2014,0,0.6316026449203491
2015,0,0.13439619541168213
2016,0,0.5621046423912048
2017,0,0.5347152352333069
2018,0,0.2518317699432373
2019,0,0.21675434708595276
2020,0,0.14355213940143585
2021,0,0.5671830773353577
2022,0,0.6760073900222778
2023,0,0.8956196904182434
2024,0,0.35756149888038635
2025,0,0.09530061483383179
2026,0,0.12725669145584106
2027,0,0.3628775477409363
2028,0,0.7857153415679932
2029,0,0.2896304726600647
2030,0,0.07426396757364273
2031,0,0.36691099405288696
2032,0,0.3327663540840149
2033,0,0.09244153648614883
2034,0,0.20566512644290924
2035,0,0.06168645620346069
2036,0,0.5749408006668091
2037,0,0.22339604794979095
2038,0,0.2544248700141907
2039,0,0.05977429449558258
2040,0,0.038064178079366684
2041,0,0.2095799744129181
2042,0,0.4356556534767151
2043,0,0.23761457204818726
2044,0,0.4457823932170868
2045,0,0.4582933485507965
2046,0,0.6135883331298828
2047,0,0.02832457795739174
2048,0,0.5843617916107178
2049,0,0.290901780128479
2050,0,0.32189497351646423
2051,0,0.4612933099269867
2052,0,0.24538666009902954
2053,0,0.6547703146934509
2054,0,0.1427190899848938
2055,0,0.08439410477876663
2056,0,0.40904051065444946
2057,0,0.22879548370838165
2058,0,0.41900286078453064
2059,0,0.25457829236984253
2060,0,0.40966808795928955
2061,0,0.600490391254425
2062,0,0.20073546469211578
2063,0,0.30284613370895386
2064,0,0.5022379159927368
2065,0,0.5036749243736267
2066,0,0.477981299161911
2067,0,0.6164565086364746
2068,0,0.09510357677936554
2069,0,0.22610688209533691
2070,0,0.303966224193573
2071,0,0.14713482558727264
2072,0,0.587022602558136
2073,0,0.5240857005119324
2074,0,0.6169654726982117
2075,0,0.5686929821968079
2076,0,0.2234242856502533
2077,0,0.22307030856609344
2078,0,0.185720294713974
2079,0,0.45776650309562683
2080,0,0.14177526533603668
2081,0,0.4945661723613739
2082,0,0.23938310146331787
2083,0,0.2402919977903366
2084,0,0.345237672328949
2085,0,0.3571224510669708
2086,0,0.8602818250656128
2087,0,0.3685210049152374
2088,0,0.4699588716030121
2089,0,0.5038269758224487
2090,0,0.0848148912191391
2091,0,0.6344389915466309
2092,0,0.5548379421234131
2093,0,0.34749215841293335
2094,0,0.11493971943855286
2095,0,0.08099813014268875
2096,0,0.11416447162628174
2097,0,0.5680214762687683
2098,0,0.17037035524845123
2099,0,0.06068415194749832
2100,0,0.5617801547050476
2101,0,0.8460962772369385
2102,0,0.24767723679542542
2103,0,0.455879271030426
2104,0,0.04606475681066513
2105,0,0.31978631019592285
2106,0,0.8779102563858032
2107,0,0.08928505331277847
2108,0,0.519805371761322
2109,0,0.11369478702545166
2110,0,0.523626446723938
2111,0,0.39027169346809387
2112,0,0.6292351484298706
2113,0,0.45727577805519104
2114,0,0.20968519151210785
2115,0,0.10846784710884094
2116,0,0.13022348284721375
2117,0,0.7711049914360046
2118,0,0.7231078743934631
2119,0,0.3318294286727905
2120,0,0.042579229921102524
2121,0,0.047441910952329636
2122,0,0.5644877552986145
2123,0,0.23076051473617554
2124,0,0.5417585372924805
2125,0,0.5068246126174927
2126,0,0.2471303939819336
2127,0,0.3907804787158966
2128,0,0.10176795721054077
2129,0,0.2366189956665039
2130,0,0.5540634393692017
2131,0,0.8059870600700378
2132,0,0.4296746253967285
2133,0,0.10098958760499954
2134,0,0.26295825839042664
2135,0,0.3244777023792267
2136,0,0.3091801404953003
2137,0,0.07223139703273773
2138,0,0.2455613613128662
2139,0,0.36501047015190125
2140,0,0.4267960488796234
2141,0,0.11858271807432175
2142,0,0.7646873593330383
2143,0,0.44184809923171997
2144,0,0.3519231677055359
2145,0,0.1758016049861908
2146,0,0.9055269360542297
2147,0,0.5920891761779785
2148,0,0.7312994003295898
2149,0,0.3176731765270233
2150,0,0.39573028683662415
2151,0,0.7936882972717285
2152,0,0.1040586307644844
2153,0,0.14941400289535522
2154,0,0.2871922552585602
2155,0,0.45127856731414795
2156,0,0.4655473232269287
2157,0,0.5698252320289612
2158,0,0.5811682939529419
2159,0,0.9413887858390808
2160,0,0.7187139987945557
2161,0,0.5391457676887512
2162,0,0.13065765798091888
2163,0,0.48974093794822693
2164,0,0.2877004146575928
2165,0,0.12523233890533447
2166,0,0.16401022672653198
2167,0,0.5129737257957458
2168,0,0.25155219435691833
2169,0,0.6629809737205505
2170,0,0.563633918762207
2171,0,0.18483008444309235
2172,0,0.4827670156955719
2173,0,0.496244877576828
2174,0,0.07708604633808136
2175,0,0.512299656867981
2176,0,0.08008138835430145
2177,0,0.35576194524765015
2178,0,0.15609107911586761
2179,0,0.5646145343780518
2180,0,0.06342074275016785
2181,0,0.5186834931373596
2182,0,0.7000725269317627
2183,0,0.09737712889909744
2184,0,0.21638460457324982
2185,0,0.32923030853271484
2186,0,0.7401235699653625
2187,0,0.46619850397109985
2188,0,0.7836630344390869
2189,0,0.5293221473693848
2190,0,0.6146045923233032
2191,0,0.13184039294719696
2192,0,0.45035621523857117
2193,0,0.23867926001548767
2194,0,0.660793662071228
2195,0,0.6330564022064209
2196,0,0.5627678632736206
2197,0,0.5080786347389221
2198,0,0.6283529996871948
2199,0,0.4489392638206482
2200,0,0.4029408395290375
2201,0,0.17102377116680145
2202,0,0.08274441957473755
2203,0,0.4457823932170868
2204,0,0.6614298820495605
2205,0,0.6093262434005737
2206,0,0.06749138981103897
2207,0,0.06663425266742706
2208,0,0.9233353734016418
2209,0,0.654024600982666
2210,0,0.04673107713460922
2211,0,0.068518728017807
2212,0,0.23485314846038818
2213,0,0.14090661704540253
2214,0,0.3927801549434662
2215,0,0.3045799434185028
2216,0,0.5374526381492615
2217,0,0.7956835031509399
2218,0,0.9063100218772888
2219,0,0.4075334370136261
2220,0,0.8198155760765076
2221,0,0.3919404149055481
2222,0,0.2889379858970642
2223,0,0.4119192957878113
2224,0,0.33966687321662903
2225,0,0.03840366750955582
2226,0,0.3006035387516022
2227,0,0.5417585372924805
2228,0,0.2749495208263397
2229,0,0.9011681079864502
2230,0,0.04045266658067703
2231,0,0.36460080742836
2232,0,0.5682937502861023
2233,0,0.31531795859336853
2234,0,0.4419334828853607
2235,0,0.09630119800567627
2236,0,0.11053536087274551
2237,0,0.5957335233688354
2238,0,0.15213757753372192
2239,0,0.7216195464134216
2240,0,0.4475627541542053
2241,0,0.13548947870731354
2242,0,0.1112302914261818
2243,0,0.6029758453369141
2244,0,0.1324833184480667
2245,0,0.3743676245212555
2246,0,0.27839797735214233
2247,0,0.37044039368629456
2248,0,0.3881135880947113
2249,0,0.29294559359550476
2250,0,0.0549984946846962
2251,0,0.6421278715133667
2252,0,0.5488651394844055
2253,0,0.49274760484695435
2254,0,0.38330820202827454
2255,0,0.3340000510215759
2256,0,0.18402408063411713
2257,0,0.04625888913869858
2258,0,0.2570919692516327
2259,0,0.2410317063331604
2260,0,0.8765058517456055
2261,0,0.3022647798061371
2262,0,0.722239077091217
2263,0,0.381643146276474
2264,0,0.09887907654047012
2265,0,0.4469876289367676
2266,0,0.3411378860473633
2267,0,0.030823681503534317
2268,0,0.4340144991874695
2269,0,0.40798166394233704
2270,0,0.25494584441185
2271,0,0.2757441997528076
2272,0,0.08872432261705399
2273,0,0.4791193902492523
2274,0,0.49554386734962463
2275,0,0.22536972165107727
2276,0,0.29362741112709045
2277,0,0.757274866104126
2278,0,0.026667453348636627
2279,0,0.14318455755710602
2280,0,0.20709598064422607
2281,0,0.7181386351585388
2282,0,0.4796757698059082
2283,0,0.6282624006271362
2284,0,0.21441881358623505
2285,0,0.2525922656059265
2286,0,0.3423725962638855
2287,0,0.5897517800331116
2288,0,0.32717394828796387
2289,0,0.3615773618221283
2290,0,0.556308925151825
2291,0,0.05902897194027901
2292,0,0.4963262677192688
2293,0,0.06943760812282562
2294,0,0.2770552337169647
2295,0,0.4601646959781647
2296,0,0.9261875152587891
2297,0,0.15667888522148132
2298,0,0.5064529776573181
2299,0,0.1798923760652542
2300,0,0.264221727848053
2301,0,0.6921565532684326
2302,0,0.3354988098144531
2303,0,0.5393932461738586
2304,0,0.3192307651042938
2305,0,0.09785706549882889
2306,0,0.19699862599372864
2307,0,0.06045810133218765
2308,0,0.6324523091316223
2309,0,0.46761786937713623
2310,0,0.008397326804697514
2311,0,0.5462918877601624
2312,0,0.11401260644197464
2313,0,0.47338059544563293
2314,0,0.2409326434135437
2315,0,0.05626523867249489
2316,0,0.5748187303543091
2317,0,0.23709294199943542
2318,0,0.2578255832195282
2319,0,0.13625097274780273
2320,0,0.41973423957824707
2321,0,0.3465261459350586
2322,0,0.6180353164672852
2323,0,0.9451029300689697
2324,0,0.4475627541542053
2325,0,0.52027827501297
2326,0,0.7517554759979248
2327,0,0.6498459577560425
2328,0,0.12857240438461304
2329,0,0.47206178307533264
2330,0,0.5287067294120789
2331,0,0.29309505224227905
2332,0,0.3793509900569916
2333,0,0.6431387662887573
2334,0,0.6024630069732666
2335,0,0.4731176495552063
2336,0,0.08555302023887634
2337,0,0.011489525437355042
2338,0,0.0797918438911438
2339,0,0.37537792325019836
2340,0,0.43136221170425415
2341,0,0.014030639082193375
2342,0,0.2088540494441986
2343,0,0.25526708364486694
2344,0,0.05310044810175896
2345,0,0.46987420320510864
2346,0,0.19966818392276764
2347,0,0.15715305507183075
2348,0,0.15613868832588196
2349,0,0.1168505847454071
2350,0,0.5499294400215149
2351,0,0.07539273798465729
2352,0,0.06411217898130417
2353,0,0.6336866617202759
2354,0,0.08147057145833969
2355,0,0.4972536861896515
2356,0,0.15710647404193878
2357,0,0.1439468264579773
2358,0,0.5370996594429016
2359,0,0.28255215287208557
2360,0,0.6336089968681335
2361,0,0.1877509355545044
2362,0,0.6805807948112488
2363,0,0.19131889939308167
2364,0,0.2352900505065918
2365,0,0.18806539475917816
2366,0,0.41289278864860535
2367,0,0.12424884736537933
2368,0,0.4686776399612427
2369,0,0.26293641328811646
2370,0,0.3855328857898712
2371,0,0.25422465801239014
2372,0,0.22732841968536377
2373,0,0.08393758535385132
2374,0,0.5542880892753601
2375,0,0.5211378335952759
2376,0,0.22034364938735962
2377,0,0.26150327920913696
2378,0,0.7641948461532593
2379,0,0.2755982577800751
2380,0,0.39975616335868835
2381,0,0.8423151969909668
2382,0,0.1452304869890213
2383,0,0.44143012166023254
2384,0,0.1961943805217743
2385,0,0.3917004466056824
2386,0,0.34563806653022766
2387,0,0.5243743062019348
2388,0,0.15951915085315704
2389,0,0.6962162256240845
2390,0,0.12254398316144943
2391,0,0.6942623257637024
2392,0,0.5742531418800354
2393,0,0.13718201220035553
2394,0,0.45930927991867065
2395,0,0.670563817024231
2396,0,0.50879967212677
2397,0,0.4288378059864044
2398,0,0.38743022084236145
2399,0,0.5118712186813354
2400,0,0.07979268580675125
2401,0,0.29305562376976013
2402,0,0.1546451449394226
2403,0,0.08628033101558685
2404,0,0.5572003126144409
2405,0,0.459961473941803
2406,0,0.06344251334667206
2407,0,0.5508522391319275
2408,0,0.7186450958251953
2409,0,0.43825098872184753
2410,0,0.5282211303710938
2411,0,0.16299082338809967
2412,0,0.3865903913974762
2413,0,0.45068785548210144
2414,0,0.594817578792572
2415,0,0.519961953163147
2416,0,0.1990613341331482
2417,0,0.49830690026283264
2418,0,0.21524165570735931
2419,0,0.378868043422699
2420,0,0.5921762585639954
2421,0,0.3330696225166321
2422,0,0.27842360734939575
2423,0,0.2933501601219177
2424,0,0.048987992107868195
2425,0,0.3138708174228668
2426,0,0.18456585705280304
2427,0,0.4734753370285034
2428,0,0.38187387585639954
2429,0,0.45321545004844666
2430,0,0.6320141553878784
2431,0,0.19222038984298706
2432,0,0.14667406678199768
2433,0,0.1831011176109314
2434,0,0.20738500356674194
2435,0,0.22993244230747223
2436,0,0.022960595786571503
2437,0,0.433684378862381
2438,0,0.18570852279663086
2439,0,0.08965928107500076
2440,0,0.7376242280006409
2441,0,0.47065773606300354
2442,0,0.07387654483318329
2443,0,0.13149315118789673
2444,0,0.48528924584388733
2445,0,0.8753489255905151
2446,0,0.06981327384710312
2447,0,0.3258013427257538
2448,0,0.05724786967039108
2449,0,0.10692638903856277
2450,0,0.5209020972251892
2451,0,0.46229320764541626
2452,0,0.7696803212165833
2453,0,0.18815025687217712
2454,0,0.5537592768669128
2455,0,0.2069261223077774
2456,0,0.12660685181617737
2457,0,0.304251104593277
2458,0,0.64020174741745
2459,0,0.3558962345123291
2460,0,0.2746994197368622
2461,0,0.3148692548274994
2462,0,0.1759386658668518
2463,0,0.4314824044704437
2464,0,0.04190594330430031
2465,0,0.4796757698059082
2466,0,0.21659526228904724
2467,0,0.10665980726480484
2468,0,0.19127130508422852
2469,0,0.4614298939704895
2470,0,0.06688526272773743
2471,0,0.2590210437774658
2472,0,0.5033007860183716
2473,0,0.25276052951812744
2474,0,0.19691172242164612
2475,0,0.4997696876525879
2476,0,0.20535629987716675
2477,0,0.041057880967855453
2478,0,0.4093650281429291
2479,0,0.4072456359863281
2480,0,0.6532279253005981
2481,0,0.18036185204982758
2482,0,0.2137448638677597
2483,0,0.10370028764009476
2484,0,0.1706629991531372
2485,0,0.6208704710006714
2486,0,0.3280370235443115
2487,0,0.39406734704971313
2488,0,0.2035982459783554
2489,0,0.31349220871925354
2490,0,0.3175015151500702
2491,0,0.4424654245376587
2492,0,0.41523313522338867
2493,0,0.3679535388946533
2494,0,0.3206127882003784
2495,0,0.3395979702472687
2496,0,0.24171361327171326
2497,0,0.6162232756614685
2498,0,0.5412603616714478
2499,0,0.06758351624011993
2500,0,0.33403080701828003
2501,0,0.520889937877655
2502,0,0.4475627541542053
2503,0,0.2858346998691559
2504,0,0.12891675531864166
2505,0,0.28229933977127075
2506,0,0.21386857330799103
2507,0,0.37981799244880676
2508,0,0.3204042613506317
2509,0,0.4644630551338196
2510,0,0.04916723445057869
2511,0,0.5495594143867493
2512,0,0.13191483914852142
2513,0,0.3885888159275055
2514,0,0.11513690650463104
2515,0,0.0731297954916954
2516,0,0.11504585295915604
2517,0,0.5006752014160156
2518,0,0.2997986376285553
2519,0,0.19474859535694122
2520,0,0.4930720925331116
2521,0,0.5606732964515686
2522,0,0.06153365224599838
2523,0,0.5345318913459778
2524,0,0.5603157877922058
2525,0,0.7221659421920776
2526,0,0.11675071716308594
2527,0,0.28047534823417664
2528,0,0.9086653590202332
2529,0,0.4762331545352936
2530,0,0.4516850411891937
2531,0,0.5817350745201111
2532,0,0.5635352730751038
2533,0,0.3511880040168762
2534,0,0.36849063634872437
2535,0,0.7058066725730896
2536,0,0.3351890742778778
2537,0,0.48004502058029175
2538,0,0.26932820677757263
2539,0,0.24117811024188995
2540,0,0.48412567377090454
2541,0,0.09604624658823013
2542,0,0.06189475581049919
2543,0,0.16797477006912231
2544,0,0.5698563456535339
2545,0,0.5613913536071777
2546,0,0.2765336036682129
2547,0,0.06773343682289124
2548,0,0.10865690559148788
2549,0,0.342376172542572
2550,0,0.03932171314954758
2551,0,0.26389408111572266
2552,0,0.0930270403623581
2553,0,0.1903187334537506
2554,0,0.3396899998188019
2555,0,0.35260844230651855
2556,0,0.11642950773239136
2557,0,0.6336864233016968
2558,0,0.2060972899198532
2559,0,0.568716824054718
2560,0,0.072834812104702
2561,0,0.029760699719190598
2562,0,0.05404479801654816
2563,0,0.2085469663143158
2564,0,0.6397079229354858
2565,0,0.6877645254135132
2566,0,0.30544814467430115
2567,0,0.2098563313484192
2568,0,0.10737500339746475
2569,0,0.38613587617874146
2570,0,0.044058848172426224
2571,0,0.23341737687587738
2572,0,0.5025128126144409
2573,0,0.06365484744310379
2574,0,0.462077260017395
2575,0,0.07262896746397018
2576,0,0.2643571197986603
2577,0,0.4356556534767151
2578,0,0.3056946396827698
2579,0,0.23635660111904144
2580,0,0.1566065102815628
2581,0,0.7931349873542786
2582,0,0.5589632987976074
2583,0,0.2803467810153961
2584,0,0.5204190015792847
2585,0,0.2417820245027542
2586,0,0.07795700430870056
2587,0,0.43434956669807434
2588,0,0.8292582631111145
2589,0,0.1972658932209015
2590,0,0.5777422189712524
2591,0,0.23801188170909882
2592,0,0.32839304208755493
2593,0,0.46875467896461487
2594,0,0.6109359264373779
2595,0,0.16659599542617798
2596,0,0.10199695080518723
2597,0,0.2866162657737732
2598,0,0.45260903239250183
2599,0,0.6927154660224915
2600,0,0.5492279529571533
2601,0,0.4457823932170868
2602,0,0.42585769295692444
2603,0,0.14719842374324799
2604,0,0.5329519510269165
2605,0,0.5437729954719543
2606,0,0.04655740037560463
2607,0,0.11151248961687088
2608,0,0.01554778590798378
2609,0,0.06546548753976822
2610,0,0.5803110599517822
2611,0,0.0689612403512001
2612,0,0.31643107533454895
2613,0,0.2602531611919403
2614,0,0.17786933481693268
2615,0,0.5138554573059082
2616,0,0.13808779418468475
2617,0,0.0596015602350235
2618,0,0.058552585542201996
2619,0,0.1338607221841812
2620,0,0.17898215353488922
2621,0,0.20938563346862793
2622,0,0.5321413278579712
2623,0,0.6463771462440491
2624,0,0.14417238533496857
2625,0,0.4796757698059082
2626,0,0.35314619541168213
2627,0,0.3635995388031006
2628,0,0.3508906960487366
2629,0,0.046530403196811676
2630,0,0.5443439483642578
2631,0,0.35878920555114746
2632,0,0.6253129243850708
2633,0,0.37487825751304626
2634,0,0.20678293704986572
2635,0,0.28736916184425354
2636,0,0.026912502944469452
2637,0,0.5471161007881165
2638,0,0.27379754185676575
2639,0,0.06431183218955994
2640,0,0.10898715257644653
2641,0,0.569064736366272
2642,0,0.46185848116874695
2643,0,0.38330820202827454
2644,0,0.4945804178714752
2645,0,0.5836845636367798
2646,0,0.09124704450368881
2647,0,0.06841514259576797
2648,0,0.46975377202033997
2649,0,0.07136234641075134
2650,0,0.703997790813446
2651,0,0.45902448892593384
2652,0,0.45977360010147095
2653,0,0.6027572751045227
2654,0,0.0034372087102383375
2655,0,0.5832477807998657
2656,0,0.5410225987434387
2657,0,0.4228106141090393
2658,0,0.19134759902954102
2659,0,0.42151910066604614
2660,0,0.13124772906303406
2661,0,0.09893855452537537
2662,0,0.5556749701499939
2663,0,0.2060541808605194
2664,0,0.36254873871803284
2665,0,0.6050958037376404
2666,0,0.49894270300865173
2667,0,0.5056599378585815
2668,0,0.133030503988266
2669,0,0.6783806681632996
2670,0,0.24526722729206085
2671,0,0.3524029850959778
2672,0,0.2037504017353058
2673,0,0.5841836333274841
2674,0,0.2632843255996704
2675,0,0.2529852092266083
2676,0,0.31618738174438477
2677,0,0.07483410835266113
2678,0,0.23669235408306122
2679,0,0.12840980291366577
2680,0,0.0865698829293251
2681,0,0.4331568479537964
2682,0,0.8468735814094543
2683,0,0.39590251445770264
2684,0,0.6023762226104736
2685,0,0.24791260063648224
2686,0,0.17069272696971893
2687,0,0.027403850108385086
2688,0,0.4585149586200714
2689,0,0.2095220983028412
2690,0,0.18141977488994598
2691,0,0.4457823932170868
2692,0,0.5155574083328247
2693,0,0.592487096786499
2694,0,0.2574141025543213
2695,0,0.2009059488773346
2696,0,0.16163776814937592
2697,0,0.7112114429473877
2698,0,0.1544480174779892
2699,0,0.6840834021568298
2700,0,0.36757752299308777
2701,0,0.4796757698059082
2702,0,0.2858278155326843
2703,0,0.29504185914993286
2704,0,0.4187217056751251
2705,0,0.724967896938324
2706,0,0.4457823932170868
2707,0,0.5535313487052917
2708,0,0.07941742986440659
2709,0,0.13815565407276154
2710,0,0.32749173045158386
2711,0,0.3703562021255493
2712,0,0.42276209592819214
2713,0,0.49227243661880493
2714,0,0.05486302822828293
2715,0,0.3505873382091522
2716,0,0.6020958423614502
2717,0,0.2703953981399536
2718,0,0.13576675951480865
2719,0,0.4796757698059082
2720,0,0.5942093729972839
2721,0,0.39762240648269653
2722,0,0.8909247517585754
2723,0,0.23132438957691193
2724,0,0.3442927300930023
2725,0,0.13666683435440063
2726,0,0.339822381734848
2727,0,0.3579142987728119
2728,0,0.2463013380765915
2729,0,0.551165759563446
2730,0,0.38330820202827454
2731,0,0.6125476956367493
2732,0,0.26308247447013855
2733,0,0.7148131728172302
2734,0,0.4275297224521637
2735,0,0.49572378396987915
2736,0,0.5909311175346375
2737,0,0.3092353045940399
2738,0,0.5967889428138733
2739,0,0.050478771328926086
2740,0,0.5308209657669067
2741,0,0.14275938272476196
2742,0,0.04223982244729996
2743,0,0.048760559409856796
2744,0,0.4618830382823944
2745,0,0.0616755485534668
2746,0,0.6436893939971924
2747,0,0.48583996295928955
2748,0,0.3556343615055084
2749,0,0.5712943077087402
2750,0,0.3178658187389374
2751,0,0.291100412607193
2752,0,0.8622711300849915
2753,0,0.2539867162704468
2754,0,0.23393140733242035
2755,0,0.192950040102005
2756,0,0.32435691356658936
2757,0,0.1439104974269867
2758,0,0.44772258400917053
2759,0,0.5306338667869568
2760,0,0.022768326103687286
2761,0,0.11169527471065521
2762,0,0.8440991044044495
2763,0,0.49024999141693115
2764,0,0.37308967113494873
2765,0,0.4290478527545929
2766,0,0.48083505034446716
2767,0,0.10978663712739944
2768,0,0.38330820202827454
2769,0,0.5261915922164917
2770,0,0.05109160393476486
2771,0,0.4219669699668884
2772,0,0.06885582953691483
2773,0,0.059866711497306824
2774,0,0.5661637187004089
2775,0,0.6754090785980225
2776,0,0.2304816097021103
2777,0,0.31913527846336365
2778,0,0.4909042418003082
2779,0,0.37540221214294434
2780,0,0.09098115563392639
2781,0,0.5907424092292786
2782,0,0.6598020195960999
2783,0,0.353164941072464
2784,0,0.3019893169403076
2785,0,0.6312971115112305
2786,0,0.43220919370651245
2787,0,0.2777685225009918
2788,0,0.7406169772148132
2789,0,0.057487428188323975
2790,0,0.13433566689491272
2791,0,0.5270755887031555
2792,0,0.33130133152008057
2793,0,0.06829459220170975
2794,0,0.34442996978759766
2795,0,0.23252388834953308
2796,0,0.046054668724536896
2797,0,0.020440150052309036
2798,0,0.17636291682720184
2799,0,0.5915789008140564
2800,0,0.24071362614631653
2801,0,0.05556531250476837
2802,0,0.17375509440898895
2803,0,0.7695491909980774
2804,0,0.5652992129325867
2805,0,0.23343543708324432
2806,0,0.4457823932170868
2807,0,0.5781964063644409
2808,0,0.6406121850013733
2809,0,0.5388029217720032
2810,0,0.4457823932170868
2811,0,0.5615547299385071
2812,0,0.24276618659496307
2813,0,0.18995517492294312
2814,0,0.17357344925403595
2815,0,0.45969101786613464
2816,0,0.14135822653770447
2817,0,0.93988037109375
2818,0,0.05671299621462822
2819,0,0.9307474493980408
2820,0,0.5469734072685242
2821,0,0.2649592161178589
2822,0,0.9670441746711731
2823,0,0.6628787517547607
2824,0,0.07447921484708786
2825,0,0.4356556534767151
2826,0,0.33566826581954956
2827,0,0.036619290709495544
2828,0,0.22088882327079773
2829,0,0.6463066339492798
2830,0,0.31690648198127747
2831,0,0.5602920651435852
2832,0,0.4382133185863495
2833,0,0.051723457872867584
2834,0,0.43833935260772705
2835,0,0.12535806000232697
2836,0,0.84333336353302
2837,0,0.18354737758636475
2838,0,0.513297438621521
2839,0,0.5801946520805359
2840,0,0.9601019024848938
2841,0,0.43130114674568176
2842,0,0.49252402782440186
2843,0,0.09391837567090988
2844,0,0.4650931656360626
2845,0,0.36382007598876953
2846,0,0.7487413883209229
2847,0,0.6369709372520447
2848,0,0.3063666522502899
2849,0,0.017293691635131836
2850,0,0.06699950993061066
2851,0,0.6562723517417908
2852,0,0.4346940815448761
2853,0,0.03312009572982788
2854,0,0.40903541445732117
2855,0,0.5670292973518372
2856,0,0.26217415928840637
2857,0,0.11911123991012573
2858,0,0.3444591462612152
2859,0,0.04060337692499161
2860,0,0.055386703461408615
2861,0,0.1386355310678482
2862,0,0.11994117498397827
2863,0,0.3855428099632263
2864,0,0.5337815284729004
2865,0,0.24724245071411133
2866,0,0.09225933998823166
2867,0,0.4627402126789093
2868,0,0.3486762046813965
2869,0,0.5417585372924805
2870,0,0.32518455386161804
2871,0,0.4809015393257141
2872,0,0.2520189583301544
2873,0,0.13443037867546082
2874,0,0.3978610038757324
2875,0,0.40917059779167175
2876,0,0.7359694838523865
2877,0,0.38330820202827454
2878,0,0.17251862585544586
2879,0,0.1611964851617813
2880,0,0.07805120944976807
2881,0,0.25112617015838623
2882,0,0.12300069630146027
2883,0,0.3110376000404358
2884,0,0.06881213933229446
2885,0,0.9513981938362122
2886,0,0.534672737121582
2887,0,0.11613217741250992
2888,0,0.06242327764630318
2889,0,0.30121180415153503
2890,0,0.31806889176368713
2891,0,0.5995373129844666
2892,0,0.5737120509147644
2893,0,0.09258287400007248
2894,0,0.6048650145530701
2895,0,0.4457823932170868
2896,0,0.10963103175163269
2897,0,0.6400460600852966
2898,0,0.31675586104393005
2899,0,0.7657498121261597
2900,0,0.16699866950511932
2901,0,0.05208355933427811
2902,0,0.31478044390678406
2903,0,0.020117562264204025
2904,0,0.12600141763687134
2905,0,0.6086255311965942
2906,0,0.24342702329158783
2907,0,0.4353635311126709
2908,0,0.20131118595600128
2909,0,0.34446829557418823
2910,0,0.32448387145996094
2911,0,0.07655354589223862
2912,0,0.5127675533294678
2913,0,0.22094327211380005
2914,0,0.194292813539505
2915,0,0.4796757698059082
2916,0,0.6490222811698914
2917,0,0.47221603989601135
2918,0,0.14207379519939423
2919,0,0.07196547836065292
2920,0,0.2623779773712158
2921,0,0.17162789404392242
2922,0,0.37983983755111694
2923,0,0.09434190392494202
2924,0,0.06220640987157822
2925,0,0.3667562007904053
2926,0,0.34158623218536377
2927,0,0.7756043672561646
2928,0,0.4475627541542053
2929,0,0.06912405043840408
2930,0,0.542903482913971
2931,0,0.15969237685203552
2932,0,0.8416891098022461
2933,0,0.8052574992179871
2934,0,0.5855517387390137
2935,0,0.2369881272315979
2936,0,0.25275692343711853
2937,0,0.6670973300933838
2938,0,0.27282392978668213
2939,0,0.9298614859580994
2940,0,0.5210810899734497
2941,0,0.261327862739563
2942,0,0.4510290324687958
2943,0,0.12500622868537903
2944,0,0.9327455759048462
2945,0,0.6814272999763489
2946,0,0.48112794756889343
2947,0,0.27885496616363525
2948,0,0.8343566060066223
2949,0,0.3726791739463806
2950,0,0.571631908416748
2951,0,0.11232440918684006
2952,0,0.6549078226089478
2953,0,0.5284348726272583
2954,0,0.5172176957130432
2955,0,0.6596052050590515
2956,0,0.5311266779899597
2957,0,0.1774437576532364
2958,0,0.10938713699579239
2959,0,0.6256951689720154
2960,0,0.45749589800834656
2961,0,0.4457823932170868
2962,0,0.07002788782119751
2963,0,0.2726169228553772
2964,0,0.6019396185874939
2965,0,0.6361661553382874
2966,0,0.043184150010347366
2967,0,0.3142275810241699
2968,0,0.023386426270008087
2969,0,0.4551529884338379
2970,0,0.8165273070335388
2971,0,0.10477278381586075
2972,0,0.5232585072517395
2973,0,0.11770503222942352
2974,0,0.47335296869277954
2975,0,0.3822002708911896
2976,0,0.20742537081241608
2977,0,0.10192063450813293
2978,0,0.26677098870277405
2979,0,0.40049371123313904
2980,0,0.24589085578918457
2981,0,0.08092890679836273
2982,0,0.05141463503241539
2983,0,0.33775192499160767
2984,0,0.14820604026317596
2985,0,0.5202102065086365
2986,0,0.07239159196615219
2987,0,0.05951957404613495
2988,0,0.5046291351318359
2989,0,0.4931015372276306
2990,0,0.7196184992790222
2991,0,0.6207453012466431
2992,0,0.5537101626396179
2993,0,0.11696669459342957
2994,0,0.1061321496963501
2995,0,0.5607342720031738
2996,0,0.5677128434181213
2997,0,0.9547221660614014
2998,0,0.07369492202997208
2999,0,0.4272032678127289
3000,0,0.4838060736656189
3001,0,0.14600716531276703
3002,0,0.2165437787771225
3003,0,0.4605993330478668
3004,0,0.6258497834205627
3005,0,0.40893787145614624
3006,0,0.5221685767173767
3007,0,0.11397118121385574
3008,0,0.43405628204345703
3009,0,0.4092613160610199
3010,0,0.4792684018611908
3011,0,0.34475868940353394
3012,0,0.8664397597312927
3013,0,0.5341001152992249
3014,0,0.059477612376213074
3015,0,0.48236072063446045
3016,0,0.5021556615829468
3017,0,0.35840922594070435
3018,0,0.8256837725639343
3019,0,0.4556197226047516
3020,0,0.4796757698059082
3021,0,0.058463696390390396
3022,0,0.35756823420524597
3023,0,0.4099510908126831
3024,0,0.4108944833278656
3025,0,0.2899320423603058
3026,0,0.4356556534767151
3027,0,0.4918246269226074
3028,0,0.38059279322624207
3029,0,0.10118509829044342
3030,0,0.13357901573181152
3031,0,0.04782465845346451
3032,0,0.3616071045398712
3033,0,0.5398173332214355
3034,0,0.2754629850387573
3035,0,0.2730292081832886
3036,0,0.13678096234798431
3037,0,0.10637746751308441
3038,0,0.4222072958946228
3039,0,0.041274525225162506
3040,0,0.5673381686210632
3041,0,0.24481484293937683
3042,0,0.30887311697006226
3043,0,0.11009163409471512
3044,0,0.25948840379714966
3045,0,0.05573039874434471
3046,0,0.2199629694223404
3047,0,0.26544007658958435
3048,0,0.5225581526756287
3049,0,0.8481666445732117
3050,0,0.15088722109794617
3051,0,0.4676310420036316
3052,0,0.3428843915462494
3053,0,0.8982380032539368
3054,0,0.5594313144683838
3055,0,0.6567510962486267
3056,0,0.4353952407836914
3057,0,0.05300039425492287
3058,0,0.2251715362071991
3059,0,0.09885480254888535
3060,0,0.16237014532089233
3061,0,0.5632115006446838
3062,0,0.4356556534767151
3063,0,0.2962786853313446
3064,0,0.1106296256184578
3065,0,0.18169689178466797
3066,0,0.08438212424516678
3067,0,0.566028892993927
3068,0,0.4457823932170868
3069,0,0.16731594502925873
3070,0,0.231451153755188
3071,0,0.4531656801700592
3072,0,0.012074886821210384
3073,0,0.06658786535263062
3074,0,0.08589580655097961
3075,0,0.4475627541542053
3076,0,0.16868506371974945
3077,0,0.4980652332305908
3078,0,0.5008394122123718
3079,0,0.5213838815689087
3080,0,0.47097325325012207
3081,0,0.05819291993975639
3082,0,0.04263409227132797
3083,0,0.3636489808559418
3084,0,0.5343711972236633
3085,0,0.2569330036640167
3086,0,0.3004644811153412
3087,0,0.48182499408721924
3088,0,0.04426851123571396
3089,0,0.3919452428817749
3090,0,0.27561530470848083
3091,0,0.5432555079460144
3092,0,0.5614435076713562
3093,0,0.6940906643867493
3094,0,0.2238597273826599
3095,0,0.06962965428829193
3096,0,0.297715425491333
3097,0,0.14203505218029022
3098,0,0.5707495808601379
3099,0,0.5625579953193665
3100,0,0.5033888220787048
3101,0,0.10320339351892471
3102,0,0.7439202666282654
3103,0,0.48083505034446716
3104,0,0.33541738986968994
3105,0,0.3544854521751404
3106,0,0.32354679703712463
3107,0,0.2715449929237366
3108,0,0.37809866666793823
3109,0,0.4092445373535156
3110,0,0.7027381062507629
3111,0,0.48083505034446716
3112,0,0.11407738924026489
3113,0,0.45141059160232544
3114,0,0.0579211488366127
3115,0,0.3830703794956207
3116,0,0.7767620086669922
3117,0,0.08236810564994812
3118,0,0.4436436593532562
3119,0,0.5005174875259399
3120,0,0.18313895165920258
3121,0,0.06006273627281189
3122,0,0.8520775437355042
3123,0,0.1696159541606903
3124,0,0.5234802961349487
3125,0,0.35891664028167725
3126,0,0.46064287424087524
3127,0,0.09066347777843475
3128,0,0.6023932695388794
3129,0,0.2731097936630249
3130,0,0.5417585372924805
3131,0,0.6676279306411743
3132,0,0.6368870139122009
3133,0,0.06919823586940765
3134,0,0.30514487624168396
3135,0,0.1359250694513321
3136,0,0.5412922501564026
3137,0,0.44334083795547485
3138,0,0.5880729556083679
3139,0,0.06821535527706146
3140,0,0.07058048993349075
3141,0,0.22755011916160583
3142,0,0.6068650484085083
3143,0,0.30203112959861755
3144,0,0.12492486834526062
3145,0,0.01229818444699049
3146,0,0.1826607882976532
3147,0,0.5033951997756958
3148,0,0.3559059798717499
3149,0,0.20783837139606476
3150,0,0.10184527933597565
3151,0,0.019013023003935814
3152,0,0.32117322087287903
3153,0,0.19324691593647003
3154,0,0.514041006565094
3155,0,0.7282623052597046
3156,0,0.8086922764778137
3157,0,0.45447903871536255
3158,0,0.6051797270774841
3159,0,0.026069244369864464
3160,0,0.3353431522846222
3161,0,0.22564584016799927
3162,0,0.6070221662521362
3163,0,0.15490497648715973
3164,0,0.5361770987510681
3165,0,0.4557308256626129
3166,0,0.5048109889030457
3167,0,0.1281450390815735
3168,0,0.3502282500267029
3169,0,0.6495206356048584
3170,0,0.46422335505485535
3171,0,0.14198844134807587
3172,0,0.5800392627716064
3173,0,0.4490548074245453
3174,0,0.5997214317321777
3175,0,0.18623383343219757
3176,0,0.0684252679347992
3177,0,0.06576745957136154
3178,0,0.5205889344215393
3179,0,0.4666132628917694
3180,0,0.44741466641426086
3181,0,0.7148036956787109
3182,0,0.3360272943973541
3183,0,0.27998340129852295
3184,0,0.6208709478378296
3185,0,0.22441703081130981
3186,0,0.6790449619293213
3187,0,0.4076133668422699
3188,0,0.2011873573064804
3189,0,0.40765857696533203
3190,0,0.7532243728637695
3191,0,0.19067801535129547
3192,0,0.6683474779129028
3193,0,0.5658278465270996
3194,0,0.6216685771942139
3195,0,0.5387127995491028
3196,0,0.576604425907135
3197,0,0.6335511207580566
3198,0,0.23366674780845642
3199,0,0.5011611580848694
3200,0,0.9150189161300659
3201,0,0.2746976912021637
3202,0,0.22187809646129608
3203,0,0.28704676032066345
3204,0,0.45990660786628723
3205,0,0.12137996405363083
3206,0,0.423719584941864
3207,0,0.7654567956924438
3208,0,0.12955111265182495
3209,0,0.48083505034446716
3210,0,0.4796757698059082
3211,0,0.24115848541259766
3212,0,0.9036139845848083
3213,0,0.3586520254611969
3214,0,0.3452349305152893
3215,0,0.5504407286643982
3216,0,0.08806692808866501
3217,0,0.5085604786872864
3218,0,0.4054166078567505
3219,0,0.7599974870681763
3220,0,0.12133669853210449
3221,0,0.032965753227472305
3222,0,0.5300333499908447
3223,0,0.13509681820869446
3224,0,0.42534205317497253
3225,0,0.28946924209594727
3226,0,0.18551746010780334
3227,0,0.48489826917648315
3228,0,0.6694967746734619
3229,0,0.04518024995923042
3230,0,0.06129596009850502
3231,0,0.3711678087711334
3232,0,0.6240100264549255
3233,0,0.6856589317321777
3234,0,0.1992388367652893
3235,0,0.5415046811103821
3236,0,0.04722960293292999
3237,0,0.05717894807457924
3238,0,0.03579377382993698
3239,0,0.4150155484676361
3240,0,0.2963504195213318
3241,0,0.5440293550491333
3242,0,0.4158324599266052
3243,0,0.10438070446252823
3244,0,0.6059204936027527
3245,0,0.4939035475254059
3246,0,0.23034867644309998
3247,0,0.24732525646686554
3248,0,0.08600348979234695
3249,0,0.6509568095207214
3250,0,0.36936548352241516
3251,0,0.23941023647785187
3252,0,0.2373402863740921
3253,0,0.2041427493095398
3254,0,0.19178403913974762
3255,0,0.6730020046234131
3256,0,0.7958571314811707
3257,0,0.29491645097732544
3258,0,0.056254494935274124
3259,0,0.48046228289604187
3260,0,0.1992267221212387
3261,0,0.6461415886878967
3262,0,0.11391262710094452
3263,0,0.16543729603290558
3264,0,0.4287375509738922
3265,0,0.29573941230773926
3266,0,0.7189446091651917
3267,0,0.3622399568557739
3268,0,0.4112447500228882
3269,0,0.305032879114151
3270,0,0.19899073243141174
3271,0,0.9177531599998474
3272,0,0.13071784377098083
3273,0,0.03928764536976814
3274,0,0.4896368980407715
3275,0,0.5380828976631165
3276,0,0.22276809811592102
3277,0,0.4796757698059082
3278,0,0.6303940415382385
3279,0,0.04677224159240723
3280,0,0.08312129229307175
3281,0,0.24241869151592255
3282,0,0.085029236972332
3283,0,0.26945745944976807
3284,0,0.5857919454574585
3285,0,0.504509449005127
3286,0,0.19689986109733582
3287,0,0.3026072084903717
3288,0,0.11827387660741806
3289,0,0.7107175588607788
3290,0,0.047712329775094986
3291,0,0.21591024100780487
3292,0,0.6121001839637756
3293,0,0.43630674481391907
3294,0,0.5465240478515625
3295,0,0.5560861229896545
3296,0,0.21529284119606018
3297,0,0.4180496633052826
3298,0,0.8737938404083252
3299,0,0.024923253804445267
3300,0,0.08969620615243912
3301,0,0.023028846830129623
3302,0,0.4403995871543884
3303,0,0.2602846026420593
3304,0,0.5378080010414124
3305,0,0.04365718364715576
3306,0,0.5150837898254395
3307,0,0.3460444509983063
3308,0,0.4432333707809448
3309,0,0.15624067187309265
3310,0,0.26665493845939636
3311,0,0.8682606220245361
3312,0,0.5290144085884094
3313,0,0.5020334720611572
3314,0,0.06909845024347305
3315,0,0.5222956538200378
3316,0,0.9548149704933167
3317,0,0.2958720624446869
3318,0,0.4796757698059082
3319,0,0.4853953421115875
3320,0,0.06332124769687653
3321,0,0.5032172203063965
3322,0,0.5157282948493958
3323,0,0.8301118612289429
3324,0,0.6302757859230042
3325,0,0.0886945053935051
3326,0,0.27363499999046326
3327,0,0.15780502557754517
3328,0,0.2703768014907837
3329,0,0.38593369722366333
3330,0,0.565836489200592
3331,0,0.3917155861854553
3332,0,0.868211567401886
3333,0,0.5012372136116028
3334,0,0.4068847596645355
3335,0,0.6433185338973999
3336,0,0.08165132999420166
3337,0,0.21927373111248016
3338,0,0.5375507473945618
3339,0,0.5186025500297546
3340,0,0.06863042712211609
3341,0,0.11188548803329468
3342,0,0.2511293292045593
3343,0,0.49806714057922363
3344,0,0.37504589557647705
3345,0,0.8707445859909058
3346,0,0.09446918964385986
3347,0,0.5816168785095215
3348,0,0.3170454800128937
3349,0,0.9597948789596558
3350,0,0.4098481237888336
3351,0,0.5168972611427307
3352,0,0.2058144062757492
3353,0,0.2875543236732483
3354,0,0.348891943693161
3355,0,0.5626643896102905
3356,0,0.5816985964775085
3357,0,0.7677000164985657
3358,0,0.09877640753984451
3359,0,0.1975889503955841
3360,0,0.22357425093650818
3361,0,0.1922566145658493
3362,0,0.02358780987560749
3363,0,0.3374439477920532
3364,0,0.4770234525203705
3365,0,0.4502699375152588
3366,0,0.0826990082859993
3367,0,0.4638229310512543
3368,0,0.3162650167942047
3369,0,0.4475627541542053
3370,0,0.15183722972869873
3371,0,0.042161937803030014
3372,0,0.5303640961647034
3373,0,0.1620565950870514
3374,0,0.5846254229545593
3375,0,0.16381920874118805
3376,0,0.10740677267313004
3377,0,0.3964405357837677
3378,0,0.24868544936180115
3379,0,0.22585467994213104
3380,0,0.12145492434501648
3381,0,0.08403950929641724
3382,0,0.34899646043777466
3383,0,0.4752344787120819
3384,0,0.29095619916915894
3385,0,0.46054500341415405
3386,0,0.2669111490249634
3387,0,0.40669429302215576
3388,0,0.3362227976322174
3389,0,0.1716027706861496
3390,0,0.4796757698059082
3391,0,0.32344260811805725
3392,0,0.6142925024032593
3393,0,0.29740825295448303
3394,0,0.0968756228685379
3395,0,0.28814059495925903
3396,0,0.04316467046737671
3397,0,0.2509537935256958
3398,0,0.3055289089679718
3399,0,0.2701508104801178
3400,0,0.10696909576654434
3401,0,0.6393014192581177
3402,0,0.021365586668252945
3403,0,0.3578616678714752
3404,0,0.4247746169567108
3405,0,0.5630530118942261
3406,0,0.3754778504371643
3407,0,0.4369296133518219
3408,0,0.4810132682323456
3409,0,0.19762825965881348
3410,0,0.34754839539527893
3411,0,0.9020166993141174
3412,0,0.48004502058029175
3413,0,0.3943804204463959
3414,0,0.23302528262138367
3415,0,0.29993969202041626
3416,0,0.2255031317472458
3417,0,0.11129392683506012
3418,0,0.6058750748634338
3419,0,0.10362941771745682
3420,0,0.03344082459807396
3421,0,0.060664013028144836
3422,0,0.20712746679782867
3423,0,0.5417585372924805
3424,0,0.5070533156394958
3425,0,0.5424317121505737
3426,0,0.3405815362930298
3427,0,0.6438719034194946
3428,0,0.7490204572677612
3429,0,0.523036777973175
3430,0,0.6212620139122009
3431,0,0.33930039405822754
3432,0,0.5280390381813049
3433,0,0.11649850010871887
3434,0,0.5921371579170227
3435,0,0.7021477222442627
3436,0,0.47200635075569153
3437,0,0.5311408042907715
3438,0,0.7845028042793274
3439,0,0.6248271465301514
3440,0,0.38330820202827454
3441,0,0.7312496900558472
3442,0,0.599776029586792
3443,0,0.43388304114341736
3444,0,0.015762552618980408
3445,0,0.1995954066514969
3446,0,0.1926501840353012
3447,0,0.43169116973876953
3448,0,0.30564814805984497
3449,0,0.48977160453796387
3450,0,0.08214464038610458
3451,0,0.1782437413930893
3452,0,0.20250770449638367
3453,0,0.6266078352928162
3454,0,0.5045713186264038
3455,0,0.4763762354850769
3456,0,0.4746876358985901
3457,0,0.38330820202827454
3458,0,0.5891141891479492
3459,0,0.23689284920692444
3460,0,0.5018041729927063
3461,0,0.5165290236473083
3462,0,0.6131936311721802
3463,0,0.18044258654117584
3464,0,0.24076220393180847
3465,0,0.05798875540494919
3466,0,0.23095832765102386
3467,0,0.5709656476974487
3468,0,0.11143441498279572
3469,0,0.3851909935474396
3470,0,0.6053184866905212
3471,0,0.08985582739114761
3472,0,0.037627387791872025
3473,0,0.48004502058029175
3474,0,0.10051769018173218
3475,0,0.2559186518192291
3476,0,0.18393096327781677
3477,0,0.05601293221116066
3478,0,0.4314750134944916
3479,0,0.4963012635707855
3480,0,0.4356556534767151
3481,0,0.643097460269928
3482,0,0.37698855996131897
3483,0,0.49549320340156555
3484,0,0.7071233987808228
3485,0,0.07906373590230942
3486,0,0.11750917881727219
3487,0,0.6150979995727539
3488,0,0.45529884099960327
3489,0,0.09554524719715118
3490,0,0.21141433715820312
3491,0,0.19815635681152344
3492,0,0.5421105027198792
3493,0,0.4436609447002411
3494,0,0.4355507493019104
3495,0,0.06096028909087181
3496,0,0.5134940147399902
3497,0,0.8944374918937683
3498,0,0.05624620243906975
3499,0,0.3466828763484955
3500,0,0.09629441797733307
3501,0,0.12048755586147308
3502,0,0.3465288579463959
3503,0,0.3269921839237213
3504,0,0.08556473255157471
3505,0,0.06864854693412781
3506,0,0.26400965452194214
3507,0,0.11452361941337585
3508,0,0.7958342432975769
3509,0,0.9262256622314453
3510,0,0.8292582631111145
3511,0,0.09647823125123978
3512,0,0.19680117070674896
3513,0,0.5646774172782898
3514,0,0.601314902305603
3515,0,0.4305002987384796
3516,0,0.5748306512832642
3517,0,0.47255539894104004
3518,0,0.6781099438667297
3519,0,0.05066728591918945
3520,0,0.1272311806678772
3521,0,0.7664704322814941
3522,0,0.4570123553276062
3523,0,0.20123893022537231
3524,0,0.6450852751731873
3525,0,0.47595512866973877
3526,0,0.45299193263053894
3527,0,0.373376727104187
3528,0,0.11056803911924362
3529,0,0.4654654860496521
3530,0,0.47462689876556396
3531,0,0.5034358501434326
3532,0,0.4881543219089508
3533,0,0.5518143773078918
3534,0,0.6708241701126099
3535,0,0.41147923469543457
3536,0,0.7503383755683899
3537,0,0.46119797229766846
3538,0,0.45576220750808716
3539,0,0.5778087973594666
3540,0,0.4023521840572357
3541,0,0.12401299178600311
3542,0,0.4718361496925354
3543,0,0.4536595642566681
3544,0,0.3167939782142639
3545,0,0.6474366188049316
3546,0,0.3834773302078247
3547,0,0.438300222158432
3548,0,0.054734695702791214
3549,0,0.44589412212371826
3550,0,0.5583289265632629
3551,0,0.38330820202827454
3552,0,0.6644448041915894
3553,0,0.11878331750631332
3554,0,0.3680584132671356
3555,0,0.5147988200187683
3556,0,0.6211361885070801
3557,0,0.636670708656311
3558,0,0.1430756002664566
3559,0,0.5761733055114746
3560,0,0.4957677721977234
3561,0,0.4269290566444397
3562,0,0.4344142973423004
3563,0,0.039537493139505386
3564,0,0.08914057165384293
3565,0,0.7655601501464844
3566,0,0.2588295340538025
3567,0,0.40137672424316406
3568,0,0.3400685489177704
3569,0,0.21806195378303528
3570,0,0.06123743951320648
3571,0,0.04174453392624855
3572,0,0.38609883189201355
3573,0,0.34918463230133057
3574,0,0.07363817095756531
3575,0,0.6723589897155762
3576,0,0.309670627117157
3577,0,0.20957210659980774
3578,0,0.5983750820159912
3579,0,0.08396738767623901
3580,0,0.6284242868423462
3581,0,0.41557881236076355
3582,0,0.4837426245212555
3583,0,0.16482587158679962
3584,0,0.19116349518299103
3585,0,0.3810631334781647
3586,0,0.06046690791845322
3587,0,0.37751975655555725
3588,0,0.07710611075162888
3589,0,0.8619675636291504
3590,0,0.6510398387908936
3591,0,0.4580507278442383
3592,0,0.10728665441274643
3593,0,0.24363724887371063
3594,0,0.06962787359952927
3595,0,0.4482196271419525
3596,0,0.6563146114349365
3597,0,0.1971595734357834
3598,0,0.5981017351150513
3599,0,0.280524879693985
3600,0,0.2543160021305084
3601,0,0.37618041038513184
3602,0,0.08088283240795135
3603,0,0.3511269986629486
3604,0,0.1527087241411209
3605,0,0.5487517714500427
3606,0,0.049020640552043915
3607,0,0.09212800115346909
3608,0,0.2763630449771881
3609,0,0.07004020363092422
3610,0,0.45347142219543457
3611,0,0.5546509027481079
3612,0,0.8062655925750732
3613,0,0.625844419002533
3614,0,0.31104281544685364
3615,0,0.5356220006942749
3616,0,0.16844025254249573
3617,0,0.21347828209400177
3618,0,0.4075450003147125
3619,0,0.060966089367866516
3620,0,0.7835057377815247
3621,0,0.38119181990623474
3622,0,0.3348042368888855
3623,0,0.0482250414788723
3624,0,0.8981884121894836
3625,0,0.03250260278582573
3626,0,0.4939454197883606
3627,0,0.20313575863838196
3628,0,0.254668653011322
3629,0,0.9446283578872681
3630,0,0.3121987581253052
3631,0,0.5035904049873352
3632,0,0.4974399209022522
3633,0,0.4854528605937958
3634,0,0.05302555114030838
3635,0,0.08344053477048874
3636,0,0.9759057760238647
3637,0,0.04044228047132492
3638,0,0.3920523226261139
3639,0,0.08136909455060959
3640,0,0.24399884045124054
3641,0,0.607048749923706
3642,0,0.0792766883969307
3643,0,0.08484935015439987
3644,0,0.10460709035396576
3645,0,0.15214857459068298
3646,0,0.3533543348312378
3647,0,0.4251483380794525
3648,0,0.24790331721305847
3649,0,0.34781211614608765
3650,0,0.5118196606636047
3651,0,0.43217167258262634
3652,0,0.09384124726057053
3653,0,0.4815095067024231
3654,0,0.13859406113624573
3655,0,0.11892478168010712
3656,0,0.9448004364967346
3657,0,0.14564181864261627
3658,0,0.10337336361408234
3659,0,0.6017699837684631
3660,0,0.634334921836853
3661,0,0.47196197509765625
3662,0,0.10499180853366852
3663,0,0.20540077984333038
3664,0,0.6873854398727417
3665,0,0.4474542737007141
3666,0,0.8337090611457825
3667,0,0.49764615297317505
3668,0,0.6365276575088501
3669,0,0.785314679145813
3670,0,0.3449777364730835
3671,0,0.508427619934082
3672,0,0.02141089364886284
3673,0,0.5235194563865662
3674,0,0.07046927511692047
3675,0,0.6697182655334473
3676,0,0.2767159938812256
3677,0,0.48506322503089905
3678,0,0.19500476121902466
3679,0,0.04637971147894859
3680,0,0.07069447636604309
3681,0,0.5532776117324829
3682,0,0.4655137360095978
3683,0,0.4457823932170868
3684,0,0.3454655408859253
3685,0,0.1274988055229187
3686,0,0.10824882239103317
3687,0,0.08412250131368637
3688,0,0.5035065412521362
3689,0,0.06545030325651169
3690,0,0.2399066835641861
3691,0,0.16598834097385406
3692,0,0.35031434893608093
3693,0,0.09984587877988815
3694,0,0.16112761199474335
3695,0,0.5799609422683716
3696,0,0.6164144277572632
3697,0,0.25502052903175354
3698,0,0.5326367020606995
3699,0,0.47312861680984497
3700,0,0.7215392589569092
3701,0,0.4366920590400696
3702,0,0.5190728306770325
3703,0,0.10614539682865143
3704,0,0.35033395886421204
3705,0,0.2522536814212799
3706,0,0.04568726196885109
3707,0,0.6687555909156799
3708,0,0.6486040353775024
3709,0,0.13381600379943848
3710,0,0.18439015746116638
3711,0,0.6161279678344727
3712,0,0.4475627541542053
3713,0,0.4988565444946289
3714,0,0.18659092485904694
3715,0,0.2439534068107605
3716,0,0.6602057814598083
3717,0,0.12522001564502716
3718,0,0.22835996747016907
3719,0,0.37164339423179626
3720,0,0.18713346123695374
3721,0,0.646066427230835
3722,0,0.1539188027381897
3723,0,0.5417585372924805
3724,0,0.4796757698059082
3725,0,0.0731557160615921
3726,0,0.5043763518333435
3727,0,0.4659098982810974
3728,0,0.1502634882926941
3729,0,0.10122527927160263
3730,0,0.37529557943344116
3731,0,0.360059529542923
3732,0,0.2894751727581024
3733,0,0.5495538115501404
3734,0,0.557344377040863
3735,0,0.22716617584228516
3736,0,0.5022711753845215
3737,0,0.5439658164978027
3738,0,0.49925675988197327
3739,0,0.238540917634964
3740,0,0.18554000556468964
3741,0,0.47616612911224365
3742,0,0.37689000368118286
3743,0,0.3776617646217346
3744,0,0.15720702707767487
3745,0,0.4155050814151764
3746,0,0.24172188341617584
3747,0,0.06748213618993759
3748,0,0.7492128610610962
3749,0,0.3891919255256653
3750,0,0.4796757698059082
3751,0,0.15485835075378418
3752,0,0.04055098071694374
3753,0,0.3064189851284027
3754,0,0.4077446162700653
3755,0,0.2716071307659149
3756,0,0.1452403962612152
3757,0,0.10334137827157974
3758,0,0.07111788541078568
3759,0,0.5419489741325378
3760,0,0.044543348252773285
3761,0,0.41464850306510925
3762,0,0.48886382579803467
3763,0,0.1741715371608734
3764,0,0.5178830027580261
3765,0,0.4615415930747986
3766,0,0.5208479166030884
3767,0,0.7588266134262085
3768,0,0.42311790585517883
3769,0,0.35092926025390625
3770,0,0.11177528649568558
3771,0,0.03387663513422012
3772,0,0.9057823419570923
3773,0,0.07271725684404373
3774,0,0.0955527052283287
3775,0,0.49530306458473206
3776,0,0.4896290600299835
3777,0,0.2491171658039093
3778,0,0.1500306874513626
3779,0,0.15191255509853363
3780,0,0.16302989423274994
3781,0,0.12613928318023682
3782,0,0.19817933440208435
3783,0,0.4643208384513855
3784,0,0.11811108142137527
3785,0,0.19793471693992615
3786,0,0.30036062002182007
3787,0,0.23000070452690125
3788,0,0.8101567029953003
3789,0,0.6373299956321716
3790,0,0.4346940815448761
3791,0,0.9197523593902588
3792,0,0.11308502405881882
3793,0,0.6353200078010559
3794,0,0.39862480759620667
3795,0,0.2658000588417053
3796,0,0.16061416268348694
3797,0,0.6571287512779236
3798,0,0.23594097793102264
3799,0,0.4690730571746826
3800,0,0.4979115128517151
3801,0,0.27713239192962646
3802,0,0.5165310502052307
3803,0,0.903734564781189
3804,0,0.2453201562166214
3805,0,0.12574979662895203
3806,0,0.6081496477127075
3807,0,0.6521344780921936
3808,0,0.3698275685310364
3809,0,0.4746937155723572
3810,0,0.030783141031861305
3811,0,0.49447476863861084
3812,0,0.11710267513990402
3813,0,0.1034654751420021
3814,0,0.38967394828796387
3815,0,0.47963133454322815
3816,0,0.19424903392791748
3817,0,0.4278857707977295
3818,0,0.1448664367198944
3819,0,0.24169307947158813
3820,0,0.07452814280986786
3821,0,0.1799263209104538
3822,0,0.6299379467964172
3823,0,0.3876712918281555
3824,0,0.23838233947753906
3825,0,0.34749001264572144
3826,0,0.5435431003570557
3827,0,0.40833190083503723
3828,0,0.2156883031129837
3829,0,0.1150302067399025
3830,0,0.14277255535125732
3831,0,0.49491316080093384
3832,0,0.5039483308792114
3833,0,0.698152482509613
3834,0,0.019889598712325096
3835,0,0.5789794921875
3836,0,0.2797691524028778
3837,0,0.7902384400367737
3838,0,0.4236355423927307
3839,0,0.7915186285972595
3840,0,0.5180126428604126
3841,0,0.9109114408493042
3842,0,0.037364885210990906
3843,0,0.267612487077713
3844,0,0.1263427883386612
3845,0,0.4457823932170868
3846,0,0.43472981452941895
3847,0,0.18196018040180206
3848,0,0.782552182674408
3849,0,0.3550490736961365
3850,0,0.21494828164577484
3851,0,0.14245247840881348
3852,0,0.27903416752815247
3853,0,0.5022704005241394
3854,0,0.5503329634666443
3855,0,0.39286336302757263
3856,0,0.6314148902893066
3857,0,0.4857104420661926
3858,0,0.3963812291622162
3859,0,0.6853689551353455
3860,0,0.6633421778678894
3861,0,0.46034544706344604
3862,0,0.5252397656440735
3863,0,0.7426772713661194
3864,0,0.44519659876823425
3865,0,0.19791854918003082
3866,0,0.14190441370010376
3867,0,0.16752497851848602
3868,0,0.4806113541126251
3869,0,0.2792742848396301
3870,0,0.5252977013587952
3871,0,0.1843925565481186
3872,0,0.943092942237854
3873,0,0.6160920262336731
3874,0,0.2649000287055969
3875,0,0.6430774927139282
3876,0,0.5654499530792236
3877,0,0.13654859364032745
3878,0,0.20036298036575317
3879,0,0.6107144355773926
3880,0,0.4919181764125824
3881,0,0.4582933485507965
3882,0,0.5108906030654907
3883,0,0.5212282538414001
3884,0,0.4735564887523651
3885,0,0.28060436248779297
3886,0,0.35919326543807983
3887,0,0.8410381078720093
3888,0,0.12888579070568085
3889,0,0.5019168853759766
3890,0,0.5263511538505554
3891,0,0.575140655040741
3892,0,0.9768238663673401
3893,0,0.4690135717391968
3894,0,0.25006037950515747
3895,0,0.26217347383499146
3896,0,0.15576547384262085
3897,0,0.5422847867012024
3898,0,0.03778597339987755
3899,0,0.9346578121185303
3900,0,0.19898690283298492
3901,0,0.7810335159301758
3902,0,0.10511428117752075
3903,0,0.4219185411930084
3904,0,0.4402564764022827
3905,0,0.41970229148864746
3906,0,0.060320813208818436
3907,0,0.3724234700202942
3908,0,0.08685590326786041
3909,0,0.6491299271583557
3910,0,0.44225725531578064
3911,0,0.4609733521938324
3912,0,0.37082162499427795
3913,0,0.43472981452941895
3914,0,0.10586812347173691
3915,0,0.44580891728401184
3916,0,0.4140631854534149
3917,0,0.07426078617572784
3918,0,0.4151342213153839
3919,0,0.2862648069858551
3920,0,0.17837649583816528
3921,0,0.3462412655353546
3922,0,0.4147850573062897
3923,0,0.16344623267650604
3924,0,0.35061579942703247
3925,0,0.9191154837608337
3926,0,0.23230072855949402
3927,0,0.5330087542533875
3928,0,0.7760008573532104
3929,0,0.4558645486831665
3930,0,0.1367063820362091
3931,0,0.4918413460254669
3932,0,0.35942962765693665
3933,0,0.24098829925060272
3934,0,0.29931145906448364
3935,0,0.4527677893638611
3936,0,0.5761939287185669
3937,0,0.5283504724502563
3938,0,0.4133926331996918
3939,0,0.43472981452941895
3940,0,0.8817124962806702
3941,0,0.8608993887901306
3942,0,0.14039652049541473
3943,0,0.2845045328140259
3944,0,0.752260148525238
3945,0,0.541754961013794
3946,0,0.06979615241289139
3947,0,0.5363774299621582
3948,0,0.18626466393470764
3949,0,0.383337140083313
3950,0,0.5119217038154602
3951,0,0.35010480880737305
3952,0,0.6892624497413635
3953,0,0.5095041394233704
3954,0,0.57855224609375
3955,0,0.21671660244464874
3956,0,0.6942046284675598
3957,0,0.12429475039243698
3958,0,0.062868133187294
3959,0,0.6044729351997375
3960,0,0.44106924533843994
3961,0,0.08624856919050217
3962,0,0.05406416952610016
3963,0,0.24842344224452972
3964,0,0.4915280342102051
3965,0,0.5560516119003296
3966,0,0.47038358449935913
3967,0,0.14751645922660828
3968,0,0.2898370921611786
3969,0,0.564510703086853
3970,0,0.8977558016777039
3971,0,0.8252708911895752
3972,0,0.42588019371032715
3973,0,0.3734532296657562
3974,0,0.5119432806968689
3975,0,0.0842742994427681
3976,0,0.11058146506547928
3977,0,0.7910737991333008
3978,0,0.3789355754852295
3979,0,0.4356442987918854
3980,0,0.33053821325302124
3981,0,0.5782207250595093
3982,0,0.5732613801956177
3983,1,0.7600940465927124
