index,y_true,y_pred_oof
0,1,0.9710745215415955
1,1,0.9642448425292969
2,1,0.8897655606269836
3,1,0.8270543217658997
4,1,0.6968972682952881
5,1,0.15952186286449432
6,1,0.16798245906829834
7,1,0.23522165417671204
8,1,0.958158552646637
9,1,0.6410272121429443
10,1,0.6636026501655579
11,1,0.6238958835601807
12,1,0.5941124558448792
13,1,0.9072144031524658
14,1,0.9263152480125427
15,1,0.5174393057823181
16,1,0.5731448531150818
17,1,0.47706425189971924
18,1,0.9604138731956482
19,1,0.6065395474433899
20,1,0.5949019193649292
21,1,0.6797884106636047
22,1,0.49049291014671326
23,1,0.47732529044151306
24,1,0.9121693968772888
25,1,0.5494365692138672
26,1,0.22994831204414368
27,1,0.5889998078346252
28,1,0.92192542552948
29,1,0.8857045769691467
30,1,0.46194303035736084
31,1,0.4763675034046173
32,1,0.8766814470291138
33,1,0.5028905868530273
34,1,0.7883759140968323
35,1,0.6083504557609558
36,1,0.4687983989715576
37,1,0.8217819333076477
38,1,0.9532178640365601
39,1,0.5259295105934143
40,1,0.9679328203201294
41,1,0.5025823712348938
42,1,0.5045163035392761
43,1,0.5025212168693542
44,1,0.7573449015617371
45,1,0.9359027743339539
46,1,0.7396060824394226
47,1,0.4725441634654999
48,1,0.7310652136802673
49,1,0.46296870708465576
50,1,0.33649906516075134
51,1,0.8478154540061951
52,1,0.918621301651001
53,1,0.3039032816886902
54,1,0.519935667514801
55,1,0.4735102355480194
56,1,0.2351369559764862
57,1,0.2815408408641815
58,1,0.6360602974891663
59,1,0.32814231514930725
60,1,0.44386300444602966
61,1,0.4803897440433502
62,1,0.4742078483104706
63,1,0.5468016862869263
64,1,0.524604320526123
65,1,0.8550707101821899
66,1,0.8297801613807678
67,1,0.3963383734226227
68,1,0.659783124923706
69,1,0.6406443119049072
70,1,0.5441811680793762
71,1,0.8292216062545776
72,1,0.5200195908546448
73,1,0.5014134645462036
74,1,0.4925127327442169
75,1,0.8392825126647949
76,1,0.4246670603752136
77,1,0.7529245615005493
78,1,0.5874236226081848
79,1,0.5348027944564819
80,1,0.8189162611961365
81,1,0.5547306537628174
82,1,0.3510687053203583
83,1,0.6308481693267822
84,1,0.38047313690185547
85,1,0.47965744137763977
86,1,0.7136562466621399
87,1,0.3757265508174896
88,1,0.49465495347976685
89,1,0.6591463088989258
90,1,0.5507911443710327
91,1,0.8256223797798157
92,1,0.9523789286613464
93,1,0.5768928527832031
94,1,0.9060655832290649
95,1,0.7232548594474792
96,1,0.838833212852478
97,1,0.8651078939437866
98,1,0.8886639475822449
99,1,0.7027049660682678
100,1,0.9609978795051575
101,1,0.8384973406791687
102,1,0.6141940355300903
103,1,0.6352154612541199
104,1,0.7056946754455566
105,1,0.9102444648742676
106,1,0.820253849029541
107,1,0.7027159929275513
108,1,0.6341428756713867
109,1,0.9079456329345703
110,1,0.7594971060752869
111,1,0.8874843120574951
112,1,0.9092767238616943
113,1,0.8964694738388062
114,1,0.5426729917526245
115,1,0.2504323720932007
116,1,0.3491450548171997
117,1,0.6085957288742065
118,1,0.3623671233654022
119,1,0.34080052375793457
120,1,0.7667788863182068
121,1,0.7432723641395569
122,1,0.7693197727203369
123,1,0.6859266757965088
124,1,0.48297542333602905
125,1,0.5067160725593567
126,1,0.7308316230773926
127,1,0.422439306974411
128,1,0.6682289242744446
129,1,0.6953311562538147
130,1,0.9363729953765869
131,1,0.9170917272567749
132,1,0.2670276463031769
133,1,0.8945122361183167
134,1,0.7277475595474243
135,1,0.16123293340206146
136,1,0.26899367570877075
137,1,0.45387330651283264
138,1,0.6914801001548767
139,1,0.5483099222183228
140,1,0.18950964510440826
141,1,0.6950379014015198
142,1,0.5568856596946716
143,1,0.8640061616897583
144,1,0.6071738004684448
145,1,0.6804214715957642
146,1,0.8849331736564636
147,1,0.8980236053466797
148,1,0.9525702595710754
149,1,0.6083491444587708
150,1,0.6123467683792114
151,1,0.930103063583374
152,1,0.44526857137680054
153,1,0.4909675121307373
154,1,0.772517204284668
155,1,0.8328038454055786
156,1,0.8969303965568542
157,1,0.9278568625450134
158,1,0.5907896161079407
159,1,0.60313481092453
160,1,0.8792068958282471
161,1,0.5524632930755615
162,1,0.5646454095840454
163,1,0.08238892257213593
164,1,0.9531225562095642
165,1,0.7967914342880249
166,1,0.9571245312690735
167,1,0.9409745335578918
168,1,0.9025878310203552
169,1,0.6518129110336304
170,1,0.46380043029785156
171,1,0.9657505750656128
172,1,0.16626591980457306
173,1,0.7228266596794128
174,1,0.8417685031890869
175,1,0.17164090275764465
176,1,0.8995741605758667
177,1,0.8973219394683838
178,1,0.590592086315155
179,1,0.8964078426361084
180,1,0.5955289602279663
181,1,0.535568118095398
182,1,0.9505458474159241
183,1,0.794766902923584
184,1,0.7194423079490662
185,1,0.5856802463531494
186,1,0.9049926996231079
187,1,0.9051871299743652
188,1,0.17186416685581207
189,1,0.8679579496383667
190,1,0.9012280106544495
191,1,0.6251947283744812
192,1,0.8980904817581177
193,1,0.27095770835876465
194,1,0.7605133056640625
195,1,0.96121746301651
196,1,0.5592010021209717
197,1,0.910852313041687
198,1,0.6139902472496033
199,1,0.833307147026062
200,1,0.745834231376648
201,1,0.6966769695281982
202,1,0.8064008355140686
203,1,0.5942781567573547
204,1,0.9001948833465576
205,1,0.1344173401594162
206,1,0.6487618684768677
207,1,0.8225934505462646
208,1,0.8862960934638977
209,1,0.965792715549469
210,1,0.4627281427383423
211,1,0.2188357263803482
212,1,0.2380347102880478
213,1,0.6234307289123535
214,1,0.8916706442832947
215,1,0.7390733957290649
216,1,0.9342291355133057
217,1,0.3874555826187134
218,1,0.8665208220481873
219,1,0.8522281646728516
220,1,0.7972604036331177
221,1,0.8351494669914246
222,1,0.7352525591850281
223,1,0.9339842796325684
224,1,0.8514918088912964
225,1,0.7054993510246277
226,1,0.9116793870925903
227,1,0.47625288367271423
228,1,0.340848833322525
229,1,0.41669371724128723
230,1,0.4975508749485016
231,1,0.2806388735771179
232,1,0.6224749684333801
233,1,0.0882306694984436
234,1,0.8983041644096375
235,1,0.7435296773910522
236,1,0.8810015916824341
237,1,0.9450763463973999
238,1,0.6234188675880432
239,1,0.51450115442276
240,1,0.40633559226989746
241,1,0.9314500093460083
242,1,0.6309040188789368
243,1,0.602101743221283
244,1,0.09329378604888916
245,1,0.9090326428413391
246,1,0.9685091376304626
247,1,0.42095881700515747
248,1,0.5740401148796082
249,1,0.25534674525260925
250,1,0.8711798191070557
251,1,0.6327773332595825
252,1,0.8004646897315979
253,1,0.5764233469963074
254,1,0.48476600646972656
255,1,0.9371838569641113
256,1,0.540867269039154
257,1,0.9284759759902954
258,1,0.37445512413978577
259,1,0.7193310856819153
260,1,0.561904788017273
261,1,0.9298558235168457
262,1,0.613320529460907
263,1,0.9151363372802734
264,1,0.9141737222671509
265,1,0.9775158762931824
266,1,0.16035330295562744
267,1,0.7865440845489502
268,1,0.627078115940094
269,1,0.7927464246749878
270,1,0.35189223289489746
271,1,0.40107595920562744
272,1,0.36955589056015015
273,1,0.4582730829715729
274,1,0.6010217666625977
275,1,0.4504648745059967
276,1,0.7388979196548462
277,1,0.2791692912578583
278,1,0.21414588391780853
279,1,0.3535143733024597
280,1,0.15094095468521118
281,1,0.2740183174610138
282,1,0.4096623659133911
283,1,0.7839851379394531
284,1,0.9507575631141663
285,1,0.5728018283843994
286,1,0.3364673852920532
287,1,0.4815579652786255
288,1,0.8510237336158752
289,1,0.580833911895752
290,1,0.5919908285140991
291,1,0.2285739630460739
292,1,0.6455485820770264
293,1,0.6746280193328857
294,1,0.46578070521354675
295,1,0.6778985261917114
296,1,0.9625463485717773
297,1,0.48450958728790283
298,1,0.4987016022205353
299,1,0.5384711027145386
300,1,0.939597487449646
301,1,0.7694871425628662
302,1,0.45489177107810974
303,1,0.8503700494766235
304,1,0.5704588890075684
305,1,0.4747451841831207
306,1,0.5911515355110168
307,1,0.6681613326072693
308,1,0.8662571310997009
309,1,0.2228107750415802
310,1,0.38340452313423157
311,1,0.6754158735275269
312,1,0.5173224210739136
313,1,0.4683903157711029
314,1,0.7492769360542297
315,1,0.5058306455612183
316,1,0.7015480399131775
317,1,0.6419349312782288
318,1,0.7624548673629761
319,1,0.4058985412120819
320,1,0.914988100528717
321,1,0.24780277907848358
322,1,0.5963417291641235
323,1,0.9630802273750305
324,1,0.7913684844970703
325,1,0.9491410255432129
326,1,0.9128780364990234
327,1,0.8816953301429749
328,1,0.9208473563194275
329,1,0.5922552943229675
330,1,0.8963243365287781
331,1,0.8505768179893494
332,1,0.853574812412262
333,1,0.6991975903511047
334,1,0.87590092420578
335,1,0.8662798404693604
336,1,0.9311610460281372
337,1,0.8702711462974548
338,1,0.8033034801483154
339,1,0.9304081201553345
340,1,0.9634580612182617
341,1,0.925446629524231
342,1,0.8548195362091064
343,1,0.8428125977516174
344,1,0.9342469573020935
345,1,0.7200020551681519
346,1,0.7920457720756531
347,1,0.9437350630760193
348,1,0.6395782232284546
349,1,0.9199978113174438
350,1,0.8868145942687988
351,1,0.4932096302509308
352,1,0.53155517578125
353,1,0.58026522397995
354,1,0.5067958235740662
355,1,0.6398941874504089
356,1,0.5298860669136047
357,1,0.9577857851982117
358,1,0.41270318627357483
359,1,0.63132643699646
360,1,0.22314320504665375
361,1,0.9496586918830872
362,1,0.9469969868659973
363,1,0.9568821787834167
364,1,0.6902894973754883
365,1,0.93085116147995
366,1,0.9486275315284729
367,1,0.9468273520469666
368,1,0.9266818761825562
369,1,0.7069057822227478
370,1,0.7723416686058044
371,1,0.9490224719047546
372,1,0.3885522186756134
373,1,0.8897324800491333
374,1,0.8814547061920166
375,1,0.9062262177467346
376,1,0.8613011240959167
377,1,0.8795148730278015
378,1,0.9347725510597229
379,1,0.8764569759368896
380,1,0.9231321215629578
381,1,0.9133857488632202
382,1,0.4167560040950775
383,1,0.5245900750160217
384,1,0.5878657698631287
385,1,0.48713448643684387
386,1,0.49215543270111084
387,1,0.5041600465774536
388,1,0.5116596221923828
389,1,0.5348989367485046
390,1,0.662164568901062
391,1,0.560869038105011
392,1,0.5169112682342529
393,1,0.6360198259353638
394,1,0.6333912014961243
395,1,0.622265100479126
396,1,0.5641152858734131
397,1,0.4067233204841614
398,1,0.47284165024757385
399,1,0.6574479341506958
400,1,0.48600152134895325
401,1,0.4526720941066742
402,1,0.6869792938232422
403,1,0.517149031162262
404,1,0.41950523853302
405,1,0.5998651385307312
406,1,0.5992448925971985
407,1,0.4690245985984802
408,1,0.211018368601799
409,1,0.40849366784095764
410,1,0.24591577053070068
411,1,0.39807599782943726
412,1,0.36064285039901733
413,1,0.227170929312706
414,1,0.15818409621715546
415,1,0.43697839975357056
416,1,0.1725875735282898
417,1,0.6631364226341248
418,1,0.6178216338157654
419,1,0.5292217135429382
420,1,0.5227893590927124
421,1,0.3198498487472534
422,1,0.6225934028625488
423,1,0.5901586413383484
424,1,0.6226505041122437
425,1,0.6033111214637756
426,1,0.6094674468040466
427,1,0.6008180379867554
428,1,0.638350248336792
429,1,0.8787294626235962
430,1,0.49482810497283936
431,1,0.574514627456665
432,1,0.5054842829704285
433,1,0.6218240857124329
434,1,0.49674680829048157
435,1,0.8110657930374146
436,1,0.7831583023071289
437,1,0.4371723532676697
438,1,0.897003710269928
439,1,0.8125988245010376
440,1,0.5677595734596252
441,1,0.7584565281867981
442,1,0.8539143800735474
443,1,0.7831453084945679
444,1,0.9646361470222473
445,1,0.3173101842403412
446,1,0.4721039831638336
447,1,0.9552448987960815
448,1,0.4896221458911896
449,1,0.8741641640663147
450,1,0.976496160030365
451,1,0.6430867910385132
452,1,0.9089142680168152
453,1,0.8808445930480957
454,1,0.8138088583946228
455,1,0.8041741251945496
456,1,0.8501367568969727
457,1,0.938276469707489
458,1,0.6347913146018982
459,1,0.8218259811401367
460,1,0.8631577491760254
461,1,0.702021062374115
462,1,0.895638644695282
463,1,0.8487752676010132
464,1,0.8128147125244141
465,1,0.8868875503540039
466,1,0.9011020660400391
467,1,0.8948093056678772
468,1,0.7957563400268555
469,1,0.7921558618545532
470,1,0.8656089901924133
471,1,0.9465386867523193
472,1,0.9599294066429138
473,1,0.9691635966300964
474,1,0.962323784828186
475,1,0.8037369251251221
476,1,0.8380036950111389
477,1,0.7774745225906372
478,1,0.8344722390174866
479,1,0.6338358521461487
480,1,0.7142548561096191
481,1,0.8464651703834534
482,1,0.9423622488975525
483,1,0.8559452891349792
484,1,0.934309184551239
485,1,0.9244862794876099
486,1,0.8438894748687744
487,1,0.6586601138114929
488,1,0.7539554834365845
489,1,0.8338050842285156
490,1,0.5424586534500122
491,1,0.7541162371635437
492,1,0.5387014150619507
493,1,0.8483173251152039
494,1,0.5952759385108948
495,1,0.7248052954673767
496,1,0.8443908095359802
497,1,0.6157781481742859
498,1,0.14852115511894226
499,1,0.9342398643493652
500,1,0.8657980561256409
501,1,0.6133249402046204
502,1,0.5568108558654785
503,1,0.5385758876800537
504,1,0.5379725694656372
505,1,0.50184166431427
506,1,0.6214545369148254
507,1,0.6006256937980652
508,1,0.43203920125961304
509,1,0.6270658373832703
510,1,0.6098498702049255
511,1,0.5267805457115173
512,1,0.6215801239013672
513,1,0.21867510676383972
514,1,0.3833742141723633
515,1,0.3688300848007202
516,1,0.2900857627391815
517,1,0.36194154620170593
518,1,0.6245576739311218
519,1,0.4695280194282532
520,1,0.162897989153862
521,1,0.32494547963142395
522,1,0.38611775636672974
523,1,0.2842448651790619
524,1,0.3206326961517334
525,1,0.263725221157074
526,1,0.4091309905052185
527,1,0.5782251954078674
528,1,0.6031289100646973
529,1,0.4232964515686035
530,1,0.2798536717891693
531,1,0.2795880436897278
532,1,0.39764684438705444
533,1,0.25661781430244446
534,1,0.3830642104148865
535,1,0.4548986554145813
536,1,0.46425047516822815
537,1,0.5724294781684875
538,1,0.5804343223571777
539,1,0.5337276458740234
540,1,0.4496944844722748
541,1,0.6396746635437012
542,1,0.570772111415863
543,1,0.5804277062416077
544,1,0.674239456653595
545,1,0.5794147253036499
546,1,0.48507800698280334
547,1,0.49788397550582886
548,1,0.7237125039100647
549,1,0.6654386520385742
550,1,0.4323660135269165
551,1,0.42561087012290955
552,1,0.4855986535549164
553,1,0.519322395324707
554,1,0.5588936805725098
555,1,0.5726979970932007
556,1,0.875309944152832
557,1,0.599042534828186
558,1,0.5213170051574707
559,1,0.5821714401245117
560,1,0.6994808316230774
561,1,0.5149868726730347
562,1,0.855308473110199
563,1,0.6357014775276184
564,1,0.5043461918830872
565,1,0.5906214118003845
566,1,0.6157412528991699
567,1,0.5025798678398132
568,1,0.8182128667831421
569,1,0.36840811371803284
570,1,0.7422357201576233
571,1,0.7328416109085083
572,1,0.8082870841026306
573,1,0.8493631482124329
574,1,0.924012303352356
575,1,0.5477973818778992
576,1,0.19423750042915344
577,1,0.8923481702804565
578,1,0.5031231045722961
579,1,0.7962897419929504
580,1,0.9061908721923828
581,1,0.8856102824211121
582,1,0.7771130800247192
583,1,0.37439966201782227
584,1,0.8264102935791016
585,1,0.21052344143390656
586,1,0.4828377664089203
587,1,0.9063374400138855
588,1,0.41120368242263794
589,1,0.5394319891929626
590,1,0.5371542572975159
591,1,0.48372694849967957
592,1,0.4555215537548065
593,1,0.5006783604621887
594,1,0.5955057144165039
595,1,0.40205907821655273
596,1,0.5083773732185364
597,1,0.42468157410621643
598,1,0.48201918601989746
599,1,0.39290696382522583
600,1,0.821730375289917
601,1,0.532420814037323
602,1,0.7312310338020325
603,1,0.952271580696106
604,1,0.8630470037460327
605,1,0.9301055669784546
606,1,0.9113144874572754
607,1,0.7385696172714233
608,1,0.8973948359489441
609,1,0.7440623641014099
610,1,0.40410053730010986
611,1,0.8376834392547607
612,1,0.8232893347740173
613,1,0.9166045188903809
614,1,0.6369774341583252
615,1,0.7181774973869324
616,1,0.905555009841919
617,1,0.9043774008750916
618,1,0.5230370163917542
619,1,0.7037036418914795
620,1,0.6269667744636536
621,1,0.8783925771713257
622,1,0.6574394702911377
623,1,0.592545211315155
624,1,0.6667483448982239
625,1,0.8161842823028564
626,1,0.6695011854171753
627,1,0.6323636174201965
628,1,0.6020921468734741
629,1,0.4707484841346741
630,1,0.5081063508987427
631,1,0.8692581653594971
632,1,0.9653922319412231
633,1,0.8841443657875061
634,1,0.9014887809753418
635,1,0.9486739039421082
636,1,0.8180193305015564
637,1,0.5111964344978333
638,1,0.7302085161209106
639,1,0.5412167310714722
640,1,0.3390014171600342
641,1,0.6610464453697205
642,1,0.38102880120277405
643,1,0.8636314868927002
644,1,0.9228081107139587
645,1,0.9020272493362427
646,1,0.9389415383338928
647,1,0.9489719271659851
648,1,0.8260229825973511
649,1,0.9027622938156128
650,1,0.7646762132644653
651,1,0.9376385807991028
652,1,0.9521465301513672
653,1,0.8076102137565613
654,1,0.7393711805343628
655,1,0.5420843958854675
656,1,0.7039113640785217
657,1,0.8440356850624084
658,1,0.8940014839172363
659,1,0.9419853091239929
660,1,0.5917092561721802
661,1,0.686582088470459
662,1,0.9245186448097229
663,1,0.9168673157691956
664,1,0.8452810645103455
665,1,0.874075710773468
666,1,0.7798557281494141
667,1,0.9290509223937988
668,1,0.9393473863601685
669,1,0.5318719148635864
670,1,0.4656876027584076
671,1,0.6087151765823364
672,1,0.899336040019989
673,1,0.7880517840385437
674,1,0.9078717827796936
675,1,0.951728880405426
676,1,0.8758258819580078
677,1,0.9208011627197266
678,1,0.907936155796051
679,1,0.8347954154014587
680,1,0.9408313035964966
681,1,0.851892352104187
682,1,0.8633328080177307
683,1,0.7509943246841431
684,1,0.8400281071662903
685,1,0.9119278192520142
686,1,0.9154384136199951
687,1,0.9008793830871582
688,1,0.3616081178188324
689,1,0.42058971524238586
690,1,0.7866891622543335
691,1,0.9390993118286133
692,1,0.9298094511032104
693,1,0.8820309042930603
694,1,0.903294026851654
695,1,0.7374329566955566
696,1,0.7894508242607117
697,1,0.8163595795631409
698,1,0.839292049407959
699,1,0.9194000363349915
700,1,0.8940110206604004
701,1,0.7256578207015991
702,1,0.8336466550827026
703,1,0.7633910179138184
704,1,0.6644636988639832
705,1,0.8982667922973633
706,1,0.7072188258171082
707,1,0.6818515062332153
708,1,0.4400123357772827
709,1,0.8375948667526245
710,1,0.9507459998130798
711,1,0.7824957966804504
712,1,0.6365094780921936
713,1,0.4093359708786011
714,1,0.5057249665260315
715,1,0.42643672227859497
716,1,0.601668655872345
717,1,0.5001174211502075
718,1,0.2768097519874573
719,1,0.31833624839782715
720,1,0.6366307139396667
721,1,0.2423247992992401
722,1,0.38530266284942627
723,1,0.39867010712623596
724,1,0.27619776129722595
725,1,0.28920629620552063
726,1,0.27956852316856384
727,1,0.2579089403152466
728,1,0.7105287313461304
729,1,0.5932053923606873
730,1,0.382112592458725
731,1,0.32772016525268555
732,1,0.3862644135951996
733,1,0.5184616446495056
734,1,0.5225987434387207
735,1,0.31457608938217163
736,1,0.31811580061912537
737,1,0.35048601031303406
738,1,0.4713166058063507
739,1,0.5533313751220703
740,1,0.5234429240226746
741,1,0.6145638227462769
742,1,0.6326358914375305
743,1,0.5327216386795044
744,1,0.5217760801315308
745,1,0.5472285747528076
746,1,0.42994654178619385
747,1,0.5865626931190491
748,1,0.6753718852996826
749,1,0.6132727861404419
750,1,0.7095721364021301
751,1,0.8892261385917664
752,1,0.5364033579826355
753,1,0.8367035388946533
754,1,0.7285521626472473
755,1,0.7297487854957581
756,1,0.7089657187461853
757,1,0.5208407044410706
758,1,0.54038405418396
759,1,0.592980682849884
760,1,0.7301291227340698
761,1,0.7360796332359314
762,1,0.4038224518299103
763,1,0.43212786316871643
764,1,0.41550830006599426
765,1,0.5192494988441467
766,1,0.4638092517852783
767,1,0.4301770329475403
768,1,0.46089795231819153
769,1,0.7228992581367493
770,1,0.6592475771903992
771,1,0.5994874238967896
772,1,0.6490983366966248
773,1,0.8917540311813354
774,1,0.4613671898841858
775,1,0.6570543050765991
776,1,0.5784881711006165
777,1,0.7026336193084717
778,1,0.8765286803245544
779,1,0.737394392490387
780,1,0.6450561285018921
781,1,0.6945436596870422
782,1,0.7038973569869995
783,1,0.8596575260162354
784,1,0.6094555854797363
785,1,0.5238643288612366
786,1,0.4961595833301544
787,1,0.5551401376724243
788,1,0.8878997564315796
789,1,0.779190182685852
790,1,0.6571824550628662
791,1,0.9023913145065308
792,1,0.5456216931343079
793,1,0.3750300705432892
794,1,0.8942446112632751
795,1,0.7443835139274597
796,1,0.46504148840904236
797,1,0.7131364345550537
798,1,0.6498440504074097
799,1,0.4751642048358917
800,1,0.8994289636611938
801,1,0.4784892797470093
802,1,0.6279890537261963
803,1,0.8971336483955383
804,1,0.8615669012069702
805,1,0.9311277270317078
806,1,0.9618974924087524
807,1,0.6665188074111938
808,1,0.8460193276405334
809,1,0.7614436745643616
810,1,0.6751071810722351
811,1,0.6051777005195618
812,1,0.4772518575191498
813,1,0.6127728819847107
814,1,0.651587724685669
815,1,0.5200195908546448
816,1,0.5404549837112427
817,1,0.7298822999000549
818,1,0.8971673250198364
819,1,0.7435418367385864
820,1,0.9278447031974792
821,1,0.7488657832145691
822,1,0.7997303009033203
823,1,0.6764919757843018
824,1,0.7943899035453796
825,1,0.6200495958328247
826,1,0.6847074031829834
827,1,0.6620186567306519
828,1,0.8794112205505371
829,1,0.9152840971946716
830,1,0.9282065033912659
831,1,0.9129843711853027
832,1,0.8968824744224548
833,1,0.8731803894042969
834,1,0.947809100151062
835,1,0.8497347831726074
836,1,0.8159804344177246
837,1,0.6530945897102356
838,1,0.8523039221763611
839,1,0.9331769943237305
840,1,0.889625608921051
841,1,0.935118556022644
842,1,0.9191933274269104
843,1,0.8588101863861084
844,1,0.8567116856575012
845,1,0.8780148029327393
846,1,0.9134544134140015
847,1,0.9256375432014465
848,1,0.9431529641151428
849,1,0.9131950736045837
850,1,0.9479970932006836
851,1,0.8548718690872192
852,1,0.9146121740341187
853,1,0.758638858795166
854,1,0.8777250647544861
855,1,0.9619466662406921
856,1,0.9250666499137878
857,1,0.9289306402206421
858,1,0.1638174057006836
859,1,0.11069118231534958
860,1,0.12222392112016678
861,1,0.8465383052825928
862,1,0.15152253210544586
863,1,0.10919158905744553
864,1,0.4037204384803772
865,1,0.5428987741470337
866,1,0.9477092623710632
867,1,0.5594022274017334
868,1,0.48507949709892273
869,1,0.567556619644165
870,1,0.4312574565410614
871,1,0.4128863215446472
872,1,0.49682772159576416
873,1,0.5287292003631592
874,1,0.581165075302124
875,1,0.527725338935852
876,1,0.503757119178772
877,1,0.4035310447216034
878,1,0.44122567772865295
879,1,0.48536086082458496
880,1,0.4852142930030823
881,1,0.43748947978019714
882,1,0.4283410906791687
883,1,0.550571620464325
884,1,0.6830461025238037
885,1,0.38066762685775757
886,1,0.28918370604515076
887,1,0.2389567494392395
888,1,0.4524056017398834
889,1,0.25937435030937195
890,1,0.44863367080688477
891,1,0.3305678367614746
892,1,0.6395723223686218
893,1,0.4778793454170227
894,1,0.5149868130683899
895,1,0.5707710385322571
896,1,0.4535895884037018
897,1,0.3522534966468811
898,1,0.3768457770347595
899,1,0.4437032639980316
900,1,0.5422649383544922
901,1,0.6496500372886658
902,1,0.6958855390548706
903,1,0.6612076759338379
904,1,0.5644840002059937
905,1,0.6724787950515747
906,1,0.617527425289154
907,1,0.6236324906349182
908,1,0.6049372553825378
909,1,0.5419183969497681
910,1,0.6586992740631104
911,1,0.6115103363990784
912,1,0.3671190142631531
913,1,0.4420882761478424
914,1,0.9193732738494873
915,1,0.5282721519470215
916,1,0.9498555064201355
917,1,0.4431793987751007
918,1,0.5500470399856567
919,1,0.8026753067970276
920,1,0.6823663711547852
921,1,0.8675586581230164
922,1,0.5332823395729065
923,1,0.40080130100250244
924,1,0.8136453032493591
925,1,0.8379504680633545
926,1,0.9049606919288635
927,1,0.8716762065887451
928,1,0.6230461001396179
929,1,0.6394792199134827
930,1,0.8524149060249329
931,1,0.5318283438682556
932,1,0.4839496910572052
933,1,0.5785481333732605
934,1,0.40693727135658264
935,1,0.48142680525779724
936,1,0.6121658682823181
937,1,0.8171471357345581
938,1,0.5692459344863892
939,1,0.7965601086616516
940,1,0.916917622089386
941,1,0.5379527807235718
942,1,0.649945855140686
943,1,0.7614893913269043
944,1,0.9176528453826904
945,1,0.8121246099472046
946,1,0.9291921257972717
947,1,0.9636477828025818
948,1,0.7752341628074646
949,1,0.8906694650650024
950,1,0.7266314625740051
951,1,0.8726136684417725
952,1,0.955522358417511
953,1,0.9529424905776978
954,1,0.9599539041519165
955,1,0.4835045039653778
956,1,0.49600210785865784
957,1,0.9007019400596619
958,1,0.9261904358863831
959,1,0.9115260243415833
960,1,0.8846063613891602
961,1,0.9197205305099487
962,1,0.8846481442451477
963,1,0.9151958227157593
964,1,0.4020534157752991
965,1,0.7787588834762573
966,1,0.5825312733650208
967,1,0.8958333134651184
968,1,0.8890216946601868
969,1,0.9208940267562866
970,1,0.6593104004859924
971,1,0.5878382325172424
972,1,0.5511706471443176
973,1,0.6969825029373169
974,1,0.9235371351242065
975,1,0.7299465537071228
976,1,0.8622288107872009
977,1,0.6689507961273193
978,1,0.5518315434455872
979,1,0.7049146294593811
980,1,0.5631542205810547
981,1,0.6293612122535706
982,1,0.5613489151000977
983,1,0.8951954245567322
984,1,0.9369568824768066
985,1,0.964130699634552
986,1,0.9567194581031799
987,1,0.9709731340408325
988,1,0.9529969692230225
989,1,0.8366199135780334
990,1,0.958954393863678
991,1,0.9770508408546448
992,1,0.94810551404953
993,1,0.9059616923332214
994,1,0.9611095190048218
995,1,0.7432307600975037
996,1,0.9794471263885498
997,1,0.9257156848907471
998,1,0.9586557745933533
999,1,0.873782217502594
1000,1,0.9216616153717041
1001,1,0.9408568143844604
1002,1,0.7560938000679016
1003,1,0.7666866183280945
1004,1,0.9537226557731628
1005,1,0.941124439239502
1006,1,0.9658886790275574
1007,1,0.8373355269432068
1008,1,0.36675187945365906
1009,1,0.4140457212924957
1010,1,0.19649019837379456
1011,1,0.46029675006866455
1012,1,0.49251240491867065
1013,1,0.8281586766242981
1014,1,0.961238443851471
1015,1,0.9350374341011047
1016,1,0.9483110904693604
1017,1,0.9717677235603333
1018,1,0.9546890258789062
1019,1,0.9484591484069824
1020,1,0.7851341366767883
1021,1,0.5346512198448181
1022,1,0.754499077796936
1023,1,0.5275633931159973
1024,1,0.7123242616653442
1025,1,0.9573782086372375
1026,1,0.9427008032798767
1027,1,0.9644920825958252
1028,1,0.9640694260597229
1029,1,0.9173667430877686
1030,1,0.9470410943031311
1031,1,0.9561811685562134
1032,1,0.9595524668693542
1033,1,0.9532467126846313
1034,1,0.8926576375961304
1035,1,0.9596452116966248
1036,1,0.9625990390777588
1037,1,0.9607395529747009
1038,1,0.646051824092865
1039,1,0.8030454516410828
1040,1,0.8181666731834412
1041,1,0.9219895005226135
1042,1,0.9021931290626526
1043,1,0.7948063015937805
1044,1,0.23185278475284576
1045,1,0.5412319898605347
1046,1,0.688918948173523
1047,1,0.68538498878479
1048,1,0.7277880907058716
1049,1,0.5771046876907349
1050,1,0.47489967942237854
1051,1,0.5322142243385315
1052,1,0.8975557684898376
1053,1,0.9401621222496033
1054,1,0.9227766394615173
1055,1,0.24781690537929535
1056,1,0.2147425413131714
1057,1,0.3206302523612976
1058,1,0.9285593628883362
1059,1,0.9253634810447693
1060,1,0.9502348899841309
1061,1,0.9485675692558289
1062,1,0.3144407868385315
1063,1,0.41792353987693787
1064,1,0.5237488150596619
1065,1,0.6541829705238342
1066,1,0.5439630746841431
1067,1,0.4858781099319458
1068,1,0.6358609795570374
1069,1,0.5810215473175049
1070,1,0.5411635637283325
1071,1,0.4212685525417328
1072,1,0.6173632144927979
1073,1,0.55315762758255
1074,1,0.44251587986946106
1075,1,0.5299259424209595
1076,1,0.35915517807006836
1077,1,0.4245586395263672
1078,1,0.4519957900047302
1079,1,0.6845201253890991
1080,1,0.7093605995178223
1081,1,0.6686519384384155
1082,1,0.5265834927558899
1083,1,0.6945729851722717
1084,1,0.7576925754547119
1085,1,0.558721125125885
1086,1,0.7089976072311401
1087,1,0.4407978951931
1088,1,0.5479773879051208
1089,1,0.6109724640846252
1090,1,0.6972262263298035
1091,1,0.60440993309021
1092,1,0.5157591700553894
1093,1,0.4373094439506531
1094,1,0.43693411350250244
1095,1,0.7036508917808533
1096,1,0.6643204092979431
1097,1,0.6900328993797302
1098,1,0.4375455677509308
1099,1,0.6342736482620239
1100,1,0.6007397770881653
1101,1,0.4560098350048065
1102,1,0.5930218696594238
1103,1,0.5812574625015259
1104,1,0.6523116827011108
1105,1,0.4661315679550171
1106,1,0.46304258704185486
1107,1,0.747076153755188
1108,1,0.46065789461135864
1109,1,0.38082948327064514
1110,1,0.5019311308860779
1111,1,0.4873136281967163
1112,1,0.8007417917251587
1113,1,0.44083932042121887
1114,1,0.513901948928833
1115,1,0.48650968074798584
1116,1,0.553413450717926
1117,1,0.7195800542831421
1118,1,0.3620928227901459
1119,1,0.7919939756393433
1120,1,0.6086058616638184
1121,1,0.0833708718419075
1122,1,0.6708126664161682
1123,1,0.7401487231254578
1124,1,0.5681746006011963
1125,1,0.5854578018188477
1126,1,0.6233034729957581
1127,1,0.543708860874176
1128,1,0.463474303483963
1129,1,0.4180116653442383
1130,1,0.4657183289527893
1131,1,0.8901881575584412
1132,1,0.7358025312423706
1133,1,0.3157423436641693
1134,1,0.710966944694519
1135,1,0.8796753883361816
1136,1,0.8218092322349548
1137,1,0.39018189907073975
1138,1,0.8211569786071777
1139,1,0.7761293649673462
1140,1,0.9364691972732544
1141,1,0.9284763336181641
1142,1,0.9786609411239624
1143,1,0.9729098677635193
1144,1,0.9670965671539307
1145,1,0.863917350769043
1146,1,0.9042963981628418
1147,1,0.20025230944156647
1148,1,0.5006599426269531
1149,1,0.9192409515380859
1150,1,0.9194080233573914
1151,1,0.9203025102615356
1152,1,0.9757994413375854
1153,1,0.9655870795249939
1154,1,0.755395233631134
1155,1,0.9533742070198059
1156,1,0.9589323401451111
1157,1,0.9584001302719116
1158,1,0.9134519100189209
1159,1,0.9516869187355042
1160,1,0.9293433427810669
1161,1,0.9022830724716187
1162,1,0.9559093117713928
1163,1,0.8311604261398315
1164,1,0.8059414625167847
1165,1,0.8495296835899353
1166,1,0.9495792984962463
1167,1,0.9449812769889832
1168,1,0.958670973777771
1169,1,0.9614664316177368
1170,1,0.6487789750099182
1171,1,0.9089362621307373
1172,1,0.8084626197814941
1173,1,0.8269702196121216
1174,1,0.7758357524871826
1175,1,0.6404913663864136
1176,1,0.9080543518066406
1177,1,0.5699765086174011
1178,1,0.6638505458831787
1179,1,0.7043944597244263
1180,1,0.37694865465164185
1181,1,0.7949262857437134
1182,1,0.6730506420135498
1183,1,0.6044222116470337
1184,1,0.9199890494346619
1185,1,0.9397355914115906
1186,1,0.9209570288658142
1187,1,0.9445996880531311
1188,1,0.8864861130714417
1189,1,0.94295734167099
1190,1,0.8480685353279114
1191,1,0.9199009537696838
1192,1,0.15202073752880096
1193,1,0.22138208150863647
1194,1,0.17564243078231812
1195,1,0.1556834727525711
1196,1,0.24298198521137238
1197,1,0.8279105424880981
1198,1,0.13421060144901276
1199,1,0.17846693098545074
1200,1,0.3105245530605316
1201,1,0.7921090126037598
1202,1,0.9203206896781921
1203,1,0.9472088813781738
1204,1,0.9165734648704529
1205,1,0.4790516197681427
1206,1,0.39446279406547546
1207,1,0.5198992490768433
1208,1,0.40450555086135864
1209,1,0.41245487332344055
1210,1,0.41651174426078796
1211,1,0.5373531579971313
1212,1,0.46757328510284424
1213,1,0.5320877432823181
1214,1,0.4276529550552368
1215,1,0.4262537956237793
1216,1,0.45023787021636963
1217,1,0.6155636310577393
1218,1,0.6159055829048157
1219,1,0.40930333733558655
1220,1,0.48940715193748474
1221,1,0.4265114367008209
1222,1,0.4538175165653229
1223,1,0.5058205723762512
1224,1,0.47668910026550293
1225,1,0.4139089286327362
1226,1,0.4217241704463959
1227,1,0.8258270025253296
1228,1,0.6250110268592834
1229,1,0.4542727470397949
1230,1,0.5178436040878296
1231,1,0.40022698044776917
1232,1,0.38053375482559204
1233,1,0.35077446699142456
1234,1,0.5881708264350891
1235,1,0.4767162501811981
1236,1,0.4070313572883606
1237,1,0.7122427225112915
1238,1,0.3795916438102722
1239,1,0.5690171718597412
1240,1,0.559518575668335
1241,1,0.5295246839523315
1242,1,0.41819700598716736
1243,1,0.4717489778995514
1244,1,0.5767813920974731
1245,1,0.16890683770179749
1246,1,0.6096492409706116
1247,1,0.48434850573539734
1248,1,0.447603315114975
1249,1,0.39104682207107544
1250,1,0.49026966094970703
1251,1,0.43000754714012146
1252,1,0.6318843960762024
1253,1,0.4846091568470001
1254,1,0.5683337450027466
1255,1,0.5666431188583374
1256,1,0.5663081407546997
1257,1,0.37878742814064026
1258,1,0.5271314382553101
1259,1,0.3753356635570526
1260,1,0.2215126007795334
1261,1,0.5387381911277771
1262,1,0.44967514276504517
1263,1,0.38731929659843445
1264,1,0.3909018337726593
1265,1,0.40095868706703186
1266,1,0.4435674250125885
1267,1,0.5052227973937988
1268,1,0.53482985496521
1269,1,0.5113719701766968
1270,1,0.7208746075630188
1271,1,0.37257614731788635
1272,1,0.5395864248275757
1273,1,0.6282442212104797
1274,1,0.4650818109512329
1275,1,0.5208823680877686
1276,1,0.4983375668525696
1277,1,0.6198870539665222
1278,1,0.44739165902137756
1279,1,0.43305861949920654
1280,1,0.45105883479118347
1281,1,0.4107147753238678
1282,1,0.6060035824775696
1283,1,0.6317543387413025
1284,1,0.575954258441925
1285,1,0.6206964254379272
1286,1,0.43827491998672485
1287,1,0.3849349319934845
1288,1,0.4327850341796875
1289,1,0.6401898860931396
1290,1,0.6884016394615173
1291,1,0.438231498003006
1292,1,0.5880176424980164
1293,1,0.43211621046066284
1294,1,0.6144586801528931
1295,1,0.5845069885253906
1296,1,0.6163171529769897
1297,1,0.6294276118278503
1298,1,0.6732141971588135
1299,1,0.6931160092353821
1300,1,0.674943208694458
1301,1,0.491272509098053
1302,1,0.39928892254829407
1303,1,0.6272563338279724
1304,1,0.5490875840187073
1305,1,0.400348961353302
1306,1,0.4835125505924225
1307,1,0.7062097787857056
1308,1,0.7648022174835205
1309,1,0.5151304602622986
1310,1,0.6433762907981873
1311,1,0.5743322968482971
1312,1,0.5563792586326599
1313,1,0.23636656999588013
1314,1,0.31286782026290894
1315,1,0.40596023201942444
1316,1,0.8721747994422913
1317,1,0.7117134928703308
1318,1,0.6443010568618774
1319,1,0.8667005896568298
1320,1,0.5788512825965881
1321,1,0.8330333828926086
1322,1,0.46599671244621277
1323,1,0.7457691431045532
1324,1,0.8158707618713379
1325,1,0.9340765476226807
1326,1,0.625395655632019
1327,1,0.5047275424003601
1328,1,0.24854466319084167
1329,1,0.5369158983230591
1330,1,0.9612064361572266
1331,1,0.6514846086502075
1332,1,0.47003981471061707
1333,1,0.958571195602417
1334,1,0.7832385897636414
1335,1,0.8477320671081543
1336,1,0.4679727554321289
1337,1,0.8600641489028931
1338,1,0.9125785231590271
1339,1,0.9651741981506348
1340,1,0.8578779101371765
1341,1,0.9161327481269836
1342,1,0.8958810567855835
1343,1,0.6233826875686646
1344,1,0.5112330317497253
1345,1,0.5468906760215759
1346,1,0.4786249101161957
1347,1,0.6254584789276123
1348,1,0.41054457426071167
1349,1,0.5519166588783264
1350,1,0.5973333120346069
1351,1,0.4308754503726959
1352,1,0.8120916485786438
1353,1,0.8055285215377808
1354,1,0.6927312612533569
1355,1,0.5997563004493713
1356,1,0.9067444205284119
1357,1,0.765203595161438
1358,1,0.5437490940093994
1359,1,0.83587247133255
1360,1,0.4709905982017517
1361,1,0.8499839305877686
1362,1,0.9271765947341919
1363,1,0.7979116439819336
1364,1,0.884654700756073
1365,1,0.9746571779251099
1366,1,0.682695209980011
1367,1,0.802257776260376
1368,1,0.8024010062217712
1369,1,0.8168013095855713
1370,1,0.9205185174942017
1371,1,0.36733466386795044
1372,1,0.5631403923034668
1373,1,0.7852545976638794
1374,1,0.3157443106174469
1375,1,0.46606722474098206
1376,1,0.6061442494392395
1377,1,0.5804744362831116
1378,1,0.4067089855670929
1379,1,0.2731495797634125
1380,1,0.469367116689682
1381,1,0.5597007274627686
1382,1,0.9738481044769287
1383,1,0.8396520018577576
1384,1,0.948883593082428
1385,1,0.7352091670036316
1386,1,0.7599764466285706
1387,1,0.9354021549224854
1388,1,0.2443286031484604
1389,1,0.7620623111724854
1390,1,0.9436120390892029
1391,1,0.9149542450904846
1392,1,0.8991039991378784
1393,1,0.8875110745429993
1394,1,0.9606059789657593
1395,1,0.9694320559501648
1396,1,0.8398523330688477
1397,1,0.8418506979942322
1398,1,0.7032410502433777
1399,1,0.9624630212783813
1400,1,0.9018139839172363
1401,1,0.9138952493667603
1402,1,0.9102038741111755
1403,1,0.9485931992530823
1404,1,0.889607846736908
1405,1,0.9389268159866333
1406,1,0.49494943022727966
1407,1,0.9522783756256104
1408,1,0.8823379874229431
1409,1,0.8898070454597473
1410,1,0.8615713715553284
1411,1,0.9308871626853943
1412,1,0.7706303000450134
1413,1,0.8997739553451538
1414,1,0.8480876684188843
1415,1,0.918429970741272
1416,1,0.9505006074905396
1417,1,0.7451890707015991
1418,1,0.8690101504325867
1419,1,0.8922289609909058
1420,1,0.9321913123130798
1421,1,0.8676867485046387
1422,1,0.8189017176628113
1423,1,0.5570229291915894
1424,1,0.12801037728786469
1425,1,0.7515406608581543
1426,1,0.7021187543869019
1427,1,0.8440842628479004
1428,1,0.9592573642730713
1429,1,0.9181946516036987
1430,1,0.9453680515289307
1431,1,0.9524726867675781
1432,1,0.979290783405304
1433,1,0.9037831425666809
1434,1,0.9150254130363464
1435,1,0.8765244483947754
1436,1,0.8336396217346191
1437,1,0.8354176878929138
1438,1,0.33977794647216797
1439,1,0.3488510549068451
1440,1,0.7808326482772827
1441,1,0.5899606347084045
1442,1,0.773124098777771
1443,1,0.871806263923645
1444,1,0.8372567892074585
1445,1,0.775630533695221
1446,1,0.7997288107872009
1447,1,0.7229438424110413
1448,1,0.2708851397037506
1449,1,0.9335929155349731
1450,1,0.7962567806243896
1451,1,0.8522493839263916
1452,1,0.8576229214668274
1453,1,0.6561557054519653
1454,1,0.7482030391693115
1455,1,0.8938809633255005
1456,1,0.945544421672821
1457,1,0.9349714517593384
1458,1,0.7891798615455627
1459,1,0.8823561668395996
1460,1,0.9422617554664612
1461,1,0.49494943022727966
1462,1,0.9255734086036682
1463,1,0.9474467039108276
1464,1,0.9411700367927551
1465,1,0.9396979808807373
1466,1,0.9206399321556091
1467,1,0.9142137765884399
1468,1,0.927207350730896
1469,1,0.9260485768318176
1470,1,0.7980685830116272
1471,1,0.9476668834686279
1472,1,0.6305561065673828
1473,1,0.6900136470794678
1474,1,0.22828622162342072
1475,1,0.7306057810783386
1476,1,0.7682350277900696
1477,1,0.5180218815803528
1478,1,0.5230913162231445
1479,1,0.6232552528381348
1480,1,0.4748370945453644
1481,1,0.48287972807884216
1482,1,0.5254496335983276
1483,1,0.35876336693763733
1484,1,0.5425831079483032
1485,1,0.8617571592330933
1486,1,0.8481944799423218
1487,1,0.6118279695510864
1488,1,0.65932697057724
1489,1,0.7971664667129517
1490,1,0.8913434743881226
1491,1,0.8002210259437561
1492,1,0.7217698097229004
1493,1,0.8574455976486206
1494,1,0.4334033131599426
1495,1,0.8358957171440125
1496,1,0.8417314291000366
1497,1,0.38069161772727966
1498,1,0.7531738877296448
1499,1,0.9042644500732422
1500,1,0.7770741581916809
1501,1,0.7427610158920288
1502,1,0.9365320205688477
1503,1,0.6928130388259888
1504,1,0.6424586176872253
1505,1,0.5518525242805481
1506,1,0.6646063327789307
1507,1,0.44112175703048706
1508,1,0.5438047647476196
1509,1,0.7190934419631958
1510,1,0.7696943283081055
1511,1,0.6241958141326904
1512,1,0.46308305859565735
1513,1,0.9541859030723572
1514,1,0.9429970979690552
1515,1,0.38803839683532715
1516,1,0.6629339456558228
1517,1,0.7339993119239807
1518,1,0.8394612073898315
1519,1,0.8593620657920837
1520,1,0.6777263283729553
1521,1,0.8887640833854675
1522,1,0.901782214641571
1523,1,0.38845527172088623
1524,1,0.8914597630500793
1525,1,0.579374372959137
1526,1,0.7280512452125549
1527,1,0.8765705227851868
1528,1,0.8670628666877747
1529,1,0.5437612533569336
1530,1,0.8242968916893005
1531,1,0.9184030294418335
1532,1,0.6042736768722534
1533,1,0.7898609638214111
1534,1,0.9401345252990723
1535,1,0.9564024806022644
1536,1,0.9032669067382812
1537,1,0.720023512840271
1538,1,0.5794524550437927
1539,1,0.6148638129234314
1540,1,0.6067343354225159
1541,1,0.9028453826904297
1542,1,0.40510523319244385
1543,1,0.7730286121368408
1544,1,0.7641879320144653
1545,1,0.8592441082000732
1546,1,0.5163891315460205
1547,1,0.452815979719162
1548,1,0.7988958954811096
1549,1,0.5359765887260437
1550,1,0.6456382274627686
1551,1,0.7154503464698792
1552,1,0.8691182732582092
1553,1,0.7712432742118835
1554,1,0.6634209752082825
1555,1,0.950127124786377
1556,1,0.9631536602973938
1557,1,0.9159609079360962
1558,1,0.9371894001960754
1559,1,0.9299373626708984
1560,1,0.9484395384788513
1561,1,0.9519838094711304
1562,1,0.8858792781829834
1563,1,0.5306657552719116
1564,1,0.8230275511741638
1565,1,0.8665376901626587
1566,1,0.803737223148346
1567,1,0.8936257362365723
1568,1,0.9122478365898132
1569,1,0.7859936356544495
1570,1,0.8260276317596436
1571,1,0.8095532655715942
1572,1,0.9449177980422974
1573,1,0.9400935769081116
1574,1,0.8539358377456665
1575,1,0.9013965129852295
1576,1,0.8985680341720581
1577,1,0.916266143321991
1578,1,0.9060527682304382
1579,1,0.9286748170852661
1580,1,0.9341347813606262
1581,1,0.9117838144302368
1582,1,0.8883479833602905
1583,1,0.9591395854949951
1584,1,0.8999400734901428
1585,1,0.7549368143081665
1586,1,0.8917710185050964
1587,1,0.9049296379089355
1588,1,0.7971959114074707
1589,1,0.8493201732635498
1590,1,0.8600509166717529
1591,1,0.9215033650398254
1592,1,0.8471318483352661
1593,1,0.9130228161811829
1594,1,0.9043285846710205
1595,1,0.8844729661941528
1596,1,0.9024314880371094
1597,1,0.8067945837974548
1598,1,0.9352291226387024
1599,1,0.9340008497238159
1600,1,0.8130265474319458
1601,1,0.9292114973068237
1602,1,0.8989145755767822
1603,1,0.8331676125526428
1604,1,0.8759381175041199
1605,1,0.9325341582298279
1606,1,0.8871915340423584
1607,1,0.46973392367362976
1608,1,0.9391885995864868
1609,1,0.6525708436965942
1610,1,0.9315724968910217
1611,1,0.9400056004524231
1612,1,0.8724002242088318
1613,1,0.7765769958496094
1614,1,0.9499381184577942
1615,1,0.9188504219055176
1616,1,0.7057921290397644
1617,1,0.7648054957389832
1618,1,0.798137366771698
1619,1,0.5493545532226562
1620,1,0.8417685031890869
1621,1,0.6830642819404602
1622,1,0.5771651864051819
1623,1,0.6796498894691467
1624,1,0.7813146114349365
1625,1,0.7600575089454651
1626,1,0.8098230361938477
1627,1,0.896605908870697
1628,1,0.7890864610671997
1629,1,0.8571915030479431
1630,1,0.3623671233654022
1631,1,0.8558318018913269
1632,1,0.4519268274307251
1633,1,0.8950841426849365
1634,1,0.6344265937805176
1635,1,0.6061767339706421
1636,1,0.5482045412063599
1637,1,0.9229146242141724
1638,1,0.6688178181648254
1639,1,0.8259100914001465
1640,1,0.5872425436973572
1641,1,0.24748791754245758
1642,1,0.5653635859489441
1643,1,0.9104153513908386
1644,1,0.4984743297100067
1645,1,0.7018910050392151
1646,1,0.9012380838394165
1647,1,0.847576916217804
1648,1,0.8790878653526306
1649,1,0.45265457034111023
1650,1,0.08992655575275421
1651,1,0.10522715002298355
1652,1,0.17297159135341644
1653,1,0.204107403755188
1654,1,0.1255766749382019
1655,1,0.16413603723049164
1656,1,0.1019086092710495
1657,1,0.24332208931446075
1658,1,0.13656386733055115
1659,1,0.09609849005937576
1660,1,0.16506171226501465
1661,1,0.11166591197252274
1662,1,0.11528559774160385
1663,1,0.16583742201328278
1664,1,0.06482547521591187
1665,1,0.1279987394809723
1666,1,0.931411862373352
1667,1,0.9130393862724304
1668,1,0.9254841804504395
1669,1,0.796879768371582
1670,1,0.8523856997489929
1671,1,0.8838952779769897
1672,1,0.9042770862579346
1673,1,0.447603315114975
1674,1,0.17179806530475616
1675,1,0.3011472523212433
1676,1,0.5033876299858093
1677,1,0.8897081613540649
1678,1,0.9412940144538879
1679,1,0.9437399506568909
1680,1,0.6496797204017639
1681,1,0.8894170522689819
1682,1,0.5272840261459351
1683,1,0.933567464351654
1684,1,0.84370356798172
1685,1,0.9058244824409485
1686,1,0.733063817024231
1687,1,0.4293438494205475
1688,1,0.8073672652244568
1689,1,0.8894047141075134
1690,1,0.47087880969047546
1691,1,0.49436622858047485
1692,1,0.6096488833427429
1693,1,0.8902900815010071
1694,1,0.8678777813911438
1695,1,0.37152624130249023
1696,1,0.8476576209068298
1697,1,0.9305728673934937
1698,1,0.6977343559265137
1699,1,0.9361363053321838
1700,1,0.9664083123207092
1701,1,0.420732319355011
1702,1,0.9007790088653564
1703,1,0.9272494912147522
1704,1,0.06727777421474457
1705,1,0.8333165049552917
1706,1,0.8739516139030457
1707,1,0.6754174828529358
1708,1,0.4187832176685333
1709,1,0.8088366389274597
1710,1,0.9515836834907532
1711,1,0.5919764637947083
1712,1,0.6464426517486572
1713,1,0.8926888704299927
1714,1,0.923111617565155
1715,1,0.586201012134552
1716,1,0.5988866686820984
1717,1,0.5704990029335022
1718,1,0.5062592029571533
1719,1,0.5286960601806641
1720,1,0.6100020408630371
1721,1,0.5725765228271484
1722,1,0.9545494318008423
1723,1,0.697568416595459
1724,1,0.8732794523239136
1725,1,0.47684839367866516
1726,1,0.8926355838775635
1727,1,0.6557376384735107
1728,1,0.9532976150512695
1729,1,0.9223482608795166
1730,1,0.82538902759552
1731,1,0.2425328493118286
1732,1,0.9217734932899475
1733,1,0.8841397166252136
1734,1,0.8522306084632874
1735,1,0.8096470236778259
1736,1,0.4576658308506012
1737,1,0.5464641451835632
1738,1,0.9409446120262146
1739,1,0.9101294875144958
1740,1,0.8489402532577515
1741,1,0.9762750267982483
1742,1,0.5699564814567566
1743,1,0.4949316382408142
1744,1,0.6041920781135559
1745,1,0.7975981831550598
1746,1,0.9612186551094055
1747,1,0.8889054656028748
1748,1,0.4275551438331604
1749,1,0.9212639927864075
1750,1,0.6393819451332092
1751,1,0.9386628270149231
1752,1,0.8969878554344177
1753,1,0.7799738645553589
1754,1,0.9649009108543396
1755,1,0.8703649640083313
1756,1,0.9013695120811462
1757,1,0.34079664945602417
1758,1,0.4931892156600952
1759,1,0.8579297661781311
1760,1,0.753308892250061
1761,1,0.8899591565132141
1762,1,0.8261758685112
1763,1,0.920103132724762
1764,1,0.78024822473526
1765,1,0.47139182686805725
1766,1,0.9727120995521545
1767,1,0.5024694204330444
1768,1,0.9185698628425598
1769,1,0.9409167766571045
1770,1,0.8452375531196594
1771,1,0.8629657626152039
1772,1,0.7839233875274658
1773,1,0.9133859872817993
1774,1,0.5218597650527954
1775,1,0.9702082872390747
1776,1,0.8628759384155273
1777,1,0.7384065389633179
1778,1,0.826509416103363
1779,1,0.9098032712936401
1780,1,0.6457746624946594
1781,1,0.9421330094337463
1782,1,0.6704946160316467
1783,1,0.46348831057548523
1784,1,0.9254212975502014
1785,1,0.7937458753585815
1786,1,0.9066274166107178
1787,1,0.873360276222229
1788,1,0.9080520868301392
1789,1,0.9651095867156982
1790,1,0.8459834456443787
1791,1,0.8624423146247864
1792,1,0.4921262562274933
1793,1,0.8418259024620056
1794,1,0.9624572396278381
1795,1,0.7574456930160522
1796,1,0.9034468531608582
1797,1,0.7789164781570435
1798,1,0.9401699304580688
1799,1,0.7300631403923035
1800,1,0.8017881512641907
1801,1,0.6030989289283752
1802,1,0.5533730983734131
1803,1,0.785584568977356
1804,1,0.4730341136455536
1805,1,0.51305091381073
1806,1,0.5687706470489502
1807,1,0.8988146185874939
1808,1,0.7737708687782288
1809,1,0.9281694293022156
1810,1,0.4647364318370819
1811,1,0.42320531606674194
1812,1,0.7551212310791016
1813,1,0.7016763687133789
1814,1,0.9670068025588989
1815,1,0.9452010989189148
1816,1,0.7147336006164551
1817,1,0.7426676750183105
1818,1,0.9118388295173645
1819,1,0.8772475719451904
1820,1,0.605301558971405
1821,1,0.5058848261833191
1822,1,0.5487139821052551
1823,1,0.8648787140846252
1824,1,0.8368199467658997
1825,1,0.7705082297325134
1826,1,0.7863790988922119
1827,1,0.8567867279052734
1828,1,0.9669341444969177
1829,1,0.8032777905464172
1830,1,0.5838660001754761
1831,1,0.6890963315963745
1832,1,0.6044504642486572
1833,1,0.8297726511955261
1834,1,0.932662308216095
1835,1,0.5124108195304871
1836,1,0.9306373596191406
1837,1,0.9164950847625732
1838,1,0.7316116094589233
1839,1,0.5419963598251343
1840,1,0.5579676628112793
1841,1,0.5721394419670105
1842,1,0.618436872959137
1843,1,0.5808566212654114
1844,1,0.6633730530738831
1845,1,0.6092948317527771
1846,1,0.6008665561676025
1847,1,0.9147126078605652
1848,1,0.6715849041938782
1849,1,0.5131557583808899
1850,1,0.805023729801178
1851,1,0.6042142510414124
1852,1,0.7750975489616394
1853,1,0.7901294827461243
1854,1,0.8697460889816284
1855,1,0.8927230834960938
1856,1,0.826449453830719
1857,1,0.9603961706161499
1858,1,0.6729004979133606
1859,1,0.8922805786132812
1860,1,0.7279689908027649
1861,1,0.6899294257164001
1862,1,0.8610608577728271
1863,1,0.9416298866271973
1864,1,0.595048725605011
1865,1,0.3868991434574127
1866,1,0.44201359152793884
1867,1,0.7600427269935608
1868,1,0.5797470211982727
1869,1,0.7854050397872925
1870,1,0.8900513052940369
1871,1,0.531943678855896
1872,1,0.9298256635665894
1873,1,0.5536993145942688
1874,1,0.9149281978607178
1875,1,0.5541207790374756
1876,1,0.8499688506126404
1877,1,0.6320210695266724
1878,1,0.945770800113678
1879,1,0.4921761453151703
1880,1,0.4775431454181671
1881,1,0.5541754961013794
1882,1,0.44462335109710693
1883,1,0.4852221608161926
1884,1,0.6406380534172058
1885,1,0.4664310812950134
1886,1,0.5219640135765076
1887,1,0.29951995611190796
1888,1,0.4170764088630676
1889,1,0.6958740949630737
1890,1,0.6283750534057617
1891,1,0.4456554353237152
1892,1,0.35696956515312195
1893,1,0.517361581325531
1894,1,0.8783825039863586
1895,1,0.7876776456832886
1896,1,0.5842030048370361
1897,1,0.7791229486465454
1898,1,0.08750684559345245
1899,1,0.8544465899467468
1900,1,0.41971009969711304
1901,1,0.842536449432373
1902,1,0.4760202169418335
1903,1,0.39041709899902344
1904,1,0.3200414776802063
1905,1,0.5088690519332886
1906,1,0.530401349067688
1907,1,0.9000511169433594
1908,1,0.7332563996315002
1909,1,0.600505530834198
1910,1,0.773125946521759
1911,1,0.4421488046646118
1912,1,0.42245909571647644
1913,1,0.43055158853530884
1914,1,0.19863522052764893
1915,1,0.6304703950881958
1916,1,0.3377424478530884
1917,1,0.6285438537597656
1918,1,0.8201009035110474
1919,1,0.3851373791694641
1920,1,0.8145946860313416
1921,1,0.8141344785690308
1922,1,0.7855367660522461
1923,1,0.52604740858078
1924,1,0.6138084530830383
1925,1,0.8931837677955627
1926,1,0.91873699426651
1927,1,0.752655565738678
1928,1,0.8523771166801453
1929,1,0.6729187369346619
1930,1,0.9222055077552795
1931,1,0.9556600451469421
1932,1,0.8773671984672546
1933,1,0.9269536733627319
1934,1,0.936606764793396
1935,1,0.8852635025978088
1936,1,0.5937196612358093
1937,1,0.5796731114387512
1938,1,0.744552493095398
1939,1,0.9159355759620667
1940,1,0.9355879426002502
1941,1,0.7559912800788879
1942,1,0.6969884037971497
1943,1,0.9189299941062927
1944,1,0.6629957556724548
1945,1,0.7131677269935608
1946,1,0.9141495227813721
1947,1,0.9659355282783508
1948,1,0.8871278166770935
1949,1,0.9156768321990967
1950,1,0.27688050270080566
1951,1,0.9576076865196228
1952,1,0.9291628003120422
1953,1,0.5871829986572266
1954,1,0.864629864692688
1955,1,0.530381441116333
1956,1,0.8957485556602478
1957,1,0.8367684483528137
1958,1,0.6468867063522339
1959,1,0.9374721050262451
1960,1,0.9361040592193604
1961,1,0.8987075090408325
1962,1,0.9251733422279358
1963,1,0.6915281414985657
1964,1,0.946784257888794
1965,1,0.7771080136299133
1966,1,0.8821404576301575
1967,1,0.7477431893348694
1968,1,0.9336403012275696
1969,1,0.8706656098365784
1970,1,0.869911789894104
1971,1,0.6545522212982178
1972,1,0.9037671089172363
1973,1,0.48605504631996155
1974,1,0.8949562311172485
1975,1,0.7216817140579224
1976,1,0.9369189143180847
1977,1,0.5646501183509827
1978,1,0.9263213872909546
1979,1,0.5933032035827637
1980,1,0.7270306944847107
1981,1,0.5462008714675903
1982,1,0.5579040050506592
1983,1,0.5479514598846436
1984,1,0.35100921988487244
1985,1,0.25412604212760925
1986,1,0.560544490814209
1987,1,0.36995112895965576
1988,1,0.48393529653549194
1989,1,0.28016233444213867
1990,1,0.49428892135620117
1991,0,0.19767922163009644
1992,0,0.6960685849189758
1993,0,0.48234739899635315
1994,0,0.8782707452774048
1995,0,0.04674932733178139
1996,0,0.04033804312348366
1997,0,0.5844533443450928
1998,0,0.4101250469684601
1999,0,0.033875998109579086
2000,0,0.6267414689064026
2001,0,0.5374338626861572
2002,0,0.2380654662847519
2003,0,0.2030072957277298
2004,0,0.43851438164711
2005,0,0.1822434514760971
2006,0,0.13820908963680267
2007,0,0.23996801674365997
2008,0,0.5860820412635803
2009,0,0.42508673667907715
2010,0,0.5525034070014954
2011,0,0.037531495094299316
2012,0,0.4500249922275543
2013,0,0.42682957649230957
2014,0,0.5442430973052979
2015,0,0.5952328443527222
2016,0,0.1849428117275238
2017,0,0.5910781025886536
2018,0,0.047430988401174545
2019,0,0.5493811964988708
2020,0,0.6339746713638306
2021,0,0.06877600401639938
2022,0,0.276607871055603
2023,0,0.06346075236797333
2024,0,0.04442911222577095
2025,0,0.3411629796028137
2026,0,0.20206387341022491
2027,0,0.4907623529434204
2028,0,0.36498504877090454
2029,0,0.9690136909484863
2030,0,0.5047005414962769
2031,0,0.02989356592297554
2032,0,0.3362719714641571
2033,0,0.32912853360176086
2034,0,0.5200195908546448
2035,0,0.15827766060829163
2036,0,0.11376318335533142
2037,0,0.2778834402561188
2038,0,0.8441693782806396
2039,0,0.4020272195339203
2040,0,0.6276395916938782
2041,0,0.6631178855895996
2042,0,0.6270743608474731
2043,0,0.3095395267009735
2044,0,0.44248440861701965
2045,0,0.20200425386428833
2046,0,0.029240092262625694
2047,0,0.45489540696144104
2048,0,0.36866527795791626
2049,0,0.15850043296813965
2050,0,0.16556166112422943
2051,0,0.4863906800746918
2052,0,0.590999960899353
2053,0,0.4648782014846802
2054,0,0.6520417928695679
2055,0,0.24804984033107758
2056,0,0.5367283821105957
2057,0,0.22047172486782074
2058,0,0.373901903629303
2059,0,0.3088809847831726
2060,0,0.25804007053375244
2061,0,0.20955359935760498
2062,0,0.5697059035301208
2063,0,0.12738122045993805
2064,0,0.4469388723373413
2065,0,0.48088765144348145
2066,0,0.4249453544616699
2067,0,0.024564778432250023
2068,0,0.5029764771461487
2069,0,0.16287566721439362
2070,0,0.22887441515922546
2071,0,0.1783480942249298
2072,0,0.7973387241363525
2073,0,0.05170730873942375
2074,0,0.03145044296979904
2075,0,0.41498950123786926
2076,0,0.7015766501426697
2077,0,0.5138194561004639
2078,0,0.4753894507884979
2079,0,0.32944583892822266
2080,0,0.3096502721309662
2081,0,0.63703453540802
2082,0,0.3902636468410492
2083,0,0.5783012509346008
2084,0,0.3860219120979309
2085,0,0.6212653517723083
2086,0,0.331092894077301
2087,0,0.6553266644477844
2088,0,0.4809747636318207
2089,0,0.49891749024391174
2090,0,0.2262772023677826
2091,0,0.08223630487918854
2092,0,0.2574114203453064
2093,0,0.37965384125709534
2094,0,0.4524146020412445
2095,0,0.07264164835214615
2096,0,0.21660774946212769
2097,0,0.34384968876838684
2098,0,0.017590096220374107
2099,0,0.3995094299316406
2100,0,0.2924342751502991
2101,0,0.8354775309562683
2102,0,0.344656378030777
2103,0,0.8649017214775085
2104,0,0.7721164226531982
2105,0,0.14336995780467987
2106,0,0.21130326390266418
2107,0,0.8767447471618652
2108,0,0.40641772747039795
2109,0,0.29580777883529663
2110,0,0.4967271089553833
2111,0,0.05856572091579437
2112,0,0.4629562497138977
2113,0,0.5906407237052917
2114,0,0.4069738984107971
2115,0,0.43223458528518677
2116,0,0.4596213400363922
2117,0,0.06967135518789291
2118,0,0.14143802225589752
2119,0,0.33787986636161804
2120,0,0.3478672206401825
2121,0,0.09517055004835129
2122,0,0.4390052855014801
2123,0,0.3027878701686859
2124,0,0.46865639090538025
2125,0,0.5194078683853149
2126,0,0.37153157591819763
2127,0,0.48333224654197693
2128,0,0.3373073637485504
2129,0,0.2005677968263626
2130,0,0.1309043914079666
2131,0,0.44409528374671936
2132,0,0.05829164385795593
2133,0,0.6556060314178467
2134,0,0.26862969994544983
2135,0,0.5036486983299255
2136,0,0.4897727966308594
2137,0,0.16405993700027466
2138,0,0.3186378479003906
2139,0,0.05371316149830818
2140,0,0.18372459709644318
2141,0,0.9081327319145203
2142,0,0.036437153816223145
2143,0,0.3291040062904358
2144,0,0.7018147706985474
2145,0,0.6298143267631531
2146,0,0.22017894685268402
2147,0,0.01930583268404007
2148,0,0.5230740308761597
2149,0,0.1441194862127304
2150,0,0.29738134145736694
2151,0,0.43555399775505066
2152,0,0.41191914677619934
2153,0,0.44635385274887085
2154,0,0.01783122681081295
2155,0,0.32412320375442505
2156,0,0.7227015495300293
2157,0,0.1726282835006714
2158,0,0.36755940318107605
2159,0,0.16243629157543182
2160,0,0.4346497356891632
2161,0,0.0469716377556324
2162,0,0.4605060815811157
2163,0,0.062148112803697586
2164,0,0.6178257465362549
2165,0,0.40347716212272644
2166,0,0.1693866103887558
2167,0,0.6809085607528687
2168,0,0.6507828831672668
2169,0,0.31674450635910034
2170,0,0.4934380054473877
2171,0,0.5464740991592407
2172,0,0.34307169914245605
2173,0,0.06413983553647995
2174,0,0.12407195568084717
2175,0,0.5510809421539307
2176,0,0.09577899426221848
2177,0,0.39109092950820923
2178,0,0.24019597470760345
2179,0,0.06276759505271912
2180,0,0.1900809109210968
2181,0,0.3001325726509094
2182,0,0.5154922008514404
2183,0,0.26671525835990906
2184,0,0.34389424324035645
2185,0,0.6458414196968079
2186,0,0.6384746432304382
2187,0,0.2924656569957733
2188,0,0.1897146850824356
2189,0,0.5479066967964172
2190,0,0.25237441062927246
2191,0,0.054475147277116776
2192,0,0.10501833260059357
2193,0,0.08961553126573563
2194,0,0.2906137704849243
2195,0,0.3084461987018585
2196,0,0.06891243159770966
2197,0,0.47608065605163574
2198,0,0.25168487429618835
2199,0,0.36869215965270996
2200,0,0.7047032117843628
2201,0,0.25050848722457886
2202,0,0.3697414696216583
2203,0,0.458974152803421
2204,0,0.5033487677574158
2205,0,0.4978175461292267
2206,0,0.27484071254730225
2207,0,0.12802298367023468
2208,0,0.03209329769015312
2209,0,0.5804979205131531
2210,0,0.08348796516656876
2211,0,0.5850420594215393
2212,0,0.3044610321521759
2213,0,0.06135229393839836
2214,0,0.509175717830658
2215,0,0.2289234846830368
2216,0,0.37021830677986145
2217,0,0.13612328469753265
2218,0,0.2524108290672302
2219,0,0.5096506476402283
2220,0,0.33227434754371643
2221,0,0.30026981234550476
2222,0,0.39064502716064453
2223,0,0.2188086211681366
2224,0,0.5074554085731506
2225,0,0.6069897413253784
2226,0,0.5988118648529053
2227,0,0.4654809832572937
2228,0,0.46067672967910767
2229,0,0.3623671233654022
2230,0,0.6538274884223938
2231,0,0.03513937443494797
2232,0,0.06508535891771317
2233,0,0.34602752327919006
2234,0,0.6163174510002136
2235,0,0.5388726592063904
2236,0,0.2851085066795349
2237,0,0.03736989200115204
2238,0,0.11396817117929459
2239,0,0.789984405040741
2240,0,0.056721869856119156
2241,0,0.05121639370918274
2242,0,0.12773501873016357
2243,0,0.12859410047531128
2244,0,0.17531967163085938
2245,0,0.5972532033920288
2246,0,0.36375758051872253
2247,0,0.04660901054739952
2248,0,0.0909191444516182
2249,0,0.5024352669715881
2250,0,0.20085155963897705
2251,0,0.5275511741638184
2252,0,0.5429299473762512
2253,0,0.19869080185890198
2254,0,0.1807393580675125
2255,0,0.2474873960018158
2256,0,0.3941044509410858
2257,0,0.6761128902435303
2258,0,0.5667524933815002
2259,0,0.667254626750946
2260,0,0.4121094346046448
2261,0,0.14355404675006866
2262,0,0.3054421544075012
2263,0,0.2128429263830185
2264,0,0.06533118337392807
2265,0,0.09191104769706726
2266,0,0.5822189450263977
2267,0,0.41214653849601746
2268,0,0.1199607253074646
2269,0,0.234201580286026
2270,0,0.1640566885471344
2271,0,0.09583428502082825
2272,0,0.7199736833572388
2273,0,0.42049989104270935
2274,0,0.04261007905006409
2275,0,0.1357254981994629
2276,0,0.19729569554328918
2277,0,0.3597499132156372
2278,0,0.2777904272079468
2279,0,0.7510491013526917
2280,0,0.17106081545352936
2281,0,0.4699886739253998
2282,0,0.05911378934979439
2283,0,0.09347561746835709
2284,0,0.5869821906089783
2285,0,0.9081822633743286
2286,0,0.33081260323524475
2287,0,0.6270610094070435
2288,0,0.363055557012558
2289,0,0.3777012825012207
2290,0,0.5398792624473572
2291,0,0.4442645311355591
2292,0,0.32729750871658325
2293,0,0.32508113980293274
2294,0,0.53334641456604
2295,0,0.5774771571159363
2296,0,0.5201602578163147
2297,0,0.4861537218093872
2298,0,0.009464433416724205
2299,0,0.40890926122665405
2300,0,0.11186211556196213
2301,0,0.48695170879364014
2302,0,0.07366995513439178
2303,0,0.06828434765338898
2304,0,0.04769255965948105
2305,0,0.6831402778625488
2306,0,0.3669048249721527
2307,0,0.38099321722984314
2308,0,0.48034462332725525
2309,0,0.41114839911460876
2310,0,0.5197767019271851
2311,0,0.20743556320667267
2312,0,0.560151219367981
2313,0,0.41971009969711304
2314,0,0.3059796988964081
2315,0,0.01355952862650156
2316,0,0.4501349627971649
2317,0,0.47078582644462585
2318,0,0.10600751638412476
2319,0,0.3266852796077728
2320,0,0.5527471303939819
2321,0,0.02753159962594509
2322,0,0.08526497334241867
2323,0,0.20607659220695496
2324,0,0.13178350031375885
2325,0,0.09030012786388397
2326,0,0.269578754901886
2327,0,0.571465790271759
2328,0,0.18602676689624786
2329,0,0.3105895519256592
2330,0,0.4702807366847992
2331,0,0.2582240700721741
2332,0,0.4941236078739166
2333,0,0.023476814851164818
2334,0,0.09558848291635513
2335,0,0.642184853553772
2336,0,0.12964461743831635
2337,0,0.4262688159942627
2338,0,0.045892324298620224
2339,0,0.37383973598480225
2340,0,0.15197259187698364
2341,0,0.38278424739837646
2342,0,0.21902146935462952
2343,0,0.15393999218940735
2344,0,0.022178690880537033
2345,0,0.17984047532081604
2346,0,0.037763986736536026
2347,0,0.041923437267541885
2348,0,0.08448950201272964
2349,0,0.51334547996521
2350,0,0.4909495711326599
2351,0,0.33017972111701965
2352,0,0.5732966065406799
2353,0,0.09112749248743057
2354,0,0.4580909013748169
2355,0,0.06315038353204727
2356,0,0.3504942059516907
2357,0,0.5075206160545349
2358,0,0.44349440932273865
2359,0,0.2575150728225708
2360,0,0.47483736276626587
2361,0,0.6213793158531189
2362,0,0.2259952872991562
2363,0,0.5573148727416992
2364,0,0.03141722083091736
2365,0,0.18357214331626892
2366,0,0.47469526529312134
2367,0,0.47127386927604675
2368,0,0.06742239743471146
2369,0,0.8229053020477295
2370,0,0.48498186469078064
2371,0,0.5107726454734802
2372,0,0.39981362223625183
2373,0,0.18888218700885773
2374,0,0.10406321287155151
2375,0,0.14932294189929962
2376,0,0.6603786945343018
2377,0,0.26967528462409973
2378,0,0.3132522702217102
2379,0,0.4091528058052063
2380,0,0.4487314820289612
2381,0,0.6704785823822021
2382,0,0.5713898539543152
2383,0,0.05914313718676567
2384,0,0.08240262418985367
2385,0,0.06923379004001617
2386,0,0.0928681492805481
2387,0,0.5990694165229797
2388,0,0.06479994207620621
2389,0,0.13768993318080902
2390,0,0.9374327063560486
2391,0,0.1319577693939209
2392,0,0.1711130440235138
2393,0,0.7403287887573242
2394,0,0.16735891997814178
2395,0,0.41498950123786926
2396,0,0.372462660074234
2397,0,0.22470374405384064
2398,0,0.4988349378108978
2399,0,0.7732259631156921
2400,0,0.15472576022148132
2401,0,0.5704142451286316
2402,0,0.5553281903266907
2403,0,0.05380592122673988
2404,0,0.1417631208896637
2405,0,0.2429516613483429
2406,0,0.4551463723182678
2407,0,0.20409484207630157
2408,0,0.35611048340797424
2409,0,0.5420944690704346
2410,0,0.5984293818473816
2411,0,0.49494943022727966
2412,0,0.6614808440208435
2413,0,0.4127998948097229
2414,0,0.5471570491790771
2415,0,0.45089343190193176
2416,0,0.3034806549549103
2417,0,0.11261880397796631
2418,0,0.42546266317367554
2419,0,0.1082046627998352
2420,0,0.3325939178466797
2421,0,0.08103160560131073
2422,0,0.3186340928077698
2423,0,0.18701812624931335
2424,0,0.5306261777877808
2425,0,0.0969577208161354
2426,0,0.07543321698904037
2427,0,0.10257924348115921
2428,0,0.08317632973194122
2429,0,0.37372568249702454
2430,0,0.1279231309890747
2431,0,0.30772972106933594
2432,0,0.4452317953109741
2433,0,0.5124009251594543
2434,0,0.5200195908546448
2435,0,0.5884917974472046
2436,0,0.3578418791294098
2437,0,0.3823143243789673
2438,0,0.06585763394832611
2439,0,0.2072133868932724
2440,0,0.33683669567108154
2441,0,0.11337307095527649
2442,0,0.2226843386888504
2443,0,0.3650345504283905
2444,0,0.1826964169740677
2445,0,0.530697762966156
2446,0,0.30323585867881775
2447,0,0.6021299362182617
2448,0,0.28811293840408325
2449,0,0.8467444777488708
2450,0,0.4094865918159485
2451,0,0.4386014938354492
2452,0,0.06349893659353256
2453,0,0.21645821630954742
2454,0,0.7148535847663879
2455,0,0.17211568355560303
2456,0,0.3995611071586609
2457,0,0.45642173290252686
2458,0,0.09266339987516403
2459,0,0.23696959018707275
2460,0,0.09237782657146454
2461,0,0.36910280585289
2462,0,0.27910250425338745
2463,0,0.893112063407898
2464,0,0.37403616309165955
2465,0,0.5173531174659729
2466,0,0.7921090126037598
2467,0,0.4692094922065735
2468,0,0.651851236820221
2469,0,0.8114199042320251
2470,0,0.10262604057788849
2471,0,0.10744509100914001
2472,0,0.12492553889751434
2473,0,0.48600614070892334
2474,0,0.37050068378448486
2475,0,0.10750992596149445
2476,0,0.45822229981422424
2477,0,0.48816195130348206
2478,0,0.49424412846565247
2479,0,0.4489894509315491
2480,0,0.4002569317817688
2481,0,0.4908501207828522
2482,0,0.5329768061637878
2483,0,0.9215177297592163
2484,0,0.4711550176143646
2485,0,0.15618276596069336
2486,0,0.3721589744091034
2487,0,0.40989500284194946
2488,0,0.6275189518928528
2489,0,0.41971009969711304
2490,0,0.6120390295982361
2491,0,0.40308094024658203
2492,0,0.6626837849617004
2493,0,0.08820510655641556
2494,0,0.4850541055202484
2495,0,0.6297302842140198
2496,0,0.46044766902923584
2497,0,0.4836465120315552
2498,0,0.513664722442627
2499,0,0.8468905091285706
2500,0,0.2786642014980316
2501,0,0.3882746696472168
2502,0,0.08414572477340698
2503,0,0.2700949013233185
2504,0,0.048439692705869675
2505,0,0.8835153579711914
2506,0,0.0783686712384224
2507,0,0.40657439827919006
2508,0,0.3239365220069885
2509,0,0.5208067297935486
2510,0,0.18618951737880707
2511,0,0.1551900953054428
2512,0,0.4305417239665985
2513,0,0.5228209495544434
2514,0,0.3460405766963959
2515,0,0.44307172298431396
2516,0,0.00995944906026125
2517,0,0.03787016496062279
2518,0,0.7379263043403625
2519,0,0.053570982068777084
2520,0,0.43088972568511963
2521,0,0.13085322082042694
2522,0,0.14610005915164948
2523,0,0.5308116674423218
2524,0,0.025074010714888573
2525,0,0.4201681315898895
2526,0,0.26770564913749695
2527,0,0.0758800208568573
2528,0,0.5804053544998169
2529,0,0.733573317527771
2530,0,0.5739479660987854
2531,0,0.5910831689834595
2532,0,0.5062429308891296
2533,0,0.21158652007579803
2534,0,0.23454549908638
2535,0,0.2557141184806824
2536,0,0.7747271060943604
2537,0,0.2883627414703369
2538,0,0.32949304580688477
2539,0,0.24812772870063782
2540,0,0.5484797358512878
2541,0,0.09118678420782089
2542,0,0.027497990056872368
2543,0,0.29816606640815735
2544,0,0.6064746379852295
2545,0,0.41971009969711304
2546,0,0.21133099496364594
2547,0,0.08900313079357147
2548,0,0.4280945956707001
2549,0,0.01896447129547596
2550,0,0.41485923528671265
2551,0,0.584408164024353
2552,0,0.2285349816083908
2553,0,0.3684591054916382
2554,0,0.21308618783950806
2555,0,0.6205465793609619
2556,0,0.1567533016204834
2557,0,0.5940138101577759
2558,0,0.025094401091337204
2559,0,0.3845454454421997
2560,0,0.018477467820048332
2561,0,0.19889195263385773
2562,0,0.21727511286735535
2563,0,0.05080340430140495
2564,0,0.06614881753921509
2565,0,0.05623123422265053
2566,0,0.4082673192024231
2567,0,0.11237586289644241
2568,0,0.0377458855509758
2569,0,0.3945375978946686
2570,0,0.15865270793437958
2571,0,0.12834948301315308
2572,0,0.2177448868751526
2573,0,0.11596088856458664
2574,0,0.361318975687027
2575,0,0.48640912771224976
2576,0,0.3887782394886017
2577,0,0.10427062958478928
2578,0,0.6575427055358887
2579,0,0.5315678715705872
2580,0,0.507911205291748
2581,0,0.45783546566963196
2582,0,0.49767836928367615
2583,0,0.14966915547847748
2584,0,0.049039699137210846
2585,0,0.01405574195086956
2586,0,0.13807271420955658
2587,0,0.17157186567783356
2588,0,0.37235307693481445
2589,0,0.3863251805305481
2590,0,0.05893464758992195
2591,0,0.0086373807862401
2592,0,0.6711196899414062
2593,0,0.2602367103099823
2594,0,0.29149875044822693
2595,0,0.21369776129722595
2596,0,0.4178818166255951
2597,0,0.8672714233398438
2598,0,0.3338065445423126
2599,0,0.3548606038093567
2600,0,0.39515650272369385
2601,0,0.2162509560585022
2602,0,0.18435384333133698
2603,0,0.14535193145275116
2604,0,0.447603315114975
2605,0,0.44305047392845154
2606,0,0.1729411780834198
2607,0,0.2411828637123108
2608,0,0.3254823386669159
2609,0,0.17344526946544647
2610,0,0.2753930985927582
2611,0,0.4921281635761261
2612,0,0.46052658557891846
2613,0,0.48500579595565796
2614,0,0.1679537445306778
2615,0,0.5578587055206299
2616,0,0.8927088379859924
2617,0,0.6302527189254761
2618,0,0.5967208743095398
2619,0,0.46344250440597534
2620,0,0.36673834919929504
2621,0,0.35326486825942993
2622,0,0.1531287133693695
2623,0,0.18375469744205475
2624,0,0.13674893975257874
2625,0,0.5091282725334167
2626,0,0.4412471652030945
2627,0,0.3129255771636963
2628,0,0.101018987596035
2629,0,0.603432297706604
2630,0,0.4876830577850342
2631,0,0.5115978717803955
2632,0,0.05989691615104675
2633,0,0.21294640004634857
2634,0,0.49494943022727966
2635,0,0.5164279341697693
2636,0,0.09810078889131546
2637,0,0.1016819030046463
2638,0,0.41554364562034607
2639,0,0.6536914110183716
2640,0,0.43209582567214966
2641,0,0.19751374423503876
2642,0,0.47783175110816956
2643,0,0.4853089451789856
2644,0,0.914306640625
2645,0,0.5424633026123047
2646,0,0.32064443826675415
2647,0,0.5603415966033936
2648,0,0.7500709891319275
2649,0,0.4085191786289215
2650,0,0.5515010356903076
2651,0,0.13519658148288727
2652,0,0.3875240683555603
2653,0,0.5626596212387085
2654,0,0.5030697584152222
2655,0,0.10148591548204422
2656,0,0.5401329398155212
2657,0,0.20429465174674988
2658,0,0.7295876741409302
2659,0,0.1791754513978958
2660,0,0.13607437908649445
2661,0,0.26080548763275146
2662,0,0.26396334171295166
2663,0,0.05155693739652634
2664,0,0.20508728921413422
2665,0,0.6636291146278381
2666,0,0.7397645115852356
2667,0,0.16345743834972382
2668,0,0.43626952171325684
2669,0,0.7286731004714966
2670,0,0.6866495013237
2671,0,0.13154034316539764
2672,0,0.5683906078338623
2673,0,0.4575153589248657
2674,0,0.19396790862083435
2675,0,0.6794310808181763
2676,0,0.45489540696144104
2677,0,0.39269739389419556
2678,0,0.39225679636001587
2679,0,0.49894940853118896
2680,0,0.2513246238231659
2681,0,0.2142850011587143
2682,0,0.049490343779325485
2683,0,0.4855939447879791
2684,0,0.6037964224815369
2685,0,0.14666125178337097
2686,0,0.1711013913154602
2687,0,0.13136246800422668
2688,0,0.04958421364426613
2689,0,0.1477564424276352
2690,0,0.3825143277645111
2691,0,0.3623550534248352
2692,0,0.04642024636268616
2693,0,0.17705406248569489
2694,0,0.46862369775772095
2695,0,0.2960408926010132
2696,0,0.4175944924354553
2697,0,0.3444567918777466
2698,0,0.7166836857795715
2699,0,0.503933846950531
2700,0,0.12126854807138443
2701,0,0.5566790103912354
2702,0,0.05410514026880264
2703,0,0.41165247559547424
2704,0,0.26184532046318054
2705,0,0.14833295345306396
2706,0,0.6377933621406555
2707,0,0.2329944223165512
2708,0,0.5221784710884094
2709,0,0.745641827583313
2710,0,0.3812018036842346
2711,0,0.14004620909690857
2712,0,0.24337102472782135
2713,0,0.4901568591594696
2714,0,0.0381716713309288
2715,0,0.5765302181243896
2716,0,0.5146690011024475
2717,0,0.41678228974342346
2718,0,0.8079324960708618
2719,0,0.447603315114975
2720,0,0.4841209650039673
2721,0,0.1226874440908432
2722,0,0.17311371862888336
2723,0,0.4442339837551117
2724,0,0.484050452709198
2725,0,0.37962237000465393
2726,0,0.7432291507720947
2727,0,0.14970581233501434
2728,0,0.07892666757106781
2729,0,0.24588018655776978
2730,0,0.34053370356559753
2731,0,0.663331151008606
2732,0,0.1511794775724411
2733,0,0.5242934226989746
2734,0,0.5903000831604004
2735,0,0.342793732881546
2736,0,0.2780137062072754
2737,0,0.41464293003082275
2738,0,0.04766116663813591
2739,0,0.31404390931129456
2740,0,0.5402359962463379
2741,0,0.2220020592212677
2742,0,0.1387556940317154
2743,0,0.2352498322725296
2744,0,0.604770839214325
2745,0,0.287450909614563
2746,0,0.47569018602371216
2747,0,0.591370701789856
2748,0,0.4549596607685089
2749,0,0.15804927051067352
2750,0,0.3520349860191345
2751,0,0.06955641508102417
2752,0,0.5791527628898621
2753,0,0.44446054100990295
2754,0,0.05834381282329559
2755,0,0.03700989857316017
2756,0,0.6845334768295288
2757,0,0.6910232901573181
2758,0,0.38296377658843994
2759,0,0.28640273213386536
2760,0,0.5126047134399414
2761,0,0.6803681254386902
2762,0,0.8530871272087097
2763,0,0.5373953580856323
2764,0,0.549506425857544
2765,0,0.11430751532316208
2766,0,0.5200195908546448
2767,0,0.2885412275791168
2768,0,0.3930318057537079
2769,0,0.13452838361263275
2770,0,0.45025986433029175
2771,0,0.6159566640853882
2772,0,0.4580634832382202
2773,0,0.8968433141708374
2774,0,0.2365506887435913
2775,0,0.5773060321807861
2776,0,0.24490366876125336
2777,0,0.3524858057498932
2778,0,0.26376867294311523
2779,0,0.9551807045936584
2780,0,0.39638686180114746
2781,0,0.21683430671691895
2782,0,0.1371953785419464
2783,0,0.24881243705749512
2784,0,0.7457231879234314
2785,0,0.04504745081067085
2786,0,0.22487086057662964
2787,0,0.3208388686180115
2788,0,0.11714672297239304
2789,0,0.29053056240081787
2790,0,0.08261588215827942
2791,0,0.49520328640937805
2792,0,0.7597918510437012
2793,0,0.3182283043861389
2794,0,0.6105495095252991
2795,0,0.12134848535060883
2796,0,0.5809240937232971
2797,0,0.156595379114151
2798,0,0.036180369555950165
2799,0,0.353061705827713
2800,0,0.33353760838508606
2801,0,0.2111397534608841
2802,0,0.1150142028927803
2803,0,0.1998346745967865
2804,0,0.14660288393497467
2805,0,0.5352057814598083
2806,0,0.07455194741487503
2807,0,0.5776093006134033
2808,0,0.2656194567680359
2809,0,0.17371030151844025
2810,0,0.23736338317394257
2811,0,0.19187894463539124
2812,0,0.07021433115005493
2813,0,0.9251694083213806
2814,0,0.4094880223274231
2815,0,0.48006412386894226
2816,0,0.2370193600654602
2817,0,0.5728145837783813
2818,0,0.6271753907203674
2819,0,0.6109928488731384
2820,0,0.9202958345413208
2821,0,0.019198283553123474
2822,0,0.3503127694129944
2823,0,0.6648422479629517
2824,0,0.447603315114975
2825,0,0.5360556840896606
2826,0,0.10226549953222275
2827,0,0.3385733366012573
2828,0,0.04715202376246452
2829,0,0.4065284729003906
2830,0,0.5025519132614136
2831,0,0.48618224263191223
2832,0,0.27266088128089905
2833,0,0.16897283494472504
2834,0,0.5693535208702087
2835,0,0.44025731086730957
2836,0,0.3904583156108856
2837,0,0.048264797776937485
2838,0,0.6599133014678955
2839,0,0.7674365639686584
2840,0,0.45990124344825745
2841,0,0.46620866656303406
2842,0,0.45489540696144104
2843,0,0.3104092478752136
2844,0,0.5464453101158142
2845,0,0.30705881118774414
2846,0,0.4479277431964874
2847,0,0.39016926288604736
2848,0,0.5696980357170105
2849,0,0.2380906045436859
2850,0,0.20797894895076752
2851,0,0.0835844948887825
2852,0,0.35634368658065796
2853,0,0.2759920060634613
2854,0,0.6270285248756409
2855,0,0.3015291392803192
2856,0,0.4469917416572571
2857,0,0.48937368392944336
2858,0,0.22338314354419708
2859,0,0.7528354525566101
2860,0,0.5462985038757324
2861,0,0.3612251281738281
2862,0,0.41100987792015076
2863,0,0.5977401733398438
2864,0,0.051576949656009674
2865,0,0.1817695051431656
2866,0,0.711688756942749
2867,0,0.18255864083766937
2868,0,0.43712255358695984
2869,0,0.06313122808933258
2870,0,0.11544628441333771
2871,0,0.6694000363349915
2872,0,0.40466538071632385
2873,0,0.043898168951272964
2874,0,0.27103886008262634
2875,0,0.7933556437492371
2876,0,0.6044887900352478
2877,0,0.027025552466511726
2878,0,0.584628164768219
2879,0,0.43064549565315247
2880,0,0.5567111968994141
2881,0,0.40510237216949463
2882,0,0.037067960947752
2883,0,0.05325380340218544
2884,0,0.45545318722724915
2885,0,0.32068899273872375
2886,0,0.27199551463127136
2887,0,0.4742920398712158
2888,0,0.2960597574710846
2889,0,0.2867956757545471
2890,0,0.2121909111738205
2891,0,0.3115032911300659
2892,0,0.12865108251571655
2893,0,0.08635106682777405
2894,0,0.41491836309432983
2895,0,0.5851004719734192
2896,0,0.1813000738620758
2897,0,0.0771256759762764
2898,0,0.06054022163152695
2899,0,0.513607919216156
2900,0,0.054028697311878204
2901,0,0.05579257383942604
2902,0,0.058112189173698425
2903,0,0.4684097468852997
2904,0,0.1341468095779419
2905,0,0.11657088994979858
2906,0,0.6522438526153564
2907,0,0.5534783005714417
2908,0,0.7669631242752075
2909,0,0.2271105945110321
2910,0,0.38053157925605774
2911,0,0.4106850326061249
2912,0,0.05888638645410538
2913,0,0.09079601615667343
2914,0,0.11684062331914902
2915,0,0.4411432147026062
2916,0,0.22939445078372955
2917,0,0.928240954875946
2918,0,0.3234560787677765
2919,0,0.40356239676475525
2920,0,0.48173004388809204
2921,0,0.23647157847881317
2922,0,0.43635740876197815
2923,0,0.4605354070663452
2924,0,0.24040140211582184
2925,0,0.23532912135124207
2926,0,0.18614545464515686
2927,0,0.8953096270561218
2928,0,0.450511634349823
2929,0,0.24359667301177979
2930,0,0.19978976249694824
2931,0,0.5205647349357605
2932,0,0.8429187536239624
2933,0,0.47434526681900024
2934,0,0.06584955751895905
2935,0,0.9471017718315125
2936,0,0.09016299247741699
2937,0,0.533814549446106
2938,0,0.23464427888393402
2939,0,0.1445712447166443
2940,0,0.09673263132572174
2941,0,0.08515318483114243
2942,0,0.42383086681365967
2943,0,0.1912650465965271
2944,0,0.05767758563160896
2945,0,0.07294973731040955
2946,0,0.8628106713294983
2947,0,0.16625793278217316
2948,0,0.09918566048145294
2949,0,0.713584303855896
2950,0,0.3834894597530365
2951,0,0.06419254839420319
2952,0,0.18458034098148346
2953,0,0.3426257073879242
2954,0,0.4506000280380249
2955,0,0.4895904064178467
2956,0,0.11475733667612076
2957,0,0.5194690823554993
2958,0,0.46457481384277344
2959,0,0.4095890522003174
2960,0,0.40657931566238403
2961,0,0.26531893014907837
2962,0,0.8018118739128113
2963,0,0.09388500452041626
2964,0,0.21538177132606506
2965,0,0.7245853543281555
2966,0,0.19905059039592743
2967,0,0.0754571184515953
2968,0,0.2564173936843872
2969,0,0.22566114366054535
2970,0,0.12686459720134735
2971,0,0.3331298828125
2972,0,0.6640238761901855
2973,0,0.07862497121095657
2974,0,0.4456568956375122
2975,0,0.18991561233997345
2976,0,0.1378675103187561
2977,0,0.5987380146980286
2978,0,0.35768118500709534
2979,0,0.32841211557388306
2980,0,0.21203619241714478
2981,0,0.5132415294647217
2982,0,0.58836430311203
2983,0,0.32910168170928955
2984,0,0.7877926230430603
2985,0,0.06980255246162415
2986,0,0.4242449402809143
2987,0,0.20502907037734985
2988,0,0.36046844720840454
2989,0,0.8800812363624573
2990,0,0.04683363437652588
2991,0,0.18947085738182068
2992,0,0.12510843575000763
2993,0,0.5479257106781006
2994,0,0.3346216678619385
2995,0,0.3806818723678589
2996,0,0.014185335487127304
2997,0,0.029082469642162323
2998,0,0.6956915855407715
2999,0,0.4897727966308594
3000,0,0.19812318682670593
3001,0,0.2893136739730835
3002,0,0.2143653780221939
3003,0,0.9088075160980225
3004,0,0.7129878401756287
3005,0,0.3506361246109009
3006,0,0.447603315114975
3007,0,0.3804352879524231
3008,0,0.18011143803596497
3009,0,0.012632910162210464
3010,0,0.010418220423161983
3011,0,0.4998132586479187
3012,0,0.04969517141580582
3013,0,0.21213386952877045
3014,0,0.37453895807266235
3015,0,0.5717965960502625
3016,0,0.38345006108283997
3017,0,0.3448394536972046
3018,0,0.2913362681865692
3019,0,0.22363103926181793
3020,0,0.26203927397727966
3021,0,0.21415451169013977
3022,0,0.31552714109420776
3023,0,0.3618108332157135
3024,0,0.4426988661289215
3025,0,0.16448764503002167
3026,0,0.4396899938583374
3027,0,0.23438580334186554
3028,0,0.04471040144562721
3029,0,0.17181850969791412
3030,0,0.3733970522880554
3031,0,0.3832866847515106
3032,0,0.07822354137897491
3033,0,0.19049705564975739
3034,0,0.49897676706314087
3035,0,0.6516058444976807
3036,0,0.5668953657150269
3037,0,0.26214897632598877
3038,0,0.03363991901278496
3039,0,0.4236705005168915
3040,0,0.4719863533973694
3041,0,0.49709832668304443
3042,0,0.6422808766365051
3043,0,0.570819079875946
3044,0,0.2808697521686554
3045,0,0.17508870363235474
3046,0,0.027514725923538208
3047,0,0.447603315114975
3048,0,0.5568320751190186
3049,0,0.6059815883636475
3050,0,0.17318761348724365
3051,0,0.07235602289438248
3052,0,0.06387684494256973
3053,0,0.18692916631698608
3054,0,0.4652116596698761
3055,0,0.05834043025970459
3056,0,0.34993183612823486
3057,0,0.5374811291694641
3058,0,0.21478049457073212
3059,0,0.5671441555023193
3060,0,0.42002108693122864
3061,0,0.47288909554481506
3062,0,0.5105858445167542
3063,0,0.10567192733287811
3064,0,0.13532155752182007
3065,0,0.07852941006422043
3066,0,0.07065645605325699
3067,0,0.7927464246749878
3068,0,0.566714346408844
3069,0,0.5030595660209656
3070,0,0.5754596590995789
3071,0,0.5529722571372986
3072,0,0.49494943022727966
3073,0,0.11464906483888626
3074,0,0.9113084673881531
3075,0,0.6507138013839722
3076,0,0.2981680929660797
3077,0,0.3094217777252197
3078,0,0.488534152507782
3079,0,0.22859477996826172
3080,0,0.12544482946395874
3081,0,0.5109498500823975
3082,0,0.13870753347873688
3083,0,0.5714841485023499
3084,0,0.3623671233654022
3085,0,0.2681730091571808
3086,0,0.1566440314054489
3087,0,0.5500940680503845
3088,0,0.447603315114975
3089,0,0.376417875289917
3090,0,0.3565611243247986
3091,0,0.4915497899055481
3092,0,0.6151312589645386
3093,0,0.335425466299057
3094,0,0.3959537446498871
3095,0,0.6063330769538879
3096,0,0.23057818412780762
3097,0,0.5125706195831299
3098,0,0.1344681680202484
3099,0,0.5218251943588257
3100,0,0.04498188570141792
3101,0,0.057528335601091385
3102,0,0.17891773581504822
3103,0,0.0451614111661911
3104,0,0.2992370128631592
3105,0,0.10469796508550644
3106,0,0.27214953303337097
3107,0,0.48695680499076843
3108,0,0.05313988775014877
3109,0,0.39584881067276
3110,0,0.3969119191169739
3111,0,0.29766780138015747
3112,0,0.6292009949684143
3113,0,0.41740381717681885
3114,0,0.4650207459926605
3115,0,0.05902841314673424
3116,0,0.10813776403665543
3117,0,0.33678334951400757
3118,0,0.13728515803813934
3119,0,0.5086638331413269
3120,0,0.6389209628105164
3121,0,0.5217366218566895
3122,0,0.3206797242164612
3123,0,0.1560221016407013
3124,0,0.14212772250175476
3125,0,0.3372823894023895
3126,0,0.2941892743110657
3127,0,0.535164475440979
3128,0,0.03672134876251221
3129,0,0.3817504942417145
3130,0,0.28364297747612
3131,0,0.4897727966308594
3132,0,0.45800545811653137
3133,0,0.41971009969711304
3134,0,0.02973070740699768
3135,0,0.14382189512252808
3136,0,0.2131669968366623
3137,0,0.47721534967422485
3138,0,0.22316290438175201
3139,0,0.03202700614929199
3140,0,0.5971580147743225
3141,0,0.1720653474330902
3142,0,0.04757554456591606
3143,0,0.6232316493988037
3144,0,0.16890807449817657
3145,0,0.3211192190647125
3146,0,0.38165658712387085
3147,0,0.08453308045864105
3148,0,0.0708443820476532
3149,0,0.05302290618419647
3150,0,0.1659015715122223
3151,0,0.49494943022727966
3152,0,0.5200808644294739
3153,0,0.9534794092178345
3154,0,0.08747503161430359
3155,0,0.44398272037506104
3156,0,0.6208184361457825
3157,0,0.19300717115402222
3158,0,0.6358640789985657
3159,0,0.08403339982032776
3160,0,0.29186540842056274
3161,0,0.01143521536141634
3162,0,0.4960896372795105
3163,0,0.5751535892486572
3164,0,0.3946969509124756
3165,0,0.034861259162425995
3166,0,0.6265236139297485
3167,0,0.44409942626953125
3168,0,0.2152261584997177
3169,0,0.050324149429798126
3170,0,0.506004810333252
3171,0,0.13872401416301727
3172,0,0.31321847438812256
3173,0,0.6289322376251221
3174,0,0.1496138572692871
3175,0,0.0883922427892685
3176,0,0.6009085774421692
3177,0,0.7694870233535767
3178,0,0.13495886325836182
3179,0,0.28058791160583496
3180,0,0.2626029849052429
3181,0,0.30911341309547424
3182,0,0.3134687840938568
3183,0,0.4362580180168152
3184,0,0.4892843961715698
3185,0,0.23869727551937103
3186,0,0.7766953706741333
3187,0,0.39154016971588135
3188,0,0.05711418017745018
3189,0,0.2697181701660156
3190,0,0.14403676986694336
3191,0,0.2665892541408539
3192,0,0.22927670180797577
3193,0,0.10665276646614075
3194,0,0.34285077452659607
3195,0,0.6981567144393921
3196,0,0.3464021682739258
3197,0,0.6781380772590637
3198,0,0.22485002875328064
3199,0,0.406429260969162
3200,0,0.01544533483684063
3201,0,0.21323709189891815
3202,0,0.657645046710968
3203,0,0.3644368648529053
3204,0,0.49626320600509644
3205,0,0.1499488800764084
3206,0,0.22354313731193542
3207,0,0.16180318593978882
3208,0,0.2252553403377533
3209,0,0.9520449638366699
3210,0,0.08925938606262207
3211,0,0.5031214952468872
3212,0,0.28109949827194214
3213,0,0.22427965700626373
3214,0,0.2876165807247162
3215,0,0.34469693899154663
3216,0,0.38595420122146606
3217,0,0.4897727966308594
3218,0,0.6649417877197266
3219,0,0.5379891991615295
3220,0,0.45134103298187256
3221,0,0.34115490317344666
3222,0,0.4924677014350891
3223,0,0.058218371123075485
3224,0,0.07190055400133133
3225,0,0.06129562109708786
3226,0,0.1617852747440338
3227,0,0.1128440871834755
3228,0,0.5197734236717224
3229,0,0.5670779943466187
3230,0,0.545914351940155
3231,0,0.5623821020126343
3232,0,0.4979088008403778
3233,0,0.802937924861908
3234,0,0.5255439877510071
3235,0,0.6654931902885437
3236,0,0.47561466693878174
3237,0,0.432856023311615
3238,0,0.5784740447998047
3239,0,0.32711490988731384
3240,0,0.239933043718338
3241,0,0.4377055764198303
3242,0,0.2459236979484558
3243,0,0.32127395272254944
3244,0,0.4687172472476959
3245,0,0.10435224324464798
3246,0,0.6735492944717407
3247,0,0.42498138546943665
3248,0,0.31012076139450073
3249,0,0.03286363556981087
3250,0,0.34340035915374756
3251,0,0.3846845328807831
3252,0,0.2309306561946869
3253,0,0.21747782826423645
3254,0,0.2341611236333847
3255,0,0.3883877396583557
3256,0,0.18279120326042175
3257,0,0.541632354259491
3258,0,0.13876014947891235
3259,0,0.1407848596572876
3260,0,0.7602460384368896
3261,0,0.18975253403186798
3262,0,0.6829034090042114
3263,0,0.41975319385528564
3264,0,0.19882076978683472
3265,0,0.7490873336791992
3266,0,0.5216799974441528
3267,0,0.3852038085460663
3268,0,0.21384257078170776
3269,0,0.24915167689323425
3270,0,0.06869387626647949
3271,0,0.9134691953659058
3272,0,0.5934415459632874
3273,0,0.5896718502044678
3274,0,0.5296514630317688
3275,0,0.11477634310722351
3276,0,0.4670204222202301
3277,0,0.4609595239162445
3278,0,0.5913614630699158
3279,0,0.697754442691803
3280,0,0.4065902829170227
3281,0,0.27454742789268494
3282,0,0.457925945520401
3283,0,0.6295619010925293
3284,0,0.9034571051597595
3285,0,0.5193275809288025
3286,0,0.5200195908546448
3287,0,0.5079814791679382
3288,0,0.06520961225032806
3289,0,0.6090505719184875
3290,0,0.49406883120536804
3291,0,0.49494943022727966
3292,0,0.49494943022727966
3293,0,0.4022407531738281
3294,0,0.06455747783184052
3295,0,0.4785350263118744
3296,0,0.6331127882003784
3297,0,0.19162940979003906
3298,0,0.9614450335502625
3299,0,0.3775947093963623
3300,0,0.7100590467453003
3301,0,0.46077460050582886
3302,0,0.29372891783714294
3303,0,0.42915040254592896
3304,0,0.41971009969711304
3305,0,0.4897727966308594
3306,0,0.430686354637146
3307,0,0.3984149694442749
3308,0,0.6989978551864624
3309,0,0.521765410900116
3310,0,0.589041531085968
3311,0,0.6124841570854187
3312,0,0.9333553910255432
3313,0,0.43934062123298645
3314,0,0.4235003590583801
3315,0,0.48649024963378906
3316,0,0.46215248107910156
3317,0,0.5460220575332642
3318,0,0.1652035415172577
3319,0,0.47243747115135193
3320,0,0.588409960269928
3321,0,0.2239517718553543
3322,0,0.5610429048538208
3323,0,0.045005641877651215
3324,0,0.5488868951797485
3325,0,0.6888052821159363
3326,0,0.5298339128494263
3327,0,0.1855669915676117
3328,0,0.060597795993089676
3329,0,0.2747766971588135
3330,0,0.23127681016921997
3331,0,0.2527681887149811
3332,0,0.1738584190607071
3333,0,0.1565983146429062
3334,0,0.3848516643047333
3335,0,0.5881099700927734
3336,0,0.057458069175481796
3337,0,0.5197732448577881
3338,0,0.6299986839294434
3339,0,0.5175756812095642
3340,0,0.12534749507904053
3341,0,0.3883584141731262
3342,0,0.6117711663246155
3343,0,0.5714251399040222
3344,0,0.428513765335083
3345,0,0.5490067005157471
3346,0,0.5896807909011841
3347,0,0.2229224443435669
3348,0,0.4233729839324951
3349,0,0.26364225149154663
3350,0,0.2978593409061432
3351,0,0.6629435420036316
3352,0,0.627090573310852
3353,0,0.3124062716960907
3354,0,0.23906828463077545
3355,0,0.3537202775478363
3356,0,0.49576830863952637
3357,0,0.04520626738667488
3358,0,0.4676600992679596
3359,0,0.5694352388381958
3360,0,0.3181976079940796
3361,0,0.23986512422561646
3362,0,0.5853556394577026
3363,0,0.17444755136966705
3364,0,0.5015895962715149
3365,0,0.06198180839419365
3366,0,0.4481126666069031
3367,0,0.5779167413711548
3368,0,0.4507609009742737
3369,0,0.5245826244354248
3370,0,0.5608258843421936
3371,0,0.28957438468933105
3372,0,0.447603315114975
3373,0,0.5548139810562134
3374,0,0.4734342396259308
3375,0,0.21381478011608124
3376,0,0.4395793080329895
3377,0,0.5513461828231812
3378,0,0.22964030504226685
3379,0,0.45573699474334717
3380,0,0.08945000171661377
3381,0,0.4262794852256775
3382,0,0.44595062732696533
3383,0,0.06452882289886475
3384,0,0.16860811412334442
3385,0,0.8525863289833069
3386,0,0.4941760003566742
3387,0,0.03840123116970062
3388,0,0.734423041343689
3389,0,0.06324557960033417
3390,0,0.85701984167099
3391,0,0.05425282195210457
3392,0,0.11652429401874542
3393,0,0.6503748297691345
3394,0,0.8467806577682495
3395,0,0.3921845257282257
3396,0,0.07392280548810959
3397,0,0.4269498288631439
3398,0,0.41971009969711304
3399,0,0.49044016003608704
3400,0,0.6331158876419067
3401,0,0.11303076148033142
3402,0,0.5429399013519287
3403,0,0.1103360578417778
3404,0,0.42200616002082825
3405,0,0.3211541473865509
3406,0,0.22137773036956787
3407,0,0.3584975600242615
3408,0,0.04504033178091049
3409,0,0.3378056287765503
3410,0,0.7798823714256287
3411,0,0.5059782266616821
3412,0,0.04181809723377228
3413,0,0.17565800249576569
3414,0,0.6895768046379089
3415,0,0.25021716952323914
3416,0,0.2481706291437149
3417,0,0.599297046661377
3418,0,0.7378157377243042
3419,0,0.13959091901779175
3420,0,0.10410148650407791
3421,0,0.14355343580245972
3422,0,0.09970980882644653
3423,0,0.18119102716445923
3424,0,0.9177150130271912
3425,0,0.35743460059165955
3426,0,0.9410404562950134
3427,0,0.5683252811431885
3428,0,0.20676788687705994
3429,0,0.3580459952354431
3430,0,0.39148736000061035
3431,0,0.5712111592292786
3432,0,0.16272801160812378
3433,0,0.3337891101837158
3434,0,0.43879297375679016
3435,0,0.08619261533021927
3436,0,0.5376093983650208
3437,0,0.12784607708454132
3438,0,0.1425938606262207
3439,0,0.7933556437492371
3440,0,0.5128672122955322
3441,0,0.33381956815719604
3442,0,0.2685341238975525
3443,0,0.7044259309768677
3444,0,0.5912198424339294
3445,0,0.40614619851112366
3446,0,0.07097794860601425
3447,0,0.316704124212265
3448,0,0.9059292078018188
3449,0,0.054419372230768204
3450,0,0.5805118083953857
3451,0,0.4694335162639618
3452,0,0.24972255527973175
3453,0,0.1255226582288742
3454,0,0.6165164709091187
3455,0,0.8599414229393005
3456,0,0.01775750331580639
3457,0,0.024355579167604446
3458,0,0.6018880605697632
3459,0,0.48310667276382446
3460,0,0.6254557371139526
3461,0,0.3886110186576843
3462,0,0.8084772825241089
3463,0,0.533419132232666
3464,0,0.42762261629104614
3465,0,0.11580263078212738
3466,0,0.4172999858856201
3467,0,0.1541307121515274
3468,0,0.27023908495903015
3469,0,0.5900300145149231
3470,0,0.5676811337471008
3471,0,0.28855952620506287
3472,0,0.2174198180437088
3473,0,0.5655556321144104
3474,0,0.054530877619981766
3475,0,0.4985944330692291
3476,0,0.2294280230998993
3477,0,0.26813700795173645
3478,0,0.2203529179096222
3479,0,0.3373579978942871
3480,0,0.09709586948156357
3481,0,0.5200195908546448
3482,0,0.32206758856773376
3483,0,0.5035066604614258
3484,0,0.04563574865460396
3485,0,0.23625494539737701
3486,0,0.45276153087615967
3487,0,0.41971009969711304
3488,0,0.10080184042453766
3489,0,0.31961122155189514
3490,0,0.09913290292024612
3491,0,0.48310667276382446
3492,0,0.08699505776166916
3493,0,0.27307215332984924
3494,0,0.43289491534233093
3495,0,0.4390402138233185
3496,0,0.6434670090675354
3497,0,0.1550307720899582
3498,0,0.04690688103437424
3499,0,0.32119107246398926
3500,0,0.06331852823495865
3501,0,0.5940322279930115
3502,0,0.5465221405029297
3503,0,0.40900367498397827
3504,0,0.14537577331066132
3505,0,0.39818695187568665
3506,0,0.047678109258413315
3507,0,0.06561797857284546
3508,0,0.49800658226013184
3509,0,0.44724902510643005
3510,0,0.4268883168697357
3511,0,0.2206745147705078
3512,0,0.37781545519828796
3513,0,0.5128080248832703
3514,0,0.3907904028892517
3515,0,0.5552034378051758
3516,0,0.2693566083908081
3517,0,0.08968483656644821
3518,0,0.10032546520233154
3519,0,0.6399702429771423
3520,0,0.4773430824279785
3521,0,0.2813236713409424
3522,0,0.2940368056297302
3523,0,0.6499975919723511
3524,0,0.2679809033870697
3525,0,0.6266315579414368
3526,0,0.46827179193496704
3527,0,0.3979984521865845
3528,0,0.4436599612236023
3529,0,0.2817307114601135
3530,0,0.2707250416278839
3531,0,0.6023874282836914
3532,0,0.2398952692747116
3533,0,0.2613513171672821
3534,0,0.7815918922424316
3535,0,0.5057900547981262
3536,0,0.2643332779407501
3537,0,0.06382172554731369
3538,0,0.2284986823797226
3539,0,0.3203969895839691
3540,0,0.5078497529029846
3541,0,0.4591289758682251
3542,0,0.544815182685852
3543,0,0.02412009984254837
3544,0,0.31228649616241455
3545,0,0.40769466757774353
3546,0,0.18406473100185394
3547,0,0.45489540696144104
3548,0,0.6460874676704407
3549,0,0.03946220874786377
3550,0,0.6882057189941406
3551,0,0.4827929139137268
3552,0,0.35636231303215027
3553,0,0.4778870642185211
3554,0,0.5082336664199829
3555,0,0.5030710101127625
3556,0,0.23199836909770966
3557,0,0.31916171312332153
3558,0,0.2316567599773407
3559,0,0.23153240978717804
3560,0,0.21570152044296265
3561,0,0.10329849272966385
3562,0,0.4321189224720001
3563,0,0.3261313736438751
3564,0,0.1845967173576355
3565,0,0.36453455686569214
3566,0,0.14939843118190765
3567,0,0.09497486799955368
3568,0,0.12386211007833481
3569,0,0.06519685685634613
3570,0,0.2386147379875183
3571,0,0.5770753026008606
3572,0,0.7703361511230469
3573,0,0.02996950037777424
3574,0,0.3027306795120239
3575,0,0.9163348078727722
3576,0,0.3510899245738983
3577,0,0.2431197613477707
3578,0,0.2255696803331375
3579,0,0.2186843454837799
3580,0,0.11538999527692795
3581,0,0.04484429582953453
3582,0,0.557008683681488
3583,0,0.23819389939308167
3584,0,0.5595458149909973
3585,0,0.18728211522102356
3586,0,0.9290443658828735
3587,0,0.5427353978157043
3588,0,0.5444456338882446
3589,0,0.45702043175697327
3590,0,0.37831375002861023
3591,0,0.5391750335693359
3592,0,0.3086886405944824
3593,0,0.7005692720413208
3594,0,0.41401171684265137
3595,0,0.3077724277973175
3596,0,0.4706209599971771
3597,0,0.10737905651330948
3598,0,0.49133071303367615
3599,0,0.6822836399078369
3600,0,0.31046923995018005
3601,0,0.6864044070243835
3602,0,0.4103602468967438
3603,0,0.7721406817436218
3604,0,0.5215923190116882
3605,0,0.1552676111459732
3606,0,0.0535753108561039
3607,0,0.5535035729408264
3608,0,0.546101987361908
3609,0,0.24600832164287567
3610,0,0.06447409093379974
3611,0,0.5761762857437134
3612,0,0.28656113147735596
3613,0,0.346635639667511
3614,0,0.5325340628623962
3615,0,0.4973531663417816
3616,0,0.6853159070014954
3617,0,0.20407457649707794
3618,0,0.7926632165908813
3619,0,0.6273926496505737
3620,0,0.1925707310438156
3621,0,0.11920879036188126
3622,0,0.5101462602615356
3623,0,0.3473142683506012
3624,0,0.6087697148323059
3625,0,0.3410424590110779
3626,0,0.049172304570674896
3627,0,0.1410386860370636
3628,0,0.6386122107505798
3629,0,0.16038350760936737
3630,0,0.4791119396686554
3631,0,0.6775962114334106
3632,0,0.2644670903682709
3633,0,0.41971009969711304
3634,0,0.7455765008926392
3635,0,0.06197260692715645
3636,0,0.15420584380626678
3637,0,0.2926470637321472
3638,0,0.15265561640262604
3639,0,0.5032540559768677
3640,0,0.10994431376457214
3641,0,0.500549852848053
3642,0,0.4124723970890045
3643,0,0.9124484658241272
3644,0,0.5214109420776367
3645,0,0.627221941947937
3646,0,0.10507301986217499
3647,0,0.45514026284217834
3648,0,0.09759433567523956
3649,0,0.4825744032859802
3650,0,0.8468188643455505
3651,0,0.22280128300189972
3652,0,0.3511744439601898
3653,0,0.45625120401382446
3654,0,0.7144600749015808
3655,0,0.5283256769180298
3656,0,0.14246344566345215
3657,0,0.447603315114975
3658,0,0.3702179193496704
3659,0,0.35838496685028076
3660,0,0.38592758774757385
3661,0,0.0616503469645977
3662,0,0.133552685379982
3663,0,0.20296616852283478
3664,0,0.03297146409749985
3665,0,0.5495253205299377
3666,0,0.24579335749149323
3667,0,0.7590341567993164
3668,0,0.4232119619846344
3669,0,0.14411891996860504
3670,0,0.49152877926826477
3671,0,0.20335187017917633
3672,0,0.2989802360534668
3673,0,0.05863826349377632
3674,0,0.5683788657188416
3675,0,0.3558034300804138
3676,0,0.30433225631713867
3677,0,0.4118281304836273
3678,0,0.19734928011894226
3679,0,0.9199223518371582
3680,0,0.4823210537433624
3681,0,0.24424226582050323
3682,0,0.5591806173324585
3683,0,0.6963036060333252
3684,0,0.08905680477619171
3685,0,0.8802686333656311
3686,0,0.6449243426322937
3687,0,0.31405219435691833
3688,0,0.12825670838356018
3689,0,0.1692400872707367
3690,0,0.08099223673343658
3691,0,0.46014606952667236
3692,0,0.5591921806335449
3693,0,0.3930795192718506
3694,0,0.36610284447669983
3695,0,0.29854685068130493
3696,0,0.3099727928638458
3697,0,0.19571898877620697
3698,0,0.4160894453525543
3699,0,0.6366317868232727
3700,0,0.27302637696266174
3701,0,0.548147439956665
3702,0,0.8863917589187622
3703,0,0.5239448547363281
3704,0,0.5427353978157043
3705,0,0.11613164842128754
3706,0,0.578569233417511
3707,0,0.29029908776283264
3708,0,0.4829879403114319
3709,0,0.1452975571155548
3710,0,0.5915794968605042
3711,0,0.4010542631149292
3712,0,0.5814222097396851
3713,0,0.2418678253889084
3714,0,0.0414375402033329
3715,0,0.35025298595428467
3716,0,0.3519078195095062
3717,0,0.42327338457107544
3718,0,0.2918629050254822
3719,0,0.3526557385921478
3720,0,0.466925710439682
3721,0,0.10497836023569107
3722,0,0.533242404460907
3723,0,0.17138658463954926
3724,0,0.45489540696144104
3725,0,0.013792471960186958
3726,0,0.41971009969711304
3727,0,0.7173759341239929
3728,0,0.20558027923107147
3729,0,0.02924773283302784
3730,0,0.3413776755332947
3731,0,0.1497805267572403
3732,0,0.34415706992149353
3733,0,0.05857786536216736
3734,0,0.4556088447570801
3735,0,0.03653339669108391
3736,0,0.5296785831451416
3737,0,0.19185830652713776
3738,0,0.4852157533168793
3739,0,0.09996464103460312
3740,0,0.5650196671485901
3741,0,0.07384014874696732
3742,0,0.052412569522857666
3743,0,0.23343278467655182
3744,0,0.5681737661361694
3745,0,0.44954901933670044
3746,0,0.11014925688505173
3747,0,0.5257728695869446
3748,0,0.30417200922966003
3749,0,0.08268725126981735
3750,0,0.665688157081604
3751,0,0.5088875889778137
3752,0,0.086276113986969
3753,0,0.48816028237342834
3754,0,0.06585988402366638
3755,0,0.3110853135585785
3756,0,0.7532667517662048
3757,0,0.12657976150512695
3758,0,0.27725085616111755
3759,0,0.06301500648260117
3760,0,0.11772434413433075
3761,0,0.7490873336791992
3762,0,0.44790610671043396
3763,0,0.46394672989845276
3764,0,0.47265228629112244
3765,0,0.8811575770378113
3766,0,0.3254747986793518
3767,0,0.14063379168510437
3768,0,0.2702435255050659
3769,0,0.4893896281719208
3770,0,0.4860193729400635
3771,0,0.4217541813850403
3772,0,0.307327002286911
3773,0,0.6291711330413818
3774,0,0.4729752540588379
3775,0,0.5252301096916199
3776,0,0.47533372044563293
3777,0,0.2610793113708496
3778,0,0.5358017683029175
3779,0,0.2682216763496399
3780,0,0.47780221700668335
3781,0,0.21314480900764465
3782,0,0.35161691904067993
3783,0,0.28722551465034485
3784,0,0.2571450471878052
3785,0,0.15552552044391632
3786,0,0.8301787376403809
3787,0,0.5980371236801147
3788,0,0.5297839045524597
3789,0,0.5169357657432556
3790,0,0.07579739391803741
3791,0,0.4319247603416443
3792,0,0.34091612696647644
3793,0,0.08000344783067703
3794,0,0.30053240060806274
3795,0,0.034211765974760056
3796,0,0.7607318162918091
3797,0,0.3490643799304962
3798,0,0.19842006266117096
3799,0,0.5037811994552612
3800,0,0.4437829852104187
3801,0,0.6179878115653992
3802,0,0.5810534358024597
3803,0,0.07488995790481567
3804,0,0.5667775273323059
3805,0,0.703148603439331
3806,0,0.3657257854938507
3807,0,0.47339576482772827
3808,0,0.05625864490866661
3809,0,0.8866797685623169
3810,0,0.025951413437724113
3811,0,0.4632984697818756
3812,0,0.026803135871887207
3813,0,0.1208646222949028
3814,0,0.3730464279651642
3815,0,0.6643557548522949
3816,0,0.20003867149353027
3817,0,0.533414363861084
3818,0,0.36716222763061523
3819,0,0.2580423355102539
3820,0,0.491987943649292
3821,0,0.0632803663611412
3822,0,0.6338618397712708
3823,0,0.4949926733970642
3824,0,0.18352897465229034
3825,0,0.14443746209144592
3826,0,0.9234196543693542
3827,0,0.477835476398468
3828,0,0.6524004340171814
3829,0,0.41977331042289734
3830,0,0.08258674293756485
3831,0,0.18119876086711884
3832,0,0.21343502402305603
3833,0,0.4247010350227356
3834,0,0.1442142277956009
3835,0,0.10107411444187164
3836,0,0.052072178572416306
3837,0,0.1377890259027481
3838,0,0.11589901894330978
3839,0,0.04729844629764557
3840,0,0.5267236828804016
3841,0,0.4402725398540497
3842,0,0.41857048869132996
3843,0,0.32306501269340515
3844,0,0.15503835678100586
3845,0,0.01586364209651947
3846,0,0.22447146475315094
3847,0,0.15181869268417358
3848,0,0.15803028643131256
3849,0,0.2785320281982422
3850,0,0.28206759691238403
3851,0,0.16236495971679688
3852,0,0.564251184463501
3853,0,0.5708428621292114
3854,0,0.1975724697113037
3855,0,0.6665337681770325
3856,0,0.39434248208999634
3857,0,0.26641809940338135
3858,0,0.2124188095331192
3859,0,0.10542169958353043
3860,0,0.6197162866592407
3861,0,0.16640840470790863
3862,0,0.06272702664136887
3863,0,0.35113635659217834
3864,0,0.8707790374755859
3865,0,0.04895544424653053
3866,0,0.12234539538621902
3867,0,0.4897187650203705
3868,0,0.23289801180362701
3869,0,0.31927549839019775
3870,0,0.17990033328533173
3871,0,0.4949926733970642
3872,0,0.6842536330223083
3873,0,0.05878708139061928
3874,0,0.6728450655937195
3875,0,0.21191556751728058
3876,0,0.08661483973264694
3877,0,0.4897187650203705
3878,0,0.6721428036689758
3879,0,0.4831399917602539
3880,0,0.2522614002227783
3881,0,0.5449686050415039
3882,0,0.9215037226676941
3883,0,0.4364847242832184
3884,0,0.3332301080226898
3885,0,0.3262273073196411
3886,0,0.49863508343696594
3887,0,0.32405808568000793
3888,0,0.5871203541755676
3889,0,0.5489929914474487
3890,0,0.46223926544189453
3891,0,0.10187232494354248
3892,0,0.23673878610134125
3893,0,0.10670264065265656
3894,0,0.26857805252075195
3895,0,0.12049063295125961
3896,0,0.44755592942237854
3897,0,0.5225887894630432
3898,0,0.6262665390968323
3899,0,0.4469776749610901
3900,0,0.228980153799057
3901,0,0.29476311802864075
3902,0,0.04649168252944946
3903,0,0.5556638836860657
3904,0,0.5103440880775452
3905,0,0.2238331139087677
3906,0,0.4149768650531769
3907,0,0.057431451976299286
3908,0,0.7603903412818909
3909,0,0.7845772504806519
3910,0,0.6945759654045105
3911,0,0.10241959244012833
3912,0,0.6239919066429138
3913,0,0.7780009508132935
3914,0,0.40389856696128845
3915,0,0.542757511138916
3916,0,0.5121831893920898
3917,0,0.7007459998130798
3918,0,0.5409977436065674
3919,0,0.26623451709747314
3920,0,0.07808521389961243
3921,0,0.46067172288894653
3922,0,0.5596416592597961
3923,0,0.18207310140132904
3924,0,0.6733790636062622
3925,0,0.13956955075263977
3926,0,0.8331582546234131
3927,0,0.48801466822624207
3928,0,0.13013824820518494
3929,0,0.4925951659679413
3930,0,0.19048719108104706
3931,0,0.4897187650203705
3932,0,0.028510412201285362
3933,0,0.6093747615814209
3934,0,0.4109923839569092
3935,0,0.47693556547164917
3936,0,0.07873044162988663
3937,0,0.008432339876890182
3938,0,0.37999629974365234
3939,0,0.6046016812324524
3940,0,0.5030431151390076
3941,0,0.575532078742981
3942,0,0.27316221594810486
3943,0,0.39847999811172485
3944,0,0.542757511138916
3945,0,0.23964570462703705
3946,0,0.1793164312839508
3947,0,0.5399380922317505
3948,0,0.41977331042289734
3949,0,0.20379629731178284
3950,0,0.13374008238315582
3951,0,0.7528248429298401
3952,0,0.7749576568603516
3953,0,0.137572780251503
3954,0,0.9014571905136108
3955,0,0.39633986353874207
3956,0,0.42851412296295166
3957,0,0.11362835764884949
3958,0,0.14375357329845428
3959,0,0.2129260003566742
3960,0,0.5804947018623352
3961,0,0.8736556172370911
3962,0,0.4548523426055908
3963,0,0.2910292446613312
3964,0,0.4548523426055908
3965,0,0.5719364285469055
3966,0,0.7212340235710144
3967,0,0.03887350112199783
3968,0,0.4917300045490265
3969,0,0.5286654829978943
3970,0,0.484635591506958
3971,0,0.48340922594070435
3972,0,0.4871262311935425
3973,0,0.4932823181152344
3974,0,0.6124305129051208
3975,0,0.41977331042289734
3976,0,0.7019520401954651
3977,0,0.5853860378265381
3978,0,0.4356573224067688
3979,0,0.5815427303314209
3980,0,0.6281297206878662
3981,0,0.29009339213371277
3982,0,0.7035516500473022
3983,1,0.6752164363861084
