index,y_true,y_pred_oof
0,1,0.9851380586624146
1,1,0.9185022115707397
2,1,0.8886718153953552
3,1,0.8799619078636169
4,1,0.6860865354537964
5,1,0.32179757952690125
6,1,0.3001527488231659
7,1,0.528433084487915
8,1,0.9591719508171082
9,1,0.7987489104270935
10,1,0.7252233624458313
11,1,0.7939717173576355
12,1,0.7040271759033203
13,1,0.9278591871261597
14,1,0.9031089544296265
15,1,0.7306647300720215
16,1,0.7747862935066223
17,1,0.4007316529750824
18,1,0.9618090391159058
19,1,0.7733038663864136
20,1,0.7924745678901672
21,1,0.771043598651886
22,1,0.5163668990135193
23,1,0.7841965556144714
24,1,0.9207513928413391
25,1,0.6644368171691895
26,1,0.43628454208374023
27,1,0.48918208479881287
28,1,0.9602479338645935
29,1,0.9481196403503418
30,1,0.5641240477561951
31,1,0.39586398005485535
32,1,0.8797729015350342
33,1,0.6503622531890869
34,1,0.8707768321037292
35,1,0.8515891432762146
36,1,0.7450518608093262
37,1,0.8342302441596985
38,1,0.9625451564788818
39,1,0.6183716058731079
40,1,0.9899889230728149
41,1,0.542758047580719
42,1,0.5866005420684814
43,1,0.4324242174625397
44,1,0.761964738368988
45,1,0.9412705898284912
46,1,0.8085299134254456
47,1,0.681427538394928
48,1,0.7191179990768433
49,1,0.8181267976760864
50,1,0.754404604434967
51,1,0.8943778872489929
52,1,0.9282855987548828
53,1,0.7965423464775085
54,1,0.5099683403968811
55,1,0.7495509386062622
56,1,0.6033250689506531
57,1,0.5184922218322754
58,1,0.5637452006340027
59,1,0.4099850356578827
60,1,0.5078797340393066
61,1,0.682606041431427
62,1,0.5797809362411499
63,1,0.5049765706062317
64,1,0.44472143054008484
65,1,0.8779277801513672
66,1,0.6999529600143433
67,1,0.5691700577735901
68,1,0.6838752627372742
69,1,0.7776035070419312
70,1,0.601799488067627
71,1,0.904039204120636
72,1,0.4551343321800232
73,1,0.5388863682746887
74,1,0.4805862009525299
75,1,0.871160626411438
76,1,0.5659971237182617
77,1,0.8139111399650574
78,1,0.676039457321167
79,1,0.6706910729408264
80,1,0.9249219298362732
81,1,0.5547857284545898
82,1,0.6076865196228027
83,1,0.6078897714614868
84,1,0.6133390665054321
85,1,0.5387147665023804
86,1,0.7323137521743774
87,1,0.16903282701969147
88,1,0.7626912593841553
89,1,0.552980899810791
90,1,0.3610442876815796
91,1,0.8507910370826721
92,1,0.9338139891624451
93,1,0.6439204216003418
94,1,0.9138637185096741
95,1,0.8421525359153748
96,1,0.9708049297332764
97,1,0.9404043555259705
98,1,0.9214258193969727
99,1,0.6454555988311768
100,1,0.9280819296836853
101,1,0.9128254055976868
102,1,0.8014212250709534
103,1,0.5379642248153687
104,1,0.8772525191307068
105,1,0.926729679107666
106,1,0.8587846159934998
107,1,0.693236231803894
108,1,0.5638782978057861
109,1,0.9789936542510986
110,1,0.9149776101112366
111,1,0.9490270018577576
112,1,0.9595552682876587
113,1,0.8557896018028259
114,1,0.6379474997520447
115,1,0.3477802872657776
116,1,0.3694819509983063
117,1,0.7109546065330505
118,1,0.289423406124115
119,1,0.655761182308197
120,1,0.7569893598556519
121,1,0.8285323977470398
122,1,0.8939405679702759
123,1,0.7548035979270935
124,1,0.745306670665741
125,1,0.6799377799034119
126,1,0.9275822639465332
127,1,0.4234751760959625
128,1,0.8189132809638977
129,1,0.7032845616340637
130,1,0.97982257604599
131,1,0.9451620578765869
132,1,0.6004029512405396
133,1,0.941738486289978
134,1,0.7627608776092529
135,1,0.3317864239215851
136,1,0.7864777445793152
137,1,0.8487918972969055
138,1,0.7870708107948303
139,1,0.7530403733253479
140,1,0.2798020541667938
141,1,0.8129106760025024
142,1,0.5444488525390625
143,1,0.9050449132919312
144,1,0.68687903881073
145,1,0.5686467885971069
146,1,0.9119949340820312
147,1,0.9473538398742676
148,1,0.9726354479789734
149,1,0.7211694121360779
150,1,0.6553424000740051
151,1,0.9444389939308167
152,1,0.4783655107021332
153,1,0.6273469924926758
154,1,0.8690488338470459
155,1,0.8383841514587402
156,1,0.9404217600822449
157,1,0.9231727123260498
158,1,0.7369321584701538
159,1,0.45634570717811584
160,1,0.915837287902832
161,1,0.5449514985084534
162,1,0.6143835186958313
163,1,0.05090346187353134
164,1,0.9702024459838867
165,1,0.7655503153800964
166,1,0.9705157279968262
167,1,0.9658219814300537
168,1,0.9628610014915466
169,1,0.7874669432640076
170,1,0.5399007201194763
171,1,0.9645394086837769
172,1,0.29466646909713745
173,1,0.8197927474975586
174,1,0.8415670990943909
175,1,0.3268779516220093
176,1,0.9446011781692505
177,1,0.9186665415763855
178,1,0.6562124490737915
179,1,0.9300166368484497
180,1,0.6684907078742981
181,1,0.48805686831474304
182,1,0.9384249448776245
183,1,0.8367258310317993
184,1,0.7685766816139221
185,1,0.8036136031150818
186,1,0.9491028189659119
187,1,0.9741852879524231
188,1,0.21063563227653503
189,1,0.9562842845916748
190,1,0.9194156527519226
191,1,0.7650229930877686
192,1,0.9183883666992188
193,1,0.36237359046936035
194,1,0.6661552786827087
195,1,0.9526886343955994
196,1,0.7707685828208923
197,1,0.9437541961669922
198,1,0.7121941447257996
199,1,0.8531652092933655
200,1,0.8632475137710571
201,1,0.7289573550224304
202,1,0.8228293657302856
203,1,0.5055567622184753
204,1,0.9348698854446411
205,1,0.03741276264190674
206,1,0.5601232647895813
207,1,0.7756627202033997
208,1,0.9425695538520813
209,1,0.9569832682609558
210,1,0.49406716227531433
211,1,0.3019874095916748
212,1,0.05310683697462082
213,1,0.8342934846878052
214,1,0.9589667916297913
215,1,0.770248293876648
216,1,0.9514281749725342
217,1,0.2960380017757416
218,1,0.9148833155632019
219,1,0.9542383551597595
220,1,0.855444610118866
221,1,0.9290910363197327
222,1,0.7989362478256226
223,1,0.9708153605461121
224,1,0.8848530054092407
225,1,0.704383134841919
226,1,0.9350634813308716
227,1,0.6088999509811401
228,1,0.27938398718833923
229,1,0.7291752099990845
230,1,0.5383859276771545
231,1,0.28420501947402954
232,1,0.6060304641723633
233,1,0.07759375870227814
234,1,0.865662693977356
235,1,0.9107932448387146
236,1,0.9359079003334045
237,1,0.9619603753089905
238,1,0.7349615693092346
239,1,0.38122013211250305
240,1,0.2944221496582031
241,1,0.982255220413208
242,1,0.5118077993392944
243,1,0.7735210657119751
244,1,0.1736057996749878
245,1,0.8887757658958435
246,1,0.9871742725372314
247,1,0.2775326073169708
248,1,0.6720011830329895
249,1,0.3072204291820526
250,1,0.915690541267395
251,1,0.819494903087616
252,1,0.6599247455596924
253,1,0.6430202722549438
254,1,0.497808575630188
255,1,0.9675235152244568
256,1,0.5677374005317688
257,1,0.9390849471092224
258,1,0.37906813621520996
259,1,0.8235577940940857
260,1,0.45078036189079285
261,1,0.9782585501670837
262,1,0.7795841097831726
263,1,0.9477168917655945
264,1,0.9118002653121948
265,1,0.9629766345024109
266,1,0.24597963690757751
267,1,0.8952649831771851
268,1,0.7687211632728577
269,1,0.8415670990943909
270,1,0.44237449765205383
271,1,0.6572149991989136
272,1,0.32827499508857727
273,1,0.35762810707092285
274,1,0.6551457643508911
275,1,0.527188777923584
276,1,0.8408790826797485
277,1,0.5175614953041077
278,1,0.43981993198394775
279,1,0.31177830696105957
280,1,0.30743271112442017
281,1,0.06133054196834564
282,1,0.41938677430152893
283,1,0.8302772045135498
284,1,0.9619488716125488
285,1,0.798278272151947
286,1,0.6590771675109863
287,1,0.46473294496536255
288,1,0.9137172698974609
289,1,0.4596187174320221
290,1,0.7002637982368469
291,1,0.3552829623222351
292,1,0.5856942534446716
293,1,0.5946928858757019
294,1,0.6200299859046936
295,1,0.6096141934394836
296,1,0.9214771389961243
297,1,0.7186048030853271
298,1,0.43954595923423767
299,1,0.6070196032524109
300,1,0.9375046491622925
301,1,0.895525336265564
302,1,0.5309167504310608
303,1,0.8630373477935791
304,1,0.6498807072639465
305,1,0.5315765738487244
306,1,0.6692191362380981
307,1,0.7760984301567078
308,1,0.9165356159210205
309,1,0.5655534863471985
310,1,0.7680204510688782
311,1,0.8751702308654785
312,1,0.5639890432357788
313,1,0.746354877948761
314,1,0.9424223899841309
315,1,0.5711846351623535
316,1,0.8911066651344299
317,1,0.7658520936965942
318,1,0.8624383211135864
319,1,0.5121210813522339
320,1,0.9012061357498169
321,1,0.44754093885421753
322,1,0.5936880707740784
323,1,0.9716686606407166
324,1,0.8508090376853943
325,1,0.9683676958084106
326,1,0.9279717803001404
327,1,0.899482786655426
328,1,0.9630707502365112
329,1,0.39295655488967896
330,1,0.82838374376297
331,1,0.8952355980873108
332,1,0.8631992340087891
333,1,0.7160717248916626
334,1,0.8816935420036316
335,1,0.9123694896697998
336,1,0.95561683177948
337,1,0.9197179079055786
338,1,0.7776376008987427
339,1,0.9373883605003357
340,1,0.9696430563926697
341,1,0.9558168649673462
342,1,0.9237794876098633
343,1,0.8825972676277161
344,1,0.9571169018745422
345,1,0.8656029105186462
346,1,0.8967999815940857
347,1,0.9817168116569519
348,1,0.7336966395378113
349,1,0.9701513648033142
350,1,0.8416398763656616
351,1,0.7517525553703308
352,1,0.5794092416763306
353,1,0.5617991089820862
354,1,0.5038381814956665
355,1,0.7884952425956726
356,1,0.605406641960144
357,1,0.9585697650909424
358,1,0.4669570028781891
359,1,0.39829790592193604
360,1,0.6388084292411804
361,1,0.9577026963233948
362,1,0.9692583084106445
363,1,0.9534481167793274
364,1,0.6075178980827332
365,1,0.9623162746429443
366,1,0.9762852787971497
367,1,0.9762465357780457
368,1,0.8640804290771484
369,1,0.8819780349731445
370,1,0.885603666305542
371,1,0.9751763343811035
372,1,0.552286684513092
373,1,0.9461807012557983
374,1,0.9367276430130005
375,1,0.928687572479248
376,1,0.9304459095001221
377,1,0.9618152379989624
378,1,0.9651735424995422
379,1,0.9577481746673584
380,1,0.9675211906433105
381,1,0.9564015865325928
382,1,0.5555930137634277
383,1,0.7668851017951965
384,1,0.7150899171829224
385,1,0.7390309572219849
386,1,0.6135773658752441
387,1,0.5987246036529541
388,1,0.7713112831115723
389,1,0.7240647077560425
390,1,0.686129629611969
391,1,0.5967528820037842
392,1,0.6096369624137878
393,1,0.5746604800224304
394,1,0.6091741919517517
395,1,0.48381638526916504
396,1,0.7033959031105042
397,1,0.2538626492023468
398,1,0.5196738839149475
399,1,0.6774062514305115
400,1,0.615634560585022
401,1,0.7674854397773743
402,1,0.6620641946792603
403,1,0.7050703167915344
404,1,0.8302679657936096
405,1,0.6907805800437927
406,1,0.6835635304450989
407,1,0.6404606699943542
408,1,0.21572212874889374
409,1,0.24686458706855774
410,1,0.4131731390953064
411,1,0.5497447848320007
412,1,0.5115973949432373
413,1,0.2548527419567108
414,1,0.2559095025062561
415,1,0.3079697787761688
416,1,0.2466297596693039
417,1,0.4037861227989197
418,1,0.5901051759719849
419,1,0.6881508231163025
420,1,0.6582595109939575
421,1,0.17898425459861755
422,1,0.6562181711196899
423,1,0.7346062064170837
424,1,0.6086997389793396
425,1,0.5042867660522461
426,1,0.8040609359741211
427,1,0.7214693427085876
428,1,0.8291158080101013
429,1,0.8757864832878113
430,1,0.6268147826194763
431,1,0.6623650789260864
432,1,0.619888186454773
433,1,0.625910222530365
434,1,0.5570904016494751
435,1,0.9134517908096313
436,1,0.8598000407218933
437,1,0.5252727270126343
438,1,0.9365036487579346
439,1,0.836603045463562
440,1,0.688412606716156
441,1,0.8759732246398926
442,1,0.8777602314949036
443,1,0.8907543420791626
444,1,0.9681906700134277
445,1,0.25111737847328186
446,1,0.4998437762260437
447,1,0.9577106833457947
448,1,0.6217460036277771
449,1,0.8877388834953308
450,1,0.9628192782402039
451,1,0.8996819853782654
452,1,0.9293355345726013
453,1,0.9087120294570923
454,1,0.8306730389595032
455,1,0.6692330241203308
456,1,0.9170798063278198
457,1,0.9563100337982178
458,1,0.6343439221382141
459,1,0.8599939346313477
460,1,0.869255542755127
461,1,0.7835817933082581
462,1,0.9244304299354553
463,1,0.8790082931518555
464,1,0.8462803959846497
465,1,0.9131780862808228
466,1,0.930700957775116
467,1,0.9342263340950012
468,1,0.889309823513031
469,1,0.8107066750526428
470,1,0.8055440783500671
471,1,0.9641966223716736
472,1,0.9801093339920044
473,1,0.9805810451507568
474,1,0.9769814610481262
475,1,0.7918274402618408
476,1,0.8225888609886169
477,1,0.7769465446472168
478,1,0.8496437072753906
479,1,0.655082643032074
480,1,0.724657416343689
481,1,0.7561798095703125
482,1,0.9072898626327515
483,1,0.823318362236023
484,1,0.9015355706214905
485,1,0.9351078271865845
486,1,0.8998197317123413
487,1,0.6531397104263306
488,1,0.7070587873458862
489,1,0.901224672794342
490,1,0.5208213329315186
491,1,0.7174994945526123
492,1,0.5178495645523071
493,1,0.8359706997871399
494,1,0.8543921709060669
495,1,0.8099660873413086
496,1,0.8239349722862244
497,1,0.671554446220398
498,1,0.19758649170398712
499,1,0.9788638949394226
500,1,0.8306838274002075
501,1,0.7089350819587708
502,1,0.4754631519317627
503,1,0.6802942752838135
504,1,0.5562871098518372
505,1,0.8232040405273438
506,1,0.6246265172958374
507,1,0.5429577231407166
508,1,0.5895697474479675
509,1,0.6528640985488892
510,1,0.6507408618927002
511,1,0.7476367354393005
512,1,0.37833544611930847
513,1,0.4119444489479065
514,1,0.3206148147583008
515,1,0.32741817831993103
516,1,0.27697935700416565
517,1,0.5884374380111694
518,1,0.6432698965072632
519,1,0.8063421249389648
520,1,0.14511635899543762
521,1,0.36476263403892517
522,1,0.2699141502380371
523,1,0.39201828837394714
524,1,0.655371904373169
525,1,0.2199912965297699
526,1,0.5782003402709961
527,1,0.6111769676208496
528,1,0.48590683937072754
529,1,0.3414660394191742
530,1,0.2538045048713684
531,1,0.43523937463760376
532,1,0.5123958587646484
533,1,0.27939024567604065
534,1,0.4655139446258545
535,1,0.603780210018158
536,1,0.5274985432624817
537,1,0.6536418795585632
538,1,0.6243362426757812
539,1,0.5232532024383545
540,1,0.572973906993866
541,1,0.6134514808654785
542,1,0.629052996635437
543,1,0.7125692963600159
544,1,0.8163864016532898
545,1,0.7363200187683105
546,1,0.7926824688911438
547,1,0.393239825963974
548,1,0.7228381633758545
549,1,0.7853484749794006
550,1,0.5613874197006226
551,1,0.6478073596954346
552,1,0.5439650416374207
553,1,0.6910249590873718
554,1,0.599915087223053
555,1,0.6114770770072937
556,1,0.9416226148605347
557,1,0.6452653408050537
558,1,0.7844720482826233
559,1,0.7061201333999634
560,1,0.8353352546691895
561,1,0.3749772012233734
562,1,0.8448404669761658
563,1,0.7148752808570862
564,1,0.48023006319999695
565,1,0.7974836826324463
566,1,0.6874969005584717
567,1,0.7554304599761963
568,1,0.830470860004425
569,1,0.3775261342525482
570,1,0.5073579549789429
571,1,0.5811139941215515
572,1,0.8607686758041382
573,1,0.9147143959999084
574,1,0.9810245037078857
575,1,0.6414879560470581
576,1,0.032467108219861984
577,1,0.961911141872406
578,1,0.3896917998790741
579,1,0.926243245601654
580,1,0.9407217502593994
581,1,0.9034667015075684
582,1,0.7287760972976685
583,1,0.397283673286438
584,1,0.7870920896530151
585,1,0.24625027179718018
586,1,0.5224318504333496
587,1,0.9765276908874512
588,1,0.4193597733974457
589,1,0.6155057549476624
590,1,0.6759751439094543
591,1,0.5764198303222656
592,1,0.5828544497489929
593,1,0.5920922756195068
594,1,0.790122389793396
595,1,0.5121427774429321
596,1,0.61990886926651
597,1,0.445342093706131
598,1,0.5735896825790405
599,1,0.5060059428215027
600,1,0.9221494197845459
601,1,0.6546006798744202
602,1,0.8355459570884705
603,1,0.9664926528930664
604,1,0.9015713930130005
605,1,0.9566547274589539
606,1,0.9429676532745361
607,1,0.7932142615318298
608,1,0.9203577637672424
609,1,0.7884877920150757
610,1,0.5954417586326599
611,1,0.689426064491272
612,1,0.8264504671096802
613,1,0.8698288798332214
614,1,0.6642309427261353
615,1,0.652235209941864
616,1,0.9265646934509277
617,1,0.9225033521652222
618,1,0.7725334167480469
619,1,0.7552078366279602
620,1,0.5319967865943909
621,1,0.7692620754241943
622,1,0.7205056548118591
623,1,0.6242040395736694
624,1,0.760400116443634
625,1,0.8416874408721924
626,1,0.6957427859306335
627,1,0.7784245610237122
628,1,0.6446933746337891
629,1,0.5739461183547974
630,1,0.7748438119888306
631,1,0.8238403797149658
632,1,0.9640421271324158
633,1,0.9139528870582581
634,1,0.9275816679000854
635,1,0.8928607702255249
636,1,0.8334044218063354
637,1,0.4166712164878845
638,1,0.8311153054237366
639,1,0.5989593267440796
640,1,0.6469662189483643
641,1,0.7100765705108643
642,1,0.6869716644287109
643,1,0.900166928768158
644,1,0.9515734314918518
645,1,0.9453507661819458
646,1,0.9503785967826843
647,1,0.9661104083061218
648,1,0.8888134360313416
649,1,0.9184563159942627
650,1,0.8571227192878723
651,1,0.9657403230667114
652,1,0.9698572754859924
653,1,0.9218292236328125
654,1,0.8067768812179565
655,1,0.6903018951416016
656,1,0.6381884217262268
657,1,0.9538257122039795
658,1,0.9764507412910461
659,1,0.9435285925865173
660,1,0.4553588628768921
661,1,0.6382929682731628
662,1,0.9744938611984253
663,1,0.8942176103591919
664,1,0.902475118637085
665,1,0.8859966993331909
666,1,0.9735705256462097
667,1,0.9393939971923828
668,1,0.9164788722991943
669,1,0.52374666929245
670,1,0.41878053545951843
671,1,0.901296854019165
672,1,0.9254423975944519
673,1,0.7773156762123108
674,1,0.9498859643936157
675,1,0.9750198721885681
676,1,0.8757209181785583
677,1,0.9601813554763794
678,1,0.9420655965805054
679,1,0.9093102216720581
680,1,0.9306617379188538
681,1,0.9579675793647766
682,1,0.8818247318267822
683,1,0.8012378215789795
684,1,0.9342576861381531
685,1,0.9458340406417847
686,1,0.9306095838546753
687,1,0.9192514419555664
688,1,0.6478113532066345
689,1,0.6590076088905334
690,1,0.8946489691734314
691,1,0.960934579372406
692,1,0.9463291764259338
693,1,0.9133079051971436
694,1,0.9157733917236328
695,1,0.741262674331665
696,1,0.6920702457427979
697,1,0.8238142728805542
698,1,0.8888580203056335
699,1,0.9649329781532288
700,1,0.9712604880332947
701,1,0.8700765371322632
702,1,0.897599995136261
703,1,0.8976284265518188
704,1,0.69797283411026
705,1,0.9528082013130188
706,1,0.7630212903022766
707,1,0.7795507311820984
708,1,0.735849916934967
709,1,0.8887426257133484
710,1,0.9799171090126038
711,1,0.8896186947822571
712,1,0.5845410227775574
713,1,0.4195161461830139
714,1,0.604691743850708
715,1,0.5075874328613281
716,1,0.7396140694618225
717,1,0.7082178592681885
718,1,0.5012860894203186
719,1,0.15860459208488464
720,1,0.6313080787658691
721,1,0.3583774268627167
722,1,0.3046340048313141
723,1,0.2877030670642853
724,1,0.3716103136539459
725,1,0.4234190583229065
726,1,0.604385495185852
727,1,0.30517420172691345
728,1,0.7085439562797546
729,1,0.6270987391471863
730,1,0.3672524690628052
731,1,0.28108105063438416
732,1,0.6280311346054077
733,1,0.748752772808075
734,1,0.535362958908081
735,1,0.43847623467445374
736,1,0.3357963263988495
737,1,0.3128839433193207
738,1,0.5862994194030762
739,1,0.6411600112915039
740,1,0.7068164348602295
741,1,0.6552080512046814
742,1,0.5263352990150452
743,1,0.5984134078025818
744,1,0.5923911333084106
745,1,0.2957412302494049
746,1,0.5272045135498047
747,1,0.6981050372123718
748,1,0.7620890140533447
749,1,0.7535830736160278
750,1,0.7562664747238159
751,1,0.9196621179580688
752,1,0.3807451128959656
753,1,0.8043004870414734
754,1,0.7258155941963196
755,1,0.7573848366737366
756,1,0.7553777098655701
757,1,0.6252712607383728
758,1,0.6944282054901123
759,1,0.5999683737754822
760,1,0.72982257604599
761,1,0.8521935343742371
762,1,0.4361989200115204
763,1,0.7485657930374146
764,1,0.537222683429718
765,1,0.8565459847450256
766,1,0.7073041796684265
767,1,0.6514666676521301
768,1,0.5018186569213867
769,1,0.6760246157646179
770,1,0.5799408555030823
771,1,0.64046311378479
772,1,0.6154341697692871
773,1,0.9524977803230286
774,1,0.4202583134174347
775,1,0.6286166310310364
776,1,0.7589889168739319
777,1,0.7861718535423279
778,1,0.80216383934021
779,1,0.7139008045196533
780,1,0.643754243850708
781,1,0.7672239542007446
782,1,0.8165244460105896
783,1,0.9245845675468445
784,1,0.8135586977005005
785,1,0.6105343699455261
786,1,0.4035801887512207
787,1,0.5564559698104858
788,1,0.9337620139122009
789,1,0.8317790627479553
790,1,0.7699005603790283
791,1,0.9227223992347717
792,1,0.6749812960624695
793,1,0.4314965605735779
794,1,0.9031266570091248
795,1,0.9009774327278137
796,1,0.5509800314903259
797,1,0.7832168936729431
798,1,0.6690976023674011
799,1,0.5765079855918884
800,1,0.9398143291473389
801,1,0.6177537441253662
802,1,0.7666847705841064
803,1,0.9226446151733398
804,1,0.8821364045143127
805,1,0.9249719977378845
806,1,0.9547740817070007
807,1,0.8351147174835205
808,1,0.9070152640342712
809,1,0.8082412481307983
810,1,0.6562713980674744
811,1,0.7623633742332458
812,1,0.6021049618721008
813,1,0.623809814453125
814,1,0.5142890214920044
815,1,0.33257317543029785
816,1,0.3839680254459381
817,1,0.7347697615623474
818,1,0.9063433408737183
819,1,0.8900634050369263
820,1,0.9378847479820251
821,1,0.7500381469726562
822,1,0.8778089880943298
823,1,0.741805911064148
824,1,0.8931891918182373
825,1,0.7703378796577454
826,1,0.6834180951118469
827,1,0.782586395740509
828,1,0.9300068616867065
829,1,0.9432352781295776
830,1,0.9329229593276978
831,1,0.9265464544296265
832,1,0.8049042224884033
833,1,0.8679205179214478
834,1,0.9304893612861633
835,1,0.930561363697052
836,1,0.8526564240455627
837,1,0.8352950811386108
838,1,0.8911216259002686
839,1,0.9471951127052307
840,1,0.9154168367385864
841,1,0.9815143942832947
842,1,0.9656506180763245
843,1,0.9508852362632751
844,1,0.8569096326828003
845,1,0.8960686922073364
846,1,0.968299925327301
847,1,0.9391116499900818
848,1,0.9674566984176636
849,1,0.9032541513442993
850,1,0.9424821138381958
851,1,0.947151243686676
852,1,0.9307877421379089
853,1,0.9767293930053711
854,1,0.9092095494270325
855,1,0.985723078250885
856,1,0.9726080298423767
857,1,0.8954702019691467
858,1,0.2685169279575348
859,1,0.3030816912651062
860,1,0.23863254487514496
861,1,0.8717048764228821
862,1,0.08941400796175003
863,1,0.25328949093818665
864,1,0.2916061282157898
865,1,0.5907101631164551
866,1,0.9773458242416382
867,1,0.6853405237197876
868,1,0.4110002815723419
869,1,0.732150673866272
870,1,0.5493742823600769
871,1,0.5080423355102539
872,1,0.8060133457183838
873,1,0.668553352355957
874,1,0.6084097623825073
875,1,0.6364716291427612
876,1,0.6133990287780762
877,1,0.5582735538482666
878,1,0.7373138070106506
879,1,0.8110864162445068
880,1,0.6467987298965454
881,1,0.6396128535270691
882,1,0.6147763729095459
883,1,0.6283848285675049
884,1,0.6795175075531006
885,1,0.7548098564147949
886,1,0.6459859013557434
887,1,0.6324529647827148
888,1,0.4964446425437927
889,1,0.4598362147808075
890,1,0.5474645495414734
891,1,0.26162582635879517
892,1,0.6052953004837036
893,1,0.7296649217605591
894,1,0.7133084535598755
895,1,0.6720752716064453
896,1,0.7597313523292542
897,1,0.3035670816898346
898,1,0.5446033477783203
899,1,0.5262823700904846
900,1,0.6371268033981323
901,1,0.5288546085357666
902,1,0.7139708399772644
903,1,0.67208331823349
904,1,0.6725273132324219
905,1,0.7816065549850464
906,1,0.7941136360168457
907,1,0.7172679305076599
908,1,0.7584058046340942
909,1,0.7590585947036743
910,1,0.7775153517723083
911,1,0.7241312265396118
912,1,0.47921857237815857
913,1,0.6729567646980286
914,1,0.9163733124732971
915,1,0.48658886551856995
916,1,0.9820895195007324
917,1,0.5517163872718811
918,1,0.6891025900840759
919,1,0.7964270114898682
920,1,0.7654664516448975
921,1,0.9324440360069275
922,1,0.3969229757785797
923,1,0.676943838596344
924,1,0.9087129235267639
925,1,0.9226387143135071
926,1,0.9258705973625183
927,1,0.9175565838813782
928,1,0.7466669082641602
929,1,0.6689356565475464
930,1,0.8748614192008972
931,1,0.5968172550201416
932,1,0.5694161057472229
933,1,0.5144181251525879
934,1,0.5716308355331421
935,1,0.519292950630188
936,1,0.8182867765426636
937,1,0.8684487342834473
938,1,0.4505556523799896
939,1,0.6785302758216858
940,1,0.963395357131958
941,1,0.6309230923652649
942,1,0.9107488393783569
943,1,0.7670427560806274
944,1,0.9235038757324219
945,1,0.8055896162986755
946,1,0.9280505180358887
947,1,0.9533994197845459
948,1,0.7008099555969238
949,1,0.9059635400772095
950,1,0.7114891409873962
951,1,0.9331989884376526
952,1,0.9456478953361511
953,1,0.9397329688072205
954,1,0.9540589451789856
955,1,0.6258224248886108
956,1,0.6279935836791992
957,1,0.9508877396583557
958,1,0.9632191061973572
959,1,0.9359697103500366
960,1,0.9472286701202393
961,1,0.9615612030029297
962,1,0.8601789474487305
963,1,0.8572797179222107
964,1,0.3195383548736572
965,1,0.8150649070739746
966,1,0.5109391808509827
967,1,0.8461701273918152
968,1,0.9046382308006287
969,1,0.9139344692230225
970,1,0.7873759865760803
971,1,0.4981991648674011
972,1,0.512799084186554
973,1,0.8210118412971497
974,1,0.94400554895401
975,1,0.8365756273269653
976,1,0.8688876628875732
977,1,0.8066751956939697
978,1,0.6746531128883362
979,1,0.7214416861534119
980,1,0.6709319949150085
981,1,0.7116727232933044
982,1,0.7016333341598511
983,1,0.92046719789505
984,1,0.9244687557220459
985,1,0.9080881476402283
986,1,0.8989918231964111
987,1,0.9562361240386963
988,1,0.9377856254577637
989,1,0.957229495048523
990,1,0.9442281723022461
991,1,0.9635312557220459
992,1,0.9704350233078003
993,1,0.8493828773498535
994,1,0.8897861242294312
995,1,0.6612027883529663
996,1,0.9695027470588684
997,1,0.9277798533439636
998,1,0.9783702492713928
999,1,0.915427029132843
1000,1,0.9262908697128296
1001,1,0.9037502408027649
1002,1,0.8706729412078857
1003,1,0.7904378175735474
1004,1,0.9504825472831726
1005,1,0.9369535446166992
1006,1,0.9436116218566895
1007,1,0.8006312847137451
1008,1,0.4483596384525299
1009,1,0.4917532503604889
1010,1,0.675692617893219
1011,1,0.7237443923950195
1012,1,0.4098109006881714
1013,1,0.879210889339447
1014,1,0.9866697788238525
1015,1,0.9663696885108948
1016,1,0.9587973356246948
1017,1,0.9767419695854187
1018,1,0.9810672998428345
1019,1,0.9559822082519531
1020,1,0.8207476139068604
1021,1,0.628022313117981
1022,1,0.7804276943206787
1023,1,0.7271900177001953
1024,1,0.8937526941299438
1025,1,0.9770834445953369
1026,1,0.9801176190376282
1027,1,0.9489137530326843
1028,1,0.9643446803092957
1029,1,0.9578775763511658
1030,1,0.9234797954559326
1031,1,0.9691789150238037
1032,1,0.9490798115730286
1033,1,0.945302426815033
1034,1,0.9093988537788391
1035,1,0.9481289386749268
1036,1,0.8313775062561035
1037,1,0.8518064618110657
1038,1,0.6542520523071289
1039,1,0.9109580516815186
1040,1,0.8989917635917664
1041,1,0.9282260537147522
1042,1,0.9341031908988953
1043,1,0.7508769631385803
1044,1,0.33237510919570923
1045,1,0.500145673751831
1046,1,0.7110771536827087
1047,1,0.8866317272186279
1048,1,0.8737967014312744
1049,1,0.516800582408905
1050,1,0.4434346854686737
1051,1,0.6169090867042542
1052,1,0.8438857793807983
1053,1,0.9709519147872925
1054,1,0.9658733606338501
1055,1,0.33706140518188477
1056,1,0.290850967168808
1057,1,0.2602125108242035
1058,1,0.9766407012939453
1059,1,0.9555445313453674
1060,1,0.9620985984802246
1061,1,0.9806298613548279
1062,1,0.8110654950141907
1063,1,0.5310412049293518
1064,1,0.7134232521057129
1065,1,0.6830316781997681
1066,1,0.6172989010810852
1067,1,0.6365895867347717
1068,1,0.6822102069854736
1069,1,0.651473879814148
1070,1,0.6278455257415771
1071,1,0.7752119898796082
1072,1,0.6141549348831177
1073,1,0.5120331048965454
1074,1,0.6258290410041809
1075,1,0.5204101204872131
1076,1,0.5031065940856934
1077,1,0.475782573223114
1078,1,0.4473574161529541
1079,1,0.6431022882461548
1080,1,0.6292567253112793
1081,1,0.6923853158950806
1082,1,0.6028715372085571
1083,1,0.7288526892662048
1084,1,0.8182600140571594
1085,1,0.8036037087440491
1086,1,0.7939130663871765
1087,1,0.5929037928581238
1088,1,0.7228415608406067
1089,1,0.7823037505149841
1090,1,0.7931332588195801
1091,1,0.7255499362945557
1092,1,0.5508289337158203
1093,1,0.6205702424049377
1094,1,0.7040122747421265
1095,1,0.8351784348487854
1096,1,0.7899324893951416
1097,1,0.8111037015914917
1098,1,0.5453042387962341
1099,1,0.7666283249855042
1100,1,0.7392565011978149
1101,1,0.7862278819084167
1102,1,0.7662371397018433
1103,1,0.5704180002212524
1104,1,0.6989396810531616
1105,1,0.6592548489570618
1106,1,0.34999793767929077
1107,1,0.724887490272522
1108,1,0.6187516450881958
1109,1,0.5568428635597229
1110,1,0.5961094498634338
1111,1,0.5689347386360168
1112,1,0.8513666987419128
1113,1,0.5168500542640686
1114,1,0.7118247747421265
1115,1,0.5796912908554077
1116,1,0.4800318777561188
1117,1,0.8405660390853882
1118,1,0.40866032242774963
1119,1,0.8892935514450073
1120,1,0.7927318811416626
1121,1,0.055728062987327576
1122,1,0.8046684265136719
1123,1,0.6340603232383728
1124,1,0.4936753213405609
1125,1,0.66959547996521
1126,1,0.6947038173675537
1127,1,0.6533158421516418
1128,1,0.48969221115112305
1129,1,0.35592901706695557
1130,1,0.5463635921478271
1131,1,0.9477389454841614
1132,1,0.6427688598632812
1133,1,0.537837564945221
1134,1,0.715049684047699
1135,1,0.8912558555603027
1136,1,0.731137216091156
1137,1,0.4588330090045929
1138,1,0.8570072650909424
1139,1,0.7857083678245544
1140,1,0.8456063866615295
1141,1,0.913457989692688
1142,1,0.9636777639389038
1143,1,0.9554134011268616
1144,1,0.9690919518470764
1145,1,0.9170822501182556
1146,1,0.9224228262901306
1147,1,0.13563545048236847
1148,1,0.6273666024208069
1149,1,0.9456154108047485
1150,1,0.9602922797203064
1151,1,0.9698905944824219
1152,1,0.9792425632476807
1153,1,0.9769168496131897
1154,1,0.9606101512908936
1155,1,0.9789243340492249
1156,1,0.9734636545181274
1157,1,0.9547725915908813
1158,1,0.9590936303138733
1159,1,0.9722535014152527
1160,1,0.955828845500946
1161,1,0.9437432289123535
1162,1,0.9738298058509827
1163,1,0.9499261379241943
1164,1,0.9447506070137024
1165,1,0.8777610659599304
1166,1,0.9739202857017517
1167,1,0.9835108518600464
1168,1,0.9751111268997192
1169,1,0.9850194454193115
1170,1,0.778779923915863
1171,1,0.8982356190681458
1172,1,0.8107346296310425
1173,1,0.8502672910690308
1174,1,0.8569304347038269
1175,1,0.6716563701629639
1176,1,0.9132283926010132
1177,1,0.6109287142753601
1178,1,0.7504763603210449
1179,1,0.8580706715583801
1180,1,0.5102991461753845
1181,1,0.818374752998352
1182,1,0.8471578359603882
1183,1,0.6159400939941406
1184,1,0.9394640326499939
1185,1,0.9715026617050171
1186,1,0.9431882500648499
1187,1,0.9800816178321838
1188,1,0.9110555052757263
1189,1,0.9671886563301086
1190,1,0.9145022034645081
1191,1,0.9166247844696045
1192,1,0.4239940941333771
1193,1,0.32738178968429565
1194,1,0.6099448204040527
1195,1,0.22543103992938995
1196,1,0.697369396686554
1197,1,0.8779004812240601
1198,1,0.39257779717445374
1199,1,0.4625963866710663
1200,1,0.34341326355934143
1201,1,0.8152540326118469
1202,1,0.9689841270446777
1203,1,0.9793879985809326
1204,1,0.9694015979766846
1205,1,0.594370424747467
1206,1,0.6358277797698975
1207,1,0.4944089651107788
1208,1,0.32556238770484924
1209,1,0.6914589405059814
1210,1,0.804984450340271
1211,1,0.5708666443824768
1212,1,0.7115215063095093
1213,1,0.617742121219635
1214,1,0.5158219337463379
1215,1,0.6235349774360657
1216,1,0.762222170829773
1217,1,0.6428223252296448
1218,1,0.6313236355781555
1219,1,0.6288544535636902
1220,1,0.7120750546455383
1221,1,0.6145897507667542
1222,1,0.6284621953964233
1223,1,0.49960270524024963
1224,1,0.6626933217048645
1225,1,0.7251407504081726
1226,1,0.7455752491950989
1227,1,0.8585773706436157
1228,1,0.7211534380912781
1229,1,0.6850478053092957
1230,1,0.5489270091056824
1231,1,0.5699483156204224
1232,1,0.6439610123634338
1233,1,0.6863385438919067
1234,1,0.7081412672996521
1235,1,0.690062940120697
1236,1,0.6597021818161011
1237,1,0.8366624116897583
1238,1,0.5220880508422852
1239,1,0.6445921659469604
1240,1,0.6570938229560852
1241,1,0.6304089426994324
1242,1,0.6479763388633728
1243,1,0.67031329870224
1244,1,0.6309322714805603
1245,1,0.10308168828487396
1246,1,0.6935700178146362
1247,1,0.6675514578819275
1248,1,0.28867775201797485
1249,1,0.7367489337921143
1250,1,0.5484201312065125
1251,1,0.6144019365310669
1252,1,0.6577883362770081
1253,1,0.8346666693687439
1254,1,0.64745032787323
1255,1,0.6534805297851562
1256,1,0.6096363067626953
1257,1,0.7452110052108765
1258,1,0.36893603205680847
1259,1,0.3837454617023468
1260,1,0.5702505707740784
1261,1,0.3698691725730896
1262,1,0.6590449810028076
1263,1,0.26768916845321655
1264,1,0.5701518058776855
1265,1,0.5646271705627441
1266,1,0.5067146420478821
1267,1,0.7096160054206848
1268,1,0.5008043050765991
1269,1,0.6189298629760742
1270,1,0.6179821491241455
1271,1,0.7198404669761658
1272,1,0.6033036708831787
1273,1,0.7772436738014221
1274,1,0.38270750641822815
1275,1,0.8487420082092285
1276,1,0.7663591504096985
1277,1,0.6998054385185242
1278,1,0.7478200197219849
1279,1,0.4529443383216858
1280,1,0.37170735001564026
1281,1,0.5571706891059875
1282,1,0.661802351474762
1283,1,0.6764782667160034
1284,1,0.6195125579833984
1285,1,0.5647487640380859
1286,1,0.5889735817909241
1287,1,0.46781864762306213
1288,1,0.539365828037262
1289,1,0.6221161484718323
1290,1,0.7274219393730164
1291,1,0.5989043116569519
1292,1,0.7154963612556458
1293,1,0.6261598467826843
1294,1,0.7629867196083069
1295,1,0.7468295693397522
1296,1,0.687859833240509
1297,1,0.7064362168312073
1298,1,0.7084108591079712
1299,1,0.6730625033378601
1300,1,0.8775991797447205
1301,1,0.5643969178199768
1302,1,0.5829708576202393
1303,1,0.7788631319999695
1304,1,0.6674695014953613
1305,1,0.5130730271339417
1306,1,0.4321206212043762
1307,1,0.8333540558815002
1308,1,0.8483126163482666
1309,1,0.3887495696544647
1310,1,0.8059915900230408
1311,1,0.5634438395500183
1312,1,0.6287885904312134
1313,1,0.13211488723754883
1314,1,0.17303557693958282
1315,1,0.2697815001010895
1316,1,0.8883933424949646
1317,1,0.8056344985961914
1318,1,0.7637614607810974
1319,1,0.8885279297828674
1320,1,0.5338870286941528
1321,1,0.8392757177352905
1322,1,0.6830832362174988
1323,1,0.7755038142204285
1324,1,0.8526911735534668
1325,1,0.9494828581809998
1326,1,0.8310540318489075
1327,1,0.4854484796524048
1328,1,0.317056804895401
1329,1,0.5317429900169373
1330,1,0.9720795154571533
1331,1,0.6473329663276672
1332,1,0.41480180621147156
1333,1,0.9593839049339294
1334,1,0.7448363900184631
1335,1,0.9145596027374268
1336,1,0.5367586016654968
1337,1,0.7876858115196228
1338,1,0.9278129935264587
1339,1,0.9710423946380615
1340,1,0.9040470123291016
1341,1,0.962378740310669
1342,1,0.9074975848197937
1343,1,0.7284654378890991
1344,1,0.6322838068008423
1345,1,0.6425844430923462
1346,1,0.5719477534294128
1347,1,0.6113677620887756
1348,1,0.36234062910079956
1349,1,0.4582027792930603
1350,1,0.7556346654891968
1351,1,0.48345470428466797
1352,1,0.8665493130683899
1353,1,0.8591715097427368
1354,1,0.6830354928970337
1355,1,0.732276976108551
1356,1,0.93891441822052
1357,1,0.7847152352333069
1358,1,0.5718545913696289
1359,1,0.8145871758460999
1360,1,0.5087242722511292
1361,1,0.8423931002616882
1362,1,0.9448015689849854
1363,1,0.7734435796737671
1364,1,0.9312894344329834
1365,1,0.9650490880012512
1366,1,0.5450917482376099
1367,1,0.7267175912857056
1368,1,0.8501451015472412
1369,1,0.8063505291938782
1370,1,0.9408811926841736
1371,1,0.4546351134777069
1372,1,0.652086615562439
1373,1,0.9103028178215027
1374,1,0.6714756488800049
1375,1,0.7423341870307922
1376,1,0.6769237518310547
1377,1,0.8845096230506897
1378,1,0.5977585911750793
1379,1,0.37977707386016846
1380,1,0.6482345461845398
1381,1,0.6251731514930725
1382,1,0.9833532571792603
1383,1,0.9351070523262024
1384,1,0.9840584397315979
1385,1,0.7737439274787903
1386,1,0.7403677105903625
1387,1,0.9162099957466125
1388,1,0.1746523082256317
1389,1,0.9597629904747009
1390,1,0.9590932130813599
1391,1,0.9410402774810791
1392,1,0.9468910098075867
1393,1,0.9349170923233032
1394,1,0.9835715293884277
1395,1,0.9815027713775635
1396,1,0.8326125144958496
1397,1,0.8362470865249634
1398,1,0.5500923991203308
1399,1,0.9458113312721252
1400,1,0.9633886218070984
1401,1,0.9665983319282532
1402,1,0.9760649800300598
1403,1,0.9341247081756592
1404,1,0.8215643763542175
1405,1,0.9717598557472229
1406,1,0.33405593037605286
1407,1,0.9655703902244568
1408,1,0.9184180498123169
1409,1,0.9607501029968262
1410,1,0.9147675633430481
1411,1,0.9646516442298889
1412,1,0.8246036767959595
1413,1,0.9188495874404907
1414,1,0.9480910301208496
1415,1,0.9576612710952759
1416,1,0.9641597270965576
1417,1,0.8917779922485352
1418,1,0.9394411444664001
1419,1,0.9172645211219788
1420,1,0.9654764533042908
1421,1,0.9318602681159973
1422,1,0.8784560561180115
1423,1,0.6342347264289856
1424,1,0.5908170342445374
1425,1,0.6733527779579163
1426,1,0.5725632309913635
1427,1,0.8362669348716736
1428,1,0.9413607716560364
1429,1,0.933087944984436
1430,1,0.9758991003036499
1431,1,0.9732257127761841
1432,1,0.9816846251487732
1433,1,0.9577124118804932
1434,1,0.899636447429657
1435,1,0.8912568092346191
1436,1,0.8599811792373657
1437,1,0.8579941391944885
1438,1,0.47318774461746216
1439,1,0.7253223657608032
1440,1,0.7777090072631836
1441,1,0.5932343602180481
1442,1,0.7396324872970581
1443,1,0.883503794670105
1444,1,0.9055410623550415
1445,1,0.8820765614509583
1446,1,0.8846539258956909
1447,1,0.7567261457443237
1448,1,0.7411176562309265
1449,1,0.9730441570281982
1450,1,0.8287860751152039
1451,1,0.8753539323806763
1452,1,0.9287599325180054
1453,1,0.7211877107620239
1454,1,0.8291344046592712
1455,1,0.9512965083122253
1456,1,0.9822998642921448
1457,1,0.9748926162719727
1458,1,0.7726411819458008
1459,1,0.9153894782066345
1460,1,0.9796743988990784
1461,1,0.289423406124115
1462,1,0.9652698636054993
1463,1,0.9803250432014465
1464,1,0.9605063199996948
1465,1,0.9809277653694153
1466,1,0.9792667031288147
1467,1,0.9674686193466187
1468,1,0.9756778478622437
1469,1,0.9700086712837219
1470,1,0.8261727690696716
1471,1,0.9728408455848694
1472,1,0.5976696014404297
1473,1,0.6332095265388489
1474,1,0.3667971193790436
1475,1,0.7164400219917297
1476,1,0.7651877403259277
1477,1,0.7002328634262085
1478,1,0.557397723197937
1479,1,0.7851778268814087
1480,1,0.3960757851600647
1481,1,0.48588240146636963
1482,1,0.49249035120010376
1483,1,0.4481293261051178
1484,1,0.6613014936447144
1485,1,0.9097040891647339
1486,1,0.9192344546318054
1487,1,0.5036890506744385
1488,1,0.7139303088188171
1489,1,0.8943027257919312
1490,1,0.9381842017173767
1491,1,0.8718551397323608
1492,1,0.821358859539032
1493,1,0.8929657936096191
1494,1,0.3212193250656128
1495,1,0.8556806445121765
1496,1,0.9033111333847046
1497,1,0.46667665243148804
1498,1,0.8765544891357422
1499,1,0.943676769733429
1500,1,0.9011943340301514
1501,1,0.8213121294975281
1502,1,0.9096189737319946
1503,1,0.8257107734680176
1504,1,0.6884151101112366
1505,1,0.6304763555526733
1506,1,0.7467505931854248
1507,1,0.7166614532470703
1508,1,0.661492645740509
1509,1,0.86830073595047
1510,1,0.8727326989173889
1511,1,0.7010061144828796
1512,1,0.5432309508323669
1513,1,0.9741887450218201
1514,1,0.949001669883728
1515,1,0.42491546273231506
1516,1,0.7922588586807251
1517,1,0.48166659474372864
1518,1,0.8731369972229004
1519,1,0.9205754995346069
1520,1,0.8498320579528809
1521,1,0.9621193408966064
1522,1,0.9756429195404053
1523,1,0.44924190640449524
1524,1,0.9439330101013184
1525,1,0.5864155888557434
1526,1,0.5091924071311951
1527,1,0.8040837645530701
1528,1,0.9452071189880371
1529,1,0.5176918506622314
1530,1,0.8783075213432312
1531,1,0.9461114406585693
1532,1,0.7540026307106018
1533,1,0.8034341931343079
1534,1,0.9595983028411865
1535,1,0.9604755640029907
1536,1,0.9468559622764587
1537,1,0.8355420231819153
1538,1,0.6942006349563599
1539,1,0.6819967031478882
1540,1,0.6667594313621521
1541,1,0.921217143535614
1542,1,0.43239784240722656
1543,1,0.8458461165428162
1544,1,0.8112419247627258
1545,1,0.8597317934036255
1546,1,0.6430016160011292
1547,1,0.528742253780365
1548,1,0.7706567645072937
1549,1,0.6788755059242249
1550,1,0.7405065298080444
1551,1,0.8107188940048218
1552,1,0.9072274565696716
1553,1,0.8391984105110168
1554,1,0.6768895387649536
1555,1,0.9333145618438721
1556,1,0.9470610022544861
1557,1,0.8513553738594055
1558,1,0.91986483335495
1559,1,0.9270426630973816
1560,1,0.9636353850364685
1561,1,0.9441137909889221
1562,1,0.8828576803207397
1563,1,0.5875676274299622
1564,1,0.924289882183075
1565,1,0.8381487727165222
1566,1,0.8672795295715332
1567,1,0.9445906281471252
1568,1,0.9220340847969055
1569,1,0.8597709536552429
1570,1,0.8120067119598389
1571,1,0.7921864986419678
1572,1,0.9475429058074951
1573,1,0.9823134541511536
1574,1,0.9639864563941956
1575,1,0.9526760578155518
1576,1,0.8913750648498535
1577,1,0.9475797414779663
1578,1,0.9297261834144592
1579,1,0.9740514159202576
1580,1,0.9718510508537292
1581,1,0.9323592782020569
1582,1,0.969906210899353
1583,1,0.9309733510017395
1584,1,0.9188780784606934
1585,1,0.7821962833404541
1586,1,0.8144924640655518
1587,1,0.840657114982605
1588,1,0.7868114113807678
1589,1,0.835320234298706
1590,1,0.9431881904602051
1591,1,0.9756903648376465
1592,1,0.894743800163269
1593,1,0.9460705518722534
1594,1,0.9586995840072632
1595,1,0.9339116215705872
1596,1,0.9441160559654236
1597,1,0.9035851359367371
1598,1,0.9522814154624939
1599,1,0.964428186416626
1600,1,0.8473260402679443
1601,1,0.9542850255966187
1602,1,0.9688861966133118
1603,1,0.9102712869644165
1604,1,0.88966304063797
1605,1,0.9507790207862854
1606,1,0.9663224220275879
1607,1,0.39515817165374756
1608,1,0.9573871493339539
1609,1,0.9068151712417603
1610,1,0.9696416854858398
1611,1,0.9532312154769897
1612,1,0.7252522706985474
1613,1,0.9109988808631897
1614,1,0.9737870693206787
1615,1,0.9540920257568359
1616,1,0.9036371111869812
1617,1,0.8276837468147278
1618,1,0.9066538214683533
1619,1,0.3354262411594391
1620,1,0.8001104593276978
1621,1,0.6572847366333008
1622,1,0.6277385354042053
1623,1,0.5920942425727844
1624,1,0.7537941932678223
1625,1,0.7845303416252136
1626,1,0.9163917303085327
1627,1,0.969819188117981
1628,1,0.850395917892456
1629,1,0.8919968008995056
1630,1,0.33405593037605286
1631,1,0.910883367061615
1632,1,0.6235994696617126
1633,1,0.926692008972168
1634,1,0.6819987297058105
1635,1,0.6854996085166931
1636,1,0.4158490300178528
1637,1,0.9560849666595459
1638,1,0.728335440158844
1639,1,0.7376758456230164
1640,1,0.5631625652313232
1641,1,0.6140966415405273
1642,1,0.805966854095459
1643,1,0.9466471672058105
1644,1,0.7426323294639587
1645,1,0.8783034682273865
1646,1,0.948318600654602
1647,1,0.9353644847869873
1648,1,0.9269147515296936
1649,1,0.3773324191570282
1650,1,0.2238914966583252
1651,1,0.31559890508651733
1652,1,0.2881757616996765
1653,1,0.321195513010025
1654,1,0.5504465699195862
1655,1,0.1599915474653244
1656,1,0.2032524198293686
1657,1,0.15037694573402405
1658,1,0.25390857458114624
1659,1,0.1368476301431656
1660,1,0.27248314023017883
1661,1,0.1294812560081482
1662,1,0.4986565411090851
1663,1,0.2201734334230423
1664,1,0.08348095417022705
1665,1,0.5793353915214539
1666,1,0.9809819459915161
1667,1,0.9854015111923218
1668,1,0.9761316776275635
1669,1,0.8499533534049988
1670,1,0.857308030128479
1671,1,0.9516387581825256
1672,1,0.9548817873001099
1673,1,0.40761327743530273
1674,1,0.2515914738178253
1675,1,0.2395707219839096
1676,1,0.7883180975914001
1677,1,0.8780341148376465
1678,1,0.9576177597045898
1679,1,0.9797716736793518
1680,1,0.7091641426086426
1681,1,0.8727747201919556
1682,1,0.47451552748680115
1683,1,0.9829727411270142
1684,1,0.9251485466957092
1685,1,0.9133047461509705
1686,1,0.8424465656280518
1687,1,0.5603455901145935
1688,1,0.8716848492622375
1689,1,0.9407724142074585
1690,1,0.49460771679878235
1691,1,0.6409637331962585
1692,1,0.7562002539634705
1693,1,0.9078090786933899
1694,1,0.8801669478416443
1695,1,0.4508383274078369
1696,1,0.8734962344169617
1697,1,0.9608457684516907
1698,1,0.8134846091270447
1699,1,0.9026700258255005
1700,1,0.9890139698982239
1701,1,0.48534512519836426
1702,1,0.9154320955276489
1703,1,0.9510814547538757
1704,1,0.31649601459503174
1705,1,0.8510256409645081
1706,1,0.9170595407485962
1707,1,0.6980114579200745
1708,1,0.37245094776153564
1709,1,0.8838779330253601
1710,1,0.9704285860061646
1711,1,0.5473161935806274
1712,1,0.7990974187850952
1713,1,0.8674712777137756
1714,1,0.9197961688041687
1715,1,0.4883348345756531
1716,1,0.5875517725944519
1717,1,0.5794478058815002
1718,1,0.6940768957138062
1719,1,0.6424498558044434
1720,1,0.7762866020202637
1721,1,0.6483047008514404
1722,1,0.8749205470085144
1723,1,0.715366780757904
1724,1,0.8657709360122681
1725,1,0.6250230669975281
1726,1,0.9704548716545105
1727,1,0.6331356763839722
1728,1,0.9335530400276184
1729,1,0.9244896173477173
1730,1,0.8735061287879944
1731,1,0.42941704392433167
1732,1,0.9691763520240784
1733,1,0.9215839505195618
1734,1,0.8676092028617859
1735,1,0.9028955101966858
1736,1,0.38533562421798706
1737,1,0.4948173463344574
1738,1,0.9154505729675293
1739,1,0.9294637441635132
1740,1,0.9716722965240479
1741,1,0.9693354964256287
1742,1,0.61028653383255
1743,1,0.6200502514839172
1744,1,0.46700024604797363
1745,1,0.8950931429862976
1746,1,0.9629772901535034
1747,1,0.916431725025177
1748,1,0.5635691285133362
1749,1,0.9634192585945129
1750,1,0.782271146774292
1751,1,0.9474363327026367
1752,1,0.978542685508728
1753,1,0.8181796669960022
1754,1,0.9812644720077515
1755,1,0.9463784694671631
1756,1,0.9572830200195312
1757,1,0.215720072388649
1758,1,0.5595983266830444
1759,1,0.8897241950035095
1760,1,0.8313560485839844
1761,1,0.9020857214927673
1762,1,0.9078648686408997
1763,1,0.9477619528770447
1764,1,0.8084677457809448
1765,1,0.6845244765281677
1766,1,0.9849201440811157
1767,1,0.4331391155719757
1768,1,0.9640778303146362
1769,1,0.9621365666389465
1770,1,0.8512608408927917
1771,1,0.8967089056968689
1772,1,0.7928626537322998
1773,1,0.9505416750907898
1774,1,0.485678493976593
1775,1,0.9364341497421265
1776,1,0.9503992795944214
1777,1,0.7919535040855408
1778,1,0.8614922165870667
1779,1,0.9659459590911865
1780,1,0.6506892442703247
1781,1,0.9570429921150208
1782,1,0.8586189150810242
1783,1,0.374948650598526
1784,1,0.9368211030960083
1785,1,0.9078243374824524
1786,1,0.9661052823066711
1787,1,0.8919329643249512
1788,1,0.9556365013122559
1789,1,0.9836279153823853
1790,1,0.9167713522911072
1791,1,0.8256680965423584
1792,1,0.4547851085662842
1793,1,0.9127118587493896
1794,1,0.9877848625183105
1795,1,0.720919668674469
1796,1,0.9500165581703186
1797,1,0.9176616072654724
1798,1,0.9767698645591736
1799,1,0.7513306736946106
1800,1,0.7891207933425903
1801,1,0.7344783544540405
1802,1,0.43773362040519714
1803,1,0.8914754986763
1804,1,0.36569783091545105
1805,1,0.8145272731781006
1806,1,0.5275008678436279
1807,1,0.9625904560089111
1808,1,0.8972012400627136
1809,1,0.9790545701980591
1810,1,0.6079000234603882
1811,1,0.42681682109832764
1812,1,0.7633193135261536
1813,1,0.8068422079086304
1814,1,0.9608621597290039
1815,1,0.9207227230072021
1816,1,0.7442219853401184
1817,1,0.833305835723877
1818,1,0.9741254448890686
1819,1,0.9286061525344849
1820,1,0.4661707878112793
1821,1,0.46410778164863586
1822,1,0.5383765697479248
1823,1,0.8854852914810181
1824,1,0.8030339479446411
1825,1,0.7902798652648926
1826,1,0.8736401796340942
1827,1,0.8934109807014465
1828,1,0.9820073246955872
1829,1,0.7836858034133911
1830,1,0.7393180727958679
1831,1,0.7819923758506775
1832,1,0.7971453070640564
1833,1,0.850496768951416
1834,1,0.9812719225883484
1835,1,0.6138175129890442
1836,1,0.9529735445976257
1837,1,0.972963809967041
1838,1,0.8197983503341675
1839,1,0.6137121319770813
1840,1,0.6773339509963989
1841,1,0.6446911692619324
1842,1,0.7788140773773193
1843,1,0.6418042778968811
1844,1,0.7090716361999512
1845,1,0.5774008631706238
1846,1,0.5557464361190796
1847,1,0.9484363198280334
1848,1,0.8338648080825806
1849,1,0.6414093375205994
1850,1,0.7880357503890991
1851,1,0.6825523376464844
1852,1,0.7841985821723938
1853,1,0.8596956133842468
1854,1,0.8992042541503906
1855,1,0.8997983932495117
1856,1,0.9196816682815552
1857,1,0.9878443479537964
1858,1,0.5693942904472351
1859,1,0.9114576578140259
1860,1,0.7557696104049683
1861,1,0.5378481149673462
1862,1,0.8921440839767456
1863,1,0.9662083387374878
1864,1,0.7390311360359192
1865,1,0.3737962245941162
1866,1,0.71732097864151
1867,1,0.7076719403266907
1868,1,0.651376485824585
1869,1,0.8333893418312073
1870,1,0.9075871109962463
1871,1,0.6528097987174988
1872,1,0.9499015212059021
1873,1,0.5998643040657043
1874,1,0.928214967250824
1875,1,0.7436810731887817
1876,1,0.8956824541091919
1877,1,0.5206894278526306
1878,1,0.9613509178161621
1879,1,0.529840886592865
1880,1,0.6505529880523682
1881,1,0.5457617044448853
1882,1,0.4966341555118561
1883,1,0.5126199722290039
1884,1,0.7144849896430969
1885,1,0.43201205134391785
1886,1,0.7306885719299316
1887,1,0.5045820474624634
1888,1,0.6136602163314819
1889,1,0.7417623996734619
1890,1,0.6349836587905884
1891,1,0.6191349625587463
1892,1,0.6087191104888916
1893,1,0.6027394533157349
1894,1,0.8470182418823242
1895,1,0.8239880800247192
1896,1,0.6819190382957458
1897,1,0.8640655875205994
1898,1,0.03295014798641205
1899,1,0.8642629384994507
1900,1,0.4551343321800232
1901,1,0.9097772240638733
1902,1,0.8216900825500488
1903,1,0.6095344424247742
1904,1,0.4713873863220215
1905,1,0.6619407534599304
1906,1,0.6482621431350708
1907,1,0.9316102266311646
1908,1,0.7693040370941162
1909,1,0.6765099167823792
1910,1,0.9059329032897949
1911,1,0.6317728757858276
1912,1,0.39965856075286865
1913,1,0.51747727394104
1914,1,0.30770474672317505
1915,1,0.7084435820579529
1916,1,0.3953638970851898
1917,1,0.6824761033058167
1918,1,0.8747168183326721
1919,1,0.5531487464904785
1920,1,0.9350267052650452
1921,1,0.8744964599609375
1922,1,0.8262194991111755
1923,1,0.6719515323638916
1924,1,0.7377282977104187
1925,1,0.9322240948677063
1926,1,0.9680850505828857
1927,1,0.8131148815155029
1928,1,0.8497843742370605
1929,1,0.7419343590736389
1930,1,0.9463614821434021
1931,1,0.9785085320472717
1932,1,0.934336245059967
1933,1,0.9442078471183777
1934,1,0.9789776802062988
1935,1,0.9676694869995117
1936,1,0.7145926356315613
1937,1,0.4456217288970947
1938,1,0.8115209937095642
1939,1,0.9348416328430176
1940,1,0.9711098670959473
1941,1,0.7777859568595886
1942,1,0.7786892056465149
1943,1,0.9113011360168457
1944,1,0.6685790419578552
1945,1,0.7645094394683838
1946,1,0.9534099698066711
1947,1,0.9517735838890076
1948,1,0.9288313984870911
1949,1,0.9604871869087219
1950,1,0.5752753615379333
1951,1,0.9772546291351318
1952,1,0.979720413684845
1953,1,0.5511475801467896
1954,1,0.8822298049926758
1955,1,0.641305685043335
1956,1,0.9316547513008118
1957,1,0.8285490274429321
1958,1,0.7030642032623291
1959,1,0.9663722515106201
1960,1,0.9475279450416565
1961,1,0.9252267479896545
1962,1,0.975788414478302
1963,1,0.7179338335990906
1964,1,0.9534469246864319
1965,1,0.7409868240356445
1966,1,0.9333443641662598
1967,1,0.8789922595024109
1968,1,0.9325277805328369
1969,1,0.8924226760864258
1970,1,0.9113190770149231
1971,1,0.6740243434906006
1972,1,0.9297059178352356
1973,1,0.6260221600532532
1974,1,0.9691516160964966
1975,1,0.8275892734527588
1976,1,0.9540954828262329
1977,1,0.6149012446403503
1978,1,0.9561910629272461
1979,1,0.7380051612854004
1980,1,0.5257980823516846
1981,1,0.4520263969898224
1982,1,0.5799443125724792
1983,1,0.6290959119796753
1984,1,0.7108757495880127
1985,1,0.12264452874660492
1986,1,0.6492012143135071
1987,1,0.6487951278686523
1988,1,0.8292662501335144
1989,1,0.781196117401123
1990,1,0.5535433888435364
1991,0,0.45505836606025696
1992,0,0.08031725138425827
1993,0,0.4590117037296295
1994,0,0.7942848801612854
1995,0,0.7129694819450378
1996,0,0.4824058711528778
1997,0,0.20587317645549774
1998,0,0.18986253440380096
1999,0,0.04769744724035263
2000,0,0.2900797426700592
2001,0,0.4710369110107422
2002,0,0.42568543553352356
2003,0,0.029228953644633293
2004,0,0.4702344238758087
2005,0,0.810032308101654
2006,0,0.27776485681533813
2007,0,0.43600472807884216
2008,0,0.6272204518318176
2009,0,0.3175942599773407
2010,0,0.4437701404094696
2011,0,0.7525113821029663
2012,0,0.78453129529953
2013,0,0.8489266037940979
2014,0,0.650920569896698
2015,0,0.2493114471435547
2016,0,0.7793127298355103
2017,0,0.28231942653656006
2018,0,0.6656504273414612
2019,0,0.43909600377082825
2020,0,0.41014501452445984
2021,0,0.4694712460041046
2022,0,0.28544896841049194
2023,0,0.0029302421025931835
2024,0,0.40977606177330017
2025,0,0.4003259539604187
2026,0,0.38443461060523987
2027,0,0.3923589885234833
2028,0,0.46808284521102905
2029,0,0.8600853085517883
2030,0,0.28867775201797485
2031,0,0.4192909300327301
2032,0,0.3545786142349243
2033,0,0.015594543889164925
2034,0,0.4394361674785614
2035,0,0.30096593499183655
2036,0,0.4838976562023163
2037,0,0.15222901105880737
2038,0,0.7315115928649902
2039,0,0.43145859241485596
2040,0,0.2593825161457062
2041,0,0.8564950227737427
2042,0,0.6661237478256226
2043,0,0.0993141233921051
2044,0,0.0849040150642395
2045,0,0.6899707913398743
2046,0,0.17186813056468964
2047,0,0.5263006687164307
2048,0,0.26998111605644226
2049,0,0.10470470786094666
2050,0,0.5869678854942322
2051,0,0.036875080317258835
2052,0,0.7007715106010437
2053,0,0.9473181962966919
2054,0,0.020634522661566734
2055,0,0.1596505045890808
2056,0,0.026671700179576874
2057,0,0.13699406385421753
2058,0,0.7092007398605347
2059,0,0.5644569396972656
2060,0,0.7092034816741943
2061,0,0.4447009861469269
2062,0,0.21657486259937286
2063,0,0.10599459707736969
2064,0,0.12971222400665283
2065,0,0.3203396499156952
2066,0,0.29593679308891296
2067,0,0.9303834438323975
2068,0,0.49772852659225464
2069,0,0.20103567838668823
2070,0,0.04317064210772514
2071,0,0.10689094662666321
2072,0,0.3754293918609619
2073,0,0.5930012464523315
2074,0,0.5925214290618896
2075,0,0.10577952116727829
2076,0,0.71416175365448
2077,0,0.28511953353881836
2078,0,0.6157014966011047
2079,0,0.032125361263751984
2080,0,0.6791704297065735
2081,0,0.11773201823234558
2082,0,0.556020200252533
2083,0,0.3851845860481262
2084,0,0.5442778468132019
2085,0,0.20417065918445587
2086,0,0.5023968815803528
2087,0,0.372586190700531
2088,0,0.16768133640289307
2089,0,0.21335037052631378
2090,0,0.23803655803203583
2091,0,0.2430827021598816
2092,0,0.0690045952796936
2093,0,0.039735693484544754
2094,0,0.17597663402557373
2095,0,0.49985650181770325
2096,0,0.6235947012901306
2097,0,0.6241909861564636
2098,0,0.25226426124572754
2099,0,0.37730157375335693
2100,0,0.0404183454811573
2101,0,0.3610835075378418
2102,0,0.1183677539229393
2103,0,0.5696187615394592
2104,0,0.03225664794445038
2105,0,0.13668186962604523
2106,0,0.8206652402877808
2107,0,0.058566611260175705
2108,0,0.33221206068992615
2109,0,0.22274468839168549
2110,0,0.5956272482872009
2111,0,0.24842768907546997
2112,0,0.6529985070228577
2113,0,0.4818924367427826
2114,0,0.024023069068789482
2115,0,0.33405593037605286
2116,0,0.08337036520242691
2117,0,0.742381751537323
2118,0,0.14765626192092896
2119,0,0.479861855506897
2120,0,0.6015810966491699
2121,0,0.30239972472190857
2122,0,0.04620981216430664
2123,0,0.2996845543384552
2124,0,0.466728150844574
2125,0,0.08317805826663971
2126,0,0.2535054087638855
2127,0,0.07001259922981262
2128,0,0.4639698266983032
2129,0,0.31054627895355225
2130,0,0.5833185911178589
2131,0,0.10632641613483429
2132,0,0.5190058946609497
2133,0,0.34405282139778137
2134,0,0.24642014503479004
2135,0,0.10796580463647842
2136,0,0.775282084941864
2137,0,0.03059857338666916
2138,0,0.8830632567405701
2139,0,0.12200500071048737
2140,0,0.4758159816265106
2141,0,0.1926255077123642
2142,0,0.289423406124115
2143,0,0.6686446070671082
2144,0,0.4034976363182068
2145,0,0.03782733529806137
2146,0,0.04398443177342415
2147,0,0.053608592599630356
2148,0,0.6185117363929749
2149,0,0.9137355089187622
2150,0,0.08969774097204208
2151,0,0.7519438862800598
2152,0,0.7048059105873108
2153,0,0.6131366491317749
2154,0,0.029731007292866707
2155,0,0.09876693785190582
2156,0,0.5795666575431824
2157,0,0.4162580072879791
2158,0,0.2479604184627533
2159,0,0.6075308322906494
2160,0,0.1380104124546051
2161,0,0.3922443389892578
2162,0,0.12228717654943466
2163,0,0.03626016527414322
2164,0,0.4712861180305481
2165,0,0.10177767276763916
2166,0,0.289423406124115
2167,0,0.5311310291290283
2168,0,0.7444977760314941
2169,0,0.7134605646133423
2170,0,0.16811411082744598
2171,0,0.32967546582221985
2172,0,0.6086282134056091
2173,0,0.8284013867378235
2174,0,0.4011344909667969
2175,0,0.7901732325553894
2176,0,0.6915184855461121
2177,0,0.2688555121421814
2178,0,0.46098679304122925
2179,0,0.2350040078163147
2180,0,0.626267671585083
2181,0,0.15442852675914764
2182,0,0.5632320642471313
2183,0,0.3715392053127289
2184,0,0.149461030960083
2185,0,0.3201773762702942
2186,0,0.13775326311588287
2187,0,0.685888409614563
2188,0,0.2042507827281952
2189,0,0.16707204282283783
2190,0,0.619438648223877
2191,0,0.1265784353017807
2192,0,0.33257317543029785
2193,0,0.2659243941307068
2194,0,0.42949774861335754
2195,0,0.14400053024291992
2196,0,0.6356443762779236
2197,0,0.415108859539032
2198,0,0.4964149296283722
2199,0,0.5190326571464539
2200,0,0.09831871092319489
2201,0,0.7601680755615234
2202,0,0.29039376974105835
2203,0,0.057623591274023056
2204,0,0.1791224628686905
2205,0,0.4028303921222687
2206,0,0.0033874576911330223
2207,0,0.3755505383014679
2208,0,0.3390501141548157
2209,0,0.8312479853630066
2210,0,0.2774619460105896
2211,0,0.3712241053581238
2212,0,0.27568134665489197
2213,0,0.4237087070941925
2214,0,0.04328140988945961
2215,0,0.6839017868041992
2216,0,0.655362069606781
2217,0,0.161416158080101
2218,0,0.580856204032898
2219,0,0.27982297539711
2220,0,0.007312539964914322
2221,0,0.046232108026742935
2222,0,0.5226455926895142
2223,0,0.6354236602783203
2224,0,0.06234392896294594
2225,0,0.5434755682945251
2226,0,0.30878254771232605
2227,0,0.6233187913894653
2228,0,0.5874067544937134
2229,0,0.2975925803184509
2230,0,0.24729160964488983
2231,0,0.4536699652671814
2232,0,0.35616087913513184
2233,0,0.9185083508491516
2234,0,0.15032492578029633
2235,0,0.24999549984931946
2236,0,0.4678516983985901
2237,0,0.6509580016136169
2238,0,0.25917524099349976
2239,0,0.9623122811317444
2240,0,0.8960042595863342
2241,0,0.6975576877593994
2242,0,0.009191230870783329
2243,0,0.7138111591339111
2244,0,0.5882624387741089
2245,0,0.7119970321655273
2246,0,0.5961378216743469
2247,0,0.14815406501293182
2248,0,0.24571426212787628
2249,0,0.439864844083786
2250,0,0.09407870471477509
2251,0,0.3056412637233734
2252,0,0.3729685842990875
2253,0,0.35045355558395386
2254,0,0.13608698546886444
2255,0,0.12475044280290604
2256,0,0.44351544976234436
2257,0,0.29061657190322876
2258,0,0.4687272906303406
2259,0,0.470323383808136
2260,0,0.6329189538955688
2261,0,0.46886420249938965
2262,0,0.6933534741401672
2263,0,0.4408729672431946
2264,0,0.0652732327580452
2265,0,0.08451025933027267
2266,0,0.5456615686416626
2267,0,0.03910971060395241
2268,0,0.610966145992279
2269,0,0.5768507719039917
2270,0,0.24122977256774902
2271,0,0.06793370097875595
2272,0,0.617418110370636
2273,0,0.6189008355140686
2274,0,0.26338788866996765
2275,0,0.5114388465881348
2276,0,0.5613374710083008
2277,0,0.22359733283519745
2278,0,0.713546097278595
2279,0,0.15770849585533142
2280,0,0.20781387388706207
2281,0,0.17242005467414856
2282,0,0.6321760416030884
2283,0,0.3528018593788147
2284,0,0.013984388671815395
2285,0,0.30173829197883606
2286,0,0.37518665194511414
2287,0,0.04726042225956917
2288,0,0.29981541633605957
2289,0,0.00889642909169197
2290,0,0.2071744203567505
2291,0,0.29405829310417175
2292,0,0.4631587862968445
2293,0,0.054812341928482056
2294,0,0.747649610042572
2295,0,0.09193510562181473
2296,0,0.3957979083061218
2297,0,0.4631587862968445
2298,0,0.5214510560035706
2299,0,0.03585779294371605
2300,0,0.21399104595184326
2301,0,0.32128995656967163
2302,0,0.49865052103996277
2303,0,0.6714324951171875
2304,0,0.5982055068016052
2305,0,0.16904230415821075
2306,0,0.19345420598983765
2307,0,0.6959608197212219
2308,0,0.531829833984375
2309,0,0.8905782699584961
2310,0,0.6205353736877441
2311,0,0.5367113947868347
2312,0,0.04662925377488136
2313,0,0.8400629162788391
2314,0,0.29775798320770264
2315,0,0.6277343034744263
2316,0,0.4133024513721466
2317,0,0.03183222562074661
2318,0,0.44014689326286316
2319,0,0.6680719256401062
2320,0,0.060471080243587494
2321,0,0.13959650695323944
2322,0,0.014831280335783958
2323,0,0.2794250547885895
2324,0,0.6123700737953186
2325,0,0.13711684942245483
2326,0,0.23283235728740692
2327,0,0.26454704999923706
2328,0,0.39906954765319824
2329,0,0.17454418540000916
2330,0,0.0848328098654747
2331,0,0.2231285572052002
2332,0,0.7291263937950134
2333,0,0.712231457233429
2334,0,0.3554858863353729
2335,0,0.37294960021972656
2336,0,0.1964123249053955
2337,0,0.9382519721984863
2338,0,0.044783707708120346
2339,0,0.5742841958999634
2340,0,0.6281256675720215
2341,0,0.2877943217754364
2342,0,0.7683973908424377
2343,0,0.7138970494270325
2344,0,0.22986513376235962
2345,0,0.8866661190986633
2346,0,0.21035215258598328
2347,0,0.41754019260406494
2348,0,0.10170167684555054
2349,0,0.879483699798584
2350,0,0.6296159625053406
2351,0,0.6053657531738281
2352,0,0.046026382595300674
2353,0,0.3469662368297577
2354,0,0.4198378026485443
2355,0,0.5707085728645325
2356,0,0.7684593200683594
2357,0,0.1872774064540863
2358,0,0.7354766726493835
2359,0,0.4736374020576477
2360,0,0.4857061803340912
2361,0,0.04709148406982422
2362,0,0.5661056637763977
2363,0,0.6231794953346252
2364,0,0.636748731136322
2365,0,0.5098429918289185
2366,0,0.029305679723620415
2367,0,0.4566917419433594
2368,0,0.5056725740432739
2369,0,0.5778360962867737
2370,0,0.38248053193092346
2371,0,0.12816601991653442
2372,0,0.44949543476104736
2373,0,0.5776985287666321
2374,0,0.7063238620758057
2375,0,0.7515419125556946
2376,0,0.03129703179001808
2377,0,0.33588263392448425
2378,0,0.13037103414535522
2379,0,0.8710507154464722
2380,0,0.012317313812673092
2381,0,0.550099790096283
2382,0,0.30440571904182434
2383,0,0.5230590105056763
2384,0,0.06995187699794769
2385,0,0.13628347218036652
2386,0,0.39082229137420654
2387,0,0.05526040866971016
2388,0,0.5751252770423889
2389,0,0.6991358995437622
2390,0,0.649538516998291
2391,0,0.13447925448417664
2392,0,0.5256571769714355
2393,0,0.43616101145744324
2394,0,0.2830832302570343
2395,0,0.6341440081596375
2396,0,0.5200846791267395
2397,0,0.33257317543029785
2398,0,0.5770015120506287
2399,0,0.5546709299087524
2400,0,0.36699432134628296
2401,0,0.06052055582404137
2402,0,0.317697137594223
2403,0,0.04121752083301544
2404,0,0.9331261515617371
2405,0,0.7880443334579468
2406,0,0.030366137623786926
2407,0,0.40830880403518677
2408,0,0.04805084690451622
2409,0,0.13600975275039673
2410,0,0.323553204536438
2411,0,0.2782632112503052
2412,0,0.22261342406272888
2413,0,0.39638692140579224
2414,0,0.23406414687633514
2415,0,0.19735395908355713
2416,0,0.027075424790382385
2417,0,0.04905729740858078
2418,0,0.3008714020252228
2419,0,0.2283155620098114
2420,0,0.575465738773346
2421,0,0.5231665372848511
2422,0,0.6331028938293457
2423,0,0.057079773396253586
2424,0,0.020610041916370392
2425,0,0.2054443359375
2426,0,0.5484333038330078
2427,0,0.3208213150501251
2428,0,0.14987963438034058
2429,0,0.1907443404197693
2430,0,0.22733478248119354
2431,0,0.6696466207504272
2432,0,0.19580276310443878
2433,0,0.6232722401618958
2434,0,0.42588749527931213
2435,0,0.5290573835372925
2436,0,0.050677888095378876
2437,0,0.24347800016403198
2438,0,0.905591607093811
2439,0,0.3670382499694824
2440,0,0.10269901156425476
2441,0,0.36811915040016174
2442,0,0.15517351031303406
2443,0,0.11966723203659058
2444,0,0.5507118701934814
2445,0,0.03522554039955139
2446,0,0.012040402740240097
2447,0,0.6267581582069397
2448,0,0.5299515128135681
2449,0,0.33405593037605286
2450,0,0.127584770321846
2451,0,0.17855732142925262
2452,0,0.785689651966095
2453,0,0.04928584024310112
2454,0,0.4555298089981079
2455,0,0.3110235631465912
2456,0,0.447751522064209
2457,0,0.3365018963813782
2458,0,0.6677630543708801
2459,0,0.4205113649368286
2460,0,0.6833493113517761
2461,0,0.278880774974823
2462,0,0.6404345035552979
2463,0,0.650028645992279
2464,0,0.24428829550743103
2465,0,0.41222164034843445
2466,0,0.26046285033226013
2467,0,0.5288720726966858
2468,0,0.5525442957878113
2469,0,0.5500840544700623
2470,0,0.7038779854774475
2471,0,0.029525425285100937
2472,0,0.2577083110809326
2473,0,0.5491493940353394
2474,0,0.3404279053211212
2475,0,0.025980539619922638
2476,0,0.3404712378978729
2477,0,0.3445057272911072
2478,0,0.5493294596672058
2479,0,0.0346808061003685
2480,0,0.0030027353204786777
2481,0,0.308389276266098
2482,0,0.04445613548159599
2483,0,0.06469554454088211
2484,0,0.09752192348241806
2485,0,0.44308385252952576
2486,0,0.47594982385635376
2487,0,0.34022095799446106
2488,0,0.117851123213768
2489,0,0.5906083583831787
2490,0,0.19337153434753418
2491,0,0.217090904712677
2492,0,0.04097019135951996
2493,0,0.2235310971736908
2494,0,0.5471889972686768
2495,0,0.5053302049636841
2496,0,0.5198813080787659
2497,0,0.6058522462844849
2498,0,0.5048655867576599
2499,0,0.16119852662086487
2500,0,0.4486653506755829
2501,0,0.2660709023475647
2502,0,0.3245823383331299
2503,0,0.6868698000907898
2504,0,0.5240426659584045
2505,0,0.5026183128356934
2506,0,0.42333054542541504
2507,0,0.29265064001083374
2508,0,0.6498401165008545
2509,0,0.6838810443878174
2510,0,0.40231746435165405
2511,0,0.46515318751335144
2512,0,0.41222164034843445
2513,0,0.94375079870224
2514,0,0.7980860471725464
2515,0,0.22691187262535095
2516,0,0.931449294090271
2517,0,0.24822527170181274
2518,0,0.4593539535999298
2519,0,0.35398995876312256
2520,0,0.4073083698749542
2521,0,0.6027911305427551
2522,0,0.4341999590396881
2523,0,0.6615686416625977
2524,0,0.3441380262374878
2525,0,0.09196513146162033
2526,0,0.4551343321800232
2527,0,0.6811069846153259
2528,0,0.5197588801383972
2529,0,0.7584500908851624
2530,0,0.6550313830375671
2531,0,0.3993757367134094
2532,0,0.40490952134132385
2533,0,0.41947057843208313
2534,0,0.05051104724407196
2535,0,0.5121299624443054
2536,0,0.5503860116004944
2537,0,0.28971564769744873
2538,0,0.11476528644561768
2539,0,0.08825287967920303
2540,0,0.39365053176879883
2541,0,0.669572114944458
2542,0,0.5447951555252075
2543,0,0.7575814723968506
2544,0,0.49994534254074097
2545,0,0.30359113216400146
2546,0,0.17642448842525482
2547,0,0.5876765847206116
2548,0,0.06909681111574173
2549,0,0.2335100620985031
2550,0,0.28378230333328247
2551,0,0.46050941944122314
2552,0,0.9578068256378174
2553,0,0.0073858085088431835
2554,0,0.18945756554603577
2555,0,0.4112869203090668
2556,0,0.31414034962654114
2557,0,0.4886164367198944
2558,0,0.5122494697570801
2559,0,0.5800151228904724
2560,0,0.11184746026992798
2561,0,0.5698235034942627
2562,0,0.676755964756012
2563,0,0.011900177225470543
2564,0,0.40003031492233276
2565,0,0.12869319319725037
2566,0,0.06701042503118515
2567,0,0.15757958590984344
2568,0,0.4430459439754486
2569,0,0.5751867890357971
2570,0,0.3059851825237274
2571,0,0.11251325160264969
2572,0,0.6997801661491394
2573,0,0.47978001832962036
2574,0,0.04596291482448578
2575,0,0.9512840509414673
2576,0,0.7249369621276855
2577,0,0.468763530254364
2578,0,0.1926385462284088
2579,0,0.41222164034843445
2580,0,0.07438434660434723
2581,0,0.2858642339706421
2582,0,0.6115901470184326
2583,0,0.15767903625965118
2584,0,0.38295891880989075
2585,0,0.003979567904025316
2586,0,0.1585852950811386
2587,0,0.14538152515888214
2588,0,0.24524074792861938
2589,0,0.3191106617450714
2590,0,0.6527702212333679
2591,0,0.8301491141319275
2592,0,0.5615028142929077
2593,0,0.14029981195926666
2594,0,0.00787466112524271
2595,0,0.283295601606369
2596,0,0.1993008553981781
2597,0,0.44090405106544495
2598,0,0.8287866711616516
2599,0,0.3724197745323181
2600,0,0.02681887522339821
2601,0,0.49965012073516846
2602,0,0.46312493085861206
2603,0,0.3981928527355194
2604,0,0.641135036945343
2605,0,0.09279388934373856
2606,0,0.6233858466148376
2607,0,0.30312830209732056
2608,0,0.2841053009033203
2609,0,0.8321825265884399
2610,0,0.3547399640083313
2611,0,0.4901781678199768
2612,0,0.7368305325508118
2613,0,0.18229752779006958
2614,0,0.6564660668373108
2615,0,0.7669431567192078
2616,0,0.2428000569343567
2617,0,0.289423406124115
2618,0,0.06046519801020622
2619,0,0.32283636927604675
2620,0,0.2830531597137451
2621,0,0.4554816782474518
2622,0,0.23719939589500427
2623,0,0.321804940700531
2624,0,0.6959596872329712
2625,0,0.23104724287986755
2626,0,0.8792926073074341
2627,0,0.4362531900405884
2628,0,0.4756244719028473
2629,0,0.02661922015249729
2630,0,0.33080506324768066
2631,0,0.009943880140781403
2632,0,0.7749781012535095
2633,0,0.7848882675170898
2634,0,0.3658285439014435
2635,0,0.5953611135482788
2636,0,0.1445213407278061
2637,0,0.9604095816612244
2638,0,0.35447391867637634
2639,0,0.2860696017742157
2640,0,0.6676129102706909
2641,0,0.6465873122215271
2642,0,0.4137430191040039
2643,0,0.14501486718654633
2644,0,0.01895759254693985
2645,0,0.0074530066922307014
2646,0,0.39369451999664307
2647,0,0.3111043870449066
2648,0,0.11991175264120102
2649,0,0.7114747166633606
2650,0,0.03628065064549446
2651,0,0.012840311974287033
2652,0,0.1023288369178772
2653,0,0.18938255310058594
2654,0,0.5301340818405151
2655,0,0.23904845118522644
2656,0,0.6324256062507629
2657,0,0.40761327743530273
2658,0,0.47981908917427063
2659,0,0.2992374897003174
2660,0,0.02220696583390236
2661,0,0.09851258993148804
2662,0,0.6945961117744446
2663,0,0.47554025053977966
2664,0,0.012695873156189919
2665,0,0.8113703727722168
2666,0,0.03820693865418434
2667,0,0.5245841145515442
2668,0,0.8003406524658203
2669,0,0.6468439698219299
2670,0,0.2953914403915405
2671,0,0.3879983723163605
2672,0,0.04390142112970352
2673,0,0.3080299198627472
2674,0,0.36376824975013733
2675,0,0.11488988995552063
2676,0,0.05096582695841789
2677,0,0.4261475205421448
2678,0,0.2760820686817169
2679,0,0.2289162129163742
2680,0,0.10783353447914124
2681,0,0.4653562307357788
2682,0,0.289423406124115
2683,0,0.48402246832847595
2684,0,0.2386271208524704
2685,0,0.7095839381217957
2686,0,0.33645662665367126
2687,0,0.2899206578731537
2688,0,0.7426701784133911
2689,0,0.5931221842765808
2690,0,0.4638808071613312
2691,0,0.16955554485321045
2692,0,0.5011230707168579
2693,0,0.36775121092796326
2694,0,0.08365285396575928
2695,0,0.6574652791023254
2696,0,0.24571426212787628
2697,0,0.09156367182731628
2698,0,0.5711683034896851
2699,0,0.1515747755765915
2700,0,0.13171488046646118
2701,0,0.43046414852142334
2702,0,0.5375227928161621
2703,0,0.02140333130955696
2704,0,0.059482697397470474
2705,0,0.2945524752140045
2706,0,0.41553056240081787
2707,0,0.702411949634552
2708,0,0.2684066891670227
2709,0,0.23917192220687866
2710,0,0.7028304934501648
2711,0,0.2836460471153259
2712,0,0.20563431084156036
2713,0,0.3110412359237671
2714,0,0.46657034754753113
2715,0,0.032663602381944656
2716,0,0.0315614677965641
2717,0,0.058967798948287964
2718,0,0.4916580021381378
2719,0,0.3091597259044647
2720,0,0.1040760725736618
2721,0,0.0361383892595768
2722,0,0.2838587760925293
2723,0,0.4157431721687317
2724,0,0.800809919834137
2725,0,0.19358417391777039
2726,0,0.7105938196182251
2727,0,0.634414792060852
2728,0,0.735439658164978
2729,0,0.0890556201338768
2730,0,0.4893381893634796
2731,0,0.15036073327064514
2732,0,0.4570081830024719
2733,0,0.3248721659183502
2734,0,0.48440125584602356
2735,0,0.32123684883117676
2736,0,0.04301447793841362
2737,0,0.0840829610824585
2738,0,0.3094791769981384
2739,0,0.0006950945826247334
2740,0,0.17069409787654877
2741,0,0.7187709808349609
2742,0,0.1621672362089157
2743,0,0.5299827456474304
2744,0,0.6556222438812256
2745,0,0.5136850476264954
2746,0,0.6833586096763611
2747,0,0.5650365948677063
2748,0,0.11595097929239273
2749,0,0.575774073600769
2750,0,0.7076557278633118
2751,0,0.4971944987773895
2752,0,0.865682065486908
2753,0,0.36419183015823364
2754,0,0.5594573616981506
2755,0,0.15169228613376617
2756,0,0.15995310246944427
2757,0,0.18199826776981354
2758,0,0.3922443389892578
2759,0,0.41609251499176025
2760,0,0.4044651985168457
2761,0,0.6317828893661499
2762,0,0.21385931968688965
2763,0,0.07000000774860382
2764,0,0.7715119123458862
2765,0,0.9365630745887756
2766,0,0.009348168037831783
2767,0,0.600555419921875
2768,0,0.2370726466178894
2769,0,0.47291329503059387
2770,0,0.47076019644737244
2771,0,0.3323143422603607
2772,0,0.2610798180103302
2773,0,0.7863204479217529
2774,0,0.08630436658859253
2775,0,0.4416491985321045
2776,0,0.18488363921642303
2777,0,0.6269877552986145
2778,0,0.12756980955600739
2779,0,0.24968044459819794
2780,0,0.46010977029800415
2781,0,0.9670079350471497
2782,0,0.14285480976104736
2783,0,0.6084200143814087
2784,0,0.30640316009521484
2785,0,0.4177921414375305
2786,0,0.5570753216743469
2787,0,0.29251936078071594
2788,0,0.5441744923591614
2789,0,0.34761232137680054
2790,0,0.23593057692050934
2791,0,0.2760279178619385
2792,0,0.04688937962055206
2793,0,0.047745540738105774
2794,0,0.10491155833005905
2795,0,0.4516717195510864
2796,0,0.23076780140399933
2797,0,0.09476853907108307
2798,0,0.5368167161941528
2799,0,0.6897411346435547
2800,0,0.4130275547504425
2801,0,0.6321197152137756
2802,0,0.424063503742218
2803,0,0.6382790207862854
2804,0,0.03207990527153015
2805,0,0.19451743364334106
2806,0,0.20536360144615173
2807,0,0.5253061652183533
2808,0,0.8369138240814209
2809,0,0.004727296996861696
2810,0,0.33405593037605286
2811,0,0.3400956690311432
2812,0,0.6245560050010681
2813,0,0.5786546468734741
2814,0,0.2890486419200897
2815,0,0.08466965705156326
2816,0,0.35638976097106934
2817,0,0.16357895731925964
2818,0,0.5394780039787292
2819,0,0.03757360950112343
2820,0,0.30173367261886597
2821,0,0.056437257677316666
2822,0,0.7334723472595215
2823,0,0.39558616280555725
2824,0,0.288161039352417
2825,0,0.5094519257545471
2826,0,0.05802949517965317
2827,0,0.46502673625946045
2828,0,0.21587899327278137
2829,0,0.3077975809574127
2830,0,0.9282376766204834
2831,0,0.5400649309158325
2832,0,0.5457878112792969
2833,0,0.14664819836616516
2834,0,0.7432874441146851
2835,0,0.11179954558610916
2836,0,0.5114352107048035
2837,0,0.9248294234275818
2838,0,0.2839597165584564
2839,0,0.10562263429164886
2840,0,0.8407780528068542
2841,0,0.5249584317207336
2842,0,0.5724132657051086
2843,0,0.8598232865333557
2844,0,0.4734431505203247
2845,0,0.4984879493713379
2846,0,0.7363356947898865
2847,0,0.23325732350349426
2848,0,0.7606679201126099
2849,0,0.6926262378692627
2850,0,0.2590423822402954
2851,0,0.5229343175888062
2852,0,0.72590571641922
2853,0,0.5926054120063782
2854,0,0.3620120882987976
2855,0,0.13962885737419128
2856,0,0.08239123225212097
2857,0,0.4040186107158661
2858,0,0.8082641959190369
2859,0,0.23575134575366974
2860,0,0.515535295009613
2861,0,0.7243431806564331
2862,0,0.012002775445580482
2863,0,0.2769663631916046
2864,0,0.5079932808876038
2865,0,0.20953269302845
2866,0,0.8970609307289124
2867,0,0.4510110020637512
2868,0,0.3819333016872406
2869,0,0.5176241993904114
2870,0,0.1605791598558426
2871,0,0.09777998924255371
2872,0,0.5488413572311401
2873,0,0.6127389669418335
2874,0,0.06766534596681595
2875,0,0.18266835808753967
2876,0,0.6770822405815125
2877,0,0.5871707797050476
2878,0,0.026259297505021095
2879,0,0.5404124855995178
2880,0,0.5077231526374817
2881,0,0.532163679599762
2882,0,0.059455595910549164
2883,0,0.9085962176322937
2884,0,0.6425151228904724
2885,0,0.513789713382721
2886,0,0.765995979309082
2887,0,0.6483748555183411
2888,0,0.6004844307899475
2889,0,0.23747681081295013
2890,0,0.3149164021015167
2891,0,0.24285341799259186
2892,0,0.9234427809715271
2893,0,0.3048539161682129
2894,0,0.3531280755996704
2895,0,0.6714028716087341
2896,0,0.05756282061338425
2897,0,0.5624725818634033
2898,0,0.6127123236656189
2899,0,0.2589871287345886
2900,0,0.28971272706985474
2901,0,0.274599552154541
2902,0,0.30766528844833374
2903,0,0.2697466313838959
2904,0,0.3323304355144501
2905,0,0.5735064744949341
2906,0,0.2588384747505188
2907,0,0.44222646951675415
2908,0,0.0893135815858841
2909,0,0.21912416815757751
2910,0,0.06217223405838013
2911,0,0.23123855888843536
2912,0,0.30375710129737854
2913,0,0.5362546443939209
2914,0,0.5544275045394897
2915,0,0.06099541857838631
2916,0,0.07668013870716095
2917,0,0.021460285410284996
2918,0,0.16885574162006378
2919,0,0.39611610770225525
2920,0,0.0671863779425621
2921,0,0.32600921392440796
2922,0,0.49253591895103455
2923,0,0.2791861295700073
2924,0,0.7973282933235168
2925,0,0.004887675866484642
2926,0,0.018547017127275467
2927,0,0.42423927783966064
2928,0,0.3381628394126892
2929,0,0.08698917180299759
2930,0,0.4158003032207489
2931,0,0.6516315340995789
2932,0,0.06392045319080353
2933,0,0.33520761132240295
2934,0,0.14826689660549164
2935,0,0.5385196208953857
2936,0,0.5130480527877808
2937,0,0.04445936903357506
2938,0,0.029218943789601326
2939,0,0.5145480632781982
2940,0,0.4563182592391968
2941,0,0.03993406891822815
2942,0,0.30107569694519043
2943,0,0.578769326210022
2944,0,0.41222164034843445
2945,0,0.2941426634788513
2946,0,0.16265732049942017
2947,0,0.3483631908893585
2948,0,0.006502695381641388
2949,0,0.0907115489244461
2950,0,0.336246132850647
2951,0,0.33257317543029785
2952,0,0.21627026796340942
2953,0,0.20966270565986633
2954,0,0.033830754458904266
2955,0,0.01787126250565052
2956,0,0.15523600578308105
2957,0,0.26688849925994873
2958,0,0.40147238969802856
2959,0,0.6377956867218018
2960,0,0.5628648400306702
2961,0,0.5084958672523499
2962,0,0.04367801174521446
2963,0,0.0681731253862381
2964,0,0.12356476485729218
2965,0,0.4244299829006195
2966,0,0.6246111989021301
2967,0,0.30209457874298096
2968,0,0.904295802116394
2969,0,0.564939022064209
2970,0,0.21755602955818176
2971,0,0.4744613766670227
2972,0,0.7013854384422302
2973,0,0.42315274477005005
2974,0,0.17067070305347443
2975,0,0.10002325475215912
2976,0,0.7674145102500916
2977,0,0.25701385736465454
2978,0,0.4989083409309387
2979,0,0.6240639686584473
2980,0,0.5562880039215088
2981,0,0.5979599356651306
2982,0,0.38117969036102295
2983,0,0.07146003097295761
2984,0,0.5092589855194092
2985,0,0.9453211426734924
2986,0,0.150279238820076
2987,0,0.9011370539665222
2988,0,0.5261904001235962
2989,0,0.5709497928619385
2990,0,0.3495001792907715
2991,0,0.05927993729710579
2992,0,0.15932916104793549
2993,0,0.3847591280937195
2994,0,0.07485819607973099
2995,0,0.5955604910850525
2996,0,0.6836284399032593
2997,0,0.019768841564655304
2998,0,0.6090378165245056
2999,0,0.307541161775589
3000,0,0.028680583462119102
3001,0,0.5770190954208374
3002,0,0.6164978742599487
3003,0,0.7571310997009277
3004,0,0.19702868163585663
3005,0,0.5527820587158203
3006,0,0.01431331131607294
3007,0,0.5095789432525635
3008,0,0.4153357744216919
3009,0,0.5586832165718079
3010,0,0.5358633995056152
3011,0,0.14118020236492157
3012,0,0.5441322326660156
3013,0,0.46544215083122253
3014,0,0.5829986333847046
3015,0,0.3726918697357178
3016,0,0.6620306968688965
3017,0,0.597643256187439
3018,0,0.13000254333019257
3019,0,0.028470391407608986
3020,0,0.8562092185020447
3021,0,0.41375353932380676
3022,0,0.19265858829021454
3023,0,0.6351243257522583
3024,0,0.35398390889167786
3025,0,0.03529639169573784
3026,0,0.6152831315994263
3027,0,0.09959346801042557
3028,0,0.03480375558137894
3029,0,0.8450231552124023
3030,0,0.03612782061100006
3031,0,0.643528938293457
3032,0,0.7030731439590454
3033,0,0.34264808893203735
3034,0,0.1201382502913475
3035,0,0.809395432472229
3036,0,0.38691607117652893
3037,0,0.022974586114287376
3038,0,0.2117939591407776
3039,0,0.49951839447021484
3040,0,0.06044473871588707
3041,0,0.866826057434082
3042,0,0.624505341053009
3043,0,0.296254426240921
3044,0,0.20850135385990143
3045,0,0.6012629866600037
3046,0,0.20691710710525513
3047,0,0.2691608667373657
3048,0,0.7183435559272766
3049,0,0.6791122555732727
3050,0,0.5036798715591431
3051,0,0.62504643201828
3052,0,0.010741489008069038
3053,0,0.13930247724056244
3054,0,0.11505294591188431
3055,0,0.01915503665804863
3056,0,0.5718308687210083
3057,0,0.13933102786540985
3058,0,0.12772753834724426
3059,0,0.1820380836725235
3060,0,0.6439050436019897
3061,0,0.1802361011505127
3062,0,0.14917100965976715
3063,0,0.3355613946914673
3064,0,0.39436036348342896
3065,0,0.24133725464344025
3066,0,0.03986532986164093
3067,0,0.5214380621910095
3068,0,0.18254706263542175
3069,0,0.02831948734819889
3070,0,0.3710152208805084
3071,0,0.3487621545791626
3072,0,0.14664417505264282
3073,0,0.4551343321800232
3074,0,0.5503339767456055
3075,0,0.6070563197135925
3076,0,0.9362583756446838
3077,0,0.08005867898464203
3078,0,0.06364957243204117
3079,0,0.36584335565567017
3080,0,0.31361520290374756
3081,0,0.6338640451431274
3082,0,0.3772699236869812
3083,0,0.6090058088302612
3084,0,0.6871934533119202
3085,0,0.2488812357187271
3086,0,0.08603627979755402
3087,0,0.14322307705879211
3088,0,0.6593821048736572
3089,0,0.325754851102829
3090,0,0.3913467228412628
3091,0,0.6010140180587769
3092,0,0.43452951312065125
3093,0,0.6176725625991821
3094,0,0.32142776250839233
3095,0,0.8164163827896118
3096,0,0.09923023730516434
3097,0,0.589641273021698
3098,0,0.9228537678718567
3099,0,0.3882688581943512
3100,0,0.34628576040267944
3101,0,0.029547525569796562
3102,0,0.33405593037605286
3103,0,0.31253305077552795
3104,0,0.4531230330467224
3105,0,0.33257317543029785
3106,0,0.6633975505828857
3107,0,0.28867775201797485
3108,0,0.30396008491516113
3109,0,0.8808773159980774
3110,0,0.5410908460617065
3111,0,0.5384982228279114
3112,0,0.48285555839538574
3113,0,0.5293610095977783
3114,0,0.1040249839425087
3115,0,0.6564719080924988
3116,0,0.32323741912841797
3117,0,0.013622533529996872
3118,0,0.24130746722221375
3119,0,0.6959447860717773
3120,0,0.34260761737823486
3121,0,0.41222164034843445
3122,0,0.02877756953239441
3123,0,0.40121838450431824
3124,0,0.00685383565723896
3125,0,0.40005943179130554
3126,0,0.5960745215415955
3127,0,0.09605052322149277
3128,0,0.058657512068748474
3129,0,0.29620668292045593
3130,0,0.38261112570762634
3131,0,0.18499307334423065
3132,0,0.5538585782051086
3133,0,0.2092019021511078
3134,0,0.5824945569038391
3135,0,0.05682000890374184
3136,0,0.3227313458919525
3137,0,0.3129199147224426
3138,0,0.3051806688308716
3139,0,0.45585137605667114
3140,0,0.554144024848938
3141,0,0.007929377257823944
3142,0,0.14027772843837738
3143,0,0.5870252251625061
3144,0,0.5114206075668335
3145,0,0.250263512134552
3146,0,0.022972291335463524
3147,0,0.41222164034843445
3148,0,0.08867959678173065
3149,0,0.4070470929145813
3150,0,0.2029508352279663
3151,0,0.5974492430686951
3152,0,0.026372753083705902
3153,0,0.6460068225860596
3154,0,0.4631587862968445
3155,0,0.1735999882221222
3156,0,0.5599428415298462
3157,0,0.6766744256019592
3158,0,0.3793427348136902
3159,0,0.8267512321472168
3160,0,0.37729835510253906
3161,0,0.014186396263539791
3162,0,0.6497118473052979
3163,0,0.32198765873908997
3164,0,0.33643990755081177
3165,0,0.6684699654579163
3166,0,0.36036473512649536
3167,0,0.6701417565345764
3168,0,0.48925626277923584
3169,0,0.8246774077415466
3170,0,0.30624085664749146
3171,0,0.07055298238992691
3172,0,0.3310667872428894
3173,0,0.24511213600635529
3174,0,0.8208689093589783
3175,0,0.6550533771514893
3176,0,0.009103023447096348
3177,0,0.577026903629303
3178,0,0.1472780704498291
3179,0,0.07820279151201248
3180,0,0.5919459462165833
3181,0,0.5899641513824463
3182,0,0.43753325939178467
3183,0,0.3394542932510376
3184,0,0.3900444507598877
3185,0,0.03862307593226433
3186,0,0.3049863278865814
3187,0,0.4776540994644165
3188,0,0.3386981189250946
3189,0,0.024408528581261635
3190,0,0.6024823188781738
3191,0,0.12491454184055328
3192,0,0.1351281851530075
3193,0,0.5497588515281677
3194,0,0.5537954568862915
3195,0,0.10648271441459656
3196,0,0.7270914912223816
3197,0,0.3111524283885956
3198,0,0.6335108876228333
3199,0,0.5380723476409912
3200,0,0.06218082457780838
3201,0,0.4285794496536255
3202,0,0.40761327743530273
3203,0,0.07974247634410858
3204,0,0.023308411240577698
3205,0,0.47527793049812317
3206,0,0.4162795841693878
3207,0,0.32975175976753235
3208,0,0.3614448308944702
3209,0,0.31929296255111694
3210,0,0.6027942299842834
3211,0,0.2616390585899353
3212,0,0.9234985113143921
3213,0,0.8652259707450867
3214,0,0.19477838277816772
3215,0,0.17944715917110443
3216,0,0.4551343321800232
3217,0,0.14300589263439178
3218,0,0.04031241312623024
3219,0,0.8424408435821533
3220,0,0.3830367624759674
3221,0,0.5697847604751587
3222,0,0.1253679245710373
3223,0,0.04565154388546944
3224,0,0.7316049933433533
3225,0,0.3942857086658478
3226,0,0.5442496538162231
3227,0,0.26322197914123535
3228,0,0.2805441617965698
3229,0,0.10752420872449875
3230,0,0.35259658098220825
3231,0,0.41921308636665344
3232,0,0.5804526209831238
3233,0,0.6069079637527466
3234,0,0.18212342262268066
3235,0,0.7358523011207581
3236,0,0.8797215819358826
3237,0,0.15919935703277588
3238,0,0.620862603187561
3239,0,0.11656931787729263
3240,0,0.39040693640708923
3241,0,0.5415540337562561
3242,0,0.4201667904853821
3243,0,0.41524818539619446
3244,0,0.37646761536598206
3245,0,0.256754606962204
3246,0,0.07722077518701553
3247,0,0.5057007670402527
3248,0,0.43705517053604126
3249,0,0.23062705993652344
3250,0,0.06214267015457153
3251,0,0.4294721782207489
3252,0,0.26527899503707886
3253,0,0.876181960105896
3254,0,0.46782973408699036
3255,0,0.5212220549583435
3256,0,0.6259373426437378
3257,0,0.7465418577194214
3258,0,0.03186966851353645
3259,0,0.5896590948104858
3260,0,0.3705132305622101
3261,0,0.06244310736656189
3262,0,0.0435914508998394
3263,0,0.2169029265642166
3264,0,0.603122889995575
3265,0,0.7802639603614807
3266,0,0.4062844216823578
3267,0,0.026515325531363487
3268,0,0.2669207751750946
3269,0,0.6795111298561096
3270,0,0.41222164034843445
3271,0,0.546226441860199
3272,0,0.7590755820274353
3273,0,0.07950780540704727
3274,0,0.4140782058238983
3275,0,0.029734797775745392
3276,0,0.4012698829174042
3277,0,0.8549156785011292
3278,0,0.026528682559728622
3279,0,0.052698664367198944
3280,0,0.5173135995864868
3281,0,0.4631587862968445
3282,0,0.4243025779724121
3283,0,0.9746295213699341
3284,0,0.6465380787849426
3285,0,0.009234827011823654
3286,0,0.5279061198234558
3287,0,0.5215033888816833
3288,0,0.8348590731620789
3289,0,0.30245956778526306
3290,0,0.5312513113021851
3291,0,0.6594079732894897
3292,0,0.05406477674841881
3293,0,0.5577772855758667
3294,0,0.5414937138557434
3295,0,0.066378653049469
3296,0,0.7103957533836365
3297,0,0.5684565305709839
3298,0,0.09160027652978897
3299,0,0.6657512784004211
3300,0,0.5879449248313904
3301,0,0.5770915746688843
3302,0,0.5149112343788147
3303,0,0.24778185784816742
3304,0,0.04867791011929512
3305,0,0.8581178188323975
3306,0,0.6529858112335205
3307,0,0.0955813080072403
3308,0,0.5303475260734558
3309,0,0.2850077152252197
3310,0,0.5053163766860962
3311,0,0.43760693073272705
3312,0,0.38875463604927063
3313,0,0.7732608914375305
3314,0,0.3076878786087036
3315,0,0.16510257124900818
3316,0,0.28191661834716797
3317,0,0.5362998247146606
3318,0,0.6052409410476685
3319,0,0.41222164034843445
3320,0,0.00730464793741703
3321,0,0.23667965829372406
3322,0,0.9186349511146545
3323,0,0.4631587862968445
3324,0,0.16693606972694397
3325,0,0.28717565536499023
3326,0,0.3970720171928406
3327,0,0.4631587862968445
3328,0,0.29406893253326416
3329,0,0.2467193752527237
3330,0,0.22338920831680298
3331,0,0.5979731678962708
3332,0,0.20631501078605652
3333,0,0.5649638175964355
3334,0,0.6183335781097412
3335,0,0.41222164034843445
3336,0,0.16079705953598022
3337,0,0.954704999923706
3338,0,0.23543919622898102
3339,0,0.2689523994922638
3340,0,0.20569594204425812
3341,0,0.5356603860855103
3342,0,0.12089619785547256
3343,0,0.8355773091316223
3344,0,0.663081705570221
3345,0,0.44238951802253723
3346,0,0.9593639373779297
3347,0,0.049331553280353546
3348,0,0.4510662853717804
3349,0,0.40308257937431335
3350,0,0.3836855888366699
3351,0,0.21631963551044464
3352,0,0.5238340497016907
3353,0,0.7367281913757324
3354,0,0.8995685577392578
3355,0,0.06234987452626228
3356,0,0.28025829792022705
3357,0,0.4890294671058655
3358,0,0.001342363771982491
3359,0,0.20282459259033203
3360,0,0.48547127842903137
3361,0,0.27367275953292847
3362,0,0.49920767545700073
3363,0,0.528570830821991
3364,0,0.5980527400970459
3365,0,0.5132235288619995
3366,0,0.5425752997398376
3367,0,0.289423406124115
3368,0,0.8869731426239014
3369,0,0.5778417587280273
3370,0,0.3224647641181946
3371,0,0.16264379024505615
3372,0,0.6777275800704956
3373,0,0.22610583901405334
3374,0,0.615008533000946
3375,0,0.7241176962852478
3376,0,0.29579007625579834
3377,0,0.5505836606025696
3378,0,0.36373841762542725
3379,0,0.4534538686275482
3380,0,0.603569507598877
3381,0,0.503150224685669
3382,0,0.5471872091293335
3383,0,0.8677366375923157
3384,0,0.6846823692321777
3385,0,0.8319868445396423
3386,0,0.6554647088050842
3387,0,0.2081029713153839
3388,0,0.03402797132730484
3389,0,0.466176837682724
3390,0,0.5983508229255676
3391,0,0.5529145002365112
3392,0,0.2726636826992035
3393,0,0.09117311984300613
3394,0,0.060334399342536926
3395,0,0.498312771320343
3396,0,0.025388194248080254
3397,0,0.02227891981601715
3398,0,0.35879382491111755
3399,0,0.14921429753303528
3400,0,0.15567907691001892
3401,0,0.15122950077056885
3402,0,0.028032852336764336
3403,0,0.0075310287065804005
3404,0,0.41534653306007385
3405,0,0.5838006138801575
3406,0,0.3428295850753784
3407,0,0.2660311758518219
3408,0,0.07246827334165573
3409,0,0.6508734226226807
3410,0,0.3367180824279785
3411,0,0.3670654296875
3412,0,0.16827645897865295
3413,0,0.5890370607376099
3414,0,0.08264986425638199
3415,0,0.38354265689849854
3416,0,0.4368690848350525
3417,0,0.3264775276184082
3418,0,0.1844927966594696
3419,0,0.3424261212348938
3420,0,0.321184903383255
3421,0,0.7109661102294922
3422,0,0.39939239621162415
3423,0,0.7450828552246094
3424,0,0.4031776487827301
3425,0,0.6127371191978455
3426,0,0.12128888070583344
3427,0,0.5989867448806763
3428,0,0.6138022541999817
3429,0,0.5811647772789001
3430,0,0.8536234498023987
3431,0,0.08151984214782715
3432,0,0.04435666278004646
3433,0,0.3548004925251007
3434,0,0.12160572409629822
3435,0,0.03682991489768028
3436,0,0.6136742830276489
3437,0,0.522676408290863
3438,0,0.29887625575065613
3439,0,0.01514624897390604
3440,0,0.8511205315589905
3441,0,0.2542082369327545
3442,0,0.4488561451435089
3443,0,0.03404059633612633
3444,0,0.03837549313902855
3445,0,0.7508184909820557
3446,0,0.759861171245575
3447,0,0.41222164034843445
3448,0,0.009167577140033245
3449,0,0.4451877176761627
3450,0,0.023854319006204605
3451,0,0.24792920053005219
3452,0,0.4497361481189728
3453,0,0.33637869358062744
3454,0,0.903005063533783
3455,0,0.015014846809208393
3456,0,0.5369950532913208
3457,0,0.6590881943702698
3458,0,0.8175632953643799
3459,0,0.4212464690208435
3460,0,0.5127629637718201
3461,0,0.41447001695632935
3462,0,0.6983574032783508
3463,0,0.436070054769516
3464,0,0.040997009724378586
3465,0,0.44329726696014404
3466,0,0.3437312841415405
3467,0,0.19450058043003082
3468,0,0.6079657673835754
3469,0,0.05299391597509384
3470,0,0.03874742612242699
3471,0,0.4405378997325897
3472,0,0.36527687311172485
3473,0,0.8057483434677124
3474,0,0.5753795504570007
3475,0,0.8333218097686768
3476,0,0.36209648847579956
3477,0,0.06744890660047531
3478,0,0.349663108587265
3479,0,0.06390663236379623
3480,0,0.649856448173523
3481,0,0.4788001775741577
3482,0,0.741134524345398
3483,0,0.7675045728683472
3484,0,0.498747855424881
3485,0,0.34959328174591064
3486,0,0.5766866207122803
3487,0,0.25664180517196655
3488,0,0.3549574315547943
3489,0,0.020725125446915627
3490,0,0.13654334843158722
3491,0,0.09226498752832413
3492,0,0.41222164034843445
3493,0,0.4769892692565918
3494,0,0.4705048203468323
3495,0,0.6927850246429443
3496,0,0.02990126423537731
3497,0,0.038185928016901016
3498,0,0.29224199056625366
3499,0,0.23985834419727325
3500,0,0.2031741440296173
3501,0,0.3500989079475403
3502,0,0.5505802631378174
3503,0,0.04169297590851784
3504,0,0.16525614261627197
3505,0,0.5564306378364563
3506,0,0.30921998620033264
3507,0,0.020297059789299965
3508,0,0.42055627703666687
3509,0,0.2531905174255371
3510,0,0.5857229828834534
3511,0,0.48807331919670105
3512,0,0.5423413515090942
3513,0,0.2659400701522827
3514,0,0.02348574437201023
3515,0,0.5463863015174866
3516,0,0.7082359790802002
3517,0,0.41222164034843445
3518,0,0.604339599609375
3519,0,0.575745165348053
3520,0,0.8471483588218689
3521,0,0.3820617198944092
3522,0,0.6209515929222107
3523,0,0.11730615049600601
3524,0,0.09454472362995148
3525,0,0.4013758599758148
3526,0,0.7513697743415833
3527,0,0.6640074253082275
3528,0,0.5332222580909729
3529,0,0.05611144378781319
3530,0,0.8485121726989746
3531,0,0.5802555084228516
3532,0,0.2620566189289093
3533,0,0.35347655415534973
3534,0,0.3922443389892578
3535,0,0.7544675469398499
3536,0,0.09956727921962738
3537,0,0.06876235455274582
3538,0,0.23170334100723267
3539,0,0.8220938444137573
3540,0,0.27786773443222046
3541,0,0.506079375743866
3542,0,0.31172090768814087
3543,0,0.29746323823928833
3544,0,0.47366270422935486
3545,0,0.12648166716098785
3546,0,0.6257292628288269
3547,0,0.023555366322398186
3548,0,0.7365567684173584
3549,0,0.1777743250131607
3550,0,0.7043042778968811
3551,0,0.6564890742301941
3552,0,0.3699110746383667
3553,0,0.4631587862968445
3554,0,0.40142562985420227
3555,0,0.7201042175292969
3556,0,0.5343587398529053
3557,0,0.8583085536956787
3558,0,0.19610022008419037
3559,0,0.2466612011194229
3560,0,0.01203130278736353
3561,0,0.732094943523407
3562,0,0.2908981144428253
3563,0,0.5263457298278809
3564,0,0.4624604880809784
3565,0,0.3641814589500427
3566,0,0.1225040927529335
3567,0,0.5214621424674988
3568,0,0.4374956786632538
3569,0,0.0655156821012497
3570,0,0.6493422389030457
3571,0,0.011228619143366814
3572,0,0.6014446020126343
3573,0,0.40761327743530273
3574,0,0.559814989566803
3575,0,0.10384570807218552
3576,0,0.131278857588768
3577,0,0.06406744569540024
3578,0,0.7742604613304138
3579,0,0.43978774547576904
3580,0,0.6685759425163269
3581,0,0.9770655632019043
3582,0,0.43154075741767883
3583,0,0.44448551535606384
3584,0,0.05956918001174927
3585,0,0.03918669372797012
3586,0,0.1940990537405014
3587,0,0.04825622960925102
3588,0,0.3205086588859558
3589,0,0.3711974620819092
3590,0,0.714232861995697
3591,0,0.5664803981781006
3592,0,0.7314212918281555
3593,0,0.7472549676895142
3594,0,0.8799329996109009
3595,0,0.15991412103176117
3596,0,0.027807556092739105
3597,0,0.4691524803638458
3598,0,0.5155745148658752
3599,0,0.8632159233093262
3600,0,0.2824268043041229
3601,0,0.652509331703186
3602,0,0.06749316304922104
3603,0,0.616548478603363
3604,0,0.0516539104282856
3605,0,0.44986405968666077
3606,0,0.6540416479110718
3607,0,0.3719674348831177
3608,0,0.07606777548789978
3609,0,0.5887276530265808
3610,0,0.29684630036354065
3611,0,0.9282222390174866
3612,0,0.3186669945716858
3613,0,0.4543886184692383
3614,0,0.6809888482093811
3615,0,0.29025503993034363
3616,0,0.0177732203155756
3617,0,0.34127292037010193
3618,0,0.4551343321800232
3619,0,0.46823039650917053
3620,0,0.8612716197967529
3621,0,0.006768661551177502
3622,0,0.26479843258857727
3623,0,0.26732468605041504
3624,0,0.27476373314857483
3625,0,0.5539118647575378
3626,0,0.9471635818481445
3627,0,0.5355961918830872
3628,0,0.7104060053825378
3629,0,0.11070063710212708
3630,0,0.2370692491531372
3631,0,0.25210052728652954
3632,0,0.9780519604682922
3633,0,0.45754390954971313
3634,0,0.33663812279701233
3635,0,0.6166250109672546
3636,0,0.2574969232082367
3637,0,0.01954498142004013
3638,0,0.17085418105125427
3639,0,0.22993090748786926
3640,0,0.7593854069709778
3641,0,0.35241708159446716
3642,0,0.06081155687570572
3643,0,0.9217478632926941
3644,0,0.4263567328453064
3645,0,0.2023024708032608
3646,0,0.5062760710716248
3647,0,0.15574558079242706
3648,0,0.6497051119804382
3649,0,0.573347270488739
3650,0,0.1048857718706131
3651,0,0.6152991056442261
3652,0,0.043873369693756104
3653,0,0.727127730846405
3654,0,0.6100566387176514
3655,0,0.5324068069458008
3656,0,0.04036348685622215
3657,0,0.7349328994750977
3658,0,0.4706728458404541
3659,0,0.5513094067573547
3660,0,0.2469293624162674
3661,0,0.1208198294043541
3662,0,0.09861645102500916
3663,0,0.4182412922382355
3664,0,0.03803598880767822
3665,0,0.6327230930328369
3666,0,0.12620550394058228
3667,0,0.19049230217933655
3668,0,0.4113212823867798
3669,0,0.6107634902000427
3670,0,0.6178632974624634
3671,0,0.46498754620552063
3672,0,0.5298252701759338
3673,0,0.4381130337715149
3674,0,0.6542775630950928
3675,0,0.027513936161994934
3676,0,0.853448212146759
3677,0,0.3211895525455475
3678,0,0.676066517829895
3679,0,0.6120429635047913
3680,0,0.33351171016693115
3681,0,0.1170547679066658
3682,0,0.2667730450630188
3683,0,0.8047226667404175
3684,0,0.3420180380344391
3685,0,0.30624085664749146
3686,0,0.36971795558929443
3687,0,0.924349844455719
3688,0,0.8989667892456055
3689,0,0.466516375541687
3690,0,0.3498564660549164
3691,0,0.6511463522911072
3692,0,0.5149949193000793
3693,0,0.08542152494192123
3694,0,0.88339763879776
3695,0,0.5044804811477661
3696,0,0.7557663321495056
3697,0,0.05358775332570076
3698,0,0.41222164034843445
3699,0,0.5273205637931824
3700,0,0.05135146528482437
3701,0,0.36205485463142395
3702,0,0.6381732225418091
3703,0,0.876620888710022
3704,0,0.3964037001132965
3705,0,0.0560019351541996
3706,0,0.5253783464431763
3707,0,0.2407730519771576
3708,0,0.045179806649684906
3709,0,0.17304584383964539
3710,0,0.16121117770671844
3711,0,0.21557819843292236
3712,0,0.0034546528477221727
3713,0,0.014162728562951088
3714,0,0.5667537450790405
3715,0,0.02898091822862625
3716,0,0.33257317543029785
3717,0,0.12306167185306549
3718,0,0.33405593037605286
3719,0,0.2390231192111969
3720,0,0.3670654296875
3721,0,0.1771438717842102
3722,0,0.18067428469657898
3723,0,0.3922443389892578
3724,0,0.306258887052536
3725,0,0.5668166875839233
3726,0,0.2087501436471939
3727,0,0.5497584939002991
3728,0,0.1934899240732193
3729,0,0.08157291263341904
3730,0,0.7466917037963867
3731,0,0.09226424247026443
3732,0,0.36528730392456055
3733,0,0.7626007199287415
3734,0,0.40225544571876526
3735,0,0.4570789337158203
3736,0,0.43165895342826843
3737,0,0.10805201530456543
3738,0,0.33257317543029785
3739,0,0.6864677667617798
3740,0,0.1912594884634018
3741,0,0.8058694005012512
3742,0,0.028694694861769676
3743,0,0.39801880717277527
3744,0,0.7892122268676758
3745,0,0.24905627965927124
3746,0,0.6992951035499573
3747,0,0.7324479222297668
3748,0,0.30348706245422363
3749,0,0.12398652732372284
3750,0,0.14434444904327393
3751,0,0.7437716722488403
3752,0,0.48724812269210815
3753,0,0.4052811563014984
3754,0,0.025106098502874374
3755,0,0.576209306716919
3756,0,0.056670863181352615
3757,0,0.9178979396820068
3758,0,0.0764443501830101
3759,0,0.5024444460868835
3760,0,0.092188261449337
3761,0,0.6139512658119202
3762,0,0.7507924437522888
3763,0,0.7554300427436829
3764,0,0.6235573887825012
3765,0,0.34651824831962585
3766,0,0.2590540647506714
3767,0,0.6733673810958862
3768,0,0.28039127588272095
3769,0,0.027670597657561302
3770,0,0.32331058382987976
3771,0,0.7938839197158813
3772,0,0.44166380167007446
3773,0,0.7560514211654663
3774,0,0.2743876576423645
3775,0,0.5937566757202148
3776,0,0.39586612582206726
3777,0,0.0025823540054261684
3778,0,0.44802871346473694
3779,0,0.25911226868629456
3780,0,0.2754020094871521
3781,0,0.5296812653541565
3782,0,0.32141849398612976
3783,0,0.036218591034412384
3784,0,0.5631814002990723
3785,0,0.17636001110076904
3786,0,0.07341539114713669
3787,0,0.09784828871488571
3788,0,0.28867775201797485
3789,0,0.07128272205591202
3790,0,0.7683433890342712
3791,0,0.29046374559402466
3792,0,0.023428920656442642
3793,0,0.6897917985916138
3794,0,0.05453529208898544
3795,0,0.06592000275850296
3796,0,0.40761327743530273
3797,0,0.6998652815818787
3798,0,0.3852368891239166
3799,0,0.10935743153095245
3800,0,0.3146713972091675
3801,0,0.5312536358833313
3802,0,0.01757175475358963
3803,0,0.26914387941360474
3804,0,0.2923622727394104
3805,0,0.21716642379760742
3806,0,0.4991966187953949
3807,0,0.175685316324234
3808,0,0.03335564583539963
3809,0,0.32657477259635925
3810,0,0.6937849521636963
3811,0,0.6208553910255432
3812,0,0.3695606291294098
3813,0,0.1332879662513733
3814,0,0.25538045167922974
3815,0,0.7370116710662842
3816,0,0.3379518389701843
3817,0,0.6252234578132629
3818,0,0.2064458280801773
3819,0,0.8880160450935364
3820,0,0.2344105839729309
3821,0,0.6329756379127502
3822,0,0.5536687970161438
3823,0,0.804043710231781
3824,0,0.12690962851047516
3825,0,0.4054064154624939
3826,0,0.6503645777702332
3827,0,0.13036678731441498
3828,0,0.1651248186826706
3829,0,0.6199206113815308
3830,0,0.0036643140483647585
3831,0,0.3858751654624939
3832,0,0.4670791029930115
3833,0,0.332572340965271
3834,0,0.17532165348529816
3835,0,0.10099554806947708
3836,0,0.3905782997608185
3837,0,0.5516645312309265
3838,0,0.608933687210083
3839,0,0.33405593037605286
3840,0,0.5918529629707336
3841,0,0.19227804243564606
3842,0,0.6059645414352417
3843,0,0.19402681291103363
3844,0,0.17386458814144135
3845,0,0.2583915591239929
3846,0,0.3972063958644867
3847,0,0.7542248368263245
3848,0,0.4551180601119995
3849,0,0.7054041028022766
3850,0,0.0985957458615303
3851,0,0.6278407573699951
3852,0,0.7647131681442261
3853,0,0.4820750951766968
3854,0,0.2523183822631836
3855,0,0.723280668258667
3856,0,0.1550726443529129
3857,0,0.3670654296875
3858,0,0.6949189305305481
3859,0,0.029291078448295593
3860,0,0.11180216819047928
3861,0,0.640291154384613
3862,0,0.29339900612831116
3863,0,0.030046483501791954
3864,0,0.8485292792320251
3865,0,0.006640326697379351
3866,0,0.44545748829841614
3867,0,0.0680052787065506
3868,0,0.5849351286888123
3869,0,0.3943812847137451
3870,0,0.6442360281944275
3871,0,0.7412453293800354
3872,0,0.4614029824733734
3873,0,0.4776689410209656
3874,0,0.6917328238487244
3875,0,0.18389128148555756
3876,0,0.43927398324012756
3877,0,0.2867206633090973
3878,0,0.2731112241744995
3879,0,0.5338084697723389
3880,0,0.4755488634109497
3881,0,0.5895353555679321
3882,0,0.3719574213027954
3883,0,0.5935401320457458
3884,0,0.9390360116958618
3885,0,0.41288894414901733
3886,0,0.658065140247345
3887,0,0.0349537618458271
3888,0,0.5716923475265503
3889,0,0.2342371642589569
3890,0,0.558046281337738
3891,0,0.16122393310070038
3892,0,0.611537754535675
3893,0,0.3784579336643219
3894,0,0.8233538269996643
3895,0,0.27952274680137634
3896,0,0.25238141417503357
3897,0,0.7450634241104126
3898,0,0.7046724557876587
3899,0,0.52278733253479
3900,0,0.5619121193885803
3901,0,0.13768431544303894
3902,0,0.23581379652023315
3903,0,0.7224199175834656
3904,0,0.014114496298134327
3905,0,0.28941622376441956
3906,0,0.6331998705863953
3907,0,0.5767335295677185
3908,0,0.2001151144504547
3909,0,0.0827384740114212
3910,0,0.7304248213768005
3911,0,0.49177202582359314
3912,0,0.5852422118186951
3913,0,0.3145379424095154
3914,0,0.2288191318511963
3915,0,0.01036048773676157
3916,0,0.11373085528612137
3917,0,0.5549324154853821
3918,0,0.7911749482154846
3919,0,0.42592430114746094
3920,0,0.28787845373153687
3921,0,0.4762791097164154
3922,0,0.3343687653541565
3923,0,0.5270910859107971
3924,0,0.1019255667924881
3925,0,0.7378289103507996
3926,0,0.6464638710021973
3927,0,0.3155389130115509
3928,0,0.09956183284521103
3929,0,0.5912246704101562
3930,0,0.044084157794713974
3931,0,0.8959329724311829
3932,0,0.09052193909883499
3933,0,0.5458908081054688
3934,0,0.20183806121349335
3935,0,0.08342123031616211
3936,0,0.1408260464668274
3937,0,0.3546871542930603
3938,0,0.16839642822742462
3939,0,0.33368369936943054
3940,0,0.04457786679267883
3941,0,0.2448706477880478
3942,0,0.09620048850774765
3943,0,0.5298306941986084
3944,0,0.14025495946407318
3945,0,0.032065339386463165
3946,0,0.3827853500843048
3947,0,0.2581424117088318
3948,0,0.04666375368833542
3949,0,0.125135138630867
3950,0,0.04423751309514046
3951,0,0.5281528830528259
3952,0,0.24155229330062866
3953,0,0.14529307186603546
3954,0,0.6550551652908325
3955,0,0.9531905651092529
3956,0,0.5123593211174011
3957,0,0.7225291132926941
3958,0,0.5976486802101135
3959,0,0.46313369274139404
3960,0,0.026669327169656754
3961,0,0.5067176818847656
3962,0,0.23688466846942902
3963,0,0.6423664689064026
3964,0,0.3476983308792114
3965,0,0.5979868173599243
3966,0,0.22344626486301422
3967,0,0.8207777738571167
3968,0,0.4953838884830475
3969,0,0.08214088529348373
3970,0,0.10578203201293945
3971,0,0.9494377374649048
3972,0,0.4386303424835205
3973,0,0.5215997695922852
3974,0,0.33115705847740173
3975,0,0.5608726143836975
3976,0,0.4483236074447632
3977,0,0.1623995155096054
3978,0,0.28869274258613586
3979,0,0.5079700946807861
3980,0,0.48564645648002625
3981,0,0.13043531775474548
3982,0,0.36064276099205017
3983,1,0.6062331199645996
