index,y_true,y_pred_oof
0,1,0.9541151523590088
1,1,0.9527440071105957
2,1,0.74058598279953
3,1,0.8928881287574768
4,1,0.3489477038383484
5,1,0.21333886682987213
6,1,0.10749208927154541
7,1,0.4119088351726532
8,1,0.9188992381095886
9,1,0.5638187527656555
10,1,0.49139338731765747
11,1,0.6955885291099548
12,1,0.47080692648887634
13,1,0.9887518286705017
14,1,0.8845548033714294
15,1,0.8860030770301819
16,1,0.7788075804710388
17,1,0.3035130798816681
18,1,0.9412639141082764
19,1,0.8969511389732361
20,1,0.884136438369751
21,1,0.9243476390838623
22,1,0.7251981496810913
23,1,0.8880183100700378
24,1,0.9476508498191833
25,1,0.49912819266319275
26,1,0.6669174432754517
27,1,0.947161078453064
28,1,0.9275009632110596
29,1,0.8501320481300354
30,1,0.7837028503417969
31,1,0.7392893433570862
32,1,0.9137337803840637
33,1,0.4862779676914215
34,1,0.6795970797538757
35,1,0.8308961391448975
36,1,0.8587816953659058
37,1,0.9512952566146851
38,1,0.9431014060974121
39,1,0.8333269953727722
40,1,0.9930912256240845
41,1,0.42834070324897766
42,1,0.07406236231327057
43,1,0.6787630319595337
44,1,0.8535292744636536
45,1,0.8923678994178772
46,1,0.7156854867935181
47,1,0.8156194090843201
48,1,0.40787452459335327
49,1,0.8878845572471619
50,1,0.866805374622345
51,1,0.9100276231765747
52,1,0.8864266276359558
53,1,0.8157002925872803
54,1,0.45261260867118835
55,1,0.9469600915908813
56,1,0.8441268801689148
57,1,0.2888265550136566
58,1,0.357690691947937
59,1,0.8989337682723999
60,1,0.7665421366691589
61,1,0.7531339526176453
62,1,0.2531754970550537
63,1,0.8528887629508972
64,1,0.9669291377067566
65,1,0.9077647924423218
66,1,0.7636675238609314
67,1,0.7701271772384644
68,1,0.4978486895561218
69,1,0.805173933506012
70,1,0.4681996703147888
71,1,0.9558582305908203
72,1,0.18235383927822113
73,1,0.18535630404949188
74,1,0.7207627296447754
75,1,0.7621517777442932
76,1,0.7791346907615662
77,1,0.9158902764320374
78,1,0.7653523683547974
79,1,0.09882298111915588
80,1,0.9836756587028503
81,1,0.8439419269561768
82,1,0.7761749029159546
83,1,0.5998156070709229
84,1,0.9410750865936279
85,1,0.19633080065250397
86,1,0.952036440372467
87,1,0.31154486536979675
88,1,0.8517717719078064
89,1,0.5956070423126221
90,1,0.6733415722846985
91,1,0.973456859588623
92,1,0.9293107986450195
93,1,0.7745140790939331
94,1,0.9509974718093872
95,1,0.7851608991622925
96,1,0.9843354225158691
97,1,0.9788416028022766
98,1,0.9844648241996765
99,1,0.9265861511230469
100,1,0.9208070039749146
101,1,0.9658379554748535
102,1,0.24929086863994598
103,1,0.6115431189537048
104,1,0.8141259551048279
105,1,0.9646599888801575
106,1,0.967095673084259
107,1,0.7412272095680237
108,1,0.7658108472824097
109,1,0.9885929822921753
110,1,0.9698787331581116
111,1,0.9755840301513672
112,1,0.9891275763511658
113,1,0.8485708832740784
114,1,0.7454492449760437
115,1,0.34726324677467346
116,1,0.0744747668504715
117,1,0.9224764704704285
118,1,0.11226113140583038
119,1,0.6274967789649963
120,1,0.6521413922309875
121,1,0.41867363452911377
122,1,0.8886408805847168
123,1,0.9187567234039307
124,1,0.8428117036819458
125,1,0.24087713658809662
126,1,0.5630180835723877
127,1,0.5240317583084106
128,1,0.9710708260536194
129,1,0.9399334192276001
130,1,0.9626390337944031
131,1,0.8865026235580444
132,1,0.02590024843811989
133,1,0.8688111305236816
134,1,0.6688035726547241
135,1,0.20868803560733795
136,1,0.828121542930603
137,1,0.8447442054748535
138,1,0.31946659088134766
139,1,0.8717233538627625
140,1,0.4505620300769806
141,1,0.9716697931289673
142,1,0.5882935523986816
143,1,0.9126035571098328
144,1,0.9097578525543213
145,1,0.4233192205429077
146,1,0.9951602816581726
147,1,0.9152255654335022
148,1,0.897869884967804
149,1,0.3821205198764801
150,1,0.824856698513031
151,1,0.9219955801963806
152,1,0.331910103559494
153,1,0.10967597365379333
154,1,0.9779462814331055
155,1,0.9618695974349976
156,1,0.9358684420585632
157,1,0.9791309237480164
158,1,0.8432525396347046
159,1,0.5926200747489929
160,1,0.9184960722923279
161,1,0.35584399104118347
162,1,0.3970029056072235
163,1,0.17838174104690552
164,1,0.8518213629722595
165,1,0.9125938415527344
166,1,0.9943864345550537
167,1,0.9860764741897583
168,1,0.9790526032447815
169,1,0.6962851881980896
170,1,0.2690630853176117
171,1,0.9831505417823792
172,1,0.2869540750980377
173,1,0.9114622473716736
174,1,0.3881135880947113
175,1,0.5291083455085754
176,1,0.9860048890113831
177,1,0.9816352128982544
178,1,0.9117830991744995
179,1,0.9934225678443909
180,1,0.685448169708252
181,1,0.6704760193824768
182,1,0.9940823912620544
183,1,0.9383295774459839
184,1,0.8043372631072998
185,1,0.8733518123626709
186,1,0.982070803642273
187,1,0.9944224953651428
188,1,0.07092869281768799
189,1,0.9824718832969666
190,1,0.9908220767974854
191,1,0.8454920053482056
192,1,0.9368605613708496
193,1,0.29810938239097595
194,1,0.8440233469009399
195,1,0.987055778503418
196,1,0.7610273361206055
197,1,0.9535415172576904
198,1,0.7232832908630371
199,1,0.9608238339424133
200,1,0.9567794799804688
201,1,0.829788327217102
202,1,0.9108037352561951
203,1,0.23214413225650787
204,1,0.9665919542312622
205,1,0.09603823721408844
206,1,0.563127875328064
207,1,0.8874201774597168
208,1,0.9453983306884766
209,1,0.9323069453239441
210,1,0.5879668593406677
211,1,0.06762442737817764
212,1,0.036443617194890976
213,1,0.8846580386161804
214,1,0.9459010362625122
215,1,0.8837706446647644
216,1,0.9403594136238098
217,1,0.0788770392537117
218,1,0.9665101170539856
219,1,0.9475918412208557
220,1,0.9357220530509949
221,1,0.9673270583152771
222,1,0.9443146586418152
223,1,0.9894750118255615
224,1,0.8471398949623108
225,1,0.8857166171073914
226,1,0.9012972712516785
227,1,0.6387434005737305
228,1,0.35249441862106323
229,1,0.9015175104141235
230,1,0.9052290320396423
231,1,0.07801859825849533
232,1,0.8281289339065552
233,1,0.21345849335193634
234,1,0.9224328398704529
235,1,0.968122124671936
236,1,0.9306387901306152
237,1,0.9883289337158203
238,1,0.8639794588088989
239,1,0.6888418793678284
240,1,0.37086349725723267
241,1,0.9832674860954285
242,1,0.5440186858177185
243,1,0.5474178194999695
244,1,0.022235207259655
245,1,0.9198532104492188
246,1,0.976219892501831
247,1,0.39946991205215454
248,1,0.49317124485969543
249,1,0.4123607575893402
250,1,0.9798715710639954
251,1,0.5283451080322266
252,1,0.8355401158332825
253,1,0.8063358664512634
254,1,0.3075176179409027
255,1,0.9844954609870911
256,1,0.6679509878158569
257,1,0.9471806883811951
258,1,0.933719277381897
259,1,0.9602890610694885
260,1,0.8889265656471252
261,1,0.9256246089935303
262,1,0.6147285103797913
263,1,0.9798806309700012
264,1,0.9720451831817627
265,1,0.9425913691520691
266,1,0.13903115689754486
267,1,0.965414822101593
268,1,0.9141136407852173
269,1,0.2982606291770935
270,1,0.3664819002151489
271,1,0.798758864402771
272,1,0.7447295188903809
273,1,0.7399129867553711
274,1,0.316020131111145
275,1,0.5275741219520569
276,1,0.9368368983268738
277,1,0.6556021571159363
278,1,0.8106997013092041
279,1,0.055869463831186295
280,1,0.1911850869655609
281,1,0.4539221227169037
282,1,0.5370246767997742
283,1,0.8248762488365173
284,1,0.8258906602859497
285,1,0.9005061984062195
286,1,0.34681588411331177
287,1,0.6763372421264648
288,1,0.7817098498344421
289,1,0.2804024815559387
290,1,0.7238860726356506
291,1,0.05942702293395996
292,1,0.6148188710212708
293,1,0.605272650718689
294,1,0.13886332511901855
295,1,0.47936174273490906
296,1,0.9887403845787048
297,1,0.35898417234420776
298,1,0.838975727558136
299,1,0.7994483709335327
300,1,0.9366815686225891
301,1,0.978261411190033
302,1,0.29033583402633667
303,1,0.9774148464202881
304,1,0.956839919090271
305,1,0.3665291666984558
306,1,0.465842068195343
307,1,0.9127863645553589
308,1,0.9774386286735535
309,1,0.18279315531253815
310,1,0.42318519949913025
311,1,0.1629631668329239
312,1,0.19363568723201752
313,1,0.3754635453224182
314,1,0.9906854033470154
315,1,0.17266666889190674
316,1,0.9689194560050964
317,1,0.9278606176376343
318,1,0.9752540588378906
319,1,0.7081004977226257
320,1,0.9628235697746277
321,1,0.656184196472168
322,1,0.9687151312828064
323,1,0.9731263518333435
324,1,0.8913722634315491
325,1,0.9660263657569885
326,1,0.9870306849479675
327,1,0.9903697371482849
328,1,0.9917633533477783
329,1,0.7191480994224548
330,1,0.9612716436386108
331,1,0.9874457120895386
332,1,0.9968057870864868
333,1,0.9815451502799988
334,1,0.8610396981239319
335,1,0.9666081070899963
336,1,0.9678974151611328
337,1,0.9465698599815369
338,1,0.9594405889511108
339,1,0.9801843762397766
340,1,0.9759119153022766
341,1,0.9832877516746521
342,1,0.9878315329551697
343,1,0.9886493682861328
344,1,0.9851995706558228
345,1,0.6297070384025574
346,1,0.9920493960380554
347,1,0.9756115674972534
348,1,0.7078174352645874
349,1,0.988831102848053
350,1,0.4391828775405884
351,1,0.88724285364151
352,1,0.9419078826904297
353,1,0.6590425968170166
354,1,0.12710262835025787
355,1,0.4549390375614166
356,1,0.6740601062774658
357,1,0.9210625886917114
358,1,0.9675429463386536
359,1,0.977070689201355
360,1,0.9445360898971558
361,1,0.9378274083137512
362,1,0.9934574961662292
363,1,0.9678347706794739
364,1,0.21770590543746948
365,1,0.8855326175689697
366,1,0.8449454307556152
367,1,0.9753983020782471
368,1,0.894442081451416
369,1,0.9440490007400513
370,1,0.8735394477844238
371,1,0.9861754775047302
372,1,0.5031251311302185
373,1,0.9562482237815857
374,1,0.8031222820281982
375,1,0.9311123490333557
376,1,0.9897710084915161
377,1,0.9862746596336365
378,1,0.9850098490715027
379,1,0.9802058935165405
380,1,0.9887269735336304
381,1,0.9905182719230652
382,1,0.524317741394043
383,1,0.8712438941001892
384,1,0.8843222260475159
385,1,0.8984720706939697
386,1,0.5468541383743286
387,1,0.8005098104476929
388,1,0.8808955550193787
389,1,0.7741367816925049
390,1,0.8166318535804749
391,1,0.7924087643623352
392,1,0.8475611805915833
393,1,0.2242499142885208
394,1,0.28765255212783813
395,1,0.25252118706703186
396,1,0.8536405563354492
397,1,0.38969627022743225
398,1,0.32989487051963806
399,1,0.5677511096000671
400,1,0.4708280563354492
401,1,0.8255019783973694
402,1,0.5893007516860962
403,1,0.45699232816696167
404,1,0.9481867551803589
405,1,0.8694576025009155
406,1,0.6303191781044006
407,1,0.8431315422058105
408,1,0.009760472923517227
409,1,0.214168518781662
410,1,0.14853918552398682
411,1,0.8256553411483765
412,1,0.8148595094680786
413,1,0.19095483422279358
414,1,0.30854669213294983
415,1,0.6386468410491943
416,1,0.019316498190164566
417,1,0.5210766196250916
418,1,0.5040125250816345
419,1,0.364763468503952
420,1,0.7417254447937012
421,1,0.2770703136920929
422,1,0.7001559138298035
423,1,0.4252898395061493
424,1,0.6949906945228577
425,1,0.43887823820114136
426,1,0.5499168634414673
427,1,0.5807833075523376
428,1,0.5985737442970276
429,1,0.597633957862854
430,1,0.26282262802124023
431,1,0.49103084206581116
432,1,0.6358711123466492
433,1,0.7191545367240906
434,1,0.5578567385673523
435,1,0.8479974865913391
436,1,0.9718157649040222
437,1,0.6158350110054016
438,1,0.9734559655189514
439,1,0.9701330065727234
440,1,0.934833824634552
441,1,0.9896832704544067
442,1,0.9353911876678467
443,1,0.7802597284317017
444,1,0.8641730546951294
445,1,0.9228785634040833
446,1,0.6189225316047668
447,1,0.9218270778656006
448,1,0.8633126020431519
449,1,0.9014371037483215
450,1,0.8974069356918335
451,1,0.9320662021636963
452,1,0.9668465256690979
453,1,0.9772257208824158
454,1,0.9597306251525879
455,1,0.9412210583686829
456,1,0.9851308465003967
457,1,0.9874151349067688
458,1,0.8409045338630676
459,1,0.9695549607276917
460,1,0.9120981097221375
461,1,0.9090513586997986
462,1,0.9886671900749207
463,1,0.8768554925918579
464,1,0.9686708450317383
465,1,0.873537540435791
466,1,0.9710878133773804
467,1,0.9930214285850525
468,1,0.9510179758071899
469,1,0.9362449645996094
470,1,0.7386499643325806
471,1,0.8967906832695007
472,1,0.9772874116897583
473,1,0.942672610282898
474,1,0.9454687237739563
475,1,0.9103515148162842
476,1,0.9891591668128967
477,1,0.9546607732772827
478,1,0.9258113503456116
479,1,0.8519480228424072
480,1,0.8123756647109985
481,1,0.9565463066101074
482,1,0.9863436222076416
483,1,0.9095751643180847
484,1,0.8993421792984009
485,1,0.8323333859443665
486,1,0.9832684397697449
487,1,0.9140496253967285
488,1,0.8472165465354919
489,1,0.9795661568641663
490,1,0.9357534646987915
491,1,0.7894787192344666
492,1,0.7249632477760315
493,1,0.823566198348999
494,1,0.9472390413284302
495,1,0.9239281415939331
496,1,0.9035402536392212
497,1,0.7031175494194031
498,1,0.14668041467666626
499,1,0.9642016291618347
500,1,0.7116103172302246
501,1,0.7317841053009033
502,1,0.11437185108661652
503,1,0.7685012817382812
504,1,0.49501025676727295
505,1,0.7984692454338074
506,1,0.7885825634002686
507,1,0.2154725342988968
508,1,0.8178249597549438
509,1,0.7885060906410217
510,1,0.5447192192077637
511,1,0.8480182886123657
512,1,0.31831517815589905
513,1,0.37202924489974976
514,1,0.17506730556488037
515,1,0.4145882725715637
516,1,0.014709181152284145
517,1,0.931285560131073
518,1,0.48772087693214417
519,1,0.7836582064628601
520,1,0.05165872350335121
521,1,0.16184395551681519
522,1,0.16463588178157806
523,1,0.3772518038749695
524,1,0.8703212738037109
525,1,0.16918450593948364
526,1,0.8395708799362183
527,1,0.21247345209121704
528,1,0.12970535457134247
529,1,0.4561437666416168
530,1,0.023505698889493942
531,1,0.13272427022457123
532,1,0.7671133279800415
533,1,0.07243340462446213
534,1,0.6335538625717163
535,1,0.9128938317298889
536,1,0.6343300938606262
537,1,0.8808512687683105
538,1,0.8191788792610168
539,1,0.5071826577186584
540,1,0.6339991092681885
541,1,0.8095046877861023
542,1,0.6652609705924988
543,1,0.40629130601882935
544,1,0.6005380749702454
545,1,0.6382344365119934
546,1,0.6225107908248901
547,1,0.41339749097824097
548,1,0.8389874696731567
549,1,0.8627427220344543
550,1,0.3748091459274292
551,1,0.5971482396125793
552,1,0.3769676089286804
553,1,0.3426935076713562
554,1,0.6325434446334839
555,1,0.7014977335929871
556,1,0.8415389060974121
557,1,0.8706063032150269
558,1,0.18852107226848602
559,1,0.7872304320335388
560,1,0.9466352462768555
561,1,0.560797393321991
562,1,0.7180769443511963
563,1,0.910564661026001
564,1,0.25621700286865234
565,1,0.9434561133384705
566,1,0.8817234039306641
567,1,0.987410843372345
568,1,0.8594954609870911
569,1,0.041449300944805145
570,1,0.898430347442627
571,1,0.8661313056945801
572,1,0.9753478765487671
573,1,0.9188544154167175
574,1,0.9884329438209534
575,1,0.9481708407402039
576,1,0.02929140254855156
577,1,0.9843142032623291
578,1,0.9770945906639099
579,1,0.9591859579086304
580,1,0.9802243709564209
581,1,0.9889317750930786
582,1,0.9707865118980408
583,1,0.9283010363578796
584,1,0.17941473424434662
585,1,0.07802343368530273
586,1,0.31725648045539856
587,1,0.9854761958122253
588,1,0.8378866910934448
589,1,0.928083598613739
590,1,0.8700154423713684
591,1,0.4838925302028656
592,1,0.9124636054039001
593,1,0.7240754961967468
594,1,0.9785289764404297
595,1,0.4004446864128113
596,1,0.972708523273468
597,1,0.9326470494270325
598,1,0.9203581213951111
599,1,0.8032077550888062
600,1,0.9907377362251282
601,1,0.9607588052749634
602,1,0.9598346948623657
603,1,0.8804770708084106
604,1,0.9767230153083801
605,1,0.9504509568214417
606,1,0.9728796482086182
607,1,0.9455562233924866
608,1,0.9861639142036438
609,1,0.9186360836029053
610,1,0.9011197090148926
611,1,0.8189188241958618
612,1,0.9755544066429138
613,1,0.9838922023773193
614,1,0.9720231294631958
615,1,0.8877627849578857
616,1,0.9901012182235718
617,1,0.9352445006370544
618,1,0.5960963368415833
619,1,0.9386917948722839
620,1,0.7014445662498474
621,1,0.6542232632637024
622,1,0.6055600047111511
623,1,0.6194499731063843
624,1,0.8822240233421326
625,1,0.8878156542778015
626,1,0.7863757014274597
627,1,0.9382902979850769
628,1,0.9542235732078552
629,1,0.949555516242981
630,1,0.9749935865402222
631,1,0.7567208409309387
632,1,0.9071004986763
633,1,0.8453412055969238
634,1,0.867201566696167
635,1,0.8896319270133972
636,1,0.9544515609741211
637,1,0.9021560549736023
638,1,0.978812575340271
639,1,0.349099338054657
640,1,0.5530710220336914
641,1,0.9762762784957886
642,1,0.9235777258872986
643,1,0.8597647547721863
644,1,0.9484356641769409
645,1,0.9931426048278809
646,1,0.985306978225708
647,1,0.9799739122390747
648,1,0.9712514877319336
649,1,0.9531649351119995
650,1,0.8941425681114197
651,1,0.9796792268753052
652,1,0.8858314752578735
653,1,0.6736339330673218
654,1,0.6227745413780212
655,1,0.2474628984928131
656,1,0.7544658780097961
657,1,0.8722614645957947
658,1,0.9842055439949036
659,1,0.9906085729598999
660,1,0.016288259997963905
661,1,0.8616388440132141
662,1,0.9854871034622192
663,1,0.7978797554969788
664,1,0.7702475190162659
665,1,0.9759125709533691
666,1,0.9098847508430481
667,1,0.9732875823974609
668,1,0.9533063769340515
669,1,0.8608392477035522
670,1,0.7403908967971802
671,1,0.639415979385376
672,1,0.9868547916412354
673,1,0.9824528694152832
674,1,0.9631540179252625
675,1,0.9870433211326599
676,1,0.9269917607307434
677,1,0.9897052645683289
678,1,0.9620188474655151
679,1,0.984691321849823
680,1,0.9792431592941284
681,1,0.9459366798400879
682,1,0.9420309066772461
683,1,0.9196844100952148
684,1,0.929643452167511
685,1,0.9890409111976624
686,1,0.9950234889984131
687,1,0.9854328036308289
688,1,0.416941374540329
689,1,0.3912879526615143
690,1,0.8782935738563538
691,1,0.8891650438308716
692,1,0.8877145051956177
693,1,0.9810208082199097
694,1,0.8629869818687439
695,1,0.5835219025611877
696,1,0.6681244373321533
697,1,0.8749582767486572
698,1,0.9577448964118958
699,1,0.9965617060661316
700,1,0.9966980218887329
701,1,0.9483814835548401
702,1,0.893643856048584
703,1,0.65562903881073
704,1,0.9710754156112671
705,1,0.9703171253204346
706,1,0.9256922006607056
707,1,0.5113717317581177
708,1,0.6242820024490356
709,1,0.9818638563156128
710,1,0.9826672673225403
711,1,0.9681844711303711
712,1,0.46906718611717224
713,1,0.24341565370559692
714,1,0.7564467191696167
715,1,0.03341660276055336
716,1,0.8817338943481445
717,1,0.5247372388839722
718,1,0.13866718113422394
719,1,0.14086490869522095
720,1,0.322957843542099
721,1,0.26754045486450195
722,1,0.042445726692676544
723,1,0.3918331563472748
724,1,0.15958331525325775
725,1,0.8486027717590332
726,1,0.9494838118553162
727,1,0.03619135543704033
728,1,0.7442575097084045
729,1,0.43506255745887756
730,1,0.13471300899982452
731,1,0.03438436985015869
732,1,0.14458894729614258
733,1,0.9496729969978333
734,1,0.7164682745933533
735,1,0.13119083642959595
736,1,0.38718459010124207
737,1,0.19813770055770874
738,1,0.915575385093689
739,1,0.827895998954773
740,1,0.2827007472515106
741,1,0.7231322526931763
742,1,0.5057938694953918
743,1,0.26591354608535767
744,1,0.23329928517341614
745,1,0.23407642543315887
746,1,0.27888262271881104
747,1,0.39489632844924927
748,1,0.6492279171943665
749,1,0.7091514468193054
750,1,0.7745742201805115
751,1,0.8995215892791748
752,1,0.3154127597808838
753,1,0.5015857219696045
754,1,0.7928741574287415
755,1,0.8316821455955505
756,1,0.7335288524627686
757,1,0.7575227618217468
758,1,0.16968871653079987
759,1,0.48765307664871216
760,1,0.8189684152603149
761,1,0.7838849425315857
762,1,0.6188791990280151
763,1,0.7982692718505859
764,1,0.29192182421684265
765,1,0.8401418328285217
766,1,0.2193380892276764
767,1,0.9375619888305664
768,1,0.2728906571865082
769,1,0.7481375336647034
770,1,0.3313014507293701
771,1,0.7253236770629883
772,1,0.7618694305419922
773,1,0.9614200592041016
774,1,0.8370195031166077
775,1,0.5208376049995422
776,1,0.8651474118232727
777,1,0.9232067465782166
778,1,0.09014000743627548
779,1,0.7854809761047363
780,1,0.8141803741455078
781,1,0.8956006169319153
782,1,0.9302029013633728
783,1,0.9009324312210083
784,1,0.9424863457679749
785,1,0.7045514583587646
786,1,0.6385254859924316
787,1,0.7032437324523926
788,1,0.8246302604675293
789,1,0.3517773449420929
790,1,0.8302688598632812
791,1,0.9719889760017395
792,1,0.8487502932548523
793,1,0.2903958261013031
794,1,0.6853160262107849
795,1,0.9874777793884277
796,1,0.5429573059082031
797,1,0.9363874197006226
798,1,0.9625943899154663
799,1,0.6956615447998047
800,1,0.9402022957801819
801,1,0.9442329406738281
802,1,0.9554631114006042
803,1,0.8694626688957214
804,1,0.9159646034240723
805,1,0.8158807158470154
806,1,0.932000994682312
807,1,0.7390359044075012
808,1,0.7737368941307068
809,1,0.6727971434593201
810,1,0.6603038907051086
811,1,0.871692955493927
812,1,0.9358084201812744
813,1,0.6433922648429871
814,1,0.07188925892114639
815,1,0.11226113140583038
816,1,0.9124593138694763
817,1,0.6950178146362305
818,1,0.9144660234451294
819,1,0.8957058787345886
820,1,0.9703889489173889
821,1,0.8860508799552917
822,1,0.9750173687934875
823,1,0.8106832504272461
824,1,0.9330455660820007
825,1,0.7256343364715576
826,1,0.6521430015563965
827,1,0.8612197637557983
828,1,0.9606927037239075
829,1,0.9884865283966064
830,1,0.9749143719673157
831,1,0.981295645236969
832,1,0.9720385074615479
833,1,0.7778251767158508
834,1,0.9673457741737366
835,1,0.9611755013465881
836,1,0.9797200560569763
837,1,0.146201491355896
838,1,0.913291871547699
839,1,0.9813723564147949
840,1,0.789375901222229
841,1,0.9372555613517761
842,1,0.9544539451599121
843,1,0.9794818758964539
844,1,0.9727869033813477
845,1,0.9784285426139832
846,1,0.9441688656806946
847,1,0.9913444519042969
848,1,0.9716475009918213
849,1,0.9740116596221924
850,1,0.986275315284729
851,1,0.9749379754066467
852,1,0.9716705679893494
853,1,0.9620229005813599
854,1,0.952397346496582
855,1,0.9878634214401245
856,1,0.9651309847831726
857,1,0.8946196436882019
858,1,0.1897095888853073
859,1,0.21773463487625122
860,1,0.2165834903717041
861,1,0.9308537244796753
862,1,0.11055514961481094
863,1,0.23979318141937256
864,1,0.548159122467041
865,1,0.8668664693832397
866,1,0.9362371563911438
867,1,0.703702986240387
868,1,0.5553353428840637
869,1,0.7692457437515259
870,1,0.9181385040283203
871,1,0.6742876768112183
872,1,0.9016661047935486
873,1,0.8953379392623901
874,1,0.7716575860977173
875,1,0.8138497471809387
876,1,0.9504280090332031
877,1,0.8748182654380798
878,1,0.8493049740791321
879,1,0.894975483417511
880,1,0.858294665813446
881,1,0.44978657364845276
882,1,0.7702706456184387
883,1,0.21760354936122894
884,1,0.8134549856185913
885,1,0.8254783153533936
886,1,0.9293702244758606
887,1,0.9395710825920105
888,1,0.9155474901199341
889,1,0.07347582280635834
890,1,0.8836625814437866
891,1,0.16967622935771942
892,1,0.82063889503479
893,1,0.8616307973861694
894,1,0.8242046236991882
895,1,0.64111328125
896,1,0.6170911192893982
897,1,0.09565519541501999
898,1,0.2746060788631439
899,1,0.8696181774139404
900,1,0.2794835865497589
901,1,0.5558955073356628
902,1,0.697676956653595
903,1,0.7121356725692749
904,1,0.4239714741706848
905,1,0.8048141598701477
906,1,0.7729609608650208
907,1,0.5713963508605957
908,1,0.4494234025478363
909,1,0.5377742648124695
910,1,0.6946699023246765
911,1,0.48380500078201294
912,1,0.14996886253356934
913,1,0.1675981730222702
914,1,0.7778478860855103
915,1,0.9433346390724182
916,1,0.9322541356086731
917,1,0.4663214385509491
918,1,0.8897888660430908
919,1,0.9075435400009155
920,1,0.9257264137268066
921,1,0.9270936846733093
922,1,0.9838358163833618
923,1,0.850534200668335
924,1,0.841771125793457
925,1,0.920262336730957
926,1,0.9425854682922363
927,1,0.9091538190841675
928,1,0.6921327710151672
929,1,0.847201406955719
930,1,0.8811169862747192
931,1,0.653755247592926
932,1,0.5032129883766174
933,1,0.9237702488899231
934,1,0.8736711740493774
935,1,0.8058686852455139
936,1,0.8428114652633667
937,1,0.9175193905830383
938,1,0.9056645035743713
939,1,0.9290364384651184
940,1,0.9591390490531921
941,1,0.9030843377113342
942,1,0.759710431098938
943,1,0.9168335795402527
944,1,0.925741970539093
945,1,0.8682445287704468
946,1,0.9323816895484924
947,1,0.933314859867096
948,1,0.7550086975097656
949,1,0.910129189491272
950,1,0.7910395860671997
951,1,0.8529329895973206
952,1,0.9386880397796631
953,1,0.9431883692741394
954,1,0.9233376979827881
955,1,0.17351825535297394
956,1,0.20037928223609924
957,1,0.9163299798965454
958,1,0.9069000482559204
959,1,0.9382696151733398
960,1,0.8805280923843384
961,1,0.9012391567230225
962,1,0.8247278332710266
963,1,0.8335635662078857
964,1,0.7820900082588196
965,1,0.9220161437988281
966,1,0.7162156105041504
967,1,0.8170153498649597
968,1,0.8884188532829285
969,1,0.9109495282173157
970,1,0.9568704962730408
971,1,0.6563312411308289
972,1,0.84149169921875
973,1,0.8576381206512451
974,1,0.86860191822052
975,1,0.8873103260993958
976,1,0.9257617592811584
977,1,0.864856481552124
978,1,0.809252142906189
979,1,0.7346950769424438
980,1,0.9528803825378418
981,1,0.7284139394760132
982,1,0.7276401519775391
983,1,0.951444149017334
984,1,0.9055716395378113
985,1,0.8924952149391174
986,1,0.8887098431587219
987,1,0.942808985710144
988,1,0.9198142886161804
989,1,0.8645153641700745
990,1,0.9186004400253296
991,1,0.9576523900032043
992,1,0.8315634727478027
993,1,0.8409132957458496
994,1,0.9121641516685486
995,1,0.9265906810760498
996,1,0.9712727665901184
997,1,0.7980218529701233
998,1,0.9566347002983093
999,1,0.8895114660263062
1000,1,0.89434814453125
1001,1,0.86503005027771
1002,1,0.8023452162742615
1003,1,0.8050563931465149
1004,1,0.9651572108268738
1005,1,0.9353928565979004
1006,1,0.9594035148620605
1007,1,0.6356377601623535
1008,1,0.051315486431121826
1009,1,0.9655481576919556
1010,1,0.3113892376422882
1011,1,0.8763151168823242
1012,1,0.5802637338638306
1013,1,0.9555803537368774
1014,1,0.9797738194465637
1015,1,0.9100786447525024
1016,1,0.9527185559272766
1017,1,0.9024964570999146
1018,1,0.8439903259277344
1019,1,0.8165736198425293
1020,1,0.7867407202720642
1021,1,0.7907894253730774
1022,1,0.8705906271934509
1023,1,0.054513510316610336
1024,1,0.9142836332321167
1025,1,0.9277388453483582
1026,1,0.8974165320396423
1027,1,0.8822119235992432
1028,1,0.9097006320953369
1029,1,0.9428570866584778
1030,1,0.9653816819190979
1031,1,0.9478914737701416
1032,1,0.8820154070854187
1033,1,0.9710193276405334
1034,1,0.9897005558013916
1035,1,0.9487868547439575
1036,1,0.9211713075637817
1037,1,0.9384167790412903
1038,1,0.6644223928451538
1039,1,0.6384197473526001
1040,1,0.8304564952850342
1041,1,0.9864315390586853
1042,1,0.9400079846382141
1043,1,0.8750507831573486
1044,1,0.6402137279510498
1045,1,0.8655219078063965
1046,1,0.9874756932258606
1047,1,0.93993079662323
1048,1,0.9176599979400635
1049,1,0.9366890788078308
1050,1,0.8709454536437988
1051,1,0.7442247271537781
1052,1,0.9628581404685974
1053,1,0.9448203444480896
1054,1,0.9779568910598755
1055,1,0.16233636438846588
1056,1,0.24002844095230103
1057,1,0.5926990509033203
1058,1,0.9919237494468689
1059,1,0.7377023100852966
1060,1,0.9759565591812134
1061,1,0.9934669137001038
1062,1,0.5786996483802795
1063,1,0.8602308034896851
1064,1,0.6919103264808655
1065,1,0.7926618456840515
1066,1,0.8552199006080627
1067,1,0.8037254810333252
1068,1,0.8015899658203125
1069,1,0.6936214566230774
1070,1,0.7733168005943298
1071,1,0.9051781296730042
1072,1,0.7142149806022644
1073,1,0.15584537386894226
1074,1,0.8044479489326477
1075,1,0.11845553666353226
1076,1,0.27064040303230286
1077,1,0.5725870728492737
1078,1,0.5890404582023621
1079,1,0.3526799976825714
1080,1,0.7070263624191284
1081,1,0.5099810361862183
1082,1,0.5767788290977478
1083,1,0.5876064896583557
1084,1,0.832899808883667
1085,1,0.6988343596458435
1086,1,0.6543071866035461
1087,1,0.8758589029312134
1088,1,0.44731447100639343
1089,1,0.5271859765052795
1090,1,0.8563376069068909
1091,1,0.870015561580658
1092,1,0.8675804734230042
1093,1,0.15454639494419098
1094,1,0.5826140642166138
1095,1,0.6686561107635498
1096,1,0.7041170001029968
1097,1,0.7888309359550476
1098,1,0.2948038876056671
1099,1,0.6083999872207642
1100,1,0.724364161491394
1101,1,0.49956443905830383
1102,1,0.6420590281486511
1103,1,0.5792174339294434
1104,1,0.7776942849159241
1105,1,0.37407609820365906
1106,1,0.5781114101409912
1107,1,0.5368210077285767
1108,1,0.40948596596717834
1109,1,0.2555134892463684
1110,1,0.8300536274909973
1111,1,0.8770977258682251
1112,1,0.9612035751342773
1113,1,0.4949413239955902
1114,1,0.7249017357826233
1115,1,0.9102587699890137
1116,1,0.26237812638282776
1117,1,0.9239150285720825
1118,1,0.7711969614028931
1119,1,0.9299259185791016
1120,1,0.5827683806419373
1121,1,0.14887303113937378
1122,1,0.9547133445739746
1123,1,0.9590155482292175
1124,1,0.926325798034668
1125,1,0.9455744624137878
1126,1,0.7585372924804688
1127,1,0.8304757475852966
1128,1,0.8680628538131714
1129,1,0.8163598775863647
1130,1,0.9207645654678345
1131,1,0.7047281861305237
1132,1,0.9709667563438416
1133,1,0.8712243437767029
1134,1,0.6650819182395935
1135,1,0.8759021759033203
1136,1,0.7826400399208069
1137,1,0.13955159485340118
1138,1,0.8297855854034424
1139,1,0.8914391398429871
1140,1,0.9192776679992676
1141,1,0.8041599988937378
1142,1,0.9637612700462341
1143,1,0.9356832504272461
1144,1,0.9475700259208679
1145,1,0.9381096363067627
1146,1,0.8348536491394043
1147,1,0.06201675906777382
1148,1,0.3248664140701294
1149,1,0.984307050704956
1150,1,0.906239926815033
1151,1,0.9314042925834656
1152,1,0.9463626742362976
1153,1,0.8677213191986084
1154,1,0.9658892154693604
1155,1,0.9975646734237671
1156,1,0.965386152267456
1157,1,0.9748056530952454
1158,1,0.983169436454773
1159,1,0.9955986738204956
1160,1,0.9732142090797424
1161,1,0.979019045829773
1162,1,0.9879406690597534
1163,1,0.9157100319862366
1164,1,0.9718106389045715
1165,1,0.9831096529960632
1166,1,0.9522561430931091
1167,1,0.9652726054191589
1168,1,0.9582884311676025
1169,1,0.9815884828567505
1170,1,0.16944997012615204
1171,1,0.9026957154273987
1172,1,0.9570154547691345
1173,1,0.7950652837753296
1174,1,0.9818633198738098
1175,1,0.8746625781059265
1176,1,0.9400826096534729
1177,1,0.900894820690155
1178,1,0.8899260759353638
1179,1,0.8748077154159546
1180,1,0.17119579017162323
1181,1,0.9689168930053711
1182,1,0.6873770952224731
1183,1,0.9413859248161316
1184,1,0.9637265205383301
1185,1,0.9677757024765015
1186,1,0.968356728553772
1187,1,0.968020498752594
1188,1,0.912359893321991
1189,1,0.9533765912055969
1190,1,0.3903288245201111
1191,1,0.9138182997703552
1192,1,0.07469158619642258
1193,1,0.31829845905303955
1194,1,0.1170392856001854
1195,1,0.1493406444787979
1196,1,0.5519258379936218
1197,1,0.8583728075027466
1198,1,0.1376904398202896
1199,1,0.25705504417419434
1200,1,0.02387004718184471
1201,1,0.5465344786643982
1202,1,0.9613045454025269
1203,1,0.9795733690261841
1204,1,0.933897078037262
1205,1,0.7319648265838623
1206,1,0.8637941479682922
1207,1,0.9029048085212708
1208,1,0.41304075717926025
1209,1,0.8853644728660583
1210,1,0.7997666001319885
1211,1,0.6422547101974487
1212,1,0.5356431603431702
1213,1,0.8651009798049927
1214,1,0.44629427790641785
1215,1,0.6387741565704346
1216,1,0.8626094460487366
1217,1,0.8265116214752197
1218,1,0.8027632832527161
1219,1,0.5116437673568726
1220,1,0.9320293664932251
1221,1,0.6478095054626465
1222,1,0.7445207834243774
1223,1,0.4978092610836029
1224,1,0.836768627166748
1225,1,0.8579162955284119
1226,1,0.8608763217926025
1227,1,0.38817986845970154
1228,1,0.7846586108207703
1229,1,0.8497908115386963
1230,1,0.8065016865730286
1231,1,0.5142137408256531
1232,1,0.2185170203447342
1233,1,0.6366555094718933
1234,1,0.7628521919250488
1235,1,0.829611599445343
1236,1,0.14568066596984863
1237,1,0.8222226500511169
1238,1,0.5944423675537109
1239,1,0.5686410069465637
1240,1,0.8000229001045227
1241,1,0.42736315727233887
1242,1,0.3450799584388733
1243,1,0.9028139710426331
1244,1,0.575447142124176
1245,1,0.02819039113819599
1246,1,0.8273260593414307
1247,1,0.5290957689285278
1248,1,0.13882917165756226
1249,1,0.8749597072601318
1250,1,0.2547542452812195
1251,1,0.6687366962432861
1252,1,0.501273512840271
1253,1,0.8863174319267273
1254,1,0.7500688433647156
1255,1,0.8907893896102905
1256,1,0.1679980605840683
1257,1,0.6701719760894775
1258,1,0.8007504940032959
1259,1,0.23208381235599518
1260,1,0.9157705903053284
1261,1,0.1605360060930252
1262,1,0.8188128471374512
1263,1,0.10806052386760712
1264,1,0.5111479759216309
1265,1,0.7213709950447083
1266,1,0.1503513753414154
1267,1,0.9301281571388245
1268,1,0.5714676380157471
1269,1,0.8546271920204163
1270,1,0.6126875281333923
1271,1,0.8151562213897705
1272,1,0.11833638697862625
1273,1,0.8076265454292297
1274,1,0.28051236271858215
1275,1,0.49933212995529175
1276,1,0.856537938117981
1277,1,0.7993995547294617
1278,1,0.7262032628059387
1279,1,0.5449903011322021
1280,1,0.04749177023768425
1281,1,0.8721707463264465
1282,1,0.06124966964125633
1283,1,0.7399817705154419
1284,1,0.7237691879272461
1285,1,0.6236395835876465
1286,1,0.848753809928894
1287,1,0.2642236649990082
1288,1,0.6174618601799011
1289,1,0.7494781613349915
1290,1,0.5063531398773193
1291,1,0.8690746426582336
1292,1,0.8711184859275818
1293,1,0.36456745862960815
1294,1,0.5380331873893738
1295,1,0.620907187461853
1296,1,0.5530767440795898
1297,1,0.481598824262619
1298,1,0.9014127850532532
1299,1,0.9760593175888062
1300,1,0.5388903617858887
1301,1,0.8258600234985352
1302,1,0.443188339471817
1303,1,0.5365630388259888
1304,1,0.5674793124198914
1305,1,0.5033234357833862
1306,1,0.8717145919799805
1307,1,0.8730127215385437
1308,1,0.9444547891616821
1309,1,0.5012344717979431
1310,1,0.3667893707752228
1311,1,0.8703004121780396
1312,1,0.6852317452430725
1313,1,0.5108648538589478
1314,1,0.026985669508576393
1315,1,0.15956996381282806
1316,1,0.8051242232322693
1317,1,0.8986287117004395
1318,1,0.5921897292137146
1319,1,0.8091422319412231
1320,1,0.6392141580581665
1321,1,0.6106001734733582
1322,1,0.9193658828735352
1323,1,0.9612715244293213
1324,1,0.9698090553283691
1325,1,0.9204289317131042
1326,1,0.8867194652557373
1327,1,0.9140487909317017
1328,1,0.4933515787124634
1329,1,0.9384863972663879
1330,1,0.9607880711555481
1331,1,0.8497700691223145
1332,1,0.852411150932312
1333,1,0.9415777921676636
1334,1,0.956501841545105
1335,1,0.7961653470993042
1336,1,0.2204933613538742
1337,1,0.8262888789176941
1338,1,0.9784748554229736
1339,1,0.9655954837799072
1340,1,0.914392352104187
1341,1,0.8382235169410706
1342,1,0.897998034954071
1343,1,0.8055249452590942
1344,1,0.6362963318824768
1345,1,0.7645996809005737
1346,1,0.7439802289009094
1347,1,0.6641442179679871
1348,1,0.3725288212299347
1349,1,0.7934717535972595
1350,1,0.9252711534500122
1351,1,0.8086777329444885
1352,1,0.6335797309875488
1353,1,0.7702845335006714
1354,1,0.2936943471431732
1355,1,0.658900797367096
1356,1,0.9761375784873962
1357,1,0.7607904672622681
1358,1,0.7381820678710938
1359,1,0.8615888953208923
1360,1,0.37335944175720215
1361,1,0.910651683807373
1362,1,0.9835962057113647
1363,1,0.9159209728240967
1364,1,0.8207405209541321
1365,1,0.9219676852226257
1366,1,0.6627587676048279
1367,1,0.8626306653022766
1368,1,0.8704138994216919
1369,1,0.8572374582290649
1370,1,0.9547171592712402
1371,1,0.8537634015083313
1372,1,0.8973526954650879
1373,1,0.9723848104476929
1374,1,0.5276904106140137
1375,1,0.8647332787513733
1376,1,0.6295159459114075
1377,1,0.9766671657562256
1378,1,0.5413033366203308
1379,1,0.6079466938972473
1380,1,0.20317275822162628
1381,1,0.9381365776062012
1382,1,0.8890920877456665
1383,1,0.7110292911529541
1384,1,0.9348973631858826
1385,1,0.7843376994132996
1386,1,0.8577773571014404
1387,1,0.9814581274986267
1388,1,0.8349331021308899
1389,1,0.9614578485488892
1390,1,0.9184751510620117
1391,1,0.9855768084526062
1392,1,0.9831416606903076
1393,1,0.7334825992584229
1394,1,0.9758554697036743
1395,1,0.9721622467041016
1396,1,0.9341201186180115
1397,1,0.9154207110404968
1398,1,0.760793924331665
1399,1,0.9857355952262878
1400,1,0.9198771119117737
1401,1,0.8210314512252808
1402,1,0.9649668335914612
1403,1,0.8466276526451111
1404,1,0.9805324673652649
1405,1,0.9940506815910339
1406,1,0.10990551859140396
1407,1,0.9891166090965271
1408,1,0.993861198425293
1409,1,0.9378196001052856
1410,1,0.9467883110046387
1411,1,0.9900603294372559
1412,1,0.9617689847946167
1413,1,0.9920044541358948
1414,1,0.8479974865913391
1415,1,0.8431416153907776
1416,1,0.9958958625793457
1417,1,0.9464630484580994
1418,1,0.9924956560134888
1419,1,0.9454477429389954
1420,1,0.9920834302902222
1421,1,0.9748354554176331
1422,1,0.9042245745658875
1423,1,0.7095224857330322
1424,1,0.21790213882923126
1425,1,0.8249852657318115
1426,1,0.9239340424537659
1427,1,0.9700156450271606
1428,1,0.9790933132171631
1429,1,0.9510843753814697
1430,1,0.9435023665428162
1431,1,0.9382935762405396
1432,1,0.977174699306488
1433,1,0.9122176170349121
1434,1,0.9818830490112305
1435,1,0.910724401473999
1436,1,0.9320643544197083
1437,1,0.8785866498947144
1438,1,0.12096813321113586
1439,1,0.21451690793037415
1440,1,0.9787238836288452
1441,1,0.2164701521396637
1442,1,0.7369605302810669
1443,1,0.982194185256958
1444,1,0.943139374256134
1445,1,0.9245687127113342
1446,1,0.9869706630706787
1447,1,0.511185884475708
1448,1,0.6768657565116882
1449,1,0.9917562007904053
1450,1,0.8267307877540588
1451,1,0.9639765620231628
1452,1,0.986211895942688
1453,1,0.9753499031066895
1454,1,0.8578104376792908
1455,1,0.9838459491729736
1456,1,0.9735827445983887
1457,1,0.9596778154373169
1458,1,0.860906720161438
1459,1,0.9406485557556152
1460,1,0.9566611051559448
1461,1,0.11226113140583038
1462,1,0.9666584730148315
1463,1,0.9772748947143555
1464,1,0.9405417442321777
1465,1,0.9754130840301514
1466,1,0.9771211743354797
1467,1,0.9841824173927307
1468,1,0.9688328504562378
1469,1,0.9838111996650696
1470,1,0.9528158903121948
1471,1,0.9799664616584778
1472,1,0.13737499713897705
1473,1,0.250213086605072
1474,1,0.17751944065093994
1475,1,0.7074215412139893
1476,1,0.7397250533103943
1477,1,0.4885033667087555
1478,1,0.26633477210998535
1479,1,0.7394930720329285
1480,1,0.20186790823936462
1481,1,0.5272482633590698
1482,1,0.3811328709125519
1483,1,0.6953120827674866
1484,1,0.6034343838691711
1485,1,0.7850912809371948
1486,1,0.9775599241256714
1487,1,0.14624524116516113
1488,1,0.6241462230682373
1489,1,0.756702184677124
1490,1,0.8222584128379822
1491,1,0.8537619113922119
1492,1,0.8175515532493591
1493,1,0.95799320936203
1494,1,0.041476838290691376
1495,1,0.5313126444816589
1496,1,0.9080817699432373
1497,1,0.719302237033844
1498,1,0.9678683876991272
1499,1,0.940290093421936
1500,1,0.9687871932983398
1501,1,0.9683663249015808
1502,1,0.6464270353317261
1503,1,0.8327746391296387
1504,1,0.9059234857559204
1505,1,0.9145764112472534
1506,1,0.9491328597068787
1507,1,0.9208344221115112
1508,1,0.6110721826553345
1509,1,0.9935303330421448
1510,1,0.9770328998565674
1511,1,0.9668398499488831
1512,1,0.676548421382904
1513,1,0.9089199900627136
1514,1,0.7771652340888977
1515,1,0.7549400329589844
1516,1,0.890511155128479
1517,1,0.9775050282478333
1518,1,0.8087076544761658
1519,1,0.96574866771698
1520,1,0.9454720616340637
1521,1,0.994122326374054
1522,1,0.9944783449172974
1523,1,0.42012906074523926
1524,1,0.9684154391288757
1525,1,0.965035617351532
1526,1,0.8623177409172058
1527,1,0.7408633828163147
1528,1,0.924860417842865
1529,1,0.9585340619087219
1530,1,0.9633145928382874
1531,1,0.9505512118339539
1532,1,0.131061390042305
1533,1,0.5547387003898621
1534,1,0.9503920674324036
1535,1,0.9020320177078247
1536,1,0.9555760025978088
1537,1,0.8953379988670349
1538,1,0.48030707240104675
1539,1,0.7785248160362244
1540,1,0.28656888008117676
1541,1,0.9507644176483154
1542,1,0.3556482195854187
1543,1,0.9120815992355347
1544,1,0.9324932098388672
1545,1,0.9772318601608276
1546,1,0.9224221110343933
1547,1,0.8308738470077515
1548,1,0.919175386428833
1549,1,0.9306495785713196
1550,1,0.7820155620574951
1551,1,0.8865273594856262
1552,1,0.8896508812904358
1553,1,0.17409242689609528
1554,1,0.8170416355133057
1555,1,0.9658456444740295
1556,1,0.9557694792747498
1557,1,0.7106671929359436
1558,1,0.9173109531402588
1559,1,0.8940768241882324
1560,1,0.9217864871025085
1561,1,0.9561919569969177
1562,1,0.8667926788330078
1563,1,0.9637526273727417
1564,1,0.9260101914405823
1565,1,0.9525296688079834
1566,1,0.9758960008621216
1567,1,0.9846049547195435
1568,1,0.9809516668319702
1569,1,0.9530737400054932
1570,1,0.9248196482658386
1571,1,0.780691921710968
1572,1,0.9875778555870056
1573,1,0.9784884452819824
1574,1,0.9136626124382019
1575,1,0.9298743009567261
1576,1,0.9865052103996277
1577,1,0.9839596152305603
1578,1,0.9650200009346008
1579,1,0.9488899111747742
1580,1,0.9774906635284424
1581,1,0.9214065670967102
1582,1,0.9251811504364014
1583,1,0.976557195186615
1584,1,0.9329550266265869
1585,1,0.8290736079216003
1586,1,0.9464586973190308
1587,1,0.9703244566917419
1588,1,0.9727684259414673
1589,1,0.9605621099472046
1590,1,0.9736376404762268
1591,1,0.9781515598297119
1592,1,0.9781051278114319
1593,1,0.9704801440238953
1594,1,0.9692367315292358
1595,1,0.9802613258361816
1596,1,0.9833248853683472
1597,1,0.9298104643821716
1598,1,0.9928027987480164
1599,1,0.9905411601066589
1600,1,0.970761239528656
1601,1,0.9697783589363098
1602,1,0.9696736335754395
1603,1,0.9209252595901489
1604,1,0.921135425567627
1605,1,0.991096019744873
1606,1,0.9878835082054138
1607,1,0.17366307973861694
1608,1,0.9913517236709595
1609,1,0.648484468460083
1610,1,0.9029708504676819
1611,1,0.9818480014801025
1612,1,0.7447084784507751
1613,1,0.9141412377357483
1614,1,0.9786475896835327
1615,1,0.9854661226272583
1616,1,0.9627451300621033
1617,1,0.9536933898925781
1618,1,0.9853605628013611
1619,1,0.6425241827964783
1620,1,0.2833280563354492
1621,1,0.9214376211166382
1622,1,0.8635483384132385
1623,1,0.9053272008895874
1624,1,0.8282874822616577
1625,1,0.9078782200813293
1626,1,0.9776225090026855
1627,1,0.9907262325286865
1628,1,0.912600576877594
1629,1,0.9880940318107605
1630,1,0.10990551859140396
1631,1,0.9329350590705872
1632,1,0.8314074277877808
1633,1,0.9820804595947266
1634,1,0.9585118293762207
1635,1,0.9024530649185181
1636,1,0.9168883562088013
1637,1,0.947224497795105
1638,1,0.9289798140525818
1639,1,0.9427525997161865
1640,1,0.3815827965736389
1641,1,0.8584403395652771
1642,1,0.9820704460144043
1643,1,0.9824402332305908
1644,1,0.23551715910434723
1645,1,0.6562164425849915
1646,1,0.9939783811569214
1647,1,0.9822235107421875
1648,1,0.8616386651992798
1649,1,0.5538834929466248
1650,1,0.16700291633605957
1651,1,0.15478886663913727
1652,1,0.11813496798276901
1653,1,0.041400499641895294
1654,1,0.3414187431335449
1655,1,0.029103565961122513
1656,1,0.042096592485904694
1657,1,0.22169697284698486
1658,1,0.033923085778951645
1659,1,0.0625477060675621
1660,1,0.14139527082443237
1661,1,0.02480148710310459
1662,1,0.028391921892762184
1663,1,0.04744068160653114
1664,1,0.053268421441316605
1665,1,0.021461019292473793
1666,1,0.9893051385879517
1667,1,0.9902775883674622
1668,1,0.9930979609489441
1669,1,0.950923502445221
1670,1,0.9589062929153442
1671,1,0.6751930713653564
1672,1,0.9814004898071289
1673,1,0.13882917165756226
1674,1,0.10547254979610443
1675,1,0.2423579841852188
1676,1,0.5948311686515808
1677,1,0.9838608503341675
1678,1,0.9938104748725891
1679,1,0.9690817594528198
1680,1,0.9128533005714417
1681,1,0.9807479381561279
1682,1,0.7275821566581726
1683,1,0.9142259359359741
1684,1,0.956992506980896
1685,1,0.9651555418968201
1686,1,0.6624823212623596
1687,1,0.3877928555011749
1688,1,0.863028347492218
1689,1,0.7766860127449036
1690,1,0.19071272015571594
1691,1,0.7998616099357605
1692,1,0.8747785091400146
1693,1,0.975383460521698
1694,1,0.9385197758674622
1695,1,0.5155904293060303
1696,1,0.893688976764679
1697,1,0.9486064314842224
1698,1,0.9077977538108826
1699,1,0.9301701188087463
1700,1,0.9830785393714905
1701,1,0.65695720911026
1702,1,0.9344220161437988
1703,1,0.9890540838241577
1704,1,0.1587831676006317
1705,1,0.9527633786201477
1706,1,0.9129358530044556
1707,1,0.7706530094146729
1708,1,0.44589605927467346
1709,1,0.8881610035896301
1710,1,0.948922872543335
1711,1,0.7761605381965637
1712,1,0.909124493598938
1713,1,0.607719898223877
1714,1,0.9560247659683228
1715,1,0.418529212474823
1716,1,0.9600655436515808
1717,1,0.7608892917633057
1718,1,0.8386195302009583
1719,1,0.8994283080101013
1720,1,0.8556846976280212
1721,1,0.7390781044960022
1722,1,0.8330642580986023
1723,1,0.87877357006073
1724,1,0.9393271803855896
1725,1,0.8843929767608643
1726,1,0.9938122034072876
1727,1,0.5614326000213623
1728,1,0.9860934019088745
1729,1,0.9204971194267273
1730,1,0.8728808760643005
1731,1,0.38089096546173096
1732,1,0.9867663383483887
1733,1,0.9750168323516846
1734,1,0.7955552935600281
1735,1,0.9636006355285645
1736,1,0.40656405687332153
1737,1,0.48058074712753296
1738,1,0.7848192453384399
1739,1,0.9505322575569153
1740,1,0.982424795627594
1741,1,0.9580971598625183
1742,1,0.8724940419197083
1743,1,0.47624942660331726
1744,1,0.4065367579460144
1745,1,0.9847789406776428
1746,1,0.931189775466919
1747,1,0.934784471988678
1748,1,0.7357516288757324
1749,1,0.8001890778541565
1750,1,0.9312041401863098
1751,1,0.9836927056312561
1752,1,0.9105608463287354
1753,1,0.35864365100860596
1754,1,0.9325566291809082
1755,1,0.9733903408050537
1756,1,0.9520555138587952
1757,1,0.10606082528829575
1758,1,0.7398350834846497
1759,1,0.928459882736206
1760,1,0.9799256920814514
1761,1,0.9926568865776062
1762,1,0.9676582217216492
1763,1,0.9379506707191467
1764,1,0.9751198291778564
1765,1,0.8215736746788025
1766,1,0.9708714485168457
1767,1,0.1049126386642456
1768,1,0.991401731967926
1769,1,0.9806020259857178
1770,1,0.9706932902336121
1771,1,0.9648393988609314
1772,1,0.8735992312431335
1773,1,0.9542202949523926
1774,1,0.49189627170562744
1775,1,0.9697871208190918
1776,1,0.9221774935722351
1777,1,0.8821465969085693
1778,1,0.9413095712661743
1779,1,0.9330756068229675
1780,1,0.8437440395355225
1781,1,0.9893993139266968
1782,1,0.9429869055747986
1783,1,0.31154897809028625
1784,1,0.9899739027023315
1785,1,0.9580225348472595
1786,1,0.9933280944824219
1787,1,0.9905663132667542
1788,1,0.9815149903297424
1789,1,0.9529253840446472
1790,1,0.9815425276756287
1791,1,0.9696435332298279
1792,1,0.5250117778778076
1793,1,0.9678905606269836
1794,1,0.993074893951416
1795,1,0.9361767768859863
1796,1,0.9763107299804688
1797,1,0.6780558824539185
1798,1,0.9891237020492554
1799,1,0.9239363074302673
1800,1,0.9012875556945801
1801,1,0.5044114589691162
1802,1,0.6230161190032959
1803,1,0.9093564748764038
1804,1,0.16997113823890686
1805,1,0.9091397523880005
1806,1,0.8721222281455994
1807,1,0.9915981292724609
1808,1,0.8936126232147217
1809,1,0.9706715941429138
1810,1,0.39765477180480957
1811,1,0.1826472282409668
1812,1,0.8944807052612305
1813,1,0.5502489805221558
1814,1,0.9363929629325867
1815,1,0.9371524453163147
1816,1,0.8377500176429749
1817,1,0.9292830228805542
1818,1,0.9759191870689392
1819,1,0.9311820864677429
1820,1,0.539053201675415
1821,1,0.5859074592590332
1822,1,0.7645031809806824
1823,1,0.8492298126220703
1824,1,0.8792704939842224
1825,1,0.7786638736724854
1826,1,0.9520562887191772
1827,1,0.9603912830352783
1828,1,0.9629123210906982
1829,1,0.9529420733451843
1830,1,0.8304235339164734
1831,1,0.780171275138855
1832,1,0.9057249426841736
1833,1,0.9390156269073486
1834,1,0.9970090985298157
1835,1,0.802774965763092
1836,1,0.9961920976638794
1837,1,0.9894722104072571
1838,1,0.18566076457500458
1839,1,0.29181137681007385
1840,1,0.9645065069198608
1841,1,0.13844607770442963
1842,1,0.4666026830673218
1843,1,0.35689690709114075
1844,1,0.7665433883666992
1845,1,0.7709694504737854
1846,1,0.7093445658683777
1847,1,0.9326284527778625
1848,1,0.7984581589698792
1849,1,0.8724282383918762
1850,1,0.8116442561149597
1851,1,0.7887356877326965
1852,1,0.5528049468994141
1853,1,0.9140194058418274
1854,1,0.9320743083953857
1855,1,0.8573614358901978
1856,1,0.8003572225570679
1857,1,0.9836332201957703
1858,1,0.8039235472679138
1859,1,0.9506638050079346
1860,1,0.7827033996582031
1861,1,0.6407111287117004
1862,1,0.9506306052207947
1863,1,0.9919247031211853
1864,1,0.4616971015930176
1865,1,0.6435452103614807
1866,1,0.7276204824447632
1867,1,0.6284900903701782
1868,1,0.9286948442459106
1869,1,0.9648562669754028
1870,1,0.980511486530304
1871,1,0.6060924530029297
1872,1,0.9757895469665527
1873,1,0.8350586295127869
1874,1,0.9547006487846375
1875,1,0.9654206037521362
1876,1,0.9597010612487793
1877,1,0.48558831214904785
1878,1,0.8520488739013672
1879,1,0.8162552714347839
1880,1,0.4905560314655304
1881,1,0.7356463670730591
1882,1,0.44778671860694885
1883,1,0.9396984577178955
1884,1,0.896635890007019
1885,1,0.6901625394821167
1886,1,0.8194634318351746
1887,1,0.7247252464294434
1888,1,0.063405342400074
1889,1,0.8176651000976562
1890,1,0.8798741102218628
1891,1,0.1250261664390564
1892,1,0.22384850680828094
1893,1,0.9085105657577515
1894,1,0.8805401921272278
1895,1,0.870445728302002
1896,1,0.9700506329536438
1897,1,0.9411492347717285
1898,1,0.13160572946071625
1899,1,0.9379234313964844
1900,1,0.10990551859140396
1901,1,0.904556155204773
1902,1,0.8824455142021179
1903,1,0.1374639868736267
1904,1,0.3980844020843506
1905,1,0.9376193284988403
1906,1,0.9656323194503784
1907,1,0.9327260851860046
1908,1,0.9851704239845276
1909,1,0.14048007130622864
1910,1,0.9601864218711853
1911,1,0.2254573553800583
1912,1,0.1398426741361618
1913,1,0.5203997492790222
1914,1,0.021406399086117744
1915,1,0.7837830185890198
1916,1,0.13086849451065063
1917,1,0.6814915537834167
1918,1,0.8481844067573547
1919,1,0.9851581454277039
1920,1,0.9416510462760925
1921,1,0.9127385020256042
1922,1,0.9615975618362427
1923,1,0.9272056818008423
1924,1,0.6460971236228943
1925,1,0.9477819800376892
1926,1,0.9898063540458679
1927,1,0.9677474498748779
1928,1,0.9377132058143616
1929,1,0.6573001146316528
1930,1,0.9590392708778381
1931,1,0.9700496196746826
1932,1,0.959281325340271
1933,1,0.9705632328987122
1934,1,0.9867506623268127
1935,1,0.9783948659896851
1936,1,0.5251239538192749
1937,1,0.562032163143158
1938,1,0.9777341485023499
1939,1,0.9711621403694153
1940,1,0.9328525066375732
1941,1,0.9176656007766724
1942,1,0.8128745555877686
1943,1,0.9460708498954773
1944,1,0.9622396230697632
1945,1,0.5115167498588562
1946,1,0.9804260730743408
1947,1,0.9338057637214661
1948,1,0.9700222611427307
1949,1,0.8689897060394287
1950,1,0.18718351423740387
1951,1,0.8160764575004578
1952,1,0.9497016072273254
1953,1,0.734186589717865
1954,1,0.9717838168144226
1955,1,0.7266159653663635
1956,1,0.9850912690162659
1957,1,0.9514669179916382
1958,1,0.9172338247299194
1959,1,0.9938352108001709
1960,1,0.9925186634063721
1961,1,0.9337315559387207
1962,1,0.9742115139961243
1963,1,0.9845461845397949
1964,1,0.8104446530342102
1965,1,0.6711297035217285
1966,1,0.9495945572853088
1967,1,0.9364721775054932
1968,1,0.9558329582214355
1969,1,0.9928587675094604
1970,1,0.6941214799880981
1971,1,0.9463362097740173
1972,1,0.9467465281486511
1973,1,0.7898271679878235
1974,1,0.9660476446151733
1975,1,0.9824516177177429
1976,1,0.9800073504447937
1977,1,0.26814350485801697
1978,1,0.9767523407936096
1979,1,0.8500636219978333
1980,1,0.6480312943458557
1981,1,0.9653644561767578
1982,1,0.5829424262046814
1983,1,0.4757777154445648
1984,1,0.7268941402435303
1985,1,0.07316598296165466
1986,1,0.7344794273376465
1987,1,0.7522076964378357
1988,1,0.8826120495796204
1989,1,0.7630271911621094
1990,1,0.13434526324272156
1991,0,0.6053960919380188
1992,0,0.08629978448152542
1993,0,0.1138610988855362
1994,0,0.9007090926170349
1995,0,0.036614447832107544
1996,0,0.01099207904189825
1997,0,0.02274932712316513
1998,0,0.026331299915909767
1999,0,0.5484205484390259
2000,0,0.004220637492835522
2001,0,0.7945812344551086
2002,0,0.061810459941625595
2003,0,0.5951796174049377
2004,0,0.006191611289978027
2005,0,0.022713543847203255
2006,0,0.21853356063365936
2007,0,0.8909339308738708
2008,0,0.9567481279373169
2009,0,0.004289910662919283
2010,0,0.1973140388727188
2011,0,0.182948037981987
2012,0,0.06574710458517075
2013,0,0.03268250823020935
2014,0,0.00787032674998045
2015,0,0.014102809131145477
2016,0,0.6315110325813293
2017,0,0.015108402818441391
2018,0,0.005528858397156
2019,0,0.5294545292854309
2020,0,0.013243032619357109
2021,0,0.4347275495529175
2022,0,0.03222965821623802
2023,0,0.9291374683380127
2024,0,0.11036722362041473
2025,0,0.244825080037117
2026,0,0.38303500413894653
2027,0,0.09036166220903397
2028,0,0.0072228615172207355
2029,0,0.06991156190633774
2030,0,0.267683207988739
2031,0,0.12816932797431946
2032,0,0.018450072035193443
2033,0,0.011557064950466156
2034,0,0.22299107909202576
2035,0,0.15843023359775543
2036,0,0.021097704768180847
2037,0,0.15468870103359222
2038,0,0.21368680894374847
2039,0,0.18235383927822113
2040,0,0.07197406142950058
2041,0,0.025177503004670143
2042,0,0.022145235911011696
2043,0,0.5600731372833252
2044,0,0.07363557070493698
2045,0,0.017240338027477264
2046,0,0.00636333879083395
2047,0,0.9292275309562683
2048,0,0.6799033284187317
2049,0,0.8688215017318726
2050,0,0.3480958342552185
2051,0,0.24452710151672363
2052,0,0.07822161912918091
2053,0,0.4188121557235718
2054,0,0.025342745706439018
2055,0,0.10793881118297577
2056,0,0.47143134474754333
2057,0,0.7447178959846497
2058,0,0.04682415723800659
2059,0,0.5625247955322266
2060,0,0.40042251348495483
2061,0,0.10990551859140396
2062,0,0.03855733573436737
2063,0,0.1353456676006317
2064,0,0.06592968106269836
2065,0,0.014204532839357853
2066,0,0.01037399098277092
2067,0,0.012717138975858688
2068,0,0.22925446927547455
2069,0,0.3445650339126587
2070,0,0.01277052704244852
2071,0,0.013440652750432491
2072,0,0.6678357124328613
2073,0,0.00646623969078064
2074,0,0.04982388764619827
2075,0,0.0118140559643507
2076,0,0.037396833300590515
2077,0,0.060789212584495544
2078,0,0.28115731477737427
2079,0,0.9010229110717773
2080,0,0.10160789638757706
2081,0,0.7068848013877869
2082,0,0.5612344145774841
2083,0,0.0071253408677875996
2084,0,0.2672821879386902
2085,0,0.07007110863924026
2086,0,0.013891858048737049
2087,0,0.015057280659675598
2088,0,0.2927459478378296
2089,0,0.5914254784584045
2090,0,0.15999029576778412
2091,0,0.9642269611358643
2092,0,0.003449365496635437
2093,0,0.013833367265760899
2094,0,0.12124887108802795
2095,0,0.37596574425697327
2096,0,0.13266873359680176
2097,0,0.031686048954725266
2098,0,0.42280229926109314
2099,0,0.008958568796515465
2100,0,0.2583893835544586
2101,0,0.022633545100688934
2102,0,0.11324712634086609
2103,0,0.03814748674631119
2104,0,0.05779288709163666
2105,0,0.15166622400283813
2106,0,0.6084772348403931
2107,0,0.013038381934165955
2108,0,0.8993414044380188
2109,0,0.04460067301988602
2110,0,0.01606833189725876
2111,0,0.18221713602542877
2112,0,0.0123780881986022
2113,0,0.5026288032531738
2114,0,0.0033349255099892616
2115,0,0.10001849383115768
2116,0,0.7610073089599609
2117,0,0.5776193737983704
2118,0,0.01393970288336277
2119,0,0.09496128559112549
2120,0,0.003799747908487916
2121,0,0.15604764223098755
2122,0,0.03261125087738037
2123,0,0.010083544068038464
2124,0,0.006529529578983784
2125,0,0.6005293726921082
2126,0,0.8015536665916443
2127,0,0.03319160267710686
2128,0,0.0741860494017601
2129,0,0.39015910029411316
2130,0,0.7873400449752808
2131,0,0.4525606334209442
2132,0,0.004312083125114441
2133,0,0.17722029983997345
2134,0,0.005512103904038668
2135,0,0.13882917165756226
2136,0,0.011749831959605217
2137,0,0.8279327750205994
2138,0,0.6624904274940491
2139,0,0.07079479843378067
2140,0,0.08116466552019119
2141,0,0.6408676505088806
2142,0,0.007455049082636833
2143,0,0.1752442568540573
2144,0,0.938431978225708
2145,0,0.009687269106507301
2146,0,0.06572969257831573
2147,0,0.014497541822493076
2148,0,0.7646740078926086
2149,0,0.008521710522472858
2150,0,0.10990551859140396
2151,0,0.3270223140716553
2152,0,0.005881213583052158
2153,0,0.39784008264541626
2154,0,0.009314869530498981
2155,0,0.3141014873981476
2156,0,0.10176938772201538
2157,0,0.009405896067619324
2158,0,0.024061819538474083
2159,0,0.010626259259879589
2160,0,0.15230445563793182
2161,0,0.8453238010406494
2162,0,0.6447436809539795
2163,0,0.11931543052196503
2164,0,0.007367837242782116
2165,0,0.03336967155337334
2166,0,0.005556297488510609
2167,0,0.012204711325466633
2168,0,0.19943150877952576
2169,0,0.022388141602277756
2170,0,0.8365458846092224
2171,0,0.04721451550722122
2172,0,0.6610820889472961
2173,0,0.4633515477180481
2174,0,0.009401564486324787
2175,0,0.00533274607732892
2176,0,0.8143863081932068
2177,0,0.03413313999772072
2178,0,0.1705101579427719
2179,0,0.8800503015518188
2180,0,0.027758164331316948
2181,0,0.007006870117038488
2182,0,0.09622347354888916
2183,0,0.12488902360200882
2184,0,0.9138004779815674
2185,0,0.03936386480927467
2186,0,0.02102845534682274
2187,0,0.012733601033687592
2188,0,0.06271956115961075
2189,0,0.32633742690086365
2190,0,0.016025012359023094
2191,0,0.2331921011209488
2192,0,0.0348726361989975
2193,0,0.3537316620349884
2194,0,0.836338460445404
2195,0,0.01720930077135563
2196,0,0.8699883818626404
2197,0,0.20420238375663757
2198,0,0.01961607113480568
2199,0,0.7588363885879517
2200,0,0.007429258432239294
2201,0,0.20800213515758514
2202,0,0.007399844005703926
2203,0,0.9839690923690796
2204,0,0.04414192959666252
2205,0,0.009772251360118389
2206,0,0.8011545538902283
2207,0,0.008384952321648598
2208,0,0.028210695832967758
2209,0,0.1486281156539917
2210,0,0.9363263845443726
2211,0,0.0666988417506218
2212,0,0.9568797945976257
2213,0,0.17787803709506989
2214,0,0.510273277759552
2215,0,0.044933855533599854
2216,0,0.0058296299539506435
2217,0,0.12925975024700165
2218,0,0.01918208971619606
2219,0,0.0722610279917717
2220,0,0.5217017531394958
2221,0,0.044533923268318176
2222,0,0.07286576181650162
2223,0,0.0050271302461624146
2224,0,0.016661055386066437
2225,0,0.04234147071838379
2226,0,0.25168538093566895
2227,0,0.16457882523536682
2228,0,0.9547629356384277
2229,0,0.22155439853668213
2230,0,0.5911501049995422
2231,0,0.04943905398249626
2232,0,0.00535182561725378
2233,0,0.3564419448375702
2234,0,0.005318026058375835
2235,0,0.08250043541193008
2236,0,0.7004737854003906
2237,0,0.1026071161031723
2238,0,0.010027311742305756
2239,0,0.8668904304504395
2240,0,0.024811141192913055
2241,0,0.13266506791114807
2242,0,0.026156317442655563
2243,0,0.3560701906681061
2244,0,0.4621787965297699
2245,0,0.1037096306681633
2246,0,0.009453799575567245
2247,0,0.09184347093105316
2248,0,0.5358489155769348
2249,0,0.9354841709136963
2250,0,0.011990996077656746
2251,0,0.05522635206580162
2252,0,0.16873928904533386
2253,0,0.007963882759213448
2254,0,0.6560446619987488
2255,0,0.010983399115502834
2256,0,0.017421970143914223
2257,0,0.2704692780971527
2258,0,0.07911214232444763
2259,0,0.00937253050506115
2260,0,0.731779158115387
2261,0,0.03202921897172928
2262,0,0.03934914618730545
2263,0,0.28625184297561646
2264,0,0.02976895682513714
2265,0,0.1598859429359436
2266,0,0.03941965475678444
2267,0,0.21906203031539917
2268,0,0.008487601764500141
2269,0,0.3973613977432251
2270,0,0.8600814938545227
2271,0,0.010790499858558178
2272,0,0.004943552892655134
2273,0,0.5889450907707214
2274,0,0.029131371527910233
2275,0,0.7515566945075989
2276,0,0.033275119960308075
2277,0,0.003969195764511824
2278,0,0.012700465507805347
2279,0,0.0180255938321352
2280,0,0.215928852558136
2281,0,0.0059189810417592525
2282,0,0.027956729754805565
2283,0,0.47546133399009705
2284,0,0.4151955842971802
2285,0,0.009470582008361816
2286,0,0.9185038208961487
2287,0,0.4706450402736664
2288,0,0.011551091447472572
2289,0,0.6255561709403992
2290,0,0.575581431388855
2291,0,0.059988077729940414
2292,0,0.005430952180176973
2293,0,0.6447969079017639
2294,0,0.1968105286359787
2295,0,0.10406705737113953
2296,0,0.26092657446861267
2297,0,0.5332310795783997
2298,0,0.006866398733109236
2299,0,0.05119626596570015
2300,0,0.8277257084846497
2301,0,0.11736154556274414
2302,0,0.007305440027266741
2303,0,0.6970347166061401
2304,0,0.13731251657009125
2305,0,0.2191629260778427
2306,0,0.19603200256824493
2307,0,0.09234970062971115
2308,0,0.019036397337913513
2309,0,0.011477990075945854
2310,0,0.025607047602534294
2311,0,0.09149531275033951
2312,0,0.008743024431169033
2313,0,0.009062977507710457
2314,0,0.5127355456352234
2315,0,0.1432892233133316
2316,0,0.1607392579317093
2317,0,0.13068658113479614
2318,0,0.10063985735177994
2319,0,0.39326947927474976
2320,0,0.27266621589660645
2321,0,0.8126055002212524
2322,0,0.012411224655807018
2323,0,0.42900970578193665
2324,0,0.006635415367782116
2325,0,0.47079408168792725
2326,0,0.8039350509643555
2327,0,0.011382751166820526
2328,0,0.09374828636646271
2329,0,0.9009356498718262
2330,0,0.005318757612258196
2331,0,0.5201089978218079
2332,0,0.6965540647506714
2333,0,0.5453312397003174
2334,0,0.09862039238214493
2335,0,0.5346380472183228
2336,0,0.045482613146305084
2337,0,0.04716796427965164
2338,0,0.13604672253131866
2339,0,0.4475310444831848
2340,0,0.009912687353789806
2341,0,0.7492926716804504
2342,0,0.07855068147182465
2343,0,0.1545589119195938
2344,0,0.003530171699821949
2345,0,0.8443089723587036
2346,0,0.006429406348615885
2347,0,0.742547869682312
2348,0,0.02696288377046585
2349,0,0.07337985932826996
2350,0,0.06517988443374634
2351,0,0.16748060286045074
2352,0,0.053316231817007065
2353,0,0.12708567082881927
2354,0,0.022610239684581757
2355,0,0.4507231116294861
2356,0,0.2311592400074005
2357,0,0.07155226916074753
2358,0,0.04843588173389435
2359,0,0.0077476296573877335
2360,0,0.005836216267198324
2361,0,0.014395137317478657
2362,0,0.03934133052825928
2363,0,0.007345239166170359
2364,0,0.7485129237174988
2365,0,0.23472580313682556
2366,0,0.00997303705662489
2367,0,0.8975555300712585
2368,0,0.6203778982162476
2369,0,0.44259321689605713
2370,0,0.17745302617549896
2371,0,0.07261631637811661
2372,0,0.2774370312690735
2373,0,0.009461062960326672
2374,0,0.5082718133926392
2375,0,0.0123634934425354
2376,0,0.20291027426719666
2377,0,0.4148208200931549
2378,0,0.319644957780838
2379,0,0.14750216901302338
2380,0,0.4868069589138031
2381,0,0.02255355566740036
2382,0,0.550669252872467
2383,0,0.11056855320930481
2384,0,0.021930210292339325
2385,0,0.6369527578353882
2386,0,0.3012271821498871
2387,0,0.053985994309186935
2388,0,0.12874141335487366
2389,0,0.614806592464447
2390,0,0.08525087684392929
2391,0,0.7173158526420593
2392,0,0.2504064738750458
2393,0,0.08042655885219574
2394,0,0.2576442062854767
2395,0,0.19851051270961761
2396,0,0.007719479966908693
2397,0,0.01909075491130352
2398,0,0.18898455798625946
2399,0,0.012129868380725384
2400,0,0.29052120447158813
2401,0,0.410142719745636
2402,0,0.29222893714904785
2403,0,0.6393275856971741
2404,0,0.005615218076854944
2405,0,0.012250145897269249
2406,0,0.8099228739738464
2407,0,0.7930609583854675
2408,0,0.03843432664871216
2409,0,0.28313350677490234
2410,0,0.285299152135849
2411,0,0.40669095516204834
2412,0,0.3957681953907013
2413,0,0.5871452689170837
2414,0,0.010428755544126034
2415,0,0.23657871782779694
2416,0,0.3563039004802704
2417,0,0.16488608717918396
2418,0,0.007891925051808357
2419,0,0.4180351197719574
2420,0,0.013482386246323586
2421,0,0.7036833167076111
2422,0,0.43452128767967224
2423,0,0.42422500252723694
2424,0,0.1965973973274231
2425,0,0.9078651070594788
2426,0,0.015269549563527107
2427,0,0.017132820561528206
2428,0,0.42046037316322327
2429,0,0.004859289154410362
2430,0,0.004061778541654348
2431,0,0.5181981921195984
2432,0,0.10172293335199356
2433,0,0.003309629624709487
2434,0,0.16934040188789368
2435,0,0.013306571170687675
2436,0,0.05893607437610626
2437,0,0.2870877981185913
2438,0,0.22513580322265625
2439,0,0.0038482355885207653
2440,0,0.16875246167182922
2441,0,0.8089625835418701
2442,0,0.24571989476680756
2443,0,0.006436373107135296
2444,0,0.33894142508506775
2445,0,0.7740089297294617
2446,0,0.0528852678835392
2447,0,0.02397417649626732
2448,0,0.12432748079299927
2449,0,0.20310786366462708
2450,0,0.10123350471258163
2451,0,0.005595276597887278
2452,0,0.599132239818573
2453,0,0.9066563248634338
2454,0,0.9110636711120605
2455,0,0.019661664962768555
2456,0,0.006912994664162397
2457,0,0.09675630927085876
2458,0,0.08869685232639313
2459,0,0.007445513736456633
2460,0,0.6043787002563477
2461,0,0.042893994599580765
2462,0,0.027671944350004196
2463,0,0.03205832466483116
2464,0,0.3195551335811615
2465,0,0.179803267121315
2466,0,0.010618031956255436
2467,0,0.16381368041038513
2468,0,0.03138517588376999
2469,0,0.7486550807952881
2470,0,0.48619014024734497
2471,0,0.09942243248224258
2472,0,0.04375506937503815
2473,0,0.23281987011432648
2474,0,0.2062220424413681
2475,0,0.003245307831093669
2476,0,0.006345818284898996
2477,0,0.2905285954475403
2478,0,0.16354599595069885
2479,0,0.004336127545684576
2480,0,0.13882917165756226
2481,0,0.11226113140583038
2482,0,0.013082914054393768
2483,0,0.3514866530895233
2484,0,0.18107204139232635
2485,0,0.14797477424144745
2486,0,0.14341294765472412
2487,0,0.5935749411582947
2488,0,0.1551629900932312
2489,0,0.5822001099586487
2490,0,0.003704254748299718
2491,0,0.2577788829803467
2492,0,0.1079307571053505
2493,0,0.0607306994497776
2494,0,0.36125648021698
2495,0,0.01663888245820999
2496,0,0.4854080379009247
2497,0,0.11223409324884415
2498,0,0.018313167616724968
2499,0,0.010176735930144787
2500,0,0.752882182598114
2501,0,0.010741868056356907
2502,0,0.1776118129491806
2503,0,0.02023119106888771
2504,0,0.8562248945236206
2505,0,0.22222422063350677
2506,0,0.8180999755859375
2507,0,0.4452247619628906
2508,0,0.04196352884173393
2509,0,0.19373507797718048
2510,0,0.21619762480258942
2511,0,0.7088591456413269
2512,0,0.07953164726495743
2513,0,0.0029956488870084286
2514,0,0.004269407596439123
2515,0,0.1854216307401657
2516,0,0.47572535276412964
2517,0,0.2682393789291382
2518,0,0.005555680952966213
2519,0,0.45655518770217896
2520,0,0.21319209039211273
2521,0,0.13540180027484894
2522,0,0.010094874538481236
2523,0,0.03538929671049118
2524,0,0.7778179049491882
2525,0,0.0935768187046051
2526,0,0.07147180289030075
2527,0,0.44441521167755127
2528,0,0.9338128566741943
2529,0,0.0054875826463103294
2530,0,0.021733110770583153
2531,0,0.13604672253131866
2532,0,0.007094295229762793
2533,0,0.13000454008579254
2534,0,0.060980938374996185
2535,0,0.015334092080593109
2536,0,0.5816543698310852
2537,0,0.02921096235513687
2538,0,0.022087812423706055
2539,0,0.11017932742834091
2540,0,0.043492045253515244
2541,0,0.2148304432630539
2542,0,0.010261689312756062
2543,0,0.28753596544265747
2544,0,0.22891809046268463
2545,0,0.007162340916693211
2546,0,0.005606574472039938
2547,0,0.4323057532310486
2548,0,0.007109896745532751
2549,0,0.049465686082839966
2550,0,0.6322699189186096
2551,0,0.15300171077251434
2552,0,0.04726126417517662
2553,0,0.027574602514505386
2554,0,0.05992016941308975
2555,0,0.13861553370952606
2556,0,0.0670190081000328
2557,0,0.636409342288971
2558,0,0.27135613560676575
2559,0,0.34808623790740967
2560,0,0.029629742726683617
2561,0,0.11312612146139145
2562,0,0.041094034910202026
2563,0,0.9788815975189209
2564,0,0.13882917165756226
2565,0,0.18246863782405853
2566,0,0.3087829351425171
2567,0,0.33164966106414795
2568,0,0.09487875550985336
2569,0,0.0039528608322143555
2570,0,0.03698410838842392
2571,0,0.3867890536785126
2572,0,0.5734085440635681
2573,0,0.01759219542145729
2574,0,0.03696007654070854
2575,0,0.3370266854763031
2576,0,0.013999031856656075
2577,0,0.007860668934881687
2578,0,0.16080468893051147
2579,0,0.3635072708129883
2580,0,0.004875572863966227
2581,0,0.5381476283073425
2582,0,0.2538836896419525
2583,0,0.10078803449869156
2584,0,0.013749392703175545
2585,0,0.30351313948631287
2586,0,0.005332291591912508
2587,0,0.24987483024597168
2588,0,0.08153551816940308
2589,0,0.8424075245857239
2590,0,0.0054868170991539955
2591,0,0.31058618426322937
2592,0,0.08099021017551422
2593,0,0.11226113140583038
2594,0,0.14202392101287842
2595,0,0.011587592773139477
2596,0,0.036333777010440826
2597,0,0.1689547747373581
2598,0,0.10964909195899963
2599,0,0.3390001654624939
2600,0,0.36363422870635986
2601,0,0.13068658113479614
2602,0,0.5858377814292908
2603,0,0.0072150458581745625
2604,0,0.11524391174316406
2605,0,0.176922008395195
2606,0,0.010839181020855904
2607,0,0.7557540535926819
2608,0,0.16381368041038513
2609,0,0.4416784644126892
2610,0,0.0062871756963431835
2611,0,0.17520995438098907
2612,0,0.6764011979103088
2613,0,0.3012825846672058
2614,0,0.033441025763750076
2615,0,0.16112197935581207
2616,0,0.6752853393554688
2617,0,0.06548085808753967
2618,0,0.20094455778598785
2619,0,0.16843923926353455
2620,0,0.0038324089255183935
2621,0,0.017925646156072617
2622,0,0.4006279706954956
2623,0,0.3310246467590332
2624,0,0.00294875493273139
2625,0,0.01971013844013214
2626,0,0.26442214846611023
2627,0,0.004288955125957727
2628,0,0.4688590168952942
2629,0,0.035684309899806976
2630,0,0.013195212930440903
2631,0,0.019437111914157867
2632,0,0.016351912170648575
2633,0,0.6368471384048462
2634,0,0.011767879128456116
2635,0,0.014405369758605957
2636,0,0.39891424775123596
2637,0,0.3785368502140045
2638,0,0.07212472707033157
2639,0,0.3162845969200134
2640,0,0.43860992789268494
2641,0,0.08382059633731842
2642,0,0.011023334227502346
2643,0,0.5874287486076355
2644,0,0.761276364326477
2645,0,0.15929903090000153
2646,0,0.31717073917388916
2647,0,0.9213905930519104
2648,0,0.12884944677352905
2649,0,0.1430337131023407
2650,0,0.7231566309928894
2651,0,0.007177626248449087
2652,0,0.05280384421348572
2653,0,0.14597240090370178
2654,0,0.011536253616213799
2655,0,0.04953896254301071
2656,0,0.32342156767845154
2657,0,0.8556778430938721
2658,0,0.4801889955997467
2659,0,0.16924072802066803
2660,0,0.15584604442119598
2661,0,0.5807932019233704
2662,0,0.023644130676984787
2663,0,0.07768621295690536
2664,0,0.1390807330608368
2665,0,0.4614512622356415
2666,0,0.2762198746204376
2667,0,0.22791536152362823
2668,0,0.10571888834238052
2669,0,0.8004557490348816
2670,0,0.6846789121627808
2671,0,0.5155152082443237
2672,0,0.047694187611341476
2673,0,0.010249245911836624
2674,0,0.024526236578822136
2675,0,0.14321310818195343
2676,0,0.2998271882534027
2677,0,0.22116878628730774
2678,0,0.1430337131023407
2679,0,0.20618228614330292
2680,0,0.1657620519399643
2681,0,0.0638541504740715
2682,0,0.9634421467781067
2683,0,0.44749915599823
2684,0,0.008728575892746449
2685,0,0.006401813123375177
2686,0,0.7303125262260437
2687,0,0.7294694781303406
2688,0,0.29815778136253357
2689,0,0.516442060470581
2690,0,0.2097778022289276
2691,0,0.032827530056238174
2692,0,0.055708885192871094
2693,0,0.12961700558662415
2694,0,0.2678010165691376
2695,0,0.5769963264465332
2696,0,0.8539649844169617
2697,0,0.021844537928700447
2698,0,0.07537254691123962
2699,0,0.4835990071296692
2700,0,0.017407916486263275
2701,0,0.22880524396896362
2702,0,0.6106182932853699
2703,0,0.9022495150566101
2704,0,0.09465254843235016
2705,0,0.005569576285779476
2706,0,0.21160542964935303
2707,0,0.050256188958883286
2708,0,0.026577232405543327
2709,0,0.007194779347628355
2710,0,0.5583853721618652
2711,0,0.003988590091466904
2712,0,0.03666164353489876
2713,0,0.004738624207675457
2714,0,0.0344407893717289
2715,0,0.11226113140583038
2716,0,0.18673095107078552
2717,0,0.06115990877151489
2718,0,0.6642241477966309
2719,0,0.6499825119972229
2720,0,0.23469950258731842
2721,0,0.006505308672785759
2722,0,0.012114769779145718
2723,0,0.22713522613048553
2724,0,0.22009561955928802
2725,0,0.3623914420604706
2726,0,0.007334371563047171
2727,0,0.07455708831548691
2728,0,0.8216206431388855
2729,0,0.35697612166404724
2730,0,0.34294939041137695
2731,0,0.08308747410774231
2732,0,0.019656160846352577
2733,0,0.22968314588069916
2734,0,0.3982475996017456
2735,0,0.05554250627756119
2736,0,0.8495598435401917
2737,0,0.5090020895004272
2738,0,0.14499877393245697
2739,0,0.006502781994640827
2740,0,0.014601686969399452
2741,0,0.6224315166473389
2742,0,0.6116825342178345
2743,0,0.21567396819591522
2744,0,0.06857416778802872
2745,0,0.011122475378215313
2746,0,0.01057955902069807
2747,0,0.3342018127441406
2748,0,0.019032644107937813
2749,0,0.008773812092840672
2750,0,0.08192144334316254
2751,0,0.0058017815463244915
2752,0,0.33200162649154663
2753,0,0.008072503842413425
2754,0,0.0575522817671299
2755,0,0.051543813198804855
2756,0,0.07785569876432419
2757,0,0.004333775024861097
2758,0,0.10990551859140396
2759,0,0.09943852573633194
2760,0,0.7449803948402405
2761,0,0.08260527998209
2762,0,0.010284758172929287
2763,0,0.11028458178043365
2764,0,0.07062076777219772
2765,0,0.34491217136383057
2766,0,0.25777655839920044
2767,0,0.23271745443344116
2768,0,0.024791529402136803
2769,0,0.03496226668357849
2770,0,0.01970444619655609
2771,0,0.27523544430732727
2772,0,0.33269286155700684
2773,0,0.1368129551410675
2774,0,0.027337055653333664
2775,0,0.007105354219675064
2776,0,0.015382860787212849
2777,0,0.13604672253131866
2778,0,0.31113266944885254
2779,0,0.012918168678879738
2780,0,0.011457476764917374
2781,0,0.1820749044418335
2782,0,0.1324038803577423
2783,0,0.7376019358634949
2784,0,0.8711279034614563
2785,0,0.0054804072715342045
2786,0,0.9407231211662292
2787,0,0.011300107464194298
2788,0,0.01677330583333969
2789,0,0.006774683482944965
2790,0,0.1430337131023407
2791,0,0.4539726674556732
2792,0,0.0436328761279583
2793,0,0.08566988259553909
2794,0,0.31597039103507996
2795,0,0.4371543824672699
2796,0,0.03078889288008213
2797,0,0.03340698033571243
2798,0,0.08235722035169601
2799,0,0.004927190952003002
2800,0,0.03703334182500839
2801,0,0.4038565456867218
2802,0,0.20430034399032593
2803,0,0.036843229085206985
2804,0,0.009677187539637089
2805,0,0.003879420692101121
2806,0,0.13882917165756226
2807,0,0.04043133929371834
2808,0,0.02480512671172619
2809,0,0.019124144688248634
2810,0,0.19176703691482544
2811,0,0.3546544313430786
2812,0,0.005902338773012161
2813,0,0.1546468287706375
2814,0,0.026755942031741142
2815,0,0.01726624183356762
2816,0,0.027936173602938652
2817,0,0.042055875062942505
2818,0,0.2785069942474365
2819,0,0.5523102879524231
2820,0,0.061524372547864914
2821,0,0.08185692131519318
2822,0,0.817614734172821
2823,0,0.005989538040012121
2824,0,0.007375262677669525
2825,0,0.22334805130958557
2826,0,0.007233404088765383
2827,0,0.07019568234682083
2828,0,0.17069382965564728
2829,0,0.47731342911720276
2830,0,0.6319543719291687
2831,0,0.01585327461361885
2832,0,0.9322130084037781
2833,0,0.004614098463207483
2834,0,0.02257855422794819
2835,0,0.08770575374364853
2836,0,0.008865642361342907
2837,0,0.0459563210606575
2838,0,0.04711581766605377
2839,0,0.06535688787698746
2840,0,0.4782482385635376
2841,0,0.4345627427101135
2842,0,0.951004147529602
2843,0,0.13054904341697693
2844,0,0.009166269563138485
2845,0,0.19110137224197388
2846,0,0.07394763827323914
2847,0,0.5152061581611633
2848,0,0.07541505992412567
2849,0,0.7600387930870056
2850,0,0.9042026400566101
2851,0,0.8248305320739746
2852,0,0.9687567353248596
2853,0,0.7566561698913574
2854,0,0.29959020018577576
2855,0,0.005718047730624676
2856,0,0.006050753407180309
2857,0,0.6090595126152039
2858,0,0.13027866184711456
2859,0,0.007183982990682125
2860,0,0.10943887382745743
2861,0,0.13068658113479614
2862,0,0.006813914515078068
2863,0,0.14970648288726807
2864,0,0.003831571666523814
2865,0,0.004100916441529989
2866,0,0.08420199900865555
2867,0,0.6097028851509094
2868,0,0.326381653547287
2869,0,0.6404100060462952
2870,0,0.010247030295431614
2871,0,0.030116459354758263
2872,0,0.5311263799667358
2873,0,0.20850223302841187
2874,0,0.7744857668876648
2875,0,0.4660188555717468
2876,0,0.16112710535526276
2877,0,0.12157205492258072
2878,0,0.35905322432518005
2879,0,0.5354285836219788
2880,0,0.01208959985524416
2881,0,0.05833454802632332
2882,0,0.0053800493478775024
2883,0,0.1066594198346138
2884,0,0.6222472786903381
2885,0,0.4378010034561157
2886,0,0.08879142999649048
2887,0,0.2905474901199341
2888,0,0.004838560242205858
2889,0,0.11962248384952545
2890,0,0.004154906142503023
2891,0,0.004531532526016235
2892,0,0.036167629063129425
2893,0,0.7328413724899292
2894,0,0.12795601785182953
2895,0,0.010459749028086662
2896,0,0.5855632424354553
2897,0,0.7832863330841064
2898,0,0.13882917165756226
2899,0,0.4619346857070923
2900,0,0.6043187975883484
2901,0,0.05524968355894089
2902,0,0.012581933289766312
2903,0,0.005963157396763563
2904,0,0.09615499526262283
2905,0,0.006542970892041922
2906,0,0.2054571807384491
2907,0,0.02435363456606865
2908,0,0.016012655571103096
2909,0,0.09052054584026337
2910,0,0.23834338784217834
2911,0,0.5238081812858582
2912,0,0.11045905947685242
2913,0,0.5019131302833557
2914,0,0.22785377502441406
2915,0,0.6244016885757446
2916,0,0.0418613962829113
2917,0,0.2786276638507843
2918,0,0.14020580053329468
2919,0,0.22919593751430511
2920,0,0.11402586102485657
2921,0,0.23061327636241913
2922,0,0.8678614497184753
2923,0,0.7880839109420776
2924,0,0.016315167769789696
2925,0,0.007705561351031065
2926,0,0.5623796582221985
2927,0,0.057624563574790955
2928,0,0.18763872981071472
2929,0,0.033474620431661606
2930,0,0.8397019505500793
2931,0,0.17685146629810333
2932,0,0.561697244644165
2933,0,0.0640944316983223
2934,0,0.01223985105752945
2935,0,0.8529145121574402
2936,0,0.047649797052145004
2937,0,0.5564729571342468
2938,0,0.04646550491452217
2939,0,0.5391727685928345
2940,0,0.00301507581025362
2941,0,0.2318459451198578
2942,0,0.02013533003628254
2943,0,0.803208589553833
2944,0,0.02759758196771145
2945,0,0.555375337600708
2946,0,0.9440040588378906
2947,0,0.7850263118743896
2948,0,0.6858816742897034
2949,0,0.1701432168483734
2950,0,0.22909758985042572
2951,0,0.0033143707551062107
2952,0,0.008848684839904308
2953,0,0.016714097931981087
2954,0,0.07507503032684326
2955,0,0.004276977851986885
2956,0,0.43739745020866394
2957,0,0.8400532603263855
2958,0,0.7477086186408997
2959,0,0.07219994813203812
2960,0,0.20500007271766663
2961,0,0.031660258769989014
2962,0,0.13068658113479614
2963,0,0.011417800560593605
2964,0,0.9246090650558472
2965,0,0.009411121718585491
2966,0,0.9878938794136047
2967,0,0.003373446175828576
2968,0,0.004939921200275421
2969,0,0.22062042355537415
2970,0,0.048259563744068146
2971,0,0.14524433016777039
2972,0,0.004775074776262045
2973,0,0.46925270557403564
2974,0,0.5023705363273621
2975,0,0.6744887828826904
2976,0,0.58640056848526
2977,0,0.08669912070035934
2978,0,0.0739872008562088
2979,0,0.5091760754585266
2980,0,0.007776432204991579
2981,0,0.07000776380300522
2982,0,0.1294158548116684
2983,0,0.012121169827878475
2984,0,0.08125246316194534
2985,0,0.004670328926295042
2986,0,0.028065096586942673
2987,0,0.4700523614883423
2988,0,0.01003756932914257
2989,0,0.05799538269639015
2990,0,0.2642212510108948
2991,0,0.12045589089393616
2992,0,0.10717962682247162
2993,0,0.3085453510284424
2994,0,0.5522419214248657
2995,0,0.004722150508314371
2996,0,0.11704353988170624
2997,0,0.15525901317596436
2998,0,0.6533747315406799
2999,0,0.8295559287071228
3000,0,0.142887681722641
3001,0,0.40248915553092957
3002,0,0.08984699845314026
3003,0,0.04891965910792351
3004,0,0.004244260489940643
3005,0,0.010438159108161926
3006,0,0.027910009026527405
3007,0,0.010002453811466694
3008,0,0.03415915369987488
3009,0,0.01114885974675417
3010,0,0.011179512366652489
3011,0,0.3035229742527008
3012,0,0.6211394667625427
3013,0,0.12805719673633575
3014,0,0.010967737063765526
3015,0,0.07653310149908066
3016,0,0.023901525884866714
3017,0,0.24812951683998108
3018,0,0.5173048973083496
3019,0,0.08773629367351532
3020,0,0.16590659320354462
3021,0,0.0847192332148552
3022,0,0.01596386358141899
3023,0,0.37523195147514343
3024,0,0.18218113481998444
3025,0,0.00851138774305582
3026,0,0.017953593283891678
3027,0,0.11494679003953934
3028,0,0.03674905374646187
3029,0,0.11841164529323578
3030,0,0.32715970277786255
3031,0,0.9624367952346802
3032,0,0.018459543585777283
3033,0,0.5575851202011108
3034,0,0.03142721951007843
3035,0,0.021703572943806648
3036,0,0.07456028461456299
3037,0,0.32884472608566284
3038,0,0.20938776433467865
3039,0,0.27053263783454895
3040,0,0.12438051402568817
3041,0,0.7462053894996643
3042,0,0.03983490914106369
3043,0,0.0354917086660862
3044,0,0.05135016515851021
3045,0,0.1679282933473587
3046,0,0.042752161622047424
3047,0,0.7172001600265503
3048,0,0.017923504114151
3049,0,0.007679172325879335
3050,0,0.08013021945953369
3051,0,0.04770471155643463
3052,0,0.010927768424153328
3053,0,0.9381121397018433
3054,0,0.007240670267492533
3055,0,0.07377807796001434
3056,0,0.03525012359023094
3057,0,0.29065313935279846
3058,0,0.29394569993019104
3059,0,0.1914168894290924
3060,0,0.11226113140583038
3061,0,0.5444859266281128
3062,0,0.0834110751748085
3063,0,0.02862359955906868
3064,0,0.0045601315796375275
3065,0,0.6769894957542419
3066,0,0.18403275310993195
3067,0,0.053346965461969376
3068,0,0.01778413914144039
3069,0,0.05079061910510063
3070,0,0.11890141665935516
3071,0,0.32131263613700867
3072,0,0.16381368041038513
3073,0,0.9360783100128174
3074,0,0.17123878002166748
3075,0,0.20886565744876862
3076,0,0.00721878744661808
3077,0,0.027878418564796448
3078,0,0.6168392300605774
3079,0,0.13029393553733826
3080,0,0.1365184485912323
3081,0,0.0891144722700119
3082,0,0.13882917165756226
3083,0,0.5515063405036926
3084,0,0.005857902579009533
3085,0,0.010195418260991573
3086,0,0.03554002568125725
3087,0,0.0034212989266961813
3088,0,0.005139706190675497
3089,0,0.5403108596801758
3090,0,0.1430337131023407
3091,0,0.06906206905841827
3092,0,0.023606130853295326
3093,0,0.0042020902037620544
3094,0,0.36238160729408264
3095,0,0.012187918648123741
3096,0,0.007625867146998644
3097,0,0.049510058015584946
3098,0,0.13604672253131866
3099,0,0.010579155758023262
3100,0,0.021498894318938255
3101,0,0.38792866468429565
3102,0,0.0058783842250704765
3103,0,0.16005945205688477
3104,0,0.03792652487754822
3105,0,0.9452242255210876
3106,0,0.024910179898142815
3107,0,0.029818478971719742
3108,0,0.1430337131023407
3109,0,0.7758767008781433
3110,0,0.3115834891796112
3111,0,0.3161424398422241
3112,0,0.2798113524913788
3113,0,0.005075505468994379
3114,0,0.05513051524758339
3115,0,0.18598733842372894
3116,0,0.0039933607913553715
3117,0,0.011097291484475136
3118,0,0.6065561175346375
3119,0,0.007692133542150259
3120,0,0.07399812340736389
3121,0,0.042744532227516174
3122,0,0.04663166031241417
3123,0,0.10990551859140396
3124,0,0.42843809723854065
3125,0,0.6368866562843323
3126,0,0.09919531643390656
3127,0,0.008855323307216167
3128,0,0.4250623881816864
3129,0,0.5872281193733215
3130,0,0.025787079706788063
3131,0,0.42152994871139526
3132,0,0.07345984131097794
3133,0,0.01817648857831955
3134,0,0.048043474555015564
3135,0,0.24207311868667603
3136,0,0.0840357095003128
3137,0,0.09785239398479462
3138,0,0.13084129989147186
3139,0,0.8667818307876587
3140,0,0.05659564957022667
3141,0,0.06273193657398224
3142,0,0.21893920004367828
3143,0,0.6400498151779175
3144,0,0.5201817154884338
3145,0,0.22807475924491882
3146,0,0.17659538984298706
3147,0,0.6960275173187256
3148,0,0.10021857917308807
3149,0,0.02512504905462265
3150,0,0.007744898553937674
3151,0,0.10060068964958191
3152,0,0.6935057640075684
3153,0,0.9806273579597473
3154,0,0.0470479354262352
3155,0,0.11391228437423706
3156,0,0.18684998154640198
3157,0,0.007075858302414417
3158,0,0.014149799942970276
3159,0,0.07535114884376526
3160,0,0.196298748254776
3161,0,0.058516912162303925
3162,0,0.035178326070308685
3163,0,0.02170671708881855
3164,0,0.017357639968395233
3165,0,0.10214605182409286
3166,0,0.03280610591173172
3167,0,0.019720058888196945
3168,0,0.13927660882472992
3169,0,0.033894993364810944
3170,0,0.5632530450820923
3171,0,0.618261992931366
3172,0,0.29340457916259766
3173,0,0.6633065342903137
3174,0,0.9884929060935974
3175,0,0.1584828495979309
3176,0,0.2711096704006195
3177,0,0.014734288677573204
3178,0,0.05414310097694397
3179,0,0.015090356580913067
3180,0,0.15562032163143158
3181,0,0.27642133831977844
3182,0,0.3780483305454254
3183,0,0.028232738375663757
3184,0,0.21325309574604034
3185,0,0.03903419151902199
3186,0,0.35456958413124084
3187,0,0.17949876189231873
3188,0,0.01945732906460762
3189,0,0.12904365360736847
3190,0,0.02991347573697567
3191,0,0.009134113788604736
3192,0,0.28975796699523926
3193,0,0.026245322078466415
3194,0,0.023054182529449463
3195,0,0.25386515259742737
3196,0,0.036331068724393845
3197,0,0.06975051015615463
3198,0,0.00616483623161912
3199,0,0.013155474327504635
3200,0,0.011995522305369377
3201,0,0.5221632122993469
3202,0,0.44031164050102234
3203,0,0.006428394932299852
3204,0,0.8570604920387268
3205,0,0.004450546577572823
3206,0,0.7097150087356567
3207,0,0.029440736398100853
3208,0,0.015292137861251831
3209,0,0.21065442264080048
3210,0,0.17441371083259583
3211,0,0.007895385846495628
3212,0,0.38921812176704407
3213,0,0.008228887803852558
3214,0,0.05629879608750343
3215,0,0.08815278112888336
3216,0,0.45868220925331116
3217,0,0.03140415623784065
3218,0,0.2522594630718231
3219,0,0.30596286058425903
3220,0,0.6732556223869324
3221,0,0.0085863983258605
3222,0,0.007836835458874702
3223,0,0.008626947179436684
3224,0,0.14176440238952637
3225,0,0.1430337131023407
3226,0,0.7812238931655884
3227,0,0.004225796554237604
3228,0,0.3779122233390808
3229,0,0.8029350638389587
3230,0,0.1125311404466629
3231,0,0.052207257598638535
3232,0,0.00813879631459713
3233,0,0.027161817997694016
3234,0,0.28898242115974426
3235,0,0.10005618631839752
3236,0,0.0850948840379715
3237,0,0.01326741836965084
3238,0,0.0981757640838623
3239,0,0.1561402827501297
3240,0,0.03387570008635521
3241,0,0.016042616218328476
3242,0,0.3138743042945862
3243,0,0.24279949069023132
3244,0,0.014898767694830894
3245,0,0.02340475097298622
3246,0,0.8605403900146484
3247,0,0.8099411725997925
3248,0,0.6987977027893066
3249,0,0.8504554629325867
3250,0,0.018231036141514778
3251,0,0.34003743529319763
3252,0,0.10990551859140396
3253,0,0.27000534534454346
3254,0,0.5292254090309143
3255,0,0.8838840126991272
3256,0,0.2947365641593933
3257,0,0.06674059480428696
3258,0,0.8761115074157715
3259,0,0.42962488532066345
3260,0,0.14884576201438904
3261,0,0.18824300169944763
3262,0,0.14306846261024475
3263,0,0.8581576943397522
3264,0,0.5340012907981873
3265,0,0.6493470072746277
3266,0,0.010450907982885838
3267,0,0.11367522925138474
3268,0,0.9867614507675171
3269,0,0.02650419995188713
3270,0,0.27977612614631653
3271,0,0.15249720215797424
3272,0,0.9027916193008423
3273,0,0.4650722146034241
3274,0,0.027548572048544884
3275,0,0.025093870237469673
3276,0,0.30615001916885376
3277,0,0.6961972117424011
3278,0,0.10112427175045013
3279,0,0.010077734477818012
3280,0,0.027175389230251312
3281,0,0.008009693585336208
3282,0,0.017837733030319214
3283,0,0.008588079363107681
3284,0,0.011765234172344208
3285,0,0.3260427415370941
3286,0,0.005537910852581263
3287,0,0.25979265570640564
3288,0,0.006960854399949312
3289,0,0.2833280563354492
3290,0,0.8824500441551208
3291,0,0.9111078977584839
3292,0,0.8058006763458252
3293,0,0.3755752742290497
3294,0,0.060298267751932144
3295,0,0.05316074192523956
3296,0,0.009662442840635777
3297,0,0.05180537328124046
3298,0,0.05004461854696274
3299,0,0.07937435060739517
3300,0,0.05516891926527023
3301,0,0.090160071849823
3302,0,0.25950443744659424
3303,0,0.15907792747020721
3304,0,0.16381368041038513
3305,0,0.06300394982099533
3306,0,0.006529421545565128
3307,0,0.4787120819091797
3308,0,0.876073956489563
3309,0,0.19945013523101807
3310,0,0.2698916494846344
3311,0,0.006825742311775684
3312,0,0.08154650032520294
3313,0,0.13375261425971985
3314,0,0.1909814327955246
3315,0,0.1767459660768509
3316,0,0.6832232475280762
3317,0,0.008753308095037937
3318,0,0.11755793541669846
3319,0,0.1644744873046875
3320,0,0.29942476749420166
3321,0,0.534403920173645
3322,0,0.21843518316745758
3323,0,0.92753005027771
3324,0,0.0700700655579567
3325,0,0.04692864790558815
3326,0,0.002746609738096595
3327,0,0.014954453334212303
3328,0,0.5378521084785461
3329,0,0.7116292119026184
3330,0,0.012756245210766792
3331,0,0.03717602789402008
3332,0,0.012842662632465363
3333,0,0.006936151534318924
3334,0,0.586552619934082
3335,0,0.05414532124996185
3336,0,0.3433188796043396
3337,0,0.03971797600388527
3338,0,0.6816136837005615
3339,0,0.17444290220737457
3340,0,0.02313687466084957
3341,0,0.30903032422065735
3342,0,0.2643815875053406
3343,0,0.0297552403062582
3344,0,0.009231015108525753
3345,0,0.9725765585899353
3346,0,0.008079963736236095
3347,0,0.7567257881164551
3348,0,0.525012195110321
3349,0,0.09616679698228836
3350,0,0.18235383927822113
3351,0,0.008376575075089931
3352,0,0.10659514367580414
3353,0,0.8416203856468201
3354,0,0.08440522849559784
3355,0,0.858616828918457
3356,0,0.036517638713121414
3357,0,0.5720952749252319
3358,0,0.17500969767570496
3359,0,0.8685851693153381
3360,0,0.09222742915153503
3361,0,0.05499625578522682
3362,0,0.4864329993724823
3363,0,0.003726814640685916
3364,0,0.009579140692949295
3365,0,0.5305679440498352
3366,0,0.9868446588516235
3367,0,0.012838643975555897
3368,0,0.1790129542350769
3369,0,0.03611323609948158
3370,0,0.6058510541915894
3371,0,0.1534615457057953
3372,0,0.09293782711029053
3373,0,0.1552845686674118
3374,0,0.02653995156288147
3375,0,0.7943402528762817
3376,0,0.11752424389123917
3377,0,0.11084865778684616
3378,0,0.007923699915409088
3379,0,0.5231658816337585
3380,0,0.05165350064635277
3381,0,0.05824108049273491
3382,0,0.2543257176876068
3383,0,0.7473655343055725
3384,0,0.2047504484653473
3385,0,0.005827408283948898
3386,0,0.3676778972148895
3387,0,0.09609676897525787
3388,0,0.020741360262036324
3389,0,0.5781029462814331
3390,0,0.5079312920570374
3391,0,0.01628740504384041
3392,0,0.04715650901198387
3393,0,0.005458989646285772
3394,0,0.2366245687007904
3395,0,0.17325758934020996
3396,0,0.10396486520767212
3397,0,0.8744012117385864
3398,0,0.011489748023450375
3399,0,0.008562389761209488
3400,0,0.027285166084766388
3401,0,0.008107254281640053
3402,0,0.45804160833358765
3403,0,0.6734724044799805
3404,0,0.3164422810077667
3405,0,0.05830621346831322
3406,0,0.004079288803040981
3407,0,0.7111689448356628
3408,0,0.5173317790031433
3409,0,0.2937415540218353
3410,0,0.013405260629951954
3411,0,0.023925939574837685
3412,0,0.4701851010322571
3413,0,0.020315082743763924
3414,0,0.045169632881879807
3415,0,0.13775081932544708
3416,0,0.07790574431419373
3417,0,0.12027397006750107
3418,0,0.020015114918351173
3419,0,0.3023926019668579
3420,0,0.008150930516421795
3421,0,0.01992655172944069
3422,0,0.013963514007627964
3423,0,0.04977260157465935
3424,0,0.1038353219628334
3425,0,0.18350452184677124
3426,0,0.27117687463760376
3427,0,0.6807556748390198
3428,0,0.3526648283004761
3429,0,0.8911462426185608
3430,0,0.05444946140050888
3431,0,0.10031995922327042
3432,0,0.04928288981318474
3433,0,0.009750611148774624
3434,0,0.9743791222572327
3435,0,0.10414973646402359
3436,0,0.10990551859140396
3437,0,0.5803660154342651
3438,0,0.17662473022937775
3439,0,0.2037016749382019
3440,0,0.2896033823490143
3441,0,0.16038602590560913
3442,0,0.054832734167575836
3443,0,0.7653717994689941
3444,0,0.34214547276496887
3445,0,0.45942777395248413
3446,0,0.18303704261779785
3447,0,0.32803359627723694
3448,0,0.46339941024780273
3449,0,0.008855851367115974
3450,0,0.06173286214470863
3451,0,0.002730259206146002
3452,0,0.10550641268491745
3453,0,0.7256181836128235
3454,0,0.0046517993323504925
3455,0,0.12594999372959137
3456,0,0.19874727725982666
3457,0,0.021280571818351746
3458,0,0.6827782392501831
3459,0,0.18844904005527496
3460,0,0.012381702661514282
3461,0,0.031293340027332306
3462,0,0.27564865350723267
3463,0,0.28145989775657654
3464,0,0.2557539641857147
3465,0,0.013363117352128029
3466,0,0.8500661849975586
3467,0,0.027164841070771217
3468,0,0.01275201328098774
3469,0,0.18235383927822113
3470,0,0.13882917165756226
3471,0,0.39655062556266785
3472,0,0.507955014705658
3473,0,0.010706508532166481
3474,0,0.009080277755856514
3475,0,0.8466311693191528
3476,0,0.07932450622320175
3477,0,0.7621874213218689
3478,0,0.012780306860804558
3479,0,0.020340893417596817
3480,0,0.12821218371391296
3481,0,0.48468056321144104
3482,0,0.08624522387981415
3483,0,0.019484184682369232
3484,0,0.29886579513549805
3485,0,0.013888508081436157
3486,0,0.14183814823627472
3487,0,0.13604672253131866
3488,0,0.012960891239345074
3489,0,0.13956952095031738
3490,0,0.3515292704105377
3491,0,0.1950201392173767
3492,0,0.045781366527080536
3493,0,0.03581872954964638
3494,0,0.15580272674560547
3495,0,0.14704446494579315
3496,0,0.15694263577461243
3497,0,0.009225460700690746
3498,0,0.7382184267044067
3499,0,0.14086484909057617
3500,0,0.02387552335858345
3501,0,0.012140116654336452
3502,0,0.9107203483581543
3503,0,0.3958283066749573
3504,0,0.8775173425674438
3505,0,0.014326097443699837
3506,0,0.009747502394020557
3507,0,0.23696750402450562
3508,0,0.25208479166030884
3509,0,0.019338469952344894
3510,0,0.6382421255111694
3511,0,0.017773987725377083
3512,0,0.7589799761772156
3513,0,0.1082250103354454
3514,0,0.21485984325408936
3515,0,0.04018682613968849
3516,0,0.8088107109069824
3517,0,0.07850220054388046
3518,0,0.921379029750824
3519,0,0.38982027769088745
3520,0,0.20609667897224426
3521,0,0.003964060451835394
3522,0,0.10990551859140396
3523,0,0.05665626376867294
3524,0,0.7921571135520935
3525,0,0.7150527834892273
3526,0,0.20707577466964722
3527,0,0.9565535187721252
3528,0,0.10534339398145676
3529,0,0.5063465237617493
3530,0,0.006555058062076569
3531,0,0.05349494516849518
3532,0,0.38749027252197266
3533,0,0.011441204696893692
3534,0,0.16590659320354462
3535,0,0.1508663445711136
3536,0,0.30218949913978577
3537,0,0.43198153376579285
3538,0,0.11541830748319626
3539,0,0.06976131349802017
3540,0,0.0053552077151834965
3541,0,0.035514332354068756
3542,0,0.2411218285560608
3543,0,0.6115108132362366
3544,0,0.06687180697917938
3545,0,0.012794632464647293
3546,0,0.44618308544158936
3547,0,0.278682142496109
3548,0,0.03389355167746544
3549,0,0.013290617614984512
3550,0,0.8451631665229797
3551,0,0.2900223731994629
3552,0,0.12487612664699554
3553,0,0.033483877778053284
3554,0,0.07597974687814713
3555,0,0.11015502363443375
3556,0,0.0045942580327391624
3557,0,0.8317722678184509
3558,0,0.15551401674747467
3559,0,0.986912727355957
3560,0,0.044576358050107956
3561,0,0.3881135880947113
3562,0,0.015427254140377045
3563,0,0.059065401554107666
3564,0,0.1707037091255188
3565,0,0.02390388399362564
3566,0,0.08085103332996368
3567,0,0.008158205077052116
3568,0,0.32837456464767456
3569,0,0.020819637924432755
3570,0,0.6168158650398254
3571,0,0.023331208154559135
3572,0,0.015861334279179573
3573,0,0.3913244605064392
3574,0,0.7612636685371399
3575,0,0.09975994378328323
3576,0,0.016344765201210976
3577,0,0.028956426307559013
3578,0,0.27054399251937866
3579,0,0.23364365100860596
3580,0,0.3460880219936371
3581,0,0.14961065351963043
3582,0,0.13882917165756226
3583,0,0.20982250571250916
3584,0,0.8586183190345764
3585,0,0.009305685758590698
3586,0,0.7121891379356384
3587,0,0.49405258893966675
3588,0,0.38742420077323914
3589,0,0.5171077251434326
3590,0,0.39310383796691895
3591,0,0.014318909496068954
3592,0,0.09609147906303406
3593,0,0.014463096857070923
3594,0,0.826422393321991
3595,0,0.4499870538711548
3596,0,0.015330571681261063
3597,0,0.6820504069328308
3598,0,0.205863818526268
3599,0,0.055430419743061066
3600,0,0.019531896337866783
3601,0,0.1314685344696045
3602,0,0.26396793127059937
3603,0,0.017632631585001945
3604,0,0.03221450746059418
3605,0,0.03724226355552673
3606,0,0.7428680658340454
3607,0,0.11667313426733017
3608,0,0.029343634843826294
3609,0,0.8303900957107544
3610,0,0.018958598375320435
3611,0,0.3281935453414917
3612,0,0.00304388627409935
3613,0,0.06519169360399246
3614,0,0.4685741662979126
3615,0,0.004469877574592829
3616,0,0.23774056136608124
3617,0,0.8921398520469666
3618,0,0.3881135880947113
3619,0,0.03519459441304207
3620,0,0.38508841395378113
3621,0,0.4645636975765228
3622,0,0.09565826505422592
3623,0,0.4512806534767151
3624,0,0.6222885847091675
3625,0,0.06477618217468262
3626,0,0.2840481698513031
3627,0,0.011752815917134285
3628,0,0.005117898341268301
3629,0,0.025194775313138962
3630,0,0.13353776931762695
3631,0,0.735040009021759
3632,0,0.8052888512611389
3633,0,0.8440139293670654
3634,0,0.17696724832057953
3635,0,0.09298993647098541
3636,0,0.03411087766289711
3637,0,0.6657164692878723
3638,0,0.01632074825465679
3639,0,0.42042842507362366
3640,0,0.951732873916626
3641,0,0.01427443791180849
3642,0,0.2879899740219116
3643,0,0.006664999295026064
3644,0,0.20311285555362701
3645,0,0.022796660661697388
3646,0,0.028122322633862495
3647,0,0.16158485412597656
3648,0,0.028480106964707375
3649,0,0.1669340431690216
3650,0,0.005227713380008936
3651,0,0.0354917086660862
3652,0,0.016429180279374123
3653,0,0.8655517101287842
3654,0,0.13068658113479614
3655,0,0.01647345907986164
3656,0,0.1430337131023407
3657,0,0.8732537031173706
3658,0,0.02205808088183403
3659,0,0.48574841022491455
3660,0,0.014839204028248787
3661,0,0.43264368176460266
3662,0,0.12661254405975342
3663,0,0.00827770959585905
3664,0,0.19004568457603455
3665,0,0.056488633155822754
3666,0,0.013247638009488583
3667,0,0.28692805767059326
3668,0,0.015534209087491035
3669,0,0.011209878139197826
3670,0,0.5541579723358154
3671,0,0.5682269334793091
3672,0,0.009335003793239594
3673,0,0.022382492199540138
3674,0,0.24454817175865173
3675,0,0.04528512805700302
3676,0,0.40480566024780273
3677,0,0.019348036497831345
3678,0,0.7443137764930725
3679,0,0.003693951293826103
3680,0,0.005664641037583351
3681,0,0.2942288815975189
3682,0,0.016638390719890594
3683,0,0.005904395133256912
3684,0,0.0070179603062570095
3685,0,0.5345584154129028
3686,0,0.8420026302337646
3687,0,0.026679832488298416
3688,0,0.09859686344861984
3689,0,0.387964129447937
3690,0,0.5982524752616882
3691,0,0.13509145379066467
3692,0,0.13068658113479614
3693,0,0.1430337131023407
3694,0,0.0024554503615945578
3695,0,0.10990551859140396
3696,0,0.08056257665157318
3697,0,0.16679160296916962
3698,0,0.17938639223575592
3699,0,0.08227656781673431
3700,0,0.36467665433883667
3701,0,0.09937722235918045
3702,0,0.052323196083307266
3703,0,0.12494673579931259
3704,0,0.6245396733283997
3705,0,0.1448841094970703
3706,0,0.01885903999209404
3707,0,0.04160892590880394
3708,0,0.009532349184155464
3709,0,0.05910938233137131
3710,0,0.3746252954006195
3711,0,0.014045292511582375
3712,0,0.03331579640507698
3713,0,0.7885560989379883
3714,0,0.3137446939945221
3715,0,0.10538825392723083
3716,0,0.11641097068786621
3717,0,0.49326983094215393
3718,0,0.004924255423247814
3719,0,0.679661750793457
3720,0,0.8376710414886475
3721,0,0.7465102672576904
3722,0,0.6207639575004578
3723,0,0.5109800100326538
3724,0,0.1430337131023407
3725,0,0.7078463435173035
3726,0,0.5270719528198242
3727,0,0.9846775531768799
3728,0,0.06350784003734589
3729,0,0.09418705105781555
3730,0,0.0961591824889183
3731,0,0.011946950107812881
3732,0,0.09099137037992477
3733,0,0.11882083117961884
3734,0,0.2649693787097931
3735,0,0.13498976826667786
3736,0,0.11976747959852219
3737,0,0.005131747107952833
3738,0,0.3069300055503845
3739,0,0.018450003117322922
3740,0,0.3431561291217804
3741,0,0.4087998867034912
3742,0,0.5852060317993164
3743,0,0.13604672253131866
3744,0,0.007651961874216795
3745,0,0.3834015727043152
3746,0,0.1473740041255951
3747,0,0.6426645517349243
3748,0,0.9314075112342834
3749,0,0.10914415866136551
3750,0,0.6847475171089172
3751,0,0.20078139007091522
3752,0,0.04972638934850693
3753,0,0.02261129952967167
3754,0,0.9429949522018433
3755,0,0.31607964634895325
3756,0,0.10801438242197037
3757,0,0.005934016313403845
3758,0,0.7796148061752319
3759,0,0.10870321840047836
3760,0,0.005911063402891159
3761,0,0.08740649372339249
3762,0,0.04787665978074074
3763,0,0.0621739961206913
3764,0,0.03688093274831772
3765,0,0.8440269231796265
3766,0,0.018432538956403732
3767,0,0.034511152654886246
3768,0,0.8552746176719666
3769,0,0.34049853682518005
3770,0,0.7800112962722778
3771,0,0.029684625566005707
3772,0,0.24845153093338013
3773,0,0.6616407036781311
3774,0,0.08052010089159012
3775,0,0.13053613901138306
3776,0,0.19144882261753082
3777,0,0.10547428578138351
3778,0,0.011872030794620514
3779,0,0.7501576542854309
3780,0,0.057306982576847076
3781,0,0.35727980732917786
3782,0,0.6150856614112854
3783,0,0.05344317853450775
3784,0,0.13080957531929016
3785,0,0.0454501248896122
3786,0,0.01828855089843273
3787,0,0.012443195097148418
3788,0,0.6914696097373962
3789,0,0.028372716158628464
3790,0,0.010572169907391071
3791,0,0.02620028331875801
3792,0,0.02583293989300728
3793,0,0.015891581773757935
3794,0,0.07972299307584763
3795,0,0.025618894025683403
3796,0,0.45644235610961914
3797,0,0.011518958956003189
3798,0,0.6759499907493591
3799,0,0.925993025302887
3800,0,0.7007177472114563
3801,0,0.011078647337853909
3802,0,0.015089025720953941
3803,0,0.1403861939907074
3804,0,0.4585578441619873
3805,0,0.01001234631985426
3806,0,0.02649606391787529
3807,0,0.013470505364239216
3808,0,0.2818199694156647
3809,0,0.4165160059928894
3810,0,0.44116371870040894
3811,0,0.3376505374908447
3812,0,0.08667784184217453
3813,0,0.015384471043944359
3814,0,0.18235383927822113
3815,0,0.09241475909948349
3816,0,0.026870347559452057
3817,0,0.007642912212759256
3818,0,0.9690390825271606
3819,0,0.43380603194236755
3820,0,0.07323988527059555
3821,0,0.1826169639825821
3822,0,0.6359205842018127
3823,0,0.005088298115879297
3824,0,0.01018377486616373
3825,0,0.9218057990074158
3826,0,0.1262499839067459
3827,0,0.8281756639480591
3828,0,0.06932725012302399
3829,0,0.018733035773038864
3830,0,0.1522548347711563
3831,0,0.945371150970459
3832,0,0.029970597475767136
3833,0,0.043285269290208817
3834,0,0.3043285310268402
3835,0,0.003910831641405821
3836,0,0.03340459242463112
3837,0,0.06592174619436264
3838,0,0.3738158345222473
3839,0,0.16076600551605225
3840,0,0.05496881529688835
3841,0,0.004048340953886509
3842,0,0.05074441060423851
3843,0,0.07353286445140839
3844,0,0.12852084636688232
3845,0,0.014890051446855068
3846,0,0.006718961521983147
3847,0,0.7425950765609741
3848,0,0.4579177498817444
3849,0,0.21978303790092468
3850,0,0.02135494165122509
3851,0,0.6859053373336792
3852,0,0.11549407243728638
3853,0,0.004271950572729111
3854,0,0.020445704460144043
3855,0,0.004003558773547411
3856,0,0.031045472249388695
3857,0,0.8279242515563965
3858,0,0.0323185920715332
3859,0,0.7479599118232727
3860,0,0.0242182444781065
3861,0,0.12210144847631454
3862,0,0.012922735884785652
3863,0,0.2712159752845764
3864,0,0.24818019568920135
3865,0,0.14401789009571075
3866,0,0.2262779325246811
3867,0,0.14505569636821747
3868,0,0.21514476835727692
3869,0,0.7644742727279663
3870,0,0.08933140337467194
3871,0,0.007813899777829647
3872,0,0.9416466951370239
3873,0,0.33122947812080383
3874,0,0.42763447761535645
3875,0,0.036813173443078995
3876,0,0.37216243147850037
3877,0,0.06267919391393661
3878,0,0.029172517359256744
3879,0,0.12286700308322906
3880,0,0.03434518352150917
3881,0,0.06644746661186218
3882,0,0.19872981309890747
3883,0,0.09517713636159897
3884,0,0.06207616999745369
3885,0,0.10719801485538483
3886,0,0.17798613011837006
3887,0,0.16585882008075714
3888,0,0.16382135450839996
3889,0,0.06582515686750412
3890,0,0.15698233246803284
3891,0,0.11442342400550842
3892,0,0.044964659959077835
3893,0,0.31155869364738464
3894,0,0.6287881135940552
3895,0,0.09204383939504623
3896,0,0.25160178542137146
3897,0,0.10556483268737793
3898,0,0.020662162452936172
3899,0,0.1241213008761406
3900,0,0.009747540578246117
3901,0,0.42109963297843933
3902,0,0.030085571110248566
3903,0,0.019527249038219452
3904,0,0.0032984507270157337
3905,0,0.26266050338745117
3906,0,0.16589416563510895
3907,0,0.11364398151636124
3908,0,0.42858707904815674
3909,0,0.06956818699836731
3910,0,0.01158598717302084
3911,0,0.02073896862566471
3912,0,0.2400255799293518
3913,0,0.14302143454551697
3914,0,0.3871792256832123
3915,0,0.11280864477157593
3916,0,0.020810138434171677
3917,0,0.35468176007270813
3918,0,0.14623674750328064
3919,0,0.5317394137382507
3920,0,0.03403564542531967
3921,0,0.00913972593843937
3922,0,0.8982540965080261
3923,0,0.26194363832473755
3924,0,0.005145634524524212
3925,0,0.04924031347036362
3926,0,0.13281278312206268
3927,0,0.2078290730714798
3928,0,0.1805281788110733
3929,0,0.11272811889648438
3930,0,0.007544759660959244
3931,0,0.9511457681655884
3932,0,0.824945867061615
3933,0,0.010442356579005718
3934,0,0.525213360786438
3935,0,0.9343705773353577
3936,0,0.11228390038013458
3937,0,0.2708321809768677
3938,0,0.03798330947756767
3939,0,0.6662549376487732
3940,0,0.041814278811216354
3941,0,0.3503505289554596
3942,0,0.010076697915792465
3943,0,0.7746180295944214
3944,0,0.9786739945411682
3945,0,0.13880006968975067
3946,0,0.16411739587783813
3947,0,0.18234780430793762
3948,0,0.09694420546293259
3949,0,0.05565667152404785
3950,0,0.725045919418335
3951,0,0.011819690465927124
3952,0,0.38408157229423523
3953,0,0.5712850689888
3954,0,0.03029968962073326
3955,0,0.13071033358573914
3956,0,0.929643988609314
3957,0,0.16382135450839996
3958,0,0.8769701719284058
3959,0,0.18989737331867218
3960,0,0.0941309928894043
3961,0,0.012732503935694695
3962,0,0.06687511503696442
3963,0,0.008347311057150364
3964,0,0.7912480235099792
3965,0,0.14302143454551697
3966,0,0.029694702476263046
3967,0,0.21140436828136444
3968,0,0.06361077725887299
3969,0,0.31219369173049927
3970,0,0.2618294656276703
3971,0,0.9869744777679443
3972,0,0.20435218513011932
3973,0,0.10991079360246658
3974,0,0.006735875271260738
3975,0,0.2750168740749359
3976,0,0.05575861036777496
3977,0,0.14275376498699188
3978,0,0.005755491089075804
3979,0,0.2855456471443176
3980,0,0.0033252856228500605
3981,0,0.13827520608901978
3982,0,0.03682168945670128
3983,1,0.9737870693206787
