index,y_true,y_pred_oof
0,1,0.9585155844688416
1,1,0.8983899354934692
2,1,0.7033820748329163
3,1,0.6761267781257629
4,1,0.5909913182258606
5,1,0.10975059121847153
6,1,0.04830840602517128
7,1,0.6019467115402222
8,1,0.8466199040412903
9,1,0.6530205607414246
10,1,0.7598488926887512
11,1,0.682704746723175
12,1,0.4806407690048218
13,1,0.8746752738952637
14,1,0.8372087478637695
15,1,0.3501488268375397
16,1,0.8537173867225647
17,1,0.3863576352596283
18,1,0.934186577796936
19,1,0.9040500521659851
20,1,0.8646539449691772
21,1,0.988257110118866
22,1,0.7969347238540649
23,1,0.713006854057312
24,1,0.9076626300811768
25,1,0.6252337694168091
26,1,0.44177404046058655
27,1,0.8028388619422913
28,1,0.9608203172683716
29,1,0.9263725280761719
30,1,0.8890494108200073
31,1,0.7826361656188965
32,1,0.8939651846885681
33,1,0.72724449634552
34,1,0.7606909275054932
35,1,0.8543910384178162
36,1,0.9373999834060669
37,1,0.6099973917007446
38,1,0.956515371799469
39,1,0.5577377676963806
40,1,0.9938109517097473
41,1,0.534124493598938
42,1,0.05892930179834366
43,1,0.46216651797294617
44,1,0.8060857653617859
45,1,0.8783341646194458
46,1,0.7469441890716553
47,1,0.8646504878997803
48,1,0.7351263761520386
49,1,0.690622866153717
50,1,0.750800371170044
51,1,0.9387874007225037
52,1,0.8936311602592468
53,1,0.9327265024185181
54,1,0.43499937653541565
55,1,0.9652590751647949
56,1,0.8212162256240845
57,1,0.2531101703643799
58,1,0.11347842961549759
59,1,0.632739782333374
60,1,0.753662109375
61,1,0.7811384797096252
62,1,0.5533578991889954
63,1,0.9140033721923828
64,1,0.7410630583763123
65,1,0.8640772700309753
66,1,0.8149778842926025
67,1,0.5839552879333496
68,1,0.5029343366622925
69,1,0.9423465728759766
70,1,0.6218236684799194
71,1,0.9247843623161316
72,1,0.07395897805690765
73,1,0.42501866817474365
74,1,0.6678167581558228
75,1,0.43887805938720703
76,1,0.8321117162704468
77,1,0.8288253545761108
78,1,0.6759917736053467
79,1,0.42840760946273804
80,1,0.8670457601547241
81,1,0.5082224607467651
82,1,0.9072441458702087
83,1,0.44714170694351196
84,1,0.753753662109375
85,1,0.3800034523010254
86,1,0.9136133790016174
87,1,0.07167787849903107
88,1,0.905033528804779
89,1,0.8965975642204285
90,1,0.6512470841407776
91,1,0.9710412621498108
92,1,0.9150676131248474
93,1,0.729260265827179
94,1,0.9494065642356873
95,1,0.7827717065811157
96,1,0.9232573509216309
97,1,0.9905852675437927
98,1,0.8565275073051453
99,1,0.8835076093673706
100,1,0.747557520866394
101,1,0.9563140273094177
102,1,0.11579740047454834
103,1,0.5746809840202332
104,1,0.8811232447624207
105,1,0.8037819862365723
106,1,0.9263753890991211
107,1,0.8068533539772034
108,1,0.6380541324615479
109,1,0.9785633683204651
110,1,0.97557133436203
111,1,0.987684965133667
112,1,0.970418393611908
113,1,0.6224740743637085
114,1,0.8747423887252808
115,1,0.39215126633644104
116,1,0.41152745485305786
117,1,0.9588655233383179
118,1,0.06587804108858109
119,1,0.412077933549881
120,1,0.8348559141159058
121,1,0.805055558681488
122,1,0.9306442141532898
123,1,0.9485197067260742
124,1,0.9435253143310547
125,1,0.4945276379585266
126,1,0.5887933969497681
127,1,0.44123807549476624
128,1,0.9185405969619751
129,1,0.9629702568054199
130,1,0.9928228855133057
131,1,0.804835855960846
132,1,0.012245727702975273
133,1,0.9698252081871033
134,1,0.7938607931137085
135,1,0.2702086865901947
136,1,0.7680366635322571
137,1,0.9683523774147034
138,1,0.7428493499755859
139,1,0.8791956305503845
140,1,0.4175039529800415
141,1,0.9965642094612122
142,1,0.679636538028717
143,1,0.810600757598877
144,1,0.9800164103507996
145,1,0.6849074959754944
146,1,0.9704185128211975
147,1,0.7906970977783203
148,1,0.9662494659423828
149,1,0.5522918105125427
150,1,0.8897727727890015
151,1,0.8149766325950623
152,1,0.7286821603775024
153,1,0.13648951053619385
154,1,0.8168456554412842
155,1,0.9218182563781738
156,1,0.9743850827217102
157,1,0.9911872744560242
158,1,0.6213881969451904
159,1,0.9089524149894714
160,1,0.9529101252555847
161,1,0.3828924596309662
162,1,0.31303349137306213
163,1,0.5958085060119629
164,1,0.9445907473564148
165,1,0.9513636231422424
166,1,0.9931144118309021
167,1,0.972104549407959
168,1,0.9903305768966675
169,1,0.8122780919075012
170,1,0.29081156849861145
171,1,0.9961607456207275
172,1,0.413266122341156
173,1,0.9437709450721741
174,1,0.1411597579717636
175,1,0.5782873034477234
176,1,0.9264466762542725
177,1,0.9801484942436218
178,1,0.9035786390304565
179,1,0.9946940541267395
180,1,0.7174382209777832
181,1,0.543038010597229
182,1,0.9927553534507751
183,1,0.9775922894477844
184,1,0.8566722869873047
185,1,0.957217276096344
186,1,0.9871534705162048
187,1,0.9712777137756348
188,1,0.2827458083629608
189,1,0.8335273861885071
190,1,0.9949458241462708
191,1,0.9710647463798523
192,1,0.9590941667556763
193,1,0.30618345737457275
194,1,0.66019207239151
195,1,0.9902178645133972
196,1,0.7748080492019653
197,1,0.9707914590835571
198,1,0.7414842844009399
199,1,0.8972004652023315
200,1,0.9666081070899963
201,1,0.7186431288719177
202,1,0.9470569491386414
203,1,0.34842389822006226
204,1,0.9651723504066467
205,1,0.4445872902870178
206,1,0.2402288317680359
207,1,0.691733181476593
208,1,0.7609333395957947
209,1,0.9203475713729858
210,1,0.646360456943512
211,1,0.06242324784398079
212,1,0.04494698345661163
213,1,0.9706354141235352
214,1,0.9745271801948547
215,1,0.8638299703598022
216,1,0.9505398273468018
217,1,0.15642891824245453
218,1,0.9823451638221741
219,1,0.9600815773010254
220,1,0.8045409321784973
221,1,0.9657604694366455
222,1,0.9580578804016113
223,1,0.9754410982131958
224,1,0.970425009727478
225,1,0.6515479683876038
226,1,0.9336763620376587
227,1,0.8903883099555969
228,1,0.33271491527557373
229,1,0.8589521050453186
230,1,0.9575401544570923
231,1,0.12686584889888763
232,1,0.9052700400352478
233,1,0.5028451681137085
234,1,0.9375448822975159
235,1,0.9739049077033997
236,1,0.794158399105072
237,1,0.9813543558120728
238,1,0.9544900059700012
239,1,0.7071551084518433
240,1,0.3411625921726227
241,1,0.9827868938446045
242,1,0.8426840305328369
243,1,0.6933469176292419
244,1,0.062354590743780136
245,1,0.9519538879394531
246,1,0.9931737780570984
247,1,0.4927213788032532
248,1,0.5517138838768005
249,1,0.31871145963668823
250,1,0.9389660358428955
251,1,0.9664496183395386
252,1,0.9593758583068848
253,1,0.5553639531135559
254,1,0.5663777589797974
255,1,0.9837528467178345
256,1,0.8162598609924316
257,1,0.949525773525238
258,1,0.9736335873603821
259,1,0.9262718558311462
260,1,0.8902192115783691
261,1,0.962515652179718
262,1,0.6789699792861938
263,1,0.9876390695571899
264,1,0.9869216680526733
265,1,0.9526976943016052
266,1,0.2915375232696533
267,1,0.8271865248680115
268,1,0.9253044128417969
269,1,0.24321697652339935
270,1,0.31279632449150085
271,1,0.5800838470458984
272,1,0.289350301027298
273,1,0.8215224146842957
274,1,0.23831592500209808
275,1,0.8265262842178345
276,1,0.9386401176452637
277,1,0.48183053731918335
278,1,0.5443930625915527
279,1,0.07929842919111252
280,1,0.3145110607147217
281,1,0.4613584876060486
282,1,0.6808061003684998
283,1,0.5056860446929932
284,1,0.8778542876243591
285,1,0.8355588316917419
286,1,0.5178178548812866
287,1,0.33998316526412964
288,1,0.9452205896377563
289,1,0.6585361957550049
290,1,0.9434968829154968
291,1,0.26484471559524536
292,1,0.46144434809684753
293,1,0.7765474915504456
294,1,0.1363137811422348
295,1,0.490806519985199
296,1,0.9879270195960999
297,1,0.16282698512077332
298,1,0.9479470252990723
299,1,0.6225569844245911
300,1,0.9888756275177002
301,1,0.9951378703117371
302,1,0.46134549379348755
303,1,0.9852123260498047
304,1,0.8113213777542114
305,1,0.5182860493659973
306,1,0.4309301972389221
307,1,0.8668691515922546
308,1,0.9916319251060486
309,1,0.3214418888092041
310,1,0.8074889779090881
311,1,0.30322572588920593
312,1,0.6167995929718018
313,1,0.6391725540161133
314,1,0.9836268424987793
315,1,0.3530389070510864
316,1,0.9566089510917664
317,1,0.8995291590690613
318,1,0.9841024279594421
319,1,0.449628621339798
320,1,0.8731335401535034
321,1,0.8125243782997131
322,1,0.8037527203559875
323,1,0.9844712018966675
324,1,0.678976833820343
325,1,0.9768745303153992
326,1,0.9432594180107117
327,1,0.9226651787757874
328,1,0.9747920632362366
329,1,0.7580612897872925
330,1,0.8634473085403442
331,1,0.8482542634010315
332,1,0.9446669220924377
333,1,0.8810102939605713
334,1,0.8935937881469727
335,1,0.8760293126106262
336,1,0.9875727891921997
337,1,0.951068639755249
338,1,0.9434874057769775
339,1,0.9665859341621399
340,1,0.9860343337059021
341,1,0.9685438871383667
342,1,0.9669463634490967
343,1,0.9914221167564392
344,1,0.9915197491645813
345,1,0.9815566539764404
346,1,0.9893298745155334
347,1,0.9800594449043274
348,1,0.8491487503051758
349,1,0.7575234174728394
350,1,0.6969008445739746
351,1,0.903751015663147
352,1,0.7843343615531921
353,1,0.5645844340324402
354,1,0.31147533655166626
355,1,0.8288495540618896
356,1,0.38732674717903137
357,1,0.9038519263267517
358,1,0.685071587562561
359,1,0.9202421307563782
360,1,0.7010964155197144
361,1,0.9732400178909302
362,1,0.99204421043396
363,1,0.9404687881469727
364,1,0.32619112730026245
365,1,0.9665228128433228
366,1,0.79349285364151
367,1,0.9711413383483887
368,1,0.6899381875991821
369,1,0.894046425819397
370,1,0.9476587772369385
371,1,0.9888321161270142
372,1,0.7323883175849915
373,1,0.9895572066307068
374,1,0.6689795255661011
375,1,0.8657674789428711
376,1,0.9612044095993042
377,1,0.8133917450904846
378,1,0.9046674966812134
379,1,0.7381928563117981
380,1,0.798008382320404
381,1,0.964979350566864
382,1,0.43404754996299744
383,1,0.9669272303581238
384,1,0.9610815644264221
385,1,0.9429876804351807
386,1,0.5779099464416504
387,1,0.7522312998771667
388,1,0.7331534028053284
389,1,0.7180078625679016
390,1,0.6627879738807678
391,1,0.7981715798377991
392,1,0.8313534259796143
393,1,0.21925503015518188
394,1,0.11184372007846832
395,1,0.22469496726989746
396,1,0.734015166759491
397,1,0.3799448609352112
398,1,0.5643263459205627
399,1,0.6764540672302246
400,1,0.606362521648407
401,1,0.7421507835388184
402,1,0.7470741868019104
403,1,0.6190155148506165
404,1,0.9166794419288635
405,1,0.7056640386581421
406,1,0.5858769416809082
407,1,0.8665716052055359
408,1,0.023037366569042206
409,1,0.288176029920578
410,1,0.3930380642414093
411,1,0.7811452746391296
412,1,0.9147739410400391
413,1,0.1228129118680954
414,1,0.3544546663761139
415,1,0.6628183722496033
416,1,0.05698762089014053
417,1,0.34295904636383057
418,1,0.782586932182312
419,1,0.6059066653251648
420,1,0.957319974899292
421,1,0.07567527890205383
422,1,0.6029480695724487
423,1,0.3594239354133606
424,1,0.8336623311042786
425,1,0.23753191530704498
426,1,0.6447011828422546
427,1,0.46196988224983215
428,1,0.48413169384002686
429,1,0.9552726149559021
430,1,0.4984809458255768
431,1,0.5031254887580872
432,1,0.49806642532348633
433,1,0.8839977979660034
434,1,0.4387592375278473
435,1,0.8717859983444214
436,1,0.9442298412322998
437,1,0.3771938681602478
438,1,0.9605549573898315
439,1,0.9613116383552551
440,1,0.9321743249893188
441,1,0.9612578749656677
442,1,0.9704487919807434
443,1,0.8044339418411255
444,1,0.8707170486450195
445,1,0.7381930351257324
446,1,0.7275831699371338
447,1,0.8080480098724365
448,1,0.7370715141296387
449,1,0.8692159056663513
450,1,0.7890244126319885
451,1,0.8769277930259705
452,1,0.9779825210571289
453,1,0.9835290908813477
454,1,0.9852504730224609
455,1,0.9719189405441284
456,1,0.9927565455436707
457,1,0.9061694145202637
458,1,0.9786134362220764
459,1,0.9709140658378601
460,1,0.8227105736732483
461,1,0.9440295696258545
462,1,0.9816552996635437
463,1,0.9413049817085266
464,1,0.9707455039024353
465,1,0.9432696104049683
466,1,0.971464991569519
467,1,0.9897196292877197
468,1,0.9447375535964966
469,1,0.8114204406738281
470,1,0.9850287437438965
471,1,0.9592143893241882
472,1,0.9935059547424316
473,1,0.9781675934791565
474,1,0.9442273378372192
475,1,0.9934822916984558
476,1,0.9910606741905212
477,1,0.9927566647529602
478,1,0.9454808831214905
479,1,0.9337157607078552
480,1,0.9610468745231628
481,1,0.9818968772888184
482,1,0.9691601395606995
483,1,0.9384974241256714
484,1,0.7920883297920227
485,1,0.8715985417366028
486,1,0.9807207584381104
487,1,0.9330576062202454
488,1,0.7511764168739319
489,1,0.9354767203330994
490,1,0.8021184206008911
491,1,0.7440403699874878
492,1,0.8962776064872742
493,1,0.8605448007583618
494,1,0.9750462770462036
495,1,0.9117732048034668
496,1,0.5851079821586609
497,1,0.637006938457489
498,1,0.03418908640742302
499,1,0.9886401891708374
500,1,0.7146320343017578
501,1,0.5297442674636841
502,1,0.07816360145807266
503,1,0.8099132776260376
504,1,0.6813103556632996
505,1,0.8979630470275879
506,1,0.7750032544136047
507,1,0.4076121747493744
508,1,0.8949878811836243
509,1,0.673630952835083
510,1,0.3279304504394531
511,1,0.8405560255050659
512,1,0.1158929392695427
513,1,0.36439311504364014
514,1,0.11075102537870407
515,1,0.3929590880870819
516,1,0.013350335881114006
517,1,0.6671122908592224
518,1,0.6454063057899475
519,1,0.9151835441589355
520,1,0.03741122782230377
521,1,0.14552360773086548
522,1,0.14332818984985352
523,1,0.4090578258037567
524,1,0.9648741483688354
525,1,0.11110435426235199
526,1,0.9575614333152771
527,1,0.5074619054794312
528,1,0.31294378638267517
529,1,0.1600842922925949
530,1,0.04025353491306305
531,1,0.23889636993408203
532,1,0.7591099143028259
533,1,0.04614436998963356
534,1,0.9186777472496033
535,1,0.9668471813201904
536,1,0.6835591197013855
537,1,0.4015067517757416
538,1,0.9402852058410645
539,1,0.7169526219367981
540,1,0.6723426580429077
541,1,0.7208527326583862
542,1,0.9056840538978577
543,1,0.5482696294784546
544,1,0.44555383920669556
545,1,0.7408044934272766
546,1,0.7816064357757568
547,1,0.11954087764024734
548,1,0.8639085292816162
549,1,0.9257558584213257
550,1,0.4908193349838257
551,1,0.8327680230140686
552,1,0.43674924969673157
553,1,0.3746551275253296
554,1,0.6536439061164856
555,1,0.8011616468429565
556,1,0.8951905965805054
557,1,0.9103255271911621
558,1,0.13936978578567505
559,1,0.7940322160720825
560,1,0.8566485047340393
561,1,0.660278856754303
562,1,0.6930690407752991
563,1,0.9476526379585266
564,1,0.8934841156005859
565,1,0.8448479175567627
566,1,0.9232490658760071
567,1,0.819611668586731
568,1,0.692581295967102
569,1,0.48026442527770996
570,1,0.8427411913871765
571,1,0.883002519607544
572,1,0.9826399087905884
573,1,0.7361749410629272
574,1,0.9689872860908508
575,1,0.9267365336418152
576,1,0.1712287962436676
577,1,0.9699597954750061
578,1,0.75609290599823
579,1,0.9867227673530579
580,1,0.9920662641525269
581,1,0.9930077791213989
582,1,0.973152220249176
583,1,0.7280336618423462
584,1,0.6793378591537476
585,1,0.020565928891301155
586,1,0.6590302586555481
587,1,0.9944612979888916
588,1,0.7927298545837402
589,1,0.8351230621337891
590,1,0.6322208046913147
591,1,0.5593481063842773
592,1,0.6574353575706482
593,1,0.8454646468162537
594,1,0.9492023587226868
595,1,0.8624261021614075
596,1,0.9577435851097107
597,1,0.8474097847938538
598,1,0.9464370012283325
599,1,0.8029924035072327
600,1,0.9734823107719421
601,1,0.8997148871421814
602,1,0.9305740594863892
603,1,0.9732761979103088
604,1,0.9547085762023926
605,1,0.9760829210281372
606,1,0.9814614653587341
607,1,0.932328999042511
608,1,0.9645923376083374
609,1,0.8152735233306885
610,1,0.5603681206703186
611,1,0.9440329670906067
612,1,0.9749858975410461
613,1,0.8807606101036072
614,1,0.9184830784797668
615,1,0.9073533415794373
616,1,0.987989068031311
617,1,0.9432670474052429
618,1,0.39547237753868103
619,1,0.9030058979988098
620,1,0.685581624507904
621,1,0.8434186577796936
622,1,0.6579948663711548
623,1,0.6978387236595154
624,1,0.8532736897468567
625,1,0.9519332647323608
626,1,0.6434517502784729
627,1,0.6680288910865784
628,1,0.9736889600753784
629,1,0.9703759551048279
630,1,0.9857420921325684
631,1,0.8112730383872986
632,1,0.9667983651161194
633,1,0.5845286250114441
634,1,0.7123550176620483
635,1,0.761252760887146
636,1,0.9589775204658508
637,1,0.5736604928970337
638,1,0.9373838901519775
639,1,0.7489983439445496
640,1,0.7344072461128235
641,1,0.9633525609970093
642,1,0.9280816316604614
643,1,0.9267236590385437
644,1,0.8683702945709229
645,1,0.9134672284126282
646,1,0.9331631660461426
647,1,0.8614423871040344
648,1,0.9760259389877319
649,1,0.8096092939376831
650,1,0.9722108840942383
651,1,0.9799968004226685
652,1,0.8723426461219788
653,1,0.7421844601631165
654,1,0.6445069313049316
655,1,0.6503148674964905
656,1,0.8634944558143616
657,1,0.8233262896537781
658,1,0.9174053072929382
659,1,0.9751767516136169
660,1,0.02148655615746975
661,1,0.695206344127655
662,1,0.9573068618774414
663,1,0.9666928648948669
664,1,0.7511403560638428
665,1,0.9676169157028198
666,1,0.9667170643806458
667,1,0.9535039067268372
668,1,0.7749243974685669
669,1,0.8253649473190308
670,1,0.7396726608276367
671,1,0.9863771796226501
672,1,0.9111852049827576
673,1,0.9673136472702026
674,1,0.9908304214477539
675,1,0.9797012805938721
676,1,0.9928633570671082
677,1,0.9891574382781982
678,1,0.7185927629470825
679,1,0.9899947643280029
680,1,0.9135500192642212
681,1,0.9679762721061707
682,1,0.935355544090271
683,1,0.9494520425796509
684,1,0.9788846969604492
685,1,0.9833447337150574
686,1,0.9889651536941528
687,1,0.23711207509040833
688,1,0.7220737338066101
689,1,0.9448851346969604
690,1,0.9783927202224731
691,1,0.8963502645492554
692,1,0.959551215171814
693,1,0.9344139695167542
694,1,0.8999693393707275
695,1,0.7749428749084473
696,1,0.668879508972168
697,1,0.9501469731330872
698,1,0.9787400960922241
699,1,0.9869938492774963
700,1,0.6698769927024841
701,1,0.9354357719421387
702,1,0.6195685863494873
703,1,0.953535258769989
704,1,0.7611406445503235
705,1,0.9314273595809937
706,1,0.5236027240753174
707,1,0.3235359787940979
708,1,0.9413899183273315
709,1,0.9922106266021729
710,1,0.9575896859169006
711,1,0.5803502202033997
712,1,0.2277660220861435
713,1,0.7623204588890076
714,1,0.21370533108711243
715,1,0.8925067782402039
716,1,0.4706359803676605
717,1,0.1466856449842453
718,1,0.08387908339500427
719,1,0.5005767345428467
720,1,0.22573567926883698
721,1,0.02527555264532566
722,1,0.3303643465042114
723,1,0.15337751805782318
724,1,0.4397418200969696
725,1,0.9473231434822083
726,1,0.09544359892606735
727,1,0.8026378154754639
728,1,0.6300789713859558
729,1,0.25401100516319275
730,1,0.06479936838150024
731,1,0.20392271876335144
732,1,0.957319974899292
733,1,0.3142099678516388
734,1,0.16821719706058502
735,1,0.595729410648346
736,1,0.11439967900514603
737,1,0.9568604230880737
738,1,0.7561295628547668
739,1,0.20874956250190735
740,1,0.8278164267539978
741,1,0.7748671770095825
742,1,0.31764793395996094
743,1,0.24259357154369354
744,1,0.37323328852653503
745,1,0.3238082528114319
746,1,0.5717391967773438
747,1,0.8041657209396362
748,1,0.961433470249176
749,1,0.7684797644615173
750,1,0.878631055355072
751,1,0.2656267285346985
752,1,0.637408971786499
753,1,0.8109185099601746
754,1,0.9068273305892944
755,1,0.8714722394943237
756,1,0.89496910572052
757,1,0.7527941465377808
758,1,0.38317111134529114
759,1,0.8252812623977661
760,1,0.8053626418113708
761,1,0.6308236122131348
762,1,0.8788892030715942
763,1,0.40449440479278564
764,1,0.8139922022819519
765,1,0.15716151893138885
766,1,0.9197407960891724
767,1,0.44334280490875244
768,1,0.36824268102645874
769,1,0.6911799311637878
770,1,0.5412488579750061
771,1,0.788050651550293
772,1,0.791354238986969
773,1,0.8094154596328735
774,1,0.21208956837654114
775,1,0.6699977517127991
776,1,0.9491050243377686
777,1,0.5691002607345581
778,1,0.8906491994857788
779,1,0.8446757197380066
780,1,0.9710586667060852
781,1,0.8345821499824524
782,1,0.9058881998062134
783,1,0.7497807145118713
784,1,0.6753014922142029
785,1,0.7450999617576599
786,1,0.5318827033042908
787,1,0.9813739657402039
788,1,0.3772965669631958
789,1,0.8620995283126831
790,1,0.9647802710533142
791,1,0.3941250443458557
792,1,0.14255569875240326
793,1,0.7997824549674988
794,1,0.9932470321655273
795,1,0.800102710723877
796,1,0.8346229195594788
797,1,0.8030929565429688
798,1,0.7619984149932861
799,1,0.8762915730476379
800,1,0.7961257100105286
801,1,0.8315468430519104
802,1,0.8352758884429932
803,1,0.9117483496665955
804,1,0.9089481830596924
805,1,0.8662822842597961
806,1,0.8408730030059814
807,1,0.9188424348831177
808,1,0.8997905850410461
809,1,0.6325870156288147
810,1,0.7857564687728882
811,1,0.9143462777137756
812,1,0.7024145722389221
813,1,0.27352574467658997
814,1,0.305904746055603
815,1,0.929181694984436
816,1,0.7808928489685059
817,1,0.9588703513145447
818,1,0.8854557871818542
819,1,0.9717128872871399
820,1,0.9795011878013611
821,1,0.9241684079170227
822,1,0.8311924934387207
823,1,0.9085597991943359
824,1,0.8829657435417175
825,1,0.764991044998169
826,1,0.8379919528961182
827,1,0.9642096161842346
828,1,0.9188835024833679
829,1,0.9502002000808716
830,1,0.801466166973114
831,1,0.9143931269645691
832,1,0.3988780379295349
833,1,0.9755271673202515
834,1,0.8433462381362915
835,1,0.935949981212616
836,1,0.4362545609474182
837,1,0.8938108682632446
838,1,0.985191285610199
839,1,0.9644882082939148
840,1,0.8934676647186279
841,1,0.9282187223434448
842,1,0.9691791534423828
843,1,0.9851804971694946
844,1,0.9758538007736206
845,1,0.9873691201210022
846,1,0.9938921928405762
847,1,0.9772534966468811
848,1,0.9236121773719788
849,1,0.9287642240524292
850,1,0.9937198162078857
851,1,0.9820762872695923
852,1,0.9726196527481079
853,1,0.9698814153671265
854,1,0.9701770544052124
855,1,0.967285692691803
856,1,0.8099842667579651
857,1,0.2721109092235565
858,1,0.36844050884246826
859,1,0.3043983578681946
860,1,0.8400503396987915
861,1,0.38172101974487305
862,1,0.3894694447517395
863,1,0.8315300345420837
864,1,0.7972034811973572
865,1,0.9831975698471069
866,1,0.8943748474121094
867,1,0.3170301616191864
868,1,0.5103210806846619
869,1,0.8757544159889221
870,1,0.47225823998451233
871,1,0.9714525938034058
872,1,0.948971152305603
873,1,0.8646422624588013
874,1,0.9411351680755615
875,1,0.9690226316452026
876,1,0.7330020666122437
877,1,0.9452387094497681
878,1,0.973115861415863
879,1,0.8670754432678223
880,1,0.5795834064483643
881,1,0.7344542741775513
882,1,0.5003382563591003
883,1,0.6524587273597717
884,1,0.940117359161377
885,1,0.9401106238365173
886,1,0.922955334186554
887,1,0.9655122756958008
888,1,0.4813670217990875
889,1,0.7134078145027161
890,1,0.09150717407464981
891,1,0.7473284602165222
892,1,0.7734176516532898
893,1,0.7972525358200073
894,1,0.9191259741783142
895,1,0.5496826767921448
896,1,0.13252058625221252
897,1,0.24563053250312805
898,1,0.9404751658439636
899,1,0.5706791281700134
900,1,0.19170521199703217
901,1,0.6777774691581726
902,1,0.7883634567260742
903,1,0.5975362658500671
904,1,0.9428672790527344
905,1,0.8927013874053955
906,1,0.6996411085128784
907,1,0.5608128905296326
908,1,0.5451253652572632
909,1,0.7365713119506836
910,1,0.5970808863639832
911,1,0.08602366596460342
912,1,0.3247087299823761
913,1,0.974115252494812
914,1,0.9672813415527344
915,1,0.9821391701698303
916,1,0.7802380323410034
917,1,0.9705078601837158
918,1,0.9521192908287048
919,1,0.9749053120613098
920,1,0.8925226330757141
921,1,0.5085279941558838
922,1,0.6666131615638733
923,1,0.8597422242164612
924,1,0.9405905604362488
925,1,0.9072009921073914
926,1,0.9380329251289368
927,1,0.9441042542457581
928,1,0.9766219258308411
929,1,0.9811883568763733
930,1,0.772454023361206
931,1,0.6781776547431946
932,1,0.7900627255439758
933,1,0.9009783267974854
934,1,0.7262391448020935
935,1,0.8179649710655212
936,1,0.8097873330116272
937,1,0.893183708190918
938,1,0.9213222861289978
939,1,0.9337520599365234
940,1,0.6871965527534485
941,1,0.7299963235855103
942,1,0.8678150773048401
943,1,0.967875063419342
944,1,0.819375216960907
945,1,0.9821245670318604
946,1,0.9710338711738586
947,1,0.6729695200920105
948,1,0.9073951840400696
949,1,0.6958386898040771
950,1,0.9189654588699341
951,1,0.9536487460136414
952,1,0.9786085486412048
953,1,0.9375377893447876
954,1,0.472244530916214
955,1,0.6343193054199219
956,1,0.8830355405807495
957,1,0.9215761423110962
958,1,0.9584916830062866
959,1,0.92616206407547
960,1,0.926240861415863
961,1,0.8753859400749207
962,1,0.8939521908760071
963,1,0.6580561995506287
964,1,0.8869622945785522
965,1,0.6901283860206604
966,1,0.7908577919006348
967,1,0.9382668733596802
968,1,0.9753836989402771
969,1,0.8803263902664185
970,1,0.4571397602558136
971,1,0.9186732172966003
972,1,0.9513558745384216
973,1,0.9500165581703186
974,1,0.9722459316253662
975,1,0.9475463628768921
976,1,0.9699267148971558
977,1,0.6903842091560364
978,1,0.6951801180839539
979,1,0.948025643825531
980,1,0.46047401428222656
981,1,0.6447004079818726
982,1,0.6009151339530945
983,1,0.7190036773681641
984,1,0.8520157337188721
985,1,0.86940598487854
986,1,0.964716911315918
987,1,0.9148285388946533
988,1,0.7764903903007507
989,1,0.9277502298355103
990,1,0.9547477960586548
991,1,0.9645967483520508
992,1,0.6682244539260864
993,1,0.8656606078147888
994,1,0.7765690684318542
995,1,0.9617475271224976
996,1,0.5707515478134155
997,1,0.9438261389732361
998,1,0.9729097485542297
999,1,0.972118616104126
1000,1,0.9676649570465088
1001,1,0.9180329442024231
1002,1,0.7833579778671265
1003,1,0.9913311004638672
1004,1,0.9442784190177917
1005,1,0.909138560295105
1006,1,0.8450266122817993
1007,1,0.2256591022014618
1008,1,0.3282011151313782
1009,1,0.3176560699939728
1010,1,0.9264083504676819
1011,1,0.8852006793022156
1012,1,0.9684360027313232
1013,1,0.9875197410583496
1014,1,0.9701812267303467
1015,1,0.9589933156967163
1016,1,0.9893727898597717
1017,1,0.9883427023887634
1018,1,0.8457657098770142
1019,1,0.7477973103523254
1020,1,0.8054631352424622
1021,1,0.9177348017692566
1022,1,0.3565661609172821
1023,1,0.6750038862228394
1024,1,0.9681232571601868
1025,1,0.9163661599159241
1026,1,0.9756873846054077
1027,1,0.9283762574195862
1028,1,0.9708733558654785
1029,1,0.9963093400001526
1030,1,0.9825674891471863
1031,1,0.9704676866531372
1032,1,0.9967238306999207
1033,1,0.986552894115448
1034,1,0.9857764840126038
1035,1,0.973412036895752
1036,1,0.9759795665740967
1037,1,0.9698096513748169
1038,1,0.8444769978523254
1039,1,0.8831981420516968
1040,1,0.9865161180496216
1041,1,0.9723628163337708
1042,1,0.9777209162712097
1043,1,0.7271059155464172
1044,1,0.6956979036331177
1045,1,0.7798697352409363
1046,1,0.897366464138031
1047,1,0.9598501920700073
1048,1,0.9796968102455139
1049,1,0.8002570271492004
1050,1,0.6952081918716431
1051,1,0.9575744867324829
1052,1,0.9763251543045044
1053,1,0.9932732582092285
1054,1,0.3993014991283417
1055,1,0.3978644013404846
1056,1,0.735935389995575
1057,1,0.989212155342102
1058,1,0.8807941675186157
1059,1,0.9748295545578003
1060,1,0.9807233214378357
1061,1,0.4290107190608978
1062,1,0.7039405107498169
1063,1,0.7017989754676819
1064,1,0.5602480173110962
1065,1,0.5528454184532166
1066,1,0.7723660469055176
1067,1,0.8237208127975464
1068,1,0.662175178527832
1069,1,0.7557477951049805
1070,1,0.9386366605758667
1071,1,0.6211265921592712
1072,1,0.4460929334163666
1073,1,0.8831126689910889
1074,1,0.2493826001882553
1075,1,0.769840657711029
1076,1,0.8555638790130615
1077,1,0.7108407616615295
1078,1,0.40073415637016296
1079,1,0.4345191717147827
1080,1,0.7440086007118225
1081,1,0.7934207320213318
1082,1,0.6634331345558167
1083,1,0.8911041021347046
1084,1,0.6863642930984497
1085,1,0.777265191078186
1086,1,0.8556004762649536
1087,1,0.7010589838027954
1088,1,0.4047962725162506
1089,1,0.7125094532966614
1090,1,0.9412335157394409
1091,1,0.9110681414604187
1092,1,0.49930787086486816
1093,1,0.8259732127189636
1094,1,0.8067637085914612
1095,1,0.9319687485694885
1096,1,0.8985624313354492
1097,1,0.520767867565155
1098,1,0.7383726835250854
1099,1,0.8122968077659607
1100,1,0.709810197353363
1101,1,0.8634606003761292
1102,1,0.49064627289772034
1103,1,0.7868123650550842
1104,1,0.6471331119537354
1105,1,0.5322492122650146
1106,1,0.9291714429855347
1107,1,0.29594141244888306
1108,1,0.19366240501403809
1109,1,0.8972000479698181
1110,1,0.7031388282775879
1111,1,0.9920627474784851
1112,1,0.698340892791748
1113,1,0.5642299056053162
1114,1,0.9321226477622986
1115,1,0.6266912221908569
1116,1,0.4575052261352539
1117,1,0.538568913936615
1118,1,0.9002430438995361
1119,1,0.765552818775177
1120,1,0.4802228808403015
1121,1,0.778742790222168
1122,1,0.660445511341095
1123,1,0.9837709665298462
1124,1,0.9721208810806274
1125,1,0.5828999280929565
1126,1,0.9750670194625854
1127,1,0.8356059193611145
1128,1,0.7988885641098022
1129,1,0.6766175031661987
1130,1,0.840837299823761
1131,1,0.9705886244773865
1132,1,0.38218751549720764
1133,1,0.8043851852416992
1134,1,0.9394038915634155
1135,1,0.6389051079750061
1136,1,0.2320646494626999
1137,1,0.8599889874458313
1138,1,0.9693241715431213
1139,1,0.76455157995224
1140,1,0.6248531937599182
1141,1,0.9678838849067688
1142,1,0.9383419156074524
1143,1,0.9489135146141052
1144,1,0.9478750824928284
1145,1,0.9891095161437988
1146,1,0.016046522185206413
1147,1,0.285750150680542
1148,1,0.9919276237487793
1149,1,0.8613012433052063
1150,1,0.8809307813644409
1151,1,0.9902068972587585
1152,1,0.9899218678474426
1153,1,0.923942506313324
1154,1,0.9927420616149902
1155,1,0.9606284499168396
1156,1,0.969704270362854
1157,1,0.9508345127105713
1158,1,0.9877369403839111
1159,1,0.9517239332199097
1160,1,0.9595282673835754
1161,1,0.9870947003364563
1162,1,0.8778561353683472
1163,1,0.9808134436607361
1164,1,0.9922465085983276
1165,1,0.9674940705299377
1166,1,0.9706528186798096
1167,1,0.9752561450004578
1168,1,0.9730038642883301
1169,1,0.7716302871704102
1170,1,0.8350685834884644
1171,1,0.9648193120956421
1172,1,0.9009032249450684
1173,1,0.9434425234794617
1174,1,0.8363676071166992
1175,1,0.9763221740722656
1176,1,0.763188362121582
1177,1,0.7242594957351685
1178,1,0.9868677854537964
1179,1,0.33618754148483276
1180,1,0.9823734760284424
1181,1,0.8350083827972412
1182,1,0.9511693716049194
1183,1,0.9654301404953003
1184,1,0.9682881832122803
1185,1,0.952032208442688
1186,1,0.96793133020401
1187,1,0.954656720161438
1188,1,0.9747326970100403
1189,1,0.28531238436698914
1190,1,0.9768299460411072
1191,1,0.295504093170166
1192,1,0.3998602330684662
1193,1,0.7327878475189209
1194,1,0.1395566463470459
1195,1,0.18155069649219513
1196,1,0.8519757986068726
1197,1,0.08795151859521866
1198,1,0.4685279130935669
1199,1,0.053022079169750214
1200,1,0.6627768874168396
1201,1,0.902077317237854
1202,1,0.9914001226425171
1203,1,0.907875120639801
1204,1,0.47712382674217224
1205,1,0.8514100909233093
1206,1,0.896981418132782
1207,1,0.46043306589126587
1208,1,0.9062679409980774
1209,1,0.8576128482818604
1210,1,0.6417114734649658
1211,1,0.7227655053138733
1212,1,0.9373816847801208
1213,1,0.272960901260376
1214,1,0.36780351400375366
1215,1,0.8766635656356812
1216,1,0.5992087125778198
1217,1,0.6112770438194275
1218,1,0.2025972306728363
1219,1,0.9254987835884094
1220,1,0.6619555354118347
1221,1,0.8596732020378113
1222,1,0.7472999095916748
1223,1,0.8773004412651062
1224,1,0.8803136348724365
1225,1,0.8984870910644531
1226,1,0.16663026809692383
1227,1,0.6861518621444702
1228,1,0.8540688753128052
1229,1,0.3800545334815979
1230,1,0.642592191696167
1231,1,0.28163450956344604
1232,1,0.6622272729873657
1233,1,0.7486927509307861
1234,1,0.8977398872375488
1235,1,0.22327010333538055
1236,1,0.8927295207977295
1237,1,0.7002094984054565
1238,1,0.48319849371910095
1239,1,0.6047699451446533
1240,1,0.4432868957519531
1241,1,0.20853102207183838
1242,1,0.9803776144981384
1243,1,0.5719121098518372
1244,1,0.02059062384068966
1245,1,0.8128165602684021
1246,1,0.4042578637599945
1247,1,0.07663639634847641
1248,1,0.9037333130836487
1249,1,0.5772759318351746
1250,1,0.6608458757400513
1251,1,0.5564694404602051
1252,1,0.9552391171455383
1253,1,0.5427336692810059
1254,1,0.5612140893936157
1255,1,0.5384659171104431
1256,1,0.9200291037559509
1257,1,0.6458930373191833
1258,1,0.15160517394542694
1259,1,0.8993114233016968
1260,1,0.273086816072464
1261,1,0.7861652970314026
1262,1,0.05508078634738922
1263,1,0.50129234790802
1264,1,0.873534083366394
1265,1,0.030505146831274033
1266,1,0.9820084571838379
1267,1,0.40249571204185486
1268,1,0.9339392781257629
1269,1,0.7608934044837952
1270,1,0.9278538823127747
1271,1,0.33174586296081543
1272,1,0.8206918239593506
1273,1,0.4641393721103668
1274,1,0.6425215005874634
1275,1,0.8458842635154724
1276,1,0.7091503739356995
1277,1,0.5682274103164673
1278,1,0.9222398400306702
1279,1,0.16974300146102905
1280,1,0.9504725337028503
1281,1,0.3281421363353729
1282,1,0.4655487835407257
1283,1,0.8189118504524231
1284,1,0.35352325439453125
1285,1,0.8280513882637024
1286,1,0.5748575925827026
1287,1,0.6473906636238098
1288,1,0.8839246034622192
1289,1,0.6614207029342651
1290,1,0.8939594626426697
1291,1,0.917550802230835
1292,1,0.6411987543106079
1293,1,0.5239440202713013
1294,1,0.571771502494812
1295,1,0.4782984256744385
1296,1,0.43637511134147644
1297,1,0.9722422361373901
1298,1,0.12412801384925842
1299,1,0.30201590061187744
1300,1,0.9511928558349609
1301,1,0.8171572089195251
1302,1,0.6172084808349609
1303,1,0.5895211696624756
1304,1,0.15798717737197876
1305,1,0.6987826824188232
1306,1,0.9250191450119019
1307,1,0.9121257662773132
1308,1,0.3797318935394287
1309,1,0.5799951553344727
1310,1,0.8354653120040894
1311,1,0.23554527759552002
1312,1,0.8920927047729492
1313,1,0.12533561885356903
1314,1,0.5680617094039917
1315,1,0.9267274141311646
1316,1,0.9627780318260193
1317,1,0.6563280820846558
1318,1,0.9127383828163147
1319,1,0.5032625794410706
1320,1,0.9648556113243103
1321,1,0.8823232650756836
1322,1,0.8275356292724609
1323,1,0.9717099666595459
1324,1,0.8903053402900696
1325,1,0.8905843496322632
1326,1,0.5992873907089233
1327,1,0.8930936455726624
1328,1,0.7784841656684875
1329,1,0.9631245732307434
1330,1,0.8776599764823914
1331,1,0.877528190612793
1332,1,0.8094289898872375
1333,1,0.7694462537765503
1334,1,0.9109994769096375
1335,1,0.5843415260314941
1336,1,0.7260079383850098
1337,1,0.9024366736412048
1338,1,0.9593033790588379
1339,1,0.8680588006973267
1340,1,0.9301406145095825
1341,1,0.9602835774421692
1342,1,0.9030693173408508
1343,1,0.8319546580314636
1344,1,0.8583529591560364
1345,1,0.9185031056404114
1346,1,0.8533074855804443
1347,1,0.6981129050254822
1348,1,0.8103805184364319
1349,1,0.7087458968162537
1350,1,0.8993257880210876
1351,1,0.6864494681358337
1352,1,0.8103635311126709
1353,1,0.575213611125946
1354,1,0.7852115631103516
1355,1,0.9466009140014648
1356,1,0.7474685907363892
1357,1,0.8844431638717651
1358,1,0.9091755151748657
1359,1,0.6711049675941467
1360,1,0.9415539503097534
1361,1,0.8344016075134277
1362,1,0.9364155530929565
1363,1,0.5068935751914978
1364,1,0.9600818753242493
1365,1,0.44970330595970154
1366,1,0.720038652420044
1367,1,0.7601549625396729
1368,1,0.8265761137008667
1369,1,0.8252735733985901
1370,1,0.7092585563659668
1371,1,0.7525753974914551
1372,1,0.976870059967041
1373,1,0.7971993088722229
1374,1,0.9306703209877014
1375,1,0.6248449087142944
1376,1,0.9642848372459412
1377,1,0.8654206395149231
1378,1,0.8530498147010803
1379,1,0.06140240654349327
1380,1,0.8158705234527588
1381,1,0.9533957839012146
1382,1,0.6081289052963257
1383,1,0.9869066476821899
1384,1,0.8032934665679932
1385,1,0.7825852632522583
1386,1,0.9108568429946899
1387,1,0.6377332806587219
1388,1,0.8050509095191956
1389,1,0.9725053906440735
1390,1,0.9842582941055298
1391,1,0.968586802482605
1392,1,0.6383489966392517
1393,1,0.9939623475074768
1394,1,0.9892882108688354
1395,1,0.846116840839386
1396,1,0.9655308127403259
1397,1,0.9622525572776794
1398,1,0.9718172550201416
1399,1,0.9577606320381165
1400,1,0.8629869818687439
1401,1,0.9811698794364929
1402,1,0.7911597490310669
1403,1,0.8954421877861023
1404,1,0.8907088041305542
1405,1,0.8499336242675781
1406,1,0.9881842136383057
1407,1,0.9696043729782104
1408,1,0.9806578159332275
1409,1,0.993556559085846
1410,1,0.9849271774291992
1411,1,0.8935137391090393
1412,1,0.9364792108535767
1413,1,0.7429471015930176
1414,1,0.9823350310325623
1415,1,0.9140750765800476
1416,1,0.9350243210792542
1417,1,0.9476650953292847
1418,1,0.9893665909767151
1419,1,0.9759333729743958
1420,1,0.9265329837799072
1421,1,0.9413405060768127
1422,1,0.09577333927154541
1423,1,0.9650201797485352
1424,1,0.839188277721405
1425,1,0.9101514220237732
1426,1,0.9838946461677551
1427,1,0.954282283782959
1428,1,0.9704091548919678
1429,1,0.9522875547409058
1430,1,0.9787656664848328
1431,1,0.938559353351593
1432,1,0.9962553977966309
1433,1,0.24323849380016327
1434,1,0.9814027547836304
1435,1,0.847079336643219
1436,1,0.2954743504524231
1437,1,0.1209884062409401
1438,1,0.9219319224357605
1439,1,0.2501535415649414
1440,1,0.8298715353012085
1441,1,0.8179255127906799
1442,1,0.960931122303009
1443,1,0.9717453122138977
1444,1,0.985127866268158
1445,1,0.6460145115852356
1446,1,0.3776872158050537
1447,1,0.9097303152084351
1448,1,0.9174056053161621
1449,1,0.9689100384712219
1450,1,0.9557853937149048
1451,1,0.8745879530906677
1452,1,0.8873572945594788
1453,1,0.8027632832527161
1454,1,0.9872624278068542
1455,1,0.9886333346366882
1456,1,0.9814183712005615
1457,1,0.9341906309127808
1458,1,0.9919024109840393
1459,1,0.07464174181222916
1460,1,0.9886786341667175
1461,1,0.9620814919471741
1462,1,0.9144198894500732
1463,1,0.9905954599380493
1464,1,0.9918394088745117
1465,1,0.9828284382820129
1466,1,0.956141471862793
1467,1,0.9665014147758484
1468,1,0.9809675812721252
1469,1,0.9943829774856567
1470,1,0.12659268081188202
1471,1,0.3741033673286438
1472,1,0.29905033111572266
1473,1,0.7651622891426086
1474,1,0.613348662853241
1475,1,0.843908965587616
1476,1,0.40449845790863037
1477,1,0.7690017819404602
1478,1,0.5114511251449585
1479,1,0.6716368794441223
1480,1,0.1796340048313141
1481,1,0.43938183784484863
1482,1,0.6364101767539978
1483,1,0.9130170345306396
1484,1,0.9731512069702148
1485,1,0.1477123349905014
1486,1,0.8109078407287598
1487,1,0.6567894220352173
1488,1,0.930971622467041
1489,1,0.8837291598320007
1490,1,0.9543459415435791
1491,1,0.9004048109054565
1492,1,0.02115781605243683
1493,1,0.8043384552001953
1494,1,0.931520938873291
1495,1,0.45700588822364807
1496,1,0.9780258536338806
1497,1,0.9365020990371704
1498,1,0.9840933084487915
1499,1,0.7783939242362976
1500,1,0.9155019521713257
1501,1,0.8760607838630676
1502,1,0.9607887268066406
1503,1,0.985231876373291
1504,1,0.9474564790725708
1505,1,0.8260648250579834
1506,1,0.5423705577850342
1507,1,0.9870900511741638
1508,1,0.9872188568115234
1509,1,0.9171658754348755
1510,1,0.5540196299552917
1511,1,0.9757438898086548
1512,1,0.8927386403083801
1513,1,0.26976001262664795
1514,1,0.9077247977256775
1515,1,0.853547990322113
1516,1,0.5701558589935303
1517,1,0.8544339537620544
1518,1,0.9703152179718018
1519,1,0.9575544595718384
1520,1,0.9506474137306213
1521,1,0.6962926983833313
1522,1,0.9615854620933533
1523,1,0.8707610368728638
1524,1,0.9009965062141418
1525,1,0.8682180047035217
1526,1,0.9784672260284424
1527,1,0.7608591318130493
1528,1,0.8289474248886108
1529,1,0.8373489379882812
1530,1,0.4527888894081116
1531,1,0.6512628197669983
1532,1,0.8515344262123108
1533,1,0.8025331497192383
1534,1,0.9638458490371704
1535,1,0.8595003485679626
1536,1,0.5634242296218872
1537,1,0.8300484418869019
1538,1,0.24981249868869781
1539,1,0.9729148745536804
1540,1,0.302911639213562
1541,1,0.9026699066162109
1542,1,0.869648277759552
1543,1,0.9747959971427917
1544,1,0.8233320116996765
1545,1,0.9291830658912659
1546,1,0.8102743029594421
1547,1,0.8205655813217163
1548,1,0.8495445251464844
1549,1,0.6524718403816223
1550,1,0.723010241985321
1551,1,0.3204003572463989
1552,1,0.8325839638710022
1553,1,0.8845396637916565
1554,1,0.9325560927391052
1555,1,0.7267075777053833
1556,1,0.989316999912262
1557,1,0.9770306348800659
1558,1,0.986578106880188
1559,1,0.9793300032615662
1560,1,0.968319833278656
1561,1,0.8184779286384583
1562,1,0.892078161239624
1563,1,0.9442054033279419
1564,1,0.9892182350158691
1565,1,0.9591405987739563
1566,1,0.9958534240722656
1567,1,0.8396463990211487
1568,1,0.8577346801757812
1569,1,0.8511024713516235
1570,1,0.9828377962112427
1571,1,0.9853405356407166
1572,1,0.9605621099472046
1573,1,0.8753321170806885
1574,1,0.9201258420944214
1575,1,0.9839748740196228
1576,1,0.8854879140853882
1577,1,0.9903525710105896
1578,1,0.9855534434318542
1579,1,0.9809550642967224
1580,1,0.9489081501960754
1581,1,0.9724169373512268
1582,1,0.9798510670661926
1583,1,0.9508074522018433
1584,1,0.7713049054145813
1585,1,0.8254709243774414
1586,1,0.9329745173454285
1587,1,0.980274498462677
1588,1,0.9937088489532471
1589,1,0.9766265749931335
1590,1,0.9683571457862854
1591,1,0.9731504917144775
1592,1,0.9919617772102356
1593,1,0.9911632537841797
1594,1,0.9900930523872375
1595,1,0.7901602387428284
1596,1,0.9244235754013062
1597,1,0.9917559623718262
1598,1,0.9858561754226685
1599,1,0.9686387181282043
1600,1,0.9895455241203308
1601,1,0.9633205533027649
1602,1,0.9814966917037964
1603,1,0.9960136413574219
1604,1,0.9384655952453613
1605,1,0.09553860872983932
1606,1,0.9926314353942871
1607,1,0.9568996429443359
1608,1,0.9325129985809326
1609,1,0.9847244024276733
1610,1,0.687725305557251
1611,1,0.9487587809562683
1612,1,0.9932413101196289
1613,1,0.9931859970092773
1614,1,0.9797858595848083
1615,1,0.8981559872627258
1616,1,0.9902977347373962
1617,1,0.8986660242080688
1618,1,0.25668904185295105
1619,1,0.7724094986915588
1620,1,0.925318717956543
1621,1,0.9526269435882568
1622,1,0.8650178909301758
1623,1,0.7002512216567993
1624,1,0.9364286065101624
1625,1,0.9626966118812561
1626,1,0.9685142636299133
1627,1,0.9886987805366516
1628,1,0.06587804108858109
1629,1,0.8965197801589966
1630,1,0.754610002040863
1631,1,0.8711802959442139
1632,1,0.9520679712295532
1633,1,0.5971899032592773
1634,1,0.9253952503204346
1635,1,0.9552605152130127
1636,1,0.9789173603057861
1637,1,0.41442710161209106
1638,1,0.6243363618850708
1639,1,0.9622844457626343
1640,1,0.981408953666687
1641,1,0.20659273862838745
1642,1,0.9002819061279297
1643,1,0.9828627705574036
1644,1,0.9768585562705994
1645,1,0.9504141211509705
1646,1,0.4641169607639313
1647,1,0.34222304821014404
1648,1,0.39751994609832764
1649,1,0.27954351902008057
1650,1,0.2970012426376343
1651,1,0.6546883583068848
1652,1,0.2926178276538849
1653,1,0.10258832573890686
1654,1,0.17134180665016174
1655,1,0.2205827832221985
1656,1,0.15726979076862335
1657,1,0.18495990335941315
1658,1,0.16208431124687195
1659,1,0.030946649610996246
1660,1,0.22408297657966614
1661,1,0.1626441478729248
1662,1,0.025674745440483093
1663,1,0.9828421473503113
1664,1,0.9759194254875183
1665,1,0.9819750189781189
1666,1,0.9890617728233337
1667,1,0.9601511359214783
1668,1,0.8336652517318726
1669,1,0.9711446762084961
1670,1,0.06587804108858109
1671,1,0.050564225763082504
1672,1,0.3035513758659363
1673,1,0.7448067665100098
1674,1,0.9301350712776184
1675,1,0.977191686630249
1676,1,0.9815452694892883
1677,1,0.9824501276016235
1678,1,0.9469685554504395
1679,1,0.7298628091812134
1680,1,0.9240149855613708
1681,1,0.9816484451293945
1682,1,0.9299291372299194
1683,1,0.819509744644165
1684,1,0.657088577747345
1685,1,0.6264185905456543
1686,1,0.9179668426513672
1687,1,0.2028682380914688
1688,1,0.7625738382339478
1689,1,0.9619846343994141
1690,1,0.8962085843086243
1691,1,0.81166011095047
1692,1,0.4740597605705261
1693,1,0.9082918167114258
1694,1,0.972744345664978
1695,1,0.9468764066696167
1696,1,0.9844017624855042
1697,1,0.9914189577102661
1698,1,0.5802403688430786
1699,1,0.9421443343162537
1700,1,0.9905909895896912
1701,1,0.05840175971388817
1702,1,0.980774998664856
1703,1,0.9261990785598755
1704,1,0.8311975002288818
1705,1,0.5843586921691895
1706,1,0.8666620254516602
1707,1,0.9712878465652466
1708,1,0.5733634829521179
1709,1,0.962424099445343
1710,1,0.8182662129402161
1711,1,0.9836863875389099
1712,1,0.6553492546081543
1713,1,0.8831743597984314
1714,1,0.7096434831619263
1715,1,0.7238480448722839
1716,1,0.9497637748718262
1717,1,0.9407299160957336
1718,1,0.709638237953186
1719,1,0.6219925284385681
1720,1,0.8670511245727539
1721,1,0.7951083183288574
1722,1,0.8044365644454956
1723,1,0.9751851558685303
1724,1,0.6930652260780334
1725,1,0.9866008162498474
1726,1,0.9785951972007751
1727,1,0.9751157760620117
1728,1,0.37103307247161865
1729,1,0.9914944171905518
1730,1,0.9657942652702332
1731,1,0.9747470617294312
1732,1,0.983352541923523
1733,1,0.43151533603668213
1734,1,0.333608478307724
1735,1,0.7718753814697266
1736,1,0.946137547492981
1737,1,0.9706577658653259
1738,1,0.964670717716217
1739,1,0.8286981582641602
1740,1,0.7522855401039124
1741,1,0.6326659917831421
1742,1,0.9736093878746033
1743,1,0.8254021406173706
1744,1,0.9882990121841431
1745,1,0.7850033044815063
1746,1,0.6142217516899109
1747,1,0.9853488802909851
1748,1,0.9023885726928711
1749,1,0.9558411240577698
1750,1,0.6075494289398193
1751,1,0.9868027567863464
1752,1,0.8759877681732178
1753,1,0.9387370944023132
1754,1,0.17794664204120636
1755,1,0.6736159920692444
1756,1,0.9360881447792053
1757,1,0.9728149771690369
1758,1,0.9176036715507507
1759,1,0.9725075364112854
1760,1,0.9730480313301086
1761,1,0.9745039343833923
1762,1,0.8993857502937317
1763,1,0.9333688020706177
1764,1,0.06509159505367279
1765,1,0.9610123038291931
1766,1,0.9728694558143616
1767,1,0.9604559540748596
1768,1,0.983670711517334
1769,1,0.9651275873184204
1770,1,0.9630638957023621
1771,1,0.09739173203706741
1772,1,0.9133133888244629
1773,1,0.948049008846283
1774,1,0.931154727935791
1775,1,0.8262909054756165
1776,1,0.9390878677368164
1777,1,0.8365474343299866
1778,1,0.9914903044700623
1779,1,0.9451286196708679
1780,1,0.7442620396614075
1781,1,0.9852213263511658
1782,1,0.8892207741737366
1783,1,0.988010823726654
1784,1,0.9450436234474182
1785,1,0.9735777974128723
1786,1,0.9441474080085754
1787,1,0.9657799005508423
1788,1,0.9943623542785645
1789,1,0.8420244455337524
1790,1,0.9866008162498474
1791,1,0.9968591928482056
1792,1,0.9224153757095337
1793,1,0.9659271836280823
1794,1,0.49234849214553833
1795,1,0.9825347065925598
1796,1,0.9909515380859375
1797,1,0.8976100087165833
1798,1,0.7867878675460815
1799,1,0.7461463212966919
1800,1,0.9793917536735535
1801,1,0.13418829441070557
1802,1,0.9555901288986206
1803,1,0.785440981388092
1804,1,0.9672949314117432
1805,1,0.9592557549476624
1806,1,0.965552031993866
1807,1,0.46506190299987793
1808,1,0.197354257106781
1809,1,0.7436507344245911
1810,1,0.8061449527740479
1811,1,0.8792354464530945
1812,1,0.9850674867630005
1813,1,0.9044478535652161
1814,1,0.93795245885849
1815,1,0.9498749375343323
1816,1,0.9716491103172302
1817,1,0.8116986751556396
1818,1,0.5455494523048401
1819,1,0.8727859854698181
1820,1,0.9393937587738037
1821,1,0.839783787727356
1822,1,0.5851045846939087
1823,1,0.9828248023986816
1824,1,0.9656544923782349
1825,1,0.9635868072509766
1826,1,0.9649645686149597
1827,1,0.5472167730331421
1828,1,0.7487996816635132
1829,1,0.9520642757415771
1830,1,0.7283700108528137
1831,1,0.9775792956352234
1832,1,0.8441498279571533
1833,1,0.9906914830207825
1834,1,0.9768362641334534
1835,1,0.6634997129440308
1836,1,0.28246933221817017
1837,1,0.93215411901474
1838,1,0.45637455582618713
1839,1,0.4636988937854767
1840,1,0.29145750403404236
1841,1,0.7022231817245483
1842,1,0.8505350947380066
1843,1,0.7640663385391235
1844,1,0.9178303480148315
1845,1,0.7309553623199463
1846,1,0.9284006953239441
1847,1,0.5834804773330688
1848,1,0.5201845169067383
1849,1,0.7602858543395996
1850,1,0.967620313167572
1851,1,0.9801677465438843
1852,1,0.8196799755096436
1853,1,0.6871203184127808
1854,1,0.9837406277656555
1855,1,0.7049288153648376
1856,1,0.8896672129631042
1857,1,0.8230343461036682
1858,1,0.7990471720695496
1859,1,0.9369930028915405
1860,1,0.9907681345939636
1861,1,0.39877790212631226
1862,1,0.7184496521949768
1863,1,0.317083477973938
1864,1,0.5819811224937439
1865,1,0.8739785552024841
1866,1,0.9533275961875916
1867,1,0.9378638863563538
1868,1,0.49733811616897583
1869,1,0.9797707200050354
1870,1,0.36495181918144226
1871,1,0.8154472708702087
1872,1,0.8959456086158752
1873,1,0.9149466753005981
1874,1,0.21163827180862427
1875,1,0.9116255640983582
1876,1,0.924772322177887
1877,1,0.4177866578102112
1878,1,0.8449967503547668
1879,1,0.23565077781677246
1880,1,0.6447836756706238
1881,1,0.9719213247299194
1882,1,0.5452725887298584
1883,1,0.8886163830757141
1884,1,0.39323633909225464
1885,1,0.07460156828165054
1886,1,0.8919814229011536
1887,1,0.8890860676765442
1888,1,0.09962818026542664
1889,1,0.17275795340538025
1890,1,0.7181169986724854
1891,1,0.93248051404953
1892,1,0.7350735068321228
1893,1,0.9467407464981079
1894,1,0.9884645342826843
1895,1,0.13992901146411896
1896,1,0.9586323499679565
1897,1,0.5523747205734253
1898,1,0.876804530620575
1899,1,0.9720394611358643
1900,1,0.08394624292850494
1901,1,0.05747301131486893
1902,1,0.853962779045105
1903,1,0.9561751484870911
1904,1,0.8411939144134521
1905,1,0.9851495027542114
1906,1,0.33999526500701904
1907,1,0.9696676135063171
1908,1,0.4387508034706116
1909,1,0.19254139065742493
1910,1,0.24679072201251984
1911,1,0.08716321736574173
1912,1,0.9297226667404175
1913,1,0.4827049672603607
1914,1,0.7611555457115173
1915,1,0.5677357316017151
1916,1,0.9307246208190918
1917,1,0.9660912752151489
1918,1,0.8888104557991028
1919,1,0.9591737985610962
1920,1,0.7013520002365112
1921,1,0.7597776055335999
1922,1,0.9678992033004761
1923,1,0.9719040393829346
1924,1,0.9675254225730896
1925,1,0.9755269289016724
1926,1,0.4789295494556427
1927,1,0.9916594624519348
1928,1,0.9889684915542603
1929,1,0.9752739071846008
1930,1,0.9725381135940552
1931,1,0.9687924385070801
1932,1,0.9859014749526978
1933,1,0.6503722667694092
1934,1,0.4042777419090271
1935,1,0.9589641690254211
1936,1,0.941016435623169
1937,1,0.9156780242919922
1938,1,0.9389767646789551
1939,1,0.8989748954772949
1940,1,0.9916841983795166
1941,1,0.7803657054901123
1942,1,0.5747179985046387
1943,1,0.9684832692146301
1944,1,0.9635447263717651
1945,1,0.9641878604888916
1946,1,0.9825872778892517
1947,1,0.30006176233291626
1948,1,0.9438071250915527
1949,1,0.9803513884544373
1950,1,0.6229683756828308
1951,1,0.7504804134368896
1952,1,0.777152419090271
1953,1,0.9447799921035767
1954,1,0.9035276174545288
1955,1,0.9396073818206787
1956,1,0.9819984436035156
1957,1,0.9954146146774292
1958,1,0.9861018657684326
1959,1,0.9682462811470032
1960,1,0.9570801854133606
1961,1,0.8618959188461304
1962,1,0.8940169215202332
1963,1,0.9765611886978149
1964,1,0.8884138464927673
1965,1,0.9856207370758057
1966,1,0.9710029363632202
1967,1,0.7032877206802368
1968,1,0.9593923091888428
1969,1,0.965678870677948
1970,1,0.7648478746414185
1971,1,0.9798293113708496
1972,1,0.9724286198616028
1973,1,0.9656787514686584
1974,1,0.23189836740493774
1975,1,0.9720916152000427
1976,1,0.8288571834564209
1977,1,0.6013087630271912
1978,1,0.8810162544250488
1979,1,0.6847462058067322
1980,1,0.37638789415359497
1981,1,0.9265424013137817
1982,1,0.08858034014701843
1983,1,0.515152096748352
1984,1,0.8682169318199158
1985,1,0.8925259709358215
1986,1,0.85340815782547
1987,1,0.24913790822029114
1988,0,0.32762718200683594
1989,0,0.013002492487430573
1990,0,0.08260644972324371
1991,0,0.21544940769672394
1992,0,0.2805476188659668
1993,0,0.009188027121126652
1994,0,0.018037382513284683
1995,0,0.05319782346487045
1996,0,0.3001619279384613
1997,0,0.4260324537754059
1998,0,0.2692025899887085
1999,0,0.06625870615243912
2000,0,0.8931717872619629
2001,0,0.011914955452084541
2002,0,0.028770845383405685
2003,0,0.030152389779686928
2004,0,0.19174334406852722
2005,0,0.800046980381012
2006,0,0.012812471948564053
2007,0,0.00813790038228035
2008,0,0.28389614820480347
2009,0,0.17530612647533417
2010,0,0.04635713994503021
2011,0,0.27002987265586853
2012,0,0.001073468360118568
2013,0,0.0546954944729805
2014,0,0.09602801501750946
2015,0,0.01627199538052082
2016,0,0.006657578516751528
2017,0,0.05170688405632973
2018,0,0.9257698655128479
2019,0,0.007433992810547352
2020,0,0.6236743927001953
2021,0,0.4742538630962372
2022,0,0.11022716015577316
2023,0,0.09815096110105515
2024,0,0.0035706195048987865
2025,0,0.009346908889710903
2026,0,0.35696810483932495
2027,0,0.002253092359751463
2028,0,0.21970856189727783
2029,0,0.026171129196882248
2030,0,0.0905589610338211
2031,0,0.016641737893223763
2032,0,0.37810733914375305
2033,0,0.021995553746819496
2034,0,0.006862165406346321
2035,0,0.8732964396476746
2036,0,0.01885238289833069
2037,0,0.0027363444678485394
2038,0,0.720707893371582
2039,0,0.06350934505462646
2040,0,0.053876716643571854
2041,0,0.026639044284820557
2042,0,0.15857157111167908
2043,0,0.12308096885681152
2044,0,0.008120589889585972
2045,0,0.08667460829019547
2046,0,0.19336935877799988
2047,0,0.005115876439958811
2048,0,0.009435893036425114
2049,0,0.12528634071350098
2050,0,0.31933093070983887
2051,0,0.08034045249223709
2052,0,0.007812295109033585
2053,0,0.4189867079257965
2054,0,0.2430100291967392
2055,0,0.0014854783657938242
2056,0,0.3218526542186737
2057,0,0.12212535738945007
2058,0,0.5591753721237183
2059,0,0.9089798927307129
2060,0,0.06000308692455292
2061,0,0.3626767694950104
2062,0,0.18384213745594025
2063,0,0.02071661874651909
2064,0,0.44924306869506836
2065,0,0.15471228957176208
2066,0,0.09299071878194809
2067,0,0.27192220091819763
2068,0,0.11001481860876083
2069,0,0.7485038638114929
2070,0,0.10730264335870743
2071,0,0.01264406181871891
2072,0,0.09887102246284485
2073,0,0.8521779775619507
2074,0,0.02737419866025448
2075,0,0.003659893525764346
2076,0,0.9396584033966064
2077,0,0.32464757561683655
2078,0,0.0979921892285347
2079,0,0.011967433616518974
2080,0,0.01537184976041317
2081,0,0.3845275938510895
2082,0,0.07810669392347336
2083,0,0.7618063688278198
2084,0,0.014580619521439075
2085,0,0.018191775307059288
2086,0,0.0023375344462692738
2087,0,0.163229301571846
2088,0,0.5308586955070496
2089,0,0.001971891848370433
2090,0,0.09161216020584106
2091,0,0.014484760351479053
2092,0,0.30367040634155273
2093,0,0.5009088516235352
2094,0,0.001830772846005857
2095,0,0.26157405972480774
2096,0,0.05705456808209419
2097,0,0.5208492279052734
2098,0,0.07891599088907242
2099,0,0.9268152117729187
2100,0,0.17279736697673798
2101,0,0.013850323855876923
2102,0,0.06460226327180862
2103,0,0.20490147173404694
2104,0,0.1388617753982544
2105,0,0.013778021559119225
2106,0,0.058985114097595215
2107,0,0.12621942162513733
2108,0,0.013914470560848713
2109,0,0.6812337040901184
2110,0,0.3221226930618286
2111,0,0.002414246089756489
2112,0,0.40173405408859253
2113,0,0.9821299910545349
2114,0,0.2056669294834137
2115,0,0.7330772876739502
2116,0,0.008238524198532104
2117,0,0.003772193565964699
2118,0,0.5142274498939514
2119,0,0.47989100217819214
2120,0,0.036241818219423294
2121,0,0.034082040190696716
2122,0,0.024498136714100838
2123,0,0.05509842187166214
2124,0,0.04057682678103447
2125,0,0.04848102107644081
2126,0,0.13330774009227753
2127,0,0.7966617941856384
2128,0,0.1767607033252716
2129,0,0.34003281593322754
2130,0,0.45974886417388916
2131,0,0.12839007377624512
2132,0,0.21366135776042938
2133,0,0.17831242084503174
2134,0,0.008140560239553452
2135,0,0.17872872948646545
2136,0,0.3949127197265625
2137,0,0.04934520646929741
2138,0,0.003103133523836732
2139,0,0.4340763986110687
2140,0,0.9700065851211548
2141,0,0.02856677770614624
2142,0,0.7442941069602966
2143,0,0.8477736115455627
2144,0,0.1411750167608261
2145,0,0.8755041360855103
2146,0,0.09780573844909668
2147,0,0.0017571795033290982
2148,0,0.0022677029483020306
2149,0,0.2445843666791916
2150,0,0.036878518760204315
2151,0,0.009927242994308472
2152,0,0.07027474790811539
2153,0,0.7672651410102844
2154,0,0.6826416850090027
2155,0,0.305755615234375
2156,0,0.23974090814590454
2157,0,0.05054710432887077
2158,0,0.014112193137407303
2159,0,0.305904746055603
2160,0,0.153535857796669
2161,0,0.004944658372551203
2162,0,0.3066742420196533
2163,0,0.14333027601242065
2164,0,0.03138173371553421
2165,0,0.02765599638223648
2166,0,0.005678525194525719
2167,0,0.6903122067451477
2168,0,0.14778053760528564
2169,0,0.0060587599873542786
2170,0,0.016543669626116753
2171,0,0.03830611705780029
2172,0,0.7058342099189758
2173,0,0.24780085682868958
2174,0,0.7569904923439026
2175,0,0.09815096110105515
2176,0,0.21530593931674957
2177,0,0.4087957441806793
2178,0,0.33905526995658875
2179,0,0.28164011240005493
2180,0,0.06517945975065231
2181,0,0.015931706875562668
2182,0,0.08729423582553864
2183,0,0.46123144030570984
2184,0,0.018810849636793137
2185,0,0.06587804108858109
2186,0,0.1696784794330597
2187,0,0.33700352907180786
2188,0,0.019163019955158234
2189,0,0.3570621907711029
2190,0,0.028680915012955666
2191,0,0.23819485306739807
2192,0,0.0009631554130464792
2193,0,0.0031222400721162558
2194,0,0.006820995360612869
2195,0,0.48483380675315857
2196,0,0.0932617262005806
2197,0,0.28980931639671326
2198,0,0.005437890067696571
2199,0,0.4864576458930969
2200,0,0.003504490712657571
2201,0,0.008870561607182026
2202,0,0.010685664601624012
2203,0,0.01229624543339014
2204,0,0.005503518972545862
2205,0,0.0045310421846807
2206,0,0.010767214000225067
2207,0,0.32245421409606934
2208,0,0.46531590819358826
2209,0,0.5592243075370789
2210,0,0.006324215792119503
2211,0,0.3392516076564789
2212,0,0.6512024402618408
2213,0,0.04098467901349068
2214,0,0.003291139379143715
2215,0,0.001875540940091014
2216,0,0.07997392117977142
2217,0,0.01235007494688034
2218,0,0.49390318989753723
2219,0,0.00485128303989768
2220,0,0.011313220486044884
2221,0,0.7707492113113403
2222,0,0.7866419553756714
2223,0,0.08197598159313202
2224,0,0.09562934190034866
2225,0,0.04834895581007004
2226,0,0.6911100745201111
2227,0,0.0034873345866799355
2228,0,0.009878973476588726
2229,0,0.001985028153285384
2230,0,0.06587804108858109
2231,0,0.07829371094703674
2232,0,0.010372111573815346
2233,0,0.9559980034828186
2234,0,0.6383548378944397
2235,0,0.031419578939676285
2236,0,0.038625024259090424
2237,0,0.01975511759519577
2238,0,0.004886920098215342
2239,0,0.07395897805690765
2240,0,0.8613904714584351
2241,0,0.15038853883743286
2242,0,0.08165694028139114
2243,0,0.003153432160615921
2244,0,0.6504808068275452
2245,0,0.1023770272731781
2246,0,0.0326160192489624
2247,0,0.007877466268837452
2248,0,0.09864767640829086
2249,0,0.10436797887086868
2250,0,0.00268122018314898
2251,0,0.006986518856137991
2252,0,0.0044609070755541325
2253,0,0.12599395215511322
2254,0,0.00796098168939352
2255,0,0.21905525028705597
2256,0,0.0019430131651461124
2257,0,0.002859020372852683
2258,0,0.49166804552078247
2259,0,0.011584240011870861
2260,0,0.12017207592725754
2261,0,0.45991581678390503
2262,0,0.06869611144065857
2263,0,0.13069729506969452
2264,0,0.7222744226455688
2265,0,0.03201310709118843
2266,0,0.0029203142039477825
2267,0,0.01683454029262066
2268,0,0.4221465289592743
2269,0,0.00303910905495286
2270,0,0.7333444952964783
2271,0,0.4246194660663605
2272,0,0.00828075222671032
2273,0,0.009062151424586773
2274,0,0.8741529583930969
2275,0,0.037729691714048386
2276,0,0.0018519244622439146
2277,0,0.9669805765151978
2278,0,0.05257473140954971
2279,0,0.8149781227111816
2280,0,0.4695269465446472
2281,0,0.27971959114074707
2282,0,0.2926476001739502
2283,0,0.4962652623653412
2284,0,0.029303571209311485
2285,0,0.004675991367548704
2286,0,0.04030093923211098
2287,0,0.8396925330162048
2288,0,0.14457324147224426
2289,0,0.07732614129781723
2290,0,0.049023084342479706
2291,0,0.0025734833907335997
2292,0,0.008302658796310425
2293,0,0.14141635596752167
2294,0,0.07663639634847641
2295,0,0.43474671244621277
2296,0,0.006368538364768028
2297,0,0.08242367953062057
2298,0,0.9640902280807495
2299,0,0.5211032032966614
2300,0,0.35193923115730286
2301,0,0.18384213745594025
2302,0,0.009776519611477852
2303,0,0.08882918953895569
2304,0,0.7701541185379028
2305,0,0.42785513401031494
2306,0,0.006154418457299471
2307,0,0.3388189375400543
2308,0,0.2109621912240982
2309,0,0.00983339361846447
2310,0,0.06760033965110779
2311,0,0.0035445259418338537
2312,0,0.8117621541023254
2313,0,0.05629469081759453
2314,0,0.2534758746623993
2315,0,0.03698016703128815
2316,0,0.04334307834506035
2317,0,0.18384213745594025
2318,0,0.005265478044748306
2319,0,0.48718515038490295
2320,0,0.44615185260772705
2321,0,0.19336478412151337
2322,0,0.6173570156097412
2323,0,0.14383797347545624
2324,0,0.09518342465162277
2325,0,0.0036070169880986214
2326,0,0.539268970489502
2327,0,0.0325816348195076
2328,0,0.18102242052555084
2329,0,0.021408136934041977
2330,0,0.05669039860367775
2331,0,0.8644677400588989
2332,0,0.005596281960606575
2333,0,0.05329132080078125
2334,0,0.7524560689926147
2335,0,0.00353953056037426
2336,0,0.0012580766342580318
2337,0,0.13462619483470917
2338,0,0.11080803722143173
2339,0,0.25668904185295105
2340,0,0.012030593119561672
2341,0,0.9099125266075134
2342,0,0.18384213745594025
2343,0,0.3009485900402069
2344,0,0.09201762825250626
2345,0,0.03551941737532616
2346,0,0.18384213745594025
2347,0,0.930537760257721
2348,0,0.07464174181222916
2349,0,0.27904465794563293
2350,0,0.3792007565498352
2351,0,0.005203993059694767
2352,0,0.03477593511343002
2353,0,0.15724822878837585
2354,0,0.9821756482124329
2355,0,0.004498255904763937
2356,0,0.026261311024427414
2357,0,0.01039422769099474
2358,0,0.3895564079284668
2359,0,0.018650637939572334
2360,0,0.2272050380706787
2361,0,0.06554900854825974
2362,0,0.017204470932483673
2363,0,0.01626080833375454
2364,0,0.010884802788496017
2365,0,0.04699601233005524
2366,0,0.04737935587763786
2367,0,0.38920077681541443
2368,0,0.053943317383527756
2369,0,0.014983221888542175
2370,0,0.2102649211883545
2371,0,0.425529807806015
2372,0,0.01020914688706398
2373,0,0.017493003979325294
2374,0,0.11995141208171844
2375,0,0.025282524526119232
2376,0,0.18328678607940674
2377,0,0.024875687435269356
2378,0,0.010611671954393387
2379,0,0.8565884828567505
2380,0,0.01148802600800991
2381,0,0.03275572136044502
2382,0,0.1284194141626358
2383,0,0.1796075850725174
2384,0,0.05138823390007019
2385,0,0.0025141597725450993
2386,0,0.012204781174659729
2387,0,0.2472112625837326
2388,0,0.5030940175056458
2389,0,0.003231240203604102
2390,0,0.11243338137865067
2391,0,0.3701466917991638
2392,0,0.3071792721748352
2393,0,0.15196095407009125
2394,0,0.5665793418884277
2395,0,0.4271073043346405
2396,0,0.7618122100830078
2397,0,0.025517012923955917
2398,0,0.0856158584356308
2399,0,0.4274449944496155
2400,0,0.6431022882461548
2401,0,0.029079176485538483
2402,0,0.20161199569702148
2403,0,0.8299769163131714
2404,0,0.0033217663876712322
2405,0,0.9587761759757996
2406,0,0.2104945182800293
2407,0,0.48910850286483765
2408,0,0.5054318308830261
2409,0,0.005061386153101921
2410,0,0.5912655591964722
2411,0,0.1351737231016159
2412,0,0.8883468508720398
2413,0,0.04190211370587349
2414,0,0.7433453798294067
2415,0,0.00867381226271391
2416,0,0.0031955267768353224
2417,0,0.31481608748435974
2418,0,0.0038430201821029186
2419,0,0.6742503643035889
2420,0,0.9591525197029114
2421,0,0.07572723180055618
2422,0,0.8226376175880432
2423,0,0.513404369354248
2424,0,0.28437063097953796
2425,0,0.003901571501046419
2426,0,0.6483580470085144
2427,0,0.40651461482048035
2428,0,0.006748190615326166
2429,0,0.6144757866859436
2430,0,0.008677740581333637
2431,0,0.008427632041275501
2432,0,0.0044797128066420555
2433,0,0.343069851398468
2434,0,0.3088127374649048
2435,0,0.23557192087173462
2436,0,0.7123784422874451
2437,0,0.26113754510879517
2438,0,0.27857398986816406
2439,0,0.013895934447646141
2440,0,0.4165933132171631
2441,0,0.017192017287015915
2442,0,0.025081247091293335
2443,0,0.011720560491085052
2444,0,0.49970459938049316
2445,0,0.3443928062915802
2446,0,0.01588892750442028
2447,0,0.0032092337496578693
2448,0,0.8085572719573975
2449,0,0.0026876977644860744
2450,0,0.02347094751894474
2451,0,0.041901424527168274
2452,0,0.00778999924659729
2453,0,0.09815096110105515
2454,0,0.46512192487716675
2455,0,0.017006509006023407
2456,0,0.46012020111083984
2457,0,0.016247693449258804
2458,0,0.1968582570552826
2459,0,0.08085009455680847
2460,0,0.6712242960929871
2461,0,0.07395897805690765
2462,0,0.009974652901291847
2463,0,0.4892283082008362
2464,0,0.11463548988103867
2465,0,0.025926539674401283
2466,0,0.0035478430800139904
2467,0,0.0915551483631134
2468,0,0.3662506639957428
2469,0,0.07663639634847641
2470,0,0.8689075112342834
2471,0,0.030600015074014664
2472,0,0.013073707930743694
2473,0,0.033402469009160995
2474,0,0.1119869127869606
2475,0,0.960296094417572
2476,0,0.7713948488235474
2477,0,0.0425897091627121
2478,0,0.33767426013946533
2479,0,0.5362161993980408
2480,0,0.02344360016286373
2481,0,0.30733710527420044
2482,0,0.017479870468378067
2483,0,0.5835970640182495
2484,0,0.015488014556467533
2485,0,0.018728749826550484
2486,0,0.1663231998682022
2487,0,0.021209172904491425
2488,0,0.671280026435852
2489,0,0.7140938639640808
2490,0,0.02868722192943096
2491,0,0.010070929303765297
2492,0,0.006248328369110823
2493,0,0.5552791953086853
2494,0,0.1490321010351181
2495,0,0.305904746055603
2496,0,0.8337056040763855
2497,0,0.19658254086971283
2498,0,0.305904746055603
2499,0,0.1831568330526352
2500,0,0.021695850417017937
2501,0,0.0036460491828620434
2502,0,0.7568742632865906
2503,0,0.06587804108858109
2504,0,0.3239123523235321
2505,0,0.08938654512166977
2506,0,0.20146435499191284
2507,0,0.34716272354125977
2508,0,0.17088253796100616
2509,0,0.1346019208431244
2510,0,0.0152104701846838
2511,0,0.01612960360944271
2512,0,0.02353374846279621
2513,0,0.1816137582063675
2514,0,0.07663639634847641
2515,0,0.014137213118374348
2516,0,0.007225310429930687
2517,0,0.3479534387588501
2518,0,0.030183756723999977
2519,0,0.028874898329377174
2520,0,0.005225672386586666
2521,0,0.10600905120372772
2522,0,0.1810646951198578
2523,0,0.9751067161560059
2524,0,0.7303193211555481
2525,0,0.10242171585559845
2526,0,0.013823730871081352
2527,0,0.5648319721221924
2528,0,0.0035678769927471876
2529,0,0.8788358569145203
2530,0,0.23176309466362
2531,0,0.010007715784013271
2532,0,0.007871643640100956
2533,0,0.22449646890163422
2534,0,0.04185627028346062
2535,0,0.13148662447929382
2536,0,0.23825624585151672
2537,0,0.5584579706192017
2538,0,0.03807738050818443
2539,0,0.4619625508785248
2540,0,0.018489763140678406
2541,0,0.10787996649742126
2542,0,0.0442887619137764
2543,0,0.11683803051710129
2544,0,0.5805899500846863
2545,0,0.00698357168585062
2546,0,0.036576204001903534
2547,0,0.09746208041906357
2548,0,0.17922526597976685
2549,0,0.9152116179466248
2550,0,0.30795028805732727
2551,0,0.020969878882169724
2552,0,0.03002556599676609
2553,0,0.07395897805690765
2554,0,0.9669219851493835
2555,0,0.0019040583865717053
2556,0,0.4045317769050598
2557,0,0.08196096867322922
2558,0,0.019035596400499344
2559,0,0.05020484700798988
2560,0,0.3389185965061188
2561,0,0.39229926466941833
2562,0,0.018313175067305565
2563,0,0.01915825344622135
2564,0,0.09541404247283936
2565,0,0.09160996973514557
2566,0,0.03573693707585335
2567,0,0.9682685136795044
2568,0,0.06284326314926147
2569,0,0.030299626290798187
2570,0,0.4330311417579651
2571,0,0.015550829470157623
2572,0,0.17849838733673096
2573,0,0.008523870259523392
2574,0,0.032851479947566986
2575,0,0.0940520167350769
2576,0,0.07663639634847641
2577,0,0.0024253283627331257
2578,0,0.003541307058185339
2579,0,0.17110443115234375
2580,0,0.08558671921491623
2581,0,0.9463658928871155
2582,0,0.731205403804779
2583,0,0.5344248414039612
2584,0,0.02165493741631508
2585,0,0.37722355127334595
2586,0,0.007225867826491594
2587,0,0.1413135975599289
2588,0,0.2759639620780945
2589,0,0.3549591600894928
2590,0,0.35263392329216003
2591,0,0.48875901103019714
2592,0,0.002330866176635027
2593,0,0.9297043681144714
2594,0,0.17604854702949524
2595,0,0.011989381164312363
2596,0,0.03608736768364906
2597,0,0.0042879474349319935
2598,0,0.305904746055603
2599,0,0.010087509639561176
2600,0,0.2287260890007019
2601,0,0.006203003227710724
2602,0,0.8094028830528259
2603,0,0.0050066011026501656
2604,0,0.514173686504364
2605,0,0.412892609834671
2606,0,0.028157314285635948
2607,0,0.3903955817222595
2608,0,0.015557503327727318
2609,0,0.0968666821718216
2610,0,0.11276546120643616
2611,0,0.02327478490769863
2612,0,0.002161359181627631
2613,0,0.0259997695684433
2614,0,0.6268927454948425
2615,0,0.10298143327236176
2616,0,0.0066202799789607525
2617,0,0.971936821937561
2618,0,0.6706562042236328
2619,0,0.466096967458725
2620,0,0.32646259665489197
2621,0,0.28572985529899597
2622,0,0.03551563248038292
2623,0,0.37823933362960815
2624,0,0.13109807670116425
2625,0,0.47386255860328674
2626,0,0.08375312387943268
2627,0,0.0747070237994194
2628,0,0.20123291015625
2629,0,0.24827516078948975
2630,0,0.27247586846351624
2631,0,0.1987483948469162
2632,0,0.012939119711518288
2633,0,0.014463978819549084
2634,0,0.026927052065730095
2635,0,0.006063022650778294
2636,0,0.04293432831764221
2637,0,0.11890158802270889
2638,0,0.5438013076782227
2639,0,0.01477721892297268
2640,0,0.8421658873558044
2641,0,0.011262313462793827
2642,0,0.012773670256137848
2643,0,0.06939537823200226
2644,0,0.0640854761004448
2645,0,0.25068867206573486
2646,0,0.025312019512057304
2647,0,0.04793056845664978
2648,0,0.005940641276538372
2649,0,0.09815096110105515
2650,0,0.07663639634847641
2651,0,0.10080510377883911
2652,0,0.02809271216392517
2653,0,0.024075496941804886
2654,0,0.021533867344260216
2655,0,0.2705305516719818
2656,0,0.11393285542726517
2657,0,0.004317679908126593
2658,0,0.511603593826294
2659,0,0.0960576981306076
2660,0,0.31252723932266235
2661,0,0.0072107575833797455
2662,0,0.020239034667611122
2663,0,0.9171306490898132
2664,0,0.1317080855369568
2665,0,0.07663639634847641
2666,0,0.016242003068327904
2667,0,0.056586675345897675
2668,0,0.1855330914258957
2669,0,0.005004876758903265
2670,0,0.7361503839492798
2671,0,0.05474730581045151
2672,0,0.021087022498250008
2673,0,0.1931593269109726
2674,0,0.5932818651199341
2675,0,0.0014390642754733562
2676,0,0.11150012910366058
2677,0,0.051435910165309906
2678,0,0.07970873266458511
2679,0,0.005681142210960388
2680,0,0.016856295987963676
2681,0,0.021537765860557556
2682,0,0.05005006864666939
2683,0,0.018473653122782707
2684,0,0.10236532986164093
2685,0,0.9490604996681213
2686,0,0.05028128623962402
2687,0,0.03053201735019684
2688,0,0.02358136884868145
2689,0,0.4868028461933136
2690,0,0.10374544560909271
2691,0,0.04898585379123688
2692,0,0.6967818140983582
2693,0,0.17630217969417572
2694,0,0.6182489395141602
2695,0,0.5523747205734253
2696,0,0.05906106159090996
2697,0,0.10505519807338715
2698,0,0.09894159436225891
2699,0,0.02839692495763302
2700,0,0.9839206337928772
2701,0,0.859118640422821
2702,0,0.020422739908099174
2703,0,0.8428688049316406
2704,0,0.008759885095059872
2705,0,0.01326906681060791
2706,0,0.0025014241691678762
2707,0,0.006632537115365267
2708,0,0.3574815094470978
2709,0,0.017918428406119347
2710,0,0.030254805460572243
2711,0,0.8087524771690369
2712,0,0.575458824634552
2713,0,0.48089998960494995
2714,0,0.003321603871881962
2715,0,0.09654064476490021
2716,0,0.01938941702246666
2717,0,0.07663639634847641
2718,0,0.6388006210327148
2719,0,0.2418084293603897
2720,0,0.1182066798210144
2721,0,0.5653790235519409
2722,0,0.5376249551773071
2723,0,0.0034149123821407557
2724,0,0.8634511828422546
2725,0,0.7441067099571228
2726,0,0.004672867711633444
2727,0,0.7025120258331299
2728,0,0.8888930082321167
2729,0,0.48065298795700073
2730,0,0.06166955083608627
2731,0,0.8916990756988525
2732,0,0.029675984755158424
2733,0,0.3383294939994812
2734,0,0.04729171842336655
2735,0,0.7329277396202087
2736,0,0.03342709317803383
2737,0,0.006524106487631798
2738,0,0.0022195386700332165
2739,0,0.6559577584266663
2740,0,0.13921613991260529
2741,0,0.2581644654273987
2742,0,0.39797183871269226
2743,0,0.2503030300140381
2744,0,0.001449350151233375
2745,0,0.05479289963841438
2746,0,0.059948183596134186
2747,0,0.03534162417054176
2748,0,0.517850935459137
2749,0,0.7025763392448425
2750,0,0.47112026810646057
2751,0,0.1199616864323616
2752,0,0.125799298286438
2753,0,0.006843719631433487
2754,0,0.14309535920619965
2755,0,0.03317083790898323
2756,0,0.8298161625862122
2757,0,0.28361043334007263
2758,0,0.19308049976825714
2759,0,0.46077316999435425
2760,0,0.0007839257596060634
2761,0,0.9689294099807739
2762,0,0.24281065165996552
2763,0,0.00746970996260643
2764,0,0.9451338052749634
2765,0,0.08120539039373398
2766,0,0.03761747479438782
2767,0,0.16836047172546387
2768,0,0.03917190432548523
2769,0,0.01495442446321249
2770,0,0.024487940594553947
2771,0,0.002590794349089265
2772,0,0.14008629322052002
2773,0,0.18572278320789337
2774,0,0.9431360960006714
2775,0,0.017703788354992867
2776,0,0.005502673331648111
2777,0,0.7353613376617432
2778,0,0.1467566341161728
2779,0,0.1453673094511032
2780,0,0.3332766890525818
2781,0,0.019767822697758675
2782,0,0.03516460955142975
2783,0,0.03556970879435539
2784,0,0.20493288338184357
2785,0,0.4125047028064728
2786,0,0.28178006410598755
2787,0,0.19952264428138733
2788,0,0.7497345209121704
2789,0,0.012208782136440277
2790,0,0.8763294816017151
2791,0,0.8712682127952576
2792,0,0.20113548636436462
2793,0,0.4723406732082367
2794,0,0.020404508337378502
2795,0,0.002088489942252636
2796,0,0.18566131591796875
2797,0,0.977622389793396
2798,0,0.5397727489471436
2799,0,0.013371802866458893
2800,0,0.01200643926858902
2801,0,0.015031173825263977
2802,0,0.4837633967399597
2803,0,0.03242122754454613
2804,0,0.7581519484519958
2805,0,0.0009276774944737554
2806,0,0.18766610324382782
2807,0,0.02530525252223015
2808,0,0.10045205056667328
2809,0,0.016200782731175423
2810,0,0.03360683098435402
2811,0,0.5164387822151184
2812,0,0.1593470573425293
2813,0,0.5622991323471069
2814,0,0.07395897805690765
2815,0,0.38782018423080444
2816,0,0.6939874887466431
2817,0,0.007252001203596592
2818,0,0.13105200231075287
2819,0,0.0027921453583985567
2820,0,0.6788289546966553
2821,0,0.010488556697964668
2822,0,0.0034674808848649263
2823,0,0.305904746055603
2824,0,0.6090951561927795
2825,0,0.04632769152522087
2826,0,0.598617434501648
2827,0,0.10448472201824188
2828,0,0.025020426139235497
2829,0,0.3156733512878418
2830,0,0.008367426693439484
2831,0,0.012039784342050552
2832,0,0.015788733959197998
2833,0,0.10524570196866989
2834,0,0.11236114799976349
2835,0,0.3370796740055084
2836,0,0.0023147747851908207
2837,0,0.06957283616065979
2838,0,0.008801660500466824
2839,0,0.5350229740142822
2840,0,0.1103314533829689
2841,0,0.15482865273952484
2842,0,0.16972415149211884
2843,0,0.040072791278362274
2844,0,0.42905503511428833
2845,0,0.24567778408527374
2846,0,0.07663639634847641
2847,0,0.30419889092445374
2848,0,0.3518204987049103
2849,0,0.00309140351600945
2850,0,0.008022964932024479
2851,0,0.006720575969666243
2852,0,0.08015922456979752
2853,0,0.18927466869354248
2854,0,0.18384213745594025
2855,0,0.8751150965690613
2856,0,0.1322779804468155
2857,0,0.0961018055677414
2858,0,0.882771909236908
2859,0,0.942618727684021
2860,0,0.05501888692378998
2861,0,0.09299071878194809
2862,0,0.73641437292099
2863,0,0.047496479004621506
2864,0,0.6887140870094299
2865,0,0.03709232434630394
2866,0,0.006160464603453875
2867,0,0.8544906377792358
2868,0,0.022344747558236122
2869,0,0.05273664370179176
2870,0,0.001616499968804419
2871,0,0.003984841052442789
2872,0,0.15925849974155426
2873,0,0.06108122318983078
2874,0,0.06533641368150711
2875,0,0.1072496622800827
2876,0,0.8970713019371033
2877,0,0.40689074993133545
2878,0,0.35637226700782776
2879,0,0.8464586734771729
2880,0,0.06276772171258926
2881,0,0.209701806306839
2882,0,0.025992440059781075
2883,0,0.6986417770385742
2884,0,0.022268326953053474
2885,0,0.02378181740641594
2886,0,0.0008730327826924622
2887,0,0.12633377313613892
2888,0,0.6192439794540405
2889,0,0.8910061120986938
2890,0,0.305904746055603
2891,0,0.33388611674308777
2892,0,0.3598281741142273
2893,0,0.009098436683416367
2894,0,0.021020645275712013
2895,0,0.13984544575214386
2896,0,0.16235892474651337
2897,0,0.09696158766746521
2898,0,0.020947618409991264
2899,0,0.34546753764152527
2900,0,0.008820333518087864
2901,0,0.6860579252243042
2902,0,0.18660007417201996
2903,0,0.4372546970844269
2904,0,0.18104568123817444
2905,0,0.06871621310710907
2906,0,0.18769951164722443
2907,0,0.07828012108802795
2908,0,0.09926086664199829
2909,0,0.9304692149162292
2910,0,0.6867048144340515
2911,0,0.003415490034967661
2912,0,0.0976143479347229
2913,0,0.14567941427230835
2914,0,0.017235346138477325
2915,0,0.0076394765637815
2916,0,0.051603976637125015
2917,0,0.015229221433401108
2918,0,0.20418456196784973
2919,0,0.3934764564037323
2920,0,0.04757670685648918
2921,0,0.17094792425632477
2922,0,0.030166566371917725
2923,0,0.8984039425849915
2924,0,0.4122607707977295
2925,0,0.38457512855529785
2926,0,0.006848449818789959
2927,0,0.23580706119537354
2928,0,0.08852531760931015
2929,0,0.9764559268951416
2930,0,0.21606716513633728
2931,0,0.9871763586997986
2932,0,0.01214300561696291
2933,0,0.005316051188856363
2934,0,0.03354441374540329
2935,0,0.410040944814682
2936,0,0.5394212007522583
2937,0,0.07777571678161621
2938,0,0.00858600065112114
2939,0,0.02058631367981434
2940,0,0.20034925639629364
2941,0,0.042808275669813156
2942,0,0.03202319145202637
2943,0,0.13874860107898712
2944,0,0.004220208153128624
2945,0,0.002861381508409977
2946,0,0.03569689765572548
2947,0,0.8240222930908203
2948,0,0.10999619215726852
2949,0,0.1739794909954071
2950,0,0.26354995369911194
2951,0,0.048704467713832855
2952,0,0.43688058853149414
2953,0,0.0399983786046505
2954,0,0.8894988894462585
2955,0,0.13148662447929382
2956,0,0.003536632051691413
2957,0,0.018652314320206642
2958,0,0.5125848054885864
2959,0,0.08406078815460205
2960,0,0.0038868444971740246
2961,0,0.6624661684036255
2962,0,0.02704772911965847
2963,0,0.28647124767303467
2964,0,0.07566697895526886
2965,0,0.8227101564407349
2966,0,0.31297826766967773
2967,0,0.9129674434661865
2968,0,0.029067842289805412
2969,0,0.19057992100715637
2970,0,0.03403099626302719
2971,0,0.7349035739898682
2972,0,0.7086116075515747
2973,0,0.13018463551998138
2974,0,0.002644428052008152
2975,0,0.005907237064093351
2976,0,0.4644693434238434
2977,0,0.5722343921661377
2978,0,0.39400553703308105
2979,0,0.2412485033273697
2980,0,0.0030424916185438633
2981,0,0.008659420534968376
2982,0,0.06490563601255417
2983,0,0.17123883962631226
2984,0,0.24702885746955872
2985,0,0.44965705275535583
2986,0,0.3871152698993683
2987,0,0.305904746055603
2988,0,0.97709059715271
2989,0,0.004524469841271639
2990,0,0.5020957589149475
2991,0,0.07864253222942352
2992,0,0.11976271867752075
2993,0,0.9274041652679443
2994,0,0.447391152381897
2995,0,0.12629316747188568
2996,0,0.17182110249996185
2997,0,0.11828452348709106
2998,0,0.005681358277797699
2999,0,0.07116323709487915
3000,0,0.002697978401556611
3001,0,0.2679915726184845
3002,0,0.0011293337447568774
3003,0,0.23757515847682953
3004,0,0.5223950147628784
3005,0,0.7811111211776733
3006,0,0.2828560769557953
3007,0,0.11065240949392319
3008,0,0.9635790586471558
3009,0,0.05045701563358307
3010,0,0.3131587505340576
3011,0,0.32459527254104614
3012,0,0.4629831314086914
3013,0,0.018074819818139076
3014,0,0.012218791991472244
3015,0,0.005419636145234108
3016,0,0.1079733669757843
3017,0,0.25976336002349854
3018,0,0.15703371167182922
3019,0,0.007890786044299603
3020,0,0.10543415695428848
3021,0,0.025446204468607903
3022,0,0.30577781796455383
3023,0,0.03581072390079498
3024,0,0.09299071878194809
3025,0,0.7211523056030273
3026,0,0.029347330331802368
3027,0,0.057154301553964615
3028,0,0.40151795744895935
3029,0,0.34196650981903076
3030,0,0.008235680870711803
3031,0,0.004774692002683878
3032,0,0.002248254604637623
3033,0,0.01241949200630188
3034,0,0.006541291251778603
3035,0,0.002865467220544815
3036,0,0.24350491166114807
3037,0,0.01885911449790001
3038,0,0.5295237302780151
3039,0,0.015355288051068783
3040,0,0.305904746055603
3041,0,0.20525792241096497
3042,0,0.6465273499488831
3043,0,0.04944010078907013
3044,0,0.3314439058303833
3045,0,0.5880740880966187
3046,0,0.4949219226837158
3047,0,0.3464098870754242
3048,0,0.005657045636326075
3049,0,0.15621256828308105
3050,0,0.20810566842556
3051,0,0.08554316312074661
3052,0,0.09457665681838989
3053,0,0.005664628464728594
3054,0,0.08270514011383057
3055,0,0.1092299297451973
3056,0,0.1143282800912857
3057,0,0.0024790437892079353
3058,0,0.6845331788063049
3059,0,0.305904746055603
3060,0,0.02603175677359104
3061,0,0.011195024475455284
3062,0,0.14941982924938202
3063,0,0.21897567808628082
3064,0,0.05217379704117775
3065,0,0.07473856210708618
3066,0,0.01023088488727808
3067,0,0.036212049424648285
3068,0,0.5827183127403259
3069,0,0.7160289287567139
3070,0,0.00470917671918869
3071,0,0.09300865978002548
3072,0,0.17503401637077332
3073,0,0.6748238801956177
3074,0,0.0032250264193862677
3075,0,0.024030057713389397
3076,0,0.20031386613845825
3077,0,0.08260630816221237
3078,0,0.027920449152588844
3079,0,0.01610473357141018
3080,0,0.9566775560379028
3081,0,0.005439878441393375
3082,0,0.07680536061525345
3083,0,0.33753180503845215
3084,0,0.003073301864787936
3085,0,0.6847204566001892
3086,0,0.415250688791275
3087,0,0.05625969544053078
3088,0,0.09403063356876373
3089,0,0.7385924458503723
3090,0,0.02914278581738472
3091,0,0.14464659988880157
3092,0,0.1322280764579773
3093,0,0.03082100674510002
3094,0,0.11102836579084396
3095,0,0.4815819263458252
3096,0,0.029079746454954147
3097,0,0.4532944858074188
3098,0,0.5897290706634521
3099,0,0.1767018437385559
3100,0,0.06532852351665497
3101,0,0.0011110445484519005
3102,0,0.2385348677635193
3103,0,0.019572876393795013
3104,0,0.25902727246284485
3105,0,0.018444214016199112
3106,0,0.09815096110105515
3107,0,0.1222042366862297
3108,0,0.7587380409240723
3109,0,0.4553237557411194
3110,0,0.2061048150062561
3111,0,0.0861423909664154
3112,0,0.25928282737731934
3113,0,0.020333288237452507
3114,0,0.07834639400243759
3115,0,0.3210355043411255
3116,0,0.0031810617074370384
3117,0,0.027052924036979675
3118,0,0.020213579759001732
3119,0,0.07395897805690765
3120,0,0.13148662447929382
3121,0,0.017780432477593422
3122,0,0.4465349018573761
3123,0,0.30286717414855957
3124,0,0.06288351118564606
3125,0,0.34367015957832336
3126,0,0.007899406366050243
3127,0,0.11472257226705551
3128,0,0.6788928508758545
3129,0,0.6986695528030396
3130,0,0.18227455019950867
3131,0,0.571834146976471
3132,0,0.4280424416065216
3133,0,0.7740815281867981
3134,0,0.13148662447929382
3135,0,0.0020582315046340227
3136,0,0.030708549544215202
3137,0,0.13753268122673035
3138,0,0.824637770652771
3139,0,0.30853530764579773
3140,0,0.09014597535133362
3141,0,0.6217743754386902
3142,0,0.006898929364979267
3143,0,0.9584664106369019
3144,0,0.08369412273168564
3145,0,0.10681107640266418
3146,0,0.03310570865869522
3147,0,0.10601092129945755
3148,0,0.24438747763633728
3149,0,0.770918071269989
3150,0,0.008034187369048595
3151,0,0.21675145626068115
3152,0,0.36894842982292175
3153,0,0.029046323150396347
3154,0,0.10596054047346115
3155,0,0.11937049776315689
3156,0,0.9017457365989685
3157,0,0.004847242496907711
3158,0,0.02497430518269539
3159,0,0.027972180396318436
3160,0,0.3051570653915405
3161,0,0.34353572130203247
3162,0,0.7713751792907715
3163,0,0.03345395252108574
3164,0,0.005304311867803335
3165,0,0.009760868735611439
3166,0,0.3015091121196747
3167,0,0.2138437032699585
3168,0,0.007146837655454874
3169,0,0.02154819294810295
3170,0,0.02905843034386635
3171,0,0.23133745789527893
3172,0,0.3086390793323517
3173,0,0.18277524411678314
3174,0,0.06674054265022278
3175,0,0.022470643743872643
3176,0,0.40043336153030396
3177,0,0.18372057378292084
3178,0,0.09269240498542786
3179,0,0.16609300673007965
3180,0,0.09815096110105515
3181,0,0.03604932129383087
3182,0,0.014388306066393852
3183,0,0.11456546187400818
3184,0,0.001120092929340899
3185,0,0.035359740257263184
3186,0,0.14437417685985565
3187,0,0.0952441543340683
3188,0,0.6012351512908936
3189,0,0.011070003733038902
3190,0,0.006214130204170942
3191,0,0.14886851608753204
3192,0,0.21143490076065063
3193,0,0.0424327552318573
3194,0,0.13827362656593323
3195,0,0.0066370186395943165
3196,0,0.2982867658138275
3197,0,0.005255135707557201
3198,0,0.050896842032670975
3199,0,0.5087586641311646
3200,0,0.9069560766220093
3201,0,0.00273149530403316
3202,0,0.13584206998348236
3203,0,0.06587804108858109
3204,0,0.07464174181222916
3205,0,0.12414660304784775
3206,0,0.009614404290914536
3207,0,0.026220567524433136
3208,0,0.009900663048028946
3209,0,0.13148662447929382
3210,0,0.6496924757957458
3211,0,0.00260055810213089
3212,0,0.10214340686798096
3213,0,0.07254112511873245
3214,0,0.8305233716964722
3215,0,0.5523656606674194
3216,0,0.002475749934092164
3217,0,0.3479728400707245
3218,0,0.1074150875210762
3219,0,0.13566161692142487
3220,0,0.6269222497940063
3221,0,0.018638622015714645
3222,0,0.8561310768127441
3223,0,0.36880359053611755
3224,0,0.0025543225929141045
3225,0,0.3041401207447052
3226,0,0.3315334916114807
3227,0,0.3943546414375305
3228,0,0.28437402844429016
3229,0,0.017369266599416733
3230,0,0.5103746056556702
3231,0,0.007015847600996494
3232,0,0.5954810380935669
3233,0,0.7286434173583984
3234,0,0.08853461593389511
3235,0,0.023465340957045555
3236,0,0.0017113847425207496
3237,0,0.014085495844483376
3238,0,0.010307391174137592
3239,0,0.052735585719347
3240,0,0.09280192106962204
3241,0,0.04993172362446785
3242,0,0.004471229389309883
3243,0,0.1887212097644806
3244,0,0.0755402073264122
3245,0,0.1398603469133377
3246,0,0.09823911637067795
3247,0,0.12598642706871033
3248,0,0.23591332137584686
3249,0,0.7962875962257385
3250,0,0.0191058162599802
3251,0,0.00239942641928792
3252,0,0.03500087559223175
3253,0,0.12620826065540314
3254,0,0.04001382738351822
3255,0,0.007145180366933346
3256,0,0.4040154814720154
3257,0,0.20785242319107056
3258,0,0.41596969962120056
3259,0,0.056306250393390656
3260,0,0.5436679720878601
3261,0,0.21719001233577728
3262,0,0.18384213745594025
3263,0,0.8132637143135071
3264,0,0.5631864666938782
3265,0,0.846490204334259
3266,0,0.39168888330459595
3267,0,0.010189558379352093
3268,0,0.36498111486434937
3269,0,0.728950023651123
3270,0,0.6581117510795593
3271,0,0.2225438803434372
3272,0,0.7183027267456055
3273,0,0.0007616897346451879
3274,0,0.03532686084508896
3275,0,0.046391502022743225
3276,0,0.3432384133338928
3277,0,0.305904746055603
3278,0,0.02383408509194851
3279,0,0.36866238713264465
3280,0,0.38718119263648987
3281,0,0.002836738945916295
3282,0,0.024331530556082726
3283,0,0.23065581917762756
3284,0,0.0038165836594998837
3285,0,0.5001094341278076
3286,0,0.029822763055562973
3287,0,0.13699568808078766
3288,0,0.03512265160679817
3289,0,0.07892109453678131
3290,0,0.7111246585845947
3291,0,0.9149459600448608
3292,0,0.06214741989970207
3293,0,0.08757361769676208
3294,0,0.017915038391947746
3295,0,0.8355781435966492
3296,0,0.017555996775627136
3297,0,0.040840812027454376
3298,0,0.09299071878194809
3299,0,0.0617637038230896
3300,0,0.9207968711853027
3301,0,0.0028390393126755953
3302,0,0.11358071118593216
3303,0,0.42511168122291565
3304,0,0.1191558912396431
3305,0,0.10587651282548904
3306,0,0.09815096110105515
3307,0,0.3372977674007416
3308,0,0.45512351393699646
3309,0,0.2197832465171814
3310,0,0.5429952144622803
3311,0,0.3028862178325653
3312,0,0.038010358810424805
3313,0,0.004495700355619192
3314,0,0.07894578576087952
3315,0,0.07345007359981537
3316,0,0.010004800744354725
3317,0,0.007016886956989765
3318,0,0.003563923994079232
3319,0,0.014153564348816872
3320,0,0.2956385314464569
3321,0,0.01290751900523901
3322,0,0.0030767458956688643
3323,0,0.046090178191661835
3324,0,0.0019430536776781082
3325,0,0.8967128396034241
3326,0,0.9518512487411499
3327,0,0.027442244812846184
3328,0,0.19242505729198456
3329,0,0.4759131669998169
3330,0,0.5157452821731567
3331,0,0.3639255464076996
3332,0,0.6683489084243774
3333,0,0.006820720620453358
3334,0,0.03228135406970978
3335,0,0.07663639634847641
3336,0,0.003282491583377123
3337,0,0.4010157585144043
3338,0,0.00533639220520854
3339,0,0.004346098285168409
3340,0,0.7188941836357117
3341,0,0.1113872304558754
3342,0,0.21955963969230652
3343,0,0.624005913734436
3344,0,0.1443191021680832
3345,0,0.0017816881882026792
3346,0,0.26266196370124817
3347,0,0.8921494483947754
3348,0,0.16217045485973358
3349,0,0.2608570158481598
3350,0,0.029611164703965187
3351,0,0.10701939463615417
3352,0,0.9131906628608704
3353,0,0.038983527570962906
3354,0,0.305904746055603
3355,0,0.22868655622005463
3356,0,0.06587804108858109
3357,0,0.005059535149484873
3358,0,0.0030805727001279593
3359,0,0.02323884703218937
3360,0,0.010512943379580975
3361,0,0.06479700654745102
3362,0,0.09134631603956223
3363,0,0.07227934896945953
3364,0,0.0435795858502388
3365,0,0.002316113328561187
3366,0,0.15059733390808105
3367,0,0.040726106613874435
3368,0,0.08660609275102615
3369,0,0.35488301515579224
3370,0,0.604562520980835
3371,0,0.8530234694480896
3372,0,0.08092756569385529
3373,0,0.002338939346373081
3374,0,0.08745171129703522
3375,0,0.015103686600923538
3376,0,0.15055584907531738
3377,0,0.027748847380280495
3378,0,0.03616573289036751
3379,0,0.789791464805603
3380,0,0.034898024052381516
3381,0,0.18819864094257355
3382,0,0.008623244240880013
3383,0,0.16642171144485474
3384,0,0.032269421964883804
3385,0,0.012136823497712612
3386,0,0.18237395584583282
3387,0,0.6062845587730408
3388,0,0.4557971954345703
3389,0,0.13859376311302185
3390,0,0.49923405051231384
3391,0,0.13961172103881836
3392,0,0.03335185721516609
3393,0,0.29247164726257324
3394,0,0.172641783952713
3395,0,0.013337052427232265
3396,0,0.4832518696784973
3397,0,0.12609390914440155
3398,0,0.07385288178920746
3399,0,0.03777848556637764
3400,0,0.4208369255065918
3401,0,0.8596404790878296
3402,0,0.5908041000366211
3403,0,0.002245824784040451
3404,0,0.40821367502212524
3405,0,0.029328644275665283
3406,0,0.5393130779266357
3407,0,0.1441003531217575
3408,0,0.49025142192840576
3409,0,0.08535879850387573
3410,0,0.002808160148561001
3411,0,0.04813573136925697
3412,0,0.005683715455234051
3413,0,0.05652768537402153
3414,0,0.033244580030441284
3415,0,0.3432939350605011
3416,0,0.8244703412055969
3417,0,0.011470488272607327
3418,0,0.5592418909072876
3419,0,0.10779869556427002
3420,0,0.026638103649020195
3421,0,0.030401285737752914
3422,0,0.07464174181222916
3423,0,0.38442519307136536
3424,0,0.10963474959135056
3425,0,0.07663639634847641
3426,0,0.054770294576883316
3427,0,0.07758612930774689
3428,0,0.4350332021713257
3429,0,0.01410205289721489
3430,0,0.32267504930496216
3431,0,0.15333253145217896
3432,0,0.1832493096590042
3433,0,0.13009920716285706
3434,0,0.3547910749912262
3435,0,0.03555216267704964
3436,0,0.003738521598279476
3437,0,0.005030540283769369
3438,0,0.07663639634847641
3439,0,0.2150522768497467
3440,0,0.024511393159627914
3441,0,0.2365199327468872
3442,0,0.06762073189020157
3443,0,0.006416750606149435
3444,0,0.4028487503528595
3445,0,0.07340061664581299
3446,0,0.11601522564888
3447,0,0.00598151795566082
3448,0,0.07663639634847641
3449,0,0.13749447464942932
3450,0,0.8623402714729309
3451,0,0.4676756262779236
3452,0,0.3574937582015991
3453,0,0.320166677236557
3454,0,0.01990245282649994
3455,0,0.5941069722175598
3456,0,0.014257586561143398
3457,0,0.09232474863529205
3458,0,0.9242137670516968
3459,0,0.9440947771072388
3460,0,0.06587804108858109
3461,0,0.31328755617141724
3462,0,0.06634944677352905
3463,0,0.013434686698019505
3464,0,0.8732808232307434
3465,0,0.9464773535728455
3466,0,0.002973632887005806
3467,0,0.000848520896397531
3468,0,0.30484214425086975
3469,0,0.035057827830314636
3470,0,0.694028913974762
3471,0,0.02164280414581299
3472,0,0.0159196387976408
3473,0,0.29123467206954956
3474,0,0.0987011194229126
3475,0,0.38995561003685
3476,0,0.010837673209607601
3477,0,0.010721609927713871
3478,0,0.04853082448244095
3479,0,0.07918622344732285
3480,0,0.18384213745594025
3481,0,0.006283166818320751
3482,0,0.11084090173244476
3483,0,0.6799309849739075
3484,0,0.990658164024353
3485,0,0.5094982385635376
3486,0,0.5291756391525269
3487,0,0.12277036160230637
3488,0,0.07898949831724167
3489,0,0.02782580256462097
3490,0,0.03179019317030907
3491,0,0.664202094078064
3492,0,0.007438983302563429
3493,0,0.7000336050987244
3494,0,0.12092474848031998
3495,0,0.07668431103229523
3496,0,0.012417081743478775
3497,0,0.14531952142715454
3498,0,0.08356066793203354
3499,0,0.09815096110105515
3500,0,0.1411421000957489
3501,0,0.5843409895896912
3502,0,0.8391334414482117
3503,0,0.24930845201015472
3504,0,0.06878788769245148
3505,0,0.0137404790148139
3506,0,0.003758943872526288
3507,0,0.10565942525863647
3508,0,0.13148662447929382
3509,0,0.22063486278057098
3510,0,0.8862561583518982
3511,0,0.016488762572407722
3512,0,0.0017762630013749003
3513,0,0.029217543080449104
3514,0,0.007428376004099846
3515,0,0.8262948393821716
3516,0,0.1929042637348175
3517,0,0.054052386432886124
3518,0,0.2295951098203659
3519,0,0.20862455666065216
3520,0,0.0021590383257716894
3521,0,0.2880690097808838
3522,0,0.08938892930746078
3523,0,0.13139501214027405
3524,0,0.011302782222628593
3525,0,0.052583247423172
3526,0,0.09815096110105515
3527,0,0.0753890797495842
3528,0,0.013157181441783905
3529,0,0.13526810705661774
3530,0,0.6149662137031555
3531,0,0.8520874977111816
3532,0,0.10620137304067612
3533,0,0.5009709000587463
3534,0,0.26819783449172974
3535,0,0.5637525916099548
3536,0,0.39127540588378906
3537,0,0.6369379162788391
3538,0,0.8038493990898132
3539,0,0.01837109588086605
3540,0,0.04493939131498337
3541,0,0.40920504927635193
3542,0,0.009310571476817131
3543,0,0.34773728251457214
3544,0,0.0893835499882698
3545,0,0.6946181058883667
3546,0,0.0008501807460561395
3547,0,0.050886120647192
3548,0,0.004227057099342346
3549,0,0.6892191767692566
3550,0,0.9162002801895142
3551,0,0.3865329921245575
3552,0,0.24846912920475006
3553,0,0.2875862717628479
3554,0,0.0035725045017898083
3555,0,0.1763014942407608
3556,0,0.17723453044891357
3557,0,0.07663639634847641
3558,0,0.7424170970916748
3559,0,0.018824461847543716
3560,0,0.8780357837677002
3561,0,0.07774525880813599
3562,0,0.4857148230075836
3563,0,0.2265499383211136
3564,0,0.12388511747121811
3565,0,0.010676272213459015
3566,0,0.009024333208799362
3567,0,0.13377070426940918
3568,0,0.009364738129079342
3569,0,0.014942320063710213
3570,0,0.9066755771636963
3571,0,0.0025059173349291086
3572,0,0.006656203884631395
3573,0,0.05017242953181267
3574,0,0.12511727213859558
3575,0,0.018442483618855476
3576,0,0.4372546970844269
3577,0,0.5528557300567627
3578,0,0.10582248866558075
3579,0,0.10246282070875168
3580,0,0.5409033298492432
3581,0,0.9730671048164368
3582,0,0.3106307089328766
3583,0,0.2619122266769409
3584,0,0.7923150062561035
3585,0,0.07294148951768875
3586,0,0.0678141862154007
3587,0,0.1635664701461792
3588,0,0.6683335304260254
3589,0,0.973141610622406
3590,0,0.00855046883225441
3591,0,0.1210738867521286
3592,0,0.08464072644710541
3593,0,0.002638216596096754
3594,0,0.23780474066734314
3595,0,0.06534469872713089
3596,0,0.015107481740415096
3597,0,0.4528281092643738
3598,0,0.003996910993009806
3599,0,0.053228024393320084
3600,0,0.06267388164997101
3601,0,0.047456808388233185
3602,0,0.002822487847879529
3603,0,0.1098364070057869
3604,0,0.10461447387933731
3605,0,0.030196553096175194
3606,0,0.11314015090465546
3607,0,0.19162270426750183
3608,0,0.0013000965118408203
3609,0,0.0356716625392437
3610,0,0.21028999984264374
3611,0,0.07464174181222916
3612,0,0.053468968719244
3613,0,0.8684418201446533
3614,0,0.798011064529419
3615,0,0.2316228300333023
3616,0,0.16935938596725464
3617,0,0.009829837828874588
3618,0,0.021262042224407196
3619,0,0.001947463140822947
3620,0,0.007289194967597723
3621,0,0.8149938583374023
3622,0,0.4865064024925232
3623,0,0.10597319900989532
3624,0,0.8531729578971863
3625,0,0.003175307996571064
3626,0,0.2813827693462372
3627,0,0.1479552537202835
3628,0,0.9078089594841003
3629,0,0.05425135791301727
3630,0,0.017955679446458817
3631,0,0.2765592038631439
3632,0,0.007307262159883976
3633,0,0.2327800691127777
3634,0,0.018220635131001472
3635,0,0.005978108383715153
3636,0,0.6000949144363403
3637,0,0.08132221549749374
3638,0,0.0023648433852940798
3639,0,0.04315086826682091
3640,0,0.6899203658103943
3641,0,0.10617557913064957
3642,0,0.34866198897361755
3643,0,0.033592965453863144
3644,0,0.2857131063938141
3645,0,0.37862303853034973
3646,0,0.3938065767288208
3647,0,0.010323893278837204
3648,0,0.03953732177615166
3649,0,0.23306463658809662
3650,0,0.01258528046309948
3651,0,0.06757853180170059
3652,0,0.011049644090235233
3653,0,0.7787321209907532
3654,0,0.22123564779758453
3655,0,0.7102898359298706
3656,0,0.2944200336933136
3657,0,0.04607834666967392
3658,0,0.06647337228059769
3659,0,0.015553362667560577
3660,0,0.03726908564567566
3661,0,0.0404515378177166
3662,0,0.004458095412701368
3663,0,0.024994300678372383
3664,0,0.0021067364141345024
3665,0,0.4821394979953766
3666,0,0.07706273347139359
3667,0,0.20467348396778107
3668,0,0.19555513560771942
3669,0,0.7986061573028564
3670,0,0.9601938724517822
3671,0,0.7750005125999451
3672,0,0.579847514629364
3673,0,0.14278599619865417
3674,0,0.07897680252790451
3675,0,0.8950846195220947
3676,0,0.401388943195343
3677,0,0.012933468446135521
3678,0,0.4391362965106964
3679,0,0.00738554960116744
3680,0,0.05385091155767441
3681,0,0.7149872183799744
3682,0,0.005312805064022541
3683,0,0.7736672759056091
3684,0,0.531359851360321
3685,0,0.31613895297050476
3686,0,0.44005298614501953
3687,0,0.0015748972073197365
3688,0,0.062108494341373444
3689,0,0.39378905296325684
3690,0,0.01274836901575327
3691,0,0.09299071878194809
3692,0,0.12276113033294678
3693,0,0.2755351960659027
3694,0,0.06587804108858109
3695,0,0.27011197805404663
3696,0,0.05035168677568436
3697,0,0.14608271420001984
3698,0,0.1934245228767395
3699,0,0.0597701258957386
3700,0,0.09299071878194809
3701,0,0.12027066946029663
3702,0,0.0008716434822417796
3703,0,0.20436325669288635
3704,0,0.006164281163364649
3705,0,0.011130107566714287
3706,0,0.3323615491390228
3707,0,0.017203478142619133
3708,0,0.6649897694587708
3709,0,0.04947217181324959
3710,0,0.3927708566188812
3711,0,0.05687536299228668
3712,0,0.023899666965007782
3713,0,0.035761814564466476
3714,0,0.03923904150724411
3715,0,0.09979531913995743
3716,0,0.013693245127797127
3717,0,0.2379869520664215
3718,0,0.4160054326057434
3719,0,0.2194284200668335
3720,0,0.004152199719101191
3721,0,0.021467719227075577
3722,0,0.9152968525886536
3723,0,0.0171856377273798
3724,0,0.0006635249592363834
3725,0,0.4637027978897095
3726,0,0.003108265111222863
3727,0,0.8496744632720947
3728,0,0.026999736204743385
3729,0,0.18493762612342834
3730,0,0.5813875794410706
3731,0,0.034211624413728714
3732,0,0.9133017659187317
3733,0,0.054127153009176254
3734,0,0.01776193641126156
3735,0,0.8342520594596863
3736,0,0.009978570975363255
3737,0,0.6816831231117249
3738,0,0.5743705034255981
3739,0,0.5817279815673828
3740,0,0.0016225026920437813
3741,0,0.7284658551216125
3742,0,0.9080634117126465
3743,0,0.6371269226074219
3744,0,0.128982275724411
3745,0,0.5403746366500854
3746,0,0.26250940561294556
3747,0,0.20164886116981506
3748,0,0.009523830376565456
3749,0,0.013568919152021408
3750,0,0.5513997077941895
3751,0,0.7067225575447083
3752,0,0.0422745905816555
3753,0,0.6281468868255615
3754,0,0.0797148272395134
3755,0,0.02409944497048855
3756,0,0.030239110812544823
3757,0,0.014656140469014645
3758,0,0.2952367961406708
3759,0,0.7484785914421082
3760,0,0.43912529945373535
3761,0,0.09299071878194809
3762,0,0.2824307084083557
3763,0,0.10241085290908813
3764,0,0.3235325515270233
3765,0,0.00483083538711071
3766,0,0.20912517607212067
3767,0,0.0017350568668916821
3768,0,0.005267304368317127
3769,0,0.7499412894248962
3770,0,0.02492660842835903
3771,0,0.5498453378677368
3772,0,0.11076335608959198
3773,0,0.006342905107885599
3774,0,0.07663639634847641
3775,0,0.012059759348630905
3776,0,0.28350821137428284
3777,0,0.185016930103302
3778,0,0.036743830889463425
3779,0,0.35219940543174744
3780,0,0.18384213745594025
3781,0,0.020669545978307724
3782,0,0.050092507153749466
3783,0,0.30093812942504883
3784,0,0.9080020785331726
3785,0,0.007513396441936493
3786,0,0.4256918132305145
3787,0,0.14108309149742126
3788,0,0.18891242146492004
3789,0,0.3636462092399597
3790,0,0.21672575175762177
3791,0,0.007192943245172501
3792,0,0.36869922280311584
3793,0,0.09878091514110565
3794,0,0.6407821178436279
3795,0,0.05181468650698662
3796,0,0.297608882188797
3797,0,0.01512474101036787
3798,0,0.7908441424369812
3799,0,0.019961625337600708
3800,0,0.052035871893167496
3801,0,0.20323032140731812
3802,0,0.17495504021644592
3803,0,0.5280572175979614
3804,0,0.275018572807312
3805,0,0.5291581153869629
3806,0,0.11900065839290619
3807,0,0.6109067797660828
3808,0,0.0015205945819616318
3809,0,0.020881623029708862
3810,0,0.5724050998687744
3811,0,0.021538054570555687
3812,0,0.018483543768525124
3813,0,0.04905184358358383
3814,0,0.07663639634847641
3815,0,0.09230181574821472
3816,0,0.06335791200399399
3817,0,0.7870413661003113
3818,0,0.9508740305900574
3819,0,0.005432231817394495
3820,0,0.054195743054151535
3821,0,0.45888105034828186
3822,0,0.16894714534282684
3823,0,0.22477805614471436
3824,0,0.1354992389678955
3825,0,0.007670101244002581
3826,0,0.6733438968658447
3827,0,0.19349628686904907
3828,0,0.21455970406532288
3829,0,0.6282904148101807
3830,0,0.0022429863456636667
3831,0,0.8270775675773621
3832,0,0.33467796444892883
3833,0,0.5745923519134521
3834,0,0.13148662447929382
3835,0,0.05852144584059715
3836,0,0.6135110259056091
3837,0,0.015339176170527935
3838,0,0.013067003339529037
3839,0,0.8732266426086426
3840,0,0.05779358744621277
3841,0,0.2339933216571808
3842,0,0.644555926322937
3843,0,0.05553348734974861
3844,0,0.015703510493040085
3845,0,0.1149192675948143
3846,0,0.0719350054860115
3847,0,0.42408430576324463
3848,0,0.09045524150133133
3849,0,0.01223865244537592
3850,0,0.006579606328159571
3851,0,0.3946530818939209
3852,0,0.17382937669754028
3853,0,0.8418622016906738
3854,0,0.15502500534057617
3855,0,0.06390851736068726
3856,0,0.027620971202850342
3857,0,0.13111083209514618
3858,0,0.0020324664656072855
3859,0,0.2689701318740845
3860,0,0.010505257174372673
3861,0,0.18384213745594025
3862,0,0.014948306605219841
3863,0,0.0728754922747612
3864,0,0.009197307750582695
3865,0,0.23987449705600739
3866,0,0.3131803870201111
3867,0,0.014164579100906849
3868,0,0.32398706674575806
3869,0,0.6195468902587891
3870,0,0.7756912708282471
3871,0,0.5190871953964233
3872,0,0.9024768471717834
3873,0,0.08587948977947235
3874,0,0.0012166682863608003
3875,0,0.04450766369700432
3876,0,0.8214147090911865
3877,0,0.1087854728102684
3878,0,0.15131740272045135
3879,0,0.002649391768500209
3880,0,0.37463030219078064
3881,0,0.11205752938985825
3882,0,0.055196262896060944
3883,0,0.41868889331817627
3884,0,0.006596342194825411
3885,0,0.014903835020959377
3886,0,0.17040547728538513
3887,0,0.2161322981119156
3888,0,0.012600393034517765
3889,0,0.7581352591514587
3890,0,0.006362166255712509
3891,0,0.28540927171707153
3892,0,0.8597931265830994
3893,0,0.3951515853404999
3894,0,0.1190553531050682
3895,0,0.41644057631492615
3896,0,0.09299071878194809
3897,0,0.07568929344415665
3898,0,0.5100857615470886
3899,0,0.8327377438545227
3900,0,0.17425861954689026
3901,0,0.4519469439983368
3902,0,0.104950450360775
3903,0,0.20942901074886322
3904,0,0.7595604062080383
3905,0,0.0013766662450507283
3906,0,0.8800104260444641
3907,0,0.025719502940773964
3908,0,0.5289552211761475
3909,0,0.0434054397046566
3910,0,0.001763859298080206
3911,0,0.06051098555326462
3912,0,0.7777498960494995
3913,0,0.014427871443331242
3914,0,0.24865558743476868
3915,0,0.0011987716425210238
3916,0,0.3561100363731384
3917,0,0.2179841697216034
3918,0,0.00551648112013936
3919,0,0.9390550851821899
3920,0,0.002795724431052804
3921,0,0.4514543116092682
3922,0,0.305904746055603
3923,0,0.9714656472206116
3924,0,0.007725091651082039
3925,0,0.013648506253957748
3926,0,0.10806849598884583
3927,0,0.8527117371559143
3928,0,0.21624459326267242
3929,0,0.09815096110105515
3930,0,0.13440482318401337
3931,0,0.13148662447929382
3932,0,0.33389678597450256
3933,0,0.7932911515235901
3934,0,0.0031807473860681057
3935,0,0.6364321708679199
3936,0,0.504409909248352
3937,0,0.1606130301952362
3938,0,0.005954060237854719
3939,0,0.15359371900558472
3940,0,0.014510839246213436
3941,0,0.12543641030788422
3942,0,0.3989371061325073
3943,0,0.005377819761633873
3944,0,0.41846340894699097
3945,0,0.06908159703016281
3946,0,0.4747094511985779
3947,0,0.24435371160507202
3948,0,0.09815096110105515
3949,0,0.06638544797897339
3950,0,0.02729678899049759
3951,0,0.476771742105484
3952,0,0.029610248282551765
3953,0,0.7140242457389832
3954,0,0.7400829792022705
3955,0,0.09310197085142136
3956,0,0.027273226529359818
3957,0,0.00154081208165735
3958,0,0.036971766501665115
3959,0,0.15546761453151703
3960,0,0.044183772057294846
3961,0,0.0035836331080645323
3962,0,0.42142173647880554
3963,0,0.054093047976493835
3964,0,0.15146106481552124
3965,0,0.034333083778619766
3966,0,0.002261133398860693
3967,0,0.305904746055603
3968,0,0.7624959945678711
3969,0,0.09320039302110672
3970,0,0.5209344029426575
3971,0,0.031072000041604042
3972,0,0.07395897805690765
3973,0,0.24330851435661316
3974,0,0.6749838590621948
3975,0,0.5940364003181458
3976,0,0.8186168670654297
3977,0,0.9577986001968384
3978,0,0.482376366853714
3979,0,0.6766971945762634
3980,1,0.6387182474136353
3981,1,0.305904746055603
3982,1,0.9095214009284973
3983,1,0.8395968675613403
