index,y_true,y_pred_oof
0,1,0.8243913054466248
1,1,0.8817549347877502
2,1,0.6662871241569519
3,1,0.7032545804977417
4,1,0.753537118434906
5,1,0.1290511041879654
6,1,0.1286168247461319
7,1,0.4381474554538727
8,1,0.9598491191864014
9,1,0.7991211414337158
10,1,0.7199480533599854
11,1,0.8217378258705139
12,1,0.5207164883613586
13,1,0.9630129337310791
14,1,0.9356238842010498
15,1,0.9196539521217346
16,1,0.8113589882850647
17,1,0.5011276006698608
18,1,0.909552276134491
19,1,0.8527195453643799
20,1,0.7564954161643982
21,1,0.9292964935302734
22,1,0.7558967471122742
23,1,0.801293671131134
24,1,0.9129602909088135
25,1,0.4373720586299896
26,1,0.19738200306892395
27,1,0.6645436882972717
28,1,0.901644766330719
29,1,0.8423482775688171
30,1,0.44400426745414734
31,1,0.8834215402603149
32,1,0.8926090002059937
33,1,0.6499391198158264
34,1,0.7851768732070923
35,1,0.9093920588493347
36,1,0.764348566532135
37,1,0.9447663426399231
38,1,0.9171703457832336
39,1,0.794402003288269
40,1,0.9797391295433044
41,1,0.9006407856941223
42,1,0.05214005336165428
43,1,0.5796465873718262
44,1,0.8887817859649658
45,1,0.8527731895446777
46,1,0.5886790156364441
47,1,0.7552656531333923
48,1,0.8449147939682007
49,1,0.7816388010978699
50,1,0.8522637486457825
51,1,0.8082115650177002
52,1,0.8316084146499634
53,1,0.7894496321678162
54,1,0.49302804470062256
55,1,0.9133484959602356
56,1,0.7834910154342651
57,1,0.21319440007209778
58,1,0.26270341873168945
59,1,0.7782160043716431
60,1,0.5538288950920105
61,1,0.7969961762428284
62,1,0.2861301004886627
63,1,0.8514418601989746
64,1,0.9394974112510681
65,1,0.9464495778083801
66,1,0.8808705806732178
67,1,0.6133301854133606
68,1,0.6528114080429077
69,1,0.9160485863685608
70,1,0.4463697075843811
71,1,0.8972128033638
72,1,0.1149589791893959
73,1,0.24166667461395264
74,1,0.7467077970504761
75,1,0.6919481754302979
76,1,0.9039868116378784
77,1,0.9263845682144165
78,1,0.5007573962211609
79,1,0.16908696293830872
80,1,0.9777976274490356
81,1,0.7289556860923767
82,1,0.7657436728477478
83,1,0.654529869556427
84,1,0.912840723991394
85,1,0.5518195629119873
86,1,0.7822017073631287
87,1,0.2499331384897232
88,1,0.8378022313117981
89,1,0.8947739005088806
90,1,0.47459977865219116
91,1,0.9814407825469971
92,1,0.8552000522613525
93,1,0.5966399312019348
94,1,0.9775460362434387
95,1,0.8464432954788208
96,1,0.970766544342041
97,1,0.984481930732727
98,1,0.9310437440872192
99,1,0.8330260515213013
100,1,0.9153559803962708
101,1,0.9840085506439209
102,1,0.18195003271102905
103,1,0.6435203552246094
104,1,0.8141506910324097
105,1,0.8967799544334412
106,1,0.902614414691925
107,1,0.9336358308792114
108,1,0.49573785066604614
109,1,0.9780617952346802
110,1,0.9791739583015442
111,1,0.9616581797599792
112,1,0.9756410717964172
113,1,0.8493815064430237
114,1,0.7406313419342041
115,1,0.4479179382324219
116,1,0.058594413101673126
117,1,0.6805191040039062
118,1,0.11306682974100113
119,1,0.10078107565641403
120,1,0.7554468512535095
121,1,0.4254956841468811
122,1,0.9443013072013855
123,1,0.8411837220191956
124,1,0.8056299090385437
125,1,0.4544558525085449
126,1,0.5257860422134399
127,1,0.6185513734817505
128,1,0.747855544090271
129,1,0.913310706615448
130,1,0.9719556570053101
131,1,0.6561074256896973
132,1,0.05012376978993416
133,1,0.8881853818893433
134,1,0.22660058736801147
135,1,0.15276022255420685
136,1,0.46553441882133484
137,1,0.7911601662635803
138,1,0.35765400528907776
139,1,0.8989436626434326
140,1,0.24222823977470398
141,1,0.9821433424949646
142,1,0.5781287550926208
143,1,0.7617029547691345
144,1,0.9418658018112183
145,1,0.3476424515247345
146,1,0.9349467754364014
147,1,0.9138016700744629
148,1,0.8322774767875671
149,1,0.3090924024581909
150,1,0.7219952940940857
151,1,0.9407405853271484
152,1,0.4301682710647583
153,1,0.3087933659553528
154,1,0.6719189286231995
155,1,0.8766058683395386
156,1,0.9496804475784302
157,1,0.9780384302139282
158,1,0.9694580435752869
159,1,0.6403096318244934
160,1,0.9143143892288208
161,1,0.5326427221298218
162,1,0.6579769849777222
163,1,0.3383961617946625
164,1,0.877038836479187
165,1,0.9407403469085693
166,1,0.9898452758789062
167,1,0.9492570161819458
168,1,0.9845743775367737
169,1,0.830100417137146
170,1,0.3085259199142456
171,1,0.9694134593009949
172,1,0.23171144723892212
173,1,0.8986979126930237
174,1,0.26900872588157654
175,1,0.45104894042015076
176,1,0.9791906476020813
177,1,0.8078298568725586
178,1,0.7640010714530945
179,1,0.9794347882270813
180,1,0.5604826211929321
181,1,0.4163113832473755
182,1,0.9813284873962402
183,1,0.9538365602493286
184,1,0.6550818681716919
185,1,0.8922554850578308
186,1,0.9882156848907471
187,1,0.9453112483024597
188,1,0.12328092008829117
189,1,0.9332035779953003
190,1,0.9763312935829163
191,1,0.6931625604629517
192,1,0.8586434125900269
193,1,0.3284088671207428
194,1,0.8178017735481262
195,1,0.9870190620422363
196,1,0.9171691536903381
197,1,0.9799037575721741
198,1,0.6434078216552734
199,1,0.7564205527305603
200,1,0.9407033324241638
201,1,0.8950756788253784
202,1,0.8269805908203125
203,1,0.2717216908931732
204,1,0.9208354949951172
205,1,0.22954830527305603
206,1,0.2798527181148529
207,1,0.8742139339447021
208,1,0.8852401375770569
209,1,0.8968221545219421
210,1,0.6744373440742493
211,1,0.0932263433933258
212,1,0.2690887451171875
213,1,0.8382929563522339
214,1,0.9724865555763245
215,1,0.8204260468482971
216,1,0.937587559223175
217,1,0.15749995410442352
218,1,0.8971866369247437
219,1,0.9455447196960449
220,1,0.8482214212417603
221,1,0.8993209600448608
222,1,0.9645927548408508
223,1,0.9800106287002563
224,1,0.8485021591186523
225,1,0.6998044848442078
226,1,0.8984889388084412
227,1,0.47566330432891846
228,1,0.38276129961013794
229,1,0.8953942060470581
230,1,0.8305404186248779
231,1,0.05209366977214813
232,1,0.786254346370697
233,1,0.030422070994973183
234,1,0.9402006268501282
235,1,0.9508160352706909
236,1,0.6888176202774048
237,1,0.9725281000137329
238,1,0.4273834824562073
239,1,0.7914515137672424
240,1,0.22703664004802704
241,1,0.958149254322052
242,1,0.5121623277664185
243,1,0.8038110733032227
244,1,0.12127038091421127
245,1,0.9665464162826538
246,1,0.9791839122772217
247,1,0.2513038218021393
248,1,0.44350218772888184
249,1,0.43900105357170105
250,1,0.9815343618392944
251,1,0.8146317005157471
252,1,0.9131477475166321
253,1,0.8698258399963379
254,1,0.848869800567627
255,1,0.989029049873352
256,1,0.7001452445983887
257,1,0.9037787914276123
258,1,0.9457038640975952
259,1,0.7841745615005493
260,1,0.8192098140716553
261,1,0.9684876203536987
262,1,0.8006036281585693
263,1,0.9729859232902527
264,1,0.9794791340827942
265,1,0.9124771952629089
266,1,0.13246603310108185
267,1,0.4823842942714691
268,1,0.8553118109703064
269,1,0.364290714263916
270,1,0.45237624645233154
271,1,0.5122008919715881
272,1,0.5893229842185974
273,1,0.7972918152809143
274,1,0.2594727873802185
275,1,0.45326244831085205
276,1,0.9116281270980835
277,1,0.4699607789516449
278,1,0.337083637714386
279,1,0.18095116317272186
280,1,0.19907048344612122
281,1,0.5673045516014099
282,1,0.7251209020614624
283,1,0.5744323134422302
284,1,0.6745004057884216
285,1,0.7931370139122009
286,1,0.21814420819282532
287,1,0.12436284124851227
288,1,0.9273771643638611
289,1,0.13908225297927856
290,1,0.7161070704460144
291,1,0.05656624585390091
292,1,0.26016297936439514
293,1,0.6527585983276367
294,1,0.541843593120575
295,1,0.4532676935195923
296,1,0.9474534392356873
297,1,0.5001361966133118
298,1,0.9719638824462891
299,1,0.4741306006908417
300,1,0.9742605090141296
301,1,0.963164746761322
302,1,0.22033844888210297
303,1,0.9686182737350464
304,1,0.9457865953445435
305,1,0.5151673555374146
306,1,0.5547779202461243
307,1,0.8758597373962402
308,1,0.9831042289733887
309,1,0.24376986920833588
310,1,0.5893394351005554
311,1,0.806174635887146
312,1,0.481423944234848
313,1,0.6326661705970764
314,1,0.9579980969429016
315,1,0.5946091413497925
316,1,0.9258295297622681
317,1,0.9552056193351746
318,1,0.8651942014694214
319,1,0.5166664123535156
320,1,0.9719164371490479
321,1,0.3834722340106964
322,1,0.9273701310157776
323,1,0.8144527673721313
324,1,0.9407333731651306
325,1,0.9361338019371033
326,1,0.983590304851532
327,1,0.9822373986244202
328,1,0.9882408380508423
329,1,0.7881159782409668
330,1,0.9287712574005127
331,1,0.9550593495368958
332,1,0.981620728969574
333,1,0.9704635143280029
334,1,0.9304904937744141
335,1,0.9431803226470947
336,1,0.9624730348587036
337,1,0.9375976920127869
338,1,0.8672632575035095
339,1,0.9731184244155884
340,1,0.9618688225746155
341,1,0.9672936201095581
342,1,0.9712792634963989
343,1,0.8646721243858337
344,1,0.9837893843650818
345,1,0.9236674904823303
346,1,0.16810129582881927
347,1,0.9709116816520691
348,1,0.7766076326370239
349,1,0.9176470637321472
350,1,0.5303083658218384
351,1,0.7951975464820862
352,1,0.8872758746147156
353,1,0.6745352745056152
354,1,0.3532966673374176
355,1,0.282366007566452
356,1,0.3679432272911072
357,1,0.9120360016822815
358,1,0.8981482982635498
359,1,0.8864811658859253
360,1,0.7536877393722534
361,1,0.9556854963302612
362,1,0.9823828935623169
363,1,0.9564072489738464
364,1,0.3985593318939209
365,1,0.9691014289855957
366,1,0.8942309617996216
367,1,0.9615775346755981
368,1,0.7725109457969666
369,1,0.9321730136871338
370,1,0.922376275062561
371,1,0.9907696843147278
372,1,0.7390664219856262
373,1,0.9443490505218506
374,1,0.7574259638786316
375,1,0.9407913088798523
376,1,0.9079371094703674
377,1,0.9171456098556519
378,1,0.9487686157226562
379,1,0.9335917830467224
380,1,0.9238980412483215
381,1,0.9833782911300659
382,1,0.4983903169631958
383,1,0.494981974363327
384,1,0.8235771656036377
385,1,0.7830591201782227
386,1,0.7789123058319092
387,1,0.8159154653549194
388,1,0.7844119668006897
389,1,0.7622284889221191
390,1,0.8113355040550232
391,1,0.8373616933822632
392,1,0.8745782375335693
393,1,0.40513575077056885
394,1,0.308836430311203
395,1,0.33967673778533936
396,1,0.4369347095489502
397,1,0.33959057927131653
398,1,0.16087669134140015
399,1,0.7016927599906921
400,1,0.7748730182647705
401,1,0.8223258852958679
402,1,0.6100479364395142
403,1,0.640579879283905
404,1,0.8432680368423462
405,1,0.753771960735321
406,1,0.3274003863334656
407,1,0.7430823445320129
408,1,0.14292217791080475
409,1,0.3120603859424591
410,1,0.17555005848407745
411,1,0.7578888535499573
412,1,0.7274345755577087
413,1,0.12628456950187683
414,1,0.23717278242111206
415,1,0.7524977326393127
416,1,0.01979634165763855
417,1,0.6201090812683105
418,1,0.6869679689407349
419,1,0.5714845061302185
420,1,0.3918168842792511
421,1,0.07166855037212372
422,1,0.8596580624580383
423,1,0.3918793499469757
424,1,0.8371810913085938
425,1,0.145738422870636
426,1,0.6630012392997742
427,1,0.4503955841064453
428,1,0.5816127061843872
429,1,0.6962601542472839
430,1,0.602916419506073
431,1,0.6220637559890747
432,1,0.34364521503448486
433,1,0.7781748175621033
434,1,0.39940783381462097
435,1,0.9095889925956726
436,1,0.968765377998352
437,1,0.5795949697494507
438,1,0.9854357838630676
439,1,0.9424203634262085
440,1,0.9583176970481873
441,1,0.9848737716674805
442,1,0.9799204468727112
443,1,0.9308265447616577
444,1,0.8645607233047485
445,1,0.6568487882614136
446,1,0.7353128790855408
447,1,0.8881326913833618
448,1,0.7070410847663879
449,1,0.9056739211082458
450,1,0.7077092528343201
451,1,0.9052108526229858
452,1,0.9671494960784912
453,1,0.9806169271469116
454,1,0.9249245524406433
455,1,0.9709968566894531
456,1,0.984699547290802
457,1,0.968031108379364
458,1,0.9086752533912659
459,1,0.9821889996528625
460,1,0.9110327363014221
461,1,0.9758318662643433
462,1,0.9845651388168335
463,1,0.9488247632980347
464,1,0.9677667617797852
465,1,0.9505094289779663
466,1,0.973131000995636
467,1,0.9851174354553223
468,1,0.6918066143989563
469,1,0.8672813773155212
470,1,0.9172635078430176
471,1,0.9419690370559692
472,1,0.9845726490020752
473,1,0.9707636833190918
474,1,0.9342955350875854
475,1,0.9264896512031555
476,1,0.9711541533470154
477,1,0.9612138867378235
478,1,0.9581299424171448
479,1,0.8508604764938354
480,1,0.6583560109138489
481,1,0.9699052572250366
482,1,0.9520929455757141
483,1,0.9627601504325867
484,1,0.7578091621398926
485,1,0.8870325088500977
486,1,0.9559518098831177
487,1,0.9850711822509766
488,1,0.8741329312324524
489,1,0.9573401808738708
490,1,0.9277065396308899
491,1,0.7213115692138672
492,1,0.9579976797103882
493,1,0.9810061454772949
494,1,0.9431192278862
495,1,0.9513146877288818
496,1,0.323474645614624
497,1,0.8972450494766235
498,1,0.15947294235229492
499,1,0.9682351350784302
500,1,0.889518141746521
501,1,0.7929620742797852
502,1,0.12630845606327057
503,1,0.3929324448108673
504,1,0.45551878213882446
505,1,0.7097296714782715
506,1,0.5783556699752808
507,1,0.24011965095996857
508,1,0.7762508988380432
509,1,0.42267099022865295
510,1,0.4752347469329834
511,1,0.8109219670295715
512,1,0.3905976414680481
513,1,0.22505180537700653
514,1,0.10435406863689423
515,1,0.34854254126548767
516,1,0.0145095931366086
517,1,0.9026107788085938
518,1,0.6805986762046814
519,1,0.7783675789833069
520,1,0.11390211433172226
521,1,0.07762296497821808
522,1,0.09973293542861938
523,1,0.6162103414535522
524,1,0.7629454135894775
525,1,0.21368643641471863
526,1,0.8728134036064148
527,1,0.3089491128921509
528,1,0.18536145985126495
529,1,0.6051164269447327
530,1,0.027379026636481285
531,1,0.1970514953136444
532,1,0.6961584687232971
533,1,0.16017402708530426
534,1,0.8142523765563965
535,1,0.8874843120574951
536,1,0.6628851294517517
537,1,0.9228076934814453
538,1,0.9328564405441284
539,1,0.7207120656967163
540,1,0.6914646625518799
541,1,0.6034852266311646
542,1,0.8303402066230774
543,1,0.6510651111602783
544,1,0.480988085269928
545,1,0.8649506568908691
546,1,0.7954917550086975
547,1,0.44439178705215454
548,1,0.9051912426948547
549,1,0.7846582531929016
550,1,0.3420245051383972
551,1,0.4353783428668976
552,1,0.16727934777736664
553,1,0.7608451247215271
554,1,0.7846207022666931
555,1,0.8105989694595337
556,1,0.8744326233863831
557,1,0.8906674385070801
558,1,0.3660489618778229
559,1,0.8292304277420044
560,1,0.7835115790367126
561,1,0.584145188331604
562,1,0.8447340726852417
563,1,0.859642744064331
564,1,0.6762023568153381
565,1,0.7544997334480286
566,1,0.9210717082023621
567,1,0.9794062972068787
568,1,0.8368518352508545
569,1,0.1145176962018013
570,1,0.8722623586654663
571,1,0.734976053237915
572,1,0.9807291626930237
573,1,0.7745028138160706
574,1,0.9815800786018372
575,1,0.9618960618972778
576,1,0.10369498282670975
577,1,0.9725311398506165
578,1,0.8218741416931152
579,1,0.9767340421676636
580,1,0.9853654503822327
581,1,0.9874951243400574
582,1,0.9781569838523865
583,1,0.9510847330093384
584,1,0.14922933280467987
585,1,0.026386909186840057
586,1,0.5934153199195862
587,1,0.9913580417633057
588,1,0.8635830283164978
589,1,0.9379401206970215
590,1,0.9598491191864014
591,1,0.8464369177818298
592,1,0.93757164478302
593,1,0.8010042905807495
594,1,0.9368330240249634
595,1,0.854747474193573
596,1,0.9190438985824585
597,1,0.8091321587562561
598,1,0.9232878088951111
599,1,0.8636465072631836
600,1,0.9784672260284424
601,1,0.9676985144615173
602,1,0.9460728764533997
603,1,0.8690893054008484
604,1,0.9185222387313843
605,1,0.9665018916130066
606,1,0.9814352989196777
607,1,0.8937721848487854
608,1,0.9888859987258911
609,1,0.9302375912666321
610,1,0.6814461946487427
611,1,0.848866879940033
612,1,0.9789739847183228
613,1,0.9548571109771729
614,1,0.9807301759719849
615,1,0.9819564819335938
616,1,0.9586663842201233
617,1,0.7246078848838806
618,1,0.6004323363304138
619,1,0.8851645588874817
620,1,0.7294634580612183
621,1,0.7150355577468872
622,1,0.7520211338996887
623,1,0.7104078531265259
624,1,0.9009379744529724
625,1,0.9097022414207458
626,1,0.9298139810562134
627,1,0.9592403769493103
628,1,0.9705735445022583
629,1,0.9678229093551636
630,1,0.990960419178009
631,1,0.8922317028045654
632,1,0.937727153301239
633,1,0.6976321339607239
634,1,0.8623839020729065
635,1,0.7897521257400513
636,1,0.9201053977012634
637,1,0.7947306632995605
638,1,0.9711039662361145
639,1,0.35604122281074524
640,1,0.8208872079849243
641,1,0.8773887753486633
642,1,0.941519021987915
643,1,0.9661045074462891
644,1,0.9251213073730469
645,1,0.9026197791099548
646,1,0.966327428817749
647,1,0.9583882093429565
648,1,0.9786453247070312
649,1,0.9526330828666687
650,1,0.8234584927558899
651,1,0.9795798063278198
652,1,0.8517124652862549
653,1,0.8288771510124207
654,1,0.34730443358421326
655,1,0.30670997500419617
656,1,0.9692142009735107
657,1,0.7322370409965515
658,1,0.9654052257537842
659,1,0.9796739220619202
660,1,0.06938204169273376
661,1,0.8488261699676514
662,1,0.9694696068763733
663,1,0.9763127565383911
664,1,0.796650767326355
665,1,0.9797660708427429
666,1,0.9360575675964355
667,1,0.9426126480102539
668,1,0.7860440611839294
669,1,0.6143859028816223
670,1,0.8085606098175049
671,1,0.8578593134880066
672,1,0.9639251828193665
673,1,0.9919062852859497
674,1,0.974309504032135
675,1,0.9876132011413574
676,1,0.8498504757881165
677,1,0.9720413684844971
678,1,0.9812365770339966
679,1,0.9426252841949463
680,1,0.9590429663658142
681,1,0.9351397752761841
682,1,0.9383399486541748
683,1,0.9285265803337097
684,1,0.942375123500824
685,1,0.9888863563537598
686,1,0.9768908619880676
687,1,0.9831703305244446
688,1,0.5087635517120361
689,1,0.701625406742096
690,1,0.8609856963157654
691,1,0.9694059491157532
692,1,0.8885322213172913
693,1,0.9569991827011108
694,1,0.8661521077156067
695,1,0.9042511582374573
696,1,0.8256195187568665
697,1,0.9266737103462219
698,1,0.9138482809066772
699,1,0.945267915725708
700,1,0.9696546196937561
701,1,0.8449587821960449
702,1,0.880996584892273
703,1,0.7156834006309509
704,1,0.9537184238433838
705,1,0.9327462911605835
706,1,0.9778900742530823
707,1,0.7784190773963928
708,1,0.43465203046798706
709,1,0.9117586612701416
710,1,0.9699109792709351
711,1,0.9010714888572693
712,1,0.38337695598602295
713,1,0.2748209834098816
714,1,0.8039842844009399
715,1,0.04042861983180046
716,1,0.8085427284240723
717,1,0.5761557221412659
718,1,0.02220253273844719
719,1,0.1662316620349884
720,1,0.28914791345596313
721,1,0.24714361131191254
722,1,0.2322639375925064
723,1,0.24378862977027893
724,1,0.1525944620370865
725,1,0.8699195384979248
726,1,0.8763427734375
727,1,0.02662821114063263
728,1,0.2802290916442871
729,1,0.5687883496284485
730,1,0.38602253794670105
731,1,0.020510805770754814
732,1,0.0818825513124466
733,1,0.8615015745162964
734,1,0.689365565776825
735,1,0.12257111072540283
736,1,0.8141636848449707
737,1,0.10232507437467575
738,1,0.8754701614379883
739,1,0.78739994764328
740,1,0.03581732511520386
741,1,0.8546582460403442
742,1,0.6008532047271729
743,1,0.43265634775161743
744,1,0.4065209925174713
745,1,0.2466081827878952
746,1,0.30959317088127136
747,1,0.6921586394309998
748,1,0.8024623990058899
749,1,0.9080634117126465
750,1,0.8647847771644592
751,1,0.9277357459068298
752,1,0.42431914806365967
753,1,0.5519714951515198
754,1,0.7899538278579712
755,1,0.887546718120575
756,1,0.621721625328064
757,1,0.7312964797019958
758,1,0.5820605158805847
759,1,0.7234143614768982
760,1,0.9072368144989014
761,1,0.8458050489425659
762,1,0.7805588245391846
763,1,0.695163369178772
764,1,0.16133911907672882
765,1,0.5122267007827759
766,1,0.4357408881187439
767,1,0.9114465713500977
768,1,0.18297499418258667
769,1,0.8332379460334778
770,1,0.9121038317680359
771,1,0.4539203643798828
772,1,0.7330849766731262
773,1,0.8018785119056702
774,1,0.8157150745391846
775,1,0.20331525802612305
776,1,0.7685996294021606
777,1,0.9195327758789062
778,1,0.7615442872047424
779,1,0.786805272102356
780,1,0.8727401494979858
781,1,0.9527076482772827
782,1,0.8228254914283752
783,1,0.849232017993927
784,1,0.7687441110610962
785,1,0.5444867610931396
786,1,0.5396020412445068
787,1,0.8135467767715454
788,1,0.6477420330047607
789,1,0.43809494376182556
790,1,0.86697918176651
791,1,0.9357956647872925
792,1,0.7197087407112122
793,1,0.10745864361524582
794,1,0.8996238112449646
795,1,0.9816973805427551
796,1,0.8726432919502258
797,1,0.917091429233551
798,1,0.9222123026847839
799,1,0.8106324076652527
800,1,0.8336203098297119
801,1,0.701870322227478
802,1,0.8441419005393982
803,1,0.9361097812652588
804,1,0.8229426145553589
805,1,0.7528130412101746
806,1,0.9430776834487915
807,1,0.8394300937652588
808,1,0.7629850506782532
809,1,0.7552036643028259
810,1,0.7790164947509766
811,1,0.7081093192100525
812,1,0.7700409889221191
813,1,0.29744789004325867
814,1,0.21051931381225586
815,1,0.14344963431358337
816,1,0.8584280014038086
817,1,0.8493017554283142
818,1,0.9793312549591064
819,1,0.9445963501930237
820,1,0.9724546670913696
821,1,0.9675312042236328
822,1,0.8796971440315247
823,1,0.86662757396698
824,1,0.9764958620071411
825,1,0.9351984858512878
826,1,0.9205847978591919
827,1,0.6653801202774048
828,1,0.9601579308509827
829,1,0.965972900390625
830,1,0.9676042199134827
831,1,0.9355088472366333
832,1,0.9836618304252625
833,1,0.9599506258964539
834,1,0.9842557311058044
835,1,0.9266936779022217
836,1,0.9153380990028381
837,1,0.4613214433193207
838,1,0.7508132457733154
839,1,0.9622834920883179
840,1,0.9305554032325745
841,1,0.9420337677001953
842,1,0.9365231394767761
843,1,0.9651488065719604
844,1,0.987800121307373
845,1,0.9751502275466919
846,1,0.9432696104049683
847,1,0.980258584022522
848,1,0.9217773675918579
849,1,0.9671757221221924
850,1,0.7898328900337219
851,1,0.9684200882911682
852,1,0.9696440696716309
853,1,0.9520944356918335
854,1,0.9279278516769409
855,1,0.9817303419113159
856,1,0.8716820478439331
857,1,0.953881561756134
858,1,0.31716349720954895
859,1,0.5223298668861389
860,1,0.21697451174259186
861,1,0.8421467542648315
862,1,0.22286683320999146
863,1,0.12592953443527222
864,1,0.34144094586372375
865,1,0.5073546171188354
866,1,0.9585602283477783
867,1,0.6233593821525574
868,1,0.43254783749580383
869,1,0.5630693435668945
870,1,0.7567241191864014
871,1,0.6641727685928345
872,1,0.8400413393974304
873,1,0.8808159828186035
874,1,0.7276275157928467
875,1,0.6240863800048828
876,1,0.9532425403594971
877,1,0.6410430073738098
878,1,0.8645526170730591
879,1,0.8188483119010925
880,1,0.832374095916748
881,1,0.639972984790802
882,1,0.6990613341331482
883,1,0.2778978645801544
884,1,0.5805237889289856
885,1,0.7499862313270569
886,1,0.8912739753723145
887,1,0.8146747350692749
888,1,0.7735996246337891
889,1,0.24501168727874756
890,1,0.7112205028533936
891,1,0.46987178921699524
892,1,0.5003796815872192
893,1,0.7319014072418213
894,1,0.6826785802841187
895,1,0.7215021252632141
896,1,0.14710600674152374
897,1,0.10322848707437515
898,1,0.326072633266449
899,1,0.8115500807762146
900,1,0.6190864443778992
901,1,0.3099448084831238
902,1,0.7498494982719421
903,1,0.7298073172569275
904,1,0.7397937178611755
905,1,0.48140454292297363
906,1,0.8201540112495422
907,1,0.6808532476425171
908,1,0.6598967909812927
909,1,0.4527286887168884
910,1,0.5597239136695862
911,1,0.6466339826583862
912,1,0.19928564131259918
913,1,0.6190149188041687
914,1,0.8586600422859192
915,1,0.8736428022384644
916,1,0.9782796502113342
917,1,0.7662062048912048
918,1,0.5308687686920166
919,1,0.9085195660591125
920,1,0.9031379222869873
921,1,0.726620078086853
922,1,0.827708899974823
923,1,0.6989784240722656
924,1,0.939269483089447
925,1,0.9285129904747009
926,1,0.8982660174369812
927,1,0.9020199775695801
928,1,0.8713902235031128
929,1,0.8812897801399231
930,1,0.9236228466033936
931,1,0.7784909009933472
932,1,0.6750629544258118
933,1,0.8027156591415405
934,1,0.9253614544868469
935,1,0.5679128766059875
936,1,0.8754844069480896
937,1,0.9600379467010498
938,1,0.734346866607666
939,1,0.9476181864738464
940,1,0.9483098983764648
941,1,0.9001332521438599
942,1,0.8912718892097473
943,1,0.9207808375358582
944,1,0.9311878085136414
945,1,0.9363049864768982
946,1,0.9508824348449707
947,1,0.9329081177711487
948,1,0.8793713450431824
949,1,0.8523819446563721
950,1,0.7455030679702759
951,1,0.914687991142273
952,1,0.9526461958885193
953,1,0.9514704942703247
954,1,0.9242281317710876
955,1,0.5415557622909546
956,1,0.537734866142273
957,1,0.8604058027267456
958,1,0.9123141169548035
959,1,0.9380678534507751
960,1,0.9188764691352844
961,1,0.9170014262199402
962,1,0.9013746380805969
963,1,0.931135892868042
964,1,0.750351071357727
965,1,0.849273681640625
966,1,0.8694422245025635
967,1,0.9190444946289062
968,1,0.940809428691864
969,1,0.9108444452285767
970,1,0.8259388208389282
971,1,0.7647112011909485
972,1,0.8048456311225891
973,1,0.8815578818321228
974,1,0.8323681354522705
975,1,0.8806099891662598
976,1,0.8664880990982056
977,1,0.8918665051460266
978,1,0.7631835341453552
979,1,0.6487542986869812
980,1,0.6189060211181641
981,1,0.7373763918876648
982,1,0.7951995730400085
983,1,0.8314482569694519
984,1,0.7472095489501953
985,1,0.9168621301651001
986,1,0.9320473670959473
987,1,0.9496042132377625
988,1,0.8746245503425598
989,1,0.8785303235054016
990,1,0.8680366277694702
991,1,0.9496454000473022
992,1,0.9067400097846985
993,1,0.7846074104309082
994,1,0.9351057410240173
995,1,0.5557494759559631
996,1,0.9100577235221863
997,1,0.890701949596405
998,1,0.9258614778518677
999,1,0.9050307869911194
1000,1,0.929909348487854
1001,1,0.9334298372268677
1002,1,0.8374611735343933
1003,1,0.908700704574585
1004,1,0.9641519784927368
1005,1,0.9107148051261902
1006,1,0.9592468738555908
1007,1,0.8669270277023315
1008,1,0.05118726193904877
1009,1,0.29981809854507446
1010,1,0.5654394626617432
1011,1,0.8903547525405884
1012,1,0.831722617149353
1013,1,0.960640549659729
1014,1,0.9353742003440857
1015,1,0.8719349503517151
1016,1,0.8636503219604492
1017,1,0.9251756072044373
1018,1,0.9223034381866455
1019,1,0.8883848786354065
1020,1,0.8687960505485535
1021,1,0.8311258554458618
1022,1,0.8488386273384094
1023,1,0.2884026765823364
1024,1,0.7394883036613464
1025,1,0.9622671604156494
1026,1,0.8705679178237915
1027,1,0.7798702716827393
1028,1,0.8923755884170532
1029,1,0.9395833611488342
1030,1,0.9258216619491577
1031,1,0.9516481161117554
1032,1,0.9490946531295776
1033,1,0.9685150384902954
1034,1,0.9627583622932434
1035,1,0.9682416915893555
1036,1,0.8563010096549988
1037,1,0.8670348525047302
1038,1,0.7598168849945068
1039,1,0.6609750390052795
1040,1,0.7784030437469482
1041,1,0.9823647141456604
1042,1,0.9807567000389099
1043,1,0.9601579308509827
1044,1,0.011413399130105972
1045,1,0.7097625136375427
1046,1,0.5911716818809509
1047,1,0.9708857536315918
1048,1,0.8932788968086243
1049,1,0.9642835259437561
1050,1,0.8520076870918274
1051,1,0.5357856750488281
1052,1,0.9768696427345276
1053,1,0.9735952615737915
1054,1,0.9594759345054626
1055,1,0.010549409314990044
1056,1,0.32759296894073486
1057,1,0.19296328723430634
1058,1,0.9649251699447632
1059,1,0.9052233695983887
1060,1,0.9238501191139221
1061,1,0.9839022755622864
1062,1,0.6435085535049438
1063,1,0.7926560640335083
1064,1,0.720835268497467
1065,1,0.7909433245658875
1066,1,0.7240404486656189
1067,1,0.8297766447067261
1068,1,0.86735999584198
1069,1,0.7360169887542725
1070,1,0.8167473673820496
1071,1,0.8828572630882263
1072,1,0.3551548421382904
1073,1,0.13686813414096832
1074,1,0.8164765238761902
1075,1,0.12720593810081482
1076,1,0.15904098749160767
1077,1,0.7669742107391357
1078,1,0.6743725538253784
1079,1,0.496682345867157
1080,1,0.4322020709514618
1081,1,0.6597421169281006
1082,1,0.7406810522079468
1083,1,0.4397445619106293
1084,1,0.8968939781188965
1085,1,0.7877230644226074
1086,1,0.74779212474823
1087,1,0.7508227825164795
1088,1,0.750028669834137
1089,1,0.7452062368392944
1090,1,0.6978656053543091
1091,1,0.9326156377792358
1092,1,0.38807573914527893
1093,1,0.4938910901546478
1094,1,0.5922596454620361
1095,1,0.5388013124465942
1096,1,0.8500399589538574
1097,1,0.7240136861801147
1098,1,0.3165688216686249
1099,1,0.8680679798126221
1100,1,0.8356906771659851
1101,1,0.5500237345695496
1102,1,0.8982753157615662
1103,1,0.6796441674232483
1104,1,0.7894360423088074
1105,1,0.779129147529602
1106,1,0.4669038653373718
1107,1,0.848313570022583
1108,1,0.4022178053855896
1109,1,0.1440068632364273
1110,1,0.817649245262146
1111,1,0.8325990438461304
1112,1,0.9121620655059814
1113,1,0.672001838684082
1114,1,0.6486924290657043
1115,1,0.8460451364517212
1116,1,0.5946382880210876
1117,1,0.7959901094436646
1118,1,0.8888301849365234
1119,1,0.9014756083488464
1120,1,0.653303325176239
1121,1,0.2035192996263504
1122,1,0.825318455696106
1123,1,0.6925310492515564
1124,1,0.9401293992996216
1125,1,0.9531230926513672
1126,1,0.7809109687805176
1127,1,0.9632390141487122
1128,1,0.8553408980369568
1129,1,0.8504146337509155
1130,1,0.9418269991874695
1131,1,0.7018467783927917
1132,1,0.9680330753326416
1133,1,0.659324586391449
1134,1,0.8495615124702454
1135,1,0.9674885869026184
1136,1,0.8225172162055969
1137,1,0.12639303505420685
1138,1,0.7960634827613831
1139,1,0.9090922474861145
1140,1,0.8697290420532227
1141,1,0.8346779942512512
1142,1,0.9489849209785461
1143,1,0.8554164171218872
1144,1,0.8681703209877014
1145,1,0.9507994651794434
1146,1,0.9128187298774719
1147,1,0.010694609954953194
1148,1,0.5546636581420898
1149,1,0.9840180277824402
1150,1,0.8700988292694092
1151,1,0.8695744276046753
1152,1,0.9202472567558289
1153,1,0.9257439970970154
1154,1,0.8231337666511536
1155,1,0.9703441858291626
1156,1,0.884168803691864
1157,1,0.9698601961135864
1158,1,0.9666401743888855
1159,1,0.9835737943649292
1160,1,0.977168083190918
1161,1,0.9687855839729309
1162,1,0.9720102548599243
1163,1,0.9769498109817505
1164,1,0.9844523668289185
1165,1,0.9531470537185669
1166,1,0.9650393128395081
1167,1,0.9564452171325684
1168,1,0.9672771096229553
1169,1,0.9555673003196716
1170,1,0.2606305480003357
1171,1,0.9765275716781616
1172,1,0.8576151132583618
1173,1,0.6459229588508606
1174,1,0.9839093089103699
1175,1,0.9771231412887573
1176,1,0.9056792855262756
1177,1,0.8992148637771606
1178,1,0.908176839351654
1179,1,0.9763508439064026
1180,1,0.3293560743331909
1181,1,0.9391525387763977
1182,1,0.8397687673568726
1183,1,0.9340950846672058
1184,1,0.9401026964187622
1185,1,0.9605278968811035
1186,1,0.9298360347747803
1187,1,0.9394290447235107
1188,1,0.9509561061859131
1189,1,0.9738765954971313
1190,1,0.2752770781517029
1191,1,0.9672995209693909
1192,1,0.491936594247818
1193,1,0.19181381165981293
1194,1,0.5851216316223145
1195,1,0.18773505091667175
1196,1,0.2040576934814453
1197,1,0.9122952818870544
1198,1,0.09233785420656204
1199,1,0.38750630617141724
1200,1,0.16987459361553192
1201,1,0.2757128179073334
1202,1,0.9505050182342529
1203,1,0.9665428400039673
1204,1,0.9189258813858032
1205,1,0.5818583369255066
1206,1,0.5621166229248047
1207,1,0.8710193634033203
1208,1,0.5489267110824585
1209,1,0.6784646511077881
1210,1,0.5784291625022888
1211,1,0.49954408407211304
1212,1,0.49814924597740173
1213,1,0.7628483176231384
1214,1,0.44950783252716064
1215,1,0.4664769172668457
1216,1,0.8077250719070435
1217,1,0.799956738948822
1218,1,0.7802209258079529
1219,1,0.5522251129150391
1220,1,0.9367899298667908
1221,1,0.7196823954582214
1222,1,0.6892408132553101
1223,1,0.29103079438209534
1224,1,0.7355738282203674
1225,1,0.8867943286895752
1226,1,0.8647841811180115
1227,1,0.25191444158554077
1228,1,0.7874929308891296
1229,1,0.823940098285675
1230,1,0.20515072345733643
1231,1,0.7550541162490845
1232,1,0.2906949818134308
1233,1,0.6715441346168518
1234,1,0.7233065962791443
1235,1,0.798037052154541
1236,1,0.32501327991485596
1237,1,0.7770765423774719
1238,1,0.8261277675628662
1239,1,0.6399965882301331
1240,1,0.8102862238883972
1241,1,0.5045777559280396
1242,1,0.4323098957538605
1243,1,0.7554452419281006
1244,1,0.475821852684021
1245,1,0.018318122252821922
1246,1,0.7803314328193665
1247,1,0.7296454310417175
1248,1,0.178003191947937
1249,1,0.8976736664772034
1250,1,0.3373221457004547
1251,1,0.7188795208930969
1252,1,0.41435861587524414
1253,1,0.8537366390228271
1254,1,0.6911143660545349
1255,1,0.7051129341125488
1256,1,0.19221436977386475
1257,1,0.7071459889411926
1258,1,0.6068124175071716
1259,1,0.7625482678413391
1260,1,0.8144916892051697
1261,1,0.1702740341424942
1262,1,0.6283079981803894
1263,1,0.08697866648435593
1264,1,0.4506019651889801
1265,1,0.8678531050682068
1266,1,0.027875807136297226
1267,1,0.8299278616905212
1268,1,0.3677130341529846
1269,1,0.889920711517334
1270,1,0.23282837867736816
1271,1,0.4837760627269745
1272,1,0.2038504034280777
1273,1,0.7499598860740662
1274,1,0.29823651909828186
1275,1,0.38915878534317017
1276,1,0.8313100337982178
1277,1,0.7890413403511047
1278,1,0.8063823580741882
1279,1,0.7098066806793213
1280,1,0.06961143016815186
1281,1,0.8733426332473755
1282,1,0.2627924978733063
1283,1,0.7453072667121887
1284,1,0.7264488935470581
1285,1,0.2910485863685608
1286,1,0.769391655921936
1287,1,0.17032645642757416
1288,1,0.5662316679954529
1289,1,0.845845639705658
1290,1,0.540225088596344
1291,1,0.7410966753959656
1292,1,0.7594647407531738
1293,1,0.7902229428291321
1294,1,0.4053548574447632
1295,1,0.9079014658927917
1296,1,0.5953543186187744
1297,1,0.47225552797317505
1298,1,0.8262969255447388
1299,1,0.7627846002578735
1300,1,0.5870209336280823
1301,1,0.744472086429596
1302,1,0.8387759923934937
1303,1,0.4120773673057556
1304,1,0.6130231618881226
1305,1,0.14004583656787872
1306,1,0.6538428068161011
1307,1,0.8985247015953064
1308,1,0.8990002274513245
1309,1,0.836446225643158
1310,1,0.13332799077033997
1311,1,0.8309913277626038
1312,1,0.479108989238739
1313,1,0.47058719396591187
1314,1,0.02883632853627205
1315,1,0.5998157262802124
1316,1,0.9089003801345825
1317,1,0.9038993120193481
1318,1,0.45592421293258667
1319,1,0.6398178935050964
1320,1,0.7328441143035889
1321,1,0.8033055067062378
1322,1,0.9360057711601257
1323,1,0.9666925668716431
1324,1,0.9809486865997314
1325,1,0.9499167799949646
1326,1,0.9120150804519653
1327,1,0.7084158658981323
1328,1,0.6425632238388062
1329,1,0.7577257752418518
1330,1,0.9359176158905029
1331,1,0.8071489930152893
1332,1,0.7278722524642944
1333,1,0.902477502822876
1334,1,0.9395203590393066
1335,1,0.8707645535469055
1336,1,0.22557419538497925
1337,1,0.9175010323524475
1338,1,0.9287514090538025
1339,1,0.9291906952857971
1340,1,0.9553986191749573
1341,1,0.9150067567825317
1342,1,0.9841699600219727
1343,1,0.7871890068054199
1344,1,0.7066698670387268
1345,1,0.49839815497398376
1346,1,0.49302706122398376
1347,1,0.8305587768554688
1348,1,0.7008579969406128
1349,1,0.8394192457199097
1350,1,0.9588567614555359
1351,1,0.5797116160392761
1352,1,0.8380627036094666
1353,1,0.8989126682281494
1354,1,0.650419294834137
1355,1,0.8801561594009399
1356,1,0.9324799180030823
1357,1,0.9317820072174072
1358,1,0.5282068848609924
1359,1,0.852566123008728
1360,1,0.38742193579673767
1361,1,0.9670005440711975
1362,1,0.9512166976928711
1363,1,0.9767153859138489
1364,1,0.6898834705352783
1365,1,0.9053696393966675
1366,1,0.7086366415023804
1367,1,0.7423615455627441
1368,1,0.8556187152862549
1369,1,0.9080841541290283
1370,1,0.8987197875976562
1371,1,0.709520697593689
1372,1,0.8951403498649597
1373,1,0.8801178932189941
1374,1,0.7987236380577087
1375,1,0.8366357088088989
1376,1,0.8235896229743958
1377,1,0.9077519178390503
1378,1,0.5860628485679626
1379,1,0.5982203483581543
1380,1,0.5628692507743835
1381,1,0.9389108419418335
1382,1,0.8185641765594482
1383,1,0.8523793816566467
1384,1,0.9372257590293884
1385,1,0.9014678597450256
1386,1,0.8640639185905457
1387,1,0.9251022338867188
1388,1,0.6580714583396912
1389,1,0.8539464473724365
1390,1,0.9620391130447388
1391,1,0.9695549607276917
1392,1,0.9745371341705322
1393,1,0.8865172266960144
1394,1,0.9815733432769775
1395,1,0.9542149901390076
1396,1,0.860496461391449
1397,1,0.9667462706565857
1398,1,0.9103848934173584
1399,1,0.9621714353561401
1400,1,0.9579240679740906
1401,1,0.9359360933303833
1402,1,0.9626856446266174
1403,1,0.7891606688499451
1404,1,0.8535172939300537
1405,1,0.8727391362190247
1406,1,0.178003191947937
1407,1,0.8941340446472168
1408,1,0.9866597652435303
1409,1,0.9575279951095581
1410,1,0.9486181735992432
1411,1,0.9937911629676819
1412,1,0.9371275305747986
1413,1,0.9873091578483582
1414,1,0.9206405878067017
1415,1,0.8986184597015381
1416,1,0.9712035059928894
1417,1,0.9257668852806091
1418,1,0.9572511315345764
1419,1,0.957179605960846
1420,1,0.9798598885536194
1421,1,0.982245683670044
1422,1,0.7497348785400391
1423,1,0.6957730054855347
1424,1,0.19217678904533386
1425,1,0.9557350873947144
1426,1,0.7913298010826111
1427,1,0.9320783019065857
1428,1,0.9689012169837952
1429,1,0.9643107652664185
1430,1,0.9110219478607178
1431,1,0.8454288244247437
1432,1,0.9651392102241516
1433,1,0.9297788739204407
1434,1,0.9876574277877808
1435,1,0.619227409362793
1436,1,0.9729841351509094
1437,1,0.9352886080741882
1438,1,0.08552243560552597
1439,1,0.1275017112493515
1440,1,0.9520387053489685
1441,1,0.6222485303878784
1442,1,0.8874629735946655
1443,1,0.9623001217842102
1444,1,0.9714008569717407
1445,1,0.9622011184692383
1446,1,0.9194987416267395
1447,1,0.4040897786617279
1448,1,0.11199069023132324
1449,1,0.9748241901397705
1450,1,0.8705835342407227
1451,1,0.9786757826805115
1452,1,0.9176273345947266
1453,1,0.956998884677887
1454,1,0.7708026766777039
1455,1,0.7553945183753967
1456,1,0.9534974098205566
1457,1,0.9699927568435669
1458,1,0.9573800563812256
1459,1,0.9117661714553833
1460,1,0.9667370915412903
1461,1,0.38146352767944336
1462,1,0.9486417770385742
1463,1,0.9645387530326843
1464,1,0.9293898940086365
1465,1,0.9226809144020081
1466,1,0.9593449234962463
1467,1,0.9435846209526062
1468,1,0.9529373049736023
1469,1,0.9357404112815857
1470,1,0.9656030535697937
1471,1,0.9871127009391785
1472,1,0.20886112749576569
1473,1,0.2813122868537903
1474,1,0.09612046182155609
1475,1,0.6757596731185913
1476,1,0.6928008794784546
1477,1,0.31647542119026184
1478,1,0.2168736606836319
1479,1,0.6408395767211914
1480,1,0.6967165470123291
1481,1,0.721969485282898
1482,1,0.7857775092124939
1483,1,0.4000795781612396
1484,1,0.8568629026412964
1485,1,0.912382185459137
1486,1,0.9290772676467896
1487,1,0.33405444025993347
1488,1,0.7782591581344604
1489,1,0.8079548478126526
1490,1,0.8454979658126831
1491,1,0.8468424677848816
1492,1,0.8577208518981934
1493,1,0.8231934309005737
1494,1,0.09162571281194687
1495,1,0.513696014881134
1496,1,0.9353139400482178
1497,1,0.4986596405506134
1498,1,0.9243329167366028
1499,1,0.9378808736801147
1500,1,0.935086727142334
1501,1,0.9039478302001953
1502,1,0.729519784450531
1503,1,0.8870295286178589
1504,1,0.9538702964782715
1505,1,0.8568978309631348
1506,1,0.9354626536369324
1507,1,0.9783172011375427
1508,1,0.7615518569946289
1509,1,0.984992265701294
1510,1,0.9241535067558289
1511,1,0.9169062972068787
1512,1,0.8427931070327759
1513,1,0.9376934170722961
1514,1,0.7894980907440186
1515,1,0.346621572971344
1516,1,0.9412698149681091
1517,1,0.7094274759292603
1518,1,0.7904666662216187
1519,1,0.985832929611206
1520,1,0.9664521813392639
1521,1,0.9847897887229919
1522,1,0.9864161014556885
1523,1,0.8096937537193298
1524,1,0.9668729305267334
1525,1,0.9747109413146973
1526,1,0.8510295152664185
1527,1,0.9339430928230286
1528,1,0.90906822681427
1529,1,0.8571080565452576
1530,1,0.8824005722999573
1531,1,0.7968475818634033
1532,1,0.04778940975666046
1533,1,0.6124764680862427
1534,1,0.923462450504303
1535,1,0.8620998859405518
1536,1,0.9310726523399353
1537,1,0.8548756241798401
1538,1,0.4007948935031891
1539,1,0.7432124614715576
1540,1,0.3807072341442108
1541,1,0.8006576895713806
1542,1,0.41820618510246277
1543,1,0.931005597114563
1544,1,0.861419141292572
1545,1,0.9185161590576172
1546,1,0.9404799342155457
1547,1,0.6020112037658691
1548,1,0.9159278869628906
1549,1,0.6092586517333984
1550,1,0.8179996609687805
1551,1,0.860266387462616
1552,1,0.9081860184669495
1553,1,0.46948859095573425
1554,1,0.926231861114502
1555,1,0.9604014158248901
1556,1,0.9155415296554565
1557,1,0.8166062235832214
1558,1,0.9407651424407959
1559,1,0.9393677115440369
1560,1,0.914002001285553
1561,1,0.9464690089225769
1562,1,0.8737141489982605
1563,1,0.8265272974967957
1564,1,0.9804903864860535
1565,1,0.9473724365234375
1566,1,0.9866755604743958
1567,1,0.9785335659980774
1568,1,0.9815796613693237
1569,1,0.9527826309204102
1570,1,0.8697575330734253
1571,1,0.9309409856796265
1572,1,0.931814432144165
1573,1,0.973032534122467
1574,1,0.9207472801208496
1575,1,0.9359430074691772
1576,1,0.9802846908569336
1577,1,0.969610333442688
1578,1,0.8835881948471069
1579,1,0.9475492238998413
1580,1,0.9572890400886536
1581,1,0.9738152027130127
1582,1,0.9421406984329224
1583,1,0.9804234504699707
1584,1,0.9658412933349609
1585,1,0.940089762210846
1586,1,0.7651656866073608
1587,1,0.8496342301368713
1588,1,0.9054673314094543
1589,1,0.9766299724578857
1590,1,0.9683471322059631
1591,1,0.9658071994781494
1592,1,0.9802974462509155
1593,1,0.975680947303772
1594,1,0.9700070023536682
1595,1,0.9726914763450623
1596,1,0.9819983243942261
1597,1,0.7800137996673584
1598,1,0.9881514310836792
1599,1,0.9785812497138977
1600,1,0.9763387441635132
1601,1,0.9869590401649475
1602,1,0.9614221453666687
1603,1,0.97053062915802
1604,1,0.9242674708366394
1605,1,0.9864729642868042
1606,1,0.9820410013198853
1607,1,0.1611204892396927
1608,1,0.980695903301239
1609,1,0.8385056853294373
1610,1,0.9255558848381042
1611,1,0.9864569306373596
1612,1,0.8927048444747925
1613,1,0.9784759283065796
1614,1,0.9673946499824524
1615,1,0.9734294414520264
1616,1,0.9649984240531921
1617,1,0.9398273825645447
1618,1,0.973940372467041
1619,1,0.9026607871055603
1620,1,0.40543803572654724
1621,1,0.9277144074440002
1622,1,0.9641810059547424
1623,1,0.9786863923072815
1624,1,0.9043517112731934
1625,1,0.8780249953269958
1626,1,0.9588751196861267
1627,1,0.9262129664421082
1628,1,0.9107028841972351
1629,1,0.8926331996917725
1630,1,0.12903860211372375
1631,1,0.9532899260520935
1632,1,0.7735311388969421
1633,1,0.9137841463088989
1634,1,0.6645845174789429
1635,1,0.8359605073928833
1636,1,0.7377538084983826
1637,1,0.9632534384727478
1638,1,0.845156729221344
1639,1,0.9563630223274231
1640,1,0.36673876643180847
1641,1,0.358821302652359
1642,1,0.9140884280204773
1643,1,0.9813324213027954
1644,1,0.5402867794036865
1645,1,0.8521777987480164
1646,1,0.9417926073074341
1647,1,0.9620215892791748
1648,1,0.9581550359725952
1649,1,0.5272344350814819
1650,1,0.6506543755531311
1651,1,0.5296860337257385
1652,1,0.2239365130662918
1653,1,0.309278666973114
1654,1,0.5989486575126648
1655,1,0.17551127076148987
1656,1,0.22524219751358032
1657,1,0.2788729965686798
1658,1,0.18154023587703705
1659,1,0.18571820855140686
1660,1,0.2297622263431549
1661,1,0.27045774459838867
1662,1,0.011677353642880917
1663,1,0.3546055853366852
1664,1,0.22567376494407654
1665,1,0.009411478415131569
1666,1,0.9656166434288025
1667,1,0.9255883097648621
1668,1,0.9530637860298157
1669,1,0.9595008492469788
1670,1,0.956836462020874
1671,1,0.9253154397010803
1672,1,0.9690453410148621
1673,1,0.1149589791893959
1674,1,0.1337893307209015
1675,1,0.4352330267429352
1676,1,0.7770127654075623
1677,1,0.8145763278007507
1678,1,0.9429088234901428
1679,1,0.9702761769294739
1680,1,0.9142712950706482
1681,1,0.9911497831344604
1682,1,0.84589022397995
1683,1,0.9628119468688965
1684,1,0.9392713308334351
1685,1,0.9545044302940369
1686,1,0.5347001552581787
1687,1,0.5143465399742126
1688,1,0.8689252734184265
1689,1,0.8743674755096436
1690,1,0.2922850251197815
1691,1,0.8088375329971313
1692,1,0.909614622592926
1693,1,0.9497805237770081
1694,1,0.9430997371673584
1695,1,0.5713303685188293
1696,1,0.820686936378479
1697,1,0.9454166293144226
1698,1,0.7629462480545044
1699,1,0.8923593759536743
1700,1,0.9675759673118591
1701,1,0.11972352862358093
1702,1,0.9214497804641724
1703,1,0.9580479860305786
1704,1,0.06284938007593155
1705,1,0.9609677195549011
1706,1,0.8553910851478577
1707,1,0.9223929643630981
1708,1,0.47662729024887085
1709,1,0.8798388838768005
1710,1,0.9174036979675293
1711,1,0.4888888895511627
1712,1,0.9376879334449768
1713,1,0.8546369671821594
1714,1,0.9709110260009766
1715,1,0.46314704418182373
1716,1,0.9454969763755798
1717,1,0.6101321578025818
1718,1,0.8009310960769653
1719,1,0.8207939863204956
1720,1,0.8923539519309998
1721,1,0.7914153933525085
1722,1,0.8010255098342896
1723,1,0.8699023127555847
1724,1,0.7846789360046387
1725,1,0.9712991714477539
1726,1,0.9649049639701843
1727,1,0.4964817464351654
1728,1,0.963572084903717
1729,1,0.8296027779579163
1730,1,0.9113072752952576
1731,1,0.6035288572311401
1732,1,0.9583219289779663
1733,1,0.9767239093780518
1734,1,0.9410635232925415
1735,1,0.9797041416168213
1736,1,0.37168338894844055
1737,1,0.7078755497932434
1738,1,0.8924809694290161
1739,1,0.9733040928840637
1740,1,0.96306312084198
1741,1,0.9520771503448486
1742,1,0.9046726822853088
1743,1,0.6618519425392151
1744,1,0.8650038838386536
1745,1,0.959932804107666
1746,1,0.9059339761734009
1747,1,0.9677397608757019
1748,1,0.6962524652481079
1749,1,0.9193375110626221
1750,1,0.9007319211959839
1751,1,0.9572271108627319
1752,1,0.9697181582450867
1753,1,0.5668001174926758
1754,1,0.9136084914207458
1755,1,0.9578990340232849
1756,1,0.9708223342895508
1757,1,0.04576481878757477
1758,1,0.8588751554489136
1759,1,0.8194708824157715
1760,1,0.9828671813011169
1761,1,0.9850711822509766
1762,1,0.9719021320343018
1763,1,0.9561293721199036
1764,1,0.9805898666381836
1765,1,0.7725479602813721
1766,1,0.8657885789871216
1767,1,0.30027031898498535
1768,1,0.9812077283859253
1769,1,0.9521785378456116
1770,1,0.9694720506668091
1771,1,0.9723215699195862
1772,1,0.9045196771621704
1773,1,0.9795864224433899
1774,1,0.4237602949142456
1775,1,0.9684066772460938
1776,1,0.940839946269989
1777,1,0.972036600112915
1778,1,0.9468762874603271
1779,1,0.8619757294654846
1780,1,0.8815968036651611
1781,1,0.9819424748420715
1782,1,0.9478092193603516
1783,1,0.6349194645881653
1784,1,0.9771832227706909
1785,1,0.9784115552902222
1786,1,0.9752947688102722
1787,1,0.985806405544281
1788,1,0.9708428978919983
1789,1,0.9339883327484131
1790,1,0.7838129997253418
1791,1,0.9814894795417786
1792,1,0.8059579133987427
1793,1,0.9695978760719299
1794,1,0.9767487049102783
1795,1,0.8770052790641785
1796,1,0.9859547019004822
1797,1,0.19484546780586243
1798,1,0.9157621264457703
1799,1,0.9500415921211243
1800,1,0.8571802973747253
1801,1,0.4514126181602478
1802,1,0.8175358772277832
1803,1,0.9228843450546265
1804,1,0.26744064688682556
1805,1,0.8741094470024109
1806,1,0.7197021842002869
1807,1,0.9531116485595703
1808,1,0.8057255148887634
1809,1,0.9334636926651001
1810,1,0.6891571283340454
1811,1,0.20940230786800385
1812,1,0.7351075410842896
1813,1,0.5422033667564392
1814,1,0.9320688247680664
1815,1,0.9156601428985596
1816,1,0.8650027513504028
1817,1,0.8734298348426819
1818,1,0.946229875087738
1819,1,0.9597307443618774
1820,1,0.3643062114715576
1821,1,0.5126338601112366
1822,1,0.9070810079574585
1823,1,0.8747345209121704
1824,1,0.9579964876174927
1825,1,0.9000298976898193
1826,1,0.945919930934906
1827,1,0.9421166777610779
1828,1,0.8868353962898254
1829,1,0.9473683834075928
1830,1,0.8897998929023743
1831,1,0.9307276010513306
1832,1,0.7903905510902405
1833,1,0.8758763074874878
1834,1,0.9582704901695251
1835,1,0.8513966798782349
1836,1,0.9803615808486938
1837,1,0.9491503834724426
1838,1,0.7594821453094482
1839,1,0.4531370997428894
1840,1,0.9791603684425354
1841,1,0.1907953917980194
1842,1,0.4795984625816345
1843,1,0.30311575531959534
1844,1,0.7949674725532532
1845,1,0.8799614310264587
1846,1,0.8319134712219238
1847,1,0.963860273361206
1848,1,0.6811639070510864
1849,1,0.8061435222625732
1850,1,0.5653784871101379
1851,1,0.35038986802101135
1852,1,0.5426317453384399
1853,1,0.8928147554397583
1854,1,0.9368460774421692
1855,1,0.9591586589813232
1856,1,0.7872493863105774
1857,1,0.9716307520866394
1858,1,0.6630735397338867
1859,1,0.936366617679596
1860,1,0.9088049530982971
1861,1,0.5248517394065857
1862,1,0.9419868588447571
1863,1,0.9858609437942505
1864,1,0.4288559556007385
1865,1,0.6843682527542114
1866,1,0.4273754954338074
1867,1,0.5300980806350708
1868,1,0.9462587833404541
1869,1,0.9852142930030823
1870,1,0.9611635804176331
1871,1,0.48640596866607666
1872,1,0.9499358534812927
1873,1,0.8162450790405273
1874,1,0.9433837532997131
1875,1,0.9725260734558105
1876,1,0.934820294380188
1877,1,0.26650387048721313
1878,1,0.7983382940292358
1879,1,0.5401080846786499
1880,1,0.6763277053833008
1881,1,0.7206372618675232
1882,1,0.21343837678432465
1883,1,0.8888220191001892
1884,1,0.9375889897346497
1885,1,0.7093011140823364
1886,1,0.6295357346534729
1887,1,0.35572341084480286
1888,1,0.330218642950058
1889,1,0.9549311399459839
1890,1,0.9841342568397522
1891,1,0.2278444617986679
1892,1,0.24310202896595
1893,1,0.9287222027778625
1894,1,0.94174724817276
1895,1,0.9300693273544312
1896,1,0.9586787819862366
1897,1,0.9682043790817261
1898,1,0.21823127567768097
1899,1,0.9588703513145447
1900,1,0.38146352767944336
1901,1,0.928494930267334
1902,1,0.8105502128601074
1903,1,0.30862876772880554
1904,1,0.2887086868286133
1905,1,0.845328688621521
1906,1,0.975823163986206
1907,1,0.9425948858261108
1908,1,0.9693871140480042
1909,1,0.17250819504261017
1910,1,0.8950111269950867
1911,1,0.7132527828216553
1912,1,0.04269922897219658
1913,1,0.2952043414115906
1914,1,0.020022032782435417
1915,1,0.5819815397262573
1916,1,0.32925814390182495
1917,1,0.6549584865570068
1918,1,0.6928476691246033
1919,1,0.9687157869338989
1920,1,0.832326352596283
1921,1,0.9761177897453308
1922,1,0.9725396633148193
1923,1,0.9132580161094666
1924,1,0.8005396127700806
1925,1,0.8725764751434326
1926,1,0.9755706191062927
1927,1,0.8402447700500488
1928,1,0.956110417842865
1929,1,0.8312605023384094
1930,1,0.9329710006713867
1931,1,0.9685240983963013
1932,1,0.9346859455108643
1933,1,0.9649866819381714
1934,1,0.9801685810089111
1935,1,0.9680842757225037
1936,1,0.7943575382232666
1937,1,0.28454652428627014
1938,1,0.9073163866996765
1939,1,0.8542871475219727
1940,1,0.9284182786941528
1941,1,0.9344096779823303
1942,1,0.7889279723167419
1943,1,0.8920729756355286
1944,1,0.9396466612815857
1945,1,0.5162794589996338
1946,1,0.9547407627105713
1947,1,0.9400510191917419
1948,1,0.9759452939033508
1949,1,0.9683425426483154
1950,1,0.11953823268413544
1951,1,0.9667282104492188
1952,1,0.9715837836265564
1953,1,0.8022162318229675
1954,1,0.7503113746643066
1955,1,0.7247099876403809
1956,1,0.9746164083480835
1957,1,0.9359323382377625
1958,1,0.9847053289413452
1959,1,0.9750607013702393
1960,1,0.9798073768615723
1961,1,0.967250645160675
1962,1,0.9709861874580383
1963,1,0.9812456369400024
1964,1,0.8618249893188477
1965,1,0.775253415107727
1966,1,0.958676278591156
1967,1,0.9418154358863831
1968,1,0.9555994868278503
1969,1,0.9608601331710815
1970,1,0.7860918045043945
1971,1,0.9655532836914062
1972,1,0.9668890833854675
1973,1,0.7671458721160889
1974,1,0.9697432518005371
1975,1,0.984184741973877
1976,1,0.9827568531036377
1977,1,0.31525343656539917
1978,1,0.9402751922607422
1979,1,0.6950109601020813
1980,1,0.9555250406265259
1981,1,0.9529708623886108
1982,1,0.45050308108329773
1983,1,0.5363170504570007
1984,1,0.6721892952919006
1985,1,0.04449179396033287
1986,1,0.5572119951248169
1987,1,0.8124735951423645
1988,1,0.7609452605247498
1989,1,0.7257953882217407
1990,1,0.17173798382282257
1991,0,0.09053020179271698
1992,0,0.026153968647122383
1993,0,0.691695511341095
1994,0,0.699558675289154
1995,0,0.661186158657074
1996,0,0.830258846282959
1997,0,0.013761444017291069
1998,0,0.02419365383684635
1999,0,0.04935494810342789
2000,0,0.0033251510467380285
2001,0,0.21213798224925995
2002,0,0.21756549179553986
2003,0,0.8504617810249329
2004,0,0.008095080964267254
2005,0,0.04931529983878136
2006,0,0.022550616413354874
2007,0,0.013139171525835991
2008,0,0.0070472960360348225
2009,0,0.08924958109855652
2010,0,0.07246827334165573
2011,0,0.012811019085347652
2012,0,0.10362444818019867
2013,0,0.16493798792362213
2014,0,0.37087392807006836
2015,0,0.6102111339569092
2016,0,0.5508137345314026
2017,0,0.011102724820375443
2018,0,0.4272651672363281
2019,0,0.2228313684463501
2020,0,0.27958354353904724
2021,0,0.051838841289281845
2022,0,0.2128736674785614
2023,0,0.3436520993709564
2024,0,0.14424599707126617
2025,0,0.050954677164554596
2026,0,0.19970397651195526
2027,0,0.6443337202072144
2028,0,0.26654115319252014
2029,0,0.032543204724788666
2030,0,0.0056305453181266785
2031,0,0.014109731651842594
2032,0,0.178003191947937
2033,0,0.07357311993837357
2034,0,0.13473546504974365
2035,0,0.15456554293632507
2036,0,0.2436242401599884
2037,0,0.01373575534671545
2038,0,0.3872239291667938
2039,0,0.31671392917633057
2040,0,0.28719350695610046
2041,0,0.0037057208828628063
2042,0,0.0061757927760481834
2043,0,0.34857460856437683
2044,0,0.6292141079902649
2045,0,0.1842500865459442
2046,0,0.005910424515604973
2047,0,0.11996813863515854
2048,0,0.21546536684036255
2049,0,0.2705766260623932
2050,0,0.00764251034706831
2051,0,0.2596326768398285
2052,0,0.861592173576355
2053,0,0.013883302919566631
2054,0,0.02677876316010952
2055,0,0.0530196838080883
2056,0,0.008144472725689411
2057,0,0.8766233921051025
2058,0,0.5139928460121155
2059,0,0.11022768169641495
2060,0,0.26252496242523193
2061,0,0.5970491766929626
2062,0,0.39391472935676575
2063,0,0.163284569978714
2064,0,0.3009338080883026
2065,0,0.5540142059326172
2066,0,0.02400130406022072
2067,0,0.5160702466964722
2068,0,0.3479885756969452
2069,0,0.014079689979553223
2070,0,0.6389518976211548
2071,0,0.021652838215231895
2072,0,0.023644350469112396
2073,0,0.20912320911884308
2074,0,0.0073564075864851475
2075,0,0.16379830241203308
2076,0,0.009158473461866379
2077,0,0.8628655672073364
2078,0,0.06971479207277298
2079,0,0.08291245251893997
2080,0,0.21668648719787598
2081,0,0.573877215385437
2082,0,0.01967453584074974
2083,0,0.3270498514175415
2084,0,0.008363588713109493
2085,0,0.08331741392612457
2086,0,0.009980615228414536
2087,0,0.2020541876554489
2088,0,0.8259427547454834
2089,0,0.03606010600924492
2090,0,0.01540609821677208
2091,0,0.010047515854239464
2092,0,0.004991163033992052
2093,0,0.020723484456539154
2094,0,0.12632931768894196
2095,0,0.0253867506980896
2096,0,0.03502333536744118
2097,0,0.1989804208278656
2098,0,0.04636727273464203
2099,0,0.39983633160591125
2100,0,0.035343218594789505
2101,0,0.25056520104408264
2102,0,0.006308302748948336
2103,0,0.004482539836317301
2104,0,0.0371507927775383
2105,0,0.020444391295313835
2106,0,0.0126063646748662
2107,0,0.008030133321881294
2108,0,0.5911820530891418
2109,0,0.042102061212062836
2110,0,0.12620215117931366
2111,0,0.07148712128400803
2112,0,0.00970285851508379
2113,0,0.018750907853245735
2114,0,0.5352749228477478
2115,0,0.6390723586082458
2116,0,0.016376864165067673
2117,0,0.08299704641103745
2118,0,0.021688811480998993
2119,0,0.6080887317657471
2120,0,0.42127588391304016
2121,0,0.08222723007202148
2122,0,0.018575699999928474
2123,0,0.007184537593275309
2124,0,0.7437965869903564
2125,0,0.7164613604545593
2126,0,0.39832308888435364
2127,0,0.03623557835817337
2128,0,0.8709632158279419
2129,0,0.2690933048725128
2130,0,0.6381241679191589
2131,0,0.8361819982528687
2132,0,0.07189331948757172
2133,0,0.40874937176704407
2134,0,0.374350905418396
2135,0,0.5474182963371277
2136,0,0.057447463274002075
2137,0,0.2780235707759857
2138,0,0.9613019227981567
2139,0,0.014289319515228271
2140,0,0.004206779412925243
2141,0,0.5586143732070923
2142,0,0.39160817861557007
2143,0,0.07159124314785004
2144,0,0.007025863043963909
2145,0,0.9004537463188171
2146,0,0.7643302083015442
2147,0,0.732884407043457
2148,0,0.15325987339019775
2149,0,0.7551941275596619
2150,0,0.237924262881279
2151,0,0.008013459853827953
2152,0,0.5056197047233582
2153,0,0.018800608813762665
2154,0,0.7017137408256531
2155,0,0.07196269184350967
2156,0,0.013345626182854176
2157,0,0.2059450000524521
2158,0,0.4714345335960388
2159,0,0.3836204409599304
2160,0,0.13549333810806274
2161,0,0.7338392734527588
2162,0,0.140941321849823
2163,0,0.007145886775106192
2164,0,0.04624638333916664
2165,0,0.9615867733955383
2166,0,0.06763768941164017
2167,0,0.010722024366259575
2168,0,0.6305603384971619
2169,0,0.6179606318473816
2170,0,0.10173854231834412
2171,0,0.36899641156196594
2172,0,0.19407515227794647
2173,0,0.19768336415290833
2174,0,0.014036254025995731
2175,0,0.19287312030792236
2176,0,0.12254097312688828
2177,0,0.005440033506602049
2178,0,0.23710285127162933
2179,0,0.010255400091409683
2180,0,0.49986425042152405
2181,0,0.006202411837875843
2182,0,0.22002647817134857
2183,0,0.06875401735305786
2184,0,0.657069742679596
2185,0,0.34504279494285583
2186,0,0.0051066335290670395
2187,0,0.030611597001552582
2188,0,0.1203622817993164
2189,0,0.20098181068897247
2190,0,0.5081732869148254
2191,0,0.15787822008132935
2192,0,0.1538839042186737
2193,0,0.23784969747066498
2194,0,0.05399420112371445
2195,0,0.015047065913677216
2196,0,0.2883218228816986
2197,0,0.05418140068650246
2198,0,0.018886428326368332
2199,0,0.25888776779174805
2200,0,0.007274193223565817
2201,0,0.5963208079338074
2202,0,0.007125526200979948
2203,0,0.023541191592812538
2204,0,0.3737034499645233
2205,0,0.21884986758232117
2206,0,0.8153332471847534
2207,0,0.38146352767944336
2208,0,0.3877754509449005
2209,0,0.4025634825229645
2210,0,0.02725328505039215
2211,0,0.028142429888248444
2212,0,0.03153025731444359
2213,0,0.6688600778579712
2214,0,0.9803755879402161
2215,0,0.018357256427407265
2216,0,0.003955896012485027
2217,0,0.008594049140810966
2218,0,0.10718102008104324
2219,0,0.004832633305341005
2220,0,0.010038251988589764
2221,0,0.9760655760765076
2222,0,0.010657894425094128
2223,0,0.22196704149246216
2224,0,0.604777455329895
2225,0,0.005099370609968901
2226,0,0.006583503447473049
2227,0,0.008435234427452087
2228,0,0.0072953421622514725
2229,0,0.512437641620636
2230,0,0.032029230147600174
2231,0,0.22901371121406555
2232,0,0.05127538740634918
2233,0,0.5508891344070435
2234,0,0.006221393123269081
2235,0,0.8118794560432434
2236,0,0.04860080033540726
2237,0,0.09757842868566513
2238,0,0.14344963431358337
2239,0,0.1251145452260971
2240,0,0.04693780094385147
2241,0,0.17248506844043732
2242,0,0.0059580374509096146
2243,0,0.6705352663993835
2244,0,0.801848828792572
2245,0,0.1407562643289566
2246,0,0.39952144026756287
2247,0,0.014953595586121082
2248,0,0.13065305352210999
2249,0,0.00637052720412612
2250,0,0.2164457142353058
2251,0,0.6898055672645569
2252,0,0.0726628378033638
2253,0,0.02842710353434086
2254,0,0.017742406576871872
2255,0,0.3225228786468506
2256,0,0.05933842808008194
2257,0,0.004433360882103443
2258,0,0.3867436647415161
2259,0,0.013784957118332386
2260,0,0.01304980181157589
2261,0,0.7339127659797668
2262,0,0.010250739753246307
2263,0,0.19981275498867035
2264,0,0.024234866723418236
2265,0,0.43845948576927185
2266,0,0.0142055070027709
2267,0,0.009871169924736023
2268,0,0.01577351987361908
2269,0,0.033039338886737823
2270,0,0.8741735816001892
2271,0,0.1905195415019989
2272,0,0.007232971955090761
2273,0,0.004812042228877544
2274,0,0.08271266520023346
2275,0,0.9130609631538391
2276,0,0.10469389706850052
2277,0,0.06420622020959854
2278,0,0.1353912204504013
2279,0,0.31809061765670776
2280,0,0.011517688632011414
2281,0,0.009534424170851707
2282,0,0.02253289334475994
2283,0,0.5054383277893066
2284,0,0.7281811833381653
2285,0,0.018181439489126205
2286,0,0.7314044833183289
2287,0,0.01404797937721014
2288,0,0.6440099477767944
2289,0,0.014723376370966434
2290,0,0.1719529628753662
2291,0,0.1149589791893959
2292,0,0.92777019739151
2293,0,0.014250745065510273
2294,0,0.025742406025528908
2295,0,0.8606436848640442
2296,0,0.36563390493392944
2297,0,0.12982527911663055
2298,0,0.6439419984817505
2299,0,0.13299141824245453
2300,0,0.024977928027510643
2301,0,0.036290690302848816
2302,0,0.005694062449038029
2303,0,0.6169904470443726
2304,0,0.19681239128112793
2305,0,0.42514848709106445
2306,0,0.16553924977779388
2307,0,0.023848677054047585
2308,0,0.016034172847867012
2309,0,0.09521046280860901
2310,0,0.2794961631298065
2311,0,0.005119253881275654
2312,0,0.07921910285949707
2313,0,0.23924371600151062
2314,0,0.25744715332984924
2315,0,0.011538614518940449
2316,0,0.02392467111349106
2317,0,0.006074066273868084
2318,0,0.05491819232702255
2319,0,0.5962696075439453
2320,0,0.06182015314698219
2321,0,0.1846991628408432
2322,0,0.19352073967456818
2323,0,0.3348649740219116
2324,0,0.03534247726202011
2325,0,0.7756985425949097
2326,0,0.07764126360416412
2327,0,0.13341329991817474
2328,0,0.08034247159957886
2329,0,0.13999386131763458
2330,0,0.005386843346059322
2331,0,0.0562179759144783
2332,0,0.17922049760818481
2333,0,0.09515412151813507
2334,0,0.05245867371559143
2335,0,0.27238571643829346
2336,0,0.8171263933181763
2337,0,0.0510328933596611
2338,0,0.22867241501808167
2339,0,0.6622155904769897
2340,0,0.44737181067466736
2341,0,0.38554510474205017
2342,0,0.03801938518881798
2343,0,0.06201403588056564
2344,0,0.2516920268535614
2345,0,0.3356202244758606
2346,0,0.02895529381930828
2347,0,0.3397098779678345
2348,0,0.006994233932346106
2349,0,0.11014140397310257
2350,0,0.030013710260391235
2351,0,0.0352289192378521
2352,0,0.006398750934749842
2353,0,0.05851762369275093
2354,0,0.004851663019508123
2355,0,0.8575801253318787
2356,0,0.008562098257243633
2357,0,0.011710584163665771
2358,0,0.6704453825950623
2359,0,0.144697368144989
2360,0,0.07744874060153961
2361,0,0.05698353424668312
2362,0,0.012543035671114922
2363,0,0.1443416178226471
2364,0,0.8419775366783142
2365,0,0.02359657548367977
2366,0,0.0049814567901194096
2367,0,0.8886805772781372
2368,0,0.20453058183193207
2369,0,0.2114792913198471
2370,0,0.019377410411834717
2371,0,0.5722494125366211
2372,0,0.016869237646460533
2373,0,0.4611966907978058
2374,0,0.03478926420211792
2375,0,0.07978688180446625
2376,0,0.1744777113199234
2377,0,0.8810817003250122
2378,0,0.2817903161048889
2379,0,0.29079291224479675
2380,0,0.005766352638602257
2381,0,0.12877094745635986
2382,0,0.005485566332936287
2383,0,0.01166258193552494
2384,0,0.010485148057341576
2385,0,0.008081676438450813
2386,0,0.13371747732162476
2387,0,0.0195146631449461
2388,0,0.797000527381897
2389,0,0.08536592125892639
2390,0,0.28173595666885376
2391,0,0.02225419692695141
2392,0,0.4654844403266907
2393,0,0.5385041236877441
2394,0,0.04150537773966789
2395,0,0.06074134260416031
2396,0,0.4873705208301544
2397,0,0.007800579536706209
2398,0,0.1605091094970703
2399,0,0.010824456810951233
2400,0,0.010242543183267117
2401,0,0.023868361487984657
2402,0,0.01244328822940588
2403,0,0.12961986660957336
2404,0,0.11189236491918564
2405,0,0.027142148464918137
2406,0,0.8495168089866638
2407,0,0.89020836353302
2408,0,0.17978519201278687
2409,0,0.07155993580818176
2410,0,0.11810208857059479
2411,0,0.1649744212627411
2412,0,0.1628681868314743
2413,0,0.013362590223550797
2414,0,0.02526218071579933
2415,0,0.005336577072739601
2416,0,0.007028754334896803
2417,0,0.9151051640510559
2418,0,0.07963866740465164
2419,0,0.03769291192293167
2420,0,0.010262240655720234
2421,0,0.19201195240020752
2422,0,0.029452789574861526
2423,0,0.015167259611189365
2424,0,0.02006751298904419
2425,0,0.7410208582878113
2426,0,0.03970132768154144
2427,0,0.18961834907531738
2428,0,0.3795396685600281
2429,0,0.016329577192664146
2430,0,0.13623511791229248
2431,0,0.25177741050720215
2432,0,0.023812517523765564
2433,0,0.08703521639108658
2434,0,0.5577079653739929
2435,0,0.08791139721870422
2436,0,0.05543375760316849
2437,0,0.8042041659355164
2438,0,0.040541574358940125
2439,0,0.0909523293375969
2440,0,0.024711132049560547
2441,0,0.050461653620004654
2442,0,0.07544948160648346
2443,0,0.38271257281303406
2444,0,0.17931537330150604
2445,0,0.22369682788848877
2446,0,0.09328436851501465
2447,0,0.02098170667886734
2448,0,0.3921278715133667
2449,0,0.007605401333421469
2450,0,0.1024206355214119
2451,0,0.006093535106629133
2452,0,0.10031373798847198
2453,0,0.020837100222706795
2454,0,0.01905435137450695
2455,0,0.14344963431358337
2456,0,0.9193134903907776
2457,0,0.2304963916540146
2458,0,0.20473812520503998
2459,0,0.8632059693336487
2460,0,0.0925624817609787
2461,0,0.8079732656478882
2462,0,0.051013845950365067
2463,0,0.014361930079758167
2464,0,0.19221173226833344
2465,0,0.9225475788116455
2466,0,0.7801507711410522
2467,0,0.44642966985702515
2468,0,0.45287153124809265
2469,0,0.011349674314260483
2470,0,0.6040099263191223
2471,0,0.8252146244049072
2472,0,0.10217336565256119
2473,0,0.2540738880634308
2474,0,0.12232377380132675
2475,0,0.04011846333742142
2476,0,0.034436412155628204
2477,0,0.18273307383060455
2478,0,0.45134830474853516
2479,0,0.057553961873054504
2480,0,0.012236284092068672
2481,0,0.01525181531906128
2482,0,0.6735220551490784
2483,0,0.03908642753958702
2484,0,0.6386981010437012
2485,0,0.37227946519851685
2486,0,0.398183673620224
2487,0,0.04179232195019722
2488,0,0.02065218985080719
2489,0,0.009616361930966377
2490,0,0.7565958499908447
2491,0,0.1746717244386673
2492,0,0.8465737700462341
2493,0,0.1273813396692276
2494,0,0.07066749036312103
2495,0,0.015197575092315674
2496,0,0.25982511043548584
2497,0,0.3300713300704956
2498,0,0.5767955183982849
2499,0,0.20661400258541107
2500,0,0.017339034005999565
2501,0,0.12163173407316208
2502,0,0.10595725476741791
2503,0,0.03400493040680885
2504,0,0.012255721725523472
2505,0,0.17113889753818512
2506,0,0.005965788848698139
2507,0,0.07363404333591461
2508,0,0.02122698351740837
2509,0,0.009904230013489723
2510,0,0.012938462197780609
2511,0,0.026468003168702126
2512,0,0.27967262268066406
2513,0,0.7833466529846191
2514,0,0.28040173649787903
2515,0,0.6779830455780029
2516,0,0.07714500278234482
2517,0,0.5429750084877014
2518,0,0.04351329058408737
2519,0,0.008516169153153896
2520,0,0.00859958864748478
2521,0,0.019258953630924225
2522,0,0.008056018501520157
2523,0,0.015316023491322994
2524,0,0.27244752645492554
2525,0,0.011763094924390316
2526,0,0.003641863353550434
2527,0,0.009421889670193195
2528,0,0.3671107292175293
2529,0,0.01991293393075466
2530,0,0.003948747180402279
2531,0,0.08979376405477524
2532,0,0.07463233917951584
2533,0,0.5016230940818787
2534,0,0.0062548513524234295
2535,0,0.01659371517598629
2536,0,0.06443414092063904
2537,0,0.06209187209606171
2538,0,0.39672908186912537
2539,0,0.6100158095359802
2540,0,0.005121194291859865
2541,0,0.9675661325454712
2542,0,0.020774561911821365
2543,0,0.5881465077400208
2544,0,0.26212549209594727
2545,0,0.011016983538866043
2546,0,0.01678897626698017
2547,0,0.01059991866350174
2548,0,0.1149589791893959
2549,0,0.004035506397485733
2550,0,0.7742686867713928
2551,0,0.01836639642715454
2552,0,0.51414555311203
2553,0,0.42915162444114685
2554,0,0.533775806427002
2555,0,0.7034054398536682
2556,0,0.12206676602363586
2557,0,0.08640028536319733
2558,0,0.7807507514953613
2559,0,0.37656575441360474
2560,0,0.02499036118388176
2561,0,0.5590552091598511
2562,0,0.037827473133802414
2563,0,0.07979144155979156
2564,0,0.742801308631897
2565,0,0.6097970008850098
2566,0,0.19148819148540497
2567,0,0.5322816967964172
2568,0,0.008075051009654999
2569,0,0.27348998188972473
2570,0,0.011286711320281029
2571,0,0.019687997177243233
2572,0,0.002553833182901144
2573,0,0.06603124737739563
2574,0,0.009990929625928402
2575,0,0.00506451353430748
2576,0,0.6347857117652893
2577,0,0.2913138270378113
2578,0,0.12024551630020142
2579,0,0.015540612861514091
2580,0,0.31885817646980286
2581,0,0.05605058744549751
2582,0,0.7479689717292786
2583,0,0.03642024099826813
2584,0,0.15602290630340576
2585,0,0.006538518238812685
2586,0,0.9279469847679138
2587,0,0.8957234025001526
2588,0,0.025406166911125183
2589,0,0.5066255927085876
2590,0,0.02122625522315502
2591,0,0.7399060130119324
2592,0,0.025711772963404655
2593,0,0.00554978521540761
2594,0,0.818991482257843
2595,0,0.41276758909225464
2596,0,0.74039226770401
2597,0,0.2748711109161377
2598,0,0.017047051340341568
2599,0,0.03921867907047272
2600,0,0.031132619827985764
2601,0,0.13413576781749725
2602,0,0.0649990513920784
2603,0,0.030588792636990547
2604,0,0.2761572599411011
2605,0,0.10069820284843445
2606,0,0.22074566781520844
2607,0,0.9141664505004883
2608,0,0.15634800493717194
2609,0,0.05133491009473801
2610,0,0.12178429961204529
2611,0,0.0074416459538042545
2612,0,0.5369805097579956
2613,0,0.8716755509376526
2614,0,0.06092989817261696
2615,0,0.33957624435424805
2616,0,0.7039896249771118
2617,0,0.26403141021728516
2618,0,0.16260835528373718
2619,0,0.12945467233657837
2620,0,0.5670439600944519
2621,0,0.009949970059096813
2622,0,0.25717371702194214
2623,0,0.025866158306598663
2624,0,0.11628838628530502
2625,0,0.6408871412277222
2626,0,0.18346743285655975
2627,0,0.011656856164336205
2628,0,0.8068801164627075
2629,0,0.02678217925131321
2630,0,0.19073377549648285
2631,0,0.09059535712003708
2632,0,0.13431383669376373
2633,0,0.8797744512557983
2634,0,0.5994402766227722
2635,0,0.03684151917695999
2636,0,0.019626447930932045
2637,0,0.006559477187693119
2638,0,0.07826925069093704
2639,0,0.21373380720615387
2640,0,0.3102642297744751
2641,0,0.631276547908783
2642,0,0.21610909700393677
2643,0,0.0824728012084961
2644,0,0.5589234828948975
2645,0,0.005627542734146118
2646,0,0.1415427327156067
2647,0,0.13431383669376373
2648,0,0.44663649797439575
2649,0,0.1305612325668335
2650,0,0.01953553967177868
2651,0,0.1778222918510437
2652,0,0.007173824589699507
2653,0,0.29669517278671265
2654,0,0.0398433618247509
2655,0,0.008491764776408672
2656,0,0.11570694297552109
2657,0,0.10416621714830399
2658,0,0.015523405745625496
2659,0,0.08450953662395477
2660,0,0.2212754189968109
2661,0,0.019463859498500824
2662,0,0.010416494682431221
2663,0,0.009598902426660061
2664,0,0.006500228773802519
2665,0,0.8048993349075317
2666,0,0.25486332178115845
2667,0,0.8913524746894836
2668,0,0.281494140625
2669,0,0.008558820001780987
2670,0,0.860235869884491
2671,0,0.1746717244386673
2672,0,0.006960083264857531
2673,0,0.00911103654652834
2674,0,0.024630369618535042
2675,0,0.2471189796924591
2676,0,0.6771548986434937
2677,0,0.01464750710874796
2678,0,0.13431383669376373
2679,0,0.48616477847099304
2680,0,0.29352882504463196
2681,0,0.14889025688171387
2682,0,0.028316769748926163
2683,0,0.38792258501052856
2684,0,0.2344539910554886
2685,0,0.44398993253707886
2686,0,0.005446295719593763
2687,0,0.9697378873825073
2688,0,0.3070908188819885
2689,0,0.019989339634776115
2690,0,0.008372820913791656
2691,0,0.10584297776222229
2692,0,0.05030914396047592
2693,0,0.660449206829071
2694,0,0.7335034012794495
2695,0,0.09596507251262665
2696,0,0.282703161239624
2697,0,0.3106183111667633
2698,0,0.0331018790602684
2699,0,0.15112528204917908
2700,0,0.046285081654787064
2701,0,0.004575284197926521
2702,0,0.05384381487965584
2703,0,0.6625486612319946
2704,0,0.28806182742118835
2705,0,0.548421323299408
2706,0,0.004254919942468405
2707,0,0.017749229446053505
2708,0,0.8135530948638916
2709,0,0.5633727312088013
2710,0,0.25686436891555786
2711,0,0.004936078563332558
2712,0,0.04095056280493736
2713,0,0.02120690606534481
2714,0,0.03539280965924263
2715,0,0.5570860505104065
2716,0,0.49168169498443604
2717,0,0.739876389503479
2718,0,0.07030059397220612
2719,0,0.010842780582606792
2720,0,0.01967737078666687
2721,0,0.018476225435733795
2722,0,0.011981504037976265
2723,0,0.29028961062431335
2724,0,0.012511619366705418
2725,0,0.939355194568634
2726,0,0.33248037099838257
2727,0,0.4134623110294342
2728,0,0.6026771068572998
2729,0,0.3706590533256531
2730,0,0.1385623663663864
2731,0,0.015379580669105053
2732,0,0.013342072255909443
2733,0,0.002882766304537654
2734,0,0.006299900356680155
2735,0,0.062067482620477676
2736,0,0.005254420451819897
2737,0,0.4398208558559418
2738,0,0.06968332827091217
2739,0,0.20694686472415924
2740,0,0.04391143098473549
2741,0,0.4245891571044922
2742,0,0.12903860211372375
2743,0,0.11576340347528458
2744,0,0.4047016203403473
2745,0,0.5642895102500916
2746,0,0.008491728454828262
2747,0,0.011186977848410606
2748,0,0.6141588687896729
2749,0,0.17459890246391296
2750,0,0.0695231705904007
2751,0,0.05995286628603935
2752,0,0.10584297776222229
2753,0,0.25069811940193176
2754,0,0.008295630104839802
2755,0,0.638714075088501
2756,0,0.008460906334221363
2757,0,0.13446368277072906
2758,0,0.012944845482707024
2759,0,0.09005969017744064
2760,0,0.3289407193660736
2761,0,0.5162718296051025
2762,0,0.6675119996070862
2763,0,0.14054638147354126
2764,0,0.11535857617855072
2765,0,0.013126619160175323
2766,0,0.05353870987892151
2767,0,0.20884078741073608
2768,0,0.008710474707186222
2769,0,0.9479260444641113
2770,0,0.30160701274871826
2771,0,0.007938605733215809
2772,0,0.15403930842876434
2773,0,0.13957878947257996
2774,0,0.04819439724087715
2775,0,0.0863652229309082
2776,0,0.13020837306976318
2777,0,0.6860904693603516
2778,0,0.8855579495429993
2779,0,0.00865865033119917
2780,0,0.02438366785645485
2781,0,0.050530023872852325
2782,0,0.2884385585784912
2783,0,0.8550230264663696
2784,0,0.33305132389068604
2785,0,0.40439507365226746
2786,0,0.0049476404674351215
2787,0,0.1302613615989685
2788,0,0.9174419045448303
2789,0,0.009709260426461697
2790,0,0.04420739784836769
2791,0,0.1628262847661972
2792,0,0.01871705986559391
2793,0,0.19812129437923431
2794,0,0.8506045937538147
2795,0,0.009334174916148186
2796,0,0.013486072421073914
2797,0,0.5393077731132507
2798,0,0.24194729328155518
2799,0,0.09611856192350388
2800,0,0.5225582122802734
2801,0,0.8373422622680664
2802,0,0.6640298366546631
2803,0,0.06958926469087601
2804,0,0.32746678590774536
2805,0,0.03838587924838066
2806,0,0.6108981966972351
2807,0,0.011613125912845135
2808,0,0.022892490029335022
2809,0,0.7592965364456177
2810,0,0.0635448545217514
2811,0,0.41826027631759644
2812,0,0.1026928573846817
2813,0,0.16775117814540863
2814,0,0.011627847328782082
2815,0,0.1630864143371582
2816,0,0.8194600939750671
2817,0,0.005159725900739431
2818,0,0.5341804027557373
2819,0,0.8878817558288574
2820,0,0.00532839260995388
2821,0,0.00533855939283967
2822,0,0.010252500884234905
2823,0,0.016823817044496536
2824,0,0.03198900818824768
2825,0,0.08260045200586319
2826,0,0.007274826988577843
2827,0,0.015501150861382484
2828,0,0.38079237937927246
2829,0,0.08974766731262207
2830,0,0.041053250432014465
2831,0,0.020268894731998444
2832,0,0.007373185828328133
2833,0,0.5377923250198364
2834,0,0.4224168062210083
2835,0,0.0447661466896534
2836,0,0.03109504096210003
2837,0,0.3422292470932007
2838,0,0.8219778537750244
2839,0,0.032170020043849945
2840,0,0.16013987362384796
2841,0,0.009791663847863674
2842,0,0.016141321510076523
2843,0,0.0033322321251034737
2844,0,0.7150036692619324
2845,0,0.010391064919531345
2846,0,0.966061532497406
2847,0,0.032074447721242905
2848,0,0.013317238539457321
2849,0,0.03891227766871452
2850,0,0.014534411020576954
2851,0,0.008047438226640224
2852,0,0.010644678957760334
2853,0,0.136997789144516
2854,0,0.13101834058761597
2855,0,0.14352676272392273
2856,0,0.009999347850680351
2857,0,0.9136741757392883
2858,0,0.03384736180305481
2859,0,0.051641564816236496
2860,0,0.12633785605430603
2861,0,0.8667961955070496
2862,0,0.6217700242996216
2863,0,0.014234182424843311
2864,0,0.005419996101409197
2865,0,0.03953888639807701
2866,0,0.4521867036819458
2867,0,0.185581773519516
2868,0,0.006213755812495947
2869,0,0.8576497435569763
2870,0,0.1382308304309845
2871,0,0.21816448867321014
2872,0,0.026614708825945854
2873,0,0.27673065662384033
2874,0,0.1149589791893959
2875,0,0.1176910549402237
2876,0,0.2754424214363098
2877,0,0.02900603413581848
2878,0,0.09045940637588501
2879,0,0.44150325655937195
2880,0,0.05383123457431793
2881,0,0.340654194355011
2882,0,0.17685115337371826
2883,0,0.5579405426979065
2884,0,0.04531613364815712
2885,0,0.10167711228132248
2886,0,0.045823078602552414
2887,0,0.2949676513671875
2888,0,0.03403688222169876
2889,0,0.22474367916584015
2890,0,0.008203425444662571
2891,0,0.20749789476394653
2892,0,0.41232091188430786
2893,0,0.5480323433876038
2894,0,0.047351330518722534
2895,0,0.1149589791893959
2896,0,0.015523194335401058
2897,0,0.011828393675386906
2898,0,0.02669048309326172
2899,0,0.004996015690267086
2900,0,0.4460408389568329
2901,0,0.012049810960888863
2902,0,0.044523585587739944
2903,0,0.1899118721485138
2904,0,0.09341199696063995
2905,0,0.15821252763271332
2906,0,0.2954041659832001
2907,0,0.022591786459088326
2908,0,0.010111160576343536
2909,0,0.9381450414657593
2910,0,0.33999451994895935
2911,0,0.01651235856115818
2912,0,0.0546192042529583
2913,0,0.9847825169563293
2914,0,0.6448315382003784
2915,0,0.01269976980984211
2916,0,0.019081925973296165
2917,0,0.005467964801937342
2918,0,0.03651271015405655
2919,0,0.9191020131111145
2920,0,0.026186484843492508
2921,0,0.008001555688679218
2922,0,0.3349878787994385
2923,0,0.01231327187269926
2924,0,0.004558432847261429
2925,0,0.0647938996553421
2926,0,0.026108399033546448
2927,0,0.011985354125499725
2928,0,0.15341804921627045
2929,0,0.016119949519634247
2930,0,0.3051043450832367
2931,0,0.688784658908844
2932,0,0.18329307436943054
2933,0,0.015424219891428947
2934,0,0.01880125142633915
2935,0,0.24957434833049774
2936,0,0.10584297776222229
2937,0,0.006150759290903807
2938,0,0.5851427912712097
2939,0,0.006223957985639572
2940,0,0.21063365042209625
2941,0,0.1482638567686081
2942,0,0.7340063452720642
2943,0,0.04205161705613136
2944,0,0.2984197735786438
2945,0,0.46809181571006775
2946,0,0.4322105646133423
2947,0,0.06623976677656174
2948,0,0.1560060828924179
2949,0,0.007623760029673576
2950,0,0.048567309975624084
2951,0,0.7138509154319763
2952,0,0.06389985978603363
2953,0,0.0053504048846662045
2954,0,0.019308650866150856
2955,0,0.0392150953412056
2956,0,0.013412457890808582
2957,0,0.013173363171517849
2958,0,0.011908422224223614
2959,0,0.12089773267507553
2960,0,0.14344963431358337
2961,0,0.014275290071964264
2962,0,0.8694515824317932
2963,0,0.011771400459110737
2964,0,0.9386780261993408
2965,0,0.8644638061523438
2966,0,0.025777002796530724
2967,0,0.37900277972221375
2968,0,0.8034526705741882
2969,0,0.7683815956115723
2970,0,0.008682619780302048
2971,0,0.9190975427627563
2972,0,0.10584297776222229
2973,0,0.5542905926704407
2974,0,0.5319461822509766
2975,0,0.9112075567245483
2976,0,0.04068005457520485
2977,0,0.1374083161354065
2978,0,0.7095708847045898
2979,0,0.43424493074417114
2980,0,0.07689101994037628
2981,0,0.38822272419929504
2982,0,0.12149260938167572
2983,0,0.027793504297733307
2984,0,0.9160927534103394
2985,0,0.6979129314422607
2986,0,0.07967819273471832
2987,0,0.7916966676712036
2988,0,0.011664174497127533
2989,0,0.6289442181587219
2990,0,0.8790524005889893
2991,0,0.7839781045913696
2992,0,0.004067106172442436
2993,0,0.3286949694156647
2994,0,0.08086756616830826
2995,0,0.09847423434257507
2996,0,0.47039759159088135
2997,0,0.6590286493301392
2998,0,0.2502124607563019
2999,0,0.1746717244386673
3000,0,0.11099474132061005
3001,0,0.07695145159959793
3002,0,0.29469770193099976
3003,0,0.5297878384590149
3004,0,0.01802566461265087
3005,0,0.6394962668418884
3006,0,0.006243478506803513
3007,0,0.3777376711368561
3008,0,0.3173907995223999
3009,0,0.021320752799510956
3010,0,0.3483549654483795
3011,0,0.636676549911499
3012,0,0.11081309616565704
3013,0,0.029904616996645927
3014,0,0.012108977884054184
3015,0,0.9097753167152405
3016,0,0.0221873726695776
3017,0,0.0055835354141891
3018,0,0.3747754693031311
3019,0,0.10712754726409912
3020,0,0.22537963092327118
3021,0,0.8694034814834595
3022,0,0.017139237374067307
3023,0,0.1517113894224167
3024,0,0.22847488522529602
3025,0,0.20843809843063354
3026,0,0.022573266178369522
3027,0,0.0069597805850207806
3028,0,0.6841583847999573
3029,0,0.013401780277490616
3030,0,0.010101609863340855
3031,0,0.05803319439291954
3032,0,0.01087230909615755
3033,0,0.044485922902822495
3034,0,0.9336506128311157
3035,0,0.9624331593513489
3036,0,0.005484398454427719
3037,0,0.2038787454366684
3038,0,0.30124080181121826
3039,0,0.34628403186798096
3040,0,0.39840471744537354
3041,0,0.6967165470123291
3042,0,0.3610539138317108
3043,0,0.6188244223594666
3044,0,0.05125066637992859
3045,0,0.02098246105015278
3046,0,0.2407437413930893
3047,0,0.031379926949739456
3048,0,0.9251012206077576
3049,0,0.7429928183555603
3050,0,0.16586141288280487
3051,0,0.008042662404477596
3052,0,0.007929950952529907
3053,0,0.8269954919815063
3054,0,0.15652555227279663
3055,0,0.1679706871509552
3056,0,0.28638026118278503
3057,0,0.10083574801683426
3058,0,0.019719325006008148
3059,0,0.00847624521702528
3060,0,0.005051952786743641
3061,0,0.1521357148885727
3062,0,0.11737777292728424
3063,0,0.056861113756895065
3064,0,0.15632838010787964
3065,0,0.005960184149444103
3066,0,0.009352699853479862
3067,0,0.032158706337213516
3068,0,0.7771976590156555
3069,0,0.3329838514328003
3070,0,0.10071174055337906
3071,0,0.012921683490276337
3072,0,0.18298286199569702
3073,0,0.013213878497481346
3074,0,0.892167329788208
3075,0,0.006476087030023336
3076,0,0.008357418701052666
3077,0,0.5867365598678589
3078,0,0.5182864665985107
3079,0,0.6167668700218201
3080,0,0.03465898707509041
3081,0,0.016489412635564804
3082,0,0.577738881111145
3083,0,0.3269455134868622
3084,0,0.01445180457085371
3085,0,0.8777074217796326
3086,0,0.005659440997987986
3087,0,0.008173277601599693
3088,0,0.3051394820213318
3089,0,0.7055668234825134
3090,0,0.770451009273529
3091,0,0.16487649083137512
3092,0,0.0343940332531929
3093,0,0.27232423424720764
3094,0,0.01862555742263794
3095,0,0.11606894433498383
3096,0,0.08750956505537033
3097,0,0.011140482500195503
3098,0,0.018741659820079803
3099,0,0.8949685096740723
3100,0,0.7361136078834534
3101,0,0.005109291058033705
3102,0,0.08290092647075653
3103,0,0.11306682974100113
3104,0,0.7009083032608032
3105,0,0.06531105935573578
3106,0,0.09433094412088394
3107,0,0.5098646879196167
3108,0,0.22077752649784088
3109,0,0.29560762643814087
3110,0,0.9514616131782532
3111,0,0.7108891010284424
3112,0,0.5074718594551086
3113,0,0.30505576729774475
3114,0,0.0121848089620471
3115,0,0.008087201043963432
3116,0,0.879593014717102
3117,0,0.022757649421691895
3118,0,0.26984912157058716
3119,0,0.7850675582885742
3120,0,0.011082273907959461
3121,0,0.04802342504262924
3122,0,0.03248851001262665
3123,0,0.11824934929609299
3124,0,0.017279434949159622
3125,0,0.010984527878463268
3126,0,0.010303815826773643
3127,0,0.008309245109558105
3128,0,0.9519438147544861
3129,0,0.03715720772743225
3130,0,0.1942315250635147
3131,0,0.17953823506832123
3132,0,0.07551433891057968
3133,0,0.18970544636249542
3134,0,0.012640216387808323
3135,0,0.00244228751398623
3136,0,0.38146352767944336
3137,0,0.9416348934173584
3138,0,0.28108009696006775
3139,0,0.8452930450439453
3140,0,0.15138520300388336
3141,0,0.006131785921752453
3142,0,0.020640399307012558
3143,0,0.32866793870925903
3144,0,0.011788814328610897
3145,0,0.007146915420889854
3146,0,0.0421907939016819
3147,0,0.016574904322624207
3148,0,0.02811562642455101
3149,0,0.019618520513176918
3150,0,0.29553982615470886
3151,0,0.1709137260913849
3152,0,0.010422094725072384
3153,0,0.20990470051765442
3154,0,0.7342223525047302
3155,0,0.4248468577861786
3156,0,0.16133292019367218
3157,0,0.008304269053041935
3158,0,0.0475519560277462
3159,0,0.033005572855472565
3160,0,0.1448177993297577
3161,0,0.06511860340833664
3162,0,0.08912210911512375
3163,0,0.12881316244602203
3164,0,0.0070318072102963924
3165,0,0.2815091013908386
3166,0,0.012216317467391491
3167,0,0.2925810217857361
3168,0,0.006542515009641647
3169,0,0.6322389245033264
3170,0,0.006977496203035116
3171,0,0.5036450028419495
3172,0,0.009297736920416355
3173,0,0.03658624738454819
3174,0,0.03715427964925766
3175,0,0.015026579611003399
3176,0,0.05315053090453148
3177,0,0.026045948266983032
3178,0,0.4563319683074951
3179,0,0.9202175140380859
3180,0,0.02090449258685112
3181,0,0.008130459114909172
3182,0,0.09331636875867844
3183,0,0.026591695845127106
3184,0,0.13896887004375458
3185,0,0.09963984787464142
3186,0,0.07922006398439407
3187,0,0.037556685507297516
3188,0,0.1887860745191574
3189,0,0.13431383669376373
3190,0,0.027646400034427643
3191,0,0.2748824954032898
3192,0,0.04227843135595322
3193,0,0.19404597580432892
3194,0,0.05763418227434158
3195,0,0.01729579083621502
3196,0,0.2001323252916336
3197,0,0.015970448032021523
3198,0,0.29458874464035034
3199,0,0.06979294866323471
3200,0,0.035205159336328506
3201,0,0.010830921120941639
3202,0,0.006938989274203777
3203,0,0.5071477890014648
3204,0,0.31810635328292847
3205,0,0.0191808994859457
3206,0,0.6722334027290344
3207,0,0.16784965991973877
3208,0,0.2272728979587555
3209,0,0.38146352767944336
3210,0,0.19024495780467987
3211,0,0.9764251112937927
3212,0,0.19733811914920807
3213,0,0.11628838628530502
3214,0,0.03574858978390694
3215,0,0.01504804939031601
3216,0,0.016552548855543137
3217,0,0.05991213768720627
3218,0,0.11227137595415115
3219,0,0.005013313610106707
3220,0,0.5300017595291138
3221,0,0.006776403170078993
3222,0,0.053688470274209976
3223,0,0.5357307195663452
3224,0,0.011753453873097897
3225,0,0.024834342300891876
3226,0,0.45909181237220764
3227,0,0.004676259588450193
3228,0,0.3909924328327179
3229,0,0.013008668087422848
3230,0,0.9282713532447815
3231,0,0.04218480363488197
3232,0,0.015590260736644268
3233,0,0.1746717244386673
3234,0,0.15577755868434906
3235,0,0.01439916342496872
3236,0,0.14344963431358337
3237,0,0.06834778189659119
3238,0,0.1257651001214981
3239,0,0.00663392199203372
3240,0,0.15559540688991547
3241,0,0.7348355650901794
3242,0,0.018255384638905525
3243,0,0.0072859348729252815
3244,0,0.3969430923461914
3245,0,0.2693277597427368
3246,0,0.38146352767944336
3247,0,0.01778201386332512
3248,0,0.3960643410682678
3249,0,0.009902850724756718
3250,0,0.7084611058235168
3251,0,0.1699782758951187
3252,0,0.30808064341545105
3253,0,0.3209075331687927
3254,0,0.00918356142938137
3255,0,0.5546883940696716
3256,0,0.9158598780632019
3257,0,0.2731218636035919
3258,0,0.012749587185680866
3259,0,0.02119876816868782
3260,0,0.004240129608660936
3261,0,0.04850555583834648
3262,0,0.19485700130462646
3263,0,0.44019824266433716
3264,0,0.31541869044303894
3265,0,0.7052019238471985
3266,0,0.9278619885444641
3267,0,0.5184028744697571
3268,0,0.7797078490257263
3269,0,0.22446386516094208
3270,0,0.07844699174165726
3271,0,0.4693131744861603
3272,0,0.36298462748527527
3273,0,0.05816900357604027
3274,0,0.03193529695272446
3275,0,0.5228157639503479
3276,0,0.03870410844683647
3277,0,0.30634549260139465
3278,0,0.4026634991168976
3279,0,0.027911491692066193
3280,0,0.024176103994250298
3281,0,0.02661999873816967
3282,0,0.7132758498191833
3283,0,0.41124674677848816
3284,0,0.08166231960058212
3285,0,0.006998454686254263
3286,0,0.012358377687633038
3287,0,0.5335785150527954
3288,0,0.18650402128696442
3289,0,0.004388042725622654
3290,0,0.0038778583984822035
3291,0,0.11456248909235
3292,0,0.40320536494255066
3293,0,0.9298291206359863
3294,0,0.5119662880897522
3295,0,0.028261501342058182
3296,0,0.2864958643913269
3297,0,0.0206020325422287
3298,0,0.011663328856229782
3299,0,0.025218810886144638
3300,0,0.4452979266643524
3301,0,0.01056509930640459
3302,0,0.026239488273859024
3303,0,0.16849027574062347
3304,0,0.5445293188095093
3305,0,0.3543216586112976
3306,0,0.1149589791893959
3307,0,0.005963513161987066
3308,0,0.7443497180938721
3309,0,0.4506726562976837
3310,0,0.03125063702464104
3311,0,0.08724159747362137
3312,0,0.006366345565766096
3313,0,0.6763807535171509
3314,0,0.9279409050941467
3315,0,0.044814977794885635
3316,0,0.018306195735931396
3317,0,0.01329448726028204
3318,0,0.03263338655233383
3319,0,0.23528529703617096
3320,0,0.658771276473999
3321,0,0.178003191947937
3322,0,0.007688091602176428
3323,0,0.06262640655040741
3324,0,0.01769820787012577
3325,0,0.11465071886777878
3326,0,0.007643914315849543
3327,0,0.47202396392822266
3328,0,0.48799410462379456
3329,0,0.013246297836303711
3330,0,0.8565154671669006
3331,0,0.06629665195941925
3332,0,0.913532018661499
3333,0,0.009299463592469692
3334,0,0.007394921034574509
3335,0,0.5489056706428528
3336,0,0.059205107390880585
3337,0,0.8137301206588745
3338,0,0.3952961564064026
3339,0,0.1205710768699646
3340,0,0.00634278217330575
3341,0,0.006501678843051195
3342,0,0.13237029314041138
3343,0,0.31414175033569336
3344,0,0.07965687662363052
3345,0,0.09455724060535431
3346,0,0.9218913316726685
3347,0,0.007486608810722828
3348,0,0.21560567617416382
3349,0,0.7796315550804138
3350,0,0.848344087600708
3351,0,0.015081556513905525
3352,0,0.06212468817830086
3353,0,0.007975132204592228
3354,0,0.09763839840888977
3355,0,0.03029009886085987
3356,0,0.9430839419364929
3357,0,0.13048909604549408
3358,0,0.012905443087220192
3359,0,0.09134397655725479
3360,0,0.01785011775791645
3361,0,0.9526322484016418
3362,0,0.5420019626617432
3363,0,0.03778643161058426
3364,0,0.027019402012228966
3365,0,0.11959423869848251
3366,0,0.08240356296300888
3367,0,0.4806191921234131
3368,0,0.31204330921173096
3369,0,0.3379196524620056
3370,0,0.011485649272799492
3371,0,0.017249315977096558
3372,0,0.09630408138036728
3373,0,0.005980879999697208
3374,0,0.005136915482580662
3375,0,0.03052244894206524
3376,0,0.018742943182587624
3377,0,0.12788105010986328
3378,0,0.1787111461162567
3379,0,0.01877715066075325
3380,0,0.7709037065505981
3381,0,0.007538498844951391
3382,0,0.17819474637508392
3383,0,0.0040430184453725815
3384,0,0.06724906712770462
3385,0,0.14782270789146423
3386,0,0.13431383669376373
3387,0,0.004604306537657976
3388,0,0.035284433513879776
3389,0,0.012866358272731304
3390,0,0.3780992329120636
3391,0,0.633392870426178
3392,0,0.014214451424777508
3393,0,0.8037942051887512
3394,0,0.1471879780292511
3395,0,0.9810422658920288
3396,0,0.4343687891960144
3397,0,0.26900872588157654
3398,0,0.8610195517539978
3399,0,0.011510047130286694
3400,0,0.17074507474899292
3401,0,0.11417652666568756
3402,0,0.14344963431358337
3403,0,0.10372807085514069
3404,0,0.7016419768333435
3405,0,0.1149589791893959
3406,0,0.10276954621076584
3407,0,0.34964603185653687
3408,0,0.09520892798900604
3409,0,0.6752657890319824
3410,0,0.36375153064727783
3411,0,0.10586362332105637
3412,0,0.005781035870313644
3413,0,0.005311910063028336
3414,0,0.005559335928410292
3415,0,0.5840746164321899
3416,0,0.38964566588401794
3417,0,0.013008331879973412
3418,0,0.012455547228455544
3419,0,0.6990928649902344
3420,0,0.011045229621231556
3421,0,0.17143332958221436
3422,0,0.6702257394790649
3423,0,0.13265159726142883
3424,0,0.06828072667121887
3425,0,0.014597373083233833
3426,0,0.08337752521038055
3427,0,0.01699640415608883
3428,0,0.03790280595421791
3429,0,0.6836163401603699
3430,0,0.8406028747558594
3431,0,0.11142545938491821
3432,0,0.05340582877397537
3433,0,0.41486841440200806
3434,0,0.011791259050369263
3435,0,0.004584320820868015
3436,0,0.011672710068523884
3437,0,0.9751615524291992
3438,0,0.22669360041618347
3439,0,0.007015172392129898
3440,0,0.030942639335989952
3441,0,0.37305667996406555
3442,0,0.2988679111003876
3443,0,0.951407790184021
3444,0,0.11272838711738586
3445,0,0.9650163054466248
3446,0,0.09258783608675003
3447,0,0.40285050868988037
3448,0,0.9039651155471802
3449,0,0.8025752305984497
3450,0,0.0601293221116066
3451,0,0.36392220854759216
3452,0,0.4424574375152588
3453,0,0.19294987618923187
3454,0,0.370924711227417
3455,0,0.0963360071182251
3456,0,0.10584297776222229
3457,0,0.05957566201686859
3458,0,0.005032597575336695
3459,0,0.5717061758041382
3460,0,0.01352604478597641
3461,0,0.004041092935949564
3462,0,0.8042829632759094
3463,0,0.025474514812231064
3464,0,0.04725705459713936
3465,0,0.01774532161653042
3466,0,0.2799842953681946
3467,0,0.005873662885278463
3468,0,0.0130234370008111
3469,0,0.48365333676338196
3470,0,0.09959645569324493
3471,0,0.7566237449645996
3472,0,0.3813135027885437
3473,0,0.010047913528978825
3474,0,0.2943577468395233
3475,0,0.6295191645622253
3476,0,0.0707428827881813
3477,0,0.38099563121795654
3478,0,0.004724208265542984
3479,0,0.04936966300010681
3480,0,0.008040922693908215
3481,0,0.036113593727350235
3482,0,0.04707406833767891
3483,0,0.8331239223480225
3484,0,0.004849324468523264
3485,0,0.02879852056503296
3486,0,0.052160464227199554
3487,0,0.7262700796127319
3488,0,0.11967945843935013
3489,0,0.12235043197870255
3490,0,0.08654330670833588
3491,0,0.007075068075209856
3492,0,0.13288874924182892
3493,0,0.4811353385448456
3494,0,0.33523836731910706
3495,0,0.8719225525856018
3496,0,0.003651227103546262
3497,0,0.004519307520240545
3498,0,0.10584297776222229
3499,0,0.18540745973587036
3500,0,0.059014976024627686
3501,0,0.372252881526947
3502,0,0.902489960193634
3503,0,0.6367514133453369
3504,0,0.6949053406715393
3505,0,0.008730309084057808
3506,0,0.2061357945203781
3507,0,0.010486997663974762
3508,0,0.10816105455160141
3509,0,0.12991918623447418
3510,0,0.6223164796829224
3511,0,0.19173410534858704
3512,0,0.4878573715686798
3513,0,0.012608049437403679
3514,0,0.0653717964887619
3515,0,0.19570836424827576
3516,0,0.17552340030670166
3517,0,0.11306682974100113
3518,0,0.037656210362911224
3519,0,0.09419327974319458
3520,0,0.11628838628530502
3521,0,0.7093932628631592
3522,0,0.3738895356655121
3523,0,0.0030270807910710573
3524,0,0.05260244756937027
3525,0,0.7226207852363586
3526,0,0.012538737617433071
3527,0,0.2497965544462204
3528,0,0.019307082518935204
3529,0,0.18527139723300934
3530,0,0.38974905014038086
3531,0,0.43121400475502014
3532,0,0.12645187973976135
3533,0,0.08358120918273926
3534,0,0.6467618346214294
3535,0,0.7866090536117554
3536,0,0.033257488161325455
3537,0,0.2125539928674698
3538,0,0.2622118294239044
3539,0,0.10671631991863251
3540,0,0.867273211479187
3541,0,0.33111321926116943
3542,0,0.26721230149269104
3543,0,0.8158369064331055
3544,0,0.11691369116306305
3545,0,0.7750726938247681
3546,0,0.030917000025510788
3547,0,0.01143760234117508
3548,0,0.04139576479792595
3549,0,0.3663308322429657
3550,0,0.00454264972358942
3551,0,0.3005741834640503
3552,0,0.2284218966960907
3553,0,0.2388366162776947
3554,0,0.025174079462885857
3555,0,0.27042630314826965
3556,0,0.5146260857582092
3557,0,0.26137956976890564
3558,0,0.10593780875205994
3559,0,0.6412845849990845
3560,0,0.02776683308184147
3561,0,0.09106729924678802
3562,0,0.07377570122480392
3563,0,0.07312280684709549
3564,0,0.6742714643478394
3565,0,0.2282894253730774
3566,0,0.13374587893486023
3567,0,0.48718270659446716
3568,0,0.9189950823783875
3569,0,0.4072471261024475
3570,0,0.0335044227540493
3571,0,0.14344963431358337
3572,0,0.03293733298778534
3573,0,0.03398515284061432
3574,0,0.01990324817597866
3575,0,0.4211709201335907
3576,0,0.5790603756904602
3577,0,0.17060893774032593
3578,0,0.005222711246460676
3579,0,0.07604419440031052
3580,0,0.01385042630136013
3581,0,0.7831127047538757
3582,0,0.014563718810677528
3583,0,0.014143360778689384
3584,0,0.012623933143913746
3585,0,0.1048998236656189
3586,0,0.08195587247610092
3587,0,0.01645609363913536
3588,0,0.012377476319670677
3589,0,0.20533105731010437
3590,0,0.22000688314437866
3591,0,0.2257944792509079
3592,0,0.050603680312633514
3593,0,0.17666135728359222
3594,0,0.38146352767944336
3595,0,0.8185981512069702
3596,0,0.9026293754577637
3597,0,0.09847686439752579
3598,0,0.7297419309616089
3599,0,0.4314400553703308
3600,0,0.1905944049358368
3601,0,0.03130825236439705
3602,0,0.5778824687004089
3603,0,0.023889051750302315
3604,0,0.12797309458255768
3605,0,0.30966654419898987
3606,0,0.6225472688674927
3607,0,0.006732350680977106
3608,0,0.005078029818832874
3609,0,0.5885449051856995
3610,0,0.2331133931875229
3611,0,0.9283576607704163
3612,0,0.10756688565015793
3613,0,0.566800057888031
3614,0,0.05959909409284592
3615,0,0.13431383669376373
3616,0,0.005518682301044464
3617,0,0.1800437867641449
3618,0,0.0851563811302185
3619,0,0.5282973051071167
3620,0,0.08107568323612213
3621,0,0.9231460690498352
3622,0,0.5357446074485779
3623,0,0.014109129086136818
3624,0,0.10443799197673798
3625,0,0.17411011457443237
3626,0,0.0352017842233181
3627,0,0.008345452137291431
3628,0,0.10593961179256439
3629,0,0.14768405258655548
3630,0,0.1566559076309204
3631,0,0.013216285035014153
3632,0,0.013149983249604702
3633,0,0.3868134319782257
3634,0,0.1135602667927742
3635,0,0.48458296060562134
3636,0,0.12078636139631271
3637,0,0.14019596576690674
3638,0,0.20661002397537231
3639,0,0.010921431705355644
3640,0,0.08438891172409058
3641,0,0.22398994863033295
3642,0,0.517882764339447
3643,0,0.5619611144065857
3644,0,0.6531213521957397
3645,0,0.05766560509800911
3646,0,0.009715420193970203
3647,0,0.43720296025276184
3648,0,0.29743632674217224
3649,0,0.7898728847503662
3650,0,0.968847393989563
3651,0,0.007707413751631975
3652,0,0.2846747934818268
3653,0,0.004806084092706442
3654,0,0.2844635844230652
3655,0,0.5907458066940308
3656,0,0.05830184370279312
3657,0,0.25049254298210144
3658,0,0.12293273210525513
3659,0,0.008044872432947159
3660,0,0.0054637654684484005
3661,0,0.015158473514020443
3662,0,0.019031401723623276
3663,0,0.013502568937838078
3664,0,0.18853537738323212
3665,0,0.02559397555887699
3666,0,0.00467943400144577
3667,0,0.5843995809555054
3668,0,0.19515745341777802
3669,0,0.02394520677626133
3670,0,0.05801224708557129
3671,0,0.13247431814670563
3672,0,0.2936331033706665
3673,0,0.20231884717941284
3674,0,0.016172785311937332
3675,0,0.006356338504701853
3676,0,0.5034143328666687
3677,0,0.1746717244386673
3678,0,0.009952140972018242
3679,0,0.040129903703927994
3680,0,0.16707433760166168
3681,0,0.4373893439769745
3682,0,0.11697548627853394
3683,0,0.3463401794433594
3684,0,0.32113251090049744
3685,0,0.10584297776222229
3686,0,0.05874013528227806
3687,0,0.8461477160453796
3688,0,0.00931206252425909
3689,0,0.05605058744549751
3690,0,0.2040209025144577
3691,0,0.012878638692200184
3692,0,0.11628838628530502
3693,0,0.1746717244386673
3694,0,0.05733129009604454
3695,0,0.07112149149179459
3696,0,0.004449266940355301
3697,0,0.09576214849948883
3698,0,0.6487017869949341
3699,0,0.26701241731643677
3700,0,0.1317201405763626
3701,0,0.2415325790643692
3702,0,0.007212614640593529
3703,0,0.5374488234519958
3704,0,0.178003191947937
3705,0,0.11540359258651733
3706,0,0.3897760212421417
3707,0,0.12903860211372375
3708,0,0.06535223871469498
3709,0,0.007676234003156424
3710,0,0.010537141934037209
3711,0,0.02941775880753994
3712,0,0.04257182404398918
3713,0,0.14344963431358337
3714,0,0.44362640380859375
3715,0,0.07950447499752045
3716,0,0.11628838628530502
3717,0,0.17831619083881378
3718,0,0.020895354449748993
3719,0,0.22455425560474396
3720,0,0.6553505063056946
3721,0,0.07724988460540771
3722,0,0.03239169716835022
3723,0,0.2037164866924286
3724,0,0.6723461151123047
3725,0,0.23682300746440887
3726,0,0.007497746031731367
3727,0,0.028145257383584976
3728,0,0.005354044958949089
3729,0,0.15873979032039642
3730,0,0.07503033429384232
3731,0,0.2585410475730896
3732,0,0.9043818116188049
3733,0,0.011192829348146915
3734,0,0.22477997839450836
3735,0,0.0816960483789444
3736,0,0.6356074213981628
3737,0,0.06526608020067215
3738,0,0.23467841744422913
3739,0,0.5632277131080627
3740,0,0.9286460280418396
3741,0,0.8696973323822021
3742,0,0.03143710643053055
3743,0,0.3156987726688385
3744,0,0.004784327000379562
3745,0,0.05159688740968704
3746,0,0.6315926909446716
3747,0,0.031953517347574234
3748,0,0.01191574614495039
3749,0,0.12903860211372375
3750,0,0.016711214557290077
3751,0,0.3313937783241272
3752,0,0.016283899545669556
3753,0,0.970625102519989
3754,0,0.9684111475944519
3755,0,0.49780455231666565
3756,0,0.030344471335411072
3757,0,0.5618953108787537
3758,0,0.10584297776222229
3759,0,0.059100475162267685
3760,0,0.9347468614578247
3761,0,0.3418262004852295
3762,0,0.5020701289176941
3763,0,0.10375022143125534
3764,0,0.28435519337654114
3765,0,0.018089665099978447
3766,0,0.7815458178520203
3767,0,0.011275643482804298
3768,0,0.003911256790161133
3769,0,0.9158852100372314
3770,0,0.1278235763311386
3771,0,0.5165731310844421
3772,0,0.4975423514842987
3773,0,0.17438043653964996
3774,0,0.11535966396331787
3775,0,0.39887985587120056
3776,0,0.048208124935626984
3777,0,0.04747328534722328
3778,0,0.02300667203962803
3779,0,0.7215264439582825
3780,0,0.012665683403611183
3781,0,0.25402748584747314
3782,0,0.6835993528366089
3783,0,0.30372634530067444
3784,0,0.005722758825868368
3785,0,0.7055878639221191
3786,0,0.11251626908779144
3787,0,0.3118462860584259
3788,0,0.04839365929365158
3789,0,0.43086370825767517
3790,0,0.896384596824646
3791,0,0.028459662571549416
3792,0,0.012444852851331234
3793,0,0.15542927384376526
3794,0,0.29164832830429077
3795,0,0.013268000446259975
3796,0,0.11628838628530502
3797,0,0.016979077830910683
3798,0,0.1619807630777359
3799,0,0.12221164256334305
3800,0,0.02487296424806118
3801,0,0.023022593930363655
3802,0,0.6205185651779175
3803,0,0.5735976696014404
3804,0,0.01645987294614315
3805,0,0.00635982770472765
3806,0,0.9202544689178467
3807,0,0.005645823199301958
3808,0,0.06344974040985107
3809,0,0.2234998196363449
3810,0,0.04509305581450462
3811,0,0.05034972354769707
3812,0,0.007954186759889126
3813,0,0.018563132733106613
3814,0,0.005128220189362764
3815,0,0.30882468819618225
3816,0,0.7574968934059143
3817,0,0.13870832324028015
3818,0,0.13358961045742035
3819,0,0.4429941475391388
3820,0,0.27661260962486267
3821,0,0.4904317855834961
3822,0,0.9440690875053406
3823,0,0.0036567319184541702
3824,0,0.1746717244386673
3825,0,0.8244714736938477
3826,0,0.1098380908370018
3827,0,0.14050716161727905
3828,0,0.4479694068431854
3829,0,0.8210840225219727
3830,0,0.11306682974100113
3831,0,0.752671480178833
3832,0,0.02063732221722603
3833,0,0.028543516993522644
3834,0,0.5045222640037537
3835,0,0.0077271792106330395
3836,0,0.016443641856312752
3837,0,0.8745723962783813
3838,0,0.14344963431358337
3839,0,0.042537037283182144
3840,0,0.031529199331998825
3841,0,0.20169292390346527
3842,0,0.01291868556290865
3843,0,0.04466325789690018
3844,0,0.046996522694826126
3845,0,0.8488280773162842
3846,0,0.418648362159729
3847,0,0.6111005544662476
3848,0,0.032874733209609985
3849,0,0.004895239602774382
3850,0,0.20199927687644958
3851,0,0.013619829900562763
3852,0,0.3018553853034973
3853,0,0.0105323800817132
3854,0,0.2662593126296997
3855,0,0.7027507424354553
3856,0,0.9282218217849731
3857,0,0.2844295799732208
3858,0,0.2247987985610962
3859,0,0.007756218779832125
3860,0,0.17469048500061035
3861,0,0.40758705139160156
3862,0,0.011739548295736313
3863,0,0.029241131618618965
3864,0,0.44446757435798645
3865,0,0.06920778751373291
3866,0,0.22673100233078003
3867,0,0.004982491955161095
3868,0,0.04870720952749252
3869,0,0.0956956073641777
3870,0,0.935674786567688
3871,0,0.8746059536933899
3872,0,0.005110409110784531
3873,0,0.020136239007115364
3874,0,0.129032164812088
3875,0,0.6540248990058899
3876,0,0.9621522426605225
3877,0,0.16387340426445007
3878,0,0.00500856339931488
3879,0,0.017549345269799232
3880,0,0.11494642496109009
3881,0,0.39253440499305725
3882,0,0.05789812281727791
3883,0,0.38149550557136536
3884,0,0.1759544461965561
3885,0,0.670850932598114
3886,0,0.7104098796844482
3887,0,0.013769349083304405
3888,0,0.14343325793743134
3889,0,0.16695471107959747
3890,0,0.16804198920726776
3891,0,0.7069365978240967
3892,0,0.30117157101631165
3893,0,0.5049346685409546
3894,0,0.025592459365725517
3895,0,0.004524315241724253
3896,0,0.4762267768383026
3897,0,0.6756506562232971
3898,0,0.1713135838508606
3899,0,0.2820735275745392
3900,0,0.13211765885353088
3901,0,0.4756753444671631
3902,0,0.35002967715263367
3903,0,0.7847910523414612
3904,0,0.16357539594173431
3905,0,0.17796902358531952
3906,0,0.34440848231315613
3907,0,0.02872987650334835
3908,0,0.015420888550579548
3909,0,0.005427066702395678
3910,0,0.08809488266706467
3911,0,0.018695823848247528
3912,0,0.29170191287994385
3913,0,0.0763087272644043
3914,0,0.015036088414490223
3915,0,0.00675920071080327
3916,0,0.024425402283668518
3917,0,0.004274224862456322
3918,0,0.3674126863479614
3919,0,0.012005099095404148
3920,0,0.16213960945606232
3921,0,0.014746741391718388
3922,0,0.16268856823444366
3923,0,0.1668178290128708
3924,0,0.006529748905450106
3925,0,0.006995555944740772
3926,0,0.1628880500793457
3927,0,0.28410017490386963
3928,0,0.7805600166320801
3929,0,0.306800901889801
3930,0,0.2715586721897125
3931,0,0.8355754613876343
3932,0,0.18389149010181427
3933,0,0.17469048500061035
3934,0,0.004099584650248289
3935,0,0.23419153690338135
3936,0,0.010178729891777039
3937,0,0.021043239161372185
3938,0,0.6005945205688477
3939,0,0.710176408290863
3940,0,0.4013737142086029
3941,0,0.746320366859436
3942,0,0.035962969064712524
3943,0,0.02293386496603489
3944,0,0.353668212890625
3945,0,0.004202894400805235
3946,0,0.11015155166387558
3947,0,0.018551014363765717
3948,0,0.006550904363393784
3949,0,0.026739303022623062
3950,0,0.1776081770658493
3951,0,0.6952400207519531
3952,0,0.1761360466480255
3953,0,0.8382344841957092
3954,0,0.8068422079086304
3955,0,0.014096532948315144
3956,0,0.012651224620640278
3957,0,0.041152436286211014
3958,0,0.005854982417076826
3959,0,0.0076472098007798195
3960,0,0.5335747599601746
3961,0,0.011053546331822872
3962,0,0.06471255421638489
3963,0,0.10501067340373993
3964,0,0.03590993210673332
3965,0,0.006201888434588909
3966,0,0.04456226900219917
3967,0,0.2680527865886688
3968,0,0.20861607789993286
3969,0,0.02180282212793827
3970,0,0.764336347579956
3971,0,0.22663092613220215
3972,0,0.011900793761014938
3973,0,0.293189138174057
3974,0,0.010441238060593605
3975,0,0.12636630237102509
3976,0,0.005322018172591925
3977,0,0.23966383934020996
3978,0,0.06428777426481247
3979,0,0.4799732565879822
3980,0,0.10166528075933456
3981,0,0.24827128648757935
3982,0,0.06250479817390442
3983,1,0.8872988820075989
