index,y_true,y_pred_oof
0,1,0.9754672646522522
1,1,0.8446842432022095
2,1,0.7849059104919434
3,1,0.7967401742935181
4,1,0.5388302206993103
5,1,0.20783120393753052
6,1,0.1760604828596115
7,1,0.3203734755516052
8,1,0.9325671792030334
9,1,0.7266780138015747
10,1,0.6009572744369507
11,1,0.7864586114883423
12,1,0.4015178978443146
13,1,0.959990918636322
14,1,0.8672736287117004
15,1,0.7431816458702087
16,1,0.7627823352813721
17,1,0.34202563762664795
18,1,0.9454213380813599
19,1,0.9178263545036316
20,1,0.8070727586746216
21,1,0.9415691494941711
22,1,0.7637545466423035
23,1,0.8186829686164856
24,1,0.9320187568664551
25,1,0.6281448602676392
26,1,0.8948354125022888
27,1,0.7091214656829834
28,1,0.9508654475212097
29,1,0.943315863609314
30,1,0.8692079186439514
31,1,0.8391525745391846
32,1,0.8386024832725525
33,1,0.35193300247192383
34,1,0.7553659081459045
35,1,0.7715731859207153
36,1,0.8883333206176758
37,1,0.8999196290969849
38,1,0.9486755728721619
39,1,0.718686580657959
40,1,0.9917373061180115
41,1,0.9162818789482117
42,1,0.08493752032518387
43,1,0.6387097239494324
44,1,0.6417129635810852
45,1,0.9063106179237366
46,1,0.6361086964607239
47,1,0.8727266788482666
48,1,0.8924745917320251
49,1,0.7939103245735168
50,1,0.8833509683609009
51,1,0.8997799754142761
52,1,0.904052197933197
53,1,0.8638949394226074
54,1,0.6615119576454163
55,1,0.9619125127792358
56,1,0.42340362071990967
57,1,0.3794999420642853
58,1,0.1270686537027359
59,1,0.8758077025413513
60,1,0.4971279203891754
61,1,0.7616956233978271
62,1,0.18600213527679443
63,1,0.7783331274986267
64,1,0.6707256436347961
65,1,0.838259756565094
66,1,0.7753397226333618
67,1,0.2729223370552063
68,1,0.5768632292747498
69,1,0.9772077202796936
70,1,0.2981506288051605
71,1,0.7905694842338562
72,1,0.0669122114777565
73,1,0.46047720313072205
74,1,0.6040693521499634
75,1,0.6720385551452637
76,1,0.696794331073761
77,1,0.9455192685127258
78,1,0.6908239126205444
79,1,0.2194865196943283
80,1,0.9829619526863098
81,1,0.7644707560539246
82,1,0.9551821947097778
83,1,0.5504754185676575
84,1,0.901353120803833
85,1,0.3886658251285553
86,1,0.8387808799743652
87,1,0.14716170728206635
88,1,0.9114457964897156
89,1,0.7975444793701172
90,1,0.5029267072677612
91,1,0.9510936737060547
92,1,0.9442014098167419
93,1,0.40715333819389343
94,1,0.9660817980766296
95,1,0.8691279292106628
96,1,0.9512143135070801
97,1,0.9892663955688477
98,1,0.9846782684326172
99,1,0.9057852625846863
100,1,0.8345251083374023
101,1,0.94981849193573
102,1,0.6422770619392395
103,1,0.48463889956474304
104,1,0.8749896287918091
105,1,0.9237945675849915
106,1,0.9703384637832642
107,1,0.6048153638839722
108,1,0.4530056416988373
109,1,0.9671939015388489
110,1,0.991734504699707
111,1,0.9821324348449707
112,1,0.9675063490867615
113,1,0.8189708590507507
114,1,0.892326295375824
115,1,0.7690432071685791
116,1,0.23362939059734344
117,1,0.8965362310409546
118,1,0.0669122114777565
119,1,0.5101183652877808
120,1,0.8666805624961853
121,1,0.3269324004650116
122,1,0.9465926885604858
123,1,0.891523540019989
124,1,0.8320381045341492
125,1,0.7015256881713867
126,1,0.42393234372138977
127,1,0.22234374284744263
128,1,0.9564783573150635
129,1,0.9148292541503906
130,1,0.9859405755996704
131,1,0.9488860368728638
132,1,0.041263461112976074
133,1,0.9352295398712158
134,1,0.637760579586029
135,1,0.46567997336387634
136,1,0.7741843461990356
137,1,0.8975436687469482
138,1,0.3697471618652344
139,1,0.9111983776092529
140,1,0.2898121476173401
141,1,0.9932771325111389
142,1,0.6175206303596497
143,1,0.6945673227310181
144,1,0.9718262553215027
145,1,0.7203206419944763
146,1,0.9444916248321533
147,1,0.8269811868667603
148,1,0.9608351588249207
149,1,0.48688697814941406
150,1,0.9000328183174133
151,1,0.96315598487854
152,1,0.3231458067893982
153,1,0.2753411829471588
154,1,0.9154663681983948
155,1,0.9747908115386963
156,1,0.9270453453063965
157,1,0.9830638766288757
158,1,0.5911178588867188
159,1,0.802665114402771
160,1,0.9625096917152405
161,1,0.5365479588508606
162,1,0.4016263484954834
163,1,0.23995794355869293
164,1,0.9298083186149597
165,1,0.8892917633056641
166,1,0.9934090375900269
167,1,0.8590060472488403
168,1,0.9913681149482727
169,1,0.8914868831634521
170,1,0.2988452911376953
171,1,0.9827533960342407
172,1,0.41843143105506897
173,1,0.8133556842803955
174,1,0.5272336602210999
175,1,0.540519118309021
176,1,0.9853975772857666
177,1,0.9723819494247437
178,1,0.8867008686065674
179,1,0.9908100366592407
180,1,0.8872173428535461
181,1,0.49316880106925964
182,1,0.9813644289970398
183,1,0.8802534937858582
184,1,0.8209046721458435
185,1,0.9583836793899536
186,1,0.9922868013381958
187,1,0.9709151387214661
188,1,0.13064073026180267
189,1,0.8317516446113586
190,1,0.9920754432678223
191,1,0.8909716606140137
192,1,0.9664108157157898
193,1,0.2818758189678192
194,1,0.7438055276870728
195,1,0.9850335717201233
196,1,0.8262122869491577
197,1,0.9814555048942566
198,1,0.67424076795578
199,1,0.8531838059425354
200,1,0.9718846082687378
201,1,0.7558095455169678
202,1,0.9190919995307922
203,1,0.39474818110466003
204,1,0.9848577976226807
205,1,0.13644897937774658
206,1,0.3030403256416321
207,1,0.7239251136779785
208,1,0.8510758876800537
209,1,0.9107109904289246
210,1,0.324338436126709
211,1,0.10980051010847092
212,1,0.05233914405107498
213,1,0.9216009378433228
214,1,0.9664756059646606
215,1,0.8029537796974182
216,1,0.9569576978683472
217,1,0.08887609094381332
218,1,0.9366894960403442
219,1,0.9449113011360168
220,1,0.7260203957557678
221,1,0.9557984471321106
222,1,0.932820737361908
223,1,0.9928222298622131
224,1,0.9473164081573486
225,1,0.7715131044387817
226,1,0.9390899538993835
227,1,0.5684409141540527
228,1,0.32627058029174805
229,1,0.5962167978286743
230,1,0.8271820545196533
231,1,0.0398842990398407
232,1,0.8070534467697144
233,1,0.3605828285217285
234,1,0.8582376837730408
235,1,0.9693511724472046
236,1,0.8509427309036255
237,1,0.9796216487884521
238,1,0.7841730713844299
239,1,0.832365870475769
240,1,0.4105076193809509
241,1,0.9852965474128723
242,1,0.3740447163581848
243,1,0.6816648840904236
244,1,0.019189167767763138
245,1,0.9134893417358398
246,1,0.9666493535041809
247,1,0.2724896967411041
248,1,0.8236975073814392
249,1,0.2234455794095993
250,1,0.9406458139419556
251,1,0.9702355265617371
252,1,0.8997265100479126
253,1,0.8128368258476257
254,1,0.427784264087677
255,1,0.9821104407310486
256,1,0.7291141748428345
257,1,0.9514147639274597
258,1,0.814503014087677
259,1,0.875799298286438
260,1,0.9305458068847656
261,1,0.8907225728034973
262,1,0.7638396620750427
263,1,0.9526329040527344
264,1,0.9543577432632446
265,1,0.9598214030265808
266,1,0.26957759261131287
267,1,0.8427944779396057
268,1,0.9447633624076843
269,1,0.6261365413665771
270,1,0.264360249042511
271,1,0.5147456526756287
272,1,0.6872826218605042
273,1,0.3044653534889221
274,1,0.37439098954200745
275,1,0.5876217484474182
276,1,0.9793268442153931
277,1,0.3672836124897003
278,1,0.623220682144165
279,1,0.09326054155826569
280,1,0.3588227927684784
281,1,0.34071406722068787
282,1,0.7418138980865479
283,1,0.6168742775917053
284,1,0.9375156760215759
285,1,0.689944863319397
286,1,0.22332246601581573
287,1,0.5310467481613159
288,1,0.9596061110496521
289,1,0.1746739000082016
290,1,0.5909624695777893
291,1,0.057092130184173584
292,1,0.24313145875930786
293,1,0.5741815567016602
294,1,0.15409305691719055
295,1,0.5383799076080322
296,1,0.9848132729530334
297,1,0.2146427035331726
298,1,0.9763739705085754
299,1,0.7189405560493469
300,1,0.9880406260490417
301,1,0.989105761051178
302,1,0.26977816224098206
303,1,0.9702410697937012
304,1,0.9596726298332214
305,1,0.34496480226516724
306,1,0.46636438369750977
307,1,0.9399688243865967
308,1,0.9761329293251038
309,1,0.2605384588241577
310,1,0.3979213237762451
311,1,0.38360247015953064
312,1,0.3897749185562134
313,1,0.6870855093002319
314,1,0.8967769742012024
315,1,0.28417637944221497
316,1,0.7818707227706909
317,1,0.8330471515655518
318,1,0.904085099697113
319,1,0.40629133582115173
320,1,0.9284917116165161
321,1,0.4351111054420471
322,1,0.9275836944580078
323,1,0.9248161911964417
324,1,0.64556884765625
325,1,0.9543361663818359
326,1,0.9870049953460693
327,1,0.989935576915741
328,1,0.9954894185066223
329,1,0.6172305941581726
330,1,0.9642558097839355
331,1,0.959596574306488
332,1,0.9860754609107971
333,1,0.8246886730194092
334,1,0.9760845303535461
335,1,0.9096605777740479
336,1,0.9568209648132324
337,1,0.9013178944587708
338,1,0.8093717694282532
339,1,0.9660419821739197
340,1,0.942150890827179
341,1,0.9697643518447876
342,1,0.9718157052993774
343,1,0.9628370404243469
344,1,0.9857630729675293
345,1,0.9687904119491577
346,1,0.9709599018096924
347,1,0.9808058738708496
348,1,0.5079261660575867
349,1,0.8895820379257202
350,1,0.5162642002105713
351,1,0.8332480192184448
352,1,0.891313910484314
353,1,0.646618127822876
354,1,0.08770427852869034
355,1,0.6186727285385132
356,1,0.5041692852973938
357,1,0.9589852094650269
358,1,0.8255642056465149
359,1,0.7942073941230774
360,1,0.9480727910995483
361,1,0.9554388523101807
362,1,0.9918606877326965
363,1,0.9692720770835876
364,1,0.47957494854927063
365,1,0.8739493489265442
366,1,0.8274328112602234
367,1,0.9709343910217285
368,1,0.8165366649627686
369,1,0.8737893104553223
370,1,0.9351201057434082
371,1,0.9840900301933289
372,1,0.32112619280815125
373,1,0.9370161294937134
374,1,0.719494104385376
375,1,0.9685882925987244
376,1,0.9073880314826965
377,1,0.962921679019928
378,1,0.8862334489822388
379,1,0.8535569906234741
380,1,0.910880446434021
381,1,0.9916532635688782
382,1,0.8770826458930969
383,1,0.9324379563331604
384,1,0.9506511092185974
385,1,0.8899959921836853
386,1,0.6734803915023804
387,1,0.8549190759658813
388,1,0.5694188475608826
389,1,0.9082609415054321
390,1,0.7233604788780212
391,1,0.8449351191520691
392,1,0.7893697619438171
393,1,0.188818097114563
394,1,0.21194563806056976
395,1,0.1080685406923294
396,1,0.3776586055755615
397,1,0.23036153614521027
398,1,0.48011380434036255
399,1,0.40251609683036804
400,1,0.6344800591468811
401,1,0.8723703026771545
402,1,0.5779201984405518
403,1,0.6808708310127258
404,1,0.8713182806968689
405,1,0.7777908444404602
406,1,0.35208284854888916
407,1,0.8871415257453918
408,1,0.006657168734818697
409,1,0.2974335253238678
410,1,0.2171829491853714
411,1,0.832328200340271
412,1,0.7345762848854065
413,1,0.23553575575351715
414,1,0.27377867698669434
415,1,0.6012948751449585
416,1,0.03603385016322136
417,1,0.4150888919830322
418,1,0.7283626794815063
419,1,0.09656757116317749
420,1,0.7667338252067566
421,1,0.33472171425819397
422,1,0.6639988422393799
423,1,0.5381273031234741
424,1,0.7041153907775879
425,1,0.47426480054855347
426,1,0.58797287940979
427,1,0.6000961065292358
428,1,0.5505458116531372
429,1,0.9225420951843262
430,1,0.5550935864448547
431,1,0.5720691680908203
432,1,0.4173376262187958
433,1,0.4968164265155792
434,1,0.3980797529220581
435,1,0.9610303640365601
436,1,0.8377323746681213
437,1,0.41917404532432556
438,1,0.9904762506484985
439,1,0.9743144512176514
440,1,0.9367043375968933
441,1,0.9913764595985413
442,1,0.9218950867652893
443,1,0.7922090888023376
444,1,0.9715673923492432
445,1,0.8602901101112366
446,1,0.5648728013038635
447,1,0.9514057040214539
448,1,0.8389014601707458
449,1,0.9331091046333313
450,1,0.7980586290359497
451,1,0.9373959302902222
452,1,0.9824227094650269
453,1,0.993107259273529
454,1,0.9570971131324768
455,1,0.96885085105896
456,1,0.9852546453475952
457,1,0.9676382541656494
458,1,0.9346532225608826
459,1,0.9041100740432739
460,1,0.8820348381996155
461,1,0.992294430732727
462,1,0.9738228917121887
463,1,0.8780471682548523
464,1,0.9232580065727234
465,1,0.8968498706817627
466,1,0.9449286460876465
467,1,0.9949783682823181
468,1,0.8745088577270508
469,1,0.7421123385429382
470,1,0.8891752362251282
471,1,0.869961678981781
472,1,0.9621368050575256
473,1,0.923254668712616
474,1,0.9049742221832275
475,1,0.9766653776168823
476,1,0.9787567257881165
477,1,0.9830559492111206
478,1,0.9107649922370911
479,1,0.9296595454216003
480,1,0.36646702885627747
481,1,0.9621779322624207
482,1,0.9862914681434631
483,1,0.8505141139030457
484,1,0.9564090967178345
485,1,0.9164858460426331
486,1,0.890259325504303
487,1,0.9774583578109741
488,1,0.6765066981315613
489,1,0.9672548770904541
490,1,0.6195603609085083
491,1,0.8094627261161804
492,1,0.9651899933815002
493,1,0.828022301197052
494,1,0.9310939311981201
495,1,0.9205289483070374
496,1,0.6661911606788635
497,1,0.3051823675632477
498,1,0.036342982202768326
499,1,0.9830666780471802
500,1,0.5373231768608093
501,1,0.6656263470649719
502,1,0.11031897366046906
503,1,0.8061621189117432
504,1,0.4446413516998291
505,1,0.8011300563812256
506,1,0.7067252397537231
507,1,0.4345152974128723
508,1,0.8563394546508789
509,1,0.6653863787651062
510,1,0.6506250500679016
511,1,0.7537081241607666
512,1,0.3802211582660675
513,1,0.12820357084274292
514,1,0.11606746912002563
515,1,0.23480311036109924
516,1,0.05559713765978813
517,1,0.8407941460609436
518,1,0.47315090894699097
519,1,0.7599353790283203
520,1,0.06516922265291214
521,1,0.14526674151420593
522,1,0.2913537323474884
523,1,0.6414147615432739
524,1,0.8074102401733398
525,1,0.07863593846559525
526,1,0.5550931692123413
527,1,0.39460572600364685
528,1,0.12744133174419403
529,1,0.44475868344306946
530,1,0.04967551305890083
531,1,0.0461324080824852
532,1,0.7397622466087341
533,1,0.15990470349788666
534,1,0.8612608909606934
535,1,0.9452779293060303
536,1,0.6844145655632019
537,1,0.8855175971984863
538,1,0.8572880625724792
539,1,0.7151137590408325
540,1,0.6536228060722351
541,1,0.5390563607215881
542,1,0.7730574607849121
543,1,0.489783376455307
544,1,0.6884065270423889
545,1,0.7322245240211487
546,1,0.7621466517448425
547,1,0.6811108589172363
548,1,0.9707841277122498
549,1,0.7947011590003967
550,1,0.6376946568489075
551,1,0.739885151386261
552,1,0.44032514095306396
553,1,0.5812496542930603
554,1,0.5268232822418213
555,1,0.6844164133071899
556,1,0.8848438262939453
557,1,0.5153483152389526
558,1,0.20403574407100677
559,1,0.8038179278373718
560,1,0.9588570594787598
561,1,0.6037983298301697
562,1,0.8255239725112915
563,1,0.8899927735328674
564,1,0.37729573249816895
565,1,0.9799667000770569
566,1,0.9321469664573669
567,1,0.9790732860565186
568,1,0.9181763529777527
569,1,0.08058347553014755
570,1,0.8141103982925415
571,1,0.7767738103866577
572,1,0.9824984073638916
573,1,0.871125340461731
574,1,0.9895025491714478
575,1,0.8696863055229187
576,1,0.14314128458499908
577,1,0.987355649471283
578,1,0.7676559090614319
579,1,0.9711252450942993
580,1,0.9924319982528687
581,1,0.9907463788986206
582,1,0.9846798777580261
583,1,0.8413912653923035
584,1,0.5459128618240356
585,1,0.09802472591400146
586,1,0.4334973096847534
587,1,0.9948288798332214
588,1,0.817337155342102
589,1,0.8168409466743469
590,1,0.5033109784126282
591,1,0.4697168171405792
592,1,0.7309961915016174
593,1,0.8107959628105164
594,1,0.9717042446136475
595,1,0.7922916412353516
596,1,0.857142448425293
597,1,0.6003431677818298
598,1,0.7441142797470093
599,1,0.5466566681861877
600,1,0.9867908954620361
601,1,0.9182463884353638
602,1,0.9529370665550232
603,1,0.9584396481513977
604,1,0.9504272937774658
605,1,0.9789005517959595
606,1,0.9709129333496094
607,1,0.9073500037193298
608,1,0.9575778841972351
609,1,0.8902047872543335
610,1,0.5674524903297424
611,1,0.8255982398986816
612,1,0.989733874797821
613,1,0.9240742921829224
614,1,0.9478486180305481
615,1,0.9320183396339417
616,1,0.9932020306587219
617,1,0.9693441987037659
618,1,0.8681039214134216
619,1,0.9722157716751099
620,1,0.7471676468849182
621,1,0.8742818236351013
622,1,0.581662118434906
623,1,0.5212629437446594
624,1,0.8110361695289612
625,1,0.9248341917991638
626,1,0.7776804566383362
627,1,0.9386568069458008
628,1,0.9822869896888733
629,1,0.9011308550834656
630,1,0.9790694117546082
631,1,0.9466181397438049
632,1,0.9304055571556091
633,1,0.8772125244140625
634,1,0.9152295589447021
635,1,0.7050631046295166
636,1,0.9813641905784607
637,1,0.7038055658340454
638,1,0.975600004196167
639,1,0.35825231671333313
640,1,0.6967059373855591
641,1,0.9614769816398621
642,1,0.9826938509941101
643,1,0.941743791103363
644,1,0.9109736680984497
645,1,0.9713271856307983
646,1,0.9822773337364197
647,1,0.9574947953224182
648,1,0.9585767984390259
649,1,0.9010543823242188
650,1,0.7258122563362122
651,1,0.9833111763000488
652,1,0.8904407620429993
653,1,0.36570096015930176
654,1,0.7365524172782898
655,1,0.5531657338142395
656,1,0.8088452816009521
657,1,0.8949539065361023
658,1,0.9512990117073059
659,1,0.9882969260215759
660,1,0.010254408232867718
661,1,0.5893460512161255
662,1,0.9535036683082581
663,1,0.9590455889701843
664,1,0.6355134844779968
665,1,0.9679778218269348
666,1,0.9578261375427246
667,1,0.9371211528778076
668,1,0.8685630559921265
669,1,0.6288793087005615
670,1,0.7918621301651001
671,1,0.9852657914161682
672,1,0.9679732322692871
673,1,0.9731152653694153
674,1,0.9933005571365356
675,1,0.8851100206375122
676,1,0.9883655309677124
677,1,0.9792307019233704
678,1,0.9054118394851685
679,1,0.9467005133628845
680,1,0.22882701456546783
681,1,0.9847384691238403
682,1,0.8125921487808228
683,1,0.9465206265449524
684,1,0.9917669892311096
685,1,0.9910492897033691
686,1,0.9933092594146729
687,1,0.31303465366363525
688,1,0.32367101311683655
689,1,0.8197568655014038
690,1,0.9558637738227844
691,1,0.862823486328125
692,1,0.9105800986289978
693,1,0.9745790362358093
694,1,0.8719621300697327
695,1,0.8289347290992737
696,1,0.9187096357345581
697,1,0.9404538869857788
698,1,0.9488781094551086
699,1,0.981626033782959
700,1,0.8900402784347534
701,1,0.8058347702026367
702,1,0.8847002983093262
703,1,0.937982976436615
704,1,0.8634116649627686
705,1,0.9468292593955994
706,1,0.5135655403137207
707,1,0.416154682636261
708,1,0.8443425297737122
709,1,0.9718121886253357
710,1,0.9570876359939575
711,1,0.7216817140579224
712,1,0.16717328131198883
713,1,0.9196895360946655
714,1,0.05922837182879448
715,1,0.7908846139907837
716,1,0.44846826791763306
717,1,0.1578902006149292
718,1,0.08598670363426208
719,1,0.4551772475242615
720,1,0.11107101291418076
721,1,0.0831729844212532
722,1,0.3454611003398895
723,1,0.22871865332126617
724,1,0.8175249695777893
725,1,0.8518496155738831
726,1,0.0546192042529583
727,1,0.7491011619567871
728,1,0.4366653263568878
729,1,0.15650255978107452
730,1,0.10434932261705399
731,1,0.2874443233013153
732,1,0.9110639095306396
733,1,0.4658671021461487
734,1,0.12397179752588272
735,1,0.6865198612213135
736,1,0.18221400678157806
737,1,0.9185776114463806
738,1,0.9572556018829346
739,1,0.03318048268556595
740,1,0.7410513758659363
741,1,0.606830358505249
742,1,0.3249601721763611
743,1,0.4480011463165283
744,1,0.24085025489330292
745,1,0.22361505031585693
746,1,0.3735947608947754
747,1,0.9138282537460327
748,1,0.8154712319374084
749,1,0.9554619193077087
750,1,0.9534201622009277
751,1,0.4027286767959595
752,1,0.8205028772354126
753,1,0.9333904981613159
754,1,0.8294984102249146
755,1,0.8996708393096924
756,1,0.8284707069396973
757,1,0.332736074924469
758,1,0.5096070766448975
759,1,0.9700416922569275
760,1,0.9663678407669067
761,1,0.6484611630439758
762,1,0.8197312355041504
763,1,0.32691535353660583
764,1,0.7307634353637695
765,1,0.2622290253639221
766,1,0.8807358145713806
767,1,0.23152673244476318
768,1,0.5319229364395142
769,1,0.4989386796951294
770,1,0.6484636664390564
771,1,0.7644543051719666
772,1,0.9204999208450317
773,1,0.6169062852859497
774,1,0.5693274140357971
775,1,0.7881106734275818
776,1,0.9615461826324463
777,1,0.8504934310913086
778,1,0.9199507832527161
779,1,0.7936532497406006
780,1,0.9411289691925049
781,1,0.9243795871734619
782,1,0.9005597829818726
783,1,0.9403864145278931
784,1,0.5358066558837891
785,1,0.5874890685081482
786,1,0.5538097023963928
787,1,0.9647685885429382
788,1,0.8511232137680054
789,1,0.8699328899383545
790,1,0.9850163459777832
791,1,0.6033704280853271
792,1,0.2690397799015045
793,1,0.8829862475395203
794,1,0.9820950627326965
795,1,0.7661601901054382
796,1,0.8624436259269714
797,1,0.8399932980537415
798,1,0.5235273241996765
799,1,0.9802598357200623
800,1,0.9450166821479797
801,1,0.9780102372169495
802,1,0.8516524434089661
803,1,0.9100067615509033
804,1,0.808734655380249
805,1,0.961642324924469
806,1,0.7891189455986023
807,1,0.7792155742645264
808,1,0.9238495826721191
809,1,0.5086563229560852
810,1,0.5271952152252197
811,1,0.9697872996330261
812,1,0.27004602551460266
813,1,0.2327759861946106
814,1,0.0669122114777565
815,1,0.8119295239448547
816,1,0.7308498620986938
817,1,0.8927819728851318
818,1,0.9049616456031799
819,1,0.963424801826477
820,1,0.9692378044128418
821,1,0.9255854487419128
822,1,0.8155860900878906
823,1,0.9496214985847473
824,1,0.8779461979866028
825,1,0.8559573292732239
826,1,0.6098088026046753
827,1,0.8704291582107544
828,1,0.9721326231956482
829,1,0.9589154720306396
830,1,0.9169159531593323
831,1,0.8847836256027222
832,1,0.7742488980293274
833,1,0.98127281665802
834,1,0.9199382662773132
835,1,0.9189999103546143
836,1,0.03658517450094223
837,1,0.657789409160614
838,1,0.9736309051513672
839,1,0.8443572521209717
840,1,0.9485949277877808
841,1,0.8903933763504028
842,1,0.9756525754928589
843,1,0.9829769134521484
844,1,0.9825703501701355
845,1,0.9752018451690674
846,1,0.9786258935928345
847,1,0.9591984748840332
848,1,0.9434429407119751
849,1,0.8511917591094971
850,1,0.9823530316352844
851,1,0.9273762702941895
852,1,0.9849727153778076
853,1,0.8675577044487
854,1,0.9590391516685486
855,1,0.9427453279495239
856,1,0.8891144394874573
857,1,0.22521716356277466
858,1,0.2094426304101944
859,1,0.8375048637390137
860,1,0.8663341403007507
861,1,0.3093700110912323
862,1,0.358062744140625
863,1,0.8106642961502075
864,1,0.7043840885162354
865,1,0.956801176071167
866,1,0.9367400407791138
867,1,0.3652343153953552
868,1,0.5236024856567383
869,1,0.9248222708702087
870,1,0.4062681794166565
871,1,0.8704543709754944
872,1,0.8875609040260315
873,1,0.684319794178009
874,1,0.76581871509552
875,1,0.940650999546051
876,1,0.8410217761993408
877,1,0.904517650604248
878,1,0.8898026943206787
879,1,0.835347056388855
880,1,0.5682306885719299
881,1,0.6774761080741882
882,1,0.32302236557006836
883,1,0.6175694465637207
884,1,0.8855175971984863
885,1,0.8679161071777344
886,1,0.8854701519012451
887,1,0.7889347076416016
888,1,0.1188184842467308
889,1,0.8240799903869629
890,1,0.40743350982666016
891,1,0.8648391962051392
892,1,0.7667536735534668
893,1,0.7986268401145935
894,1,0.45306411385536194
895,1,0.7366224527359009
896,1,0.21604619920253754
897,1,0.38326001167297363
898,1,0.8771215677261353
899,1,0.35628852248191833
900,1,0.28107503056526184
901,1,0.8728806376457214
902,1,0.9261341094970703
903,1,0.6583045125007629
904,1,0.7474573850631714
905,1,0.9515167474746704
906,1,0.5394961833953857
907,1,0.3212546706199646
908,1,0.5409063100814819
909,1,0.7586921453475952
910,1,0.6429349780082703
911,1,0.07652609795331955
912,1,0.40010133385658264
913,1,0.9396597146987915
914,1,0.9585408568382263
915,1,0.9587915539741516
916,1,0.41496261954307556
917,1,0.931873083114624
918,1,0.9661832451820374
919,1,0.9476423859596252
920,1,0.9037388563156128
921,1,0.6226864457130432
922,1,0.43033367395401
923,1,0.8055446147918701
924,1,0.9468133449554443
925,1,0.9466850161552429
926,1,0.8756930828094482
927,1,0.890759289264679
928,1,0.8144701719284058
929,1,0.9683710336685181
930,1,0.4121285676956177
931,1,0.42577096819877625
932,1,0.7828453779220581
933,1,0.8189756870269775
934,1,0.602941632270813
935,1,0.765941321849823
936,1,0.8963158130645752
937,1,0.8472938537597656
938,1,0.9552637934684753
939,1,0.9789773225784302
940,1,0.9090487957000732
941,1,0.8604508638381958
942,1,0.8657529950141907
943,1,0.9483020901679993
944,1,0.8162608742713928
945,1,0.9733245968818665
946,1,0.9262218475341797
947,1,0.6364534497261047
948,1,0.879012942314148
949,1,0.7310333847999573
950,1,0.9646540880203247
951,1,0.9328107833862305
952,1,0.9286819696426392
953,1,0.9152519106864929
954,1,0.1640794575214386
955,1,0.23724544048309326
956,1,0.9664575457572937
957,1,0.9446660280227661
958,1,0.9682189226150513
959,1,0.9337860345840454
960,1,0.9469630718231201
961,1,0.7611269354820251
962,1,0.8074997663497925
963,1,0.7239984273910522
964,1,0.9066819548606873
965,1,0.5116342306137085
966,1,0.8481019735336304
967,1,0.9539149403572083
968,1,0.9368464350700378
969,1,0.9801367521286011
970,1,0.7268041968345642
971,1,0.7749309539794922
972,1,0.8797586560249329
973,1,0.9116256833076477
974,1,0.8777114748954773
975,1,0.9456416964530945
976,1,0.83307945728302
977,1,0.7185353636741638
978,1,0.7594407200813293
979,1,0.8105778694152832
980,1,0.5342235565185547
981,1,0.35893145203590393
982,1,0.8676105737686157
983,1,0.8449459075927734
984,1,0.9094244837760925
985,1,0.9088510274887085
986,1,0.9618610739707947
987,1,0.9246099591255188
988,1,0.9181904196739197
989,1,0.915140688419342
990,1,0.9571057558059692
991,1,0.9084204435348511
992,1,0.6572155952453613
993,1,0.9326468110084534
994,1,0.8748106956481934
995,1,0.9226804375648499
996,1,0.8695950508117676
997,1,0.9334561228752136
998,1,0.929768979549408
999,1,0.9626303315162659
1000,1,0.9537938237190247
1001,1,0.7261544466018677
1002,1,0.7619133591651917
1003,1,0.9569883942604065
1004,1,0.953199028968811
1005,1,0.8983709812164307
1006,1,0.8108105659484863
1007,1,0.0771811306476593
1008,1,0.8465404510498047
1009,1,0.19537445902824402
1010,1,0.9661960601806641
1011,1,0.9691861867904663
1012,1,0.9661848545074463
1013,1,0.9729553461074829
1014,1,0.9462152719497681
1015,1,0.9246053695678711
1016,1,0.9521365761756897
1017,1,0.9481490254402161
1018,1,0.7777358889579773
1019,1,0.7777237892150879
1020,1,0.8040486574172974
1021,1,0.8954120874404907
1022,1,0.10930056869983673
1023,1,0.5581654906272888
1024,1,0.9037092328071594
1025,1,0.8899129033088684
1026,1,0.9645096063613892
1027,1,0.9301304817199707
1028,1,0.9470900893211365
1029,1,0.984050452709198
1030,1,0.9597728848457336
1031,1,0.9424668550491333
1032,1,0.9837415218353271
1033,1,0.9888122081756592
1034,1,0.9850762486457825
1035,1,0.8489734530448914
1036,1,0.8564065098762512
1037,1,0.969881534576416
1038,1,0.8216187357902527
1039,1,0.9653971195220947
1040,1,0.995076596736908
1041,1,0.9632520079612732
1042,1,0.9340041875839233
1043,1,0.30536752939224243
1044,1,0.6887435913085938
1045,1,0.5813378095626831
1046,1,0.8276150226593018
1047,1,0.668535053730011
1048,1,0.9454247355461121
1049,1,0.7316737771034241
1050,1,0.7516012191772461
1051,1,0.9547749757766724
1052,1,0.9050955176353455
1053,1,0.9725739359855652
1054,1,0.09238912165164948
1055,1,0.2994522750377655
1056,1,0.5134642720222473
1057,1,0.9731037616729736
1058,1,0.8435510396957397
1059,1,0.9757781624794006
1060,1,0.99427729845047
1061,1,0.5148417353630066
1062,1,0.7752580046653748
1063,1,0.6098530292510986
1064,1,0.6785022020339966
1065,1,0.7286529541015625
1066,1,0.9046974182128906
1067,1,0.815777063369751
1068,1,0.37231677770614624
1069,1,0.7868159413337708
1070,1,0.812238335609436
1071,1,0.6179352402687073
1072,1,0.189066082239151
1073,1,0.8985810279846191
1074,1,0.3648737370967865
1075,1,0.6831172108650208
1076,1,0.8495049476623535
1077,1,0.884800136089325
1078,1,0.40012308955192566
1079,1,0.5287343859672546
1080,1,0.47328951954841614
1081,1,0.8830417394638062
1082,1,0.45576900243759155
1083,1,0.9228613972663879
1084,1,0.6897269487380981
1085,1,0.7115786075592041
1086,1,0.8958619236946106
1087,1,0.6424537301063538
1088,1,0.4524092674255371
1089,1,0.7692314982414246
1090,1,0.9669638872146606
1091,1,0.9409347176551819
1092,1,0.07847652584314346
1093,1,0.7998781800270081
1094,1,0.7123636603355408
1095,1,0.9333577752113342
1096,1,0.7515616416931152
1097,1,0.41650038957595825
1098,1,0.7531795501708984
1099,1,0.8455507755279541
1100,1,0.8148342967033386
1101,1,0.7634286284446716
1102,1,0.5372635722160339
1103,1,0.9807095527648926
1104,1,0.5755358934402466
1105,1,0.4950695037841797
1106,1,0.872226893901825
1107,1,0.42919912934303284
1108,1,0.08041906356811523
1109,1,0.8514251112937927
1110,1,0.7225180268287659
1111,1,0.9866846203804016
1112,1,0.6184101700782776
1113,1,0.5940172076225281
1114,1,0.9381168484687805
1115,1,0.29957324266433716
1116,1,0.7737125158309937
1117,1,0.7500799894332886
1118,1,0.9586905241012573
1119,1,0.6459593772888184
1120,1,0.12847988307476044
1121,1,0.9265682697296143
1122,1,0.7385987043380737
1123,1,0.9450046420097351
1124,1,0.9493040442466736
1125,1,0.6533512473106384
1126,1,0.9168880581855774
1127,1,0.7910005450248718
1128,1,0.5192033648490906
1129,1,0.6277490258216858
1130,1,0.9019774794578552
1131,1,0.9474049806594849
1132,1,0.9349350929260254
1133,1,0.8011016845703125
1134,1,0.9725326895713806
1135,1,0.6098333597183228
1136,1,0.3684135377407074
1137,1,0.8860646486282349
1138,1,0.8302274942398071
1139,1,0.912350058555603
1140,1,0.833295464515686
1141,1,0.9381579756736755
1142,1,0.9370249509811401
1143,1,0.9421908855438232
1144,1,0.9549546241760254
1145,1,0.9552001953125
1146,1,0.04258643090724945
1147,1,0.5601288080215454
1148,1,0.9875931143760681
1149,1,0.8908662796020508
1150,1,0.8947535753250122
1151,1,0.8900806903839111
1152,1,0.945085346698761
1153,1,0.9500173926353455
1154,1,0.9847682118415833
1155,1,0.9594517946243286
1156,1,0.9743291735649109
1157,1,0.9765496253967285
1158,1,0.9937169551849365
1159,1,0.982327938079834
1160,1,0.9829896092414856
1161,1,0.9559735655784607
1162,1,0.8758867383003235
1163,1,0.9469224810600281
1164,1,0.9430283904075623
1165,1,0.964267909526825
1166,1,0.9605677127838135
1167,1,0.9639458656311035
1168,1,0.9620965123176575
1169,1,0.4712400436401367
1170,1,0.8755373358726501
1171,1,0.9536553621292114
1172,1,0.8486015796661377
1173,1,0.9864640235900879
1174,1,0.9717276692390442
1175,1,0.9517251253128052
1176,1,0.9279091954231262
1177,1,0.8629772067070007
1178,1,0.9898756146430969
1179,1,0.18697601556777954
1180,1,0.9136881232261658
1181,1,0.7640580534934998
1182,1,0.8387308120727539
1183,1,0.8966435790061951
1184,1,0.963836669921875
1185,1,0.9230205416679382
1186,1,0.9512545466423035
1187,1,0.9311015605926514
1188,1,0.9264422059059143
1189,1,0.42536014318466187
1190,1,0.9209567308425903
1191,1,0.3253237009048462
1192,1,0.14255765080451965
1193,1,0.5058493614196777
1194,1,0.16532237827777863
1195,1,0.18607155978679657
1196,1,0.8232218027114868
1197,1,0.18664756417274475
1198,1,0.27930325269699097
1199,1,0.13672469556331635
1200,1,0.4437456727027893
1201,1,0.9204748868942261
1202,1,0.9688234329223633
1203,1,0.926490068435669
1204,1,0.5896466374397278
1205,1,0.9028293490409851
1206,1,0.8824292421340942
1207,1,0.34571176767349243
1208,1,0.7655964493751526
1209,1,0.8689529895782471
1210,1,0.7707221508026123
1211,1,0.8511090278625488
1212,1,0.863331139087677
1213,1,0.18526817858219147
1214,1,0.3082835376262665
1215,1,0.8314338326454163
1216,1,0.7716495394706726
1217,1,0.7329409122467041
1218,1,0.4956527650356293
1219,1,0.9401904940605164
1220,1,0.59007728099823
1221,1,0.8262839317321777
1222,1,0.8385889530181885
1223,1,0.8924192786216736
1224,1,0.8696140050888062
1225,1,0.8454282283782959
1226,1,0.680126965045929
1227,1,0.7071070671081543
1228,1,0.8213812112808228
1229,1,0.8170483112335205
1230,1,0.9486832022666931
1231,1,0.4557626247406006
1232,1,0.7005453109741211
1233,1,0.682651937007904
1234,1,0.8266255855560303
1235,1,0.4097147583961487
1236,1,0.7504019737243652
1237,1,0.8566220998764038
1238,1,0.5405565500259399
1239,1,0.7786970138549805
1240,1,0.30404943227767944
1241,1,0.5857354402542114
1242,1,0.8374463319778442
1243,1,0.5418197512626648
1244,1,0.028029602020978928
1245,1,0.7940976619720459
1246,1,0.2877320945262909
1247,1,0.10924408584833145
1248,1,0.928745448589325
1249,1,0.5362581014633179
1250,1,0.6503774523735046
1251,1,0.4994383752346039
1252,1,0.8487020134925842
1253,1,0.5730493664741516
1254,1,0.7402703166007996
1255,1,0.3649555742740631
1256,1,0.8855202794075012
1257,1,0.7754863500595093
1258,1,0.2223687320947647
1259,1,0.7814807295799255
1260,1,0.09409621357917786
1261,1,0.5773741006851196
1262,1,0.06937521696090698
1263,1,0.3210752606391907
1264,1,0.6595804691314697
1265,1,0.11955655366182327
1266,1,0.8990552425384521
1267,1,0.4202953577041626
1268,1,0.8320768475532532
1269,1,0.34937697649002075
1270,1,0.8727658987045288
1271,1,0.0894697979092598
1272,1,0.9208377599716187
1273,1,0.28496432304382324
1274,1,0.7941546440124512
1275,1,0.8492832183837891
1276,1,0.6453734040260315
1277,1,0.8769534826278687
1278,1,0.8072479963302612
1279,1,0.09499946236610413
1280,1,0.9006254076957703
1281,1,0.1768360584974289
1282,1,0.686716616153717
1283,1,0.7003382444381714
1284,1,0.38543808460235596
1285,1,0.830292284488678
1286,1,0.37605637311935425
1287,1,0.7807376980781555
1288,1,0.9286527037620544
1289,1,0.6249117851257324
1290,1,0.9139060974121094
1291,1,0.9051019549369812
1292,1,0.19754861295223236
1293,1,0.5723537802696228
1294,1,0.6596271991729736
1295,1,0.6421995759010315
1296,1,0.42491742968559265
1297,1,0.9392954111099243
1298,1,0.4817880392074585
1299,1,0.39120420813560486
1300,1,0.9110345244407654
1301,1,0.5829476714134216
1302,1,0.5713751912117004
1303,1,0.5490638613700867
1304,1,0.31800103187561035
1305,1,0.6889588236808777
1306,1,0.9262979626655579
1307,1,0.850620448589325
1308,1,0.45260733366012573
1309,1,0.5765088796615601
1310,1,0.8672319650650024
1311,1,0.5572521686553955
1312,1,0.9293457269668579
1313,1,0.042564380913972855
1314,1,0.28525516390800476
1315,1,0.9565849304199219
1316,1,0.8478086590766907
1317,1,0.7447338700294495
1318,1,0.9075874090194702
1319,1,0.7503453493118286
1320,1,0.8442181348800659
1321,1,0.936023473739624
1322,1,0.9488608241081238
1323,1,0.974891722202301
1324,1,0.9779557585716248
1325,1,0.8981305956840515
1326,1,0.7360747456550598
1327,1,0.29190394282341003
1328,1,0.5033928155899048
1329,1,0.9573883414268494
1330,1,0.7864912748336792
1331,1,0.5494236350059509
1332,1,0.9093863368034363
1333,1,0.8615689873695374
1334,1,0.8980542421340942
1335,1,0.32682546973228455
1336,1,0.7731603384017944
1337,1,0.9797119498252869
1338,1,0.9569730758666992
1339,1,0.8715948462486267
1340,1,0.95497727394104
1341,1,0.9383551478385925
1342,1,0.7391680479049683
1343,1,0.6752659678459167
1344,1,0.7466130256652832
1345,1,0.448507696390152
1346,1,0.8215651512145996
1347,1,0.7253416776657104
1348,1,0.8031039834022522
1349,1,0.7085034251213074
1350,1,0.7513908743858337
1351,1,0.8070887923240662
1352,1,0.9329549074172974
1353,1,0.6506945490837097
1354,1,0.8068292737007141
1355,1,0.7798215746879578
1356,1,0.8063327670097351
1357,1,0.8379113674163818
1358,1,0.8310372233390808
1359,1,0.8116657733917236
1360,1,0.940539538860321
1361,1,0.9435395002365112
1362,1,0.9667350053787231
1363,1,0.7367430329322815
1364,1,0.9615790843963623
1365,1,0.3265385329723358
1366,1,0.780940055847168
1367,1,0.8374404907226562
1368,1,0.8699235916137695
1369,1,0.950556218624115
1370,1,0.8303241729736328
1371,1,0.8250622749328613
1372,1,0.9736400246620178
1373,1,0.8208365440368652
1374,1,0.9765068888664246
1375,1,0.6565179228782654
1376,1,0.9805403351783752
1377,1,0.9187003374099731
1378,1,0.8840331435203552
1379,1,0.21172696352005005
1380,1,0.9567152857780457
1381,1,0.920317530632019
1382,1,0.5304471254348755
1383,1,0.9747635126113892
1384,1,0.5683562159538269
1385,1,0.9022430181503296
1386,1,0.8754506707191467
1387,1,0.3355860412120819
1388,1,0.9724611043930054
1389,1,0.9802983403205872
1390,1,0.969854474067688
1391,1,0.9874584674835205
1392,1,0.7306577563285828
1393,1,0.963840663433075
1394,1,0.9735325574874878
1395,1,0.9786651730537415
1396,1,0.9262649416923523
1397,1,0.9429211020469666
1398,1,0.9882077574729919
1399,1,0.9651086926460266
1400,1,0.9094695448875427
1401,1,0.9669666886329651
1402,1,0.6253218054771423
1403,1,0.9782248735427856
1404,1,0.967980146408081
1405,1,0.8633460998535156
1406,1,0.9951300621032715
1407,1,0.9617418646812439
1408,1,0.9271244406700134
1409,1,0.9927156567573547
1410,1,0.8998479247093201
1411,1,0.9325209856033325
1412,1,0.8913036584854126
1413,1,0.7148987054824829
1414,1,0.9870333671569824
1415,1,0.7303306460380554
1416,1,0.9667482376098633
1417,1,0.9293781518936157
1418,1,0.9946927428245544
1419,1,0.9866321682929993
1420,1,0.8919309377670288
1421,1,0.6720916032791138
1422,1,0.23081690073013306
1423,1,0.9005391597747803
1424,1,0.8738787174224854
1425,1,0.7874993085861206
1426,1,0.9728253483772278
1427,1,0.8232187628746033
1428,1,0.9338217973709106
1429,1,0.9087651968002319
1430,1,0.9567781686782837
1431,1,0.9164270162582397
1432,1,0.9832067489624023
1433,1,0.5730383396148682
1434,1,0.898277759552002
1435,1,0.9136754870414734
1436,1,0.2890419065952301
1437,1,0.2121710181236267
1438,1,0.9287769198417664
1439,1,0.5815364718437195
1440,1,0.8560490608215332
1441,1,0.9111155271530151
1442,1,0.9729328155517578
1443,1,0.7688801288604736
1444,1,0.9652561545372009
1445,1,0.2916967272758484
1446,1,0.31407690048217773
1447,1,0.9741829037666321
1448,1,0.6779466271400452
1449,1,0.9760991930961609
1450,1,0.907948911190033
1451,1,0.8825269341468811
1452,1,0.7333004474639893
1453,1,0.8916236758232117
1454,1,0.9672846794128418
1455,1,0.9827393293380737
1456,1,0.9294856786727905
1457,1,0.8889453411102295
1458,1,0.9745468497276306
1459,1,0.12737907469272614
1460,1,0.9640291929244995
1461,1,0.9765580296516418
1462,1,0.9085913896560669
1463,1,0.9693080186843872
1464,1,0.9743198156356812
1465,1,0.9780759215354919
1466,1,0.9777662754058838
1467,1,0.9598183631896973
1468,1,0.9631317853927612
1469,1,0.9818059802055359
1470,1,0.2243777960538864
1471,1,0.392559289932251
1472,1,0.0988730639219284
1473,1,0.904570996761322
1474,1,0.7704643607139587
1475,1,0.5989334583282471
1476,1,0.30209052562713623
1477,1,0.6986739039421082
1478,1,0.3751355707645416
1479,1,0.6826342344284058
1480,1,0.3087261915206909
1481,1,0.7028516530990601
1482,1,0.45960795879364014
1483,1,0.8420091271400452
1484,1,0.9060361385345459
1485,1,0.14732606709003448
1486,1,0.4577561318874359
1487,1,0.8137688636779785
1488,1,0.8908008337020874
1489,1,0.8782697916030884
1490,1,0.8794260621070862
1491,1,0.8460664749145508
1492,1,0.05918543413281441
1493,1,0.912073016166687
1494,1,0.9098055362701416
1495,1,0.5252100229263306
1496,1,0.9601969718933105
1497,1,0.9332711696624756
1498,1,0.9567821025848389
1499,1,0.9842513799667358
1500,1,0.8913500905036926
1501,1,0.8100984692573547
1502,1,0.9262128472328186
1503,1,0.9306607842445374
1504,1,0.9744633436203003
1505,1,0.8983896970748901
1506,1,0.6037665605545044
1507,1,0.9823966026306152
1508,1,0.9910411238670349
1509,1,0.9636940956115723
1510,1,0.272289901971817
1511,1,0.975328803062439
1512,1,0.9152318835258484
1513,1,0.6526386141777039
1514,1,0.7294714450836182
1515,1,0.9164153933525085
1516,1,0.7610056400299072
1517,1,0.9445469379425049
1518,1,0.9318834543228149
1519,1,0.9886244535446167
1520,1,0.9917349815368652
1521,1,0.5069936513900757
1522,1,0.9837416410446167
1523,1,0.9051377773284912
1524,1,0.6438022255897522
1525,1,0.803638756275177
1526,1,0.9652715921401978
1527,1,0.5650692582130432
1528,1,0.9771202802658081
1529,1,0.9402394890785217
1530,1,0.2626488208770752
1531,1,0.6541329026222229
1532,1,0.9492636919021606
1533,1,0.9466423988342285
1534,1,0.9262581467628479
1535,1,0.9163393974304199
1536,1,0.39560598134994507
1537,1,0.6216094493865967
1538,1,0.16157843172550201
1539,1,0.9349114298820496
1540,1,0.38842830061912537
1541,1,0.8272196054458618
1542,1,0.803144633769989
1543,1,0.9196175932884216
1544,1,0.7343682050704956
1545,1,0.7136901617050171
1546,1,0.9647121429443359
1547,1,0.9223060607910156
1548,1,0.7543107271194458
1549,1,0.5161231756210327
1550,1,0.9021059274673462
1551,1,0.605025053024292
1552,1,0.8243703246116638
1553,1,0.9189672470092773
1554,1,0.9649559259414673
1555,1,0.8628299832344055
1556,1,0.952501654624939
1557,1,0.952273428440094
1558,1,0.9552586674690247
1559,1,0.9239524006843567
1560,1,0.8713793754577637
1561,1,0.6875517964363098
1562,1,0.9218161702156067
1563,1,0.9008950591087341
1564,1,0.9866393208503723
1565,1,0.9591042995452881
1566,1,0.9915869235992432
1567,1,0.9405487775802612
1568,1,0.7828381657600403
1569,1,0.7039079666137695
1570,1,0.9855173230171204
1571,1,0.9845610857009888
1572,1,0.8953431844711304
1573,1,0.8396990895271301
1574,1,0.9552765488624573
1575,1,0.962246835231781
1576,1,0.9327771663665771
1577,1,0.8968311548233032
1578,1,0.9626897573471069
1579,1,0.963782548904419
1580,1,0.9459519386291504
1581,1,0.9859636425971985
1582,1,0.9604983925819397
1583,1,0.9139988422393799
1584,1,0.8798002004623413
1585,1,0.8468904495239258
1586,1,0.9777812361717224
1587,1,0.9694823622703552
1588,1,0.976646363735199
1589,1,0.9818073511123657
1590,1,0.9727901816368103
1591,1,0.9566386342048645
1592,1,0.9787479639053345
1593,1,0.9865114688873291
1594,1,0.9808207750320435
1595,1,0.7965046167373657
1596,1,0.9564767479896545
1597,1,0.9759641289710999
1598,1,0.9725666642189026
1599,1,0.9872061014175415
1600,1,0.9730543494224548
1601,1,0.9456264972686768
1602,1,0.9171561002731323
1603,1,0.9928794503211975
1604,1,0.9851978421211243
1605,1,0.6733065843582153
1606,1,0.9815927147865295
1607,1,0.594765305519104
1608,1,0.9383905529975891
1609,1,0.9884741902351379
1610,1,0.8727574944496155
1611,1,0.8937581777572632
1612,1,0.9556794166564941
1613,1,0.9535322189331055
1614,1,0.9131672382354736
1615,1,0.8429358601570129
1616,1,0.9812280535697937
1617,1,0.9234107732772827
1618,1,0.449063241481781
1619,1,0.8778845071792603
1620,1,0.9246290326118469
1621,1,0.9182093143463135
1622,1,0.6927284598350525
1623,1,0.7296689748764038
1624,1,0.9574073553085327
1625,1,0.8471064567565918
1626,1,0.8858951926231384
1627,1,0.8496332764625549
1628,1,0.09398283809423447
1629,1,0.9258888959884644
1630,1,0.35154637694358826
1631,1,0.8243195414543152
1632,1,0.8919627070426941
1633,1,0.5961347818374634
1634,1,0.8560354113578796
1635,1,0.8686777949333191
1636,1,0.9711953997612
1637,1,0.2865784168243408
1638,1,0.8193138837814331
1639,1,0.900820791721344
1640,1,0.9874952435493469
1641,1,0.3174038231372833
1642,1,0.8439272046089172
1643,1,0.9770107865333557
1644,1,0.9770045280456543
1645,1,0.9664891958236694
1646,1,0.2184661626815796
1647,1,0.2737586796283722
1648,1,0.30997586250305176
1649,1,0.63133305311203
1650,1,0.2062411904335022
1651,1,0.4488300085067749
1652,1,0.15977592766284943
1653,1,0.23086868226528168
1654,1,0.5311566591262817
1655,1,0.18030361831188202
1656,1,0.2349294275045395
1657,1,0.20945405960083008
1658,1,0.2240045815706253
1659,1,0.022464951500296593
1660,1,0.42203742265701294
1661,1,0.12695786356925964
1662,1,0.021625051274895668
1663,1,0.9928513765335083
1664,1,0.8809648156166077
1665,1,0.9542603492736816
1666,1,0.9853217005729675
1667,1,0.9432863593101501
1668,1,0.9140520691871643
1669,1,0.9448069334030151
1670,1,0.15730977058410645
1671,1,0.040574122220277786
1672,1,0.15703344345092773
1673,1,0.6955147981643677
1674,1,0.95409095287323
1675,1,0.9149832725524902
1676,1,0.9676969647407532
1677,1,0.9148643612861633
1678,1,0.9755662083625793
1679,1,0.7490369081497192
1680,1,0.9541804790496826
1681,1,0.9575502276420593
1682,1,0.875283420085907
1683,1,0.6999469995498657
1684,1,0.4230349063873291
1685,1,0.7699878215789795
1686,1,0.9095328450202942
1687,1,0.4593333303928375
1688,1,0.8259592056274414
1689,1,0.7155959010124207
1690,1,0.9702324271202087
1691,1,0.9021661877632141
1692,1,0.4563275873661041
1693,1,0.90329509973526
1694,1,0.9203165173530579
1695,1,0.946410059928894
1696,1,0.9269527196884155
1697,1,0.9833899140357971
1698,1,0.4136352837085724
1699,1,0.9587767124176025
1700,1,0.9569721221923828
1701,1,0.11990238726139069
1702,1,0.8336138725280762
1703,1,0.9339984655380249
1704,1,0.8109666109085083
1705,1,0.5747765302658081
1706,1,0.8841385841369629
1707,1,0.9807466864585876
1708,1,0.5082314014434814
1709,1,0.8691834807395935
1710,1,0.9259064793586731
1711,1,0.9124372005462646
1712,1,0.44265949726104736
1713,1,0.9280482530593872
1714,1,0.5480303764343262
1715,1,0.8399467468261719
1716,1,0.8887175917625427
1717,1,0.7087854146957397
1718,1,0.47571423649787903
1719,1,0.6703644394874573
1720,1,0.7650715708732605
1721,1,0.8496606945991516
1722,1,0.8859421610832214
1723,1,0.938467800617218
1724,1,0.428804486989975
1725,1,0.9712178707122803
1726,1,0.9389961957931519
1727,1,0.8953215479850769
1728,1,0.49091556668281555
1729,1,0.9643624424934387
1730,1,0.9441338181495667
1731,1,0.9014440774917603
1732,1,0.966392993927002
1733,1,0.26606449484825134
1734,1,0.49768322706222534
1735,1,0.7711806893348694
1736,1,0.9575530290603638
1737,1,0.8368757367134094
1738,1,0.9366194009780884
1739,1,0.8284738063812256
1740,1,0.8421751856803894
1741,1,0.27196329832077026
1742,1,0.9258142113685608
1743,1,0.9745465517044067
1744,1,0.9487452507019043
1745,1,0.7827779650688171
1746,1,0.8383207321166992
1747,1,0.8748718500137329
1748,1,0.911128580570221
1749,1,0.966009259223938
1750,1,0.5442821383476257
1751,1,0.9348081946372986
1752,1,0.7678478956222534
1753,1,0.9266932606697083
1754,1,0.17731010913848877
1755,1,0.5964576005935669
1756,1,0.9678622484207153
1757,1,0.9949308037757874
1758,1,0.9519104361534119
1759,1,0.9954752326011658
1760,1,0.9794303178787231
1761,1,0.9742733836174011
1762,1,0.7915838956832886
1763,1,0.922604501247406
1764,1,0.08690982311964035
1765,1,0.9908127188682556
1766,1,0.9593299031257629
1767,1,0.9269675016403198
1768,1,0.9890967011451721
1769,1,0.9075473546981812
1770,1,0.9497861266136169
1771,1,0.19636589288711548
1772,1,0.9293624758720398
1773,1,0.86754310131073
1774,1,0.9611799716949463
1775,1,0.8518164157867432
1776,1,0.9348148703575134
1777,1,0.7922762036323547
1778,1,0.9841039180755615
1779,1,0.9407907724380493
1780,1,0.44907620549201965
1781,1,0.9934383034706116
1782,1,0.9808072447776794
1783,1,0.9753652215003967
1784,1,0.9768151044845581
1785,1,0.9465245604515076
1786,1,0.9523576498031616
1787,1,0.9877431392669678
1788,1,0.9779604077339172
1789,1,0.7084848284721375
1790,1,0.9858394265174866
1791,1,0.9665094614028931
1792,1,0.9577604532241821
1793,1,0.9940821528434753
1794,1,0.5433109998703003
1795,1,0.974321722984314
1796,1,0.9830910563468933
1797,1,0.958473265171051
1798,1,0.7932347059249878
1799,1,0.7260056138038635
1800,1,0.7158036231994629
1801,1,0.22627988457679749
1802,1,0.9675613641738892
1803,1,0.7546025514602661
1804,1,0.9408610463142395
1805,1,0.9545374512672424
1806,1,0.9716461300849915
1807,1,0.55056232213974
1808,1,0.33230122923851013
1809,1,0.8698796629905701
1810,1,0.630963146686554
1811,1,0.9245595335960388
1812,1,0.9841835498809814
1813,1,0.8607010841369629
1814,1,0.975179135799408
1815,1,0.9159438610076904
1816,1,0.9671683311462402
1817,1,0.8050338625907898
1818,1,0.5077201128005981
1819,1,0.7913395762443542
1820,1,0.889856219291687
1821,1,0.9007134437561035
1822,1,0.6692253351211548
1823,1,0.9423347115516663
1824,1,0.9493562579154968
1825,1,0.9511593580245972
1826,1,0.9615740776062012
1827,1,0.7824576497077942
1828,1,0.8955517411231995
1829,1,0.880452036857605
1830,1,0.761017382144928
1831,1,0.9815834164619446
1832,1,0.8032541275024414
1833,1,0.9872101545333862
1834,1,0.9645735621452332
1835,1,0.2482893317937851
1836,1,0.12342444807291031
1837,1,0.921148955821991
1838,1,0.36360105872154236
1839,1,0.5123817324638367
1840,1,0.23594063520431519
1841,1,0.8874529600143433
1842,1,0.7474170327186584
1843,1,0.6993393301963806
1844,1,0.967985987663269
1845,1,0.7764790654182434
1846,1,0.8443186283111572
1847,1,0.7187602519989014
1848,1,0.6032021045684814
1849,1,0.6408814787864685
1850,1,0.899239718914032
1851,1,0.915883481502533
1852,1,0.8377883434295654
1853,1,0.8567777276039124
1854,1,0.9812034964561462
1855,1,0.7156506180763245
1856,1,0.909541130065918
1857,1,0.8933583498001099
1858,1,0.5530242919921875
1859,1,0.9734600782394409
1860,1,0.9927115440368652
1861,1,0.49024730920791626
1862,1,0.38600394129753113
1863,1,0.7779107689857483
1864,1,0.4024069607257843
1865,1,0.6721216440200806
1866,1,0.9754008054733276
1867,1,0.9783918857574463
1868,1,0.6113976240158081
1869,1,0.9496419429779053
1870,1,0.6104477643966675
1871,1,0.9222409725189209
1872,1,0.927820086479187
1873,1,0.8178610801696777
1874,1,0.24243949353694916
1875,1,0.9474994540214539
1876,1,0.4591276943683624
1877,1,0.5175643563270569
1878,1,0.7131504416465759
1879,1,0.46310192346572876
1880,1,0.8923214077949524
1881,1,0.8413006663322449
1882,1,0.6808391213417053
1883,1,0.9132217168807983
1884,1,0.8757224082946777
1885,1,0.36946484446525574
1886,1,0.8834884762763977
1887,1,0.9798445701599121
1888,1,0.33040112257003784
1889,1,0.40768101811408997
1890,1,0.8716851472854614
1891,1,0.9506633877754211
1892,1,0.9186464548110962
1893,1,0.9491223096847534
1894,1,0.9338799118995667
1895,1,0.0819167047739029
1896,1,0.9117386341094971
1897,1,0.0784790888428688
1898,1,0.9098058342933655
1899,1,0.8422105312347412
1900,1,0.44983646273612976
1901,1,0.19728489220142365
1902,1,0.9172568917274475
1903,1,0.9409965872764587
1904,1,0.956746518611908
1905,1,0.9764310717582703
1906,1,0.26183804869651794
1907,1,0.9468100070953369
1908,1,0.30969926714897156
1909,1,0.15089666843414307
1910,1,0.43898922204971313
1911,1,0.022459371015429497
1912,1,0.8116565346717834
1913,1,0.11089620739221573
1914,1,0.5691773891448975
1915,1,0.3764941096305847
1916,1,0.921379566192627
1917,1,0.8898177146911621
1918,1,0.9884656667709351
1919,1,0.9533869028091431
1920,1,0.6442261338233948
1921,1,0.6143127679824829
1922,1,0.8949230909347534
1923,1,0.9569455981254578
1924,1,0.9545461535453796
1925,1,0.9624829888343811
1926,1,0.3941141664981842
1927,1,0.9580039381980896
1928,1,0.9871250987052917
1929,1,0.9062170386314392
1930,1,0.9762500524520874
1931,1,0.9869292974472046
1932,1,0.9523135423660278
1933,1,0.6846274733543396
1934,1,0.49257028102874756
1935,1,0.9435970783233643
1936,1,0.973256528377533
1937,1,0.8672981262207031
1938,1,0.819523811340332
1939,1,0.7671951651573181
1940,1,0.9683511257171631
1941,1,0.9855971932411194
1942,1,0.746103048324585
1943,1,0.9882432818412781
1944,1,0.9768809080123901
1945,1,0.9568954706192017
1946,1,0.9702386856079102
1947,1,0.18688148260116577
1948,1,0.9688345193862915
1949,1,0.9257131814956665
1950,1,0.8098471164703369
1951,1,0.8300778865814209
1952,1,0.728289783000946
1953,1,0.947354257106781
1954,1,0.9045225381851196
1955,1,0.9242191910743713
1956,1,0.9675368070602417
1957,1,0.9924107789993286
1958,1,0.9520755410194397
1959,1,0.9765278100967407
1960,1,0.9789077639579773
1961,1,0.875422477722168
1962,1,0.5681949853897095
1963,1,0.9654738903045654
1964,1,0.9082363247871399
1965,1,0.9421481490135193
1966,1,0.970325231552124
1967,1,0.8331341743469238
1968,1,0.9676969647407532
1969,1,0.9760974645614624
1970,1,0.853758692741394
1971,1,0.9759936928749084
1972,1,0.9940793514251709
1973,1,0.980776309967041
1974,1,0.4967825710773468
1975,1,0.9730511903762817
1976,1,0.8882467150688171
1977,1,0.6798549890518188
1978,1,0.9507794380187988
1979,1,0.7197537422180176
1980,1,0.3950798511505127
1981,1,0.9179221987724304
1982,1,0.0931595116853714
1983,1,0.45030391216278076
1984,1,0.888620138168335
1985,1,0.8572087287902832
1986,1,0.7216576933860779
1987,1,0.24495656788349152
1988,0,0.03916501998901367
1989,0,0.6149566173553467
1990,0,0.09117957204580307
1991,0,0.1508091241121292
1992,0,0.2220068722963333
1993,0,0.12428651750087738
1994,0,0.9017132520675659
1995,0,0.29362231492996216
1996,0,0.41409531235694885
1997,0,0.4504017233848572
1998,0,0.008858651854097843
1999,0,0.05377601832151413
2000,0,0.0669122114777565
2001,0,0.006383150815963745
2002,0,0.2503983676433563
2003,0,0.18350717425346375
2004,0,0.1933794766664505
2005,0,0.12725040316581726
2006,0,0.027117976918816566
2007,0,0.010913059115409851
2008,0,0.16201478242874146
2009,0,0.2681145966053009
2010,0,0.40709584951400757
2011,0,0.5344352722167969
2012,0,0.9042500853538513
2013,0,0.02980809286236763
2014,0,0.2670941650867462
2015,0,0.4253762364387512
2016,0,0.4926704466342926
2017,0,0.1324886828660965
2018,0,0.20479916036128998
2019,0,0.525355875492096
2020,0,0.009268902242183685
2021,0,0.29869815707206726
2022,0,0.37280118465423584
2023,0,0.11653615534305573
2024,0,0.0059128678403794765
2025,0,0.3002498149871826
2026,0,0.5355966091156006
2027,0,0.18865981698036194
2028,0,0.8986639380455017
2029,0,0.7855506539344788
2030,0,0.10007493197917938
2031,0,0.49647074937820435
2032,0,0.019473370164632797
2033,0,0.05408097431063652
2034,0,0.003897128626704216
2035,0,0.09554004669189453
2036,0,0.919369101524353
2037,0,0.007513214834034443
2038,0,0.08502951264381409
2039,0,0.14146676659584045
2040,0,0.10747893899679184
2041,0,0.016952190548181534
2042,0,0.15730977058410645
2043,0,0.36336010694503784
2044,0,0.030671201646327972
2045,0,0.3632163405418396
2046,0,0.03050638921558857
2047,0,0.2004765272140503
2048,0,0.21477878093719482
2049,0,0.12224700301885605
2050,0,0.016204118728637695
2051,0,0.01676725037395954
2052,0,0.012514361180365086
2053,0,0.014016893692314625
2054,0,0.4613862931728363
2055,0,0.20189794898033142
2056,0,0.640897810459137
2057,0,0.10007493197917938
2058,0,0.0027061928994953632
2059,0,0.5563572645187378
2060,0,0.004523720126599073
2061,0,0.03236088901758194
2062,0,0.002636341378092766
2063,0,0.10924408584833145
2064,0,0.014267346821725368
2065,0,0.7211858034133911
2066,0,0.1523594707250595
2067,0,0.09413611888885498
2068,0,0.11461955308914185
2069,0,0.0335720032453537
2070,0,0.08989845961332321
2071,0,0.40963926911354065
2072,0,0.04268711060285568
2073,0,0.5806514620780945
2074,0,0.011063829995691776
2075,0,0.07089042663574219
2076,0,0.1998315006494522
2077,0,0.35959187150001526
2078,0,0.37555384635925293
2079,0,0.1714816689491272
2080,0,0.11099502444267273
2081,0,0.9389737844467163
2082,0,0.07080456614494324
2083,0,0.3857181668281555
2084,0,0.3130590319633484
2085,0,0.7496214509010315
2086,0,0.002913552336394787
2087,0,0.036965567618608475
2088,0,0.32402536273002625
2089,0,0.0303263571113348
2090,0,0.08817671984434128
2091,0,0.2879924178123474
2092,0,0.0529743954539299
2093,0,0.16591891646385193
2094,0,0.011852205730974674
2095,0,0.29201406240463257
2096,0,0.05880337208509445
2097,0,0.21966290473937988
2098,0,0.09394748508930206
2099,0,0.004621050786226988
2100,0,0.25197833776474
2101,0,0.11133590340614319
2102,0,0.01941925846040249
2103,0,0.5368478894233704
2104,0,0.12737907469272614
2105,0,0.5194749236106873
2106,0,0.07329145818948746
2107,0,0.15664337575435638
2108,0,0.015021301805973053
2109,0,0.02626529149711132
2110,0,0.04605650156736374
2111,0,0.006588098593056202
2112,0,0.3143084645271301
2113,0,0.3402470648288727
2114,0,0.29861709475517273
2115,0,0.005939509253948927
2116,0,0.07384609431028366
2117,0,0.014148542657494545
2118,0,0.08213707059621811
2119,0,0.09915066510438919
2120,0,0.47029781341552734
2121,0,0.2015419453382492
2122,0,0.023078063502907753
2123,0,0.367707222700119
2124,0,0.008524051867425442
2125,0,0.003505360335111618
2126,0,0.8657033443450928
2127,0,0.10416223108768463
2128,0,0.007565746083855629
2129,0,0.021016640588641167
2130,0,0.05453929677605629
2131,0,0.40287691354751587
2132,0,0.07775001227855682
2133,0,0.13148093223571777
2134,0,0.0784790888428688
2135,0,0.5306110382080078
2136,0,0.22710180282592773
2137,0,0.03510606661438942
2138,0,0.04414856806397438
2139,0,0.5642802119255066
2140,0,0.532641589641571
2141,0,0.008575879037380219
2142,0,0.41286030411720276
2143,0,0.10424531251192093
2144,0,0.3489062488079071
2145,0,0.413802832365036
2146,0,0.35449087619781494
2147,0,0.42076408863067627
2148,0,0.23775029182434082
2149,0,0.02901151403784752
2150,0,0.9700441360473633
2151,0,0.9096148014068604
2152,0,0.03289896622300148
2153,0,0.005476666148751974
2154,0,0.016697915270924568
2155,0,0.15775184333324432
2156,0,0.039049241691827774
2157,0,0.5739927887916565
2158,0,0.0037939506582915783
2159,0,0.05146995559334755
2160,0,0.005450621712952852
2161,0,0.049442633986473083
2162,0,0.039555929601192474
2163,0,0.6407157778739929
2164,0,0.21474707126617432
2165,0,0.028189443051815033
2166,0,0.08811384439468384
2167,0,0.6100887060165405
2168,0,0.002038616221398115
2169,0,0.009877943433821201
2170,0,0.045382060110569
2171,0,0.7170466780662537
2172,0,0.43545180559158325
2173,0,0.4672374427318573
2174,0,0.12737907469272614
2175,0,0.01863919012248516
2176,0,0.19285261631011963
2177,0,0.05054865777492523
2178,0,0.004896949511021376
2179,0,0.009495682083070278
2180,0,0.12224700301885605
2181,0,0.3262842893600464
2182,0,0.27721476554870605
2183,0,0.2225915491580963
2184,0,0.009991377592086792
2185,0,0.09591463208198547
2186,0,0.011554314754903316
2187,0,0.2864333391189575
2188,0,0.17429456114768982
2189,0,0.18693974614143372
2190,0,0.8656201362609863
2191,0,0.47039100527763367
2192,0,0.28977975249290466
2193,0,0.03254618123173714
2194,0,0.018565388396382332
2195,0,0.012468485161662102
2196,0,0.019776463508605957
2197,0,0.5776669383049011
2198,0,0.008028303273022175
2199,0,0.10007493197917938
2200,0,0.7007546424865723
2201,0,0.008782043121755123
2202,0,0.813172459602356
2203,0,0.10644892603158951
2204,0,0.12775951623916626
2205,0,0.10970372706651688
2206,0,0.009528810158371925
2207,0,0.005084914620965719
2208,0,0.1479407250881195
2209,0,0.21220248937606812
2210,0,0.30137860774993896
2211,0,0.018731512129306793
2212,0,0.13620790839195251
2213,0,0.8716624975204468
2214,0,0.45273923873901367
2215,0,0.2668234705924988
2216,0,0.002742914715781808
2217,0,0.7010703682899475
2218,0,0.9770137667655945
2219,0,0.10416223108768463
2220,0,0.48081934452056885
2221,0,0.14497283101081848
2222,0,0.06426464766263962
2223,0,0.008932617492973804
2224,0,0.007487395778298378
2225,0,0.11365711688995361
2226,0,0.6920807361602783
2227,0,0.10999654233455658
2228,0,0.4012746512889862
2229,0,0.007481834385544062
2230,0,0.512652575969696
2231,0,0.18144941329956055
2232,0,0.018565844744443893
2233,0,0.013721467927098274
2234,0,0.10976611077785492
2235,0,0.03308289870619774
2236,0,0.600609302520752
2237,0,0.5183073282241821
2238,0,0.8974399566650391
2239,0,0.008392238058149815
2240,0,0.1407201737165451
2241,0,0.009010459296405315
2242,0,0.01575125940144062
2243,0,0.5910715460777283
2244,0,0.003262066515162587
2245,0,0.2154010832309723
2246,0,0.004974833689630032
2247,0,0.1089678704738617
2248,0,0.4109407067298889
2249,0,0.23591089248657227
2250,0,0.014015818946063519
2251,0,0.284049928188324
2252,0,0.016218530014157295
2253,0,0.41819873452186584
2254,0,0.10416223108768463
2255,0,0.009236537851393223
2256,0,0.08111248165369034
2257,0,0.008170575834810734
2258,0,0.06416425853967667
2259,0,0.13052690029144287
2260,0,0.7784229516983032
2261,0,0.14190319180488586
2262,0,0.021035201847553253
2263,0,0.014143740758299828
2264,0,0.9480628371238708
2265,0,0.006849915720522404
2266,0,0.7461698651313782
2267,0,0.08868870884180069
2268,0,0.19005654752254486
2269,0,0.3100093603134155
2270,0,0.006020447704941034
2271,0,0.005841364152729511
2272,0,0.12968122959136963
2273,0,0.07446996122598648
2274,0,0.3472142219543457
2275,0,0.1837311089038849
2276,0,0.0067114755511283875
2277,0,0.19789151847362518
2278,0,0.832350492477417
2279,0,0.33069321513175964
2280,0,0.15949058532714844
2281,0,0.006720598321408033
2282,0,0.018362050876021385
2283,0,0.2530381977558136
2284,0,0.48284226655960083
2285,0,0.049645956605672836
2286,0,0.011207214556634426
2287,0,0.07211598753929138
2288,0,0.8551739454269409
2289,0,0.1183389350771904
2290,0,0.10007493197917938
2291,0,0.13909783959388733
2292,0,0.30488839745521545
2293,0,0.143715962767601
2294,0,0.09669899195432663
2295,0,0.016436617821455002
2296,0,0.3682446777820587
2297,0,0.03429987654089928
2298,0,0.37096521258354187
2299,0,0.5576479434967041
2300,0,0.4429662525653839
2301,0,0.12737907469272614
2302,0,0.008051698096096516
2303,0,0.030749062076210976
2304,0,0.4833194315433502
2305,0,0.06270413100719452
2306,0,0.07296159118413925
2307,0,0.19268889725208282
2308,0,0.04706615209579468
2309,0,0.16943393647670746
2310,0,0.5098667740821838
2311,0,0.003342923941090703
2312,0,0.00435929698869586
2313,0,0.014878585003316402
2314,0,0.13551770150661469
2315,0,0.008936109021306038
2316,0,0.1387394219636917
2317,0,0.008959449827671051
2318,0,0.32612550258636475
2319,0,0.07286756485700607
2320,0,0.004205076489597559
2321,0,0.3024692237377167
2322,0,0.7320223450660706
2323,0,0.02495768293738365
2324,0,0.07392631471157074
2325,0,0.44005003571510315
2326,0,0.08963465690612793
2327,0,0.08197078108787537
2328,0,0.8499677777290344
2329,0,0.12106364965438843
2330,0,0.20075298845767975
2331,0,0.014205515384674072
2332,0,0.022615673020482063
2333,0,0.38057610392570496
2334,0,0.024913806468248367
2335,0,0.02007717825472355
2336,0,0.020007209852337837
2337,0,0.017537692561745644
2338,0,0.06621220707893372
2339,0,0.18271556496620178
2340,0,0.16553165018558502
2341,0,0.12224700301885605
2342,0,0.3064728081226349
2343,0,0.2961912453174591
2344,0,0.007080021779984236
2345,0,0.10638903081417084
2346,0,0.15849953889846802
2347,0,0.061900652945041656
2348,0,0.12205429375171661
2349,0,0.03755424544215202
2350,0,0.06674864143133163
2351,0,0.21596167981624603
2352,0,0.4011830687522888
2353,0,0.10416223108768463
2354,0,0.030789794400334358
2355,0,0.2551775872707367
2356,0,0.08755078911781311
2357,0,0.20025840401649475
2358,0,0.026329785585403442
2359,0,0.5311697721481323
2360,0,0.552060604095459
2361,0,0.025540806353092194
2362,0,0.05519307777285576
2363,0,0.3865804672241211
2364,0,0.01960626058280468
2365,0,0.7608398199081421
2366,0,0.2539994716644287
2367,0,0.1914663165807724
2368,0,0.3361176550388336
2369,0,0.15780340135097504
2370,0,0.7966008186340332
2371,0,0.15781807899475098
2372,0,0.2603885531425476
2373,0,0.3387227952480316
2374,0,0.16868989169597626
2375,0,0.18612432479858398
2376,0,0.4273500442504883
2377,0,0.0217429269105196
2378,0,0.10676271468400955
2379,0,0.010819847695529461
2380,0,0.006235666573047638
2381,0,0.03686470910906792
2382,0,0.07304567843675613
2383,0,0.050676506012678146
2384,0,0.23494938015937805
2385,0,0.05500977486371994
2386,0,0.6688406467437744
2387,0,0.25968995690345764
2388,0,0.0152195505797863
2389,0,0.31841620802879333
2390,0,0.01515918504446745
2391,0,0.9771869778633118
2392,0,0.013107052072882652
2393,0,0.12433632463216782
2394,0,0.011631770059466362
2395,0,0.013975922018289566
2396,0,0.12224700301885605
2397,0,0.015112371183931828
2398,0,0.8011177182197571
2399,0,0.31042909622192383
2400,0,0.5288031697273254
2401,0,0.02705487608909607
2402,0,0.1753075271844864
2403,0,0.09135918319225311
2404,0,0.030553605407476425
2405,0,0.601043164730072
2406,0,0.17262396216392517
2407,0,0.07127837091684341
2408,0,0.1933252513408661
2409,0,0.011232055723667145
2410,0,0.08120331168174744
2411,0,0.004898416344076395
2412,0,0.00594483595341444
2413,0,0.01397509966045618
2414,0,0.07950972765684128
2415,0,0.03782873973250389
2416,0,0.07465856522321701
2417,0,0.11799478530883789
2418,0,0.7767984867095947
2419,0,0.18892839550971985
2420,0,0.008932848460972309
2421,0,0.10281279683113098
2422,0,0.594536304473877
2423,0,0.007295483723282814
2424,0,0.22812731564044952
2425,0,0.14858901500701904
2426,0,0.1707732230424881
2427,0,0.17502149939537048
2428,0,0.07871826738119125
2429,0,0.27337589859962463
2430,0,0.6536449790000916
2431,0,0.7722026705741882
2432,0,0.23044225573539734
2433,0,0.15756498277187347
2434,0,0.34525805711746216
2435,0,0.12737907469272614
2436,0,0.03941354900598526
2437,0,0.04061535745859146
2438,0,0.03973491117358208
2439,0,0.027754347771406174
2440,0,0.020487291738390923
2441,0,0.7469310760498047
2442,0,0.011355229653418064
2443,0,0.26412010192871094
2444,0,0.0061005051247775555
2445,0,0.1931081861257553
2446,0,0.42757344245910645
2447,0,0.07006210088729858
2448,0,0.11112738400697708
2449,0,0.12224700301885605
2450,0,0.18591749668121338
2451,0,0.9670184850692749
2452,0,0.013362173922359943
2453,0,0.30177590250968933
2454,0,0.3122210204601288
2455,0,0.8121907114982605
2456,0,0.07638873904943466
2457,0,0.013141361065208912
2458,0,0.009409322403371334
2459,0,0.05123502016067505
2460,0,0.0059583596885204315
2461,0,0.025908231735229492
2462,0,0.27490177750587463
2463,0,0.004267348907887936
2464,0,0.5319118499755859
2465,0,0.984289824962616
2466,0,0.010627944953739643
2467,0,0.017890967428684235
2468,0,0.41086065769195557
2469,0,0.011122757568955421
2470,0,0.5706543326377869
2471,0,0.03995780646800995
2472,0,0.8592294454574585
2473,0,0.5941526889801025
2474,0,0.36450693011283875
2475,0,0.002798102330416441
2476,0,0.7997562885284424
2477,0,0.0783093050122261
2478,0,0.24635295569896698
2479,0,0.04993711784482002
2480,0,0.3136241137981415
2481,0,0.0669122114777565
2482,0,0.4849850535392761
2483,0,0.552854597568512
2484,0,0.011697407811880112
2485,0,0.017144426703453064
2486,0,0.2689988911151886
2487,0,0.13785122334957123
2488,0,0.11878381669521332
2489,0,0.019903387874364853
2490,0,0.009524702094495296
2491,0,0.011196466162800789
2492,0,0.12307143211364746
2493,0,0.006558915134519339
2494,0,0.33437368273735046
2495,0,0.491393506526947
2496,0,0.10687394440174103
2497,0,0.06758420169353485
2498,0,0.00503858458250761
2499,0,0.06875777244567871
2500,0,0.5307915806770325
2501,0,0.9712756872177124
2502,0,0.030691972002387047
2503,0,0.0981355756521225
2504,0,0.027129294350743294
2505,0,0.12737907469272614
2506,0,0.16049253940582275
2507,0,0.6608455181121826
2508,0,0.12737907469272614
2509,0,0.011209111660718918
2510,0,0.6780440211296082
2511,0,0.015245083719491959
2512,0,0.030359920114278793
2513,0,0.060521624982357025
2514,0,0.4122030735015869
2515,0,0.011096501722931862
2516,0,0.03069094754755497
2517,0,0.4751491844654083
2518,0,0.5340697765350342
2519,0,0.008099125698208809
2520,0,0.27042657136917114
2521,0,0.09369685500860214
2522,0,0.5495362281799316
2523,0,0.020901739597320557
2524,0,0.030217740684747696
2525,0,0.4998725354671478
2526,0,0.8496618866920471
2527,0,0.0030452946666628122
2528,0,0.2587895095348358
2529,0,0.06365054100751877
2530,0,0.021341610699892044
2531,0,0.31732210516929626
2532,0,0.05441909283399582
2533,0,0.1235448569059372
2534,0,0.023596003651618958
2535,0,0.10007493197917938
2536,0,0.07065574824810028
2537,0,0.018134694546461105
2538,0,0.3648984432220459
2539,0,0.03342815116047859
2540,0,0.5488532781600952
2541,0,0.2382945865392685
2542,0,0.4980906844139099
2543,0,0.1669882833957672
2544,0,0.8969556093215942
2545,0,0.44391337037086487
2546,0,0.02506653591990471
2547,0,0.20773839950561523
2548,0,0.7180233001708984
2549,0,0.19333352148532867
2550,0,0.6472058296203613
2551,0,0.5215903520584106
2552,0,0.020840218290686607
2553,0,0.721735954284668
2554,0,0.20040929317474365
2555,0,0.32095393538475037
2556,0,0.3487631678581238
2557,0,0.1625327467918396
2558,0,0.3452295660972595
2559,0,0.01413598470389843
2560,0,0.017112750560045242
2561,0,0.7565553784370422
2562,0,0.23092882335186005
2563,0,0.0034119226038455963
2564,0,0.22159866988658905
2565,0,0.022772282361984253
2566,0,0.024486403912305832
2567,0,0.11643102765083313
2568,0,0.004454847890883684
2569,0,0.7848846912384033
2570,0,0.13788770139217377
2571,0,0.22519394755363464
2572,0,0.7066993713378906
2573,0,0.188022643327713
2574,0,0.16354022920131683
2575,0,0.6747168302536011
2576,0,0.6698521971702576
2577,0,0.06466825306415558
2578,0,0.007696454878896475
2579,0,0.5351179838180542
2580,0,0.20739150047302246
2581,0,0.9202061891555786
2582,0,0.5816951990127563
2583,0,0.05029832571744919
2584,0,0.014173485338687897
2585,0,0.21440158784389496
2586,0,0.3994254171848297
2587,0,0.16417855024337769
2588,0,0.4659588038921356
2589,0,0.7698637843132019
2590,0,0.027927953749895096
2591,0,0.047587014734745026
2592,0,0.9518504738807678
2593,0,0.010164656676352024
2594,0,0.003610847517848015
2595,0,0.5944420099258423
2596,0,0.018988462164998055
2597,0,0.008193239569664001
2598,0,0.0092330826446414
2599,0,0.008156510069966316
2600,0,0.7198989391326904
2601,0,0.29159608483314514
2602,0,0.2943832576274872
2603,0,0.051755283027887344
2604,0,0.13706326484680176
2605,0,0.07821480929851532
2606,0,0.39862993359565735
2607,0,0.8539693355560303
2608,0,0.6178179383277893
2609,0,0.8192909955978394
2610,0,0.0889318585395813
2611,0,0.022907700389623642
2612,0,0.08211179822683334
2613,0,0.18131716549396515
2614,0,0.18511778116226196
2615,0,0.007451641373336315
2616,0,0.007986071519553661
2617,0,0.008202509954571724
2618,0,0.00948956236243248
2619,0,0.32682326436042786
2620,0,0.27792447805404663
2621,0,0.10263007879257202
2622,0,0.09721323102712631
2623,0,0.24879561364650726
2624,0,0.015546288341283798
2625,0,0.019185606390237808
2626,0,0.2349720150232315
2627,0,0.07134699076414108
2628,0,0.062434494495391846
2629,0,0.09948331117630005
2630,0,0.5186929106712341
2631,0,0.1236899346113205
2632,0,0.2539330720901489
2633,0,0.021274857223033905
2634,0,0.012445573695003986
2635,0,0.5843971371650696
2636,0,0.008408754132688046
2637,0,0.3954658508300781
2638,0,0.016910195350646973
2639,0,0.49621254205703735
2640,0,0.3892684280872345
2641,0,0.4868902564048767
2642,0,0.39623549580574036
2643,0,0.9595873355865479
2644,0,0.23147304356098175
2645,0,0.014188684523105621
2646,0,0.2539330720901489
2647,0,0.04384498670697212
2648,0,0.3295663297176361
2649,0,0.008472996763885021
2650,0,0.010870564728975296
2651,0,0.03859277442097664
2652,0,0.021232809871435165
2653,0,0.06524773687124252
2654,0,0.009508921764791012
2655,0,0.09071505069732666
2656,0,0.008290119469165802
2657,0,0.10122207552194595
2658,0,0.09100773185491562
2659,0,0.04298344999551773
2660,0,0.4462141692638397
2661,0,0.047499027103185654
2662,0,0.8093081116676331
2663,0,0.007953551597893238
2664,0,0.6688029170036316
2665,0,0.879647970199585
2666,0,0.02052074857056141
2667,0,0.00943605788052082
2668,0,0.6963657140731812
2669,0,0.5258756875991821
2670,0,0.24325895309448242
2671,0,0.026654517278075218
2672,0,0.055049993097782135
2673,0,0.03478206694126129
2674,0,0.0070006391033530235
2675,0,0.5738892555236816
2676,0,0.020734380930662155
2677,0,0.006165771279484034
2678,0,0.037243086844682693
2679,0,0.11386419832706451
2680,0,0.16434600949287415
2681,0,0.00720391608774662
2682,0,0.03973514959216118
2683,0,0.9263932704925537
2684,0,0.013862102292478085
2685,0,0.9466157555580139
2686,0,0.5051698088645935
2687,0,0.2537064552307129
2688,0,0.32349398732185364
2689,0,0.006534452550113201
2690,0,0.16869810223579407
2691,0,0.0629764050245285
2692,0,0.34433507919311523
2693,0,0.3454620838165283
2694,0,0.1594209223985672
2695,0,0.3072547912597656
2696,0,0.6391589045524597
2697,0,0.8096843957901001
2698,0,0.03239205852150917
2699,0,0.033587533980607986
2700,0,0.010670989751815796
2701,0,0.10082211345434189
2702,0,0.1823117434978485
2703,0,0.1115628182888031
2704,0,0.0669122114777565
2705,0,0.010247833095490932
2706,0,0.47830191254615784
2707,0,0.10986930876970291
2708,0,0.1344645619392395
2709,0,0.118824303150177
2710,0,0.1856088489294052
2711,0,0.382964164018631
2712,0,0.20576314628124237
2713,0,0.049768995493650436
2714,0,0.8232327103614807
2715,0,0.04339541122317314
2716,0,0.25993406772613525
2717,0,0.09398283809423447
2718,0,0.9472311735153198
2719,0,0.02104920893907547
2720,0,0.5936294198036194
2721,0,0.04333285242319107
2722,0,0.0466829352080822
2723,0,0.016852354630827904
2724,0,0.11013640463352203
2725,0,0.05236906185746193
2726,0,0.21703487634658813
2727,0,0.09909501671791077
2728,0,0.023713689297437668
2729,0,0.00807176623493433
2730,0,0.6601869463920593
2731,0,0.037610746920108795
2732,0,0.2762463390827179
2733,0,0.5555756688117981
2734,0,0.009838609024882317
2735,0,0.6517189145088196
2736,0,0.0223044715821743
2737,0,0.5964744687080383
2738,0,0.010677364654839039
2739,0,0.31037044525146484
2740,0,0.1784878969192505
2741,0,0.1340239942073822
2742,0,0.0814070999622345
2743,0,0.3148530125617981
2744,0,0.34963005781173706
2745,0,0.6520830988883972
2746,0,0.010856571607291698
2747,0,0.04616697132587433
2748,0,0.9340187311172485
2749,0,0.7132707238197327
2750,0,0.34564101696014404
2751,0,0.6702120304107666
2752,0,0.00782376155257225
2753,0,0.016927454620599747
2754,0,0.014588115736842155
2755,0,0.9662924408912659
2756,0,0.18572776019573212
2757,0,0.8303192853927612
2758,0,0.03167297691106796
2759,0,0.03630177304148674
2760,0,0.10924408584833145
2761,0,0.06132637336850166
2762,0,0.006196231115609407
2763,0,0.11206960678100586
2764,0,0.3187802731990814
2765,0,0.6192938685417175
2766,0,0.31605297327041626
2767,0,0.012542104348540306
2768,0,0.8084149956703186
2769,0,0.0321509912610054
2770,0,0.023001285269856453
2771,0,0.12412470579147339
2772,0,0.11122314631938934
2773,0,0.07023358345031738
2774,0,0.2713479995727539
2775,0,0.11370062083005905
2776,0,0.17093467712402344
2777,0,0.012566250748932362
2778,0,0.16317708790302277
2779,0,0.30786770582199097
2780,0,0.2721005082130432
2781,0,0.09400386363267899
2782,0,0.4186748266220093
2783,0,0.10964830219745636
2784,0,0.18295225501060486
2785,0,0.33279529213905334
2786,0,0.29939597845077515
2787,0,0.2056385725736618
2788,0,0.34879472851753235
2789,0,0.23528261482715607
2790,0,0.035679422318935394
2791,0,0.8663458228111267
2792,0,0.521813154220581
2793,0,0.817359209060669
2794,0,0.023865841329097748
2795,0,0.46442243456840515
2796,0,0.015035226941108704
2797,0,0.018681610003113747
2798,0,0.30559054017066956
2799,0,0.040369149297475815
2800,0,0.0784790888428688
2801,0,0.19576604664325714
2802,0,0.8271974921226501
2803,0,0.18473167717456818
2804,0,0.1596335470676422
2805,0,0.0028711475897580385
2806,0,0.006376678589731455
2807,0,0.34652796387672424
2808,0,0.07510053366422653
2809,0,0.08246132731437683
2810,0,0.1192217469215393
2811,0,0.009990704245865345
2812,0,0.005338498391211033
2813,0,0.006278280634433031
2814,0,0.47595053911209106
2815,0,0.030369633808732033
2816,0,0.09946316480636597
2817,0,0.47324657440185547
2818,0,0.011081431992352009
2819,0,0.1442214995622635
2820,0,0.46776261925697327
2821,0,0.03560750186443329
2822,0,0.94331955909729
2823,0,0.26512396335601807
2824,0,0.08458874374628067
2825,0,0.09398283809423447
2826,0,0.005920847412198782
2827,0,0.12224700301885605
2828,0,0.9355222582817078
2829,0,0.02993628941476345
2830,0,0.09636492282152176
2831,0,0.19972486793994904
2832,0,0.03492024540901184
2833,0,0.28326722979545593
2834,0,0.009673395194113255
2835,0,0.06433551013469696
2836,0,0.3564780354499817
2837,0,0.15801745653152466
2838,0,0.0753634050488472
2839,0,0.7122907042503357
2840,0,0.17514866590499878
2841,0,0.04183511435985565
2842,0,0.16666264832019806
2843,0,0.10843732208013535
2844,0,0.9615791440010071
2845,0,0.32885244488716125
2846,0,0.1501002162694931
2847,0,0.0025874844286590815
2848,0,0.004130478948354721
2849,0,0.1960555464029312
2850,0,0.5667212605476379
2851,0,0.012811229564249516
2852,0,0.02251679264008999
2853,0,0.004954968113452196
2854,0,0.6965933442115784
2855,0,0.9132793545722961
2856,0,0.1698123961687088
2857,0,0.09953580051660538
2858,0,0.019774185493588448
2859,0,0.0971686914563179
2860,0,0.15144950151443481
2861,0,0.7633510231971741
2862,0,0.08438997715711594
2863,0,0.03243628889322281
2864,0,0.0396682545542717
2865,0,0.0023640436120331287
2866,0,0.01135246828198433
2867,0,0.7920227646827698
2868,0,0.0060816481709480286
2869,0,0.29470300674438477
2870,0,0.5920000672340393
2871,0,0.2828860282897949
2872,0,0.18623220920562744
2873,0,0.5488908886909485
2874,0,0.6315160989761353
2875,0,0.015143141150474548
2876,0,0.3439047932624817
2877,0,0.5019149780273438
2878,0,0.24952544271945953
2879,0,0.39963701367378235
2880,0,0.05726280435919762
2881,0,0.48422983288764954
2882,0,0.08245299756526947
2883,0,0.09384994953870773
2884,0,0.0276481993496418
2885,0,0.06957146525382996
2886,0,0.009862937964498997
2887,0,0.5612260103225708
2888,0,0.05151745676994324
2889,0,0.48226088285446167
2890,0,0.027458904311060905
2891,0,0.01587224192917347
2892,0,0.21500460803508759
2893,0,0.037305671721696854
2894,0,0.26791226863861084
2895,0,0.41136494278907776
2896,0,0.04403729364275932
2897,0,0.08503690361976624
2898,0,0.8681480288505554
2899,0,0.034096021205186844
2900,0,0.9249750375747681
2901,0,0.07951836287975311
2902,0,0.08520245552062988
2903,0,0.011930227279663086
2904,0,0.006777379661798477
2905,0,0.26717233657836914
2906,0,0.00807955488562584
2907,0,0.8327800035476685
2908,0,0.018711254000663757
2909,0,0.7630254030227661
2910,0,0.31467485427856445
2911,0,0.20276936888694763
2912,0,0.009197915904223919
2913,0,0.13479873538017273
2914,0,0.8493772745132446
2915,0,0.01480835396796465
2916,0,0.012890690937638283
2917,0,0.4077967405319214
2918,0,0.20252646505832672
2919,0,0.10487037152051926
2920,0,0.09317907691001892
2921,0,0.573366105556488
2922,0,0.3242741823196411
2923,0,0.005628169514238834
2924,0,0.14205434918403625
2925,0,0.28027981519699097
2926,0,0.014351572841405869
2927,0,0.01781032793223858
2928,0,0.3057711720466614
2929,0,0.37995797395706177
2930,0,0.06705188751220703
2931,0,0.08077053725719452
2932,0,0.020977482199668884
2933,0,0.4056074917316437
2934,0,0.027764873579144478
2935,0,0.029797833412885666
2936,0,0.21636009216308594
2937,0,0.007804925553500652
2938,0,0.022908959537744522
2939,0,0.04999856650829315
2940,0,0.018029043450951576
2941,0,0.0058912476524710655
2942,0,0.009725241921842098
2943,0,0.4872805178165436
2944,0,0.05346217751502991
2945,0,0.1702277660369873
2946,0,0.03173813596367836
2947,0,0.3102617859840393
2948,0,0.05591942369937897
2949,0,0.014049393124878407
2950,0,0.11469022184610367
2951,0,0.4850972294807434
2952,0,0.01976010762155056
2953,0,0.26138582825660706
2954,0,0.15191346406936646
2955,0,0.05967533215880394
2956,0,0.22747854888439178
2957,0,0.1304229497909546
2958,0,0.6842944025993347
2959,0,0.10924408584833145
2960,0,0.00754284905269742
2961,0,0.06856772303581238
2962,0,0.5927097201347351
2963,0,0.009239444509148598
2964,0,0.7484365105628967
2965,0,0.07823438197374344
2966,0,0.2834203541278839
2967,0,0.799169659614563
2968,0,0.4564712643623352
2969,0,0.19732531905174255
2970,0,0.07723822444677353
2971,0,0.9469910860061646
2972,0,0.8387482166290283
2973,0,0.01883462816476822
2974,0,0.04801896959543228
2975,0,0.20072220265865326
2976,0,0.014312691986560822
2977,0,0.6811016798019409
2978,0,0.44864585995674133
2979,0,0.004768713843077421
2980,0,0.017995912581682205
2981,0,0.014804117381572723
2982,0,0.217833012342453
2983,0,0.1591121107339859
2984,0,0.8073199391365051
2985,0,0.10979320108890533
2986,0,0.01935584470629692
2987,0,0.16859474778175354
2988,0,0.08631465584039688
2989,0,0.04227491840720177
2990,0,0.15537229180335999
2991,0,0.09968777000904083
2992,0,0.3370593190193176
2993,0,0.12158950418233871
2994,0,0.02062760479748249
2995,0,0.2506687641143799
2996,0,0.16396856307983398
2997,0,0.37646517157554626
2998,0,0.013546427711844444
2999,0,0.21197515726089478
3000,0,0.5324342846870422
3001,0,0.6057990193367004
3002,0,0.47524937987327576
3003,0,0.39938852190971375
3004,0,0.03451043739914894
3005,0,0.009918192401528358
3006,0,0.12172334641218185
3007,0,0.010259514674544334
3008,0,0.190775066614151
3009,0,0.8820810317993164
3010,0,0.013851560652256012
3011,0,0.18980467319488525
3012,0,0.1971805840730667
3013,0,0.009293504059314728
3014,0,0.060628220438957214
3015,0,0.0440429262816906
3016,0,0.7634581327438354
3017,0,0.8801197409629822
3018,0,0.10007493197917938
3019,0,0.0504411943256855
3020,0,0.24086357653141022
3021,0,0.3779241740703583
3022,0,0.3753483295440674
3023,0,0.6924436092376709
3024,0,0.06857512891292572
3025,0,0.23440799117088318
3026,0,0.08020133525133133
3027,0,0.011345924809575081
3028,0,0.06451761722564697
3029,0,0.0038261497393250465
3030,0,0.4520312547683716
3031,0,0.01299598254263401
3032,0,0.07832305133342743
3033,0,0.009053210727870464
3034,0,0.16694864630699158
3035,0,0.33350032567977905
3036,0,0.14445114135742188
3037,0,0.9180341958999634
3038,0,0.8432002663612366
3039,0,0.15017633140087128
3040,0,0.08436618745326996
3041,0,0.09943472594022751
3042,0,0.4026035964488983
3043,0,0.13662688434123993
3044,0,0.1391438990831375
3045,0,0.25310325622558594
3046,0,0.03695576637983322
3047,0,0.0727781429886818
3048,0,0.2735680043697357
3049,0,0.40364688634872437
3050,0,0.21604199707508087
3051,0,0.021434620022773743
3052,0,0.12650811672210693
3053,0,0.016193503513932228
3054,0,0.2476331889629364
3055,0,0.2126801759004593
3056,0,0.10209714621305466
3057,0,0.041010782122612
3058,0,0.07093656063079834
3059,0,0.017971383407711983
3060,0,0.675224781036377
3061,0,0.002754759741947055
3062,0,0.013089146465063095
3063,0,0.4948505163192749
3064,0,0.03076140210032463
3065,0,0.12737907469272614
3066,0,0.05278098210692406
3067,0,0.2793944776058197
3068,0,0.02211339771747589
3069,0,0.016304511576890945
3070,0,0.6523809432983398
3071,0,0.015246809460222721
3072,0,0.5021687746047974
3073,0,0.10868817567825317
3074,0,0.6398187279701233
3075,0,0.013199703767895699
3076,0,0.26126497983932495
3077,0,0.06510648876428604
3078,0,0.5670775175094604
3079,0,0.20982904732227325
3080,0,0.12804754078388214
3081,0,0.15784180164337158
3082,0,0.009456362575292587
3083,0,0.10007493197917938
3084,0,0.033749058842659
3085,0,0.13739624619483948
3086,0,0.10692921280860901
3087,0,0.4198443591594696
3088,0,0.06590478122234344
3089,0,0.004988757893443108
3090,0,0.04036949202418327
3091,0,0.005916108842939138
3092,0,0.29239511489868164
3093,0,0.9484755396842957
3094,0,0.21999746561050415
3095,0,0.24375540018081665
3096,0,0.07576354593038559
3097,0,0.037549104541540146
3098,0,0.012886164709925652
3099,0,0.03609684109687805
3100,0,0.057656485587358475
3101,0,0.6674556732177734
3102,0,0.005072705913335085
3103,0,0.037869010120630264
3104,0,0.48588335514068604
3105,0,0.03873802721500397
3106,0,0.4790887236595154
3107,0,0.10910366475582123
3108,0,0.00420996081084013
3109,0,0.0162977147847414
3110,0,0.2598097622394562
3111,0,0.09303023666143417
3112,0,0.006580594461411238
3113,0,0.16889135539531708
3114,0,0.2906452715396881
3115,0,0.007353424560278654
3116,0,0.010616964660584927
3117,0,0.5578342080116272
3118,0,0.13155795633792877
3119,0,0.0854957103729248
3120,0,0.5062657594680786
3121,0,0.11336548626422882
3122,0,0.24412265419960022
3123,0,0.4084543287754059
3124,0,0.025367090478539467
3125,0,0.23581287264823914
3126,0,0.009448911063373089
3127,0,0.09374288469552994
3128,0,0.3173792362213135
3129,0,0.01290169544517994
3130,0,0.4715675711631775
3131,0,0.03981636464595795
3132,0,0.024889294058084488
3133,0,0.018976904451847076
3134,0,0.7316901087760925
3135,0,0.08922920376062393
3136,0,0.10465642809867859
3137,0,0.014216963201761246
3138,0,0.4801972508430481
3139,0,0.8203615546226501
3140,0,0.03783201798796654
3141,0,0.2321157157421112
3142,0,0.0445900596678257
3143,0,0.21017399430274963
3144,0,0.6515505909919739
3145,0,0.3852119445800781
3146,0,0.5195183157920837
3147,0,0.22814014554023743
3148,0,0.37548309564590454
3149,0,0.09415077418088913
3150,0,0.10546915978193283
3151,0,0.28119176626205444
3152,0,0.042881760746240616
3153,0,0.07544321566820145
3154,0,0.43778708577156067
3155,0,0.257269948720932
3156,0,0.04631532356142998
3157,0,0.13753564655780792
3158,0,0.3125399947166443
3159,0,0.006480080075562
3160,0,0.020535876974463463
3161,0,0.022946948185563087
3162,0,0.01383604109287262
3163,0,0.2773817479610443
3164,0,0.4377763271331787
3165,0,0.3230196237564087
3166,0,0.7919707298278809
3167,0,0.2442910224199295
3168,0,0.026303144171833992
3169,0,0.3203931152820587
3170,0,0.045234594494104385
3171,0,0.004852634388953447
3172,0,0.18397165834903717
3173,0,0.2113843709230423
3174,0,0.016192765906453133
3175,0,0.05921396240592003
3176,0,0.9558707475662231
3177,0,0.01355606410652399
3178,0,0.3208397328853607
3179,0,0.36167895793914795
3180,0,0.01576598547399044
3181,0,0.01598713919520378
3182,0,0.5879256129264832
3183,0,0.9371539950370789
3184,0,0.10061997920274734
3185,0,0.002139279618859291
3186,0,0.007912975735962391
3187,0,0.2251066118478775
3188,0,0.0669122114777565
3189,0,0.08903156965970993
3190,0,0.04246598482131958
3191,0,0.684479296207428
3192,0,0.15959103405475616
3193,0,0.012384758330881596
3194,0,0.009353582747280598
3195,0,0.34258872270584106
3196,0,0.15730977058410645
3197,0,0.05683594569563866
3198,0,0.18966421484947205
3199,0,0.3805086612701416
3200,0,0.019198328256607056
3201,0,0.11321481317281723
3202,0,0.019072087481617928
3203,0,0.1042284369468689
3204,0,0.12940151989459991
3205,0,0.1511126607656479
3206,0,0.011808952316641808
3207,0,0.10924408584833145
3208,0,0.4545533359050751
3209,0,0.17759551107883453
3210,0,0.13777241110801697
3211,0,0.07005677372217178
3212,0,0.15588517487049103
3213,0,0.31301409006118774
3214,0,0.8102160096168518
3215,0,0.3429201543331146
3216,0,0.3044861853122711
3217,0,0.013668730854988098
3218,0,0.11940256506204605
3219,0,0.006291556637734175
3220,0,0.07382430881261826
3221,0,0.013689149171113968
3222,0,0.009903228841722012
3223,0,0.003481615334749222
3224,0,0.6345182657241821
3225,0,0.2623612880706787
3226,0,0.009560934267938137
3227,0,0.09259330481290817
3228,0,0.7288167476654053
3229,0,0.025050891563296318
3230,0,0.022174786776304245
3231,0,0.03136772662401199
3232,0,0.4088180661201477
3233,0,0.12737907469272614
3234,0,0.03285769373178482
3235,0,0.46590176224708557
3236,0,0.007822440937161446
3237,0,0.7973713874816895
3238,0,0.02092742919921875
3239,0,0.48952728509902954
3240,0,0.04385651275515556
3241,0,0.12667091190814972
3242,0,0.46831080317497253
3243,0,0.021842284128069878
3244,0,0.00926591269671917
3245,0,0.0048373546451330185
3246,0,0.002724700141698122
3247,0,0.22794748842716217
3248,0,0.09073548763990402
3249,0,0.007555332034826279
3250,0,0.0757165476679802
3251,0,0.09029047936201096
3252,0,0.2992405593395233
3253,0,0.04105174541473389
3254,0,0.009801103733479977
3255,0,0.003371271537616849
3256,0,0.0043972874991595745
3257,0,0.008142146281898022
3258,0,0.10416223108768463
3259,0,0.0784790888428688
3260,0,0.20400473475456238
3261,0,0.18881326913833618
3262,0,0.05743861198425293
3263,0,0.10007493197917938
3264,0,0.11702945828437805
3265,0,0.15174663066864014
3266,0,0.21042166650295258
3267,0,0.004020904190838337
3268,0,0.0076036532409489155
3269,0,0.041027363389730453
3270,0,0.17340107262134552
3271,0,0.42332080006599426
3272,0,0.20262417197227478
3273,0,0.6984243988990784
3274,0,0.880413293838501
3275,0,0.5508541464805603
3276,0,0.562157928943634
3277,0,0.2539330720901489
3278,0,0.08122925460338593
3279,0,0.26056820154190063
3280,0,0.35434985160827637
3281,0,0.007970461621880531
3282,0,0.1783401072025299
3283,0,0.39681923389434814
3284,0,0.7053764462471008
3285,0,0.3300047516822815
3286,0,0.00390914361923933
3287,0,0.016658751294016838
3288,0,0.008113295771181583
3289,0,0.19501493871212006
3290,0,0.014921347610652447
3291,0,0.8697035312652588
3292,0,0.008733193390071392
3293,0,0.009680249728262424
3294,0,0.6767308712005615
3295,0,0.011021602898836136
3296,0,0.5632784962654114
3297,0,0.032973241060972214
3298,0,0.03915407508611679
3299,0,0.671532154083252
3300,0,0.850219190120697
3301,0,0.0443190336227417
3302,0,0.15730977058410645
3303,0,0.28008899092674255
3304,0,0.15529583394527435
3305,0,0.19730740785598755
3306,0,0.8832529783248901
3307,0,0.03937121108174324
3308,0,0.124870166182518
3309,0,0.0019227992743253708
3310,0,0.5335322022438049
3311,0,0.9620143175125122
3312,0,0.08182057738304138
3313,0,0.05371454358100891
3314,0,0.23465459048748016
3315,0,0.007693138439208269
3316,0,0.022039350122213364
3317,0,0.09887480735778809
3318,0,0.11559987813234329
3319,0,0.7063949108123779
3320,0,0.8181913495063782
3321,0,0.6935020685195923
3322,0,0.32468023896217346
3323,0,0.019550452008843422
3324,0,0.5555472373962402
3325,0,0.0231587216258049
3326,0,0.37655967473983765
3327,0,0.009056821465492249
3328,0,0.025684723630547523
3329,0,0.4563174545764923
3330,0,0.3341149389743805
3331,0,0.0784790888428688
3332,0,0.11710646748542786
3333,0,0.10924408584833145
3334,0,0.19900059700012207
3335,0,0.9333997368812561
3336,0,0.05099065974354744
3337,0,0.1765846461057663
3338,0,0.08816086500883102
3339,0,0.004422864876687527
3340,0,0.7251104116439819
3341,0,0.008822622708976269
3342,0,0.06311315298080444
3343,0,0.008950318209826946
3344,0,0.46388357877731323
3345,0,0.6651192307472229
3346,0,0.12204720079898834
3347,0,0.932561993598938
3348,0,0.05756277218461037
3349,0,0.007815737277269363
3350,0,0.2593492269515991
3351,0,0.002392834983766079
3352,0,0.01960241235792637
3353,0,0.6329883337020874
3354,0,0.31677913665771484
3355,0,0.07243797928094864
3356,0,0.09812682867050171
3357,0,0.009373880922794342
3358,0,0.7051424384117126
3359,0,0.15671876072883606
3360,0,0.14770497381687164
3361,0,0.6575515270233154
3362,0,0.13904918730258942
3363,0,0.0797794759273529
3364,0,0.10360904037952423
3365,0,0.919753909111023
3366,0,0.005497931502759457
3367,0,0.4058917462825775
3368,0,0.5570407509803772
3369,0,0.034361109137535095
3370,0,0.13371551036834717
3371,0,0.11023010313510895
3372,0,0.010690751485526562
3373,0,0.3650878071784973
3374,0,0.23730391263961792
3375,0,0.6836445927619934
3376,0,0.025653447955846786
3377,0,0.20686154067516327
3378,0,0.15730977058410645
3379,0,0.13310329616069794
3380,0,0.8187655806541443
3381,0,0.006678661331534386
3382,0,0.054129451513290405
3383,0,0.2539330720901489
3384,0,0.1926840990781784
3385,0,0.007549848407506943
3386,0,0.010175851173698902
3387,0,0.009801792912185192
3388,0,0.14350950717926025
3389,0,0.007128519471734762
3390,0,0.33639824390411377
3391,0,0.1924230307340622
3392,0,0.02529001422226429
3393,0,0.01857312209904194
3394,0,0.3345516622066498
3395,0,0.05316328629851341
3396,0,0.9248255491256714
3397,0,0.7016853094100952
3398,0,0.009731315076351166
3399,0,0.7478448748588562
3400,0,0.0289917029440403
3401,0,0.1382444053888321
3402,0,0.06389767676591873
3403,0,0.005149856209754944
3404,0,0.01896091364324093
3405,0,0.9482321739196777
3406,0,0.06095004826784134
3407,0,0.03706016018986702
3408,0,0.005791643634438515
3409,0,0.009260524995625019
3410,0,0.8512952327728271
3411,0,0.056090548634529114
3412,0,0.9353979825973511
3413,0,0.7146522998809814
3414,0,0.37617427110671997
3415,0,0.03453207388520241
3416,0,0.005311567801982164
3417,0,0.021354177966713905
3418,0,0.07284784317016602
3419,0,0.2787129878997803
3420,0,0.11296480149030685
3421,0,0.5533547401428223
3422,0,0.3986033797264099
3423,0,0.01576506718993187
3424,0,0.10924408584833145
3425,0,0.5296023488044739
3426,0,0.0036503965966403484
3427,0,0.7514238953590393
3428,0,0.4548008441925049
3429,0,0.4711846709251404
3430,0,0.7156397700309753
3431,0,0.10561079531908035
3432,0,0.2590571939945221
3433,0,0.007005215156823397
3434,0,0.6865808367729187
3435,0,0.004379050340503454
3436,0,0.3951609432697296
3437,0,0.4884880483150482
3438,0,0.15539425611495972
3439,0,0.09616449475288391
3440,0,0.05149098485708237
3441,0,0.027500465512275696
3442,0,0.1339651495218277
3443,0,0.5663889646530151
3444,0,0.11208109557628632
3445,0,0.679535448551178
3446,0,0.7118609547615051
3447,0,0.7070791721343994
3448,0,0.05615771561861038
3449,0,0.018930824473500252
3450,0,0.011439220048487186
3451,0,0.39381784200668335
3452,0,0.4348587393760681
3453,0,0.06688408553600311
3454,0,0.1878732591867447
3455,0,0.16958662867546082
3456,0,0.014278014190495014
3457,0,0.01599450595676899
3458,0,0.004907039925456047
3459,0,0.4599713087081909
3460,0,0.6056221723556519
3461,0,0.011702204123139381
3462,0,0.8578086495399475
3463,0,0.5316594839096069
3464,0,0.3414147198200226
3465,0,0.005512237548828125
3466,0,0.8100735545158386
3467,0,0.17297658324241638
3468,0,0.08941461890935898
3469,0,0.00884602963924408
3470,0,0.015053166076540947
3471,0,0.14624284207820892
3472,0,0.14212819933891296
3473,0,0.14378266036510468
3474,0,0.821598470211029
3475,0,0.4060802161693573
3476,0,0.094843789935112
3477,0,0.6823850274085999
3478,0,0.36609357595443726
3479,0,0.8417324423789978
3480,0,0.04019549861550331
3481,0,0.012661205604672432
3482,0,0.48901692032814026
3483,0,0.10007493197917938
3484,0,0.14559850096702576
3485,0,0.8733846545219421
3486,0,0.30802053213119507
3487,0,0.017270343378186226
3488,0,0.056803543120622635
3489,0,0.008830398321151733
3490,0,0.6837193369865417
3491,0,0.3033903241157532
3492,0,0.6556616425514221
3493,0,0.5272336602210999
3494,0,0.3035571575164795
3495,0,0.07801853120326996
3496,0,0.6667740941047668
3497,0,0.2741856575012207
3498,0,0.397610604763031
3499,0,0.1357518434524536
3500,0,0.14347675442695618
3501,0,0.2632039785385132
3502,0,0.1950577050447464
3503,0,0.03354125842452049
3504,0,0.20811250805854797
3505,0,0.2405208796262741
3506,0,0.004530852660536766
3507,0,0.8445000052452087
3508,0,0.04754488170146942
3509,0,0.08346732705831528
3510,0,0.26535308361053467
3511,0,0.7594717144966125
3512,0,0.007498679682612419
3513,0,0.35091152787208557
3514,0,0.03657253459095955
3515,0,0.16914674639701843
3516,0,0.18354739248752594
3517,0,0.2545764744281769
3518,0,0.019985180348157883
3519,0,0.020119309425354004
3520,0,0.47706836462020874
3521,0,0.5518344640731812
3522,0,0.5687615275382996
3523,0,0.00739680789411068
3524,0,0.21283835172653198
3525,0,0.4176426827907562
3526,0,0.7079493403434753
3527,0,0.10924408584833145
3528,0,0.5317023396492004
3529,0,0.2777877449989319
3530,0,0.06328725814819336
3531,0,0.5052470564842224
3532,0,0.19088177382946014
3533,0,0.7303699254989624
3534,0,0.46118083596229553
3535,0,0.11388448625802994
3536,0,0.4871610999107361
3537,0,0.016926921904087067
3538,0,0.05257608741521835
3539,0,0.029053209349513054
3540,0,0.0036483537405729294
3541,0,0.13260994851589203
3542,0,0.7007988095283508
3543,0,0.01339785847812891
3544,0,0.039035484194755554
3545,0,0.022808151319622993
3546,0,0.05434264615178108
3547,0,0.008826121687889099
3548,0,0.0887952670454979
3549,0,0.13064543902873993
3550,0,0.7494209408760071
3551,0,0.06499440222978592
3552,0,0.011897782795131207
3553,0,0.20329277217388153
3554,0,0.7571397423744202
3555,0,0.00862571969628334
3556,0,0.0068591381423175335
3557,0,0.10545147955417633
3558,0,0.9764926433563232
3559,0,0.7961682081222534
3560,0,0.21446815133094788
3561,0,0.05466127768158913
3562,0,0.3383285105228424
3563,0,0.8885349035263062
3564,0,0.6544893980026245
3565,0,0.39807820320129395
3566,0,0.023858992382884026
3567,0,0.09558206796646118
3568,0,0.0075532542541623116
3569,0,0.01856333762407303
3570,0,0.0028714656364172697
3571,0,0.01343840267509222
3572,0,0.6284826397895813
3573,0,0.9656954407691956
3574,0,0.22723200917243958
3575,0,0.014656208455562592
3576,0,0.009261399507522583
3577,0,0.679832398891449
3578,0,0.06056567654013634
3579,0,0.02767864242196083
3580,0,0.006801369599997997
3581,0,0.12816619873046875
3582,0,0.004547428339719772
3583,0,0.051076728850603104
3584,0,0.6309151649475098
3585,0,0.16404756903648376
3586,0,0.5230874419212341
3587,0,0.9634029865264893
3588,0,0.09732329100370407
3589,0,0.02178637869656086
3590,0,0.10747145861387253
3591,0,0.05710500851273537
3592,0,0.009020411409437656
3593,0,0.04236593469977379
3594,0,0.9487029314041138
3595,0,0.09890705347061157
3596,0,0.04698971286416054
3597,0,0.10903425514698029
3598,0,0.8125050663948059
3599,0,0.5569146871566772
3600,0,0.9657828211784363
3601,0,0.12737907469272614
3602,0,0.24473653733730316
3603,0,0.048514124006032944
3604,0,0.12015030533075333
3605,0,0.020305035635828972
3606,0,0.05432197079062462
3607,0,0.10924408584833145
3608,0,0.2946370840072632
3609,0,0.01265814807265997
3610,0,0.2640354335308075
3611,0,0.0808103159070015
3612,0,0.004723417107015848
3613,0,0.02901058830320835
3614,0,0.31894388794898987
3615,0,0.5834534764289856
3616,0,0.061306171119213104
3617,0,0.006361255422234535
3618,0,0.028897389769554138
3619,0,0.1324874311685562
3620,0,0.006725320126861334
3621,0,0.021219613030552864
3622,0,0.2527957558631897
3623,0,0.8902732133865356
3624,0,0.03085380606353283
3625,0,0.44740983843803406
3626,0,0.023936018347740173
3627,0,0.026974953711032867
3628,0,0.07199310511350632
3629,0,0.35357052087783813
3630,0,0.5380606055259705
3631,0,0.22239944338798523
3632,0,0.07632874697446823
3633,0,0.27088746428489685
3634,0,0.021493420004844666
3635,0,0.01068924367427826
3636,0,0.07049939036369324
3637,0,0.027514591813087463
3638,0,0.052499573677778244
3639,0,0.0230635404586792
3640,0,0.22928088903427124
3641,0,0.08266067504882812
3642,0,0.40974462032318115
3643,0,0.11588609963655472
3644,0,0.9422978758811951
3645,0,0.014864075928926468
3646,0,0.36277347803115845
3647,0,0.006582858040928841
3648,0,0.00889046024531126
3649,0,0.1346110999584198
3650,0,0.14211979508399963
3651,0,0.04898417368531227
3652,0,0.02470513992011547
3653,0,0.36000972986221313
3654,0,0.0784790888428688
3655,0,0.841074526309967
3656,0,0.40680041909217834
3657,0,0.059176694601774216
3658,0,0.29215484857559204
3659,0,0.035898901522159576
3660,0,0.013963954523205757
3661,0,0.052654631435871124
3662,0,0.0240620207041502
3663,0,0.5053446292877197
3664,0,0.26028120517730713
3665,0,0.015528536401689053
3666,0,0.15730977058410645
3667,0,0.060396403074264526
3668,0,0.14544913172721863
3669,0,0.32746633887290955
3670,0,0.36228179931640625
3671,0,0.6377276182174683
3672,0,0.7590962052345276
3673,0,0.1271522492170334
3674,0,0.10924408584833145
3675,0,0.4310709238052368
3676,0,0.0920238345861435
3677,0,0.31656914949417114
3678,0,0.15102095901966095
3679,0,0.07598624378442764
3680,0,0.0677739754319191
3681,0,0.8013387322425842
3682,0,0.2883186638355255
3683,0,0.6357108354568481
3684,0,0.4953072667121887
3685,0,0.5793541073799133
3686,0,0.9074661731719971
3687,0,0.26736369729042053
3688,0,0.6120210886001587
3689,0,0.1891556680202484
3690,0,0.15730977058410645
3691,0,0.03973166272044182
3692,0,0.2636600732803345
3693,0,0.10924408584833145
3694,0,0.4563378095626831
3695,0,0.01575101725757122
3696,0,0.18062634766101837
3697,0,0.15730977058410645
3698,0,0.1845346987247467
3699,0,0.006171141751110554
3700,0,0.14008072018623352
3701,0,0.11625570803880692
3702,0,0.06850447505712509
3703,0,0.10306783765554428
3704,0,0.120038703083992
3705,0,0.013108194805681705
3706,0,0.002883200766518712
3707,0,0.026306316256523132
3708,0,0.10007493197917938
3709,0,0.9429569244384766
3710,0,0.017311498522758484
3711,0,0.38246646523475647
3712,0,0.08306817710399628
3713,0,0.15483547747135162
3714,0,0.023060932755470276
3715,0,0.002935676136985421
3716,0,0.02014499343931675
3717,0,0.05847647786140442
3718,0,0.06540455669164658
3719,0,0.007696058135479689
3720,0,0.14288382232189178
3721,0,0.5617334842681885
3722,0,0.7661470174789429
3723,0,0.6409616470336914
3724,0,0.30362188816070557
3725,0,0.006594992708414793
3726,0,0.7089909315109253
3727,0,0.190400630235672
3728,0,0.07414248585700989
3729,0,0.4858853220939636
3730,0,0.23606224358081818
3731,0,0.24315524101257324
3732,0,0.7712937593460083
3733,0,0.03689872846007347
3734,0,0.8305923938751221
3735,0,0.14400248229503632
3736,0,0.14067809283733368
3737,0,0.10430826991796494
3738,0,0.023684872314333916
3739,0,0.004494228400290012
3740,0,0.006280417088419199
3741,0,0.0351237915456295
3742,0,0.010278129018843174
3743,0,0.18157656490802765
3744,0,0.04058780521154404
3745,0,0.23741981387138367
3746,0,0.44577711820602417
3747,0,0.019261645153164864
3748,0,0.15111665427684784
3749,0,0.0024951715022325516
3750,0,0.1108633354306221
3751,0,0.030766760930418968
3752,0,0.7857416868209839
3753,0,0.005707338452339172
3754,0,0.03643415868282318
3755,0,0.14414823055267334
3756,0,0.1890682876110077
3757,0,0.8460428714752197
3758,0,0.020825622603297234
3759,0,0.5858915448188782
3760,0,0.6771579384803772
3761,0,0.154472216963768
3762,0,0.6532531380653381
3763,0,0.15557853877544403
3764,0,0.09398283809423447
3765,0,0.7350322008132935
3766,0,0.12333115190267563
3767,0,0.12859824299812317
3768,0,0.18023352324962616
3769,0,0.04358768090605736
3770,0,0.3129584491252899
3771,0,0.26476606726646423
3772,0,0.8431416749954224
3773,0,0.29201021790504456
3774,0,0.10924408584833145
3775,0,0.006182211451232433
3776,0,0.07636669278144836
3777,0,0.04302237182855606
3778,0,0.6347125172615051
3779,0,0.9475093483924866
3780,0,0.09860473871231079
3781,0,0.15622636675834656
3782,0,0.05001777410507202
3783,0,0.2563387155532837
3784,0,0.232960507273674
3785,0,0.6562038660049438
3786,0,0.010917161591351032
3787,0,0.1835806518793106
3788,0,0.9734304547309875
3789,0,0.010912828147411346
3790,0,0.011008129455149174
3791,0,0.057204924523830414
3792,0,0.4222821593284607
3793,0,0.2733224630355835
3794,0,0.007419254165142775
3795,0,0.055939819663763046
3796,0,0.5527690649032593
3797,0,0.5147863030433655
3798,0,0.3992528021335602
3799,0,0.07617317140102386
3800,0,0.10007493197917938
3801,0,0.23522961139678955
3802,0,0.4597379267215729
3803,0,0.19517922401428223
3804,0,0.03962735831737518
3805,0,0.9697498679161072
3806,0,0.6812866926193237
3807,0,0.012483079917728901
3808,0,0.5884212851524353
3809,0,0.05961504206061363
3810,0,0.012274743989109993
3811,0,0.5534275770187378
3812,0,0.003357867244631052
3813,0,0.2900223731994629
3814,0,0.6425876617431641
3815,0,0.06714163720607758
3816,0,0.1962876170873642
3817,0,0.18914668262004852
3818,0,0.44333428144454956
3819,0,0.22666165232658386
3820,0,0.34596824645996094
3821,0,0.7238120436668396
3822,0,0.4876062870025635
3823,0,0.007913806475698948
3824,0,0.10924408584833145
3825,0,0.7842212319374084
3826,0,0.08797960728406906
3827,0,0.1930636763572693
3828,0,0.025704003870487213
3829,0,0.6184443831443787
3830,0,0.2539330720901489
3831,0,0.7323052883148193
3832,0,0.06998249888420105
3833,0,0.923198401927948
3834,0,0.33193203806877136
3835,0,0.021969132125377655
3836,0,0.6078909039497375
3837,0,0.6738312840461731
3838,0,0.03273383900523186
3839,0,0.48169490694999695
3840,0,0.0225764699280262
3841,0,0.303558349609375
3842,0,0.2753499150276184
3843,0,0.015404620207846165
3844,0,0.13347993791103363
3845,0,0.03274603188037872
3846,0,0.10007493197917938
3847,0,0.6572625041007996
3848,0,0.007230887655168772
3849,0,0.0023287704680114985
3850,0,0.4910070598125458
3851,0,0.5014653205871582
3852,0,0.20021675527095795
3853,0,0.15730977058410645
3854,0,0.06015472486615181
3855,0,0.6515755653381348
3856,0,0.2421770691871643
3857,0,0.01868293806910515
3858,0,0.04440600052475929
3859,0,0.0905066505074501
3860,0,0.0831647589802742
3861,0,0.022503085434436798
3862,0,0.020736847072839737
3863,0,0.016750073060393333
3864,0,0.042249374091625214
3865,0,0.5702996850013733
3866,0,0.008530582301318645
3867,0,0.04797846078872681
3868,0,0.8853466510772705
3869,0,0.009937952272593975
3870,0,0.9533044099807739
3871,0,0.40995579957962036
3872,0,0.18911400437355042
3873,0,0.00575069896876812
3874,0,0.7533969283103943
3875,0,0.15730977058410645
3876,0,0.03362032026052475
3877,0,0.02391584776341915
3878,0,0.33279696106910706
3879,0,0.019722547382116318
3880,0,0.5643302798271179
3881,0,0.9590619802474976
3882,0,0.12737907469272614
3883,0,0.9056557416915894
3884,0,0.8013392090797424
3885,0,0.0345822274684906
3886,0,0.10416223108768463
3887,0,0.08806226402521133
3888,0,0.01061964500695467
3889,0,0.168745756149292
3890,0,0.010500297881662846
3891,0,0.8095200657844543
3892,0,0.5386913418769836
3893,0,0.9706555604934692
3894,0,0.25445830821990967
3895,0,0.4946415424346924
3896,0,0.15299099683761597
3897,0,0.2970607280731201
3898,0,0.040217187255620956
3899,0,0.02250327356159687
3900,0,0.8556777834892273
3901,0,0.006264895666390657
3902,0,0.24996423721313477
3903,0,0.30619922280311584
3904,0,0.17190632224082947
3905,0,0.6140550374984741
3906,0,0.009763242676854134
3907,0,0.7193149924278259
3908,0,0.3091578185558319
3909,0,0.9590343236923218
3910,0,0.06792706996202469
3911,0,0.8740358352661133
3912,0,0.12224700301885605
3913,0,0.004941144492477179
3914,0,0.7123821973800659
3915,0,0.0406733937561512
3916,0,0.43603551387786865
3917,0,0.022022798657417297
3918,0,0.031499505043029785
3919,0,0.04685727879405022
3920,0,0.6672425270080566
3921,0,0.07524478435516357
3922,0,0.665637731552124
3923,0,0.26384761929512024
3924,0,0.6828609704971313
3925,0,0.2248431146144867
3926,0,0.00687435595318675
3927,0,0.4299966096878052
3928,0,0.48022881150245667
3929,0,0.9352765083312988
3930,0,0.13595205545425415
3931,0,0.4165065288543701
3932,0,0.05298245698213577
3933,0,0.1809076964855194
3934,0,0.18177655339241028
3935,0,0.6761955618858337
3936,0,0.018304048106074333
3937,0,0.34428533911705017
3938,0,0.9399963021278381
3939,0,0.6520177721977234
3940,0,0.0275264922529459
3941,0,0.1718204766511917
3942,0,0.8810636401176453
3943,0,0.13657040894031525
3944,0,0.7909701466560364
3945,0,0.3288142681121826
3946,0,0.3284190595149994
3947,0,0.2850242257118225
3948,0,0.7303018569946289
3949,0,0.15730977058410645
3950,0,0.04901931434869766
3951,0,0.21439684927463531
3952,0,0.29052042961120605
3953,0,0.09398283809423447
3954,0,0.12224700301885605
3955,0,0.254714697599411
3956,0,0.007603717502206564
3957,0,0.10416223108768463
3958,0,0.2278631329536438
3959,0,0.17731861770153046
3960,0,0.3212994337081909
3961,0,0.02433941140770912
3962,0,0.006579506676644087
3963,0,0.503083348274231
3964,0,0.01686295121908188
3965,0,0.9396469593048096
3966,0,0.25140199065208435
3967,0,0.11067350208759308
3968,0,0.012301388196647167
3969,0,0.10924408584833145
3970,0,0.6388669610023499
3971,0,0.7693212628364563
3972,0,0.3350706994533539
3973,0,0.12368296086788177
3974,0,0.1856653392314911
3975,0,0.22179274260997772
3976,0,0.054776258766651154
3977,0,0.7390245199203491
3978,0,0.010478262789547443
3979,0,0.8141400814056396
3980,1,0.6893690824508667
3981,1,0.12737907469272614
3982,1,0.9736596941947937
3983,1,0.9176661968231201
