index,y_true,y_pred_oof
0,1,0.9768064618110657
1,1,0.9278690218925476
2,1,0.9196494221687317
3,1,0.9247457385063171
4,1,0.6706610321998596
5,1,0.25865432620048523
6,1,0.2709695100784302
7,1,0.33867231011390686
8,1,0.9545121788978577
9,1,0.6795557141304016
10,1,0.6630176305770874
11,1,0.7397743463516235
12,1,0.6770217418670654
13,1,0.9504162073135376
14,1,0.9172342419624329
15,1,0.758573591709137
16,1,0.807933509349823
17,1,0.4110187292098999
18,1,0.965707540512085
19,1,0.7561355233192444
20,1,0.7787941098213196
21,1,0.8593177199363708
22,1,0.5546767711639404
23,1,0.8260126709938049
24,1,0.9173409938812256
25,1,0.7137003540992737
26,1,0.6506484746932983
27,1,0.5167440176010132
28,1,0.9351625442504883
29,1,0.9241767525672913
30,1,0.5810408592224121
31,1,0.4341471493244171
32,1,0.8997926712036133
33,1,0.6784147620201111
34,1,0.8042266368865967
35,1,0.7521864175796509
36,1,0.7938892245292664
37,1,0.8788500428199768
38,1,0.9465926885604858
39,1,0.6610497832298279
40,1,0.9795666337013245
41,1,0.5830578207969666
42,1,0.49888283014297485
43,1,0.6160055994987488
44,1,0.784059464931488
45,1,0.9372143149375916
46,1,0.7280205488204956
47,1,0.7631305456161499
48,1,0.8222143054008484
49,1,0.9083298444747925
50,1,0.6492998600006104
51,1,0.8763137459754944
52,1,0.9207132458686829
53,1,0.8595802783966064
54,1,0.5473869442939758
55,1,0.6720941066741943
56,1,0.8365734219551086
57,1,0.35243916511535645
58,1,0.6783427596092224
59,1,0.6161745190620422
60,1,0.5665513277053833
61,1,0.8206762671470642
62,1,0.6659076809883118
63,1,0.583980917930603
64,1,0.537851870059967
65,1,0.8959636092185974
66,1,0.8281008005142212
67,1,0.6731399297714233
68,1,0.6511539816856384
69,1,0.714749276638031
70,1,0.5419760942459106
71,1,0.8629392385482788
72,1,0.49093011021614075
73,1,0.6035656929016113
74,1,0.48270419239997864
75,1,0.8564987778663635
76,1,0.5095113515853882
77,1,0.8104731440544128
78,1,0.7706829309463501
79,1,0.6404041051864624
80,1,0.8606672883033752
81,1,0.568379282951355
82,1,0.7123247981071472
83,1,0.6230307221412659
84,1,0.5822547674179077
85,1,0.6057557463645935
86,1,0.7525918483734131
87,1,0.24832867085933685
88,1,0.8099939227104187
89,1,0.5558382868766785
90,1,0.4252430498600006
91,1,0.8680103421211243
92,1,0.9352917075157166
93,1,0.5296826958656311
94,1,0.8394705057144165
95,1,0.8458385467529297
96,1,0.9452453255653381
97,1,0.9007850885391235
98,1,0.9000622630119324
99,1,0.7655611634254456
100,1,0.9259958863258362
101,1,0.9001263976097107
102,1,0.921387255191803
103,1,0.645571768283844
104,1,0.798877477645874
105,1,0.9172862768173218
106,1,0.864271342754364
107,1,0.5990920662879944
108,1,0.7233534455299377
109,1,0.9549365043640137
110,1,0.9005506634712219
111,1,0.9352307915687561
112,1,0.9380496144294739
113,1,0.8707587718963623
114,1,0.43310996890068054
115,1,0.4988362491130829
116,1,0.4882134199142456
117,1,0.7172715663909912
118,1,0.271933913230896
119,1,0.7216861248016357
120,1,0.8278636336326599
121,1,0.8122249245643616
122,1,0.8331016302108765
123,1,0.825838565826416
124,1,0.8359876871109009
125,1,0.655491828918457
126,1,0.8954641819000244
127,1,0.4380209147930145
128,1,0.8953243494033813
129,1,0.7721338272094727
130,1,0.9582346081733704
131,1,0.9224000573158264
132,1,0.7653746604919434
133,1,0.8988791108131409
134,1,0.7447084188461304
135,1,0.2660179138183594
136,1,0.8464183807373047
137,1,0.8594605326652527
138,1,0.7697427272796631
139,1,0.853289783000946
140,1,0.223079115152359
141,1,0.7857197523117065
142,1,0.5761861801147461
143,1,0.8426360487937927
144,1,0.775398313999176
145,1,0.5763273239135742
146,1,0.8881186246871948
147,1,0.9099727272987366
148,1,0.951848030090332
149,1,0.6132245063781738
150,1,0.7373828291893005
151,1,0.8986774682998657
152,1,0.5593301653862
153,1,0.6705237627029419
154,1,0.842339813709259
155,1,0.8255150318145752
156,1,0.880020022392273
157,1,0.9348803162574768
158,1,0.7357708811759949
159,1,0.5852418541908264
160,1,0.8995615839958191
161,1,0.6343733668327332
162,1,0.6333606839179993
163,1,0.03541908413171768
164,1,0.9511472582817078
165,1,0.8531567454338074
166,1,0.9701665639877319
167,1,0.9544287323951721
168,1,0.9471563696861267
169,1,0.7727797627449036
170,1,0.5360350012779236
171,1,0.9822489023208618
172,1,0.1839521825313568
173,1,0.7724425792694092
174,1,0.8005469441413879
175,1,0.15581738948822021
176,1,0.8958587646484375
177,1,0.9094237089157104
178,1,0.7930055856704712
179,1,0.9266989827156067
180,1,0.7591527700424194
181,1,0.6126001477241516
182,1,0.9641396403312683
183,1,0.8401264548301697
184,1,0.7471490502357483
185,1,0.7565652132034302
186,1,0.9407273530960083
187,1,0.9292126297950745
188,1,0.12940193712711334
189,1,0.9191639423370361
190,1,0.905170738697052
191,1,0.8028393387794495
192,1,0.8831462860107422
193,1,0.3364946246147156
194,1,0.7547494173049927
195,1,0.9702560901641846
196,1,0.6112555861473083
197,1,0.9291439652442932
198,1,0.7139726281166077
199,1,0.8792696595191956
200,1,0.8944421410560608
201,1,0.7717339396476746
202,1,0.811143159866333
203,1,0.6052556037902832
204,1,0.9072049260139465
205,1,0.024723540991544724
206,1,0.6519407033920288
207,1,0.7263526320457458
208,1,0.9138294458389282
209,1,0.9230148196220398
210,1,0.4872722923755646
211,1,0.12966904044151306
212,1,0.02267574332654476
213,1,0.7705236673355103
214,1,0.9466135501861572
215,1,0.7905336022377014
216,1,0.9399207830429077
217,1,0.32554230093955994
218,1,0.8889402151107788
219,1,0.9187563061714172
220,1,0.8303923010826111
221,1,0.9055907726287842
222,1,0.8524222373962402
223,1,0.970370888710022
224,1,0.9040721654891968
225,1,0.7084169983863831
226,1,0.9304298162460327
227,1,0.5783818960189819
228,1,0.16011740267276764
229,1,0.7456607818603516
230,1,0.45274773240089417
231,1,0.29017403721809387
232,1,0.6592199206352234
233,1,0.05629413574934006
234,1,0.8494446873664856
235,1,0.8719627857208252
236,1,0.9034653306007385
237,1,0.9540318250656128
238,1,0.815057635307312
239,1,0.4354332685470581
240,1,0.28888407349586487
241,1,0.9481729865074158
242,1,0.5915449857711792
243,1,0.6899729371070862
244,1,0.08233845233917236
245,1,0.8858411908149719
246,1,0.9800724983215332
247,1,0.594285786151886
248,1,0.6826980113983154
249,1,0.49174413084983826
250,1,0.893004834651947
251,1,0.6893417239189148
252,1,0.7906795740127563
253,1,0.6657798886299133
254,1,0.46652981638908386
255,1,0.9568126201629639
256,1,0.5996545553207397
257,1,0.9343596696853638
258,1,0.499637633562088
259,1,0.8337724804878235
260,1,0.5320554375648499
261,1,0.9567866921424866
262,1,0.7039808034896851
263,1,0.9452818632125854
264,1,0.9847751259803772
265,1,0.9498072266578674
266,1,0.31477710604667664
267,1,0.7812961339950562
268,1,0.8999831676483154
269,1,0.7774713635444641
270,1,0.4193445146083832
271,1,0.745871901512146
272,1,0.48592281341552734
273,1,0.4674929678440094
274,1,0.7265956997871399
275,1,0.6952382922172546
276,1,0.862258791923523
277,1,0.567371129989624
278,1,0.21412143111228943
279,1,0.2678559720516205
280,1,0.10358813405036926
281,1,0.14052575826644897
282,1,0.4801619052886963
283,1,0.8600731492042542
284,1,0.8643196225166321
285,1,0.8222541213035583
286,1,0.5590900778770447
287,1,0.4322810769081116
288,1,0.9468764066696167
289,1,0.4986068904399872
290,1,0.7809166312217712
291,1,0.475410133600235
292,1,0.5871769785881042
293,1,0.663408637046814
294,1,0.6463102698326111
295,1,0.5755773186683655
296,1,0.9535672068595886
297,1,0.7074075937271118
298,1,0.5797295570373535
299,1,0.6524186730384827
300,1,0.9611733555793762
301,1,0.8127095103263855
302,1,0.5539100766181946
303,1,0.8493761420249939
304,1,0.7629368901252747
305,1,0.6480011343955994
306,1,0.6212005019187927
307,1,0.717419445514679
308,1,0.9584811925888062
309,1,0.3401103913784027
310,1,0.6719037294387817
311,1,0.725989580154419
312,1,0.6225102543830872
313,1,0.6853036880493164
314,1,0.897573709487915
315,1,0.6161644458770752
316,1,0.8116363883018494
317,1,0.8181526064872742
318,1,0.8404290676116943
319,1,0.6073641180992126
320,1,0.9162839651107788
321,1,0.3767973482608795
322,1,0.6152441501617432
323,1,0.9664544463157654
324,1,0.8790437579154968
325,1,0.9816498160362244
326,1,0.9196584224700928
327,1,0.8660052418708801
328,1,0.9491821527481079
329,1,0.6134254932403564
330,1,0.8817465901374817
331,1,0.8356146812438965
332,1,0.7774448990821838
333,1,0.6776960492134094
334,1,0.8675145506858826
335,1,0.9334502816200256
336,1,0.964323878288269
337,1,0.9366322755813599
338,1,0.843937337398529
339,1,0.9499350786209106
340,1,0.9842531085014343
341,1,0.9444891810417175
342,1,0.8684564232826233
343,1,0.9170724153518677
344,1,0.9595141410827637
345,1,0.9213615655899048
346,1,0.8746159076690674
347,1,0.9410852193832397
348,1,0.8710998296737671
349,1,0.9702150225639343
350,1,0.8325899839401245
351,1,0.7997545599937439
352,1,0.7393687963485718
353,1,0.7125742435455322
354,1,0.4836375415325165
355,1,0.7614361643791199
356,1,0.5189705491065979
357,1,0.9617471694946289
358,1,0.4557144343852997
359,1,0.6223795413970947
360,1,0.6293756365776062
361,1,0.9412856698036194
362,1,0.9630891680717468
363,1,0.9424127340316772
364,1,0.7965337634086609
365,1,0.9707975387573242
366,1,0.973741888999939
367,1,0.9603622555732727
368,1,0.8635268211364746
369,1,0.7567861080169678
370,1,0.794700026512146
371,1,0.9635188579559326
372,1,0.6209391355514526
373,1,0.9341323971748352
374,1,0.9430894255638123
375,1,0.9435719847679138
376,1,0.8979398608207703
377,1,0.9607231616973877
378,1,0.9210588335990906
379,1,0.9445315003395081
380,1,0.969287097454071
381,1,0.9124839305877686
382,1,0.6727714538574219
383,1,0.5988435745239258
384,1,0.6543160676956177
385,1,0.7838249802589417
386,1,0.6565908193588257
387,1,0.7574599385261536
388,1,0.8077241778373718
389,1,0.8878973126411438
390,1,0.6109455227851868
391,1,0.7057896852493286
392,1,0.6758800148963928
393,1,0.680985152721405
394,1,0.6886849403381348
395,1,0.673179566860199
396,1,0.7750508785247803
397,1,0.30917564034461975
398,1,0.5176746845245361
399,1,0.7216830849647522
400,1,0.6615025997161865
401,1,0.8343555331230164
402,1,0.7071837782859802
403,1,0.666946291923523
404,1,0.7022169828414917
405,1,0.6856019496917725
406,1,0.6757053732872009
407,1,0.7296913862228394
408,1,0.26503467559814453
409,1,0.28996703028678894
410,1,0.42274728417396545
411,1,0.7231717109680176
412,1,0.3886182904243469
413,1,0.2858692407608032
414,1,0.3143422603607178
415,1,0.4621099531650543
416,1,0.16649550199508667
417,1,0.44668126106262207
418,1,0.4672415554523468
419,1,0.7533086538314819
420,1,0.6569978594779968
421,1,0.3456066846847534
422,1,0.6787355542182922
423,1,0.5950381755828857
424,1,0.6001887917518616
425,1,0.5671611428260803
426,1,0.7313863635063171
427,1,0.6259378790855408
428,1,0.7506520748138428
429,1,0.9231340885162354
430,1,0.6248787045478821
431,1,0.5657560229301453
432,1,0.6432815790176392
433,1,0.6067103743553162
434,1,0.5969170331954956
435,1,0.8937861919403076
436,1,0.8395043611526489
437,1,0.5795724987983704
438,1,0.8764042258262634
439,1,0.9019560813903809
440,1,0.7181995511054993
441,1,0.8775473833084106
442,1,0.922296941280365
443,1,0.8740993142127991
444,1,0.9726846814155579
445,1,0.418105810880661
446,1,0.566381573677063
447,1,0.9465477466583252
448,1,0.6050585508346558
449,1,0.8864423632621765
450,1,0.8855708837509155
451,1,0.8116587996482849
452,1,0.9153815507888794
453,1,0.7944870591163635
454,1,0.5843193531036377
455,1,0.7451475858688354
456,1,0.8743742108345032
457,1,0.968885064125061
458,1,0.659521222114563
459,1,0.8808194398880005
460,1,0.8736119270324707
461,1,0.8236702084541321
462,1,0.9396129846572876
463,1,0.8932386636734009
464,1,0.8679517507553101
465,1,0.9279685020446777
466,1,0.9466289281845093
467,1,0.8962947130203247
468,1,0.8776669502258301
469,1,0.8157108426094055
470,1,0.8870357275009155
471,1,0.9671096801757812
472,1,0.9780078530311584
473,1,0.9733607769012451
474,1,0.9789848327636719
475,1,0.9470424056053162
476,1,0.9319784045219421
477,1,0.8991794586181641
478,1,0.9209206104278564
479,1,0.7024076581001282
480,1,0.6004973649978638
481,1,0.7984555959701538
482,1,0.9652993679046631
483,1,0.8624632358551025
484,1,0.9609771370887756
485,1,0.8888660669326782
486,1,0.9252524375915527
487,1,0.7278628349304199
488,1,0.8578070998191833
489,1,0.8491349220275879
490,1,0.6586158275604248
491,1,0.867825984954834
492,1,0.5507927536964417
493,1,0.8929738402366638
494,1,0.7380939722061157
495,1,0.7642309069633484
496,1,0.8933229446411133
497,1,0.7381461262702942
498,1,0.40022215247154236
499,1,0.9821679592132568
500,1,0.924793004989624
501,1,0.5652544498443604
502,1,0.4137924015522003
503,1,0.7020809054374695
504,1,0.6266041398048401
505,1,0.8284245729446411
506,1,0.644001841545105
507,1,0.536452054977417
508,1,0.8106927275657654
509,1,0.6988508105278015
510,1,0.6182080507278442
511,1,0.8443544507026672
512,1,0.3964172303676605
513,1,0.45960018038749695
514,1,0.43410590291023254
515,1,0.3684689700603485
516,1,0.2729121148586273
517,1,0.5281604528427124
518,1,0.7042623162269592
519,1,0.833991527557373
520,1,0.13361865282058716
521,1,0.3166113495826721
522,1,0.25098180770874023
523,1,0.42849189043045044
524,1,0.7863183617591858
525,1,0.2290288358926773
526,1,0.43722614645957947
527,1,0.5349958539009094
528,1,0.5158758163452148
529,1,0.4320818781852722
530,1,0.3147179186344147
531,1,0.34651780128479004
532,1,0.5435473322868347
533,1,0.2588598430156708
534,1,0.34112611413002014
535,1,0.8136395812034607
536,1,0.610514760017395
537,1,0.8959259986877441
538,1,0.601966142654419
539,1,0.6093685626983643
540,1,0.6123136878013611
541,1,0.6636435389518738
542,1,0.637418270111084
543,1,0.6943656802177429
544,1,0.8454897999763489
545,1,0.6655697226524353
546,1,0.8251150250434875
547,1,0.47733837366104126
548,1,0.7981568574905396
549,1,0.7940720915794373
550,1,0.5205033421516418
551,1,0.5093031525611877
552,1,0.46187078952789307
553,1,0.6151121258735657
554,1,0.5964067578315735
555,1,0.6428555846214294
556,1,0.9302940964698792
557,1,0.6645753979682922
558,1,0.5834506750106812
559,1,0.6556119918823242
560,1,0.8352340459823608
561,1,0.5374510288238525
562,1,0.8740382194519043
563,1,0.7793687582015991
564,1,0.46502137184143066
565,1,0.8421384692192078
566,1,0.7128921747207642
567,1,0.5529850721359253
568,1,0.868574857711792
569,1,0.25270625948905945
570,1,0.6959900856018066
571,1,0.6523243188858032
572,1,0.8221137523651123
573,1,0.8525689244270325
574,1,0.9245920181274414
575,1,0.7311448454856873
576,1,0.15331757068634033
577,1,0.9548622369766235
578,1,0.48535847663879395
579,1,0.903110146522522
580,1,0.8363795280456543
581,1,0.7975485920906067
582,1,0.6432602405548096
583,1,0.6377565264701843
584,1,0.8031541109085083
585,1,0.3265776038169861
586,1,0.5919563174247742
587,1,0.9404361844062805
588,1,0.7989944815635681
589,1,0.7024718523025513
590,1,0.5516639947891235
591,1,0.595240592956543
592,1,0.6072187423706055
593,1,0.6618571877479553
594,1,0.6503571271896362
595,1,0.499808132648468
596,1,0.6756737232208252
597,1,0.6439697742462158
598,1,0.5939093232154846
599,1,0.5459293723106384
600,1,0.913713812828064
601,1,0.6728458404541016
602,1,0.8358713984489441
603,1,0.944689154624939
604,1,0.850240170955658
605,1,0.9377782344818115
606,1,0.9350796341896057
607,1,0.8528215885162354
608,1,0.8833252787590027
609,1,0.7552688717842102
610,1,0.5503984093666077
611,1,0.777830958366394
612,1,0.8680078983306885
613,1,0.9056695103645325
614,1,0.7587007880210876
615,1,0.6200804114341736
616,1,0.9375817775726318
617,1,0.8949195742607117
618,1,0.716188371181488
619,1,0.7263113260269165
620,1,0.5796875953674316
621,1,0.686869204044342
622,1,0.6887557506561279
623,1,0.632343590259552
624,1,0.8006910085678101
625,1,0.8894270658493042
626,1,0.6876528263092041
627,1,0.6851093769073486
628,1,0.685571551322937
629,1,0.554162323474884
630,1,0.6972442865371704
631,1,0.9052320718765259
632,1,0.9484163522720337
633,1,0.8283728361129761
634,1,0.8083896636962891
635,1,0.8974257111549377
636,1,0.7973875403404236
637,1,0.45259618759155273
638,1,0.7589969635009766
639,1,0.5284568071365356
640,1,0.654000461101532
641,1,0.8264368176460266
642,1,0.7031716704368591
643,1,0.8518691658973694
644,1,0.9579938650131226
645,1,0.9538609385490417
646,1,0.9736819863319397
647,1,0.9789673686027527
648,1,0.8548965454101562
649,1,0.9455479979515076
650,1,0.864946186542511
651,1,0.9555240869522095
652,1,0.9382368922233582
653,1,0.8717708587646484
654,1,0.7881495356559753
655,1,0.6943987011909485
656,1,0.807863175868988
657,1,0.9006986021995544
658,1,0.943119466304779
659,1,0.9702275991439819
660,1,0.4837777316570282
661,1,0.7994638681411743
662,1,0.9280912280082703
663,1,0.9543061852455139
664,1,0.8963974118232727
665,1,0.9314905405044556
666,1,0.9585000872612
667,1,0.9694976210594177
668,1,0.9350774884223938
669,1,0.6511993408203125
670,1,0.4755214750766754
671,1,0.7295775413513184
672,1,0.9423258304595947
673,1,0.7855989336967468
674,1,0.9387137293815613
675,1,0.9693992137908936
676,1,0.9311593770980835
677,1,0.9594294428825378
678,1,0.9478145241737366
679,1,0.8051119446754456
680,1,0.9528993964195251
681,1,0.9127288460731506
682,1,0.8617762923240662
683,1,0.8666189312934875
684,1,0.8904535174369812
685,1,0.9361414313316345
686,1,0.9343578815460205
687,1,0.9468804597854614
688,1,0.5478032231330872
689,1,0.6538490056991577
690,1,0.9437034130096436
691,1,0.9392975568771362
692,1,0.9442304968833923
693,1,0.916867733001709
694,1,0.9122214913368225
695,1,0.7704156637191772
696,1,0.7404950261116028
697,1,0.8478174805641174
698,1,0.9490591883659363
699,1,0.9222943186759949
700,1,0.9323352575302124
701,1,0.8146785497665405
702,1,0.9190957546234131
703,1,0.820408284664154
704,1,0.7100495100021362
705,1,0.954134464263916
706,1,0.7750275731086731
707,1,0.7231179475784302
708,1,0.6901520490646362
709,1,0.73246830701828
710,1,0.9811652898788452
711,1,0.8753393292427063
712,1,0.7053176760673523
713,1,0.5772081613540649
714,1,0.7524615526199341
715,1,0.3374168574810028
716,1,0.8663132190704346
717,1,0.7036641240119934
718,1,0.5997557044029236
719,1,0.40103837847709656
720,1,0.6721474528312683
721,1,0.4329344928264618
722,1,0.3416643738746643
723,1,0.28281447291374207
724,1,0.3505488634109497
725,1,0.4428652226924896
726,1,0.812954306602478
727,1,0.16691681742668152
728,1,0.7649305462837219
729,1,0.5764956474304199
730,1,0.3861314058303833
731,1,0.2966253459453583
732,1,0.7933436036109924
733,1,0.7990623116493225
734,1,0.5354022979736328
735,1,0.43387672305107117
736,1,0.5273099541664124
737,1,0.27073177695274353
738,1,0.7975740432739258
739,1,0.7505751252174377
740,1,0.7237001061439514
741,1,0.6626161932945251
742,1,0.6094833612442017
743,1,0.5420336127281189
744,1,0.5456657409667969
745,1,0.7233607172966003
746,1,0.5920422673225403
747,1,0.6779199838638306
748,1,0.8217683434486389
749,1,0.6780351400375366
750,1,0.8825631141662598
751,1,0.9505343437194824
752,1,0.5512385964393616
753,1,0.8736103177070618
754,1,0.7719659805297852
755,1,0.8343542218208313
756,1,0.7171194553375244
757,1,0.7321059703826904
758,1,0.6668622493743896
759,1,0.659342348575592
760,1,0.8060334920883179
761,1,0.8384937047958374
762,1,0.4234479069709778
763,1,0.6152558922767639
764,1,0.6273834109306335
765,1,0.7416913509368896
766,1,0.7136706709861755
767,1,0.581666111946106
768,1,0.43227043747901917
769,1,0.7005257606506348
770,1,0.4938514530658722
771,1,0.6799846887588501
772,1,0.6501305103302002
773,1,0.8864713907241821
774,1,0.3637550175189972
775,1,0.6416436433792114
776,1,0.7146133184432983
777,1,0.7256438732147217
778,1,0.8353913426399231
779,1,0.7754908800125122
780,1,0.6599528193473816
781,1,0.7384241223335266
782,1,0.8265321850776672
783,1,0.9019867181777954
784,1,0.858116865158081
785,1,0.6333892345428467
786,1,0.5111889243125916
787,1,0.5544512867927551
788,1,0.9292711615562439
789,1,0.8415652513504028
790,1,0.7910534739494324
791,1,0.9300663471221924
792,1,0.7495431303977966
793,1,0.4369126260280609
794,1,0.9143104553222656
795,1,0.8369620442390442
796,1,0.5019463896751404
797,1,0.7995385527610779
798,1,0.6465011835098267
799,1,0.5317882299423218
800,1,0.7937951683998108
801,1,0.46784988045692444
802,1,0.661101222038269
803,1,0.9229214191436768
804,1,0.8587607741355896
805,1,0.9311848878860474
806,1,0.9424495697021484
807,1,0.7207339406013489
808,1,0.889306366443634
809,1,0.7769315838813782
810,1,0.6870571970939636
811,1,0.7577919363975525
812,1,0.7285649180412292
813,1,0.5806188583374023
814,1,0.38535308837890625
815,1,0.49093011021614075
816,1,0.6504913568496704
817,1,0.6809619665145874
818,1,0.9320525527000427
819,1,0.8884980082511902
820,1,0.9503464102745056
821,1,0.7954843044281006
822,1,0.8597779870033264
823,1,0.7834476232528687
824,1,0.870373547077179
825,1,0.5867573022842407
826,1,0.6338615417480469
827,1,0.6763837933540344
828,1,0.9039459228515625
829,1,0.9509337544441223
830,1,0.9515288472175598
831,1,0.9599377512931824
832,1,0.8757805824279785
833,1,0.8942304849624634
834,1,0.9722479581832886
835,1,0.8769027590751648
836,1,0.8422631025314331
837,1,0.9142786264419556
838,1,0.9217715859413147
839,1,0.9813212752342224
840,1,0.960701048374176
841,1,0.9695372581481934
842,1,0.9647620320320129
843,1,0.9219768047332764
844,1,0.8851534128189087
845,1,0.9247111678123474
846,1,0.9510382413864136
847,1,0.9616382718086243
848,1,0.9792247414588928
849,1,0.8664276599884033
850,1,0.9205677509307861
851,1,0.9233400225639343
852,1,0.9603516459465027
853,1,0.8994985222816467
854,1,0.9488492012023926
855,1,0.9805013537406921
856,1,0.9530289173126221
857,1,0.930330753326416
858,1,0.48592907190322876
859,1,0.3607887327671051
860,1,0.28342774510383606
861,1,0.8498557806015015
862,1,0.13216443359851837
863,1,0.1443256139755249
864,1,0.42534032464027405
865,1,0.596004843711853
866,1,0.9770495295524597
867,1,0.5878992080688477
868,1,0.2933875024318695
869,1,0.718563973903656
870,1,0.7994841933250427
871,1,0.5050275325775146
872,1,0.9145572185516357
873,1,0.7435096502304077
874,1,0.6569847464561462
875,1,0.6507668495178223
876,1,0.646186351776123
877,1,0.667812705039978
878,1,0.8385639190673828
879,1,0.9107851386070251
880,1,0.772916853427887
881,1,0.5769626498222351
882,1,0.7039124965667725
883,1,0.6531274318695068
884,1,0.7196516394615173
885,1,0.6754560470581055
886,1,0.7668274641036987
887,1,0.8430221080780029
888,1,0.4937560260295868
889,1,0.6343654990196228
890,1,0.7786404490470886
891,1,0.3874228000640869
892,1,0.5410857796669006
893,1,0.7156516313552856
894,1,0.7134730815887451
895,1,0.7413047552108765
896,1,0.7544867992401123
897,1,0.3113751709461212
898,1,0.4393264353275299
899,1,0.7053856253623962
900,1,0.6549581289291382
901,1,0.6607221961021423
902,1,0.8793377876281738
903,1,0.8260149359703064
904,1,0.6123101711273193
905,1,0.8299269080162048
906,1,0.9070939421653748
907,1,0.7207891941070557
908,1,0.7079164385795593
909,1,0.7469651103019714
910,1,0.8226311802864075
911,1,0.6444653272628784
912,1,0.5206694602966309
913,1,0.6745693683624268
914,1,0.9307801723480225
915,1,0.500954270362854
916,1,0.9593104720115662
917,1,0.6611372828483582
918,1,0.6877779364585876
919,1,0.7908728718757629
920,1,0.7062571048736572
921,1,0.903109073638916
922,1,0.5339069962501526
923,1,0.40887001156806946
924,1,0.8832752108573914
925,1,0.8762658834457397
926,1,0.918356716632843
927,1,0.912483811378479
928,1,0.7867007851600647
929,1,0.7433051466941833
930,1,0.8955057263374329
931,1,0.6149933934211731
932,1,0.542655348777771
933,1,0.7326541543006897
934,1,0.4782576262950897
935,1,0.5612410306930542
936,1,0.8452469706535339
937,1,0.9195023775100708
938,1,0.4876861870288849
939,1,0.8126746416091919
940,1,0.9672657251358032
941,1,0.6798434257507324
942,1,0.7807260751724243
943,1,0.7716229557991028
944,1,0.9226371645927429
945,1,0.7943899631500244
946,1,0.921704113483429
947,1,0.9621977210044861
948,1,0.7093535661697388
949,1,0.8045526146888733
950,1,0.6785996556282043
951,1,0.907983124256134
952,1,0.9503076672554016
953,1,0.9491512179374695
954,1,0.9575256109237671
955,1,0.483167439699173
956,1,0.4709925055503845
957,1,0.9302557110786438
958,1,0.9433093070983887
959,1,0.9078317880630493
960,1,0.9281094670295715
961,1,0.9428107738494873
962,1,0.8623654246330261
963,1,0.8759362697601318
964,1,0.4618888795375824
965,1,0.782161295413971
966,1,0.6005913019180298
967,1,0.8650291562080383
968,1,0.8642778396606445
969,1,0.9195709824562073
970,1,0.7373613119125366
971,1,0.4928668737411499
972,1,0.5775213837623596
973,1,0.8208870887756348
974,1,0.9245456457138062
975,1,0.8392240405082703
976,1,0.8655670881271362
977,1,0.7982606291770935
978,1,0.7180641889572144
979,1,0.7319638729095459
980,1,0.5795056819915771
981,1,0.7309350967407227
982,1,0.7434701323509216
983,1,0.7832658886909485
984,1,0.929591953754425
985,1,0.9396811723709106
986,1,0.9448367953300476
987,1,0.948375403881073
988,1,0.9282304644584656
989,1,0.9270586371421814
990,1,0.9321133494377136
991,1,0.9493198394775391
992,1,0.9292306303977966
993,1,0.8796051740646362
994,1,0.9135280847549438
995,1,0.8513229489326477
996,1,0.9482735395431519
997,1,0.9333204627037048
998,1,0.9721392393112183
999,1,0.8712269067764282
1000,1,0.9252836108207703
1001,1,0.9317891597747803
1002,1,0.8629842400550842
1003,1,0.7671740651130676
1004,1,0.9740903377532959
1005,1,0.9389839172363281
1006,1,0.9818031787872314
1007,1,0.777879536151886
1008,1,0.49060502648353577
1009,1,0.5910836458206177
1010,1,0.6847772002220154
1011,1,0.7748340964317322
1012,1,0.43110883235931396
1013,1,0.8725179433822632
1014,1,0.9923480749130249
1015,1,0.9358852505683899
1016,1,0.9371117353439331
1017,1,0.9600489139556885
1018,1,0.9686028361320496
1019,1,0.9254822134971619
1020,1,0.6998701095581055
1021,1,0.5931000113487244
1022,1,0.7627684473991394
1023,1,0.5652281641960144
1024,1,0.8608176708221436
1025,1,0.9742603898048401
1026,1,0.9522801041603088
1027,1,0.974641740322113
1028,1,0.9735342860221863
1029,1,0.9424499869346619
1030,1,0.9576716423034668
1031,1,0.9636828899383545
1032,1,0.9723787903785706
1033,1,0.9756661653518677
1034,1,0.9368982315063477
1035,1,0.9665883183479309
1036,1,0.9395818114280701
1037,1,0.9427018761634827
1038,1,0.8954349160194397
1039,1,0.8577641248703003
1040,1,0.8583676218986511
1041,1,0.9402719736099243
1042,1,0.9350375533103943
1043,1,0.8917402625083923
1044,1,0.3621523082256317
1045,1,0.6273956298828125
1046,1,0.7324573397636414
1047,1,0.8353710174560547
1048,1,0.8621659874916077
1049,1,0.5870375633239746
1050,1,0.5161957740783691
1051,1,0.6442809104919434
1052,1,0.9049688577651978
1053,1,0.9541151523590088
1054,1,0.9541501998901367
1055,1,0.3100190758705139
1056,1,0.32007306814193726
1057,1,0.3623757064342499
1058,1,0.9416357278823853
1059,1,0.9434887170791626
1060,1,0.9806174039840698
1061,1,0.9701298475265503
1062,1,0.793815553188324
1063,1,0.8493831157684326
1064,1,0.750666081905365
1065,1,0.6111651062965393
1066,1,0.6649528741836548
1067,1,0.8093529343605042
1068,1,0.6804248094558716
1069,1,0.548966109752655
1070,1,0.7262040376663208
1071,1,0.8706907033920288
1072,1,0.6684587001800537
1073,1,0.511430025100708
1074,1,0.7982112765312195
1075,1,0.4887213706970215
1076,1,0.6499002575874329
1077,1,0.633076012134552
1078,1,0.5783659219741821
1079,1,0.5412740707397461
1080,1,0.6790006756782532
1081,1,0.866905927658081
1082,1,0.8881968259811401
1083,1,0.5744977593421936
1084,1,0.7457951307296753
1085,1,0.8077196478843689
1086,1,0.774937093257904
1087,1,0.6617584824562073
1088,1,0.7466031312942505
1089,1,0.7081546783447266
1090,1,0.7750850915908813
1091,1,0.8125420808792114
1092,1,0.7898644208908081
1093,1,0.6826689839363098
1094,1,0.5403845906257629
1095,1,0.8749241232872009
1096,1,0.8552031517028809
1097,1,0.8588615655899048
1098,1,0.52825528383255
1099,1,0.6876872181892395
1100,1,0.7143459320068359
1101,1,0.8354871869087219
1102,1,0.7312212586402893
1103,1,0.5835496187210083
1104,1,0.8230741024017334
1105,1,0.7289308309555054
1106,1,0.5199465751647949
1107,1,0.8480671644210815
1108,1,0.488377183675766
1109,1,0.5964966416358948
1110,1,0.6395206451416016
1111,1,0.6217871904373169
1112,1,0.8935896158218384
1113,1,0.6445286870002747
1114,1,0.6928286552429199
1115,1,0.5426350831985474
1116,1,0.38086435198783875
1117,1,0.7960771322250366
1118,1,0.45824217796325684
1119,1,0.8236789703369141
1120,1,0.7454814314842224
1121,1,0.03809665888547897
1122,1,0.7999798655509949
1123,1,0.5699573755264282
1124,1,0.7146775126457214
1125,1,0.6951573491096497
1126,1,0.7162601947784424
1127,1,0.5357437133789062
1128,1,0.49640998244285583
1129,1,0.4885232150554657
1130,1,0.6182915568351746
1131,1,0.9096866250038147
1132,1,0.7897500395774841
1133,1,0.431555837392807
1134,1,0.7510938048362732
1135,1,0.8616929054260254
1136,1,0.7094091176986694
1137,1,0.44011980295181274
1138,1,0.8618200421333313
1139,1,0.7854446172714233
1140,1,0.9192445278167725
1141,1,0.923418402671814
1142,1,0.9616843461990356
1143,1,0.9522921442985535
1144,1,0.8998236060142517
1145,1,0.9260581731796265
1146,1,0.9092475771903992
1147,1,0.08609069883823395
1148,1,0.4662798047065735
1149,1,0.9657666683197021
1150,1,0.9294258952140808
1151,1,0.9700396656990051
1152,1,0.9547533392906189
1153,1,0.963697612285614
1154,1,0.9203395843505859
1155,1,0.977798342704773
1156,1,0.9690231680870056
1157,1,0.9714217782020569
1158,1,0.899308443069458
1159,1,0.9668747186660767
1160,1,0.9495161771774292
1161,1,0.9472256898880005
1162,1,0.9430654644966125
1163,1,0.9593915343284607
1164,1,0.9655782580375671
1165,1,0.9450901746749878
1166,1,0.9637008309364319
1167,1,0.9849344491958618
1168,1,0.9706403613090515
1169,1,0.9867534041404724
1170,1,0.712955117225647
1171,1,0.9298805594444275
1172,1,0.8897789120674133
1173,1,0.8617943525314331
1174,1,0.870930016040802
1175,1,0.7620725631713867
1176,1,0.9353000521659851
1177,1,0.7204436659812927
1178,1,0.7751035690307617
1179,1,0.785266101360321
1180,1,0.4295586943626404
1181,1,0.8478063344955444
1182,1,0.8368861079216003
1183,1,0.655362069606781
1184,1,0.9597558975219727
1185,1,0.9505948424339294
1186,1,0.9466317892074585
1187,1,0.9604014158248901
1188,1,0.9437312483787537
1189,1,0.9460481405258179
1190,1,0.9312503337860107
1191,1,0.92677903175354
1192,1,0.343377947807312
1193,1,0.35137277841567993
1194,1,0.4804164171218872
1195,1,0.43573081493377686
1196,1,0.8032518625259399
1197,1,0.8834079504013062
1198,1,0.231766477227211
1199,1,0.299405038356781
1200,1,0.4797557592391968
1201,1,0.8432750701904297
1202,1,0.9000102877616882
1203,1,0.9814223051071167
1204,1,0.9786617755889893
1205,1,0.6441176533699036
1206,1,0.7230373024940491
1207,1,0.6399418711662292
1208,1,0.4148828387260437
1209,1,0.7927277088165283
1210,1,0.7757239937782288
1211,1,0.6539233922958374
1212,1,0.79097580909729
1213,1,0.6392947435379028
1214,1,0.5207709074020386
1215,1,0.6320890784263611
1216,1,0.8686990737915039
1217,1,0.6028139591217041
1218,1,0.5644544959068298
1219,1,0.538490891456604
1220,1,0.7257145047187805
1221,1,0.732316792011261
1222,1,0.6972125172615051
1223,1,0.6679220795631409
1224,1,0.7760950922966003
1225,1,0.819828987121582
1226,1,0.8441058397293091
1227,1,0.798037052154541
1228,1,0.5800459384918213
1229,1,0.7817960381507874
1230,1,0.8156060576438904
1231,1,0.6175723671913147
1232,1,0.552030086517334
1233,1,0.8114769458770752
1234,1,0.7242693305015564
1235,1,0.7744259238243103
1236,1,0.5685004591941833
1237,1,0.8265660405158997
1238,1,0.7164627313613892
1239,1,0.6393947005271912
1240,1,0.8176100254058838
1241,1,0.6371849775314331
1242,1,0.5386187434196472
1243,1,0.841032862663269
1244,1,0.6151125431060791
1245,1,0.09597322344779968
1246,1,0.6992393732070923
1247,1,0.7260300517082214
1248,1,0.3860452473163605
1249,1,0.6240758299827576
1250,1,0.6008426547050476
1251,1,0.7373014092445374
1252,1,0.672886848449707
1253,1,0.8571715354919434
1254,1,0.6469625234603882
1255,1,0.643595278263092
1256,1,0.550717294216156
1257,1,0.6885871291160583
1258,1,0.4457055926322937
1259,1,0.4069204032421112
1260,1,0.8117515444755554
1261,1,0.44007399678230286
1262,1,0.8180738687515259
1263,1,0.3129230737686157
1264,1,0.6569218039512634
1265,1,0.5916026830673218
1266,1,0.48044252395629883
1267,1,0.5614380836486816
1268,1,0.5777245759963989
1269,1,0.6411117911338806
1270,1,0.6912242770195007
1271,1,0.7502121925354004
1272,1,0.5595573782920837
1273,1,0.8958008289337158
1274,1,0.4126584231853485
1275,1,0.8880431056022644
1276,1,0.788396954536438
1277,1,0.6540743112564087
1278,1,0.5102482438087463
1279,1,0.364300012588501
1280,1,0.26256540417671204
1281,1,0.7869053483009338
1282,1,0.7011147737503052
1283,1,0.7122725248336792
1284,1,0.7151902914047241
1285,1,0.6607726812362671
1286,1,0.7877927422523499
1287,1,0.45614248514175415
1288,1,0.55549556016922
1289,1,0.778924286365509
1290,1,0.6184428930282593
1291,1,0.702284574508667
1292,1,0.7713643312454224
1293,1,0.8213160634040833
1294,1,0.7610452771186829
1295,1,0.6640459299087524
1296,1,0.6653045415878296
1297,1,0.6904631853103638
1298,1,0.6676477789878845
1299,1,0.43626466393470764
1300,1,0.8250956535339355
1301,1,0.5776421427726746
1302,1,0.5443524718284607
1303,1,0.7962681651115417
1304,1,0.5773288607597351
1305,1,0.45250341296195984
1306,1,0.2995997965335846
1307,1,0.7547720670700073
1308,1,0.7942758202552795
1309,1,0.4385358393192291
1310,1,0.7799435257911682
1311,1,0.570490837097168
1312,1,0.6111655831336975
1313,1,0.08374195545911789
1314,1,0.36863481998443604
1315,1,0.19685761630535126
1316,1,0.8866754174232483
1317,1,0.7545731067657471
1318,1,0.7206383347511292
1319,1,0.8761192560195923
1320,1,0.6296712756156921
1321,1,0.8868566751480103
1322,1,0.5571816563606262
1323,1,0.8535738587379456
1324,1,0.9124008417129517
1325,1,0.9147722721099854
1326,1,0.8983010053634644
1327,1,0.4970857799053192
1328,1,0.39501962065696716
1329,1,0.7095213532447815
1330,1,0.9683959484100342
1331,1,0.6669309735298157
1332,1,0.42211878299713135
1333,1,0.9561321139335632
1334,1,0.7731069922447205
1335,1,0.8978838920593262
1336,1,0.5137218832969666
1337,1,0.7616052627563477
1338,1,0.810430645942688
1339,1,0.965498685836792
1340,1,0.9115814566612244
1341,1,0.9445399045944214
1342,1,0.8934845328330994
1343,1,0.8007134795188904
1344,1,0.5976875424385071
1345,1,0.6052601337432861
1346,1,0.5798486471176147
1347,1,0.6579821705818176
1348,1,0.3887944519519806
1349,1,0.6151904463768005
1350,1,0.72503662109375
1351,1,0.48641860485076904
1352,1,0.8193910717964172
1353,1,0.8195673823356628
1354,1,0.5801520347595215
1355,1,0.6633835434913635
1356,1,0.9199102520942688
1357,1,0.6586184501647949
1358,1,0.5671723484992981
1359,1,0.8080666661262512
1360,1,0.5389479398727417
1361,1,0.8881168365478516
1362,1,0.9559840559959412
1363,1,0.8619583249092102
1364,1,0.9247852563858032
1365,1,0.9220522046089172
1366,1,0.8766304850578308
1367,1,0.8518913388252258
1368,1,0.9049411416053772
1369,1,0.8555166125297546
1370,1,0.9572688341140747
1371,1,0.41073116660118103
1372,1,0.6582314372062683
1373,1,0.8599464893341064
1374,1,0.6579069495201111
1375,1,0.8479298949241638
1376,1,0.5973228812217712
1377,1,0.7994000315666199
1378,1,0.6511082649230957
1379,1,0.454583078622818
1380,1,0.673737645149231
1381,1,0.6556991934776306
1382,1,0.9637734293937683
1383,1,0.8702684640884399
1384,1,0.9905765056610107
1385,1,0.7245698571205139
1386,1,0.7363319993019104
1387,1,0.9440025687217712
1388,1,0.4440828561782837
1389,1,0.9271782636642456
1390,1,0.9708982110023499
1391,1,0.9714994430541992
1392,1,0.9420592188835144
1393,1,0.900833249092102
1394,1,0.9828252196311951
1395,1,0.9765045046806335
1396,1,0.8559803366661072
1397,1,0.9056901335716248
1398,1,0.8298260569572449
1399,1,0.9717288613319397
1400,1,0.976223349571228
1401,1,0.9433406591415405
1402,1,0.987403154373169
1403,1,0.9577873349189758
1404,1,0.902410626411438
1405,1,0.9424934983253479
1406,1,0.37084105610847473
1407,1,0.9530467391014099
1408,1,0.9607535004615784
1409,1,0.9417181611061096
1410,1,0.9375807642936707
1411,1,0.9586294889450073
1412,1,0.8208763599395752
1413,1,0.9321647882461548
1414,1,0.9088901281356812
1415,1,0.954930305480957
1416,1,0.953404426574707
1417,1,0.918006956577301
1418,1,0.9128766655921936
1419,1,0.926572859287262
1420,1,0.9717448949813843
1421,1,0.9534471035003662
1422,1,0.8919063806533813
1423,1,0.8915680050849915
1424,1,0.2904861867427826
1425,1,0.8191555142402649
1426,1,0.7951040267944336
1427,1,0.8863000273704529
1428,1,0.9648833274841309
1429,1,0.9076003432273865
1430,1,0.9562516808509827
1431,1,0.9559052586555481
1432,1,0.9786577820777893
1433,1,0.9408273100852966
1434,1,0.9667758941650391
1435,1,0.8867591023445129
1436,1,0.8639205694198608
1437,1,0.8762507438659668
1438,1,0.4731908440589905
1439,1,0.7639024257659912
1440,1,0.8451810479164124
1441,1,0.6595169901847839
1442,1,0.7138632535934448
1443,1,0.8899480104446411
1444,1,0.9246242046356201
1445,1,0.9193493723869324
1446,1,0.7218201756477356
1447,1,0.8514770269393921
1448,1,0.624167799949646
1449,1,0.9707666039466858
1450,1,0.9025469422340393
1451,1,0.9041813015937805
1452,1,0.8961445093154907
1453,1,0.7129502892494202
1454,1,0.9219155311584473
1455,1,0.956733226776123
1456,1,0.9815111756324768
1457,1,0.9772455096244812
1458,1,0.7213959693908691
1459,1,0.9630868434906006
1460,1,0.9797332286834717
1461,1,0.37084105610847473
1462,1,0.9258142709732056
1463,1,0.9796410799026489
1464,1,0.9667341113090515
1465,1,0.9834972620010376
1466,1,0.9834134578704834
1467,1,0.9829320907592773
1468,1,0.9801502227783203
1469,1,0.9810354113578796
1470,1,0.7529432773590088
1471,1,0.9790752530097961
1472,1,0.4870128333568573
1473,1,0.5994759798049927
1474,1,0.34236815571784973
1475,1,0.7791686058044434
1476,1,0.8060285449028015
1477,1,0.666923463344574
1478,1,0.593031108379364
1479,1,0.8593467473983765
1480,1,0.3498869836330414
1481,1,0.469779908657074
1482,1,0.3874002993106842
1483,1,0.41102561354637146
1484,1,0.5837602615356445
1485,1,0.9072609543800354
1486,1,0.8964076638221741
1487,1,0.6495757102966309
1488,1,0.6690475940704346
1489,1,0.8825699687004089
1490,1,0.8942632675170898
1491,1,0.8645380139350891
1492,1,0.8190982341766357
1493,1,0.846973180770874
1494,1,0.3423973023891449
1495,1,0.8705792427062988
1496,1,0.8753746747970581
1497,1,0.5417170524597168
1498,1,0.7193694710731506
1499,1,0.9415948390960693
1500,1,0.8441314697265625
1501,1,0.7676824927330017
1502,1,0.9254622459411621
1503,1,0.6949933171272278
1504,1,0.8061767816543579
1505,1,0.7193371653556824
1506,1,0.8167310357093811
1507,1,0.5043632388114929
1508,1,0.5798361897468567
1509,1,0.8265013694763184
1510,1,0.8438485264778137
1511,1,0.7249618768692017
1512,1,0.5885792970657349
1513,1,0.9559130072593689
1514,1,0.910906970500946
1515,1,0.4433753192424774
1516,1,0.783789873123169
1517,1,0.5170602798461914
1518,1,0.8626397848129272
1519,1,0.8889734148979187
1520,1,0.7971953749656677
1521,1,0.8811897039413452
1522,1,0.9288192391395569
1523,1,0.5678139328956604
1524,1,0.9524629712104797
1525,1,0.46709075570106506
1526,1,0.6752690076828003
1527,1,0.8294611573219299
1528,1,0.8959167003631592
1529,1,0.6057813167572021
1530,1,0.8257384300231934
1531,1,0.9330816864967346
1532,1,0.6786337494850159
1533,1,0.751180112361908
1534,1,0.9535182118415833
1535,1,0.9492373466491699
1536,1,0.9300066828727722
1537,1,0.780052900314331
1538,1,0.6885732412338257
1539,1,0.7892661690711975
1540,1,0.7079265117645264
1541,1,0.9413031935691833
1542,1,0.372456431388855
1543,1,0.7514500021934509
1544,1,0.8368915915489197
1545,1,0.9025503396987915
1546,1,0.6394914984703064
1547,1,0.5248429775238037
1548,1,0.7857289910316467
1549,1,0.6493497490882874
1550,1,0.7397246956825256
1551,1,0.7482635974884033
1552,1,0.9189343452453613
1553,1,0.8874937891960144
1554,1,0.7399455308914185
1555,1,0.9676466584205627
1556,1,0.9539953470230103
1557,1,0.9247408509254456
1558,1,0.9455661177635193
1559,1,0.9403811693191528
1560,1,0.967250406742096
1561,1,0.9606088399887085
1562,1,0.8848094940185547
1563,1,0.6055066585540771
1564,1,0.8323909640312195
1565,1,0.8002036213874817
1566,1,0.8009313344955444
1567,1,0.9091430306434631
1568,1,0.9489063024520874
1569,1,0.8166699409484863
1570,1,0.7717678546905518
1571,1,0.8531227111816406
1572,1,0.9719889760017395
1573,1,0.9445057511329651
1574,1,0.9175514578819275
1575,1,0.926128625869751
1576,1,0.9342116713523865
1577,1,0.936467707157135
1578,1,0.9443874955177307
1579,1,0.9333502054214478
1580,1,0.9867412447929382
1581,1,0.9445781707763672
1582,1,0.9811754822731018
1583,1,0.9712499380111694
1584,1,0.9385229349136353
1585,1,0.8519683480262756
1586,1,0.7738877534866333
1587,1,0.9073408842086792
1588,1,0.7684583067893982
1589,1,0.9028423428535461
1590,1,0.9115046262741089
1591,1,0.9649175405502319
1592,1,0.8877288699150085
1593,1,0.9386802315711975
1594,1,0.9355477094650269
1595,1,0.9216777682304382
1596,1,0.9240260720252991
1597,1,0.8893783092498779
1598,1,0.9489209055900574
1599,1,0.9541522860527039
1600,1,0.8898205757141113
1601,1,0.9360594153404236
1602,1,0.950188398361206
1603,1,0.8870236873626709
1604,1,0.889072060585022
1605,1,0.9628011584281921
1606,1,0.8983237147331238
1607,1,0.5898322463035583
1608,1,0.9502424001693726
1609,1,0.8446930646896362
1610,1,0.9430839419364929
1611,1,0.9570831656455994
1612,1,0.8470684885978699
1613,1,0.874492883682251
1614,1,0.9689553380012512
1615,1,0.9459258913993835
1616,1,0.8155553340911865
1617,1,0.8398783802986145
1618,1,0.9166630506515503
1619,1,0.48817047476768494
1620,1,0.8005469441413879
1621,1,0.6941978335380554
1622,1,0.6884795427322388
1623,1,0.7452515959739685
1624,1,0.8264813423156738
1625,1,0.8362668752670288
1626,1,0.8974536657333374
1627,1,0.9329419136047363
1628,1,0.9311180114746094
1629,1,0.9486276507377625
1630,1,0.271933913230896
1631,1,0.8114370107650757
1632,1,0.7090092897415161
1633,1,0.9195575714111328
1634,1,0.4510881304740906
1635,1,0.6847798824310303
1636,1,0.521680474281311
1637,1,0.9556984901428223
1638,1,0.7993080019950867
1639,1,0.7091965675354004
1640,1,0.5564988255500793
1641,1,0.6047579050064087
1642,1,0.6896607875823975
1643,1,0.9588897228240967
1644,1,0.6700839996337891
1645,1,0.783637523651123
1646,1,0.9294939041137695
1647,1,0.8946828246116638
1648,1,0.9246775507926941
1649,1,0.4777599275112152
1650,1,0.18555249273777008
1651,1,0.3450812101364136
1652,1,0.3348360061645508
1653,1,0.33894455432891846
1654,1,0.42099541425704956
1655,1,0.20043164491653442
1656,1,0.1736277937889099
1657,1,0.18203681707382202
1658,1,0.2808133661746979
1659,1,0.20364439487457275
1660,1,0.46300551295280457
1661,1,0.1809016913175583
1662,1,0.2470829337835312
1663,1,0.2419998198747635
1664,1,0.12215830385684967
1665,1,0.28302308917045593
1666,1,0.9625990390777588
1667,1,0.9714416861534119
1668,1,0.947181761264801
1669,1,0.8929616808891296
1670,1,0.8688117861747742
1671,1,0.9299022555351257
1672,1,0.8963751792907715
1673,1,0.3860452473163605
1674,1,0.4246843457221985
1675,1,0.3749399483203888
1676,1,0.8199626803398132
1677,1,0.8877038359642029
1678,1,0.9229901432991028
1679,1,0.9815373420715332
1680,1,0.8733237981796265
1681,1,0.8811622262001038
1682,1,0.3986257314682007
1683,1,0.9800494909286499
1684,1,0.9418432712554932
1685,1,0.9081961512565613
1686,1,0.929961621761322
1687,1,0.8203755021095276
1688,1,0.8881657123565674
1689,1,0.9232562780380249
1690,1,0.4357546269893646
1691,1,0.8163459897041321
1692,1,0.7524235844612122
1693,1,0.9508458375930786
1694,1,0.884132444858551
1695,1,0.5157378911972046
1696,1,0.843467116355896
1697,1,0.9527214765548706
1698,1,0.7967972159385681
1699,1,0.9606910347938538
1700,1,0.9814872741699219
1701,1,0.4121377766132355
1702,1,0.9187261462211609
1703,1,0.9502584338188171
1704,1,0.13812562823295593
1705,1,0.8739752769470215
1706,1,0.8832648396492004
1707,1,0.7675296664237976
1708,1,0.5119743943214417
1709,1,0.8673146963119507
1710,1,0.9500043988227844
1711,1,0.619766891002655
1712,1,0.7863516807556152
1713,1,0.9136652946472168
1714,1,0.9479631185531616
1715,1,0.5259926915168762
1716,1,0.7310281991958618
1717,1,0.56582111120224
1718,1,0.8539364337921143
1719,1,0.7555328011512756
1720,1,0.7568013072013855
1721,1,0.5693005919456482
1722,1,0.9162095785140991
1723,1,0.785760223865509
1724,1,0.8973492383956909
1725,1,0.6034659743309021
1726,1,0.9372113943099976
1727,1,0.5398439168930054
1728,1,0.9621044397354126
1729,1,0.9120897650718689
1730,1,0.8874068260192871
1731,1,0.4495731592178345
1732,1,0.9488112330436707
1733,1,0.9417833089828491
1734,1,0.9285183548927307
1735,1,0.940415620803833
1736,1,0.4248467683792114
1737,1,0.5132464170455933
1738,1,0.9207851886749268
1739,1,0.9087887406349182
1740,1,0.9120317101478577
1741,1,0.9667398929595947
1742,1,0.5151918530464172
1743,1,0.6996684670448303
1744,1,0.7171630859375
1745,1,0.8490999341011047
1746,1,0.950090765953064
1747,1,0.9371041655540466
1748,1,0.5120929479598999
1749,1,0.9543769359588623
1750,1,0.8087800741195679
1751,1,0.9721798300743103
1752,1,0.9484689831733704
1753,1,0.8408493399620056
1754,1,0.984973669052124
1755,1,0.92743980884552
1756,1,0.9383156895637512
1757,1,0.3861986994743347
1758,1,0.5679980516433716
1759,1,0.8503379821777344
1760,1,0.8569827079772949
1761,1,0.9323368072509766
1762,1,0.8981116414070129
1763,1,0.935727059841156
1764,1,0.7926506400108337
1765,1,0.7048661112785339
1766,1,0.9791401624679565
1767,1,0.4763581454753876
1768,1,0.9119406342506409
1769,1,0.9639502167701721
1770,1,0.8804762363433838
1771,1,0.8580070734024048
1772,1,0.718237578868866
1773,1,0.9279572367668152
1774,1,0.5427708625793457
1775,1,0.9809114933013916
1776,1,0.8502339720726013
1777,1,0.8355144262313843
1778,1,0.8875074982643127
1779,1,0.9051451086997986
1780,1,0.6934799551963806
1781,1,0.9646392464637756
1782,1,0.9171604514122009
1783,1,0.566622793674469
1784,1,0.9330331683158875
1785,1,0.9039725065231323
1786,1,0.9350546598434448
1787,1,0.8749452829360962
1788,1,0.8889341950416565
1789,1,0.9774386286735535
1790,1,0.749521791934967
1791,1,0.9520877599716187
1792,1,0.4019525349140167
1793,1,0.9391646981239319
1794,1,0.9798317551612854
1795,1,0.7645166516304016
1796,1,0.956680953502655
1797,1,0.9076072573661804
1798,1,0.988393247127533
1799,1,0.8480327725410461
1800,1,0.8442628979682922
1801,1,0.711340606212616
1802,1,0.5167573690414429
1803,1,0.8581358194351196
1804,1,0.42479127645492554
1805,1,0.7763304114341736
1806,1,0.5450198650360107
1807,1,0.932595431804657
1808,1,0.8533724546432495
1809,1,0.9816693663597107
1810,1,0.6605249047279358
1811,1,0.4475250244140625
1812,1,0.8272401690483093
1813,1,0.7863401770591736
1814,1,0.9828439950942993
1815,1,0.9557722806930542
1816,1,0.796389102935791
1817,1,0.840311586856842
1818,1,0.9185447692871094
1819,1,0.913582444190979
1820,1,0.5639596581459045
1821,1,0.5434892773628235
1822,1,0.5760761499404907
1823,1,0.8732866048812866
1824,1,0.7907913327217102
1825,1,0.7924164533615112
1826,1,0.8477720022201538
1827,1,0.8749269247055054
1828,1,0.9763384461402893
1829,1,0.8233243227005005
1830,1,0.7327172160148621
1831,1,0.7396871447563171
1832,1,0.7485637068748474
1833,1,0.8872551321983337
1834,1,0.9539750814437866
1835,1,0.6827932596206665
1836,1,0.9698355197906494
1837,1,0.9424194097518921
1838,1,0.8037236332893372
1839,1,0.6952243447303772
1840,1,0.5126478672027588
1841,1,0.5740547776222229
1842,1,0.736982524394989
1843,1,0.6225597262382507
1844,1,0.8481254577636719
1845,1,0.5797675251960754
1846,1,0.5587236285209656
1847,1,0.9247645735740662
1848,1,0.8515353202819824
1849,1,0.645753026008606
1850,1,0.7835956811904907
1851,1,0.6314297318458557
1852,1,0.7277063131332397
1853,1,0.9059826731681824
1854,1,0.8794912099838257
1855,1,0.9154249429702759
1856,1,0.9333281517028809
1857,1,0.9835995435714722
1858,1,0.6771116852760315
1859,1,0.8927088975906372
1860,1,0.7218456864356995
1861,1,0.6347922086715698
1862,1,0.9233685731887817
1863,1,0.9681938886642456
1864,1,0.7069984078407288
1865,1,0.3256065845489502
1866,1,0.6687016487121582
1867,1,0.6827207803726196
1868,1,0.5951548218727112
1869,1,0.8402997851371765
1870,1,0.9099199771881104
1871,1,0.6525712013244629
1872,1,0.9343641996383667
1873,1,0.5832393765449524
1874,1,0.9432982802391052
1875,1,0.5411442518234253
1876,1,0.8368499279022217
1877,1,0.6523403525352478
1878,1,0.9343811869621277
1879,1,0.6946395635604858
1880,1,0.7164246439933777
1881,1,0.594200074672699
1882,1,0.5528088808059692
1883,1,0.45804867148399353
1884,1,0.7444213628768921
1885,1,0.462590754032135
1886,1,0.6587962508201599
1887,1,0.8028007745742798
1888,1,0.5085537433624268
1889,1,0.6855124831199646
1890,1,0.731092631816864
1891,1,0.5126507878303528
1892,1,0.520156741142273
1893,1,0.5963334441184998
1894,1,0.8522434234619141
1895,1,0.8034570813179016
1896,1,0.7246414422988892
1897,1,0.8480303883552551
1898,1,0.08734084665775299
1899,1,0.9039949774742126
1900,1,0.34976133704185486
1901,1,0.9241891503334045
1902,1,0.9167202115058899
1903,1,0.5123946666717529
1904,1,0.3865566849708557
1905,1,0.7228074073791504
1906,1,0.6652235984802246
1907,1,0.9351053237915039
1908,1,0.6091716885566711
1909,1,0.6647300124168396
1910,1,0.8419127464294434
1911,1,0.6948875188827515
1912,1,0.543190062046051
1913,1,0.4661046862602234
1914,1,0.21428972482681274
1915,1,0.7562804818153381
1916,1,0.36828580498695374
1917,1,0.738902747631073
1918,1,0.9237101078033447
1919,1,0.4523705840110779
1920,1,0.9026505947113037
1921,1,0.8525813817977905
1922,1,0.8081162571907043
1923,1,0.7041929364204407
1924,1,0.633428156375885
1925,1,0.938647449016571
1926,1,0.9566008448600769
1927,1,0.7980969548225403
1928,1,0.8464231491088867
1929,1,0.6768092513084412
1930,1,0.948442816734314
1931,1,0.9657781720161438
1932,1,0.9555215835571289
1933,1,0.9504629373550415
1934,1,0.9503135681152344
1935,1,0.9231268763542175
1936,1,0.7071487307548523
1937,1,0.654350996017456
1938,1,0.8212397694587708
1939,1,0.8992906808853149
1940,1,0.9731712937355042
1941,1,0.8770743012428284
1942,1,0.8140432238578796
1943,1,0.979113757610321
1944,1,0.6951783299446106
1945,1,0.7700046300888062
1946,1,0.9499771595001221
1947,1,0.958509624004364
1948,1,0.9302681088447571
1949,1,0.9624006152153015
1950,1,0.5532081127166748
1951,1,0.9506906270980835
1952,1,0.9753275513648987
1953,1,0.571375846862793
1954,1,0.8403113484382629
1955,1,0.6669409275054932
1956,1,0.9258236885070801
1957,1,0.8781441450119019
1958,1,0.7109777927398682
1959,1,0.9305930733680725
1960,1,0.947664201259613
1961,1,0.9581275582313538
1962,1,0.965137779712677
1963,1,0.7261659502983093
1964,1,0.9191826581954956
1965,1,0.7611585259437561
1966,1,0.9231522679328918
1967,1,0.8277285695075989
1968,1,0.9341003894805908
1969,1,0.9189637303352356
1970,1,0.9165922403335571
1971,1,0.6586607098579407
1972,1,0.9109175801277161
1973,1,0.6831533908843994
1974,1,0.9586966037750244
1975,1,0.842960774898529
1976,1,0.9353726506233215
1977,1,0.5766450762748718
1978,1,0.9433064460754395
1979,1,0.6648803353309631
1980,1,0.5914657115936279
1981,1,0.6954401731491089
1982,1,0.6126602292060852
1983,1,0.5983367562294006
1984,1,0.6165948510169983
1985,1,0.22924038767814636
1986,1,0.6314762830734253
1987,1,0.7591119408607483
1988,1,0.648212730884552
1989,1,0.8616366386413574
1990,1,0.6488823294639587
1991,0,0.39864110946655273
1992,0,0.8552935719490051
1993,0,0.5504978895187378
1994,0,0.9364968538284302
1995,0,0.03015853278338909
1996,0,0.02368876524269581
1997,0,0.6767321825027466
1998,0,0.5049747228622437
1999,0,0.08489535748958588
2000,0,0.4775976836681366
2001,0,0.5306223034858704
2002,0,0.22784832119941711
2003,0,0.22511103749275208
2004,0,0.6756165027618408
2005,0,0.2887290120124817
2006,0,0.15247143805027008
2007,0,0.32164403796195984
2008,0,0.6790482401847839
2009,0,0.45159751176834106
2010,0,0.7062119841575623
2011,0,0.015027115121483803
2012,0,0.6222367286682129
2013,0,0.5189085006713867
2014,0,0.5210989117622375
2015,0,0.6842730045318604
2016,0,0.2104571908712387
2017,0,0.6591119766235352
2018,0,0.0341198593378067
2019,0,0.5882194638252258
2020,0,0.5642797350883484
2021,0,0.02813439443707466
2022,0,0.2821018695831299
2023,0,0.030885199084877968
2024,0,0.026658078655600548
2025,0,0.26648056507110596
2026,0,0.3123796582221985
2027,0,0.5074027180671692
2028,0,0.3370994031429291
2029,0,0.9746798276901245
2030,0,0.5140782594680786
2031,0,0.009989708662033081
2032,0,0.32118654251098633
2033,0,0.3695216774940491
2034,0,0.49093011021614075
2035,0,0.3174325227737427
2036,0,0.1732124388217926
2037,0,0.16124692559242249
2038,0,0.6497195959091187
2039,0,0.2285224348306656
2040,0,0.6862631440162659
2041,0,0.799904465675354
2042,0,0.6187804341316223
2043,0,0.17333318293094635
2044,0,0.5930517315864563
2045,0,0.12441258132457733
2046,0,0.012966345064342022
2047,0,0.34598132967948914
2048,0,0.2347785085439682
2049,0,0.36652830243110657
2050,0,0.4691372811794281
2051,0,0.46787095069885254
2052,0,0.6282839179039001
2053,0,0.40612611174583435
2054,0,0.6463721394538879
2055,0,0.2353282868862152
2056,0,0.5298879742622375
2057,0,0.16921238601207733
2058,0,0.5976125001907349
2059,0,0.16823501884937286
2060,0,0.3868509829044342
2061,0,0.16603140532970428
2062,0,0.6348734498023987
2063,0,0.14222998917102814
2064,0,0.47512373328208923
2065,0,0.676970362663269
2066,0,0.343974232673645
2067,0,0.022789916023612022
2068,0,0.47717517614364624
2069,0,0.16207315027713776
2070,0,0.2604237496852875
2071,0,0.6550520062446594
2072,0,0.7857198119163513
2073,0,0.014713709242641926
2074,0,0.038524284958839417
2075,0,0.25248467922210693
2076,0,0.7013139128684998
2077,0,0.6033847332000732
2078,0,0.5751251578330994
2079,0,0.15999248623847961
2080,0,0.4998801648616791
2081,0,0.6427736282348633
2082,0,0.3274904787540436
2083,0,0.7111068367958069
2084,0,0.2807650566101074
2085,0,0.5636741518974304
2086,0,0.3855202794075012
2087,0,0.6652811169624329
2088,0,0.8018287420272827
2089,0,0.6095752716064453
2090,0,0.2123080939054489
2091,0,0.12551581859588623
2092,0,0.3789324462413788
2093,0,0.6346957683563232
2094,0,0.6214137077331543
2095,0,0.03375376760959625
2096,0,0.24908970296382904
2097,0,0.21342450380325317
2098,0,0.013598758727312088
2099,0,0.4496113657951355
2100,0,0.38846850395202637
2101,0,0.7388166189193726
2102,0,0.20934097468852997
2103,0,0.9208822846412659
2104,0,0.7466187477111816
2105,0,0.13870133459568024
2106,0,0.2149491310119629
2107,0,0.9163115620613098
2108,0,0.45363542437553406
2109,0,0.2811937630176544
2110,0,0.43071043491363525
2111,0,0.01585274748504162
2112,0,0.5684472322463989
2113,0,0.34669920802116394
2114,0,0.4651331901550293
2115,0,0.3733399212360382
2116,0,0.2667054235935211
2117,0,0.05686330050230026
2118,0,0.12514038383960724
2119,0,0.32366102933883667
2120,0,0.31243497133255005
2121,0,0.05988111346960068
2122,0,0.6314975619316101
2123,0,0.19015485048294067
2124,0,0.8718130588531494
2125,0,0.5932105779647827
2126,0,0.23158931732177734
2127,0,0.4962325096130371
2128,0,0.4260779023170471
2129,0,0.36857229471206665
2130,0,0.0894479751586914
2131,0,0.427166610956192
2132,0,0.03550303727388382
2133,0,0.5515689849853516
2134,0,0.1660108119249344
2135,0,0.7136746644973755
2136,0,0.27918896079063416
2137,0,0.10563591122627258
2138,0,0.2663099467754364
2139,0,0.045159775763750076
2140,0,0.12617596983909607
2141,0,0.9430665373802185
2142,0,0.031299348920583725
2143,0,0.34216293692588806
2144,0,0.8362039923667908
2145,0,0.5691177845001221
2146,0,0.4321993887424469
2147,0,0.014763577841222286
2148,0,0.4551974833011627
2149,0,0.3878544569015503
2150,0,0.32138556241989136
2151,0,0.547722578048706
2152,0,0.5193355083465576
2153,0,0.5278271436691284
2154,0,0.00598130514845252
2155,0,0.19780713319778442
2156,0,0.7664657235145569
2157,0,0.13696491718292236
2158,0,0.33064165711402893
2159,0,0.4115961492061615
2160,0,0.4742697775363922
2161,0,0.031393904238939285
2162,0,0.48357588052749634
2163,0,0.0683813989162445
2164,0,0.6939671039581299
2165,0,0.386602520942688
2166,0,0.23286981880664825
2167,0,0.44373181462287903
2168,0,0.6293495893478394
2169,0,0.05526008456945419
2170,0,0.5810772776603699
2171,0,0.728299617767334
2172,0,0.074933260679245
2173,0,0.03177008405327797
2174,0,0.23696202039718628
2175,0,0.6035150289535522
2176,0,0.06084974855184555
2177,0,0.37098896503448486
2178,0,0.16571520268917084
2179,0,0.09520673006772995
2180,0,0.30490896105766296
2181,0,0.09757120907306671
2182,0,0.7234190106391907
2183,0,0.2465033084154129
2184,0,0.3236503601074219
2185,0,0.6817424893379211
2186,0,0.7111937999725342
2187,0,0.5049231648445129
2188,0,0.3461783528327942
2189,0,0.6426205635070801
2190,0,0.2565475404262543
2191,0,0.031022539362311363
2192,0,0.3464381694793701
2193,0,0.23396429419517517
2194,0,0.3936954736709595
2195,0,0.11409594863653183
2196,0,0.08669578284025192
2197,0,0.5844097137451172
2198,0,0.5568262338638306
2199,0,0.8012179732322693
2200,0,0.6795331239700317
2201,0,0.28861138224601746
2202,0,0.2078719139099121
2203,0,0.3901505470275879
2204,0,0.5771242380142212
2205,0,0.5373793244361877
2206,0,0.2743918299674988
2207,0,0.18452849984169006
2208,0,0.021020006388425827
2209,0,0.5473902821540833
2210,0,0.2260710746049881
2211,0,0.5092991590499878
2212,0,0.7444268465042114
2213,0,0.047119490802288055
2214,0,0.16746081411838531
2215,0,0.17299659550189972
2216,0,0.11090182512998581
2217,0,0.09631025046110153
2218,0,0.448834091424942
2219,0,0.5962114334106445
2220,0,0.2065240740776062
2221,0,0.28857746720314026
2222,0,0.7109864950180054
2223,0,0.4552827775478363
2224,0,0.5352333188056946
2225,0,0.6520653367042542
2226,0,0.7376719117164612
2227,0,0.5088924765586853
2228,0,0.4673290550708771
2229,0,0.271933913230896
2230,0,0.6926425099372864
2231,0,0.04738612100481987
2232,0,0.08436916768550873
2233,0,0.3638007640838623
2234,0,0.7490879893302917
2235,0,0.2909040153026581
2236,0,0.3489900529384613
2237,0,0.022389858961105347
2238,0,0.26104336977005005
2239,0,0.7142184972763062
2240,0,0.07092223316431046
2241,0,0.017066406086087227
2242,0,0.10581658035516739
2243,0,0.04100723937153816
2244,0,0.294961541891098
2245,0,0.41289758682250977
2246,0,0.15037192404270172
2247,0,0.026014378294348717
2248,0,0.1845514327287674
2249,0,0.5555353164672852
2250,0,0.31753167510032654
2251,0,0.5120153427124023
2252,0,0.5340262651443481
2253,0,0.15231002867221832
2254,0,0.17885951697826385
2255,0,0.27840912342071533
2256,0,0.38112872838974
2257,0,0.6953024864196777
2258,0,0.6337870955467224
2259,0,0.7087712287902832
2260,0,0.8268462419509888
2261,0,0.7043245434761047
2262,0,0.05740269273519516
2263,0,0.21513138711452484
2264,0,0.06667912006378174
2265,0,0.03915537893772125
2266,0,0.6367501020431519
2267,0,0.6462461948394775
2268,0,0.0961201936006546
2269,0,0.24207115173339844
2270,0,0.29041609168052673
2271,0,0.136320099234581
2272,0,0.6935771703720093
2273,0,0.5981084704399109
2274,0,0.011076677590608597
2275,0,0.06447330862283707
2276,0,0.37820297479629517
2277,0,0.37300580739974976
2278,0,0.5243130922317505
2279,0,0.5299897193908691
2280,0,0.18486057221889496
2281,0,0.4472864270210266
2282,0,0.11320541054010391
2283,0,0.10659132152795792
2284,0,0.5776739716529846
2285,0,0.9082905054092407
2286,0,0.36911195516586304
2287,0,0.7473676800727844
2288,0,0.12424204498529434
2289,0,0.6180658936500549
2290,0,0.47571077942848206
2291,0,0.4425327777862549
2292,0,0.350511759519577
2293,0,0.32706743478775024
2294,0,0.5989362597465515
2295,0,0.5277737975120544
2296,0,0.4807406961917877
2297,0,0.5608944296836853
2298,0,0.0031698006205260754
2299,0,0.7231552004814148
2300,0,0.08006284385919571
2301,0,0.3907260298728943
2302,0,0.08565018326044083
2303,0,0.04472865164279938
2304,0,0.03039158321917057
2305,0,0.8493781685829163
2306,0,0.38328835368156433
2307,0,0.19889670610427856
2308,0,0.45389804244041443
2309,0,0.4463373124599457
2310,0,0.5564013719558716
2311,0,0.19465598464012146
2312,0,0.5506980419158936
2313,0,0.34976133704185486
2314,0,0.3941458761692047
2315,0,0.00971441064029932
2316,0,0.5092719197273254
2317,0,0.4749409258365631
2318,0,0.04764828085899353
2319,0,0.36568978428840637
2320,0,0.6437831521034241
2321,0,0.03292657062411308
2322,0,0.04879411309957504
2323,0,0.37334299087524414
2324,0,0.05382745712995529
2325,0,0.07765684276819229
2326,0,0.29585129022598267
2327,0,0.6326045989990234
2328,0,0.1662316620349884
2329,0,0.214686781167984
2330,0,0.5529909729957581
2331,0,0.33860716223716736
2332,0,0.47018668055534363
2333,0,0.028177062049508095
2334,0,0.08240233361721039
2335,0,0.6223375797271729
2336,0,0.07647532969713211
2337,0,0.42415711283683777
2338,0,0.0670338124036789
2339,0,0.25207480788230896
2340,0,0.5282981991767883
2341,0,0.39357396960258484
2342,0,0.17674067616462708
2343,0,0.12629976868629456
2344,0,0.006416893098503351
2345,0,0.17931360006332397
2346,0,0.04933186247944832
2347,0,0.03980237618088722
2348,0,0.16785281896591187
2349,0,0.5514255166053772
2350,0,0.490700364112854
2351,0,0.05711834877729416
2352,0,0.4959118068218231
2353,0,0.13212987780570984
2354,0,0.7211538553237915
2355,0,0.014027303084731102
2356,0,0.25974321365356445
2357,0,0.5201960206031799
2358,0,0.43488383293151855
2359,0,0.2172366976737976
2360,0,0.5992482900619507
2361,0,0.8176479339599609
2362,0,0.27488112449645996
2363,0,0.6878255009651184
2364,0,0.018557734787464142
2365,0,0.22911755740642548
2366,0,0.6303660869598389
2367,0,0.37988483905792236
2368,0,0.05057356506586075
2369,0,0.8809269070625305
2370,0,0.5464024543762207
2371,0,0.5930070877075195
2372,0,0.6147528886795044
2373,0,0.31957727670669556
2374,0,0.10369066894054413
2375,0,0.11236710846424103
2376,0,0.7283123135566711
2377,0,0.16404816508293152
2378,0,0.3093149662017822
2379,0,0.3496776819229126
2380,0,0.7163524031639099
2381,0,0.5995113253593445
2382,0,0.5733864903450012
2383,0,0.03677942976355553
2384,0,0.21402083337306976
2385,0,0.06798463314771652
2386,0,0.06838000565767288
2387,0,0.8087013959884644
2388,0,0.030249865725636482
2389,0,0.1631861925125122
2390,0,0.9490069150924683
2391,0,0.10740818828344345
2392,0,0.4010595381259918
2393,0,0.7170352935791016
2394,0,0.19147926568984985
2395,0,0.25248467922210693
2396,0,0.4542113244533539
2397,0,0.32095637917518616
2398,0,0.6986140012741089
2399,0,0.6942845582962036
2400,0,0.17610672116279602
2401,0,0.45665380358695984
2402,0,0.5322737693786621
2403,0,0.10986746847629547
2404,0,0.10970762372016907
2405,0,0.1424078643321991
2406,0,0.22203150391578674
2407,0,0.5210837721824646
2408,0,0.45438653230667114
2409,0,0.5859696269035339
2410,0,0.7298939228057861
2411,0,0.37084105610847473
2412,0,0.7281221747398376
2413,0,0.6516337990760803
2414,0,0.40433576703071594
2415,0,0.27204930782318115
2416,0,0.492899090051651
2417,0,0.2569325864315033
2418,0,0.4482554793357849
2419,0,0.2050057202577591
2420,0,0.2251443862915039
2421,0,0.06817671656608582
2422,0,0.4051978290081024
2423,0,0.5199960470199585
2424,0,0.537944495677948
2425,0,0.06108705326914787
2426,0,0.12463441491127014
2427,0,0.27550196647644043
2428,0,0.3645900785923004
2429,0,0.39621588587760925
2430,0,0.12851384282112122
2431,0,0.5755057334899902
2432,0,0.4966178238391876
2433,0,0.33647266030311584
2434,0,0.49093011021614075
2435,0,0.5857084393501282
2436,0,0.34415388107299805
2437,0,0.40241068601608276
2438,0,0.03134863078594208
2439,0,0.15351761877536774
2440,0,0.14876440167427063
2441,0,0.061795517802238464
2442,0,0.15113788843154907
2443,0,0.17841777205467224
2444,0,0.05002112314105034
2445,0,0.589689314365387
2446,0,0.1977400928735733
2447,0,0.6987401843070984
2448,0,0.37806937098503113
2449,0,0.9154932498931885
2450,0,0.5245479941368103
2451,0,0.7582271099090576
2452,0,0.09648586064577103
2453,0,0.31006908416748047
2454,0,0.6602881550788879
2455,0,0.008045545779168606
2456,0,0.6483592391014099
2457,0,0.525989830493927
2458,0,0.10456457734107971
2459,0,0.43557441234588623
2460,0,0.11548954248428345
2461,0,0.4125656485557556
2462,0,0.26229870319366455
2463,0,0.842561662197113
2464,0,0.40261054039001465
2465,0,0.6367403268814087
2466,0,0.8432750701904297
2467,0,0.52410888671875
2468,0,0.5771256685256958
2469,0,0.8809706568717957
2470,0,0.15838204324245453
2471,0,0.13933400809764862
2472,0,0.07249519973993301
2473,0,0.6352247595787048
2474,0,0.36301252245903015
2475,0,0.06394169479608536
2476,0,0.5406997203826904
2477,0,0.5155289769172668
2478,0,0.7046725749969482
2479,0,0.4235057234764099
2480,0,0.46264126896858215
2481,0,0.5114891529083252
2482,0,0.44268643856048584
2483,0,0.920150876045227
2484,0,0.5302162766456604
2485,0,0.09781371057033539
2486,0,0.3175850510597229
2487,0,0.33326929807662964
2488,0,0.6234065294265747
2489,0,0.34976133704185486
2490,0,0.6884680986404419
2491,0,0.2900683581829071
2492,0,0.7585864067077637
2493,0,0.031833671033382416
2494,0,0.5539224147796631
2495,0,0.7271412014961243
2496,0,0.5373761057853699
2497,0,0.46939778327941895
2498,0,0.5521160364151001
2499,0,0.8886696696281433
2500,0,0.25729861855506897
2501,0,0.29005032777786255
2502,0,0.12845006585121155
2503,0,0.11526410281658173
2504,0,0.056710463017225266
2505,0,0.808929979801178
2506,0,0.019759176298975945
2507,0,0.4381634593009949
2508,0,0.28692173957824707
2509,0,0.35272958874702454
2510,0,0.006391475908458233
2511,0,0.07215773314237595
2512,0,0.5079357624053955
2513,0,0.6947413086891174
2514,0,0.20021964609622955
2515,0,0.4425204396247864
2516,0,0.007189095951616764
2517,0,0.033074088394641876
2518,0,0.7983198165893555
2519,0,0.03554340824484825
2520,0,0.37007734179496765
2521,0,0.11149386316537857
2522,0,0.2667798399925232
2523,0,0.7143104076385498
2524,0,0.011892183683812618
2525,0,0.43946313858032227
2526,0,0.23854310810565948
2527,0,0.05732010677456856
2528,0,0.6177447438240051
2529,0,0.9171702861785889
2530,0,0.5394052267074585
2531,0,0.6144916415214539
2532,0,0.531810462474823
2533,0,0.24747206270694733
2534,0,0.2038821280002594
2535,0,0.2528243362903595
2536,0,0.8131622672080994
2537,0,0.2497299313545227
2538,0,0.33760228753089905
2539,0,0.2171405404806137
2540,0,0.5904109477996826
2541,0,0.18092752993106842
2542,0,0.030778728425502777
2543,0,0.3294523358345032
2544,0,0.5774621963500977
2545,0,0.34976133704185486
2546,0,0.2588922083377838
2547,0,0.11728984117507935
2548,0,0.1977195292711258
2549,0,0.00973103940486908
2550,0,0.22359900176525116
2551,0,0.6337763667106628
2552,0,0.09416541457176208
2553,0,0.38586416840553284
2554,0,0.23635639250278473
2555,0,0.44956621527671814
2556,0,0.21063697338104248
2557,0,0.6258963346481323
2558,0,0.01712607778608799
2559,0,0.5580570101737976
2560,0,0.017497248947620392
2561,0,0.027672873809933662
2562,0,0.23289190232753754
2563,0,0.028814587742090225
2564,0,0.10491973161697388
2565,0,0.03135991841554642
2566,0,0.4410259425640106
2567,0,0.17042383551597595
2568,0,0.012904409319162369
2569,0,0.2788172960281372
2570,0,0.10074610263109207
2571,0,0.12794393301010132
2572,0,0.36707553267478943
2573,0,0.10919108986854553
2574,0,0.5613030791282654
2575,0,0.24910975992679596
2576,0,0.4551633596420288
2577,0,0.2390027642250061
2578,0,0.651219367980957
2579,0,0.374092698097229
2580,0,0.6313765645027161
2581,0,0.546249270439148
2582,0,0.3246060907840729
2583,0,0.08637126535177231
2584,0,0.0382143072783947
2585,0,0.006227350793778896
2586,0,0.2686178982257843
2587,0,0.29206883907318115
2588,0,0.4019092321395874
2589,0,0.2965759038925171
2590,0,0.012380058877170086
2591,0,0.015063470229506493
2592,0,0.8346366286277771
2593,0,0.5039865970611572
2594,0,0.3458383083343506
2595,0,0.28411629796028137
2596,0,0.389492392539978
2597,0,0.8189963698387146
2598,0,0.4583108425140381
2599,0,0.24406136572360992
2600,0,0.4639664590358734
2601,0,0.08857758343219757
2602,0,0.15090854465961456
2603,0,0.30081677436828613
2604,0,0.3860452473163605
2605,0,0.644054651260376
2606,0,0.25101524591445923
2607,0,0.4699687361717224
2608,0,0.29834598302841187
2609,0,0.14794190227985382
2610,0,0.5116902589797974
2611,0,0.5652685761451721
2612,0,0.42943161725997925
2613,0,0.43746882677078247
2614,0,0.12572821974754333
2615,0,0.4604829251766205
2616,0,0.9517477750778198
2617,0,0.7050973176956177
2618,0,0.4541444778442383
2619,0,0.5246405601501465
2620,0,0.17348076403141022
2621,0,0.39539995789527893
2622,0,0.1181323453783989
2623,0,0.21097183227539062
2624,0,0.09192413836717606
2625,0,0.4067062437534332
2626,0,0.7088318467140198
2627,0,0.5690985918045044
2628,0,0.08629599958658218
2629,0,0.28062164783477783
2630,0,0.4834997355937958
2631,0,0.5559445023536682
2632,0,0.11764194816350937
2633,0,0.07503276318311691
2634,0,0.37084105610847473
2635,0,0.607959508895874
2636,0,0.09671579301357269
2637,0,0.15966467559337616
2638,0,0.4378020763397217
2639,0,0.6745872497558594
2640,0,0.6219143867492676
2641,0,0.25646454095840454
2642,0,0.27317336201667786
2643,0,0.654707670211792
2644,0,0.932162344455719
2645,0,0.3905273973941803
2646,0,0.2687588632106781
2647,0,0.4978514611721039
2648,0,0.7778396606445312
2649,0,0.5080391764640808
2650,0,0.435689777135849
2651,0,0.18233788013458252
2652,0,0.3700036108493805
2653,0,0.5147714018821716
2654,0,0.5062190294265747
2655,0,0.10684143006801605
2656,0,0.35147812962532043
2657,0,0.13273261487483978
2658,0,0.9147931933403015
2659,0,0.2734907269477844
2660,0,0.19385698437690735
2661,0,0.31566059589385986
2662,0,0.3366093635559082
2663,0,0.10190487653017044
2664,0,0.36644652485847473
2665,0,0.8271718621253967
2666,0,0.828555703163147
2667,0,0.14822740852832794
2668,0,0.5039941668510437
2669,0,0.7339575290679932
2670,0,0.7244137525558472
2671,0,0.07158616930246353
2672,0,0.6765314936637878
2673,0,0.3464100658893585
2674,0,0.21040186285972595
2675,0,0.8175968527793884
2676,0,0.34598132967948914
2677,0,0.589669406414032
2678,0,0.7192816734313965
2679,0,0.20964094996452332
2680,0,0.14007769525051117
2681,0,0.3936237096786499
2682,0,0.018221057951450348
2683,0,0.5142317414283752
2684,0,0.5728574395179749
2685,0,0.12046672403812408
2686,0,0.10253462940454483
2687,0,0.13962365686893463
2688,0,0.05376427620649338
2689,0,0.18000727891921997
2690,0,0.3858738839626312
2691,0,0.2131909877061844
2692,0,0.029815727844834328
2693,0,0.320049524307251
2694,0,0.47873198986053467
2695,0,0.35927268862724304
2696,0,0.38581568002700806
2697,0,0.7180748581886292
2698,0,0.5018138885498047
2699,0,0.719931960105896
2700,0,0.048452895134687424
2701,0,0.5178800225257874
2702,0,0.023954223841428757
2703,0,0.40256503224372864
2704,0,0.2092406451702118
2705,0,0.17695049941539764
2706,0,0.5919833779335022
2707,0,0.13637655973434448
2708,0,0.35823434591293335
2709,0,0.7468993663787842
2710,0,0.4188104271888733
2711,0,0.2677529454231262
2712,0,0.3660130798816681
2713,0,0.379620224237442
2714,0,0.028339950367808342
2715,0,0.5532852411270142
2716,0,0.5524868369102478
2717,0,0.44477614760398865
2718,0,0.8017328977584839
2719,0,0.3860452473163605
2720,0,0.46063947677612305
2721,0,0.28307467699050903
2722,0,0.17506612837314606
2723,0,0.4528387486934662
2724,0,0.5347276926040649
2725,0,0.4574905037879944
2726,0,0.8892875909805298
2727,0,0.1133289635181427
2728,0,0.1447385549545288
2729,0,0.03886890411376953
2730,0,0.3813830614089966
2731,0,0.7551309466362
2732,0,0.5109966397285461
2733,0,0.5847043991088867
2734,0,0.6308301687240601
2735,0,0.5521528720855713
2736,0,0.28989508748054504
2737,0,0.2019682675600052
2738,0,0.06667167693376541
2739,0,0.2744752764701843
2740,0,0.2819780111312866
2741,0,0.28052470088005066
2742,0,0.11542681604623795
2743,0,0.43720752000808716
2744,0,0.5165395736694336
2745,0,0.08458131551742554
2746,0,0.657743513584137
2747,0,0.6498697400093079
2748,0,0.30514076352119446
2749,0,0.19317671656608582
2750,0,0.23550687730312347
2751,0,0.015047857537865639
2752,0,0.6131888628005981
2753,0,0.5897850394248962
2754,0,0.04819779843091965
2755,0,0.02303023636341095
2756,0,0.6774997115135193
2757,0,0.5330991744995117
2758,0,0.6260887980461121
2759,0,0.28883805871009827
2760,0,0.557253360748291
2761,0,0.7303151488304138
2762,0,0.8430235385894775
2763,0,0.5845057964324951
2764,0,0.541179895401001
2765,0,0.07748349756002426
2766,0,0.49093011021614075
2767,0,0.348635733127594
2768,0,0.42169734835624695
2769,0,0.17037533223628998
2770,0,0.479967325925827
2771,0,0.6219622492790222
2772,0,0.6414052248001099
2773,0,0.9377012848854065
2774,0,0.25821173191070557
2775,0,0.4057750999927521
2776,0,0.19706052541732788
2777,0,0.3905788064002991
2778,0,0.037654630839824677
2779,0,0.9665868282318115
2780,0,0.12083049863576889
2781,0,0.28623226284980774
2782,0,0.280708909034729
2783,0,0.13245517015457153
2784,0,0.7397603988647461
2785,0,0.015465025790035725
2786,0,0.2162623107433319
2787,0,0.6600956916809082
2788,0,0.019801178947091103
2789,0,0.2772592306137085
2790,0,0.07646752893924713
2791,0,0.5583989024162292
2792,0,0.7417876720428467
2793,0,0.3945591151714325
2794,0,0.7940852642059326
2795,0,0.07445266842842102
2796,0,0.6255443096160889
2797,0,0.16301549971103668
2798,0,0.06414909660816193
2799,0,0.36718085408210754
2800,0,0.5426160097122192
2801,0,0.20378604531288147
2802,0,0.09875444322824478
2803,0,0.15618659555912018
2804,0,0.281434029340744
2805,0,0.2776039242744446
2806,0,0.09421905875205994
2807,0,0.6598734259605408
2808,0,0.2844898998737335
2809,0,0.17245525121688843
2810,0,0.41210389137268066
2811,0,0.24166996777057648
2812,0,0.06890878081321716
2813,0,0.9186555743217468
2814,0,0.18878112733364105
2815,0,0.6123402118682861
2816,0,0.21927671134471893
2817,0,0.5106925368309021
2818,0,0.6633265614509583
2819,0,0.6501485109329224
2820,0,0.9438712000846863
2821,0,0.03818197920918465
2822,0,0.2594566345214844
2823,0,0.663249135017395
2824,0,0.3860452473163605
2825,0,0.6008513569831848
2826,0,0.09827424585819244
2827,0,0.4065338373184204
2828,0,0.0899839922785759
2829,0,0.10483994334936142
2830,0,0.9152308702468872
2831,0,0.5396330952644348
2832,0,0.29270002245903015
2833,0,0.15931402146816254
2834,0,0.6704376339912415
2835,0,0.4378310441970825
2836,0,0.24159732460975647
2837,0,0.02615564875304699
2838,0,0.6427320241928101
2839,0,0.8929914236068726
2840,0,0.712897777557373
2841,0,0.5724504590034485
2842,0,0.34598132967948914
2843,0,0.41363364458084106
2844,0,0.6283528804779053
2845,0,0.1508229821920395
2846,0,0.38878223299980164
2847,0,0.41018420457839966
2848,0,0.6428933143615723
2849,0,0.21233616769313812
2850,0,0.13098399341106415
2851,0,0.14888373017311096
2852,0,0.4664633274078369
2853,0,0.16539226472377777
2854,0,0.5478770732879639
2855,0,0.20434075593948364
2856,0,0.6842604875564575
2857,0,0.4478919208049774
2858,0,0.3106415867805481
2859,0,0.8019427061080933
2860,0,0.7304926514625549
2861,0,0.44070637226104736
2862,0,0.3614687919616699
2863,0,0.7302832007408142
2864,0,0.03984609991312027
2865,0,0.1278126984834671
2866,0,0.7515023946762085
2867,0,0.27254313230514526
2868,0,0.35942599177360535
2869,0,0.03964031860232353
2870,0,0.05946167930960655
2871,0,0.6492059826850891
2872,0,0.306790828704834
2873,0,0.014636953361332417
2874,0,0.27305296063423157
2875,0,0.850044846534729
2876,0,0.6308556199073792
2877,0,0.017476094886660576
2878,0,0.5979220271110535
2879,0,0.5084157586097717
2880,0,0.6049243807792664
2881,0,0.47780486941337585
2882,0,0.029066717252135277
2883,0,0.020192893221974373
2884,0,0.45882943272590637
2885,0,0.1730273813009262
2886,0,0.3545934855937958
2887,0,0.4571616053581238
2888,0,0.19936291873455048
2889,0,0.10460592806339264
2890,0,0.24356094002723694
2891,0,0.3501420319080353
2892,0,0.22161701321601868
2893,0,0.09379617869853973
2894,0,0.6087703108787537
2895,0,0.6916458606719971
2896,0,0.1868332475423813
2897,0,0.0399218313395977
2898,0,0.054262734949588776
2899,0,0.5193197727203369
2900,0,0.12261930108070374
2901,0,0.06559663265943527
2902,0,0.1290258914232254
2903,0,0.49827340245246887
2904,0,0.11577454954385757
2905,0,0.08386874943971634
2906,0,0.6518386602401733
2907,0,0.5456587076187134
2908,0,0.7872586250305176
2909,0,0.38554173707962036
2910,0,0.3481711149215698
2911,0,0.40091392397880554
2912,0,0.06683751195669174
2913,0,0.05173804983496666
2914,0,0.21190233528614044
2915,0,0.5022836327552795
2916,0,0.3110506534576416
2917,0,0.9420999884605408
2918,0,0.2727244794368744
2919,0,0.23967616260051727
2920,0,0.5118793249130249
2921,0,0.2209525853395462
2922,0,0.42618662118911743
2923,0,0.6210973858833313
2924,0,0.17178380489349365
2925,0,0.24117708206176758
2926,0,0.12504296004772186
2927,0,0.8275448083877563
2928,0,0.5164453983306885
2929,0,0.013513555750250816
2930,0,0.36769890785217285
2931,0,0.7249218225479126
2932,0,0.8821825981140137
2933,0,0.5934439301490784
2934,0,0.07246721535921097
2935,0,0.9552956819534302
2936,0,0.04575302451848984
2937,0,0.19705353677272797
2938,0,0.2118891328573227
2939,0,0.05753566697239876
2940,0,0.10172636061906815
2941,0,0.12355995923280716
2942,0,0.4827653467655182
2943,0,0.1470552235841751
2944,0,0.05342930555343628
2945,0,0.04209066554903984
2946,0,0.795028030872345
2947,0,0.15211692452430725
2948,0,0.1129768118262291
2949,0,0.7324552536010742
2950,0,0.5185979604721069
2951,0,0.025392644107341766
2952,0,0.02133573591709137
2953,0,0.3840126693248749
2954,0,0.5685653686523438
2955,0,0.5333544015884399
2956,0,0.03458935394883156
2957,0,0.3329622447490692
2958,0,0.36129602789878845
2959,0,0.45061182975769043
2960,0,0.4215289354324341
2961,0,0.30063703656196594
2962,0,0.7854878306388855
2963,0,0.11855190992355347
2964,0,0.5087782144546509
2965,0,0.6850048303604126
2966,0,0.08448486030101776
2967,0,0.095713309943676
2968,0,0.3964907228946686
2969,0,0.5242872834205627
2970,0,0.19759498536586761
2971,0,0.20909877121448517
2972,0,0.7648748159408569
2973,0,0.11856783926486969
2974,0,0.5357391834259033
2975,0,0.32197368144989014
2976,0,0.12556476891040802
2977,0,0.9136052131652832
2978,0,0.3217479884624481
2979,0,0.090409055352211
2980,0,0.17477883398532867
2981,0,0.6052846312522888
2982,0,0.5409592986106873
2983,0,0.24433360993862152
2984,0,0.8540807962417603
2985,0,0.01662083901464939
2986,0,0.40466803312301636
2987,0,0.22934989631175995
2988,0,0.35723617672920227
2989,0,0.8870857954025269
2990,0,0.03532706946134567
2991,0,0.3076442778110504
2992,0,0.15549544990062714
2993,0,0.5865800380706787
2994,0,0.253403902053833
2995,0,0.29691389203071594
2996,0,0.006126853637397289
2997,0,0.03209471330046654
2998,0,0.6284888386726379
2999,0,0.27918896079063416
3000,0,0.40135657787323
3001,0,0.29407989978790283
3002,0,0.1504940390586853
3003,0,0.9181585907936096
3004,0,0.508796215057373
3005,0,0.30324333906173706
3006,0,0.3860452473163605
3007,0,0.5460975766181946
3008,0,0.4482683539390564
3009,0,0.024144692346453667
3010,0,0.01672573760151863
3011,0,0.1721276044845581
3012,0,0.03754585608839989
3013,0,0.325126588344574
3014,0,0.5099695324897766
3015,0,0.4789835810661316
3016,0,0.3359815180301666
3017,0,0.18433068692684174
3018,0,0.3152904808521271
3019,0,0.24282237887382507
3020,0,0.1975191831588745
3021,0,0.362247109413147
3022,0,0.16529905796051025
3023,0,0.6658498644828796
3024,0,0.380759060382843
3025,0,0.17323829233646393
3026,0,0.4921460747718811
3027,0,0.250201553106308
3028,0,0.032980192452669144
3029,0,0.24407517910003662
3030,0,0.3907831907272339
3031,0,0.18331502377986908
3032,0,0.11711955070495605
3033,0,0.2861907184123993
3034,0,0.4718897342681885
3035,0,0.6759923696517944
3036,0,0.669704020023346
3037,0,0.38302040100097656
3038,0,0.040506187826395035
3039,0,0.2398272305727005
3040,0,0.7329980731010437
3041,0,0.47376754879951477
3042,0,0.7387394309043884
3043,0,0.6064260601997375
3044,0,0.23492462933063507
3045,0,0.4118531346321106
3046,0,0.013451009057462215
3047,0,0.3860452473163605
3048,0,0.6876205801963806
3049,0,0.613889217376709
3050,0,0.42411842942237854
3051,0,0.0691041573882103
3052,0,0.09788891673088074
3053,0,0.27393004298210144
3054,0,0.364575058221817
3055,0,0.07072146981954575
3056,0,0.42950117588043213
3057,0,0.7609974145889282
3058,0,0.4581162929534912
3059,0,0.6340601444244385
3060,0,0.7353574633598328
3061,0,0.3948071599006653
3062,0,0.4296262860298157
3063,0,0.04535599425435066
3064,0,0.0945095494389534
3065,0,0.15475982427597046
3066,0,0.114019475877285
3067,0,0.7774713635444641
3068,0,0.6296936869621277
3069,0,0.09681899100542068
3070,0,0.7354300618171692
3071,0,0.6458687782287598
3072,0,0.37084105610847473
3073,0,0.24611029028892517
3074,0,0.9482782483100891
3075,0,0.5632120966911316
3076,0,0.2786653935909271
3077,0,0.020420335233211517
3078,0,0.28182175755500793
3079,0,0.13221091032028198
3080,0,0.1506759524345398
3081,0,0.5124425292015076
3082,0,0.17919322848320007
3083,0,0.6076204776763916
3084,0,0.271933913230896
3085,0,0.5820961594581604
3086,0,0.22005723416805267
3087,0,0.6395691633224487
3088,0,0.3860452473163605
3089,0,0.2724147439002991
3090,0,0.1849784255027771
3091,0,0.6112017035484314
3092,0,0.5791322588920593
3093,0,0.32397162914276123
3094,0,0.2709873616695404
3095,0,0.530599057674408
3096,0,0.19669485092163086
3097,0,0.36655327677726746
3098,0,0.03477592021226883
3099,0,0.4594014585018158
3100,0,0.061463650315999985
3101,0,0.06210215389728546
3102,0,0.1845269501209259
3103,0,0.006404722109436989
3104,0,0.5782335996627808
3105,0,0.20582684874534607
3106,0,0.6917189955711365
3107,0,0.4714265763759613
3108,0,0.05914105474948883
3109,0,0.3102482259273529
3110,0,0.6402514576911926
3111,0,0.09743858873844147
3112,0,0.5753859281539917
3113,0,0.3966178297996521
3114,0,0.5546941757202148
3115,0,0.03870601952075958
3116,0,0.22359482944011688
3117,0,0.25071296095848083
3118,0,0.20515276491641998
3119,0,0.5160327553749084
3120,0,0.6435566544532776
3121,0,0.8165205717086792
3122,0,0.33231374621391296
3123,0,0.13943584263324738
3124,0,0.16700954735279083
3125,0,0.2227933406829834
3126,0,0.36515486240386963
3127,0,0.3579947054386139
3128,0,0.062450144439935684
3129,0,0.14670726656913757
3130,0,0.14794515073299408
3131,0,0.27918896079063416
3132,0,0.5223182439804077
3133,0,0.34976133704185486
3134,0,0.016259336844086647
3135,0,0.24845781922340393
3136,0,0.25756609439849854
3137,0,0.38273903727531433
3138,0,0.4923557639122009
3139,0,0.04315801337361336
3140,0,0.5920326113700867
3141,0,0.22168883681297302
3142,0,0.02042871154844761
3143,0,0.722274899482727
3144,0,0.21319809556007385
3145,0,0.41638678312301636
3146,0,0.3603561520576477
3147,0,0.05337119475007057
3148,0,0.049955058842897415
3149,0,0.0995778888463974
3150,0,0.18439339101314545
3151,0,0.37084105610847473
3152,0,0.3024948835372925
3153,0,0.9799764156341553
3154,0,0.034262385219335556
3155,0,0.40174686908721924
3156,0,0.6983804106712341
3157,0,0.04494749754667282
3158,0,0.685901939868927
3159,0,0.025743680074810982
3160,0,0.46154168248176575
3161,0,0.004656687844544649
3162,0,0.47123464941978455
3163,0,0.6613028645515442
3164,0,0.725314736366272
3165,0,0.018588373437523842
3166,0,0.6081719398498535
3167,0,0.2021917849779129
3168,0,0.039675720036029816
3169,0,0.05601207911968231
3170,0,0.4480712115764618
3171,0,0.26058080792427063
3172,0,0.26013660430908203
3173,0,0.6632031798362732
3174,0,0.13120737671852112
3175,0,0.03864837437868118
3176,0,0.5277976393699646
3177,0,0.7654449939727783
3178,0,0.09654828161001205
3179,0,0.4026266634464264
3180,0,0.1840537190437317
3181,0,0.5363544821739197
3182,0,0.3549436628818512
3183,0,0.5161227583885193
3184,0,0.4901064932346344
3185,0,0.09598401933908463
3186,0,0.9246776103973389
3187,0,0.5751392841339111
3188,0,0.07378531992435455
3189,0,0.2742176055908203
3190,0,0.25895822048187256
3191,0,0.17494703829288483
3192,0,0.473721444606781
3193,0,0.23169371485710144
3194,0,0.40690314769744873
3195,0,0.6325270533561707
3196,0,0.403670996427536
3197,0,0.5842903256416321
3198,0,0.1993628293275833
3199,0,0.5540705919265747
3200,0,0.007332875858992338
3201,0,0.2626834511756897
3202,0,0.6982940435409546
3203,0,0.15994971990585327
3204,0,0.438375860452652
3205,0,0.4613698422908783
3206,0,0.3954114615917206
3207,0,0.3470771312713623
3208,0,0.22013965249061584
3209,0,0.9615827202796936
3210,0,0.16581952571868896
3211,0,0.35399946570396423
3212,0,0.1693144589662552
3213,0,0.2013123482465744
3214,0,0.1993255317211151
3215,0,0.3873041272163391
3216,0,0.5474294424057007
3217,0,0.27918896079063416
3218,0,0.6507107019424438
3219,0,0.5972065329551697
3220,0,0.7206621170043945
3221,0,0.20991280674934387
3222,0,0.2622666656970978
3223,0,0.08066830784082413
3224,0,0.09211782366037369
3225,0,0.11479838192462921
3226,0,0.21784138679504395
3227,0,0.15177875757217407
3228,0,0.46199116110801697
3229,0,0.6649941802024841
3230,0,0.6847994923591614
3231,0,0.7102221250534058
3232,0,0.8369593024253845
3233,0,0.8568836450576782
3234,0,0.6030197739601135
3235,0,0.5786809325218201
3236,0,0.6271249651908875
3237,0,0.49689745903015137
3238,0,0.6190231442451477
3239,0,0.35625961422920227
3240,0,0.21048320829868317
3241,0,0.5436303615570068
3242,0,0.22171489894390106
3243,0,0.29891911149024963
3244,0,0.3824117183685303
3245,0,0.07665036618709564
3246,0,0.6324863433837891
3247,0,0.5173443555831909
3248,0,0.3566240072250366
3249,0,0.01886335387825966
3250,0,0.7407006621360779
3251,0,0.3341260850429535
3252,0,0.0889546349644661
3253,0,0.31536197662353516
3254,0,0.20809093117713928
3255,0,0.23787789046764374
3256,0,0.15757955610752106
3257,0,0.6488176584243774
3258,0,0.40796959400177
3259,0,0.12123831361532211
3260,0,0.8341293931007385
3261,0,0.35595864057540894
3262,0,0.7733018398284912
3263,0,0.2537960410118103
3264,0,0.36906304955482483
3265,0,0.751035213470459
3266,0,0.45160529017448425
3267,0,0.5513927340507507
3268,0,0.16929827630519867
3269,0,0.3264854848384857
3270,0,0.05378076061606407
3271,0,0.9624212384223938
3272,0,0.4079992473125458
3273,0,0.5457732081413269
3274,0,0.7654670476913452
3275,0,0.14629150927066803
3276,0,0.45290300250053406
3277,0,0.6173452138900757
3278,0,0.6896149516105652
3279,0,0.6451822519302368
3280,0,0.8957805633544922
3281,0,0.37421149015426636
3282,0,0.5161290168762207
3283,0,0.6254796385765076
3284,0,0.8952584862709045
3285,0,0.49485349655151367
3286,0,0.49093011021614075
3287,0,0.48804038763046265
3288,0,0.13004814088344574
3289,0,0.5882454514503479
3290,0,0.6376197338104248
3291,0,0.37084105610847473
3292,0,0.37084105610847473
3293,0,0.43837621808052063
3294,0,0.07803179323673248
3295,0,0.7904571294784546
3296,0,0.7681936025619507
3297,0,0.20069511234760284
3298,0,0.966378927230835
3299,0,0.46221262216567993
3300,0,0.7686331868171692
3301,0,0.3164252042770386
3302,0,0.29970771074295044
3303,0,0.20705687999725342
3304,0,0.34976133704185486
3305,0,0.27918896079063416
3306,0,0.41818687319755554
3307,0,0.7610164284706116
3308,0,0.818006694316864
3309,0,0.522549569606781
3310,0,0.5649974942207336
3311,0,0.5560264587402344
3312,0,0.9634842872619629
3313,0,0.3938239514827728
3314,0,0.17131756246089935
3315,0,0.6007964015007019
3316,0,0.3252665102481842
3317,0,0.7341447472572327
3318,0,0.3548540472984314
3319,0,0.5455476641654968
3320,0,0.6060870289802551
3321,0,0.383748322725296
3322,0,0.7618287801742554
3323,0,0.028313137590885162
3324,0,0.4099406898021698
3325,0,0.6430741548538208
3326,0,0.48115673661231995
3327,0,0.22255535423755646
3328,0,0.06961029022932053
3329,0,0.456601619720459
3330,0,0.18237650394439697
3331,0,0.3299121856689453
3332,0,0.2463427186012268
3333,0,0.11841019243001938
3334,0,0.32658153772354126
3335,0,0.6765009164810181
3336,0,0.050489962100982666
3337,0,0.32653936743736267
3338,0,0.6099254488945007
3339,0,0.5275089740753174
3340,0,0.05479193851351738
3341,0,0.4953467547893524
3342,0,0.25810521841049194
3343,0,0.5961816906929016
3344,0,0.4310731589794159
3345,0,0.7252452969551086
3346,0,0.5891555547714233
3347,0,0.2810951769351959
3348,0,0.398190975189209
3349,0,0.33557993173599243
3350,0,0.3166416585445404
3351,0,0.7409770488739014
3352,0,0.6835923790931702
3353,0,0.3108449876308441
3354,0,0.25832945108413696
3355,0,0.5886206030845642
3356,0,0.6270292401313782
3357,0,0.02921934984624386
3358,0,0.591630756855011
3359,0,0.6057307124137878
3360,0,0.44906365871429443
3361,0,0.3432665765285492
3362,0,0.8401573300361633
3363,0,0.04747159779071808
3364,0,0.44898074865341187
3365,0,0.02664663828909397
3366,0,0.3651124835014343
3367,0,0.6744567155838013
3368,0,0.7958069443702698
3369,0,0.5515173673629761
3370,0,0.652050793170929
3371,0,0.327860027551651
3372,0,0.3860452473163605
3373,0,0.5902220010757446
3374,0,0.6052707433700562
3375,0,0.13340184092521667
3376,0,0.5147706866264343
3377,0,0.6133255958557129
3378,0,0.4690050184726715
3379,0,0.6435738205909729
3380,0,0.4320427179336548
3381,0,0.5138879418373108
3382,0,0.6723006963729858
3383,0,0.03959645703434944
3384,0,0.16520163416862488
3385,0,0.874755322933197
3386,0,0.5246428847312927
3387,0,0.03468810021877289
3388,0,0.6825109124183655
3389,0,0.07965827733278275
3390,0,0.8208813667297363
3391,0,0.04224051907658577
3392,0,0.09342176467180252
3393,0,0.7347267866134644
3394,0,0.9150137305259705
3395,0,0.184553861618042
3396,0,0.03653430566191673
3397,0,0.6046687364578247
3398,0,0.34976133704185486
3399,0,0.4616912007331848
3400,0,0.8496621251106262
3401,0,0.1806694120168686
3402,0,0.41501176357269287
3403,0,0.07483150064945221
3404,0,0.476527601480484
3405,0,0.08605341613292694
3406,0,0.3189460337162018
3407,0,0.2812359631061554
3408,0,0.013860845938324928
3409,0,0.49942678213119507
3410,0,0.566312849521637
3411,0,0.4304332733154297
3412,0,0.07395213842391968
3413,0,0.06737574189901352
3414,0,0.6820569634437561
3415,0,0.35354432463645935
3416,0,0.19261468946933746
3417,0,0.6762117147445679
3418,0,0.7693389058113098
3419,0,0.1575915813446045
3420,0,0.20357267558574677
3421,0,0.0244454313069582
3422,0,0.14419348537921906
3423,0,0.18099361658096313
3424,0,0.9414590001106262
3425,0,0.34864169359207153
3426,0,0.948218584060669
3427,0,0.48109713196754456
3428,0,0.32204410433769226
3429,0,0.22042109072208405
3430,0,0.4159961938858032
3431,0,0.7329544425010681
3432,0,0.167110875248909
3433,0,0.3216251730918884
3434,0,0.44511160254478455
3435,0,0.10449057817459106
3436,0,0.5172514915466309
3437,0,0.02022702246904373
3438,0,0.21529743075370789
3439,0,0.850044846534729
3440,0,0.7837490439414978
3441,0,0.1563573181629181
3442,0,0.26292935013771057
3443,0,0.489295095205307
3444,0,0.6849521398544312
3445,0,0.5654604434967041
3446,0,0.02283732034265995
3447,0,0.23855791985988617
3448,0,0.9513473510742188
3449,0,0.030481120571494102
3450,0,0.8230469226837158
3451,0,0.4502629041671753
3452,0,0.10125330835580826
3453,0,0.012364584021270275
3454,0,0.6369982957839966
3455,0,0.860416829586029
3456,0,0.014342320151627064
3457,0,0.0041233026422560215
3458,0,0.3501703143119812
3459,0,0.42663559317588806
3460,0,0.44583263993263245
3461,0,0.46175286173820496
3462,0,0.8133927583694458
3463,0,0.6386460065841675
3464,0,0.4770961105823517
3465,0,0.20682376623153687
3466,0,0.4973445534706116
3467,0,0.1511608064174652
3468,0,0.35053685307502747
3469,0,0.5524927377700806
3470,0,0.6171687245368958
3471,0,0.17890626192092896
3472,0,0.6636037230491638
3473,0,0.2607578635215759
3474,0,0.048106420785188675
3475,0,0.44922950863838196
3476,0,0.322712779045105
3477,0,0.2672683596611023
3478,0,0.24273157119750977
3479,0,0.35042837262153625
3480,0,0.2687913477420807
3481,0,0.49093011021614075
3482,0,0.34570562839508057
3483,0,0.4720984697341919
3484,0,0.02131284773349762
3485,0,0.243332177400589
3486,0,0.5430799126625061
3487,0,0.34976133704185486
3488,0,0.08486437052488327
3489,0,0.2830016016960144
3490,0,0.14953434467315674
3491,0,0.42663559317588806
3492,0,0.05789125710725784
3493,0,0.2862665355205536
3494,0,0.171786829829216
3495,0,0.35622963309288025
3496,0,0.4466410279273987
3497,0,0.08182267099618912
3498,0,0.033399052917957306
3499,0,0.18925125896930695
3500,0,0.06547939032316208
3501,0,0.7990714311599731
3502,0,0.5098049640655518
3503,0,0.215489462018013
3504,0,0.041012510657310486
3505,0,0.42682063579559326
3506,0,0.07913848757743835
3507,0,0.09191679954528809
3508,0,0.5915577411651611
3509,0,0.27083051204681396
3510,0,0.5121983885765076
3511,0,0.21370811760425568
3512,0,0.5477601885795593
3513,0,0.34106382727622986
3514,0,0.4825724959373474
3515,0,0.6813562512397766
3516,0,0.38342177867889404
3517,0,0.14860180020332336
3518,0,0.034912820905447006
3519,0,0.6537459492683411
3520,0,0.4786798059940338
3521,0,0.04545566812157631
3522,0,0.08509804308414459
3523,0,0.6857807040214539
3524,0,0.2484980970621109
3525,0,0.7184500694274902
3526,0,0.4125485122203827
3527,0,0.4977850019931793
3528,0,0.46959465742111206
3529,0,0.07012072950601578
3530,0,0.3517087996006012
3531,0,0.5020439028739929
3532,0,0.09762998670339584
3533,0,0.3137684166431427
3534,0,0.887276291847229
3535,0,0.7340026497840881
3536,0,0.21918600797653198
3537,0,0.11508110910654068
3538,0,0.4904555082321167
3539,0,0.1849454939365387
3540,0,0.47170519828796387
3541,0,0.8855437636375427
3542,0,0.5599150657653809
3543,0,0.07690560072660446
3544,0,0.26435717940330505
3545,0,0.4333909749984741
3546,0,0.4521469473838806
3547,0,0.34598132967948914
3548,0,0.7789397239685059
3549,0,0.06323028355836868
3550,0,0.784333348274231
3551,0,0.7350112199783325
3552,0,0.45709723234176636
3553,0,0.8116739392280579
3554,0,0.5311136841773987
3555,0,0.6765707731246948
3556,0,0.502626895904541
3557,0,0.22400827705860138
3558,0,0.2684495747089386
3559,0,0.27992698550224304
3560,0,0.21790285408496857
3561,0,0.05289771780371666
3562,0,0.4368506073951721
3563,0,0.7074837684631348
3564,0,0.21379457414150238
3565,0,0.36607688665390015
3566,0,0.1602017730474472
3567,0,0.09431153535842896
3568,0,0.12476399540901184
3569,0,0.013912966474890709
3570,0,0.23200754821300507
3571,0,0.7675736546516418
3572,0,0.6163564324378967
3573,0,0.030241405591368675
3574,0,0.528862476348877
3575,0,0.948388397693634
3576,0,0.0833728015422821
3577,0,0.46426719427108765
3578,0,0.17868757247924805
3579,0,0.2287616729736328
3580,0,0.06310351192951202
3581,0,0.025327442213892937
3582,0,0.6487983465194702
3583,0,0.2246178239583969
3584,0,0.45204344391822815
3585,0,0.035882722586393356
3586,0,0.8954743146896362
3587,0,0.33919811248779297
3588,0,0.5124744772911072
3589,0,0.48829275369644165
3590,0,0.4573463797569275
3591,0,0.6375836730003357
3592,0,0.29128047823905945
3593,0,0.4470336437225342
3594,0,0.37099698185920715
3595,0,0.22465766966342926
3596,0,0.5900406837463379
3597,0,0.09754446893930435
3598,0,0.5152106285095215
3599,0,0.6775020956993103
3600,0,0.2425888180732727
3601,0,0.6299448013305664
3602,0,0.4114971458911896
3603,0,0.8455154299736023
3604,0,0.6778069734573364
3605,0,0.052449218928813934
3606,0,0.034586820751428604
3607,0,0.6474894881248474
3608,0,0.519005298614502
3609,0,0.28202319145202637
3610,0,0.11976832896471024
3611,0,0.7395354509353638
3612,0,0.2708742916584015
3613,0,0.29077351093292236
3614,0,0.49020713567733765
3615,0,0.6131672263145447
3616,0,0.5109250545501709
3617,0,0.1807568371295929
3618,0,0.8612632155418396
3619,0,0.6019258499145508
3620,0,0.15131618082523346
3621,0,0.14144091308116913
3622,0,0.805281937122345
3623,0,0.3850556015968323
3624,0,0.664967954158783
3625,0,0.2852288484573364
3626,0,0.05044715479016304
3627,0,0.06355133652687073
3628,0,0.7712066173553467
3629,0,0.17364387214183807
3630,0,0.49510854482650757
3631,0,0.7559536695480347
3632,0,0.1121239960193634
3633,0,0.34976133704185486
3634,0,0.7804379463195801
3635,0,0.07324341684579849
3636,0,0.16907349228858948
3637,0,0.1943255513906479
3638,0,0.12071987986564636
3639,0,0.6579527258872986
3640,0,0.12068083882331848
3641,0,0.6339928507804871
3642,0,0.3802952766418457
3643,0,0.946758508682251
3644,0,0.5728626847267151
3645,0,0.9005298018455505
3646,0,0.0701846331357956
3647,0,0.5710898041725159
3648,0,0.05802266672253609
3649,0,0.5939427614212036
3650,0,0.903789222240448
3651,0,0.21803151071071625
3652,0,0.33680328726768494
3653,0,0.39733824133872986
3654,0,0.5604802966117859
3655,0,0.3717057406902313
3656,0,0.32157522439956665
3657,0,0.3860452473163605
3658,0,0.27108603715896606
3659,0,0.4579349458217621
3660,0,0.5163795351982117
3661,0,0.11341876536607742
3662,0,0.24360841512680054
3663,0,0.01945687085390091
3664,0,0.015282719396054745
3665,0,0.5347867608070374
3666,0,0.18185989558696747
3667,0,0.8937089443206787
3668,0,0.49749255180358887
3669,0,0.13712896406650543
3670,0,0.5019629001617432
3671,0,0.1695864051580429
3672,0,0.5428869724273682
3673,0,0.043015118688344955
3674,0,0.617827296257019
3675,0,0.42079201340675354
3676,0,0.14398179948329926
3677,0,0.5610129237174988
3678,0,0.14020872116088867
3679,0,0.9647901058197021
3680,0,0.63788902759552
3681,0,0.028653671965003014
3682,0,0.6129176616668701
3683,0,0.7132202982902527
3684,0,0.11794833093881607
3685,0,0.8596532940864563
3686,0,0.7037137150764465
3687,0,0.28391578793525696
3688,0,0.19219930469989777
3689,0,0.12033098191022873
3690,0,0.0799926370382309
3691,0,0.536849856376648
3692,0,0.44037091732025146
3693,0,0.4347887337207794
3694,0,0.690040647983551
3695,0,0.49409833550453186
3696,0,0.25794607400894165
3697,0,0.14715765416622162
3698,0,0.433380663394928
3699,0,0.7276766300201416
3700,0,0.25619012117385864
3701,0,0.09471558034420013
3702,0,0.9152217507362366
3703,0,0.56911700963974
3704,0,0.33919811248779297
3705,0,0.2619960606098175
3706,0,0.579819917678833
3707,0,0.3421812653541565
3708,0,0.43442246317863464
3709,0,0.550534725189209
3710,0,0.70856773853302
3711,0,0.39646831154823303
3712,0,0.6417078375816345
3713,0,0.33727478981018066
3714,0,0.03405961021780968
3715,0,0.5761467218399048
3716,0,0.14321613311767578
3717,0,0.4273887574672699
3718,0,0.29380911588668823
3719,0,0.6328812837600708
3720,0,0.5469937324523926
3721,0,0.1758507788181305
3722,0,0.5998833179473877
3723,0,0.11072631925344467
3724,0,0.34598132967948914
3725,0,0.00912628322839737
3726,0,0.34976133704185486
3727,0,0.701088547706604
3728,0,0.4420822858810425
3729,0,0.009682279080152512
3730,0,0.3864976465702057
3731,0,0.19831642508506775
3732,0,0.36076638102531433
3733,0,0.032608624547719955
3734,0,0.30600348114967346
3735,0,0.020995115861296654
3736,0,0.5447137355804443
3737,0,0.1766321063041687
3738,0,0.49587520956993103
3739,0,0.19003549218177795
3740,0,0.5963392853736877
3741,0,0.14090785384178162
3742,0,0.087661013007164
3743,0,0.1213836595416069
3744,0,0.8325491547584534
3745,0,0.5567763447761536
3746,0,0.15194791555404663
3747,0,0.645344078540802
3748,0,0.24827022850513458
3749,0,0.04109916463494301
3750,0,0.7781552672386169
3751,0,0.3854835033416748
3752,0,0.048353567719459534
3753,0,0.6302676796913147
3754,0,0.09833637624979019
3755,0,0.6407946348190308
3756,0,0.7658289074897766
3757,0,0.11280912905931473
3758,0,0.051728297024965286
3759,0,0.057872094213962555
3760,0,0.06811314076185226
3761,0,0.751035213470459
3762,0,0.6333617568016052
3763,0,0.5652673244476318
3764,0,0.7887319326400757
3765,0,0.9389210343360901
3766,0,0.46002402901649475
3767,0,0.11546771973371506
3768,0,0.24556581676006317
3769,0,0.5611520409584045
3770,0,0.430879682302475
3771,0,0.4509755074977875
3772,0,0.403739869594574
3773,0,0.7572031617164612
3774,0,0.252964586019516
3775,0,0.5654519200325012
3776,0,0.8306934237480164
3777,0,0.3268979489803314
3778,0,0.5765159130096436
3779,0,0.07790329307317734
3780,0,0.5000379085540771
3781,0,0.3389412462711334
3782,0,0.22796468436717987
3783,0,0.31647640466690063
3784,0,0.3021032214164734
3785,0,0.22533322870731354
3786,0,0.8817715048789978
3787,0,0.6093666553497314
3788,0,0.7427133321762085
3789,0,0.46266230940818787
3790,0,0.027956238016486168
3791,0,0.4644448459148407
3792,0,0.3161945343017578
3793,0,0.02944544516503811
3794,0,0.6608695387840271
3795,0,0.06478431075811386
3796,0,0.8348307609558105
3797,0,0.3621066212654114
3798,0,0.11741675436496735
3799,0,0.3660324215888977
3800,0,0.5279203653335571
3801,0,0.7294579148292542
3802,0,0.6573526859283447
3803,0,0.13625752925872803
3804,0,0.6512888073921204
3805,0,0.7730291485786438
3806,0,0.31310737133026123
3807,0,0.5635423064231873
3808,0,0.03907269239425659
3809,0,0.9214829206466675
3810,0,0.028065811842679977
3811,0,0.6198462247848511
3812,0,0.015901533886790276
3813,0,0.11076635122299194
3814,0,0.35582154989242554
3815,0,0.523536205291748
3816,0,0.11747729033231735
3817,0,0.5516538023948669
3818,0,0.2600627541542053
3819,0,0.17438766360282898
3820,0,0.5845036506652832
3821,0,0.0529123991727829
3822,0,0.6418971419334412
3823,0,0.3708217442035675
3824,0,0.030663976445794106
3825,0,0.09148107469081879
3826,0,0.9530494809150696
3827,0,0.570867121219635
3828,0,0.6645439267158508
3829,0,0.349812388420105
3830,0,0.09732215851545334
3831,0,0.419781893491745
3832,0,0.21144942939281464
3833,0,0.4315823018550873
3834,0,0.11646554619073868
3835,0,0.14279311895370483
3836,0,0.0557343028485775
3837,0,0.19824174046516418
3838,0,0.274651437997818
3839,0,0.0076047508046031
3840,0,0.4634363651275635
3841,0,0.45401981472969055
3842,0,0.3549053966999054
3843,0,0.4033680558204651
3844,0,0.16379940509796143
3845,0,0.024648375809192657
3846,0,0.025214247405529022
3847,0,0.12063471227884293
3848,0,0.17344573140144348
3849,0,0.22779767215251923
3850,0,0.3958616554737091
3851,0,0.14768773317337036
3852,0,0.6501103639602661
3853,0,0.3474157154560089
3854,0,0.04711904004216194
3855,0,0.6637941002845764
3856,0,0.4875911474227905
3857,0,0.5714963674545288
3858,0,0.2112208604812622
3859,0,0.12411469221115112
3860,0,0.7044921517372131
3861,0,0.2791976034641266
3862,0,0.03728684037923813
3863,0,0.2537047564983368
3864,0,0.8272557854652405
3865,0,0.02761169523000717
3866,0,0.15735489130020142
3867,0,0.27915939688682556
3868,0,0.239859938621521
3869,0,0.16576595604419708
3870,0,0.14083127677440643
3871,0,0.3708217442035675
3872,0,0.8289098143577576
3873,0,0.04139062017202377
3874,0,0.32028546929359436
3875,0,0.15547142922878265
3876,0,0.07328245788812637
3877,0,0.27915939688682556
3878,0,0.4509107768535614
3879,0,0.42664235830307007
3880,0,0.16393858194351196
3881,0,0.5631460547447205
3882,0,0.9288290143013
3883,0,0.4537088871002197
3884,0,0.3953728973865509
3885,0,0.5916789174079895
3886,0,0.7218586802482605
3887,0,0.8405835628509521
3888,0,0.6923001408576965
3889,0,0.6670957803726196
3890,0,0.4717491865158081
3891,0,0.14563603699207306
3892,0,0.3338189423084259
3893,0,0.07266923040151596
3894,0,0.41003382205963135
3895,0,0.12800395488739014
3896,0,0.3860091269016266
3897,0,0.5197505950927734
3898,0,0.640483021736145
3899,0,0.6699696779251099
3900,0,0.22374890744686127
3901,0,0.16263824701309204
3902,0,0.05678463727235794
3903,0,0.658888041973114
3904,0,0.5374135971069336
3905,0,0.3114107847213745
3906,0,0.252509206533432
3907,0,0.03992539644241333
3908,0,0.7679125070571899
3909,0,0.7809396982192993
3910,0,0.6875681281089783
3911,0,0.276596337556839
3912,0,0.679045557975769
3913,0,0.840602695941925
3914,0,0.33824899792671204
3915,0,0.33922702074050903
3916,0,0.555331289768219
3917,0,0.5549055337905884
3918,0,0.5705695152282715
3919,0,0.244454026222229
3920,0,0.044844020158052444
3921,0,0.5128797888755798
3922,0,0.6221449375152588
3923,0,0.2393568605184555
3924,0,0.7560662627220154
3925,0,0.05495477467775345
3926,0,0.8112596273422241
3927,0,0.4909023344516754
3928,0,0.005956481676548719
3929,0,0.642894446849823
3930,0,0.34412282705307007
3931,0,0.27915939688682556
3932,0,0.016240129247307777
3933,0,0.6784518361091614
3934,0,0.4068511426448822
3935,0,0.3564170002937317
3936,0,0.13487088680267334
3937,0,0.010570583865046501
3938,0,0.32523685693740845
3939,0,0.7654378414154053
3940,0,0.6038399338722229
3941,0,0.5538813471794128
3942,0,0.28156915307044983
3943,0,0.12118984758853912
3944,0,0.33922702074050903
3945,0,0.1096363291144371
3946,0,0.2730969488620758
3947,0,0.6139857769012451
3948,0,0.349812388420105
3949,0,0.3643680214881897
3950,0,0.16315464675426483
3951,0,0.7622119188308716
3952,0,0.7920650243759155
3953,0,0.5741317272186279
3954,0,0.9520270228385925
3955,0,0.3240034580230713
3956,0,0.40041857957839966
3957,0,0.04127698764204979
3958,0,0.07536663860082626
3959,0,0.24147695302963257
3960,0,0.6342200636863708
3961,0,0.8606920838356018
3962,0,0.3459371030330658
3963,0,0.20674151182174683
3964,0,0.3459371030330658
3965,0,0.6845964193344116
3966,0,0.744196891784668
3967,0,0.0870482325553894
3968,0,0.7920511364936829
3969,0,0.640093207359314
3970,0,0.3626900911331177
3971,0,0.5606180429458618
3972,0,0.5908159613609314
3973,0,0.38455113768577576
3974,0,0.5295347571372986
3975,0,0.349812388420105
3976,0,0.6473000049591064
3977,0,0.6607140302658081
3978,0,0.7500873804092407
3979,0,0.6829617023468018
3980,0,0.9267691373825073
3981,0,0.2897316515445709
3982,0,0.726747989654541
3983,1,0.6056278347969055
