index,y_true,y_pred_oof
0,1,0.8373335599899292
1,1,0.9159324169158936
2,1,0.799807071685791
3,1,0.5873869061470032
4,1,0.33307692408561707
5,1,0.12661607563495636
6,1,0.04710046201944351
7,1,0.5017850399017334
8,1,0.9306207299232483
9,1,0.6057762503623962
10,1,0.6519900560379028
11,1,0.8397741317749023
12,1,0.6553264260292053
13,1,0.9914152026176453
14,1,0.9531165957450867
15,1,0.973736584186554
16,1,0.8179880976676941
17,1,0.32232144474983215
18,1,0.9432066082954407
19,1,0.8858917355537415
20,1,0.777241051197052
21,1,0.9506031274795532
22,1,0.7861150503158569
23,1,0.8394391536712646
24,1,0.9269152283668518
25,1,0.6248797178268433
26,1,0.8514431118965149
27,1,0.810968279838562
28,1,0.9278126358985901
29,1,0.9366602301597595
30,1,0.7548829317092896
31,1,0.8126408457756042
32,1,0.8711803555488586
33,1,0.48381203413009644
34,1,0.8438521027565002
35,1,0.8402611017227173
36,1,0.8022561073303223
37,1,0.8365491628646851
38,1,0.9663127064704895
39,1,0.8178698420524597
40,1,0.9860623478889465
41,1,0.6764021515846252
42,1,0.07286766916513443
43,1,0.6338270902633667
44,1,0.8818861842155457
45,1,0.8939216136932373
46,1,0.592216432094574
47,1,0.8555119633674622
48,1,0.7312458157539368
49,1,0.8703275918960571
50,1,0.8880412578582764
51,1,0.9298139810562134
52,1,0.8928586840629578
53,1,0.7973551154136658
54,1,0.6048866510391235
55,1,0.8990873098373413
56,1,0.6141136288642883
57,1,0.17119339108467102
58,1,0.15527263283729553
59,1,0.7949718236923218
60,1,0.7649463415145874
61,1,0.8379952311515808
62,1,0.30773746967315674
63,1,0.94585782289505
64,1,0.8941763639450073
65,1,0.7030282616615295
66,1,0.8497603535652161
67,1,0.6607378721237183
68,1,0.7826482653617859
69,1,0.8199118375778198
70,1,0.5659074187278748
71,1,0.9382947087287903
72,1,0.11588989943265915
73,1,0.3158808648586273
74,1,0.7058500051498413
75,1,0.8389427661895752
76,1,0.8061205148696899
77,1,0.9495834708213806
78,1,0.7233137488365173
79,1,0.04388822615146637
80,1,0.9820336699485779
81,1,0.9218360185623169
82,1,0.7723100781440735
83,1,0.6189271807670593
84,1,0.856895387172699
85,1,0.23280689120292664
86,1,0.9268355965614319
87,1,0.1284400224685669
88,1,0.8642131686210632
89,1,0.7166541814804077
90,1,0.5767747163772583
91,1,0.9738033413887024
92,1,0.8910825252532959
93,1,0.6519299149513245
94,1,0.9375125169754028
95,1,0.9068018198013306
96,1,0.9830420017242432
97,1,0.9893304705619812
98,1,0.9539061784744263
99,1,0.9266402125358582
100,1,0.9455770254135132
101,1,0.8271466493606567
102,1,0.29363173246383667
103,1,0.8141961693763733
104,1,0.8621947169303894
105,1,0.931542158126831
106,1,0.9186804294586182
107,1,0.3438328504562378
108,1,0.6364506483078003
109,1,0.9868594408035278
110,1,0.9740386605262756
111,1,0.9896504878997803
112,1,0.9607957601547241
113,1,0.8861174583435059
114,1,0.8365439176559448
115,1,0.7346951365470886
116,1,0.14962971210479736
117,1,0.9242753982543945
118,1,0.09323243051767349
119,1,0.09117236733436584
120,1,0.7296965718269348
121,1,0.5289487838745117
122,1,0.8374021053314209
123,1,0.9079119563102722
124,1,0.7941336035728455
125,1,0.45794203877449036
126,1,0.37564095854759216
127,1,0.1846100091934204
128,1,0.9235532879829407
129,1,0.9824218153953552
130,1,0.9822427034378052
131,1,0.8329006433486938
132,1,0.27439263463020325
133,1,0.8988345265388489
134,1,0.794502854347229
135,1,0.24277496337890625
136,1,0.640161395072937
137,1,0.9313585758209229
138,1,0.4906124174594879
139,1,0.9064399003982544
140,1,0.40067097544670105
141,1,0.9889791011810303
142,1,0.7647703886032104
143,1,0.8821167945861816
144,1,0.9668171405792236
145,1,0.8145097494125366
146,1,0.9969310164451599
147,1,0.9019129872322083
148,1,0.9671136140823364
149,1,0.4660497307777405
150,1,0.8277150392532349
151,1,0.9295746684074402
152,1,0.22965237498283386
153,1,0.15149633586406708
154,1,0.8583247661590576
155,1,0.8960059285163879
156,1,0.94820237159729
157,1,0.9699890613555908
158,1,0.8135753870010376
159,1,0.7525506019592285
160,1,0.9734205007553101
161,1,0.44977039098739624
162,1,0.3017914593219757
163,1,0.15749838948249817
164,1,0.9120286703109741
165,1,0.9010409116744995
166,1,0.9839922785758972
167,1,0.9650421738624573
168,1,0.9913017153739929
169,1,0.9008864760398865
170,1,0.13733486831188202
171,1,0.9823117256164551
172,1,0.48498719930648804
173,1,0.9206662178039551
174,1,0.3565409183502197
175,1,0.6533309817314148
176,1,0.9920881390571594
177,1,0.990753173828125
178,1,0.8696015477180481
179,1,0.9901437759399414
180,1,0.7086715698242188
181,1,0.7165042757987976
182,1,0.987945556640625
183,1,0.9675728678703308
184,1,0.913159191608429
185,1,0.8972916007041931
186,1,0.9932210445404053
187,1,0.9955137372016907
188,1,0.10057757049798965
189,1,0.969757616519928
190,1,0.9716143012046814
191,1,0.837823212146759
192,1,0.9873161315917969
193,1,0.09156778454780579
194,1,0.7869590520858765
195,1,0.9937750101089478
196,1,0.7265531420707703
197,1,0.9762704968452454
198,1,0.37604308128356934
199,1,0.9839684963226318
200,1,0.9547406435012817
201,1,0.8795527815818787
202,1,0.8858715295791626
203,1,0.46950289607048035
204,1,0.9818383455276489
205,1,0.09549461305141449
206,1,0.7750707864761353
207,1,0.7905560731887817
208,1,0.8885604739189148
209,1,0.9187114238739014
210,1,0.3620023727416992
211,1,0.04108862206339836
212,1,0.041573453694581985
213,1,0.8821818232536316
214,1,0.9906322956085205
215,1,0.89108806848526
216,1,0.9797398447990417
217,1,0.11026319861412048
218,1,0.9767871499061584
219,1,0.9659271836280823
220,1,0.8090042471885681
221,1,0.9958078861236572
222,1,0.9339074492454529
223,1,0.9822096824645996
224,1,0.9695519208908081
225,1,0.7404835820198059
226,1,0.9213728904724121
227,1,0.5474562644958496
228,1,0.625654399394989
229,1,0.8673282265663147
230,1,0.8894243240356445
231,1,0.06625117361545563
232,1,0.8509581685066223
233,1,0.1513555943965912
234,1,0.9095052480697632
235,1,0.9812947511672974
236,1,0.7625848054885864
237,1,0.9697513580322266
238,1,0.9323810338973999
239,1,0.838165819644928
240,1,0.1582695096731186
241,1,0.9861937165260315
242,1,0.6516566276550293
243,1,0.8114001154899597
244,1,0.04719116538763046
245,1,0.9682387113571167
246,1,0.9522766470909119
247,1,0.34758010506629944
248,1,0.47234907746315
249,1,0.23798079788684845
250,1,0.9793419241905212
251,1,0.6794694066047668
252,1,0.8935282230377197
253,1,0.6277682185173035
254,1,0.27430909872055054
255,1,0.9875401854515076
256,1,0.8540083169937134
257,1,0.9548120498657227
258,1,0.956989049911499
259,1,0.9218984246253967
260,1,0.8636990785598755
261,1,0.9017334580421448
262,1,0.8540242314338684
263,1,0.9842448830604553
264,1,0.9493014812469482
265,1,0.9284953474998474
266,1,0.1306494176387787
267,1,0.21336610615253448
268,1,0.8348134756088257
269,1,0.5705937743186951
270,1,0.40500181913375854
271,1,0.4865167737007141
272,1,0.47034913301467896
273,1,0.44738927483558655
274,1,0.4708123207092285
275,1,0.585863471031189
276,1,0.9187448620796204
277,1,0.6728843450546265
278,1,0.5973347425460815
279,1,0.08950810879468918
280,1,0.26403114199638367
281,1,0.5383724570274353
282,1,0.6803580522537231
283,1,0.8617321848869324
284,1,0.8397348523139954
285,1,0.8421489000320435
286,1,0.452685683965683
287,1,0.39932331442832947
288,1,0.9093568921089172
289,1,0.0575401671230793
290,1,0.80837482213974
291,1,0.07128940522670746
292,1,0.39551258087158203
293,1,0.6602110862731934
294,1,0.21425850689411163
295,1,0.5477917194366455
296,1,0.991916835308075
297,1,0.11615768820047379
298,1,0.9616773724555969
299,1,0.7303247451782227
300,1,0.98739093542099
301,1,0.9889105558395386
302,1,0.2958502769470215
303,1,0.9620810747146606
304,1,0.9529623985290527
305,1,0.351616233587265
306,1,0.5392150282859802
307,1,0.8969390392303467
308,1,0.9862354397773743
309,1,0.0838436558842659
310,1,0.780846357345581
311,1,0.6666750907897949
312,1,0.34931835532188416
313,1,0.7259470224380493
314,1,0.9895896315574646
315,1,0.6374093294143677
316,1,0.9667668342590332
317,1,0.9452964663505554
318,1,0.9642248749732971
319,1,0.6204220652580261
320,1,0.9252204298973083
321,1,0.4459719657897949
322,1,0.8083659410476685
323,1,0.9613195657730103
324,1,0.6049436926841736
325,1,0.9778617024421692
326,1,0.9829845428466797
327,1,0.9906771183013916
328,1,0.9922742247581482
329,1,0.5906367897987366
330,1,0.9648104310035706
331,1,0.9783205986022949
332,1,0.9942914247512817
333,1,0.930116593837738
334,1,0.9717108607292175
335,1,0.9403616786003113
336,1,0.9762970805168152
337,1,0.9699223041534424
338,1,0.9609372019767761
339,1,0.978528618812561
340,1,0.9730091691017151
341,1,0.975816011428833
342,1,0.9964512586593628
343,1,0.986700177192688
344,1,0.9911590218544006
345,1,0.9259202480316162
346,1,0.9552748799324036
347,1,0.9766902327537537
348,1,0.7277970314025879
349,1,0.9749022722244263
350,1,0.3233823776245117
351,1,0.8818169236183167
352,1,0.8515433669090271
353,1,0.5819604396820068
354,1,0.12772753834724426
355,1,0.26727956533432007
356,1,0.35558122396469116
357,1,0.8619539141654968
358,1,0.8518267869949341
359,1,0.9162886738777161
360,1,0.9617334008216858
361,1,0.9471089243888855
362,1,0.9939917922019958
363,1,0.9671335816383362
364,1,0.19453997910022736
365,1,0.9340229630470276
366,1,0.881374716758728
367,1,0.9701719284057617
368,1,0.6829326152801514
369,1,0.9509958624839783
370,1,0.9201333522796631
371,1,0.9896261692047119
372,1,0.4407024085521698
373,1,0.9813846349716187
374,1,0.9187447428703308
375,1,0.9567261934280396
376,1,0.9883852005004883
377,1,0.9700376391410828
378,1,0.9544525146484375
379,1,0.9632678031921387
380,1,0.9805096387863159
381,1,0.9923766851425171
382,1,0.6260142922401428
383,1,0.9317891597747803
384,1,0.9554617404937744
385,1,0.8764714002609253
386,1,0.7331115007400513
387,1,0.8142288327217102
388,1,0.8455184102058411
389,1,0.8046123385429382
390,1,0.8168095350265503
391,1,0.8372801542282104
392,1,0.8520841002464294
393,1,0.10180413722991943
394,1,0.12609142065048218
395,1,0.11470091342926025
396,1,0.4467136263847351
397,1,0.43773704767227173
398,1,0.4676344394683838
399,1,0.7165966033935547
400,1,0.7269050478935242
401,1,0.8015221357345581
402,1,0.48752814531326294
403,1,0.5762403607368469
404,1,0.8712430596351624
405,1,0.8366722464561462
406,1,0.6450613141059875
407,1,0.8553062081336975
408,1,0.011246268637478352
409,1,0.47756627202033997
410,1,0.2298138439655304
411,1,0.7694565653800964
412,1,0.8877936601638794
413,1,0.07458140701055527
414,1,0.5846062302589417
415,1,0.4501943290233612
416,1,0.014066297560930252
417,1,0.5219821333885193
418,1,0.7319665551185608
419,1,0.24669302999973297
420,1,0.7774232029914856
421,1,0.09082356840372086
422,1,0.8159940242767334
423,1,0.4662003815174103
424,1,0.81435626745224
425,1,0.4572308659553528
426,1,0.42784395813941956
427,1,0.5422954559326172
428,1,0.6558338403701782
429,1,0.6732033491134644
430,1,0.46568089723587036
431,1,0.7613362073898315
432,1,0.48985350131988525
433,1,0.7690790295600891
434,1,0.6891654133796692
435,1,0.8896385431289673
436,1,0.8309862017631531
437,1,0.9297162294387817
438,1,0.9670267701148987
439,1,0.9301855564117432
440,1,0.879672110080719
441,1,0.9800724983215332
442,1,0.9852862358093262
443,1,0.9557626247406006
444,1,0.9250100255012512
445,1,0.8258938789367676
446,1,0.6944899559020996
447,1,0.939210057258606
448,1,0.9477376341819763
449,1,0.8845522403717041
450,1,0.8717065453529358
451,1,0.8537222146987915
452,1,0.9885043501853943
453,1,0.9615558981895447
454,1,0.9183738827705383
455,1,0.8955652117729187
456,1,0.982917845249176
457,1,0.9815846681594849
458,1,0.9350022077560425
459,1,0.9872086644172668
460,1,0.9350883960723877
461,1,0.9347003698348999
462,1,0.9884467124938965
463,1,0.9609079360961914
464,1,0.9772385358810425
465,1,0.9552111625671387
466,1,0.9872002601623535
467,1,0.9922130703926086
468,1,0.9392688274383545
469,1,0.9082125425338745
470,1,0.8334576487541199
471,1,0.8918207883834839
472,1,0.9582358002662659
473,1,0.8725331425666809
474,1,0.8965991735458374
475,1,0.9775723814964294
476,1,0.9807099103927612
477,1,0.9799951910972595
478,1,0.9513558745384216
479,1,0.8637300729751587
480,1,0.7953096628189087
481,1,0.9290557503700256
482,1,0.9688135981559753
483,1,0.9683837890625
484,1,0.8544490337371826
485,1,0.9193452596664429
486,1,0.9754753708839417
487,1,0.988058865070343
488,1,0.7305393218994141
489,1,0.9671670198440552
490,1,0.891335129737854
491,1,0.8576982617378235
492,1,0.8818486332893372
493,1,0.9683428406715393
494,1,0.9713889360427856
495,1,0.9886577725410461
496,1,0.9290091395378113
497,1,0.5006306171417236
498,1,0.03654932230710983
499,1,0.9551519751548767
500,1,0.8479238152503967
501,1,0.7876893281936646
502,1,0.15935908257961273
503,1,0.8469304442405701
504,1,0.552452027797699
505,1,0.8509244322776794
506,1,0.8604323267936707
507,1,0.4067232608795166
508,1,0.8728179335594177
509,1,0.8132914304733276
510,1,0.7612001895904541
511,1,0.8951492309570312
512,1,0.3406383693218231
513,1,0.34774091839790344
514,1,0.3966223895549774
515,1,0.341762900352478
516,1,0.02545708417892456
517,1,0.8850728273391724
518,1,0.7075578570365906
519,1,0.7703231573104858
520,1,0.04395998641848564
521,1,0.10967546701431274
522,1,0.11366528272628784
523,1,0.7292036414146423
524,1,0.9120049476623535
525,1,0.042578257620334625
526,1,0.8807916045188904
527,1,0.2222912311553955
528,1,0.11485026031732559
529,1,0.5708827376365662
530,1,0.05194605886936188
531,1,0.039864905178546906
532,1,0.4462343454360962
533,1,0.04642866551876068
534,1,0.8740475177764893
535,1,0.9106668829917908
536,1,0.5396379232406616
537,1,0.7433215379714966
538,1,0.8653175234794617
539,1,0.5176360607147217
540,1,0.5275260210037231
541,1,0.6387898325920105
542,1,0.6363914012908936
543,1,0.5470326542854309
544,1,0.594840943813324
545,1,0.8155816793441772
546,1,0.8895893692970276
547,1,0.5564360022544861
548,1,0.9247275590896606
549,1,0.7454072833061218
550,1,0.7706331014633179
551,1,0.5455491542816162
552,1,0.3610927164554596
553,1,0.6254886984825134
554,1,0.705042839050293
555,1,0.8364993333816528
556,1,0.9500976800918579
557,1,0.911549985408783
558,1,0.11634822189807892
559,1,0.9030370116233826
560,1,0.8886987566947937
561,1,0.7045499086380005
562,1,0.8638743758201599
563,1,0.9277936220169067
564,1,0.7582823634147644
565,1,0.8922792673110962
566,1,0.933819591999054
567,1,0.9239804744720459
568,1,0.8716040849685669
569,1,0.08318999409675598
570,1,0.7763932943344116
571,1,0.8715174198150635
572,1,0.9700531959533691
573,1,0.7959399223327637
574,1,0.9953989386558533
575,1,0.7208026647567749
576,1,0.3210090100765228
577,1,0.9788051843643188
578,1,0.8693978786468506
579,1,0.9478386640548706
580,1,0.9793206453323364
581,1,0.9706605672836304
582,1,0.942673921585083
583,1,0.883638858795166
584,1,0.4214056134223938
585,1,0.15332761406898499
586,1,0.6262442469596863
587,1,0.9857271313667297
588,1,0.7842655777931213
589,1,0.963019847869873
590,1,0.6929547190666199
591,1,0.11945246905088425
592,1,0.9654676914215088
593,1,0.7731053829193115
594,1,0.9349675178527832
595,1,0.5825749039649963
596,1,0.9765304923057556
597,1,0.8854123950004578
598,1,0.9696402549743652
599,1,0.57181316614151
600,1,0.9649753570556641
601,1,0.9900379180908203
602,1,0.9852389097213745
603,1,0.985017716884613
604,1,0.9916771650314331
605,1,0.9859619736671448
606,1,0.9839942455291748
607,1,0.9857428073883057
608,1,0.9848723411560059
609,1,0.8304066061973572
610,1,0.8405960202217102
611,1,0.801063060760498
612,1,0.9599646329879761
613,1,0.9835613369941711
614,1,0.9805548787117004
615,1,0.9064781069755554
616,1,0.9807273149490356
617,1,0.9773247241973877
618,1,0.9060689210891724
619,1,0.9497189521789551
620,1,0.5752684473991394
621,1,0.4406675696372986
622,1,0.7440553307533264
623,1,0.780826210975647
624,1,0.9120204448699951
625,1,0.8657882809638977
626,1,0.8265295624732971
627,1,0.9767295122146606
628,1,0.9855933785438538
629,1,0.9835536479949951
630,1,0.9728355407714844
631,1,0.8680575489997864
632,1,0.8903756141662598
633,1,0.7998248934745789
634,1,0.91665118932724
635,1,0.8442932963371277
636,1,0.969551146030426
637,1,0.8436861634254456
638,1,0.9651201367378235
639,1,0.7835214734077454
640,1,0.8756570219993591
641,1,0.9455045461654663
642,1,0.9397159814834595
643,1,0.7890966534614563
644,1,0.9826580882072449
645,1,0.9945753812789917
646,1,0.989245593547821
647,1,0.974407970905304
648,1,0.9676474332809448
649,1,0.9212231040000916
650,1,0.8177088499069214
651,1,0.9809883832931519
652,1,0.8935990333557129
653,1,0.4280177056789398
654,1,0.765311062335968
655,1,0.6492789387702942
656,1,0.9770021438598633
657,1,0.9716487526893616
658,1,0.9738053679466248
659,1,0.9888690710067749
660,1,0.05720653384923935
661,1,0.4408414661884308
662,1,0.9887714982032776
663,1,0.9698997735977173
664,1,0.787131667137146
665,1,0.9739294052124023
666,1,0.9428520798683167
667,1,0.9615622758865356
668,1,0.8175286054611206
669,1,0.8852861523628235
670,1,0.7768898010253906
671,1,0.9875375628471375
672,1,0.9799025654792786
673,1,0.9846485257148743
674,1,0.9665968418121338
675,1,0.9921146035194397
676,1,0.8907383680343628
677,1,0.9902106523513794
678,1,0.9895147085189819
679,1,0.9664008617401123
680,1,0.9702628254890442
681,1,0.8701522350311279
682,1,0.9827637672424316
683,1,0.9043562412261963
684,1,0.971856415271759
685,1,0.993682861328125
686,1,0.9948986172676086
687,1,0.9885392785072327
688,1,0.39767515659332275
689,1,0.23542006313800812
690,1,0.9398187398910522
691,1,0.9567471742630005
692,1,0.9470798373222351
693,1,0.9656140804290771
694,1,0.9777638912200928
695,1,0.7950426340103149
696,1,0.9353335499763489
697,1,0.9270095825195312
698,1,0.8089600205421448
699,1,0.9935053586959839
700,1,0.9955199956893921
701,1,0.962118923664093
702,1,0.9533193707466125
703,1,0.8307061791419983
704,1,0.959135890007019
705,1,0.9651020169258118
706,1,0.9677543640136719
707,1,0.779046893119812
708,1,0.2997564375400543
709,1,0.9577105641365051
710,1,0.9644977450370789
711,1,0.8939546942710876
712,1,0.5093281269073486
713,1,0.2729480564594269
714,1,0.6697799563407898
715,1,0.040657758712768555
716,1,0.8868128061294556
717,1,0.6164594292640686
718,1,0.11583354324102402
719,1,0.16667449474334717
720,1,0.31373533606529236
721,1,0.15060032904148102
722,1,0.02719353511929512
723,1,0.14482316374778748
724,1,0.11959653347730637
725,1,0.8679402470588684
726,1,0.9131023287773132
727,1,0.022637099027633667
728,1,0.32801488041877747
729,1,0.47973477840423584
730,1,0.13549314439296722
731,1,0.08502001315355301
732,1,0.30645665526390076
733,1,0.7786374092102051
734,1,0.7713714838027954
735,1,0.11351121962070465
736,1,0.7218363881111145
737,1,0.12263232469558716
738,1,0.9103920459747314
739,1,0.8610203862190247
740,1,0.09178214520215988
741,1,0.5842238068580627
742,1,0.5475638508796692
743,1,0.37935248017311096
744,1,0.4721634089946747
745,1,0.2817542254924774
746,1,0.421491414308548
747,1,0.507595956325531
748,1,0.8391086459159851
749,1,0.9108115434646606
750,1,0.9232277274131775
751,1,0.578891396522522
752,1,0.175364688038826
753,1,0.4805653393268585
754,1,0.8603782653808594
755,1,0.8539417386054993
756,1,0.6720641255378723
757,1,0.8837693929672241
758,1,0.15773321688175201
759,1,0.554267406463623
760,1,0.9065413475036621
761,1,0.8840987086296082
762,1,0.8197075724601746
763,1,0.7770615816116333
764,1,0.2353951632976532
765,1,0.6201159358024597
766,1,0.13906311988830566
767,1,0.9465072751045227
768,1,0.5938435792922974
769,1,0.7451727390289307
770,1,0.7417076230049133
771,1,0.7126011848449707
772,1,0.8545815348625183
773,1,0.7678303718566895
774,1,0.7606343030929565
775,1,0.31818196177482605
776,1,0.7751615643501282
777,1,0.8492111563682556
778,1,0.7623907923698425
779,1,0.8700904250144958
780,1,0.9101454615592957
781,1,0.938763439655304
782,1,0.8863593935966492
783,1,0.8376567363739014
784,1,0.860334575176239
785,1,0.7716169953346252
786,1,0.6351556777954102
787,1,0.48600852489471436
788,1,0.9290491938591003
789,1,0.3149362802505493
790,1,0.9381782412528992
791,1,0.939751148223877
792,1,0.8935554027557373
793,1,0.24502453207969666
794,1,0.887353241443634
795,1,0.9793463945388794
796,1,0.705703854560852
797,1,0.6773353815078735
798,1,0.8125852346420288
799,1,0.7791551351547241
800,1,0.9482256174087524
801,1,0.7344882488250732
802,1,0.9060088992118835
803,1,0.9120627641677856
804,1,0.9245080351829529
805,1,0.8491551876068115
806,1,0.9503706097602844
807,1,0.8883658647537231
808,1,0.8703973889350891
809,1,0.7941922545433044
810,1,0.7434688210487366
811,1,0.8765705227851868
812,1,0.9157296419143677
813,1,0.317986398935318
814,1,0.30889421701431274
815,1,0.0636880025267601
816,1,0.9674888253211975
817,1,0.6241543292999268
818,1,0.987525224685669
819,1,0.934741735458374
820,1,0.970827043056488
821,1,0.8969030976295471
822,1,0.9790048599243164
823,1,0.8431163430213928
824,1,0.9529321193695068
825,1,0.8656911849975586
826,1,0.7630271911621094
827,1,0.6928609013557434
828,1,0.8940505385398865
829,1,0.955428957939148
830,1,0.9787541031837463
831,1,0.9129725098609924
832,1,0.9709267616271973
833,1,0.4413396418094635
834,1,0.9872004985809326
835,1,0.9814136028289795
836,1,0.9571769833564758
837,1,0.21861162781715393
838,1,0.655562162399292
839,1,0.9836432337760925
840,1,0.9408456683158875
841,1,0.90345299243927
842,1,0.9473848938941956
843,1,0.9786846041679382
844,1,0.9736277461051941
845,1,0.9659774303436279
846,1,0.9722540378570557
847,1,0.9864983558654785
848,1,0.9566689133644104
849,1,0.9477320909500122
850,1,0.9688068628311157
851,1,0.9864951372146606
852,1,0.9342232346534729
853,1,0.9860399961471558
854,1,0.8919872045516968
855,1,0.9906671643257141
856,1,0.9707141518592834
857,1,0.8241689205169678
858,1,0.47697001695632935
859,1,0.15544874966144562
860,1,0.1060108169913292
861,1,0.9299709796905518
862,1,0.16628846526145935
863,1,0.3287036418914795
864,1,0.7179549932479858
865,1,0.8818541169166565
866,1,0.9364795088768005
867,1,0.8342320919036865
868,1,0.4535689055919647
869,1,0.6598591804504395
870,1,0.9320149421691895
871,1,0.6071501970291138
872,1,0.8765106201171875
873,1,0.7624672055244446
874,1,0.7292378544807434
875,1,0.8156780004501343
876,1,0.8420189619064331
877,1,0.7748194336891174
878,1,0.7764483094215393
879,1,0.8072469234466553
880,1,0.838312029838562
881,1,0.5046088099479675
882,1,0.5787867903709412
883,1,0.38949325680732727
884,1,0.7175033092498779
885,1,0.7772331237792969
886,1,0.895025908946991
887,1,0.8545477390289307
888,1,0.7868881225585938
889,1,0.07094096392393112
890,1,0.8606913089752197
891,1,0.3666979968547821
892,1,0.7783932089805603
893,1,0.7344324588775635
894,1,0.9024036526679993
895,1,0.49355199933052063
896,1,0.3982749879360199
897,1,0.1627265065908432
898,1,0.3549644947052002
899,1,0.8257333040237427
900,1,0.45192620158195496
901,1,0.8089504241943359
902,1,0.5676273107528687
903,1,0.4803203046321869
904,1,0.6222023963928223
905,1,0.8444911241531372
906,1,0.7191298604011536
907,1,0.7060980796813965
908,1,0.513701856136322
909,1,0.3906234800815582
910,1,0.4722200036048889
911,1,0.6601868867874146
912,1,0.22166582942008972
913,1,0.25670310854911804
914,1,0.7707156538963318
915,1,0.9639991521835327
916,1,0.9367567300796509
917,1,0.7225205898284912
918,1,0.9281540513038635
919,1,0.914734959602356
920,1,0.9599166512489319
921,1,0.8455305099487305
922,1,0.462849885225296
923,1,0.27239394187927246
924,1,0.8207953572273254
925,1,0.9407751560211182
926,1,0.8915780186653137
927,1,0.939224362373352
928,1,0.8746370673179626
929,1,0.9185550212860107
930,1,0.9658524394035339
931,1,0.8242791295051575
932,1,0.7014131546020508
933,1,0.8918346166610718
934,1,0.8831737637519836
935,1,0.899549126625061
936,1,0.8993638753890991
937,1,0.9807238578796387
938,1,0.8560595512390137
939,1,0.9144064784049988
940,1,0.7655227780342102
941,1,0.9493991732597351
942,1,0.8572629690170288
943,1,0.8674319982528687
944,1,0.909431517124176
945,1,0.8637344241142273
946,1,0.906937837600708
947,1,0.913217306137085
948,1,0.8763422966003418
949,1,0.8765450716018677
950,1,0.7294317483901978
951,1,0.8977925181388855
952,1,0.928931713104248
953,1,0.9381962418556213
954,1,0.946366012096405
955,1,0.14249368011951447
956,1,0.48302310705184937
957,1,0.7186943292617798
958,1,0.9476873278617859
959,1,0.9596623182296753
960,1,0.9307409524917603
961,1,0.9483814835548401
962,1,0.7846623659133911
963,1,0.8134955167770386
964,1,0.8151156902313232
965,1,0.9152421355247498
966,1,0.8958417177200317
967,1,0.8330103754997253
968,1,0.8808025121688843
969,1,0.8844465017318726
970,1,0.9058482646942139
971,1,0.750211238861084
972,1,0.9390631318092346
973,1,0.9154589176177979
974,1,0.9149040579795837
975,1,0.9345424175262451
976,1,0.8951345086097717
977,1,0.8778104782104492
978,1,0.845578134059906
979,1,0.8081057667732239
980,1,0.915136992931366
981,1,0.6783959269523621
982,1,0.85596764087677
983,1,0.788271427154541
984,1,0.8777279257774353
985,1,0.7783700227737427
986,1,0.7624887824058533
987,1,0.9379898905754089
988,1,0.8917596936225891
989,1,0.89741450548172
990,1,0.8955775499343872
991,1,0.9260005950927734
992,1,0.8761018514633179
993,1,0.7801052331924438
994,1,0.9284204244613647
995,1,0.8906235694885254
996,1,0.9398520588874817
997,1,0.8249229788780212
998,1,0.9530932307243347
999,1,0.8716492652893066
1000,1,0.8450080752372742
1001,1,0.8822548389434814
1002,1,0.912308394908905
1003,1,0.8319559097290039
1004,1,0.9813398718833923
1005,1,0.9152153730392456
1006,1,0.9601028561592102
1007,1,0.7411990761756897
1008,1,0.09655691683292389
1009,1,0.8970081806182861
1010,1,0.8910390734672546
1011,1,0.8939875364303589
1012,1,0.7923359274864197
1013,1,0.9799026846885681
1014,1,0.9727882742881775
1015,1,0.8045756816864014
1016,1,0.9553903341293335
1017,1,0.8753080368041992
1018,1,0.9110543727874756
1019,1,0.9161983728408813
1020,1,0.8719074726104736
1021,1,0.6093207597732544
1022,1,0.8927851915359497
1023,1,0.06868655979633331
1024,1,0.6442704200744629
1025,1,0.9098601937294006
1026,1,0.9194996356964111
1027,1,0.937125027179718
1028,1,0.951471745967865
1029,1,0.9585293531417847
1030,1,0.9864923357963562
1031,1,0.9595950245857239
1032,1,0.9371038675308228
1033,1,0.9870290756225586
1034,1,0.9865517616271973
1035,1,0.9817438125610352
1036,1,0.7043905258178711
1037,1,0.7412272095680237
1038,1,0.9465725421905518
1039,1,0.8906232714653015
1040,1,0.8681532740592957
1041,1,0.990420937538147
1042,1,0.9933937191963196
1043,1,0.9416354298591614
1044,1,0.07455337792634964
1045,1,0.8730331659317017
1046,1,0.9833043813705444
1047,1,0.48531031608581543
1048,1,0.7696247696876526
1049,1,0.9719324707984924
1050,1,0.902177095413208
1051,1,0.8599703311920166
1052,1,0.9233529567718506
1053,1,0.9635515809059143
1054,1,0.9787734150886536
1055,1,0.2416357398033142
1056,1,0.4694478213787079
1057,1,0.4775683283805847
1058,1,0.9918650984764099
1059,1,0.9231861233711243
1060,1,0.9691101908683777
1061,1,0.9798868894577026
1062,1,0.812029242515564
1063,1,0.8815703392028809
1064,1,0.7587913274765015
1065,1,0.7932717204093933
1066,1,0.8432700634002686
1067,1,0.8174464106559753
1068,1,0.647566020488739
1069,1,0.7416001558303833
1070,1,0.7435804009437561
1071,1,0.8261091709136963
1072,1,0.7472501993179321
1073,1,0.11011598259210587
1074,1,0.8796990513801575
1075,1,0.20632287859916687
1076,1,0.6711440086364746
1077,1,0.818932831287384
1078,1,0.814010500907898
1079,1,0.3578924536705017
1080,1,0.8355252146720886
1081,1,0.3496240973472595
1082,1,0.6182329058647156
1083,1,0.34008145332336426
1084,1,0.8597659468650818
1085,1,0.8253936171531677
1086,1,0.7657177448272705
1087,1,0.802649199962616
1088,1,0.4208019971847534
1089,1,0.3305659890174866
1090,1,0.6214935779571533
1091,1,0.8087142109870911
1092,1,0.5096494555473328
1093,1,0.15098029375076294
1094,1,0.4593055546283722
1095,1,0.39190518856048584
1096,1,0.7321261167526245
1097,1,0.7331006526947021
1098,1,0.7106607556343079
1099,1,0.776573896408081
1100,1,0.846435546875
1101,1,0.7870298624038696
1102,1,0.8571643233299255
1103,1,0.5453841686248779
1104,1,0.852799654006958
1105,1,0.7347900867462158
1106,1,0.7281243801116943
1107,1,0.6376883387565613
1108,1,0.19642330706119537
1109,1,0.3237914443016052
1110,1,0.92878657579422
1111,1,0.8335877060890198
1112,1,0.9713196754455566
1113,1,0.5937914252281189
1114,1,0.6696937680244446
1115,1,0.8476836681365967
1116,1,0.6538163423538208
1117,1,0.6901824474334717
1118,1,0.7863948941230774
1119,1,0.8509336709976196
1120,1,0.8179293870925903
1121,1,0.1307615488767624
1122,1,0.9080235958099365
1123,1,0.7573323845863342
1124,1,0.9489317536354065
1125,1,0.9545426964759827
1126,1,0.6833215951919556
1127,1,0.942347526550293
1128,1,0.8716396689414978
1129,1,0.9281853437423706
1130,1,0.852887749671936
1131,1,0.8354719877243042
1132,1,0.9620529413223267
1133,1,0.6682659983634949
1134,1,0.768785297870636
1135,1,0.8367381691932678
1136,1,0.820884108543396
1137,1,0.12269117683172226
1138,1,0.8618744015693665
1139,1,0.9628742933273315
1140,1,0.8674902319908142
1141,1,0.7877103686332703
1142,1,0.9433866143226624
1143,1,0.9046157002449036
1144,1,0.899333119392395
1145,1,0.9069181084632874
1146,1,0.8723722100257874
1147,1,0.0939445048570633
1148,1,0.11239153146743774
1149,1,0.9903050661087036
1150,1,0.9035683870315552
1151,1,0.9326022267341614
1152,1,0.9644750952720642
1153,1,0.8453161120414734
1154,1,0.9560293555259705
1155,1,0.9868209958076477
1156,1,0.9668806195259094
1157,1,0.9667389988899231
1158,1,0.9834092855453491
1159,1,0.9925684928894043
1160,1,0.9856747984886169
1161,1,0.7270138263702393
1162,1,0.9757686853408813
1163,1,0.8877512812614441
1164,1,0.9377444386482239
1165,1,0.9365566968917847
1166,1,0.953396201133728
1167,1,0.9644178748130798
1168,1,0.9657593369483948
1169,1,0.9699069857597351
1170,1,0.9675052165985107
1171,1,0.9239237904548645
1172,1,0.9309730529785156
1173,1,0.8955066800117493
1174,1,0.9877504706382751
1175,1,0.9656380414962769
1176,1,0.9551874399185181
1177,1,0.8010563850402832
1178,1,0.897948682308197
1179,1,0.9866804480552673
1180,1,0.2169533222913742
1181,1,0.9857960939407349
1182,1,0.4196603000164032
1183,1,0.8063910007476807
1184,1,0.9142479300498962
1185,1,0.9544490575790405
1186,1,0.9211302399635315
1187,1,0.9732758402824402
1188,1,0.9725651741027832
1189,1,0.9552811980247498
1190,1,0.8471360206604004
1191,1,0.9528369903564453
1192,1,0.13686834275722504
1193,1,0.28403177857398987
1194,1,0.2237575501203537
1195,1,0.15861497819423676
1196,1,0.7374905943870544
1197,1,0.9590327739715576
1198,1,0.06609376519918442
1199,1,0.2758791446685791
1200,1,0.03834166005253792
1201,1,0.2580775320529938
1202,1,0.9637842774391174
1203,1,0.9577916860580444
1204,1,0.7861164808273315
1205,1,0.673210084438324
1206,1,0.8363850712776184
1207,1,0.8357682228088379
1208,1,0.47112104296684265
1209,1,0.8447777032852173
1210,1,0.7972738146781921
1211,1,0.7788888216018677
1212,1,0.7711441516876221
1213,1,0.9389313459396362
1214,1,0.31946584582328796
1215,1,0.25798705220222473
1216,1,0.7802984714508057
1217,1,0.8626163005828857
1218,1,0.8293904066085815
1219,1,0.6832183003425598
1220,1,0.8275771141052246
1221,1,0.7080897092819214
1222,1,0.7113215327262878
1223,1,0.5550401210784912
1224,1,0.6460988521575928
1225,1,0.799867570400238
1226,1,0.7984023690223694
1227,1,0.3103477954864502
1228,1,0.8269503712654114
1229,1,0.844036877155304
1230,1,0.681960940361023
1231,1,0.682307779788971
1232,1,0.5296798348426819
1233,1,0.5299549698829651
1234,1,0.78197181224823
1235,1,0.8364740014076233
1236,1,0.4112142026424408
1237,1,0.7249706387519836
1238,1,0.7022468447685242
1239,1,0.7393890023231506
1240,1,0.8679822087287903
1241,1,0.5125694870948792
1242,1,0.5133145451545715
1243,1,0.7892728447914124
1244,1,0.4484846591949463
1245,1,0.009068683721125126
1246,1,0.861359715461731
1247,1,0.7009084820747375
1248,1,0.09522560983896255
1249,1,0.9125656485557556
1250,1,0.34110012650489807
1251,1,0.774056613445282
1252,1,0.3582316040992737
1253,1,0.8092081546783447
1254,1,0.7266644239425659
1255,1,0.8111112117767334
1256,1,0.3800736963748932
1257,1,0.6237829923629761
1258,1,0.8853261470794678
1259,1,0.21724450588226318
1260,1,0.8461808562278748
1261,1,0.11154110729694366
1262,1,0.6948572993278503
1263,1,0.07896938174962997
1264,1,0.40703433752059937
1265,1,0.6642158031463623
1266,1,0.03443467617034912
1267,1,0.9031931757926941
1268,1,0.45612600445747375
1269,1,0.8533596396446228
1270,1,0.8212770819664001
1271,1,0.6228919625282288
1272,1,0.08959357440471649
1273,1,0.9252645969390869
1274,1,0.3163127601146698
1275,1,0.5212234258651733
1276,1,0.7746789455413818
1277,1,0.6257671117782593
1278,1,0.7421368360519409
1279,1,0.7702303528785706
1280,1,0.09744525700807571
1281,1,0.8981212377548218
1282,1,0.43665796518325806
1283,1,0.78689044713974
1284,1,0.7956786751747131
1285,1,0.7238585948944092
1286,1,0.8711367845535278
1287,1,0.14553643763065338
1288,1,0.632968544960022
1289,1,0.8883227705955505
1290,1,0.5151947736740112
1291,1,0.8140169382095337
1292,1,0.8433330655097961
1293,1,0.5483465790748596
1294,1,0.5406695008277893
1295,1,0.7972654104232788
1296,1,0.48284998536109924
1297,1,0.36748814582824707
1298,1,0.8655269145965576
1299,1,0.9217134118080139
1300,1,0.2180114984512329
1301,1,0.8728063106536865
1302,1,0.941555380821228
1303,1,0.39089155197143555
1304,1,0.7911218404769897
1305,1,0.35185837745666504
1306,1,0.5328021049499512
1307,1,0.9202022552490234
1308,1,0.9582144618034363
1309,1,0.7414804697036743
1310,1,0.32090309262275696
1311,1,0.913139283657074
1312,1,0.4346526861190796
1313,1,0.8691161870956421
1314,1,0.013012722134590149
1315,1,0.3271954357624054
1316,1,0.8474074006080627
1317,1,0.9422287344932556
1318,1,0.7504018545150757
1319,1,0.6834309101104736
1320,1,0.6851271986961365
1321,1,0.9588088393211365
1322,1,0.943157434463501
1323,1,0.9864793419837952
1324,1,0.988935649394989
1325,1,0.9059240818023682
1326,1,0.8733526468276978
1327,1,0.8703773617744446
1328,1,0.8175032138824463
1329,1,0.9025740623474121
1330,1,0.9164637327194214
1331,1,0.7527328133583069
1332,1,0.857109010219574
1333,1,0.9409640431404114
1334,1,0.9225022196769714
1335,1,0.9149360656738281
1336,1,0.20159874856472015
1337,1,0.8555879592895508
1338,1,0.9610368609428406
1339,1,0.9445903301239014
1340,1,0.9144612550735474
1341,1,0.9251110553741455
1342,1,0.9002638459205627
1343,1,0.9173719882965088
1344,1,0.705170750617981
1345,1,0.8204393982887268
1346,1,0.7927456498146057
1347,1,0.6797313690185547
1348,1,0.8188511729240417
1349,1,0.8631360530853271
1350,1,0.9796363115310669
1351,1,0.9471105337142944
1352,1,0.801791250705719
1353,1,0.8250894546508789
1354,1,0.733143150806427
1355,1,0.6066334247589111
1356,1,0.9065470695495605
1357,1,0.8553037643432617
1358,1,0.7946454286575317
1359,1,0.9137629270553589
1360,1,0.6666868329048157
1361,1,0.9498816132545471
1362,1,0.9736596941947937
1363,1,0.954480767250061
1364,1,0.8415796160697937
1365,1,0.9246239066123962
1366,1,0.7352040410041809
1367,1,0.8681301474571228
1368,1,0.9132378101348877
1369,1,0.8458610773086548
1370,1,0.9425534605979919
1371,1,0.9761383533477783
1372,1,0.8502928018569946
1373,1,0.9555210471153259
1374,1,0.799065113067627
1375,1,0.9281817674636841
1376,1,0.775355339050293
1377,1,0.9869986176490784
1378,1,0.8345696926116943
1379,1,0.6773314476013184
1380,1,0.630917489528656
1381,1,0.9077804684638977
1382,1,0.9633297324180603
1383,1,0.5974140763282776
1384,1,0.9392608404159546
1385,1,0.7650079131126404
1386,1,0.9156065583229065
1387,1,0.9400799870491028
1388,1,0.6404543519020081
1389,1,0.9392240047454834
1390,1,0.976536750793457
1391,1,0.9424683451652527
1392,1,0.9838392734527588
1393,1,0.9298638701438904
1394,1,0.9570913314819336
1395,1,0.9865455031394958
1396,1,0.863694965839386
1397,1,0.9654089212417603
1398,1,0.9095266461372375
1399,1,0.9624586701393127
1400,1,0.960309624671936
1401,1,0.9210156798362732
1402,1,0.9725813865661621
1403,1,0.4540274739265442
1404,1,0.9652422666549683
1405,1,0.9682613611221313
1406,1,0.21186409890651703
1407,1,0.9641748070716858
1408,1,0.9936597943305969
1409,1,0.9690872430801392
1410,1,0.9248723387718201
1411,1,0.9936687350273132
1412,1,0.9606872797012329
1413,1,0.9876104593276978
1414,1,0.9362221956253052
1415,1,0.7476184964179993
1416,1,0.9958587288856506
1417,1,0.9632159471511841
1418,1,0.9903316497802734
1419,1,0.9594458937644958
1420,1,0.9891005158424377
1421,1,0.987762987613678
1422,1,0.9206880331039429
1423,1,0.7219417691230774
1424,1,0.3281940519809723
1425,1,0.9686428904533386
1426,1,0.9609293937683105
1427,1,0.8623567223548889
1428,1,0.959276556968689
1429,1,0.9698459506034851
1430,1,0.9714739918708801
1431,1,0.942419707775116
1432,1,0.9880423545837402
1433,1,0.9560035467147827
1434,1,0.988321840763092
1435,1,0.4119568169116974
1436,1,0.9652813673019409
1437,1,0.9271563291549683
1438,1,0.25560975074768066
1439,1,0.18022926151752472
1440,1,0.9668259024620056
1441,1,0.6144693493843079
1442,1,0.9400321245193481
1443,1,0.9539798498153687
1444,1,0.9619397521018982
1445,1,0.9560912847518921
1446,1,0.8709044456481934
1447,1,0.6663185358047485
1448,1,0.5661194920539856
1449,1,0.9819942116737366
1450,1,0.8943825364112854
1451,1,0.9498223662376404
1452,1,0.9863184690475464
1453,1,0.9494500756263733
1454,1,0.8001318573951721
1455,1,0.975399911403656
1456,1,0.9663234949111938
1457,1,0.9684585928916931
1458,1,0.9747451543807983
1459,1,0.9444020986557007
1460,1,0.9713065028190613
1461,1,0.0636880025267601
1462,1,0.9751356244087219
1463,1,0.939167857170105
1464,1,0.9550313949584961
1465,1,0.9526756405830383
1466,1,0.9677448868751526
1467,1,0.9841892123222351
1468,1,0.9614094495773315
1469,1,0.978513777256012
1470,1,0.9839584827423096
1471,1,0.9848034381866455
1472,1,0.19492600858211517
1473,1,0.30747488141059875
1474,1,0.16648970544338226
1475,1,0.6498951315879822
1476,1,0.701189398765564
1477,1,0.3656512200832367
1478,1,0.19428955018520355
1479,1,0.7201727032661438
1480,1,0.21729305386543274
1481,1,0.5943395495414734
1482,1,0.6313460469245911
1483,1,0.7969478964805603
1484,1,0.41091588139533997
1485,1,0.9034634232521057
1486,1,0.9128510355949402
1487,1,0.14332886040210724
1488,1,0.5229669213294983
1489,1,0.8161017894744873
1490,1,0.8716430068016052
1491,1,0.9146644473075867
1492,1,0.7638728022575378
1493,1,0.9064518213272095
1494,1,0.02188054844737053
1495,1,0.6480903625488281
1496,1,0.9033612608909607
1497,1,0.6578994989395142
1498,1,0.9265040159225464
1499,1,0.9543178081512451
1500,1,0.9767066240310669
1501,1,0.9045576453208923
1502,1,0.9249451756477356
1503,1,0.8668469786643982
1504,1,0.9437028765678406
1505,1,0.9181321263313293
1506,1,0.9444814920425415
1507,1,0.8128271698951721
1508,1,0.17305269837379456
1509,1,0.9133873581886292
1510,1,0.9690203070640564
1511,1,0.9605749845504761
1512,1,0.5405600070953369
1513,1,0.9860424399375916
1514,1,0.9071843028068542
1515,1,0.6253008246421814
1516,1,0.7119928002357483
1517,1,0.9264752268791199
1518,1,0.8812979459762573
1519,1,0.9145779013633728
1520,1,0.9437505602836609
1521,1,0.9958720803260803
1522,1,0.9942157864570618
1523,1,0.5988378524780273
1524,1,0.9642261862754822
1525,1,0.8241788744926453
1526,1,0.8541799187660217
1527,1,0.7489272952079773
1528,1,0.8822168111801147
1529,1,0.935861349105835
1530,1,0.9653972387313843
1531,1,0.9122943878173828
1532,1,0.177508145570755
1533,1,0.5434354543685913
1534,1,0.9613016843795776
1535,1,0.9216723442077637
1536,1,0.9485595226287842
1537,1,0.9230795502662659
1538,1,0.5286881327629089
1539,1,0.7885315418243408
1540,1,0.15620791912078857
1541,1,0.9784612059593201
1542,1,0.4877072870731354
1543,1,0.9450915455818176
1544,1,0.8594815731048584
1545,1,0.9285183548927307
1546,1,0.9541716575622559
1547,1,0.9135885238647461
1548,1,0.9464666843414307
1549,1,0.9746981263160706
1550,1,0.9011015295982361
1551,1,0.7487658262252808
1552,1,0.9090477228164673
1553,1,0.2767774760723114
1554,1,0.8055256009101868
1555,1,0.9664910435676575
1556,1,0.8922538161277771
1557,1,0.7650076746940613
1558,1,0.9731133580207825
1559,1,0.9552016854286194
1560,1,0.9662074446678162
1561,1,0.949697732925415
1562,1,0.9421495795249939
1563,1,0.641549825668335
1564,1,0.9886088371276855
1565,1,0.9733672142028809
1566,1,0.9674729704856873
1567,1,0.9878425598144531
1568,1,0.9869943261146545
1569,1,0.9753112196922302
1570,1,0.9461992383003235
1571,1,0.9243422150611877
1572,1,0.8963426351547241
1573,1,0.9889218807220459
1574,1,0.9430102705955505
1575,1,0.9510611891746521
1576,1,0.9837161302566528
1577,1,0.9835626482963562
1578,1,0.958168625831604
1579,1,0.9592726230621338
1580,1,0.9803099036216736
1581,1,0.977334201335907
1582,1,0.9395312070846558
1583,1,0.9787240028381348
1584,1,0.9509885311126709
1585,1,0.9385837316513062
1586,1,0.7061991095542908
1587,1,0.9425778985023499
1588,1,0.9648390412330627
1589,1,0.9558091163635254
1590,1,0.9846327304840088
1591,1,0.9851658940315247
1592,1,0.9909606575965881
1593,1,0.991327702999115
1594,1,0.9802810549736023
1595,1,0.9898250699043274
1596,1,0.9920969009399414
1597,1,0.9281246662139893
1598,1,0.9892906546592712
1599,1,0.9933191537857056
1600,1,0.9767746329307556
1601,1,0.989528238773346
1602,1,0.9825615286827087
1603,1,0.9004693627357483
1604,1,0.9445632696151733
1605,1,0.9827689528465271
1606,1,0.9833343625068665
1607,1,0.38455265760421753
1608,1,0.9956592917442322
1609,1,0.4294804036617279
1610,1,0.9280096888542175
1611,1,0.9883689880371094
1612,1,0.6292957663536072
1613,1,0.9543307423591614
1614,1,0.975618839263916
1615,1,0.9795942902565002
1616,1,0.9715238213539124
1617,1,0.9509628415107727
1618,1,0.989741325378418
1619,1,0.9665116667747498
1620,1,0.22065649926662445
1621,1,0.9483148455619812
1622,1,0.9467484951019287
1623,1,0.9189339280128479
1624,1,0.8685254454612732
1625,1,0.9631131887435913
1626,1,0.9812379479408264
1627,1,0.982155978679657
1628,1,0.8815028071403503
1629,1,0.9225912094116211
1630,1,0.09595057368278503
1631,1,0.9604225158691406
1632,1,0.8306388854980469
1633,1,0.8947201371192932
1634,1,0.7744684219360352
1635,1,0.9090319871902466
1636,1,0.5746269822120667
1637,1,0.9524357318878174
1638,1,0.9078739285469055
1639,1,0.884555995464325
1640,1,0.2729420065879822
1641,1,0.5959987044334412
1642,1,0.9404338598251343
1643,1,0.9832119345664978
1644,1,0.2800096869468689
1645,1,0.8677113056182861
1646,1,0.9962510466575623
1647,1,0.9744434952735901
1648,1,0.9634493589401245
1649,1,0.18069733679294586
1650,1,0.2153197079896927
1651,1,0.13755731284618378
1652,1,0.09437642246484756
1653,1,0.07110131531953812
1654,1,0.2812720537185669
1655,1,0.05518411099910736
1656,1,0.09120193868875504
1657,1,0.3768928349018097
1658,1,0.04392601177096367
1659,1,0.06286172568798065
1660,1,0.08301050215959549
1661,1,0.06713934987783432
1662,1,0.03531209006905556
1663,1,0.1200864315032959
1664,1,0.09578023850917816
1665,1,0.022706225514411926
1666,1,0.9940715432167053
1667,1,0.986274778842926
1668,1,0.992702841758728
1669,1,0.9587138295173645
1670,1,0.9549897313117981
1671,1,0.8598617911338806
1672,1,0.9860466122627258
1673,1,0.13356317579746246
1674,1,0.03933306038379669
1675,1,0.1339472234249115
1676,1,0.8466955423355103
1677,1,0.972292959690094
1678,1,0.9955893754959106
1679,1,0.9781258702278137
1680,1,0.9343734979629517
1681,1,0.9427639245986938
1682,1,0.690371572971344
1683,1,0.9439027309417725
1684,1,0.9830182790756226
1685,1,0.9615456461906433
1686,1,0.8824344277381897
1687,1,0.3737157881259918
1688,1,0.803088903427124
1689,1,0.9268808364868164
1690,1,0.38074612617492676
1691,1,0.8749648332595825
1692,1,0.946574330329895
1693,1,0.9866500496864319
1694,1,0.944101095199585
1695,1,0.6411719918251038
1696,1,0.9191594123840332
1697,1,0.9609416127204895
1698,1,0.64090496301651
1699,1,0.9116509556770325
1700,1,0.9551653861999512
1701,1,0.29203104972839355
1702,1,0.9171387553215027
1703,1,0.9572241306304932
1704,1,0.18200068175792694
1705,1,0.9462590217590332
1706,1,0.9391624927520752
1707,1,0.9000696539878845
1708,1,0.280136376619339
1709,1,0.8801904916763306
1710,1,0.9725884199142456
1711,1,0.6116825938224792
1712,1,0.8850682377815247
1713,1,0.5729039907455444
1714,1,0.9838426113128662
1715,1,0.5949755311012268
1716,1,0.8822565078735352
1717,1,0.7249699831008911
1718,1,0.8993391990661621
1719,1,0.9415094256401062
1720,1,0.9586794376373291
1721,1,0.8029178380966187
1722,1,0.8226406574249268
1723,1,0.9029010534286499
1724,1,0.9420830607414246
1725,1,0.9878197908401489
1726,1,0.9901279807090759
1727,1,0.6121484637260437
1728,1,0.9759911894798279
1729,1,0.9632124900817871
1730,1,0.8895702362060547
1731,1,0.7399315237998962
1732,1,0.979057788848877
1733,1,0.9812163710594177
1734,1,0.8822581768035889
1735,1,0.9714387655258179
1736,1,0.5490900278091431
1737,1,0.5992702841758728
1738,1,0.876063883304596
1739,1,0.9735166430473328
1740,1,0.940688967704773
1741,1,0.9824932813644409
1742,1,0.9130799770355225
1743,1,0.47495168447494507
1744,1,0.6792837381362915
1745,1,0.9783898591995239
1746,1,0.9579156041145325
1747,1,0.978972315788269
1748,1,0.9429720640182495
1749,1,0.942643404006958
1750,1,0.9755191206932068
1751,1,0.7770242691040039
1752,1,0.9595102071762085
1753,1,0.7101163864135742
1754,1,0.9385583400726318
1755,1,0.9355296492576599
1756,1,0.9705851078033447
1757,1,0.1279059201478958
1758,1,0.7043988108634949
1759,1,0.9815748333930969
1760,1,0.9732185006141663
1761,1,0.9721793532371521
1762,1,0.9740546345710754
1763,1,0.9768749475479126
1764,1,0.9628664255142212
1765,1,0.8480833768844604
1766,1,0.9764205813407898
1767,1,0.055432774126529694
1768,1,0.9933089017868042
1769,1,0.9801268577575684
1770,1,0.8791626691818237
1771,1,0.9847007989883423
1772,1,0.939995288848877
1773,1,0.9594069123268127
1774,1,0.3490038514137268
1775,1,0.9650618433952332
1776,1,0.9887760877609253
1777,1,0.9816768169403076
1778,1,0.8921964168548584
1779,1,0.9132866263389587
1780,1,0.717333972454071
1781,1,0.9847463369369507
1782,1,0.9388442635536194
1783,1,0.4654247462749481
1784,1,0.9830463528633118
1785,1,0.9541285037994385
1786,1,0.9893400073051453
1787,1,0.9839950799942017
1788,1,0.9843819737434387
1789,1,0.9521815180778503
1790,1,0.9394470453262329
1791,1,0.979264497756958
1792,1,0.722071647644043
1793,1,0.9844459891319275
1794,1,0.9787116646766663
1795,1,0.9144454002380371
1796,1,0.9715902209281921
1797,1,0.5583170056343079
1798,1,0.986229658126831
1799,1,0.9731272459030151
1800,1,0.9274031519889832
1801,1,0.35207676887512207
1802,1,0.807934045791626
1803,1,0.9208665490150452
1804,1,0.11111664772033691
1805,1,0.9187539219856262
1806,1,0.9210068583488464
1807,1,0.9926793575286865
1808,1,0.9928937554359436
1809,1,0.9498981833457947
1810,1,0.5359476208686829
1811,1,0.16689956188201904
1812,1,0.8857866525650024
1813,1,0.8165918588638306
1814,1,0.9351926445960999
1815,1,0.9715292453765869
1816,1,0.8756070733070374
1817,1,0.8774059414863586
1818,1,0.9362409114837646
1819,1,0.8959203362464905
1820,1,0.9673253893852234
1821,1,0.5319535136222839
1822,1,0.9074244499206543
1823,1,0.9146404266357422
1824,1,0.9177356958389282
1825,1,0.7967079281806946
1826,1,0.9577571749687195
1827,1,0.9651908874511719
1828,1,0.9795337915420532
1829,1,0.9106072783470154
1830,1,0.7931793928146362
1831,1,0.8817068338394165
1832,1,0.8779338598251343
1833,1,0.9013248682022095
1834,1,0.9947910308837891
1835,1,0.7641775608062744
1836,1,0.9877132177352905
1837,1,0.9854694604873657
1838,1,0.4964388906955719
1839,1,0.1646927297115326
1840,1,0.9595223665237427
1841,1,0.2536371946334839
1842,1,0.525853157043457
1843,1,0.2698153853416443
1844,1,0.9082317352294922
1845,1,0.801780104637146
1846,1,0.7313730716705322
1847,1,0.9908038377761841
1848,1,0.8218790292739868
1849,1,0.8326009511947632
1850,1,0.4533326029777527
1851,1,0.4786187410354614
1852,1,0.7207586169242859
1853,1,0.8879523873329163
1854,1,0.9515490531921387
1855,1,0.9029592871665955
1856,1,0.8778696656227112
1857,1,0.9736804962158203
1858,1,0.830233097076416
1859,1,0.9277997016906738
1860,1,0.6959871649742126
1861,1,0.7686758637428284
1862,1,0.9493283629417419
1863,1,0.9856603145599365
1864,1,0.566929280757904
1865,1,0.4795311391353607
1866,1,0.9180863499641418
1867,1,0.593570351600647
1868,1,0.9320718050003052
1869,1,0.8664688467979431
1870,1,0.9671282172203064
1871,1,0.6114965677261353
1872,1,0.9706881046295166
1873,1,0.8188480734825134
1874,1,0.9540514349937439
1875,1,0.9549582004547119
1876,1,0.9318032264709473
1877,1,0.7493570446968079
1878,1,0.9005758166313171
1879,1,0.8787595629692078
1880,1,0.6236301064491272
1881,1,0.7859616279602051
1882,1,0.439495712518692
1883,1,0.8130460977554321
1884,1,0.8765092492103577
1885,1,0.8841047883033752
1886,1,0.8942114114761353
1887,1,0.7949228882789612
1888,1,0.1785888373851776
1889,1,0.921800971031189
1890,1,0.9664013385772705
1891,1,0.13517504930496216
1892,1,0.41300034523010254
1893,1,0.9691846370697021
1894,1,0.8675851821899414
1895,1,0.9271167516708374
1896,1,0.9008206129074097
1897,1,0.9787158966064453
1898,1,0.07695575803518295
1899,1,0.9359872341156006
1900,1,0.0636880025267601
1901,1,0.9437029957771301
1902,1,0.8516032695770264
1903,1,0.3399910628795624
1904,1,0.17684683203697205
1905,1,0.8159338235855103
1906,1,0.9929409027099609
1907,1,0.9707732796669006
1908,1,0.9510132074356079
1909,1,0.22605372965335846
1910,1,0.9303515553474426
1911,1,0.7189425826072693
1912,1,0.22953394055366516
1913,1,0.5180038809776306
1914,1,0.010577796958386898
1915,1,0.9175790548324585
1916,1,0.4505062401294708
1917,1,0.8368749022483826
1918,1,0.915346086025238
1919,1,0.9911580681800842
1920,1,0.9274797439575195
1921,1,0.9374610781669617
1922,1,0.9935840964317322
1923,1,0.9631624817848206
1924,1,0.6122949719429016
1925,1,0.9708164930343628
1926,1,0.9716652035713196
1927,1,0.8854446411132812
1928,1,0.9242879152297974
1929,1,0.6277714371681213
1930,1,0.9760284423828125
1931,1,0.989307701587677
1932,1,0.9722237586975098
1933,1,0.9727984070777893
1934,1,0.9752471446990967
1935,1,0.988292396068573
1936,1,0.5740320086479187
1937,1,0.3833756148815155
1938,1,0.953398585319519
1939,1,0.9890874624252319
1940,1,0.9387689828872681
1941,1,0.9214536547660828
1942,1,0.8844112753868103
1943,1,0.9654468297958374
1944,1,0.9517010450363159
1945,1,0.4527883231639862
1946,1,0.9882951974868774
1947,1,0.9390556812286377
1948,1,0.9901943802833557
1949,1,0.9843648672103882
1950,1,0.1318967342376709
1951,1,0.8622675538063049
1952,1,0.9739757776260376
1953,1,0.8494778871536255
1954,1,0.9489338994026184
1955,1,0.7540000677108765
1956,1,0.9838324189186096
1957,1,0.8611525893211365
1958,1,0.942937970161438
1959,1,0.9931613206863403
1960,1,0.9809688329696655
1961,1,0.9140868782997131
1962,1,0.9853702783584595
1963,1,0.9655729532241821
1964,1,0.7807081341743469
1965,1,0.8758235573768616
1966,1,0.968425452709198
1967,1,0.9203208088874817
1968,1,0.9646393656730652
1969,1,0.9817346930503845
1970,1,0.9130003452301025
1971,1,0.9593333005905151
1972,1,0.9762375354766846
1973,1,0.7618696689605713
1974,1,0.981453537940979
1975,1,0.981144368648529
1976,1,0.9798508286476135
1977,1,0.5317370295524597
1978,1,0.9807053208351135
1979,1,0.47817692160606384
1980,1,0.8397901058197021
1981,1,0.9514859318733215
1982,1,0.5566085577011108
1983,1,0.426421582698822
1984,1,0.6756778359413147
1985,1,0.07354730367660522
1986,1,0.6191138029098511
1987,1,0.7808944582939148
1988,1,0.777857780456543
1989,1,0.6820247173309326
1990,1,0.0968816727399826
1991,0,0.8886957764625549
1992,0,0.136663019657135
1993,0,0.03747587278485298
1994,0,0.30241677165031433
1995,0,0.4384090304374695
1996,0,0.021658262237906456
1997,0,0.43549996614456177
1998,0,0.38371238112449646
1999,0,0.17833344638347626
2000,0,0.6366670727729797
2001,0,0.2506484389305115
2002,0,0.3371049463748932
2003,0,0.10502669215202332
2004,0,0.030204690992832184
2005,0,0.0052755349315702915
2006,0,0.014583894051611423
2007,0,0.4164847731590271
2008,0,0.7656979560852051
2009,0,0.0813489705324173
2010,0,0.22811998426914215
2011,0,0.00580333499237895
2012,0,0.2643580734729767
2013,0,0.18674945831298828
2014,0,0.3448452055454254
2015,0,0.008970685303211212
2016,0,0.01455782912671566
2017,0,0.006097972858697176
2018,0,0.006235565524548292
2019,0,0.11588989943265915
2020,0,0.21923713386058807
2021,0,0.07556896656751633
2022,0,0.2697405219078064
2023,0,0.817155122756958
2024,0,0.6097207069396973
2025,0,0.2445024698972702
2026,0,0.1141544058918953
2027,0,0.29230454564094543
2028,0,0.07402554154396057
2029,0,0.0315139964222908
2030,0,0.0047192201018333435
2031,0,0.9386997818946838
2032,0,0.9096511006355286
2033,0,0.4146687090396881
2034,0,0.040088389068841934
2035,0,0.004126046318560839
2036,0,0.20739541947841644
2037,0,0.06687744706869125
2038,0,0.22086159884929657
2039,0,0.02757423371076584
2040,0,0.0033457614481449127
2041,0,0.1539098173379898
2042,0,0.01203515101224184
2043,0,0.19621026515960693
2044,0,0.009079810231924057
2045,0,0.26422932744026184
2046,0,0.01280420646071434
2047,0,0.9718958735466003
2048,0,0.034027326852083206
2049,0,0.006331063341349363
2050,0,0.22794561088085175
2051,0,0.8677803874015808
2052,0,0.00804279837757349
2053,0,0.15778876841068268
2054,0,0.337246298789978
2055,0,0.01732276752591133
2056,0,0.007074485067278147
2057,0,0.012593935243785381
2058,0,0.0038679870776832104
2059,0,0.24152851104736328
2060,0,0.031738582998514175
2061,0,0.33207985758781433
2062,0,0.17592264711856842
2063,0,0.014178730547428131
2064,0,0.0261730644851923
2065,0,0.0037296873051673174
2066,0,0.23544934391975403
2067,0,0.040759943425655365
2068,0,0.031519461423158646
2069,0,0.053561896085739136
2070,0,0.8025439977645874
2071,0,0.019782528281211853
2072,0,0.025732308626174927
2073,0,0.018219180405139923
2074,0,0.006530420389026403
2075,0,0.05240965634584427
2076,0,0.06720127165317535
2077,0,0.07037179172039032
2078,0,0.5397250652313232
2079,0,0.43410855531692505
2080,0,0.008503089658915997
2081,0,0.010265816003084183
2082,0,0.5669376850128174
2083,0,0.018557820469141006
2084,0,0.12548483908176422
2085,0,0.08600279688835144
2086,0,0.004863709211349487
2087,0,0.0235674399882555
2088,0,0.00643900828436017
2089,0,0.1785680502653122
2090,0,0.017464088276028633
2091,0,0.24800392985343933
2092,0,0.11805743724107742
2093,0,0.4514525532722473
2094,0,0.11588989943265915
2095,0,0.7453441619873047
2096,0,0.293118417263031
2097,0,0.8505086898803711
2098,0,0.2852071225643158
2099,0,0.3221452534198761
2100,0,0.08749987930059433
2101,0,0.15930283069610596
2102,0,0.519332766532898
2103,0,0.0030462401919066906
2104,0,0.005735777784138918
2105,0,0.0043636951595544815
2106,0,0.24225543439388275
2107,0,0.015030037611722946
2108,0,0.21042074263095856
2109,0,0.1427273154258728
2110,0,0.011353864334523678
2111,0,0.004993036855012178
2112,0,0.16391746699810028
2113,0,0.5692652463912964
2114,0,0.007623114623129368
2115,0,0.0036074211820960045
2116,0,0.009026214480400085
2117,0,0.5420919060707092
2118,0,0.018427889794111252
2119,0,0.837013840675354
2120,0,0.00685270968824625
2121,0,0.021324075758457184
2122,0,0.1466236561536789
2123,0,0.006770620122551918
2124,0,0.19117018580436707
2125,0,0.010237778536975384
2126,0,0.026018261909484863
2127,0,0.7381097078323364
2128,0,0.8471516370773315
2129,0,0.06452971696853638
2130,0,0.022450324147939682
2131,0,0.052894193679094315
2132,0,0.37582892179489136
2133,0,0.01912654936313629
2134,0,0.6099569201469421
2135,0,0.10444462299346924
2136,0,0.10516592860221863
2137,0,0.7635138630867004
2138,0,0.005363352131098509
2139,0,0.07520610839128494
2140,0,0.0036744496319442987
2141,0,0.7989579439163208
2142,0,0.24113748967647552
2143,0,0.014736075885593891
2144,0,0.11588989943265915
2145,0,0.008295876905322075
2146,0,0.3190048038959503
2147,0,0.01828509196639061
2148,0,0.9317222833633423
2149,0,0.040362779051065445
2150,0,0.00515027204528451
2151,0,0.027424439787864685
2152,0,0.19337141513824463
2153,0,0.008906773291528225
2154,0,0.9506779313087463
2155,0,0.2887991666793823
2156,0,0.24400383234024048
2157,0,0.43505439162254333
2158,0,0.18109658360481262
2159,0,0.5195837020874023
2160,0,0.0036925338208675385
2161,0,0.012920820154249668
2162,0,0.13178323209285736
2163,0,0.11932993680238724
2164,0,0.17690534889698029
2165,0,0.26245877146720886
2166,0,0.15703392028808594
2167,0,0.20631630718708038
2168,0,0.13505810499191284
2169,0,0.07620502263307571
2170,0,0.09093797951936722
2171,0,0.30469629168510437
2172,0,0.008026115596294403
2173,0,0.21513712406158447
2174,0,0.004612034186720848
2175,0,0.09189634025096893
2176,0,0.26153314113616943
2177,0,0.0036124910693615675
2178,0,0.06662806868553162
2179,0,0.07064762711524963
2180,0,0.38181421160697937
2181,0,0.0439089834690094
2182,0,0.12389146536588669
2183,0,0.0770811215043068
2184,0,0.010795102454721928
2185,0,0.021817874163389206
2186,0,0.19663575291633606
2187,0,0.0441843681037426
2188,0,0.2229190468788147
2189,0,0.4694991111755371
2190,0,0.09728646278381348
2191,0,0.7328813672065735
2192,0,0.13209198415279388
2193,0,0.2916509807109833
2194,0,0.019293105229735374
2195,0,0.8210278153419495
2196,0,0.012587758712470531
2197,0,0.7741901874542236
2198,0,0.3949337899684906
2199,0,0.8062217831611633
2200,0,0.020930366590619087
2201,0,0.005257546901702881
2202,0,0.02880103513598442
2203,0,0.002933991840109229
2204,0,0.010132974945008755
2205,0,0.007827427238225937
2206,0,0.026095617562532425
2207,0,0.11580641567707062
2208,0,0.14260752499103546
2209,0,0.01489247102290392
2210,0,0.03461761772632599
2211,0,0.11529652774333954
2212,0,0.18085026741027832
2213,0,0.06557277590036392
2214,0,0.24748128652572632
2215,0,0.007873689755797386
2216,0,0.1950579732656479
2217,0,0.4080592691898346
2218,0,0.01344678271561861
2219,0,0.5163485407829285
2220,0,0.014203818514943123
2221,0,0.004802444949746132
2222,0,0.13080495595932007
2223,0,0.609551727771759
2224,0,0.8576673865318298
2225,0,0.7672166228294373
2226,0,0.00885965209454298
2227,0,0.01784389093518257
2228,0,0.4412200450897217
2229,0,0.037674374878406525
2230,0,0.0636880025267601
2231,0,0.47964856028556824
2232,0,0.0585324652493
2233,0,0.29089534282684326
2234,0,0.1861329823732376
2235,0,0.029440049082040787
2236,0,0.023109612986445427
2237,0,0.20903325080871582
2238,0,0.0032443380914628506
2239,0,0.6848050951957703
2240,0,0.16613851487636566
2241,0,0.0609896220266819
2242,0,0.9059772491455078
2243,0,0.3260536193847656
2244,0,0.025623807683587074
2245,0,0.2603590488433838
2246,0,0.004755317233502865
2247,0,0.005421574227511883
2248,0,0.21186409890651703
2249,0,0.0064101568423211575
2250,0,0.0824202373623848
2251,0,0.010189020074903965
2252,0,0.42544302344322205
2253,0,0.007169740274548531
2254,0,0.2863864600658417
2255,0,0.4842749536037445
2256,0,0.10462095588445663
2257,0,0.018030932173132896
2258,0,0.049514204263687134
2259,0,0.016615547239780426
2260,0,0.048942018300294876
2261,0,0.8885159492492676
2262,0,0.0482763797044754
2263,0,0.7246639728546143
2264,0,0.019404670223593712
2265,0,0.017430247738957405
2266,0,0.23657625913619995
2267,0,0.9028217196464539
2268,0,0.9345404505729675
2269,0,0.22889414429664612
2270,0,0.009366086684167385
2271,0,0.265421599149704
2272,0,0.17739008367061615
2273,0,0.015589025802910328
2274,0,0.29699966311454773
2275,0,0.1291959434747696
2276,0,0.8482216000556946
2277,0,0.02721233107149601
2278,0,0.004116675816476345
2279,0,0.03828192874789238
2280,0,0.0043801963329315186
2281,0,0.05675676465034485
2282,0,0.10463167726993561
2283,0,0.06101987510919571
2284,0,0.21492815017700195
2285,0,0.5677964091300964
2286,0,0.185372456908226
2287,0,0.010636381804943085
2288,0,0.09522560983896255
2289,0,0.005178926512598991
2290,0,0.06811502575874329
2291,0,0.01996733620762825
2292,0,0.09522560983896255
2293,0,0.025739436969161034
2294,0,0.008923550136387348
2295,0,0.08075273782014847
2296,0,0.15493398904800415
2297,0,0.2128271758556366
2298,0,0.6768554449081421
2299,0,0.10950704663991928
2300,0,0.6484496593475342
2301,0,0.3305011987686157
2302,0,0.011410579085350037
2303,0,0.024883363395929337
2304,0,0.020269447937607765
2305,0,0.33646050095558167
2306,0,0.04754770174622536
2307,0,0.010473126545548439
2308,0,0.015361330471932888
2309,0,0.0056779352016747
2310,0,0.14509019255638123
2311,0,0.014919167384505272
2312,0,0.21193331480026245
2313,0,0.05387092009186745
2314,0,0.08310987800359726
2315,0,0.9493357539176941
2316,0,0.43028751015663147
2317,0,0.3419560194015503
2318,0,0.03610539436340332
2319,0,0.27163615822792053
2320,0,0.31946811079978943
2321,0,0.02614752948284149
2322,0,0.01862902007997036
2323,0,0.4490348696708679
2324,0,0.09010108560323715
2325,0,0.06598202139139175
2326,0,0.7707054018974304
2327,0,0.21115043759346008
2328,0,0.16114358603954315
2329,0,0.0942535474896431
2330,0,0.0812549963593483
2331,0,0.6448465585708618
2332,0,0.25605878233909607
2333,0,0.011620291508734226
2334,0,0.010064356960356236
2335,0,0.3565409183502197
2336,0,0.20923972129821777
2337,0,0.06844902038574219
2338,0,0.04853762686252594
2339,0,0.9468997716903687
2340,0,0.5768923759460449
2341,0,0.13356317579746246
2342,0,0.8102493286132812
2343,0,0.30791646242141724
2344,0,0.003906372468918562
2345,0,0.8239471912384033
2346,0,0.3584827482700348
2347,0,0.03170715272426605
2348,0,0.5778926610946655
2349,0,0.34474027156829834
2350,0,0.007338378578424454
2351,0,0.5598402619361877
2352,0,0.6809120774269104
2353,0,0.791287362575531
2354,0,0.8560754656791687
2355,0,0.4752626419067383
2356,0,0.8592333793640137
2357,0,0.16508349776268005
2358,0,0.4075954258441925
2359,0,0.008044674061238766
2360,0,0.2576853930950165
2361,0,0.015886414796113968
2362,0,0.025765489786863327
2363,0,0.5163569450378418
2364,0,0.0577605664730072
2365,0,0.0347047820687294
2366,0,0.008355599828064442
2367,0,0.2327667474746704
2368,0,0.079898402094841
2369,0,0.17596791684627533
2370,0,0.0636880025267601
2371,0,0.012233061715960503
2372,0,0.003626377321779728
2373,0,0.10372794419527054
2374,0,0.09160562604665756
2375,0,0.040582768619060516
2376,0,0.010342716239392757
2377,0,0.010040204972028732
2378,0,0.6224907636642456
2379,0,0.08710422366857529
2380,0,0.022461801767349243
2381,0,0.0018221880309283733
2382,0,0.0105586564168334
2383,0,0.08500607311725616
2384,0,0.3190876543521881
2385,0,0.08247225731611252
2386,0,0.027543002739548683
2387,0,0.004806544166058302
2388,0,0.12214619666337967
2389,0,0.8458214998245239
2390,0,0.005182976834475994
2391,0,0.04065803438425064
2392,0,0.0071319956332445145
2393,0,0.9487481117248535
2394,0,0.036223508417606354
2395,0,0.0636880025267601
2396,0,0.2700018584728241
2397,0,0.12579427659511566
2398,0,0.049021750688552856
2399,0,0.1442013382911682
2400,0,0.048118289560079575
2401,0,0.2436618208885193
2402,0,0.027537930756807327
2403,0,0.007941806688904762
2404,0,0.14210493862628937
2405,0,0.6322384476661682
2406,0,0.35844069719314575
2407,0,0.011667787097394466
2408,0,0.006217166315764189
2409,0,0.013869400136172771
2410,0,0.2937907874584198
2411,0,0.04318474978208542
2412,0,0.009015608578920364
2413,0,0.3171543776988983
2414,0,0.007308186497539282
2415,0,0.4314712882041931
2416,0,0.09710751473903656
2417,0,0.0038388296961784363
2418,0,0.003957605920732021
2419,0,0.40384441614151
2420,0,0.004859893582761288
2421,0,0.007905754260718822
2422,0,0.014105765148997307
2423,0,0.22251750528812408
2424,0,0.004853058140724897
2425,0,0.3708241581916809
2426,0,0.09595057368278503
2427,0,0.0168943889439106
2428,0,0.02240447700023651
2429,0,0.09490938484668732
2430,0,0.6981667876243591
2431,0,0.5650274157524109
2432,0,0.4447542726993561
2433,0,0.6652001738548279
2434,0,0.02668355032801628
2435,0,0.21659289300441742
2436,0,0.8151152729988098
2437,0,0.6407778263092041
2438,0,0.17659656703472137
2439,0,0.06560156494379044
2440,0,0.050682079046964645
2441,0,0.025378700345754623
2442,0,0.03534591570496559
2443,0,0.17592264711856842
2444,0,0.5494287014007568
2445,0,0.6927526593208313
2446,0,0.029045328497886658
2447,0,0.8973357677459717
2448,0,0.2784128487110138
2449,0,0.1063123270869255
2450,0,0.5817829370498657
2451,0,0.010581765323877335
2452,0,0.07884440571069717
2453,0,0.26851364970207214
2454,0,0.2190025895833969
2455,0,0.30394259095191956
2456,0,0.07115638256072998
2457,0,0.8425117135047913
2458,0,0.24070249497890472
2459,0,0.9914160370826721
2460,0,0.017342284321784973
2461,0,0.5517535209655762
2462,0,0.005700490903109312
2463,0,0.055002447217702866
2464,0,0.019333012402057648
2465,0,0.11061771959066391
2466,0,0.015363654121756554
2467,0,0.3480794429779053
2468,0,0.16216661036014557
2469,0,0.007171219680458307
2470,0,0.009340990334749222
2471,0,0.8337636590003967
2472,0,0.11792077124118805
2473,0,0.03509567677974701
2474,0,0.34578371047973633
2475,0,0.06310763210058212
2476,0,0.01891278475522995
2477,0,0.4066122770309448
2478,0,0.004429235588759184
2479,0,0.012268414720892906
2480,0,0.3861585259437561
2481,0,0.23351942002773285
2482,0,0.8713369369506836
2483,0,0.07697200030088425
2484,0,0.125681072473526
2485,0,0.004712573252618313
2486,0,0.027432002127170563
2487,0,0.003903178498148918
2488,0,0.4396730363368988
2489,0,0.47518810629844666
2490,0,0.1879875361919403
2491,0,0.12634775042533875
2492,0,0.30141696333885193
2493,0,0.01219435129314661
2494,0,0.47375622391700745
2495,0,0.10317810624837875
2496,0,0.7197599411010742
2497,0,0.271553099155426
2498,0,0.0161250252276659
2499,0,0.2295261025428772
2500,0,0.20061200857162476
2501,0,0.0036314756143838167
2502,0,0.6034272313117981
2503,0,0.07703427225351334
2504,0,0.05581381916999817
2505,0,0.48780107498168945
2506,0,0.16090098023414612
2507,0,0.025605347007513046
2508,0,0.2947060465812683
2509,0,0.0018810700858011842
2510,0,0.07123859226703644
2511,0,0.1894291788339615
2512,0,0.9742410182952881
2513,0,0.0044782436452806
2514,0,0.005357230082154274
2515,0,0.009527608752250671
2516,0,0.3582300841808319
2517,0,0.008433898910880089
2518,0,0.12783075869083405
2519,0,0.008148325607180595
2520,0,0.03865727782249451
2521,0,0.07506660372018814
2522,0,0.3759489059448242
2523,0,0.0050517902709543705
2524,0,0.6598215699195862
2525,0,0.23606644570827484
2526,0,0.44792869687080383
2527,0,0.02493918314576149
2528,0,0.08008575439453125
2529,0,0.3763754665851593
2530,0,0.003985679242759943
2531,0,0.012689515948295593
2532,0,0.07888111472129822
2533,0,0.0814705342054367
2534,0,0.1696985363960266
2535,0,0.20302020013332367
2536,0,0.1641680747270584
2537,0,0.021419083699584007
2538,0,0.8455374240875244
2539,0,0.15830908715724945
2540,0,0.01005190797150135
2541,0,0.09816165268421173
2542,0,0.010499870404601097
2543,0,0.07649218291044235
2544,0,0.10021748393774033
2545,0,0.005226748529821634
2546,0,0.16178849339485168
2547,0,0.3145644962787628
2548,0,0.33134979009628296
2549,0,0.12865296006202698
2550,0,0.16777709126472473
2551,0,0.1488555669784546
2552,0,0.09799155592918396
2553,0,0.025925645604729652
2554,0,0.7961747050285339
2555,0,0.004122893325984478
2556,0,0.6607074737548828
2557,0,0.009974595159292221
2558,0,0.045012425631284714
2559,0,0.13156674802303314
2560,0,0.09439130872488022
2561,0,0.032080695033073425
2562,0,0.09323243051767349
2563,0,0.06229653209447861
2564,0,0.010425060987472534
2565,0,0.3136092722415924
2566,0,0.07416651397943497
2567,0,0.006552102044224739
2568,0,0.6604973077774048
2569,0,0.021682536229491234
2570,0,0.1704588532447815
2571,0,0.04605007916688919
2572,0,0.010880013927817345
2573,0,0.007461498025804758
2574,0,0.9172157049179077
2575,0,0.1758490949869156
2576,0,0.7288582921028137
2577,0,0.007360674440860748
2578,0,0.08829479664564133
2579,0,0.25375574827194214
2580,0,0.003679875982925296
2581,0,0.005457268096506596
2582,0,0.0033068403135985136
2583,0,0.7171909213066101
2584,0,0.9041340351104736
2585,0,0.32041898369789124
2586,0,0.033548504114151
2587,0,0.02359992079436779
2588,0,0.9565843939781189
2589,0,0.7591531872749329
2590,0,0.09932493418455124
2591,0,0.004230980761349201
2592,0,0.030430715531110764
2593,0,0.009220615029335022
2594,0,0.2168499380350113
2595,0,0.06996744871139526
2596,0,0.25210654735565186
2597,0,0.05436518415808678
2598,0,0.19343698024749756
2599,0,0.008196700364351273
2600,0,0.09350552409887314
2601,0,0.0522456020116806
2602,0,0.1711212694644928
2603,0,0.014438736252486706
2604,0,0.04088837653398514
2605,0,0.4447039067745209
2606,0,0.09439130872488022
2607,0,0.8718755841255188
2608,0,0.7379446029663086
2609,0,0.009842492640018463
2610,0,0.4431399703025818
2611,0,0.05003342777490616
2612,0,0.11588989943265915
2613,0,0.3121451139450073
2614,0,0.009211214259266853
2615,0,0.010873647406697273
2616,0,0.602451741695404
2617,0,0.5380245447158813
2618,0,0.020202061161398888
2619,0,0.018387919291853905
2620,0,0.012691935524344444
2621,0,0.6164830327033997
2622,0,0.6252447366714478
2623,0,0.7227996587753296
2624,0,0.08737852424383163
2625,0,0.007289022207260132
2626,0,0.041565753519535065
2627,0,0.8422466516494751
2628,0,0.06334201991558075
2629,0,0.6398354768753052
2630,0,0.4206464886665344
2631,0,0.016070066019892693
2632,0,0.012184647843241692
2633,0,0.30648037791252136
2634,0,0.976294219493866
2635,0,0.18760065734386444
2636,0,0.3586960434913635
2637,0,0.050505131483078
2638,0,0.08952601999044418
2639,0,0.08689723163843155
2640,0,0.9294326901435852
2641,0,0.3334095776081085
2642,0,0.12244172394275665
2643,0,0.4542170763015747
2644,0,0.40848448872566223
2645,0,0.24344278872013092
2646,0,0.041145823895931244
2647,0,0.5028947591781616
2648,0,0.2301224023103714
2649,0,0.18979740142822266
2650,0,0.022457430139183998
2651,0,0.002541859168559313
2652,0,0.4291071593761444
2653,0,0.7562323808670044
2654,0,0.1521710306406021
2655,0,0.004078498110175133
2656,0,0.20099250972270966
2657,0,0.6577152609825134
2658,0,0.7025448679924011
2659,0,0.23212547600269318
2660,0,0.013571830466389656
2661,0,0.5652932524681091
2662,0,0.14961573481559753
2663,0,0.006823111325502396
2664,0,0.9914081692695618
2665,0,0.03076806850731373
2666,0,0.10584074258804321
2667,0,0.005177710205316544
2668,0,0.005275072064250708
2669,0,0.09323243051767349
2670,0,0.017628569155931473
2671,0,0.00619408767670393
2672,0,0.201960489153862
2673,0,0.8173998594284058
2674,0,0.3667854070663452
2675,0,0.08484422415494919
2676,0,0.011691344901919365
2677,0,0.03151771426200867
2678,0,0.009793424978852272
2679,0,0.007402075454592705
2680,0,0.20247882604599
2681,0,0.11808644980192184
2682,0,0.039801616221666336
2683,0,0.19521492719650269
2684,0,0.1391575187444687
2685,0,0.08768308907747269
2686,0,0.04392679035663605
2687,0,0.04401003196835518
2688,0,0.1365847885608673
2689,0,0.006590449251234531
2690,0,0.008002153597772121
2691,0,0.4116245210170746
2692,0,0.1463547945022583
2693,0,0.062301233410835266
2694,0,0.9391036033630371
2695,0,0.43036559224128723
2696,0,0.03689531609416008
2697,0,0.4650130271911621
2698,0,0.09595175087451935
2699,0,0.03292922303080559
2700,0,0.6988294720649719
2701,0,0.3082221746444702
2702,0,0.8812114000320435
2703,0,0.2105177342891693
2704,0,0.05935520678758621
2705,0,0.026078343391418457
2706,0,0.01620904542505741
2707,0,0.5939144492149353
2708,0,0.45580431818962097
2709,0,0.21220442652702332
2710,0,0.794964611530304
2711,0,0.030205661430954933
2712,0,0.09168574959039688
2713,0,0.005069549195468426
2714,0,0.615439236164093
2715,0,0.1932058036327362
2716,0,0.024059345945715904
2717,0,0.218964621424675
2718,0,0.3939879834651947
2719,0,0.006496882066130638
2720,0,0.3006416857242584
2721,0,0.10267177224159241
2722,0,0.35057663917541504
2723,0,0.013703939504921436
2724,0,0.06795500218868256
2725,0,0.00829921942204237
2726,0,0.17578785121440887
2727,0,0.02510051056742668
2728,0,0.2828906178474426
2729,0,0.4386367201805115
2730,0,0.04842814430594444
2731,0,0.03178270533680916
2732,0,0.02179780788719654
2733,0,0.1183183491230011
2734,0,0.017123645171523094
2735,0,0.05487828701734543
2736,0,0.016822636127471924
2737,0,0.010036632418632507
2738,0,0.10856302827596664
2739,0,0.005809209309518337
2740,0,0.46291056275367737
2741,0,0.45478251576423645
2742,0,0.09294799715280533
2743,0,0.09323243051767349
2744,0,0.005354502238333225
2745,0,0.2836463153362274
2746,0,0.6589042544364929
2747,0,0.8177017569541931
2748,0,0.01348642073571682
2749,0,0.006644857116043568
2750,0,0.0337693952023983
2751,0,0.004079703241586685
2752,0,0.3059038519859314
2753,0,0.10307163000106812
2754,0,0.019132884219288826
2755,0,0.6506573557853699
2756,0,0.04676860198378563
2757,0,0.22515498101711273
2758,0,0.349185973405838
2759,0,0.0638899877667427
2760,0,0.7707886695861816
2761,0,0.4267038106918335
2762,0,0.005589185282588005
2763,0,0.01575111225247383
2764,0,0.2264712154865265
2765,0,0.09186065942049026
2766,0,0.0547768659889698
2767,0,0.07324464619159698
2768,0,0.22606147825717926
2769,0,0.0036717832554131746
2770,0,0.04854036867618561
2771,0,0.008981280960142612
2772,0,0.8681914210319519
2773,0,0.1410968005657196
2774,0,0.058012671768665314
2775,0,0.40479573607444763
2776,0,0.30974745750427246
2777,0,0.10706070810556412
2778,0,0.01817942038178444
2779,0,0.4176182746887207
2780,0,0.5832092761993408
2781,0,0.005249216686934233
2782,0,0.13688643276691437
2783,0,0.022991862148046494
2784,0,0.21881040930747986
2785,0,0.17592264711856842
2786,0,0.225555419921875
2787,0,0.672501266002655
2788,0,0.526376485824585
2789,0,0.011785531416535378
2790,0,0.3584359288215637
2791,0,0.6364902257919312
2792,0,0.08403235673904419
2793,0,0.12037068605422974
2794,0,0.2336769998073578
2795,0,0.6805834770202637
2796,0,0.8569733500480652
2797,0,0.7655264735221863
2798,0,0.09771741926670074
2799,0,0.0970425084233284
2800,0,0.41510912775993347
2801,0,0.6796817779541016
2802,0,0.13939465582370758
2803,0,0.010263292118906975
2804,0,0.19445869326591492
2805,0,0.008212795481085777
2806,0,0.08591078221797943
2807,0,0.1442767083644867
2808,0,0.23387713730335236
2809,0,0.01823112927377224
2810,0,0.6452022790908813
2811,0,0.021179864183068275
2812,0,0.14858461916446686
2813,0,0.1299692988395691
2814,0,0.7320877909660339
2815,0,0.21186409890651703
2816,0,0.003714553080499172
2817,0,0.012654024176299572
2818,0,0.5027623772621155
2819,0,0.013727843761444092
2820,0,0.8003721833229065
2821,0,0.3388945460319519
2822,0,0.03303731232881546
2823,0,0.23834417760372162
2824,0,0.06097833439707756
2825,0,0.43623441457748413
2826,0,0.00391507288441062
2827,0,0.07992120832204819
2828,0,0.1709102988243103
2829,0,0.7515490651130676
2830,0,0.07484644651412964
2831,0,0.0381048358976841
2832,0,0.17101430892944336
2833,0,0.22761870920658112
2834,0,0.17592264711856842
2835,0,0.4777364134788513
2836,0,0.8063122034072876
2837,0,0.09130484610795975
2838,0,0.007399294059723616
2839,0,0.019198184832930565
2840,0,0.7610707879066467
2841,0,0.09439130872488022
2842,0,0.027766356244683266
2843,0,0.04831312224268913
2844,0,0.027315355837345123
2845,0,0.09462294727563858
2846,0,0.039983127266168594
2847,0,0.06753852218389511
2848,0,0.07299841940402985
2849,0,0.039275508373975754
2850,0,0.5852075815200806
2851,0,0.03188497945666313
2852,0,0.030241556465625763
2853,0,0.17592264711856842
2854,0,0.23340699076652527
2855,0,0.32103103399276733
2856,0,0.05383848026394844
2857,0,0.8780456781387329
2858,0,0.21186409890651703
2859,0,0.24615827202796936
2860,0,0.0037628032732754946
2861,0,0.025038788095116615
2862,0,0.9184582233428955
2863,0,0.5350162982940674
2864,0,0.23860958218574524
2865,0,0.09303145110607147
2866,0,0.6510473489761353
2867,0,0.36284950375556946
2868,0,0.008992616087198257
2869,0,0.7570545673370361
2870,0,0.09731466323137283
2871,0,0.2432529777288437
2872,0,0.016147198155522346
2873,0,0.06910757720470428
2874,0,0.11946795880794525
2875,0,0.16172093152999878
2876,0,0.014049683697521687
2877,0,0.8853007555007935
2878,0,0.003846632782369852
2879,0,0.3257389962673187
2880,0,0.11588989943265915
2881,0,0.12077527493238449
2882,0,0.9072209000587463
2883,0,0.08047887682914734
2884,0,0.3139583170413971
2885,0,0.28854483366012573
2886,0,0.025611432269215584
2887,0,0.02844129130244255
2888,0,0.009538941085338593
2889,0,0.013926232233643532
2890,0,0.7400142550468445
2891,0,0.5722625851631165
2892,0,0.009008761495351791
2893,0,0.005054515786468983
2894,0,0.012043198570609093
2895,0,0.0067188129760324955
2896,0,0.099582739174366
2897,0,0.00565524073317647
2898,0,0.004134201444685459
2899,0,0.051691584289073944
2900,0,0.06050572171807289
2901,0,0.7811779379844666
2902,0,0.13356317579746246
2903,0,0.15580949187278748
2904,0,0.587462842464447
2905,0,0.2895418703556061
2906,0,0.021138271316885948
2907,0,0.5164185762405396
2908,0,0.17474061250686646
2909,0,0.7828102707862854
2910,0,0.06420282274484634
2911,0,0.19293461740016937
2912,0,0.05954593047499657
2913,0,0.009796500205993652
2914,0,0.48914819955825806
2915,0,0.6213573813438416
2916,0,0.18597884476184845
2917,0,0.9121589064598083
2918,0,0.0037982517387717962
2919,0,0.011622526682913303
2920,0,0.038017526268959045
2921,0,0.0966581478714943
2922,0,0.9885733127593994
2923,0,0.7096936106681824
2924,0,0.5444650053977966
2925,0,0.0066697564907372
2926,0,0.2693634331226349
2927,0,0.13739490509033203
2928,0,0.13767896592617035
2929,0,0.6459871530532837
2930,0,0.00557700777426362
2931,0,0.9456350207328796
2932,0,0.28569358587265015
2933,0,0.23258686065673828
2934,0,0.3492985665798187
2935,0,0.026829194277524948
2936,0,0.0134761156514287
2937,0,0.006238698493689299
2938,0,0.35160204768180847
2939,0,0.019392145797610283
2940,0,0.7879995107650757
2941,0,0.25300338864326477
2942,0,0.6586145758628845
2943,0,0.06787948310375214
2944,0,0.0037395537365227938
2945,0,0.067754365503788
2946,0,0.9178399443626404
2947,0,0.9447904229164124
2948,0,0.004422736819833517
2949,0,0.11588989943265915
2950,0,0.037430260330438614
2951,0,0.007800417020916939
2952,0,0.012204079888761044
2953,0,0.00261546834371984
2954,0,0.042489539831876755
2955,0,0.5544624924659729
2956,0,0.15493343770503998
2957,0,0.3839257061481476
2958,0,0.43072667717933655
2959,0,0.00593723775818944
2960,0,0.08491642773151398
2961,0,0.006757562048733234
2962,0,0.3220069408416748
2963,0,0.006937412545084953
2964,0,0.6653946042060852
2965,0,0.03127703070640564
2966,0,0.6124767065048218
2967,0,0.02174348570406437
2968,0,0.03210107609629631
2969,0,0.10254864394664764
2970,0,0.07282020151615143
2971,0,0.01210055686533451
2972,0,0.5085957050323486
2973,0,0.9764612913131714
2974,0,0.1457991600036621
2975,0,0.5066074728965759
2976,0,0.4566475450992584
2977,0,0.008616716600954533
2978,0,0.2580816447734833
2979,0,0.2793753147125244
2980,0,0.04915488883852959
2981,0,0.14599961042404175
2982,0,0.43813106417655945
2983,0,0.7385753989219666
2984,0,0.09522560983896255
2985,0,0.04150669649243355
2986,0,0.10145784914493561
2987,0,0.7717245221138
2988,0,0.5705937743186951
2989,0,0.28754210472106934
2990,0,0.024515889585018158
2991,0,0.06928686052560806
2992,0,0.7686797976493835
2993,0,0.7522543668746948
2994,0,0.37357082962989807
2995,0,0.08165540546178818
2996,0,0.8549529910087585
2997,0,0.017872417345643044
2998,0,0.003856130875647068
2999,0,0.018521295860409737
3000,0,0.5419074296951294
3001,0,0.0328778401017189
3002,0,0.38608139753341675
3003,0,0.1792127937078476
3004,0,0.023765139281749725
3005,0,0.11662369221448898
3006,0,0.38022488355636597
3007,0,0.8584544062614441
3008,0,0.012831587344408035
3009,0,0.20804253220558167
3010,0,0.35460618138313293
3011,0,0.002701845485717058
3012,0,0.24422314763069153
3013,0,0.024886347353458405
3014,0,0.016976045444607735
3015,0,0.010905809700489044
3016,0,0.26249104738235474
3017,0,0.35837578773498535
3018,0,0.009032895788550377
3019,0,0.026017924770712852
3020,0,0.0042609283700585365
3021,0,0.17592264711856842
3022,0,0.9343892931938171
3023,0,0.03568165376782417
3024,0,0.08466226607561111
3025,0,0.49134451150894165
3026,0,0.10294639319181442
3027,0,0.1881834864616394
3028,0,0.869151771068573
3029,0,0.006621255539357662
3030,0,0.4610389769077301
3031,0,0.340666800737381
3032,0,0.8768002986907959
3033,0,0.44611111283302307
3034,0,0.09005478769540787
3035,0,0.3164632022380829
3036,0,0.6968477964401245
3037,0,0.3347499966621399
3038,0,0.48228394985198975
3039,0,0.012095729820430279
3040,0,0.27522239089012146
3041,0,0.398260235786438
3042,0,0.5056279301643372
3043,0,0.48982810974121094
3044,0,0.009778393432497978
3045,0,0.16112424433231354
3046,0,0.10180751979351044
3047,0,0.17673595249652863
3048,0,0.00441395491361618
3049,0,0.014835426583886147
3050,0,0.14333708584308624
3051,0,0.007592391688376665
3052,0,0.00813128612935543
3053,0,0.002002185909077525
3054,0,0.20211663842201233
3055,0,0.0054906331934034824
3056,0,0.1335047036409378
3057,0,0.0030625942163169384
3058,0,0.005032320972532034
3059,0,0.00457573588937521
3060,0,0.0704045370221138
3061,0,0.003549187444150448
3062,0,0.004926200024783611
3063,0,0.1079748198390007
3064,0,0.11588989943265915
3065,0,0.004156011156737804
3066,0,0.9203330278396606
3067,0,0.018131660297513008
3068,0,0.6135866045951843
3069,0,0.005024266429245472
3070,0,0.059811051934957504
3071,0,0.008982117287814617
3072,0,0.04150450602173805
3073,0,0.33768993616104126
3074,0,0.02317671850323677
3075,0,0.773291826248169
3076,0,0.09663399308919907
3077,0,0.22872090339660645
3078,0,0.026944078505039215
3079,0,0.011374888010323048
3080,0,0.0040839365683496
3081,0,0.004983924329280853
3082,0,0.13176177442073822
3083,0,0.014921845868229866
3084,0,0.017910273745656013
3085,0,0.02098960243165493
3086,0,0.14498698711395264
3087,0,0.09522560983896255
3088,0,0.821326732635498
3089,0,0.017139405012130737
3090,0,0.7491547465324402
3091,0,0.023170091211795807
3092,0,0.2438931167125702
3093,0,0.08095524460077286
3094,0,0.023611145094037056
3095,0,0.6115580797195435
3096,0,0.006394495256245136
3097,0,0.9897984266281128
3098,0,0.16474482417106628
3099,0,0.09323243051767349
3100,0,0.016734303906559944
3101,0,0.6785410046577454
3102,0,0.0910617932677269
3103,0,0.0038337872829288244
3104,0,0.8617544174194336
3105,0,0.07200512290000916
3106,0,0.4134751260280609
3107,0,0.0057457913644611835
3108,0,0.7265010476112366
3109,0,0.23956117033958435
3110,0,0.8828501105308533
3111,0,0.4114302098751068
3112,0,0.00381742836907506
3113,0,0.3024396002292633
3114,0,0.294781893491745
3115,0,0.5301889777183533
3116,0,0.015858996659517288
3117,0,0.8727933764457703
3118,0,0.005815544165670872
3119,0,0.07940787822008133
3120,0,0.0530376173555851
3121,0,0.0036799719091504812
3122,0,0.13287478685379028
3123,0,0.017500273883342743
3124,0,0.1045847162604332
3125,0,0.17592264711856842
3126,0,0.006432459224015474
3127,0,0.07257521897554398
3128,0,0.2907535135746002
3129,0,0.00349314883351326
3130,0,0.27284690737724304
3131,0,0.05046460032463074
3132,0,0.04563283547759056
3133,0,0.6565513610839844
3134,0,0.2413802295923233
3135,0,0.006612864322960377
3136,0,0.28482866287231445
3137,0,0.06740091741085052
3138,0,0.7867754697799683
3139,0,0.059344109147787094
3140,0,0.005607978440821171
3141,0,0.7284483313560486
3142,0,0.0027232221327722073
3143,0,0.008593692444264889
3144,0,0.17592264711856842
3145,0,0.3602505028247833
3146,0,0.6983377933502197
3147,0,0.00590581726282835
3148,0,0.06593983620405197
3149,0,0.006904940120875835
3150,0,0.013343516737222672
3151,0,0.09522560983896255
3152,0,0.04969961941242218
3153,0,0.08287271112203598
3154,0,0.050670869648456573
3155,0,0.08596639335155487
3156,0,0.34986376762390137
3157,0,0.585082471370697
3158,0,0.017712827771902084
3159,0,0.3195604383945465
3160,0,0.23440217971801758
3161,0,0.010530686005949974
3162,0,0.8562547564506531
3163,0,0.09323243051767349
3164,0,0.026471640914678574
3165,0,0.11978403478860855
3166,0,0.2947435975074768
3167,0,0.6008212566375732
3168,0,0.0032698260620236397
3169,0,0.23701190948486328
3170,0,0.0064687710255384445
3171,0,0.011040912941098213
3172,0,0.18528103828430176
3173,0,0.399109810590744
3174,0,0.12953343987464905
3175,0,0.06647110730409622
3176,0,0.8903301358222961
3177,0,0.3803924024105072
3178,0,0.030679885298013687
3179,0,0.011931785382330418
3180,0,0.8108289241790771
3181,0,0.05673053488135338
3182,0,0.004175816662609577
3183,0,0.34129998087882996
3184,0,0.869842529296875
3185,0,0.07424801588058472
3186,0,0.3306242823600769
3187,0,0.019926724955439568
3188,0,0.5307440757751465
3189,0,0.5003960132598877
3190,0,0.12260493636131287
3191,0,0.12601801753044128
3192,0,0.11566751450300217
3193,0,0.08585156500339508
3194,0,0.005660316441208124
3195,0,0.011806827038526535
3196,0,0.052472930401563644
3197,0,0.9445649981498718
3198,0,0.522961437702179
3199,0,0.05075616016983986
3200,0,0.251424640417099
3201,0,0.19881325960159302
3202,0,0.008725222200155258
3203,0,0.246022567152977
3204,0,0.09439130872488022
3205,0,0.04895852133631706
3206,0,0.08335057646036148
3207,0,0.009322013705968857
3208,0,0.010612662881612778
3209,0,0.22949394583702087
3210,0,0.009622480720281601
3211,0,0.3322875201702118
3212,0,0.6027727723121643
3213,0,0.060345906764268875
3214,0,0.007700670510530472
3215,0,0.39197877049446106
3216,0,0.03210632875561714
3217,0,0.12112371623516083
3218,0,0.3455122113227844
3219,0,0.03147387504577637
3220,0,0.10601592063903809
3221,0,0.8414875268936157
3222,0,0.010886624455451965
3223,0,0.6309165954589844
3224,0,0.35018250346183777
3225,0,0.6710590124130249
3226,0,0.013830271549522877
3227,0,0.0663524642586708
3228,0,0.04505748301744461
3229,0,0.30339837074279785
3230,0,0.12742918729782104
3231,0,0.5045278072357178
3232,0,0.5102204084396362
3233,0,0.5712952613830566
3234,0,0.9660401940345764
3235,0,0.7694451808929443
3236,0,0.11456321179866791
3237,0,0.1826668232679367
3238,0,0.9279549717903137
3239,0,0.2221202552318573
3240,0,0.37096768617630005
3241,0,0.057751160115003586
3242,0,0.009881016798317432
3243,0,0.9432767033576965
3244,0,0.0024293314199894667
3245,0,0.2514185905456543
3246,0,0.07230693101882935
3247,0,0.5631493330001831
3248,0,0.005095136351883411
3249,0,0.01196117140352726
3250,0,0.8722249865531921
3251,0,0.1768696904182434
3252,0,0.8752145171165466
3253,0,0.32866811752319336
3254,0,0.07236725836992264
3255,0,0.03840183466672897
3256,0,0.10200627893209457
3257,0,0.004651445895433426
3258,0,0.627131462097168
3259,0,0.09595057368278503
3260,0,0.254223108291626
3261,0,0.226176455616951
3262,0,0.03988964855670929
3263,0,0.49813681840896606
3264,0,0.07730615139007568
3265,0,0.057812049984931946
3266,0,0.0434834361076355
3267,0,0.5454038977622986
3268,0,0.5929116606712341
3269,0,0.1243463084101677
3270,0,0.11588989943265915
3271,0,0.060379110276699066
3272,0,0.17592264711856842
3273,0,0.07590451091527939
3274,0,0.11116372048854828
3275,0,0.6586553454399109
3276,0,0.11160938441753387
3277,0,0.2190273255109787
3278,0,0.008348843082785606
3279,0,0.3810384273529053
3280,0,0.04362589120864868
3281,0,0.11583751440048218
3282,0,0.08000190556049347
3283,0,0.09439130872488022
3284,0,0.17727108299732208
3285,0,0.004366482608020306
3286,0,0.01308075338602066
3287,0,0.7726090550422668
3288,0,0.030622810125350952
3289,0,0.05044588819146156
3290,0,0.6778116822242737
3291,0,0.4222128689289093
3292,0,0.05165630951523781
3293,0,0.9517321586608887
3294,0,0.02207818627357483
3295,0,0.012736521661281586
3296,0,0.7482311725616455
3297,0,0.7820433378219604
3298,0,0.04698115959763527
3299,0,0.1890285760164261
3300,0,0.04709281399846077
3301,0,0.39054685831069946
3302,0,0.0968974307179451
3303,0,0.0317424014210701
3304,0,0.4555317461490631
3305,0,0.01501564309000969
3306,0,0.006838571280241013
3307,0,0.37373486161231995
3308,0,0.837224006652832
3309,0,0.021787919104099274
3310,0,0.004222806077450514
3311,0,0.7393971681594849
3312,0,0.20709428191184998
3313,0,0.10206171870231628
3314,0,0.005366954952478409
3315,0,0.011044147424399853
3316,0,0.14247050881385803
3317,0,0.010520813055336475
3318,0,0.11339708417654037
3319,0,0.7592066526412964
3320,0,0.00866529531776905
3321,0,0.9104392528533936
3322,0,0.2527354955673218
3323,0,0.06813935935497284
3324,0,0.03618057817220688
3325,0,0.12053681164979935
3326,0,0.19683443009853363
3327,0,0.0036598271690309048
3328,0,0.19541451334953308
3329,0,0.9880034923553467
3330,0,0.4447728395462036
3331,0,0.011768139898777008
3332,0,0.009420658461749554
3333,0,0.015091617591679096
3334,0,0.9798199534416199
3335,0,0.13356317579746246
3336,0,0.7077088952064514
3337,0,0.08232443779706955
3338,0,0.7212066054344177
3339,0,0.3684312105178833
3340,0,0.005290502682328224
3341,0,0.17257171869277954
3342,0,0.005945219192653894
3343,0,0.13356317579746246
3344,0,0.3832661807537079
3345,0,0.14850308001041412
3346,0,0.14148753881454468
3347,0,0.007920026779174805
3348,0,0.032409682869911194
3349,0,0.20497511327266693
3350,0,0.008370963856577873
3351,0,0.03764043748378754
3352,0,0.9691351652145386
3353,0,0.3586682975292206
3354,0,0.00727193895727396
3355,0,0.1335935741662979
3356,0,0.5686896443367004
3357,0,0.013798829168081284
3358,0,0.0149622717872262
3359,0,0.037924304604530334
3360,0,0.7776944041252136
3361,0,0.0052218143828213215
3362,0,0.02962111309170723
3363,0,0.007737771607935429
3364,0,0.01855817250907421
3365,0,0.34855228662490845
3366,0,0.702637255191803
3367,0,0.3914714455604553
3368,0,0.005573647562414408
3369,0,0.20248493552207947
3370,0,0.5413511395454407
3371,0,0.4918981194496155
3372,0,0.16316857933998108
3373,0,0.45655012130737305
3374,0,0.02235286869108677
3375,0,0.5849277377128601
3376,0,0.0036615959834307432
3377,0,0.841446042060852
3378,0,0.05027518793940544
3379,0,0.7069849371910095
3380,0,0.5233820676803589
3381,0,0.23177576065063477
3382,0,0.7412079572677612
3383,0,0.012082574889063835
3384,0,0.4313915967941284
3385,0,0.004858832806348801
3386,0,0.9640936851501465
3387,0,0.15460847318172455
3388,0,0.023012684658169746
3389,0,0.30182668566703796
3390,0,0.009015562012791634
3391,0,0.003302288707345724
3392,0,0.9524185061454773
3393,0,0.02705596759915352
3394,0,0.09522560983896255
3395,0,0.04477832466363907
3396,0,0.7155335545539856
3397,0,0.10402082651853561
3398,0,0.16964416205883026
3399,0,0.011652687564492226
3400,0,0.0046630618162453175
3401,0,0.33781343698501587
3402,0,0.24981679022312164
3403,0,0.029055383056402206
3404,0,0.341315358877182
3405,0,0.3308790326118469
3406,0,0.34132272005081177
3407,0,0.17443673312664032
3408,0,0.003281430806964636
3409,0,0.16020844876766205
3410,0,0.27307602763175964
3411,0,0.008615372702479362
3412,0,0.8586756587028503
3413,0,0.425022155046463
3414,0,0.1286172717809677
3415,0,0.17592264711856842
3416,0,0.10263098031282425
3417,0,0.1745389997959137
3418,0,0.7703134417533875
3419,0,0.3984321355819702
3420,0,0.830355703830719
3421,0,0.5160925388336182
3422,0,0.05646677315235138
3423,0,0.06059689074754715
3424,0,0.3545025587081909
3425,0,0.012181073427200317
3426,0,0.0192567091435194
3427,0,0.017805907875299454
3428,0,0.05682294815778732
3429,0,0.004795187618583441
3430,0,0.17228557169437408
3431,0,0.2274003028869629
3432,0,0.005587357096374035
3433,0,0.036295726895332336
3434,0,0.03938416391611099
3435,0,0.04354340583086014
3436,0,0.2317688912153244
3437,0,0.06773027032613754
3438,0,0.3301245868206024
3439,0,0.18982245028018951
3440,0,0.037871651351451874
3441,0,0.07949675619602203
3442,0,0.005082104820758104
3443,0,0.17866511642932892
3444,0,0.1230597048997879
3445,0,0.01973799057304859
3446,0,0.011806564405560493
3447,0,0.036425746977329254
3448,0,0.9403825998306274
3449,0,0.0638728216290474
3450,0,0.019066765904426575
3451,0,0.005892940331250429
3452,0,0.7111607789993286
3453,0,0.10463167726993561
3454,0,0.008900133892893791
3455,0,0.006654706783592701
3456,0,0.11187338083982468
3457,0,0.4509710371494293
3458,0,0.13356317579746246
3459,0,0.008811666630208492
3460,0,0.05404384806752205
3461,0,0.012229524552822113
3462,0,0.07698734849691391
3463,0,0.21589158475399017
3464,0,0.4417437016963959
3465,0,0.19821909070014954
3466,0,0.027667056769132614
3467,0,0.2144332230091095
3468,0,0.19207610189914703
3469,0,0.01618584804236889
3470,0,0.0035380220506340265
3471,0,0.8213374614715576
3472,0,0.09522560983896255
3473,0,0.18109169602394104
3474,0,0.02955436520278454
3475,0,0.27178654074668884
3476,0,0.49641844630241394
3477,0,0.08894512802362442
3478,0,0.8848655819892883
3479,0,0.3631070554256439
3480,0,0.9474133253097534
3481,0,0.06531853973865509
3482,0,0.5248750448226929
3483,0,0.08734164386987686
3484,0,0.323832631111145
3485,0,0.551222562789917
3486,0,0.004324223846197128
3487,0,0.0753697082400322
3488,0,0.047954097390174866
3489,0,0.11588989943265915
3490,0,0.8541963696479797
3491,0,0.08986899256706238
3492,0,0.1701967418193817
3493,0,0.02550315111875534
3494,0,0.42396479845046997
3495,0,0.006209172774106264
3496,0,0.03502235189080238
3497,0,0.04404022917151451
3498,0,0.11479726433753967
3499,0,0.13356317579746246
3500,0,0.5825141668319702
3501,0,0.00634930981323123
3502,0,0.40516936779022217
3503,0,0.15010777115821838
3504,0,0.24775606393814087
3505,0,0.23022694885730743
3506,0,0.08086829632520676
3507,0,0.0026228365022689104
3508,0,0.006555797066539526
3509,0,0.409158319234848
3510,0,0.049201808869838715
3511,0,0.005349295679479837
3512,0,0.8003929257392883
3513,0,0.09522560983896255
3514,0,0.34430086612701416
3515,0,0.00797014869749546
3516,0,0.0023790255654603243
3517,0,0.005683578085154295
3518,0,0.9678510427474976
3519,0,0.15836070477962494
3520,0,0.9404180645942688
3521,0,0.14855074882507324
3522,0,0.008236628025770187
3523,0,0.026366757228970528
3524,0,0.12210637331008911
3525,0,0.11588989943265915
3526,0,0.008282279595732689
3527,0,0.005820420105010271
3528,0,0.04968509450554848
3529,0,0.008882497437298298
3530,0,0.9618095755577087
3531,0,0.8081508874893188
3532,0,0.007072145119309425
3533,0,0.8278729319572449
3534,0,0.005458901636302471
3535,0,0.21186409890651703
3536,0,0.004200831521302462
3537,0,0.002859314437955618
3538,0,0.12497211247682571
3539,0,0.4349415600299835
3540,0,0.905744194984436
3541,0,0.008107864297926426
3542,0,0.3212917745113373
3543,0,0.17592264711856842
3544,0,0.2721610963344574
3545,0,0.07620637863874435
3546,0,0.0032198496628552675
3547,0,0.0253839660435915
3548,0,0.5161375999450684
3549,0,0.21458971500396729
3550,0,0.13482142984867096
3551,0,0.2968999147415161
3552,0,0.039223190397024155
3553,0,0.019064249470829964
3554,0,0.26990967988967896
3555,0,0.1841447949409485
3556,0,0.46132031083106995
3557,0,0.01816640794277191
3558,0,0.013958302326500416
3559,0,0.18687878549098969
3560,0,0.006640952546149492
3561,0,0.1516358107328415
3562,0,0.2026090919971466
3563,0,0.016929732635617256
3564,0,0.6885260939598083
3565,0,0.0636880025267601
3566,0,0.006765702739357948
3567,0,0.38058510422706604
3568,0,0.030032560229301453
3569,0,0.06425970047712326
3570,0,0.007147629279643297
3571,0,0.005509174428880215
3572,0,0.3454209268093109
3573,0,0.005817490629851818
3574,0,0.01648108661174774
3575,0,0.31972846388816833
3576,0,0.2701690196990967
3577,0,0.8352251648902893
3578,0,0.0629163309931755
3579,0,0.6812483668327332
3580,0,0.005663073156028986
3581,0,0.9629626870155334
3582,0,0.8378451466560364
3583,0,0.4183800518512726
3584,0,0.14867046475410461
3585,0,0.2620251476764679
3586,0,0.029827825725078583
3587,0,0.27120256423950195
3588,0,0.16096441447734833
3589,0,0.4880710542201996
3590,0,0.3415619432926178
3591,0,0.35936427116394043
3592,0,0.5908942818641663
3593,0,0.0032244636677205563
3594,0,0.40322428941726685
3595,0,0.9406771659851074
3596,0,0.7489674091339111
3597,0,0.4303876459598541
3598,0,0.005930048879235983
3599,0,0.7582431435585022
3600,0,0.6915490031242371
3601,0,0.5581205487251282
3602,0,0.6662616729736328
3603,0,0.1783287525177002
3604,0,0.003479133127257228
3605,0,0.29607221484184265
3606,0,0.01731078326702118
3607,0,0.917209267616272
3608,0,0.9387183785438538
3609,0,0.30473312735557556
3610,0,0.5824329257011414
3611,0,0.36572888493537903
3612,0,0.0636880025267601
3613,0,0.4516936242580414
3614,0,0.0034717547241598368
3615,0,0.09595057368278503
3616,0,0.010157942771911621
3617,0,0.5433462858200073
3618,0,0.02158602699637413
3619,0,0.09068632870912552
3620,0,0.037367064505815506
3621,0,0.0062370640225708485
3622,0,0.01417082641273737
3623,0,0.06971205025911331
3624,0,0.30144962668418884
3625,0,0.028816137462854385
3626,0,0.11859657615423203
3627,0,0.002265735762193799
3628,0,0.0061499630101025105
3629,0,0.23727314174175262
3630,0,0.01773683913052082
3631,0,0.11662556231021881
3632,0,0.03720668703317642
3633,0,0.11516579985618591
3634,0,0.13760581612586975
3635,0,0.027645379304885864
3636,0,0.2507399320602417
3637,0,0.01255890354514122
3638,0,0.011249645613133907
3639,0,0.9202492237091064
3640,0,0.008400238119065762
3641,0,0.8402376174926758
3642,0,0.023631921038031578
3643,0,0.020868562161922455
3644,0,0.7384676933288574
3645,0,0.046808596700429916
3646,0,0.005824204534292221
3647,0,0.06024818867444992
3648,0,0.49850383400917053
3649,0,0.32446104288101196
3650,0,0.17085784673690796
3651,0,0.025730310007929802
3652,0,0.02040773816406727
3653,0,0.133660227060318
3654,0,0.09522560983896255
3655,0,0.004971152637153864
3656,0,0.2751452624797821
3657,0,0.005938997026532888
3658,0,0.12063131481409073
3659,0,0.03653766214847565
3660,0,0.051394376903772354
3661,0,0.08067318052053452
3662,0,0.7321291565895081
3663,0,0.8807559013366699
3664,0,0.009896280243992805
3665,0,0.24062955379486084
3666,0,0.02194535918533802
3667,0,0.04056211933493614
3668,0,0.28532230854034424
3669,0,0.006001667119562626
3670,0,0.8803484439849854
3671,0,0.27399906516075134
3672,0,0.8749921321868896
3673,0,0.15823867917060852
3674,0,0.14495661854743958
3675,0,0.09692133218050003
3676,0,0.09522560983896255
3677,0,0.030786314979195595
3678,0,0.9552623629570007
3679,0,0.003865959122776985
3680,0,0.7804535031318665
3681,0,0.2813737988471985
3682,0,0.04376959428191185
3683,0,0.5222193002700806
3684,0,0.4537343382835388
3685,0,0.012304211035370827
3686,0,0.02155451290309429
3687,0,0.07192341983318329
3688,0,0.0142280962318182
3689,0,0.17549650371074677
3690,0,0.9348194599151611
3691,0,0.398747980594635
3692,0,0.09507998079061508
3693,0,0.0636880025267601
3694,0,0.09522560983896255
3695,0,0.2780101001262665
3696,0,0.8317325115203857
3697,0,0.5561408400535583
3698,0,0.974942147731781
3699,0,0.6565219163894653
3700,0,0.17592264711856842
3701,0,0.010566344484686852
3702,0,0.2541738450527191
3703,0,0.3729034662246704
3704,0,0.11329018324613571
3705,0,0.08353110402822495
3706,0,0.9091725945472717
3707,0,0.12747211754322052
3708,0,0.10883976519107819
3709,0,0.7556320428848267
3710,0,0.03259572759270668
3711,0,0.36533501744270325
3712,0,0.4376450479030609
3713,0,0.0034948852844536304
3714,0,0.1987447738647461
3715,0,0.17327740788459778
3716,0,0.09963351488113403
3717,0,0.5589525103569031
3718,0,0.13356317579746246
3719,0,0.005783707834780216
3720,0,0.14764006435871124
3721,0,0.5166001915931702
3722,0,0.01580815762281418
3723,0,0.892643928527832
3724,0,0.007852117531001568
3725,0,0.5906085968017578
3726,0,0.05720363184809685
3727,0,0.1624043732881546
3728,0,0.17696596682071686
3729,0,0.07833650708198547
3730,0,0.31806835532188416
3731,0,0.46595147252082825
3732,0,0.049600373953580856
3733,0,0.06389901787042618
3734,0,0.7998380661010742
3735,0,0.9157537221908569
3736,0,0.03409980610013008
3737,0,0.006401612889021635
3738,0,0.1390416920185089
3739,0,0.02082846686244011
3740,0,0.01610022969543934
3741,0,0.013712269254028797
3742,0,0.2206118404865265
3743,0,0.05503072589635849
3744,0,0.8013989329338074
3745,0,0.327597051858902
3746,0,0.0841694250702858
3747,0,0.004078428726643324
3748,0,0.3600258231163025
3749,0,0.17592264711856842
3750,0,0.01416454091668129
3751,0,0.9377337694168091
3752,0,0.7170418500900269
3753,0,0.002102339407429099
3754,0,0.018929926678538322
3755,0,0.27816930413246155
3756,0,0.15223683416843414
3757,0,0.008266939781606197
3758,0,0.008444280363619328
3759,0,0.4489290714263916
3760,0,0.011227953247725964
3761,0,0.3381294012069702
3762,0,0.46354398131370544
3763,0,0.7798587679862976
3764,0,0.031389784067869186
3765,0,0.09877718985080719
3766,0,0.1754915863275528
3767,0,0.21186409890651703
3768,0,0.01214146800339222
3769,0,0.14798404276371002
3770,0,0.22065649926662445
3771,0,0.062345847487449646
3772,0,0.032709572464227676
3773,0,0.03143540024757385
3774,0,0.23054060339927673
3775,0,0.21186409890651703
3776,0,0.7087141871452332
3777,0,0.11565914750099182
3778,0,0.014647101052105427
3779,0,0.5490674376487732
3780,0,0.08959854394197464
3781,0,0.09323243051767349
3782,0,0.684019923210144
3783,0,0.6392865180969238
3784,0,0.3054027855396271
3785,0,0.23280870914459229
3786,0,0.5828961133956909
3787,0,0.07850693166255951
3788,0,0.31368282437324524
3789,0,0.1522490382194519
3790,0,0.08161341398954391
3791,0,0.2805942893028259
3792,0,0.6033322215080261
3793,0,0.25800108909606934
3794,0,0.8201693296432495
3795,0,0.035140261054039
3796,0,0.023177137598395348
3797,0,0.01684744842350483
3798,0,0.006867474410682917
3799,0,0.7609986662864685
3800,0,0.008885810151696205
3801,0,0.014198197983205318
3802,0,0.7390753030776978
3803,0,0.09969570487737656
3804,0,0.030889151617884636
3805,0,0.019220910966396332
3806,0,0.013810988515615463
3807,0,0.8509184718132019
3808,0,0.8392884135246277
3809,0,0.18820740282535553
3810,0,0.06811677664518356
3811,0,0.011860639788210392
3812,0,0.13356317579746246
3813,0,0.008644476532936096
3814,0,0.005652125924825668
3815,0,0.005732567515224218
3816,0,0.14902551472187042
3817,0,0.7613183259963989
3818,0,0.09595057368278503
3819,0,0.005767654627561569
3820,0,0.06659596413373947
3821,0,0.17260241508483887
3822,0,0.0038475466426461935
3823,0,0.6571422815322876
3824,0,0.5293700695037842
3825,0,0.8693689703941345
3826,0,0.05294254794716835
3827,0,0.27684423327445984
3828,0,0.3784918487071991
3829,0,0.028204476460814476
3830,0,0.8683801889419556
3831,0,0.060254741460084915
3832,0,0.379798024892807
3833,0,0.03781573474407196
3834,0,0.7645658254623413
3835,0,0.18549832701683044
3836,0,0.1823245882987976
3837,0,0.3091611862182617
3838,0,0.36949074268341064
3839,0,0.4898216426372528
3840,0,0.005946802906692028
3841,0,0.06179532781243324
3842,0,0.7826035618782043
3843,0,0.008931819349527359
3844,0,0.005071098916232586
3845,0,0.9540089964866638
3846,0,0.019563032314181328
3847,0,0.7799976468086243
3848,0,0.004039226099848747
3849,0,0.1640109419822693
3850,0,0.01667908765375614
3851,0,0.5000629425048828
3852,0,0.9193093776702881
3853,0,0.013035187497735023
3854,0,0.9412311911582947
3855,0,0.027749137952923775
3856,0,0.09988896548748016
3857,0,0.1749647557735443
3858,0,0.8245483636856079
3859,0,0.5040426850318909
3860,0,0.0147353271022439
3861,0,0.5932952165603638
3862,0,0.006641226354986429
3863,0,0.014071173965930939
3864,0,0.6619806289672852
3865,0,0.0421089306473732
3866,0,0.08751974999904633
3867,0,0.1410970836877823
3868,0,0.21186409890651703
3869,0,0.5547682046890259
3870,0,0.7119970917701721
3871,0,0.18857994675636292
3872,0,0.0092920558527112
3873,0,0.03396891430020332
3874,0,0.07123211026191711
3875,0,0.45732682943344116
3876,0,0.10460230708122253
3877,0,0.011561522260308266
3878,0,0.14884930849075317
3879,0,0.020510829985141754
3880,0,0.7877785563468933
3881,0,0.7751169800758362
3882,0,0.33817046880722046
3883,0,0.6034694314002991
3884,0,0.4564740061759949
3885,0,0.12060051411390305
3886,0,0.04170127585530281
3887,0,0.31490278244018555
3888,0,0.007048574276268482
3889,0,0.14487330615520477
3890,0,0.03749062493443489
3891,0,0.0066748568788170815
3892,0,0.4807853400707245
3893,0,0.6058788895606995
3894,0,0.15080909430980682
3895,0,0.08327428251504898
3896,0,0.12604261934757233
3897,0,0.02996448241174221
3898,0,0.003107926808297634
3899,0,0.03255632519721985
3900,0,0.16030581295490265
3901,0,0.09641776978969574
3902,0,0.02528526820242405
3903,0,0.7622913122177124
3904,0,0.27346619963645935
3905,0,0.154436394572258
3906,0,0.05735820531845093
3907,0,0.015678079798817635
3908,0,0.05693642795085907
3909,0,0.1110415980219841
3910,0,0.9686983227729797
3911,0,0.00945793092250824
3912,0,0.5099725723266602
3913,0,0.09593434631824493
3914,0,0.011662845499813557
3915,0,0.09522047638893127
3916,0,0.004316113889217377
3917,0,0.01126856543123722
3918,0,0.9294734001159668
3919,0,0.7692644596099854
3920,0,0.43050462007522583
3921,0,0.009566756896674633
3922,0,0.5834290981292725
3923,0,0.05208490043878555
3924,0,0.11779042333364487
3925,0,0.1815887987613678
3926,0,0.007951527833938599
3927,0,0.003956119064241648
3928,0,0.17395709455013275
3929,0,0.0038330242969095707
3930,0,0.12234215438365936
3931,0,0.2079770267009735
3932,0,0.2901466488838196
3933,0,0.11408437788486481
3934,0,0.09522047638893127
3935,0,0.3263542056083679
3936,0,0.2613542377948761
3937,0,0.3161831200122833
3938,0,0.258472740650177
3939,0,0.7965417504310608
3940,0,0.23372335731983185
3941,0,0.01243318896740675
3942,0,0.23398196697235107
3943,0,0.6720390915870667
3944,0,0.19420994818210602
3945,0,0.0039036311209201813
3946,0,0.21361617743968964
3947,0,0.029038727283477783
3948,0,0.16773658990859985
3949,0,0.004846986848860979
3950,0,0.010402907617390156
3951,0,0.00935577042400837
3952,0,0.017420107498764992
3953,0,0.06827566027641296
3954,0,0.532848060131073
3955,0,0.023309487849473953
3956,0,0.8502916693687439
3957,0,0.7785772681236267
3958,0,0.33503082394599915
3959,0,0.9022037982940674
3960,0,0.04535039886832237
3961,0,0.21015223860740662
3962,0,0.03157563507556915
3963,0,0.020637786015868187
3964,0,0.010193724185228348
3965,0,0.07674014568328857
3966,0,0.27584967017173767
3967,0,0.014696313999593258
3968,0,0.11590476334095001
3969,0,0.2684475779533386
3970,0,0.5665279030799866
3971,0,0.9372705817222595
3972,0,0.7909407019615173
3973,0,0.014436734840273857
3974,0,0.06991808861494064
3975,0,0.21184130012989044
3976,0,0.004838952794671059
3977,0,0.017299989238381386
3978,0,0.14313602447509766
3979,0,0.13767258822917938
3980,0,0.3063606917858124
3981,0,0.0033784324768930674
3982,0,0.06364850699901581
3983,1,0.9229987859725952
