index,y_true,y_pred_oof
0,1,0.93744957447052
1,1,0.9322039484977722
2,1,0.648664653301239
3,1,0.7924781441688538
4,1,0.6417716145515442
5,1,0.12595079839229584
6,1,0.06501512229442596
7,1,0.3925383687019348
8,1,0.9626887440681458
9,1,0.7546768188476562
10,1,0.7106675505638123
11,1,0.782734215259552
12,1,0.4164784550666809
13,1,0.9946176409721375
14,1,0.8848379254341125
15,1,0.7970573902130127
16,1,0.7872352004051208
17,1,0.5798163414001465
18,1,0.8295438885688782
19,1,0.4755130708217621
20,1,0.7840775847434998
21,1,0.8546751737594604
22,1,0.8096486926078796
23,1,0.8611257076263428
24,1,0.8471145629882812
25,1,0.3069366216659546
26,1,0.7945448756217957
27,1,0.8541316390037537
28,1,0.9769326448440552
29,1,0.9666993618011475
30,1,0.29950353503227234
31,1,0.8500646352767944
32,1,0.9171191453933716
33,1,0.7341077923774719
34,1,0.6102893948554993
35,1,0.7861660718917847
36,1,0.7917025685310364
37,1,0.9574601650238037
38,1,0.8679602146148682
39,1,0.7766233682632446
40,1,0.9873949289321899
41,1,0.7468320727348328
42,1,0.8743476867675781
43,1,0.7053379416465759
44,1,0.7721390128135681
45,1,0.8467650413513184
46,1,0.6186354756355286
47,1,0.7363335490226746
48,1,0.840694010257721
49,1,0.7944432497024536
50,1,0.8474177122116089
51,1,0.9203397631645203
52,1,0.8518484234809875
53,1,0.7229588031768799
54,1,0.6406801342964172
55,1,0.9413363933563232
56,1,0.6696985363960266
57,1,0.3194696605205536
58,1,0.18164654076099396
59,1,0.8499430418014526
60,1,0.6378598809242249
61,1,0.7100273370742798
62,1,0.301227331161499
63,1,0.839565634727478
64,1,0.8493770360946655
65,1,0.9471994042396545
66,1,0.8203220367431641
67,1,0.46521511673927307
68,1,0.6460896730422974
69,1,0.9329966902732849
70,1,0.2153557986021042
71,1,0.9137716293334961
72,1,0.09079150855541229
73,1,0.4356745779514313
74,1,0.7758582234382629
75,1,0.6164359450340271
76,1,0.7462579607963562
77,1,0.956478476524353
78,1,0.5833781361579895
79,1,0.43616926670074463
80,1,0.9900023937225342
81,1,0.6708956360816956
82,1,0.7763223648071289
83,1,0.4558172821998596
84,1,0.8806507587432861
85,1,0.15208391845226288
86,1,0.9090416431427002
87,1,0.337939590215683
88,1,0.7358842492103577
89,1,0.8140802979469299
90,1,0.570163369178772
91,1,0.9841656684875488
92,1,0.8894745707511902
93,1,0.630037248134613
94,1,0.9266791343688965
95,1,0.7851879596710205
96,1,0.9357566237449646
97,1,0.9964390397071838
98,1,0.8938811421394348
99,1,0.9025540351867676
100,1,0.4745335280895233
101,1,0.964324414730072
102,1,0.43624112010002136
103,1,0.7437027096748352
104,1,0.9372143149375916
105,1,0.9280412793159485
106,1,0.9615486264228821
107,1,0.8667703866958618
108,1,0.8566494584083557
109,1,0.9639854431152344
110,1,0.9588784575462341
111,1,0.9203459024429321
112,1,0.9793624877929688
113,1,0.6172621250152588
114,1,0.915123462677002
115,1,0.1042071208357811
116,1,0.20536576211452484
117,1,0.8776677846908569
118,1,0.09006038308143616
119,1,0.2983810305595398
120,1,0.7231245636940002
121,1,0.6555097699165344
122,1,0.8724059462547302
123,1,0.9024896621704102
124,1,0.7606427669525146
125,1,0.4064803421497345
126,1,0.3424086570739746
127,1,0.48469290137290955
128,1,0.697874903678894
129,1,0.9437808990478516
130,1,0.9934224486351013
131,1,0.8745433688163757
132,1,0.024756118655204773
133,1,0.9267778992652893
134,1,0.5093082189559937
135,1,0.12359460443258286
136,1,0.8306825757026672
137,1,0.8941822648048401
138,1,0.4994145929813385
139,1,0.8327643871307373
140,1,0.49091246724128723
141,1,0.961724042892456
142,1,0.5793557167053223
143,1,0.6761816143989563
144,1,0.9383189678192139
145,1,0.5992221832275391
146,1,0.9591720700263977
147,1,0.8924168944358826
148,1,0.9322711229324341
149,1,0.34519511461257935
150,1,0.8010064363479614
151,1,0.9762686491012573
152,1,0.3017357587814331
153,1,0.10047581791877747
154,1,0.9328267574310303
155,1,0.8624263405799866
156,1,0.9061052203178406
157,1,0.9505707025527954
158,1,0.805112898349762
159,1,0.751189649105072
160,1,0.8809378147125244
161,1,0.46642813086509705
162,1,0.4916362166404724
163,1,0.5116350650787354
164,1,0.957750678062439
165,1,0.6533068418502808
166,1,0.9874815940856934
167,1,0.9554040431976318
168,1,0.9819050431251526
169,1,0.8281602263450623
170,1,0.4500049948692322
171,1,0.9941502213478088
172,1,0.29561543464660645
173,1,0.9087100625038147
174,1,0.3057188391685486
175,1,0.6257432103157043
176,1,0.9916501045227051
177,1,0.9859678149223328
178,1,0.8736417889595032
179,1,0.9908004403114319
180,1,0.8173003196716309
181,1,0.09136465191841125
182,1,0.9650006890296936
183,1,0.9655168056488037
184,1,0.826148271560669
185,1,0.9054069519042969
186,1,0.9754213690757751
187,1,0.9212238192558289
188,1,0.07661592960357666
189,1,0.9253265261650085
190,1,0.9324529767036438
191,1,0.6099165678024292
192,1,0.923940896987915
193,1,0.3017956614494324
194,1,0.7810587286949158
195,1,0.9955333471298218
196,1,0.787169337272644
197,1,0.9678133130073547
198,1,0.537297248840332
199,1,0.9808388948440552
200,1,0.9588484168052673
201,1,0.7362085580825806
202,1,0.9058578610420227
203,1,0.3286295533180237
204,1,0.8995857238769531
205,1,0.54814612865448
206,1,0.5191119313240051
207,1,0.8854441046714783
208,1,0.9313637614250183
209,1,0.8725520372390747
210,1,0.5342528223991394
211,1,0.048260997980833054
212,1,0.4240727126598358
213,1,0.8958235383033752
214,1,0.9136458039283752
215,1,0.8642358183860779
216,1,0.9772142171859741
217,1,0.2781277894973755
218,1,0.9794244766235352
219,1,0.9825229644775391
220,1,0.8711326122283936
221,1,0.966943621635437
222,1,0.8689538240432739
223,1,0.997542142868042
224,1,0.9460015296936035
225,1,0.7644450664520264
226,1,0.9630652070045471
227,1,0.46149319410324097
228,1,0.475274920463562
229,1,0.6457236409187317
230,1,0.9079506993293762
231,1,0.01643839105963707
232,1,0.8286510109901428
233,1,0.16226688027381897
234,1,0.8990489840507507
235,1,0.9758365154266357
236,1,0.8317474722862244
237,1,0.9929649829864502
238,1,0.2963297367095947
239,1,0.7310924530029297
240,1,0.26688215136528015
241,1,0.9749326109886169
242,1,0.8214125037193298
243,1,0.5990586876869202
244,1,0.09270939975976944
245,1,0.9777536392211914
246,1,0.9671130180358887
247,1,0.4720173180103302
248,1,0.7711381912231445
249,1,0.13523513078689575
250,1,0.9863259196281433
251,1,0.4316524267196655
252,1,0.8236034512519836
253,1,0.5981554985046387
254,1,0.673046886920929
255,1,0.9938477873802185
256,1,0.7102139592170715
257,1,0.9040133357048035
258,1,0.901479184627533
259,1,0.8971562385559082
260,1,0.9500592350959778
261,1,0.9823194146156311
262,1,0.6031166911125183
263,1,0.9806563258171082
264,1,0.9843791127204895
265,1,0.9392178058624268
266,1,0.0831005722284317
267,1,0.616909921169281
268,1,0.9191331267356873
269,1,0.23505575954914093
270,1,0.2600398063659668
271,1,0.6855577826499939
272,1,0.39394041895866394
273,1,0.5304770469665527
274,1,0.08942478150129318
275,1,0.43564149737358093
276,1,0.8908251523971558
277,1,0.39444759488105774
278,1,0.44603002071380615
279,1,0.17125621438026428
280,1,0.18965710699558258
281,1,0.43649595975875854
282,1,0.46163663268089294
283,1,0.8163376450538635
284,1,0.8509088754653931
285,1,0.8584048748016357
286,1,0.21280625462532043
287,1,0.23607707023620605
288,1,0.7991029024124146
289,1,0.04660492390394211
290,1,0.7637231349945068
291,1,0.019204817712306976
292,1,0.40030887722969055
293,1,0.6651836037635803
294,1,0.7048100829124451
295,1,0.5228171944618225
296,1,0.8855711221694946
297,1,0.08725550770759583
298,1,0.9308236837387085
299,1,0.7855254411697388
300,1,0.9772153496742249
301,1,0.9801116585731506
302,1,0.48227331042289734
303,1,0.9435882568359375
304,1,0.9559708833694458
305,1,0.32304710149765015
306,1,0.5649020075798035
307,1,0.9548847675323486
308,1,0.9856599569320679
309,1,0.08473318070173264
310,1,0.522570788860321
311,1,0.46671512722969055
312,1,0.4315360188484192
313,1,0.20767918229103088
314,1,0.9299083948135376
315,1,0.3504396378993988
316,1,0.8023653626441956
317,1,0.8793012499809265
318,1,0.893011212348938
319,1,0.5510281324386597
320,1,0.9048624634742737
321,1,0.4257358908653259
322,1,0.931771993637085
323,1,0.9255754947662354
324,1,0.6510400176048279
325,1,0.9751619100570679
326,1,0.9564502239227295
327,1,0.9598814845085144
328,1,0.9914960861206055
329,1,0.8741894364356995
330,1,0.8959349989891052
331,1,0.8925902843475342
332,1,0.9786282777786255
333,1,0.9162054657936096
334,1,0.952006459236145
335,1,0.9437702298164368
336,1,0.9745562672615051
337,1,0.9065038561820984
338,1,0.8133831024169922
339,1,0.9799447059631348
340,1,0.9736415147781372
341,1,0.9793549180030823
342,1,0.9699033498764038
343,1,0.5456311106681824
344,1,0.9854861497879028
345,1,0.9344449043273926
346,1,0.6778638958930969
347,1,0.972727358341217
348,1,0.8734853863716125
349,1,0.8390297889709473
350,1,0.297684907913208
351,1,0.8372302651405334
352,1,0.9025517106056213
353,1,0.7069671750068665
354,1,0.13887394964694977
355,1,0.7316446900367737
356,1,0.5973235964775085
357,1,0.929936945438385
358,1,0.844399631023407
359,1,0.7154813408851624
360,1,0.8404095768928528
361,1,0.9879692792892456
362,1,0.997022807598114
363,1,0.9881196022033691
364,1,0.1882627308368683
365,1,0.9433664679527283
366,1,0.9125664234161377
367,1,0.9829936027526855
368,1,0.7104068398475647
369,1,0.9266553521156311
370,1,0.8540764451026917
371,1,0.9925150275230408
372,1,0.7444245219230652
373,1,0.9557982087135315
374,1,0.8923794627189636
375,1,0.9235758185386658
376,1,0.9067064523696899
377,1,0.9736762046813965
378,1,0.9020739793777466
379,1,0.8762342929840088
380,1,0.9481631517410278
381,1,0.9893202781677246
382,1,0.5519507527351379
383,1,0.7341455817222595
384,1,0.8420968651771545
385,1,0.8189554214477539
386,1,0.6745346188545227
387,1,0.7658366560935974
388,1,0.8654191493988037
389,1,0.8127273917198181
390,1,0.7185969352722168
391,1,0.739607036113739
392,1,0.71221524477005
393,1,0.20781609416007996
394,1,0.10990364104509354
395,1,0.33885490894317627
396,1,0.6028356552124023
397,1,0.4871774911880493
398,1,0.28046149015426636
399,1,0.6131352186203003
400,1,0.7358532547950745
401,1,0.8337961435317993
402,1,0.7259493470191956
403,1,0.6880927085876465
404,1,0.8126883506774902
405,1,0.7210519909858704
406,1,0.6625154614448547
407,1,0.7008858919143677
408,1,0.009718374349176884
409,1,0.28394535183906555
410,1,0.2928382158279419
411,1,0.8403931856155396
412,1,0.9082848429679871
413,1,0.13384747505187988
414,1,0.2715221643447876
415,1,0.6367754340171814
416,1,0.028120219707489014
417,1,0.602810800075531
418,1,0.6941047310829163
419,1,0.3644815981388092
420,1,0.4290437400341034
421,1,0.0592762753367424
422,1,0.760023832321167
423,1,0.4411163926124573
424,1,0.7720648646354675
425,1,0.3070041835308075
426,1,0.7701555490493774
427,1,0.20690207183361053
428,1,0.6931522488594055
429,1,0.7918462753295898
430,1,0.6127656102180481
431,1,0.7360743880271912
432,1,0.6222383379936218
433,1,0.7326294779777527
434,1,0.2436361163854599
435,1,0.7706063985824585
436,1,0.9534181952476501
437,1,0.7439748644828796
438,1,0.9396888613700867
439,1,0.9468995928764343
440,1,0.9357442855834961
441,1,0.9723509550094604
442,1,0.9780332446098328
443,1,0.8888658881187439
444,1,0.9570595622062683
445,1,0.8944783210754395
446,1,0.563121497631073
447,1,0.9336355328559875
448,1,0.833893895149231
449,1,0.8597604632377625
450,1,0.7743739485740662
451,1,0.9647621512413025
452,1,0.9805691242218018
453,1,0.9824886322021484
454,1,0.9795519709587097
455,1,0.9270631670951843
456,1,0.984687864780426
457,1,0.995848536491394
458,1,0.9612754583358765
459,1,0.980322539806366
460,1,0.9108286499977112
461,1,0.9720741510391235
462,1,0.9977566599845886
463,1,0.8713511228561401
464,1,0.9924916625022888
465,1,0.6074501276016235
466,1,0.9826369881629944
467,1,0.9849022030830383
468,1,0.959880530834198
469,1,0.8282532095909119
470,1,0.8982186913490295
471,1,0.8138953447341919
472,1,0.9732891917228699
473,1,0.9422629475593567
474,1,0.9479546546936035
475,1,0.9870942234992981
476,1,0.985775351524353
477,1,0.9863665699958801
478,1,0.9541823267936707
479,1,0.695444643497467
480,1,0.6586278080940247
481,1,0.976161777973175
482,1,0.9433483481407166
483,1,0.8522825241088867
484,1,0.8447812795639038
485,1,0.9014890193939209
486,1,0.850440502166748
487,1,0.957066535949707
488,1,0.8353448510169983
489,1,0.9362276196479797
490,1,0.8281280994415283
491,1,0.4824464023113251
492,1,0.7837201356887817
493,1,0.9399862289428711
494,1,0.9664478898048401
495,1,0.912681519985199
496,1,0.30118849873542786
497,1,0.8411538004875183
498,1,0.009272010996937752
499,1,0.9930053353309631
500,1,0.582625687122345
501,1,0.7383133172988892
502,1,0.19057874381542206
503,1,0.6420857906341553
504,1,0.6024561524391174
505,1,0.7971718907356262
506,1,0.7563512921333313
507,1,0.2472643107175827
508,1,0.8810837268829346
509,1,0.3974466621875763
510,1,0.8268928527832031
511,1,0.8399667739868164
512,1,0.6493774652481079
513,1,0.38475483655929565
514,1,0.08197196573019028
515,1,0.25463318824768066
516,1,0.021219633519649506
517,1,0.869472861289978
518,1,0.6115609407424927
519,1,0.7425740361213684
520,1,0.05728541314601898
521,1,0.14908729493618011
522,1,0.07898230105638504
523,1,0.5213226079940796
524,1,0.9254304766654968
525,1,0.20472683012485504
526,1,0.7983688712120056
527,1,0.33648836612701416
528,1,0.11451869457960129
529,1,0.5988998413085938
530,1,0.018556691706180573
531,1,0.38714662194252014
532,1,0.7839606404304504
533,1,0.11247861385345459
534,1,0.7130687832832336
535,1,0.941399872303009
536,1,0.6899241209030151
537,1,0.8016599416732788
538,1,0.8298441171646118
539,1,0.6934949159622192
540,1,0.5977799296379089
541,1,0.6781818866729736
542,1,0.7872549891471863
543,1,0.586543083190918
544,1,0.5978091955184937
545,1,0.7153181433677673
546,1,0.7230606079101562
547,1,0.31836646795272827
548,1,0.9152530431747437
549,1,0.7611889839172363
550,1,0.5042955279350281
551,1,0.7097593545913696
552,1,0.626743495464325
553,1,0.5411362051963806
554,1,0.691959023475647
555,1,0.6883851289749146
556,1,0.9192256927490234
557,1,0.804392397403717
558,1,0.15841688215732574
559,1,0.7997965216636658
560,1,0.9504924416542053
561,1,0.5993587970733643
562,1,0.7854244709014893
563,1,0.9214839935302734
564,1,0.8394142389297485
565,1,0.9505206346511841
566,1,0.7611106038093567
567,1,0.9238395094871521
568,1,0.7310201525688171
569,1,0.1027255430817604
570,1,0.8713317513465881
571,1,0.7785009741783142
572,1,0.9811956882476807
573,1,0.8294044137001038
574,1,0.944294273853302
575,1,0.9175641536712646
576,1,0.16397184133529663
577,1,0.9797842502593994
578,1,0.5730417370796204
579,1,0.8913055062294006
580,1,0.965470016002655
581,1,0.9703052639961243
582,1,0.94291090965271
583,1,0.6741181015968323
584,1,0.6670787930488586
585,1,0.04740951210260391
586,1,0.4503924548625946
587,1,0.984093189239502
588,1,0.7444902658462524
589,1,0.9474833011627197
590,1,0.7046507596969604
591,1,0.4813915491104126
592,1,0.8367613554000854
593,1,0.9187839031219482
594,1,0.9486798644065857
595,1,0.7945963740348816
596,1,0.8071820735931396
597,1,0.9059365391731262
598,1,0.9138354063034058
599,1,0.8766394853591919
600,1,0.9872889518737793
601,1,0.9234638214111328
602,1,0.8962945342063904
603,1,0.9720287322998047
604,1,0.8064640164375305
605,1,0.9546949863433838
606,1,0.9199410676956177
607,1,0.9534946084022522
608,1,0.9930796027183533
609,1,0.9107227325439453
610,1,0.7107190489768982
611,1,0.8052318096160889
612,1,0.8932249546051025
613,1,0.8974495530128479
614,1,0.9642284512519836
615,1,0.860540509223938
616,1,0.9748469591140747
617,1,0.8756305575370789
618,1,0.5610852241516113
619,1,0.8331160545349121
620,1,0.5374147295951843
621,1,0.7983793020248413
622,1,0.7059803605079651
623,1,0.7566461563110352
624,1,0.8563362956047058
625,1,0.8303032517433167
626,1,0.7953134179115295
627,1,0.9666354060173035
628,1,0.978445291519165
629,1,0.8201715350151062
630,1,0.9776581525802612
631,1,0.8759434223175049
632,1,0.9033323526382446
633,1,0.9055277705192566
634,1,0.8023268580436707
635,1,0.7676636576652527
636,1,0.8886836171150208
637,1,0.6686114072799683
638,1,0.9786373376846313
639,1,0.8392038941383362
640,1,0.4721299111843109
641,1,0.9027331471443176
642,1,0.8830856680870056
643,1,0.792506754398346
644,1,0.9372570514678955
645,1,0.9973815083503723
646,1,0.9965757727622986
647,1,0.9887369275093079
648,1,0.9822601675987244
649,1,0.9479773640632629
650,1,0.9097036123275757
651,1,0.9860795140266418
652,1,0.8433177471160889
653,1,0.520514965057373
654,1,0.7331754565238953
655,1,0.30123215913772583
656,1,0.9293760061264038
657,1,0.8997768759727478
658,1,0.9188081622123718
659,1,0.99167799949646
660,1,0.017801804468035698
661,1,0.8891345262527466
662,1,0.9871237277984619
663,1,0.9558717608451843
664,1,0.7807274460792542
665,1,0.9876543879508972
666,1,0.9844096899032593
667,1,0.9872437119483948
668,1,0.7781460881233215
669,1,0.9035840630531311
670,1,0.8494811654090881
671,1,0.8570138812065125
672,1,0.9623891115188599
673,1,0.9435091614723206
674,1,0.9684152007102966
675,1,0.9951972365379333
676,1,0.6908405423164368
677,1,0.975371241569519
678,1,0.9788830876350403
679,1,0.9569336771965027
680,1,0.9846327304840088
681,1,0.9682577848434448
682,1,0.9836031198501587
683,1,0.773352861404419
684,1,0.9601112604141235
685,1,0.9881615042686462
686,1,0.9847164154052734
687,1,0.9746403694152832
688,1,0.36426857113838196
689,1,0.5566300749778748
690,1,0.8820582628250122
691,1,0.9522531032562256
692,1,0.9214368462562561
693,1,0.952150821685791
694,1,0.9824701547622681
695,1,0.9299466609954834
696,1,0.8839240670204163
697,1,0.9262365102767944
698,1,0.9453676342964172
699,1,0.9479978084564209
700,1,0.9672931432723999
701,1,0.8708640336990356
702,1,0.8484607934951782
703,1,0.7813662886619568
704,1,0.953682541847229
705,1,0.9058594107627869
706,1,0.8706468939781189
707,1,0.4399181008338928
708,1,0.41403356194496155
709,1,0.9360849261283875
710,1,0.9903566241264343
711,1,0.9158700704574585
712,1,0.6312019228935242
713,1,0.27081772685050964
714,1,0.7175272107124329
715,1,0.026177434250712395
716,1,0.7297698259353638
717,1,0.579422652721405
718,1,0.14984241127967834
719,1,0.09498263895511627
720,1,0.33102184534072876
721,1,0.12964867055416107
722,1,0.21723464131355286
723,1,0.2867487072944641
724,1,0.3067680895328522
725,1,0.7620006203651428
726,1,0.88762366771698
727,1,0.04152378439903259
728,1,0.5582263469696045
729,1,0.25683265924453735
730,1,0.12373950332403183
731,1,0.03607289120554924
732,1,0.23352771997451782
733,1,0.8259331583976746
734,1,0.7140032649040222
735,1,0.06855321675539017
736,1,0.1898772418498993
737,1,0.14784330129623413
738,1,0.918817400932312
739,1,0.8673429489135742
740,1,0.11216230690479279
741,1,0.7351248264312744
742,1,0.6358850002288818
743,1,0.6410238742828369
744,1,0.5154321789741516
745,1,0.3334648013114929
746,1,0.2712997496128082
747,1,0.5340845584869385
748,1,0.8064520955085754
749,1,0.8467395305633545
750,1,0.8499166965484619
751,1,0.6721492409706116
752,1,0.6811704039573669
753,1,0.7523279190063477
754,1,0.782895028591156
755,1,0.8590506315231323
756,1,0.770158588886261
757,1,0.743321418762207
758,1,0.7261589169502258
759,1,0.8471577167510986
760,1,0.9150331020355225
761,1,0.8270143866539001
762,1,0.5826860070228577
763,1,0.8498702645301819
764,1,0.25896957516670227
765,1,0.7325761318206787
766,1,0.10270588099956512
767,1,0.9441354870796204
768,1,0.40465208888053894
769,1,0.43108248710632324
770,1,0.825045108795166
771,1,0.7695115208625793
772,1,0.8814123272895813
773,1,0.9512967467308044
774,1,0.7622987031936646
775,1,0.20116794109344482
776,1,0.9171766042709351
777,1,0.9407803416252136
778,1,0.060433272272348404
779,1,0.902620255947113
780,1,0.859878659248352
781,1,0.9248557090759277
782,1,0.9321761131286621
783,1,0.8686341643333435
784,1,0.9087452292442322
785,1,0.7537651062011719
786,1,0.6569157242774963
787,1,0.9360492825508118
788,1,0.913230836391449
789,1,0.36273959279060364
790,1,0.9410473704338074
791,1,0.9317492842674255
792,1,0.7205172777175903
793,1,0.12231047451496124
794,1,0.9329654574394226
795,1,0.989201545715332
796,1,0.9150292277336121
797,1,0.7480626106262207
798,1,0.7997949123382568
799,1,0.7602975964546204
800,1,0.8166016340255737
801,1,0.8183152079582214
802,1,0.9464924335479736
803,1,0.929915189743042
804,1,0.839703381061554
805,1,0.6917373538017273
806,1,0.9671943187713623
807,1,0.7902688980102539
808,1,0.9552556276321411
809,1,0.902137815952301
810,1,0.8509908318519592
811,1,0.8398791551589966
812,1,0.7378965020179749
813,1,0.32903704047203064
814,1,0.06296371668577194
815,1,0.07483446598052979
816,1,0.8499792218208313
817,1,0.7386560440063477
818,1,0.9338314533233643
819,1,0.9307908415794373
820,1,0.9952227473258972
821,1,0.9543461203575134
822,1,0.9780144691467285
823,1,0.9063335061073303
824,1,0.8886353969573975
825,1,0.9078755974769592
826,1,0.9367424249649048
827,1,0.5625561475753784
828,1,0.9258442521095276
829,1,0.9350662231445312
830,1,0.9493875503540039
831,1,0.821426510810852
832,1,0.9495330452919006
833,1,0.9125030040740967
834,1,0.9833564758300781
835,1,0.9684863090515137
836,1,0.7660669684410095
837,1,0.39119380712509155
838,1,0.6258906126022339
839,1,0.9933816194534302
840,1,0.9547924399375916
841,1,0.9110370874404907
842,1,0.9200019240379333
843,1,0.9922324419021606
844,1,0.987859308719635
845,1,0.9858883023262024
846,1,0.9774995446205139
847,1,0.9910625219345093
848,1,0.9774813652038574
849,1,0.9424697160720825
850,1,0.8645840883255005
851,1,0.9908720850944519
852,1,0.9474967122077942
853,1,0.9942072629928589
854,1,0.8245452642440796
855,1,0.9881551265716553
856,1,0.9597548842430115
857,1,0.9509412050247192
858,1,0.18447208404541016
859,1,0.5357436537742615
860,1,0.32930493354797363
861,1,0.9034860730171204
862,1,0.154305100440979
863,1,0.18094661831855774
864,1,0.8913182616233826
865,1,0.8288547992706299
866,1,0.9885873794555664
867,1,0.7949215769767761
868,1,0.5283023118972778
869,1,0.7087844014167786
870,1,0.88510662317276
871,1,0.6014708280563354
872,1,0.8855347037315369
873,1,0.7448627948760986
874,1,0.6839642524719238
875,1,0.6978781223297119
876,1,0.9090943336486816
877,1,0.6174854636192322
878,1,0.8129991292953491
879,1,0.9031224846839905
880,1,0.7584335207939148
881,1,0.6002700924873352
882,1,0.791202187538147
883,1,0.1780463010072708
884,1,0.6883589029312134
885,1,0.8572700619697571
886,1,0.9013771414756775
887,1,0.9000737071037292
888,1,0.8281622529029846
889,1,0.3282974064350128
890,1,0.7130027413368225
891,1,0.45973458886146545
892,1,0.7716735005378723
893,1,0.7043976187705994
894,1,0.765684187412262
895,1,0.8451128005981445
896,1,0.6833165884017944
897,1,0.2654213309288025
898,1,0.5290847420692444
899,1,0.8813580274581909
900,1,0.6667701601982117
901,1,0.5805296897888184
902,1,0.8007845878601074
903,1,0.8468082547187805
904,1,0.7934942245483398
905,1,0.5627300143241882
906,1,0.8856297731399536
907,1,0.6059955358505249
908,1,0.6226776242256165
909,1,0.6117587089538574
910,1,0.8010240197181702
911,1,0.5934320092201233
912,1,0.18151773512363434
913,1,0.30654340982437134
914,1,0.9741355180740356
915,1,0.9342100024223328
916,1,0.9449546337127686
917,1,0.7329037189483643
918,1,0.7244324684143066
919,1,0.9666613340377808
920,1,0.9298135638237
921,1,0.8856903314590454
922,1,0.4743198752403259
923,1,0.6798208951950073
924,1,0.801458477973938
925,1,0.9077891111373901
926,1,0.921048641204834
927,1,0.9043158888816833
928,1,0.3774745464324951
929,1,0.3800112307071686
930,1,0.94685298204422
931,1,0.7353871464729309
932,1,0.8666160106658936
933,1,0.6626752018928528
934,1,0.7806912064552307
935,1,0.7055001854896545
936,1,0.6828963160514832
937,1,0.935146152973175
938,1,0.6907463669776917
939,1,0.9114353060722351
940,1,0.8595204949378967
941,1,0.9448577761650085
942,1,0.6901955604553223
943,1,0.7701218724250793
944,1,0.9368036389350891
945,1,0.7909471392631531
946,1,0.923041820526123
947,1,0.9004192352294922
948,1,0.8327736258506775
949,1,0.8353797793388367
950,1,0.7725611329078674
951,1,0.9671825170516968
952,1,0.9127878546714783
953,1,0.9300711154937744
954,1,0.776297390460968
955,1,0.15307877957820892
956,1,0.23617608845233917
957,1,0.966362714767456
958,1,0.9552064538002014
959,1,0.9091117978096008
960,1,0.9678653478622437
961,1,0.9612765908241272
962,1,0.8642838001251221
963,1,0.8659161925315857
964,1,0.6255230903625488
965,1,0.8136194944381714
966,1,0.9038216471672058
967,1,0.8362170457839966
968,1,0.8751745223999023
969,1,0.9292675852775574
970,1,0.95601487159729
971,1,0.6029436588287354
972,1,0.8469477295875549
973,1,0.8559476733207703
974,1,0.945706307888031
975,1,0.9028983116149902
976,1,0.9051648378372192
977,1,0.818787157535553
978,1,0.8094944357872009
979,1,0.7823951244354248
980,1,0.8270190358161926
981,1,0.37991079688072205
982,1,0.8465362787246704
983,1,0.799277663230896
984,1,0.7965683341026306
985,1,0.8677281141281128
986,1,0.8878964781761169
987,1,0.9649718999862671
988,1,0.8467682600021362
989,1,0.8407151699066162
990,1,0.8758813142776489
991,1,0.9330464005470276
992,1,0.8632534742355347
993,1,0.7066705226898193
994,1,0.933394730091095
995,1,0.8744427561759949
996,1,0.9516158699989319
997,1,0.7530714869499207
998,1,0.8890252709388733
999,1,0.9561824798583984
1000,1,0.9664409756660461
1001,1,0.9386377930641174
1002,1,0.793357789516449
1003,1,0.7721743583679199
1004,1,0.9702061414718628
1005,1,0.8609756231307983
1006,1,0.9517586827278137
1007,1,0.8547888398170471
1008,1,0.15381260216236115
1009,1,0.7987385392189026
1010,1,0.3523709774017334
1011,1,0.7366421222686768
1012,1,0.9160380363464355
1013,1,0.9640763998031616
1014,1,0.970154881477356
1015,1,0.8905327916145325
1016,1,0.7849082946777344
1017,1,0.9429009556770325
1018,1,0.9108870029449463
1019,1,0.8277326822280884
1020,1,0.8107299208641052
1021,1,0.8836895823478699
1022,1,0.873645544052124
1023,1,0.5251644253730774
1024,1,0.7772656083106995
1025,1,0.9477978348731995
1026,1,0.879860520362854
1027,1,0.9436789155006409
1028,1,0.9582725763320923
1029,1,0.9522585272789001
1030,1,0.9937655925750732
1031,1,0.9117493033409119
1032,1,0.9637981653213501
1033,1,0.9911594986915588
1034,1,0.99470454454422
1035,1,0.9684980511665344
1036,1,0.7947704195976257
1037,1,0.7918586134910583
1038,1,0.8943877220153809
1039,1,0.8668376207351685
1040,1,0.9016444683074951
1041,1,0.9922609925270081
1042,1,0.9940171241760254
1043,1,0.9700199365615845
1044,1,0.21022619307041168
1045,1,0.897062361240387
1046,1,0.9284368753433228
1047,1,0.9519380927085876
1048,1,0.8762744665145874
1049,1,0.9603429436683655
1050,1,0.8215737342834473
1051,1,0.859083354473114
1052,1,0.9616190791130066
1053,1,0.9792216420173645
1054,1,0.9864000082015991
1055,1,0.04893004894256592
1056,1,0.2405625581741333
1057,1,0.8379718661308289
1058,1,0.959448516368866
1059,1,0.7963919043540955
1060,1,0.9467536807060242
1061,1,0.9984626770019531
1062,1,0.5403814315795898
1063,1,0.8490067720413208
1064,1,0.6997820734977722
1065,1,0.7445696592330933
1066,1,0.8193368315696716
1067,1,0.7906140685081482
1068,1,0.7992128133773804
1069,1,0.6559380292892456
1070,1,0.6850550174713135
1071,1,0.773773193359375
1072,1,0.5318331718444824
1073,1,0.07778865844011307
1074,1,0.8125362396240234
1075,1,0.13288724422454834
1076,1,0.6018412709236145
1077,1,0.6493871808052063
1078,1,0.7802497744560242
1079,1,0.45025283098220825
1080,1,0.6926957368850708
1081,1,0.8162690997123718
1082,1,0.6287264823913574
1083,1,0.5074788928031921
1084,1,0.8570140600204468
1085,1,0.5658853650093079
1086,1,0.6976041197776794
1087,1,0.8532178997993469
1088,1,0.41717657446861267
1089,1,0.8098904490470886
1090,1,0.792127251625061
1091,1,0.7856705188751221
1092,1,0.7559414505958557
1093,1,0.10922634601593018
1094,1,0.7278767824172974
1095,1,0.7821086645126343
1096,1,0.8450387716293335
1097,1,0.6645916700363159
1098,1,0.4376586973667145
1099,1,0.6256091594696045
1100,1,0.839809000492096
1101,1,0.7054416537284851
1102,1,0.7874463200569153
1103,1,0.4156125485897064
1104,1,0.8514946103096008
1105,1,0.5298773646354675
1106,1,0.7969112992286682
1107,1,0.832211434841156
1108,1,0.6652647256851196
1109,1,0.26895830035209656
1110,1,0.7529905438423157
1111,1,0.7922360301017761
1112,1,0.9316651821136475
1113,1,0.747757613658905
1114,1,0.6744566559791565
1115,1,0.9257142543792725
1116,1,0.6595534086227417
1117,1,0.7405986785888672
1118,1,0.6738259792327881
1119,1,0.8376752138137817
1120,1,0.8345053791999817
1121,1,0.5594412088394165
1122,1,0.9438965916633606
1123,1,0.7816914916038513
1124,1,0.8904151916503906
1125,1,0.8429227471351624
1126,1,0.8916559219360352
1127,1,0.9206594824790955
1128,1,0.36856216192245483
1129,1,0.7703611254692078
1130,1,0.8184332251548767
1131,1,0.8845327496528625
1132,1,0.9378697276115417
1133,1,0.7105991840362549
1134,1,0.8976953029632568
1135,1,0.882082462310791
1136,1,0.7846261858940125
1137,1,0.16821496188640594
1138,1,0.8685665726661682
1139,1,0.8889811038970947
1140,1,0.8685247302055359
1141,1,0.8301339149475098
1142,1,0.974018394947052
1143,1,0.8302345871925354
1144,1,0.949981689453125
1145,1,0.893294095993042
1146,1,0.9778773188591003
1147,1,0.010809369385242462
1148,1,0.5435267686843872
1149,1,0.9957540035247803
1150,1,0.861097514629364
1151,1,0.9246289134025574
1152,1,0.9065836071968079
1153,1,0.9374176859855652
1154,1,0.9680041670799255
1155,1,0.9763952493667603
1156,1,0.9648312926292419
1157,1,0.9496117234230042
1158,1,0.9849050641059875
1159,1,0.995549201965332
1160,1,0.9900505542755127
1161,1,0.9266758561134338
1162,1,0.9701427221298218
1163,1,0.9660258293151855
1164,1,0.9744991064071655
1165,1,0.9484885334968567
1166,1,0.9408023953437805
1167,1,0.9288433194160461
1168,1,0.9427037835121155
1169,1,0.9399147033691406
1170,1,0.7150458693504333
1171,1,0.9808498024940491
1172,1,0.8856156468391418
1173,1,0.6139383316040039
1174,1,0.9700723886489868
1175,1,0.9131550788879395
1176,1,0.9370275735855103
1177,1,0.7622804045677185
1178,1,0.8925108909606934
1179,1,0.9631422758102417
1180,1,0.2049936205148697
1181,1,0.9824486374855042
1182,1,0.8538790941238403
1183,1,0.9427604675292969
1184,1,0.9156107902526855
1185,1,0.9541255831718445
1186,1,0.9679761528968811
1187,1,0.9164838790893555
1188,1,0.9809768795967102
1189,1,0.981755256652832
1190,1,0.4178173243999481
1191,1,0.980184018611908
1192,1,0.4976741373538971
1193,1,0.2540980279445648
1194,1,0.5712071657180786
1195,1,0.0893569067120552
1196,1,0.3291626572608948
1197,1,0.7338879704475403
1198,1,0.05465707182884216
1199,1,0.20773257315158844
1200,1,0.1773473024368286
1201,1,0.22131040692329407
1202,1,0.9487231373786926
1203,1,0.9885240197181702
1204,1,0.9590643644332886
1205,1,0.7097271680831909
1206,1,0.8283464312553406
1207,1,0.8932307958602905
1208,1,0.5050246119499207
1209,1,0.8032060265541077
1210,1,0.9221774935722351
1211,1,0.7214503884315491
1212,1,0.7308482527732849
1213,1,0.6602767705917358
1214,1,0.5099353790283203
1215,1,0.2980911433696747
1216,1,0.7351357340812683
1217,1,0.7174131870269775
1218,1,0.6954335570335388
1219,1,0.5618836283683777
1220,1,0.9103618860244751
1221,1,0.7052468657493591
1222,1,0.7838054299354553
1223,1,0.6613648533821106
1224,1,0.771748960018158
1225,1,0.7798075079917908
1226,1,0.7808102369308472
1227,1,0.4719381332397461
1228,1,0.7090688347816467
1229,1,0.7701722979545593
1230,1,0.6013495326042175
1231,1,0.6211845278739929
1232,1,0.4638974666595459
1233,1,0.4755551815032959
1234,1,0.7646690607070923
1235,1,0.8555875420570374
1236,1,0.400655061006546
1237,1,0.7600560784339905
1238,1,0.6808456778526306
1239,1,0.8463939428329468
1240,1,0.8728817105293274
1241,1,0.7961018681526184
1242,1,0.5309051275253296
1243,1,0.7620778679847717
1244,1,0.5730297565460205
1245,1,0.003999155014753342
1246,1,0.7109618186950684
1247,1,0.5288944840431213
1248,1,0.07483446598052979
1249,1,0.9383286237716675
1250,1,0.3801322281360626
1251,1,0.6996400952339172
1252,1,0.46273329854011536
1253,1,0.7601562142372131
1254,1,0.7528961896896362
1255,1,0.7536484003067017
1256,1,0.2648795545101166
1257,1,0.804456889629364
1258,1,0.808687150478363
1259,1,0.32569998502731323
1260,1,0.8484365940093994
1261,1,0.2044583112001419
1262,1,0.7418410181999207
1263,1,0.36352166533470154
1264,1,0.4399013817310333
1265,1,0.8586398959159851
1266,1,0.04068082943558693
1267,1,0.9207603335380554
1268,1,0.5172653794288635
1269,1,0.9297962784767151
1270,1,0.45151272416114807
1271,1,0.7165055871009827
1272,1,0.13693906366825104
1273,1,0.6203157901763916
1274,1,0.36643892526626587
1275,1,0.5073844790458679
1276,1,0.8215996623039246
1277,1,0.6838052272796631
1278,1,0.8348315954208374
1279,1,0.5687025785446167
1280,1,0.19817903637886047
1281,1,0.900951087474823
1282,1,0.43364474177360535
1283,1,0.6406214833259583
1284,1,0.743399441242218
1285,1,0.6883100271224976
1286,1,0.8806564807891846
1287,1,0.22013039886951447
1288,1,0.1838577687740326
1289,1,0.8886022567749023
1290,1,0.6068010330200195
1291,1,0.8622991442680359
1292,1,0.8335968255996704
1293,1,0.7095616459846497
1294,1,0.5179011821746826
1295,1,0.6841421723365784
1296,1,0.5836185812950134
1297,1,0.5108799934387207
1298,1,0.9456768035888672
1299,1,0.5885283946990967
1300,1,0.14976191520690918
1301,1,0.8476005792617798
1302,1,0.5063201189041138
1303,1,0.5349408388137817
1304,1,0.7825213074684143
1305,1,0.5328527688980103
1306,1,0.8139915466308594
1307,1,0.9125837683677673
1308,1,0.9448981285095215
1309,1,0.6105085015296936
1310,1,0.6112746596336365
1311,1,0.8331230282783508
1312,1,0.5802785754203796
1313,1,0.5165550708770752
1314,1,0.02167438343167305
1315,1,0.1241471916437149
1316,1,0.9171575307846069
1317,1,0.904359757900238
1318,1,0.6441238522529602
1319,1,0.6779173016548157
1320,1,0.717542827129364
1321,1,0.9273884892463684
1322,1,0.8816462755203247
1323,1,0.8313496112823486
1324,1,0.9786714315414429
1325,1,0.9852112531661987
1326,1,0.9083902835845947
1327,1,0.7740335464477539
1328,1,0.6941805481910706
1329,1,0.8788106441497803
1330,1,0.9425698518753052
1331,1,0.7969753742218018
1332,1,0.797254204750061
1333,1,0.9240348935127258
1334,1,0.9076579213142395
1335,1,0.9586291313171387
1336,1,0.2552717924118042
1337,1,0.9159926772117615
1338,1,0.8969889283180237
1339,1,0.9192267656326294
1340,1,0.9649443626403809
1341,1,0.9607974290847778
1342,1,0.9220260977745056
1343,1,0.6974534392356873
1344,1,0.7710973024368286
1345,1,0.42319852113723755
1346,1,0.7094736695289612
1347,1,0.8291574120521545
1348,1,0.635405957698822
1349,1,0.7812414765357971
1350,1,0.8743841648101807
1351,1,0.7520691156387329
1352,1,0.38852575421333313
1353,1,0.9309537410736084
1354,1,0.115606889128685
1355,1,0.9198154211044312
1356,1,0.8371262550354004
1357,1,0.8737555146217346
1358,1,0.8511477112770081
1359,1,0.8425312042236328
1360,1,0.7696192860603333
1361,1,0.9814932942390442
1362,1,0.9378718137741089
1363,1,0.981453537940979
1364,1,0.6506531238555908
1365,1,0.9308576583862305
1366,1,0.6431805491447449
1367,1,0.7974783778190613
1368,1,0.8337315320968628
1369,1,0.9313112497329712
1370,1,0.8661063313484192
1371,1,0.8166576027870178
1372,1,0.7814443111419678
1373,1,0.8809414505958557
1374,1,0.7554305791854858
1375,1,0.7815940976142883
1376,1,0.8538455367088318
1377,1,0.9373571872711182
1378,1,0.5890393853187561
1379,1,0.5010823607444763
1380,1,0.5484432578086853
1381,1,0.9550840258598328
1382,1,0.9091902375221252
1383,1,0.7121116518974304
1384,1,0.9239252209663391
1385,1,0.903921365737915
1386,1,0.9492012858390808
1387,1,0.8712156414985657
1388,1,0.5500282049179077
1389,1,0.8976298570632935
1390,1,0.9555087089538574
1391,1,0.9797088503837585
1392,1,0.9691725373268127
1393,1,0.8314996957778931
1394,1,0.9699466824531555
1395,1,0.9952805638313293
1396,1,0.972377598285675
1397,1,0.956980288028717
1398,1,0.9388474822044373
1399,1,0.9652438163757324
1400,1,0.8791663646697998
1401,1,0.9294554591178894
1402,1,0.9061863422393799
1403,1,0.8004885315895081
1404,1,0.9668388366699219
1405,1,0.9623217582702637
1406,1,0.07483446598052979
1407,1,0.9740062952041626
1408,1,0.9799774289131165
1409,1,0.9821503758430481
1410,1,0.9508880376815796
1411,1,0.989544153213501
1412,1,0.984609842300415
1413,1,0.9338240027427673
1414,1,0.939346432685852
1415,1,0.8439767956733704
1416,1,0.9793004989624023
1417,1,0.9067281484603882
1418,1,0.9620769619941711
1419,1,0.966737687587738
1420,1,0.9742810130119324
1421,1,0.9672102928161621
1422,1,0.6304270625114441
1423,1,0.711387038230896
1424,1,0.12030638009309769
1425,1,0.9359270930290222
1426,1,0.9144573211669922
1427,1,0.9016996026039124
1428,1,0.985041081905365
1429,1,0.9524874091148376
1430,1,0.9235385656356812
1431,1,0.9371092915534973
1432,1,0.9833469986915588
1433,1,0.9685170650482178
1434,1,0.9963788390159607
1435,1,0.6149991154670715
1436,1,0.9486868381500244
1437,1,0.9373376965522766
1438,1,0.1502472162246704
1439,1,0.11844895780086517
1440,1,0.8124696016311646
1441,1,0.7197197079658508
1442,1,0.8758242726325989
1443,1,0.9294083118438721
1444,1,0.8771461248397827
1445,1,0.9960957169532776
1446,1,0.9092375040054321
1447,1,0.7972214221954346
1448,1,0.5739535689353943
1449,1,0.9934930205345154
1450,1,0.8648665547370911
1451,1,0.9869117736816406
1452,1,0.885347306728363
1453,1,0.9460468888282776
1454,1,0.8779718279838562
1455,1,0.9551146030426025
1456,1,0.9932053089141846
1457,1,0.985170304775238
1458,1,0.9582058191299438
1459,1,0.9385662078857422
1460,1,0.9954302310943604
1461,1,0.1355968713760376
1462,1,0.9832668900489807
1463,1,0.9907288551330566
1464,1,0.9464191794395447
1465,1,0.9939473867416382
1466,1,0.9967631101608276
1467,1,0.96849524974823
1468,1,0.9938710927963257
1469,1,0.9629596471786499
1470,1,0.9577596783638
1471,1,0.985546350479126
1472,1,0.24318528175354004
1473,1,0.322223424911499
1474,1,0.15283571183681488
1475,1,0.759835422039032
1476,1,0.772340714931488
1477,1,0.44370225071907043
1478,1,0.3969500958919525
1479,1,0.6660451292991638
1480,1,0.4320935904979706
1481,1,0.46458807587623596
1482,1,0.5221423506736755
1483,1,0.715607225894928
1484,1,0.7791767716407776
1485,1,0.881073534488678
1486,1,0.941254734992981
1487,1,0.08277665823698044
1488,1,0.9019384980201721
1489,1,0.7572466731071472
1490,1,0.8439961075782776
1491,1,0.8607771396636963
1492,1,0.7960025072097778
1493,1,0.9636662602424622
1494,1,0.02084866166114807
1495,1,0.8448565006256104
1496,1,0.9143785834312439
1497,1,0.5812084078788757
1498,1,0.9199700355529785
1499,1,0.9404541254043579
1500,1,0.9119285345077515
1501,1,0.9267702102661133
1502,1,0.6895400285720825
1503,1,0.8736135959625244
1504,1,0.8630783557891846
1505,1,0.8899045586585999
1506,1,0.9699068665504456
1507,1,0.8587690591812134
1508,1,0.6282304525375366
1509,1,0.9864218235015869
1510,1,0.9802039265632629
1511,1,0.9458253383636475
1512,1,0.7533681988716125
1513,1,0.9706346392631531
1514,1,0.8900271058082581
1515,1,0.36790332198143005
1516,1,0.932876467704773
1517,1,0.6817598938941956
1518,1,0.6302782297134399
1519,1,0.9912562370300293
1520,1,0.9574624300003052
1521,1,0.9725701212882996
1522,1,0.9803449511528015
1523,1,0.7507889270782471
1524,1,0.8993340134620667
1525,1,0.9660495519638062
1526,1,0.7625866532325745
1527,1,0.8675433397293091
1528,1,0.9497948288917542
1529,1,0.8707346320152283
1530,1,0.9365684986114502
1531,1,0.8542327284812927
1532,1,0.11750657111406326
1533,1,0.8102006912231445
1534,1,0.9281735420227051
1535,1,0.9191509485244751
1536,1,0.9570935368537903
1537,1,0.9013474583625793
1538,1,0.33748605847358704
1539,1,0.5828598141670227
1540,1,0.4074133038520813
1541,1,0.9598202109336853
1542,1,0.2600334584712982
1543,1,0.8805725574493408
1544,1,0.873073399066925
1545,1,0.9932096600532532
1546,1,0.8418911695480347
1547,1,0.6897357106208801
1548,1,0.9611384868621826
1549,1,0.8437337279319763
1550,1,0.7903668880462646
1551,1,0.8085857033729553
1552,1,0.8952234387397766
1553,1,0.4203678071498871
1554,1,0.9144665002822876
1555,1,0.9688212871551514
1556,1,0.9530675411224365
1557,1,0.7419663667678833
1558,1,0.9464291930198669
1559,1,0.9639968276023865
1560,1,0.9463055729866028
1561,1,0.9503067135810852
1562,1,0.9286849498748779
1563,1,0.9151215553283691
1564,1,0.978362500667572
1565,1,0.958893895149231
1566,1,0.970478355884552
1567,1,0.9871348738670349
1568,1,0.9864059090614319
1569,1,0.8495537042617798
1570,1,0.8580147624015808
1571,1,0.8517780303955078
1572,1,0.9510274529457092
1573,1,0.9867348670959473
1574,1,0.9547477960586548
1575,1,0.8910228610038757
1576,1,0.9757066965103149
1577,1,0.9857111573219299
1578,1,0.8652699589729309
1579,1,0.9545654058456421
1580,1,0.9796512722969055
1581,1,0.9550154209136963
1582,1,0.8239173889160156
1583,1,0.9850175976753235
1584,1,0.9542720913887024
1585,1,0.9294421076774597
1586,1,0.6268893480300903
1587,1,0.8955392837524414
1588,1,0.8938145041465759
1589,1,0.9784083366394043
1590,1,0.9900181293487549
1591,1,0.9939517378807068
1592,1,0.9724149703979492
1593,1,0.9622626900672913
1594,1,0.9901086091995239
1595,1,0.9740835428237915
1596,1,0.9640780687332153
1597,1,0.5885500311851501
1598,1,0.9766255617141724
1599,1,0.9732507467269897
1600,1,0.9828526377677917
1601,1,0.9919100403785706
1602,1,0.9924371838569641
1603,1,0.9532117247581482
1604,1,0.962689220905304
1605,1,0.9914352297782898
1606,1,0.9697479605674744
1607,1,0.18358348309993744
1608,1,0.9963693618774414
1609,1,0.8791033625602722
1610,1,0.9294861555099487
1611,1,0.989001989364624
1612,1,0.6557320356369019
1613,1,0.9916805624961853
1614,1,0.9874809384346008
1615,1,0.9863654375076294
1616,1,0.9792264699935913
1617,1,0.966254472732544
1618,1,0.9926908612251282
1619,1,0.9521599411964417
1620,1,0.17945939302444458
1621,1,0.892626166343689
1622,1,0.9614064693450928
1623,1,0.9470474123954773
1624,1,0.8261734843254089
1625,1,0.9239509701728821
1626,1,0.9449202418327332
1627,1,0.9263636469841003
1628,1,0.9275019764900208
1629,1,0.9342211484909058
1630,1,0.11607024073600769
1631,1,0.906719982624054
1632,1,0.6599498391151428
1633,1,0.8133857250213623
1634,1,0.8882202506065369
1635,1,0.40448907017707825
1636,1,0.8732419013977051
1637,1,0.9236266613006592
1638,1,0.8838421702384949
1639,1,0.16941054165363312
1640,1,0.6813348531723022
1641,1,0.8981718420982361
1642,1,0.9922699928283691
1643,1,0.3585408627986908
1644,1,0.879708468914032
1645,1,0.9625235199928284
1646,1,0.9758111238479614
1647,1,0.908919095993042
1648,1,0.40946608781814575
1649,1,0.6613526940345764
1650,1,0.5540689826011658
1651,1,0.38015443086624146
1652,1,0.2824944257736206
1653,1,0.855108916759491
1654,1,0.27044862508773804
1655,1,0.23142346739768982
1656,1,0.4663369059562683
1657,1,0.1574353575706482
1658,1,0.26966121792793274
1659,1,0.2632695138454437
1660,1,0.18730109930038452
1661,1,0.024765420705080032
1662,1,0.2669968605041504
1663,1,0.23360510170459747
1664,1,0.03619082272052765
1665,1,0.9978833794593811
1666,1,0.9005260467529297
1667,1,0.9400721788406372
1668,1,0.9570651650428772
1669,1,0.9794057011604309
1670,1,0.8466737270355225
1671,1,0.9584715366363525
1672,1,0.10858269035816193
1673,1,0.010143836960196495
1674,1,0.3788762390613556
1675,1,0.7169238328933716
1676,1,0.8442203402519226
1677,1,0.8918620944023132
1678,1,0.9277504086494446
1679,1,0.8747255802154541
1680,1,0.9513124823570251
1681,1,0.6927530765533447
1682,1,0.9859588742256165
1683,1,0.977700412273407
1684,1,0.9201909303665161
1685,1,0.7460520267486572
1686,1,0.4708324074745178
1687,1,0.8004903197288513
1688,1,0.9476712942123413
1689,1,0.3895952105522156
1690,1,0.7145605683326721
1691,1,0.7609691619873047
1692,1,0.9890251755714417
1693,1,0.9340265989303589
1694,1,0.5784270167350769
1695,1,0.8469896912574768
1696,1,0.9638063311576843
1697,1,0.7186232209205627
1698,1,0.8128339648246765
1699,1,0.9933704137802124
1700,1,0.39761123061180115
1701,1,0.9131614565849304
1702,1,0.97235107421875
1703,1,0.07238371670246124
1704,1,0.9649749398231506
1705,1,0.8697034120559692
1706,1,0.9692183136940002
1707,1,0.6410692930221558
1708,1,0.9042553901672363
1709,1,0.9785411953926086
1710,1,0.6347061395645142
1711,1,0.8527165651321411
1712,1,0.5387073159217834
1713,1,0.9730433821678162
1714,1,0.4479193091392517
1715,1,0.9247838258743286
1716,1,0.6783785223960876
1717,1,0.7169630527496338
1718,1,0.8552118539810181
1719,1,0.6986461877822876
1720,1,0.7139134407043457
1721,1,0.779653012752533
1722,1,0.8680658936500549
1723,1,0.8752859830856323
1724,1,0.7894206643104553
1725,1,0.9637484550476074
1726,1,0.25610774755477905
1727,1,0.9814741015434265
1728,1,0.9409899115562439
1729,1,0.8362835645675659
1730,1,0.6071486473083496
1731,1,0.9845704436302185
1732,1,0.9850344061851501
1733,1,0.9234580397605896
1734,1,0.9770556688308716
1735,1,0.3338257968425751
1736,1,0.4725104868412018
1737,1,0.8993440270423889
1738,1,0.9772148728370667
1739,1,0.8914411067962646
1740,1,0.9647663831710815
1741,1,0.7784431576728821
1742,1,0.5635735988616943
1743,1,0.7818677425384521
1744,1,0.9076544046401978
1745,1,0.962129533290863
1746,1,0.965373158454895
1747,1,0.8566476106643677
1748,1,0.9161254167556763
1749,1,0.9112731218338013
1750,1,0.9788670539855957
1751,1,0.9643962383270264
1752,1,0.44152119755744934
1753,1,0.9105871915817261
1754,1,0.9320623874664307
1755,1,0.9682220220565796
1756,1,0.2303488850593567
1757,1,0.7113282680511475
1758,1,0.9370049238204956
1759,1,0.982804536819458
1760,1,0.950981616973877
1761,1,0.9909945130348206
1762,1,0.9707005620002747
1763,1,0.9600500464439392
1764,1,0.8418479561805725
1765,1,0.9643058180809021
1766,1,0.08598331362009048
1767,1,0.9890690445899963
1768,1,0.9883458614349365
1769,1,0.7749403119087219
1770,1,0.9784671068191528
1771,1,0.9176443219184875
1772,1,0.9873268008232117
1773,1,0.3786671757698059
1774,1,0.9822153449058533
1775,1,0.9376874566078186
1776,1,0.9559608697891235
1777,1,0.9147865176200867
1778,1,0.8569998145103455
1779,1,0.9144057035446167
1780,1,0.9883468747138977
1781,1,0.8928865790367126
1782,1,0.5814279913902283
1783,1,0.9845693707466125
1784,1,0.8911673426628113
1785,1,0.9568943977355957
1786,1,0.9663781523704529
1787,1,0.9619002342224121
1788,1,0.945350170135498
1789,1,0.9532255530357361
1790,1,0.9901997447013855
1791,1,0.6732127666473389
1792,1,0.9873991012573242
1793,1,0.9825373291969299
1794,1,0.8880980014801025
1795,1,0.9899058938026428
1796,1,0.4908207654953003
1797,1,0.9561536908149719
1798,1,0.9866334199905396
1799,1,0.9405757188796997
1800,1,0.7736861109733582
1801,1,0.5197705626487732
1802,1,0.9553177356719971
1803,1,0.11734112352132797
1804,1,0.8650071024894714
1805,1,0.7936021685600281
1806,1,0.9551262259483337
1807,1,0.9498346447944641
1808,1,0.992584228515625
1809,1,0.37760981917381287
1810,1,0.0661231055855751
1811,1,0.9146636128425598
1812,1,0.8283330202102661
1813,1,0.9190341234207153
1814,1,0.9570989012718201
1815,1,0.9423491954803467
1816,1,0.8277949094772339
1817,1,0.8529840707778931
1818,1,0.8908105492591858
1819,1,0.8882074952125549
1820,1,0.6861337423324585
1821,1,0.7830193638801575
1822,1,0.8309633135795593
1823,1,0.9828116297721863
1824,1,0.764241635799408
1825,1,0.9814969301223755
1826,1,0.9452823996543884
1827,1,0.9681334495544434
1828,1,0.9855297207832336
1829,1,0.7507599592208862
1830,1,0.8746874928474426
1831,1,0.8899258375167847
1832,1,0.9537593126296997
1833,1,0.9617624878883362
1834,1,0.7401893138885498
1835,1,0.9620099067687988
1836,1,0.9344616532325745
1837,1,0.6296110153198242
1838,1,0.4896242618560791
1839,1,0.951657235622406
1840,1,0.19816361367702484
1841,1,0.5233625173568726
1842,1,0.10499922186136246
1843,1,0.8022969365119934
1844,1,0.7875261306762695
1845,1,0.779685378074646
1846,1,0.9770269989967346
1847,1,0.7608687281608582
1848,1,0.8093828558921814
1849,1,0.7662294507026672
1850,1,0.4254712462425232
1851,1,0.6872852444648743
1852,1,0.8887315392494202
1853,1,0.9216625094413757
1854,1,0.8992541432380676
1855,1,0.7377488613128662
1856,1,0.991081178188324
1857,1,0.8727949857711792
1858,1,0.9766148924827576
1859,1,0.7836121916770935
1860,1,0.9074097275733948
1861,1,0.9106239676475525
1862,1,0.9934285283088684
1863,1,0.7149412035942078
1864,1,0.3262596130371094
1865,1,0.5004643201828003
1866,1,0.7043117880821228
1867,1,0.9133143424987793
1868,1,0.9598113298416138
1869,1,0.9686046242713928
1870,1,0.6808733940124512
1871,1,0.9492983818054199
1872,1,0.6247681975364685
1873,1,0.8591336011886597
1874,1,0.9524643421173096
1875,1,0.8336345553398132
1876,1,0.4940347969532013
1877,1,0.9474309682846069
1878,1,0.7033976912498474
1879,1,0.5529319643974304
1880,1,0.6963651180267334
1881,1,0.20926453173160553
1882,1,0.6220523118972778
1883,1,0.9474295973777771
1884,1,0.7625395059585571
1885,1,0.6677396893501282
1886,1,0.73825603723526
1887,1,0.20017224550247192
1888,1,0.8939609527587891
1889,1,0.9473539590835571
1890,1,0.2491939216852188
1891,1,0.4446062743663788
1892,1,0.9270939230918884
1893,1,0.9467200636863708
1894,1,0.960656464099884
1895,1,0.9650896787643433
1896,1,0.9516600370407104
1897,1,0.08244708925485611
1898,1,0.9692506194114685
1899,1,0.1355968713760376
1900,1,0.927605390548706
1901,1,0.8568359613418579
1902,1,0.30123087763786316
1903,1,0.20060473680496216
1904,1,0.8696074485778809
1905,1,0.9446955323219299
1906,1,0.9678174257278442
1907,1,0.9291098713874817
1908,1,0.21840301156044006
1909,1,0.8919780254364014
1910,1,0.3566737771034241
1911,1,0.18136204779148102
1912,1,0.6225380301475525
1913,1,0.038490794599056244
1914,1,0.8773279190063477
1915,1,0.346980482339859
1916,1,0.6440125703811646
1917,1,0.9192469120025635
1918,1,0.9893747568130493
1919,1,0.8595103025436401
1920,1,0.902000367641449
1921,1,0.9379205703735352
1922,1,0.8092711567878723
1923,1,0.9212554693222046
1924,1,0.9585933089256287
1925,1,0.957426130771637
1926,1,0.9438860416412354
1927,1,0.9890310168266296
1928,1,0.5681957006454468
1929,1,0.8956794142723083
1930,1,0.9816902279853821
1931,1,0.9164282083511353
1932,1,0.9899119734764099
1933,1,0.9693831205368042
1934,1,0.9736440777778625
1935,1,0.5948138236999512
1936,1,0.549812912940979
1937,1,0.9832962155342102
1938,1,0.9260287284851074
1939,1,0.973937451839447
1940,1,0.8039789795875549
1941,1,0.79051274061203
1942,1,0.9779712557792664
1943,1,0.9663146138191223
1944,1,0.5915002822875977
1945,1,0.9646232724189758
1946,1,0.9731630682945251
1947,1,0.9464130997657776
1948,1,0.9585668444633484
1949,1,0.20702609419822693
1950,1,0.9714499115943909
1951,1,0.9898648858070374
1952,1,0.6482746601104736
1953,1,0.6781407594680786
1954,1,0.596433162689209
1955,1,0.988166332244873
1956,1,0.7089223265647888
1957,1,0.9857265949249268
1958,1,0.9835653901100159
1959,1,0.9944812059402466
1960,1,0.9499548673629761
1961,1,0.989966869354248
1962,1,0.9643320441246033
1963,1,0.9185065031051636
1964,1,0.7605135440826416
1965,1,0.9828542470932007
1966,1,0.9002984166145325
1967,1,0.9804301261901855
1968,1,0.986396074295044
1969,1,0.7892617583274841
1970,1,0.9202547669410706
1971,1,0.9525742530822754
1972,1,0.8033950328826904
1973,1,0.9675861597061157
1974,1,0.9717222452163696
1975,1,0.986930251121521
1976,1,0.22652409970760345
1977,1,0.950367271900177
1978,1,0.638893723487854
1979,1,0.771894633769989
1980,1,0.9342892169952393
1981,1,0.6959802508354187
1982,1,0.8210790157318115
1983,1,0.7407471537590027
1984,1,0.16394436359405518
1985,1,0.6662120819091797
1986,1,0.7705118060112
1987,1,0.7428311705589294
1988,1,0.4835931062698364
1989,1,0.2814852297306061
1990,0,0.013290447182953358
1991,0,0.005026917904615402
1992,0,0.015196919441223145
1993,0,0.007793407887220383
1994,0,0.007248781155794859
1995,0,0.0917070135474205
1996,0,0.5710386633872986
1997,0,0.12266844511032104
1998,0,0.018346354365348816
1999,0,0.8690587878227234
2000,0,0.014141945168375969
2001,0,0.0021392207127064466
2002,0,0.042648252099752426
2003,0,0.12217975407838821
2004,0,0.08126397430896759
2005,0,0.7631512880325317
2006,0,0.4070276618003845
2007,0,0.012461589649319649
2008,0,0.093257836997509
2009,0,0.33958008885383606
2010,0,0.3247491419315338
2011,0,0.09858358651399612
2012,0,0.045884255319833755
2013,0,0.08752469718456268
2014,0,0.19413098692893982
2015,0,0.04565433785319328
2016,0,0.010556045919656754
2017,0,0.003090826328843832
2018,0,0.09911366552114487
2019,0,0.014032994396984577
2020,0,0.8195315003395081
2021,0,0.0033758310601115227
2022,0,0.10139384120702744
2023,0,0.5807964205741882
2024,0,0.019219903275370598
2025,0,0.5214882493019104
2026,0,0.04651136323809624
2027,0,0.24872662127017975
2028,0,0.6212986707687378
2029,0,0.6822514533996582
2030,0,0.016558509320020676
2031,0,0.026413584128022194
2032,0,0.5089213848114014
2033,0,0.018176447600126266
2034,0,0.3851889967918396
2035,0,0.5544607639312744
2036,0,0.002084070350974798
2037,0,0.0391860269010067
2038,0,0.001185098197311163
2039,0,0.07406432926654816
2040,0,0.030701547861099243
2041,0,0.15706977248191833
2042,0,0.235970139503479
2043,0,0.8366105556488037
2044,0,0.05338597297668457
2045,0,0.46832481026649475
2046,0,0.03068663738667965
2047,0,0.3180001676082611
2048,0,0.014341316185891628
2049,0,0.12403146177530289
2050,0,0.03395891562104225
2051,0,0.010850249789655209
2052,0,0.020911768078804016
2053,0,0.41222888231277466
2054,0,0.6192513704299927
2055,0,0.07423333823680878
2056,0,0.875834047794342
2057,0,0.19763553142547607
2058,0,0.4598678648471832
2059,0,0.07483446598052979
2060,0,0.09312447160482407
2061,0,0.16463156044483185
2062,0,0.789741575717926
2063,0,0.13803428411483765
2064,0,0.7017152905464172
2065,0,0.051104836165905
2066,0,0.6526662707328796
2067,0,0.6267845034599304
2068,0,0.005128763150423765
2069,0,0.004057691432535648
2070,0,0.24368280172348022
2071,0,0.004855741746723652
2072,0,0.11773625016212463
2073,0,0.009090520441532135
2074,0,0.014513054862618446
2075,0,0.4310368001461029
2076,0,0.804179847240448
2077,0,0.13941992819309235
2078,0,0.16810527443885803
2079,0,0.8046779036521912
2080,0,0.9329817891120911
2081,0,0.005336278583854437
2082,0,0.02998036891222
2083,0,0.08161389827728271
2084,0,0.07790620625019073
2085,0,0.6502770185470581
2086,0,0.054063741117715836
2087,0,0.20622314512729645
2088,0,0.4401075839996338
2089,0,0.02350798062980175
2090,0,0.20276208221912384
2091,0,0.12697485089302063
2092,0,0.7984214425086975
2093,0,0.006165806669741869
2094,0,0.5633260607719421
2095,0,0.014278390444815159
2096,0,0.3694901764392853
2097,0,0.8959332704544067
2098,0,0.0016802537720650434
2099,0,0.017081955447793007
2100,0,0.011942341923713684
2101,0,0.18306809663772583
2102,0,0.7343147993087769
2103,0,0.033354900777339935
2104,0,0.665067195892334
2105,0,0.7583813667297363
2106,0,0.09006038308143616
2107,0,0.009746960364282131
2108,0,0.019153181463479996
2109,0,0.019369687885046005
2110,0,0.45032861828804016
2111,0,0.022468920797109604
2112,0,0.9371613264083862
2113,0,0.008813449181616306
2114,0,0.2161223143339157
2115,0,0.015657268464565277
2116,0,0.007716237101703882
2117,0,0.06731561571359634
2118,0,0.6846097111701965
2119,0,0.4555932879447937
2120,0,0.003777745645493269
2121,0,0.018226878717541695
2122,0,0.7148751616477966
2123,0,0.14152583479881287
2124,0,0.015190147794783115
2125,0,0.23476608097553253
2126,0,0.7299227714538574
2127,0,0.17438143491744995
2128,0,0.9622235298156738
2129,0,0.42282164096832275
2130,0,0.06378546357154846
2131,0,0.00442800996825099
2132,0,0.019892791286110878
2133,0,0.2871457636356354
2134,0,0.008728212676942348
2135,0,0.6370992660522461
2136,0,0.08522213995456696
2137,0,0.03290824964642525
2138,0,0.8690318465232849
2139,0,0.07556287199258804
2140,0,0.5922847986221313
2141,0,0.03222811967134476
2142,0,0.1867396980524063
2143,0,0.30383190512657166
2144,0,0.02077156864106655
2145,0,0.16515175998210907
2146,0,0.004139179363846779
2147,0,0.006383858155459166
2148,0,0.04787164926528931
2149,0,0.006252208724617958
2150,0,0.1147938221693039
2151,0,0.13680678606033325
2152,0,0.0019324003951624036
2153,0,0.6349061727523804
2154,0,0.10678225755691528
2155,0,0.002192090265452862
2156,0,0.03774525970220566
2157,0,0.6558266878128052
2158,0,0.04131465032696724
2159,0,0.17265009880065918
2160,0,0.29270437359809875
2161,0,0.06766841560602188
2162,0,0.005672064144164324
2163,0,0.02642224356532097
2164,0,0.3641388416290283
2165,0,0.3190746307373047
2166,0,0.037254586815834045
2167,0,0.23109357059001923
2168,0,0.8804055452346802
2169,0,0.0801088958978653
2170,0,0.07507755607366562
2171,0,0.010250126011669636
2172,0,0.039673976600170135
2173,0,0.029622189700603485
2174,0,0.25929751992225647
2175,0,0.021017691120505333
2176,0,0.09006038308143616
2177,0,0.26086995005607605
2178,0,0.06140383705496788
2179,0,0.45351675152778625
2180,0,0.0766122043132782
2181,0,0.3516163229942322
2182,0,0.014269492588937283
2183,0,0.12228967249393463
2184,0,0.03179653361439705
2185,0,0.4770517647266388
2186,0,0.7747362852096558
2187,0,0.0015481454320251942
2188,0,0.2547163963317871
2189,0,0.017602087929844856
2190,0,0.4284552037715912
2191,0,0.11888789385557175
2192,0,0.9163790345191956
2193,0,0.7442234754562378
2194,0,0.17789201438426971
2195,0,0.22115735709667206
2196,0,0.014585675671696663
2197,0,0.01508476585149765
2198,0,0.061452798545360565
2199,0,0.506209671497345
2200,0,0.5817141532897949
2201,0,0.2762627601623535
2202,0,0.01954057812690735
2203,0,0.8946881890296936
2204,0,0.0666733905673027
2205,0,0.10545887053012848
2206,0,0.5976983308792114
2207,0,0.0008606644114479423
2208,0,0.1536717265844345
2209,0,0.044259339570999146
2210,0,0.40756306052207947
2211,0,0.0954899787902832
2212,0,0.3208012580871582
2213,0,0.9164370894432068
2214,0,0.016804829239845276
2215,0,0.10330510139465332
2216,0,0.034387603402137756
2217,0,0.1872102916240692
2218,0,0.17005042731761932
2219,0,0.80989670753479
2220,0,0.18117773532867432
2221,0,0.9071474075317383
2222,0,0.011355165392160416
2223,0,0.6254926323890686
2224,0,0.013288985006511211
2225,0,0.3826017379760742
2226,0,0.003838576376438141
2227,0,0.00442923791706562
2228,0,0.13438059389591217
2229,0,0.021819883957505226
2230,0,0.021826505661010742
2231,0,0.8042360544204712
2232,0,0.010652385652065277
2233,0,0.0073324935510754585
2234,0,0.8772267699241638
2235,0,0.384672611951828
2236,0,0.010462133213877678
2237,0,0.04586232081055641
2238,0,0.13558360934257507
2239,0,0.03521299734711647
2240,0,0.00967599917203188
2241,0,0.007418295834213495
2242,0,0.04835271090269089
2243,0,0.01004478894174099
2244,0,0.005074956454336643
2245,0,0.021148331463336945
2246,0,0.5901797413825989
2247,0,0.6596307158470154
2248,0,0.11570511758327484
2249,0,0.5906742215156555
2250,0,0.08118913322687149
2251,0,0.008829609490931034
2252,0,0.0027786539867520332
2253,0,0.17867796123027802
2254,0,0.29806503653526306
2255,0,0.004411989822983742
2256,0,0.14511799812316895
2257,0,0.009483070112764835
2258,0,0.0024903221055865288
2259,0,0.30348339676856995
2260,0,0.07226879894733429
2261,0,0.05853700265288353
2262,0,0.23210251331329346
2263,0,0.00507853040471673
2264,0,0.029473917558789253
2265,0,0.5116622447967529
2266,0,0.02604806050658226
2267,0,0.0300387404859066
2268,0,0.05152789503335953
2269,0,0.016413584351539612
2270,0,0.02677936479449272
2271,0,0.03892263025045395
2272,0,0.10020970553159714
2273,0,0.18912650644779205
2274,0,0.9407618641853333
2275,0,0.5090208053588867
2276,0,0.0017732185078784823
2277,0,0.8607025146484375
2278,0,0.008702371269464493
2279,0,0.014683827757835388
2280,0,0.0058786324225366116
2281,0,0.8665052652359009
2282,0,0.0997425839304924
2283,0,0.11583434045314789
2284,0,0.4592847526073456
2285,0,0.09006038308143616
2286,0,0.47559502720832825
2287,0,0.3123711347579956
2288,0,0.05335799604654312
2289,0,0.09131436794996262
2290,0,0.000983920763246715
2291,0,0.09006038308143616
2292,0,0.3048478364944458
2293,0,0.012699167244136333
2294,0,0.07507755607366562
2295,0,0.0034936852753162384
2296,0,0.010268257930874825
2297,0,0.04783085733652115
2298,0,0.0777716413140297
2299,0,0.08666986227035522
2300,0,0.08252245932817459
2301,0,0.061389680951833725
2302,0,0.27358144521713257
2303,0,0.05160829424858093
2304,0,0.7154257297515869
2305,0,0.02605932392179966
2306,0,0.03554007411003113
2307,0,0.023941775783896446
2308,0,0.21986320614814758
2309,0,0.02839234285056591
2310,0,0.024307314306497574
2311,0,0.7149714827537537
2312,0,0.02976827323436737
2313,0,0.8665865659713745
2314,0,0.01138034276664257
2315,0,0.21987509727478027
2316,0,0.010085511021316051
2317,0,0.8071077466011047
2318,0,0.2605515718460083
2319,0,0.517654538154602
2320,0,0.05794281139969826
2321,0,0.3873439133167267
2322,0,0.009809669107198715
2323,0,0.6677428483963013
2324,0,0.22980131208896637
2325,0,0.21159152686595917
2326,0,0.0018455629469826818
2327,0,0.16570287942886353
2328,0,0.03146934509277344
2329,0,0.7185990810394287
2330,0,0.8979082107543945
2331,0,0.05958320572972298
2332,0,0.5066244602203369
2333,0,0.2580162286758423
2334,0,0.7426289916038513
2335,0,0.6350398063659668
2336,0,0.49199920892715454
2337,0,0.07778571546077728
2338,0,0.4122692346572876
2339,0,0.48063912987709045
2340,0,0.009302007034420967
2341,0,0.8349879384040833
2342,0,0.023695653304457664
2343,0,0.18707020580768585
2344,0,0.00244245957583189
2345,0,0.14657463133335114
2346,0,0.6741393208503723
2347,0,0.18689104914665222
2348,0,0.026678510010242462
2349,0,0.18711142241954803
2350,0,0.18076522648334503
2351,0,0.9762676358222961
2352,0,0.41533946990966797
2353,0,0.9452481865882874
2354,0,0.2759586572647095
2355,0,0.0371878519654274
2356,0,0.06322932243347168
2357,0,0.13559648394584656
2358,0,0.7775386571884155
2359,0,0.0024226256646215916
2360,0,0.07944364845752716
2361,0,0.6614495515823364
2362,0,0.2445763200521469
2363,0,0.3520198166370392
2364,0,0.08911789208650589
2365,0,0.0485139936208725
2366,0,0.8271175622940063
2367,0,0.01875174604356289
2368,0,0.016877908259630203
2369,0,0.22161898016929626
2370,0,0.9716086983680725
2371,0,0.017869967967271805
2372,0,0.6036783456802368
2373,0,0.46501919627189636
2374,0,0.6838984489440918
2375,0,0.0027270540595054626
2376,0,0.037421006709337234
2377,0,0.08219760656356812
2378,0,0.8395795822143555
2379,0,0.09006038308143616
2380,0,0.6084243655204773
2381,0,0.32511913776397705
2382,0,0.03911164402961731
2383,0,0.7078282237052917
2384,0,0.010338290594518185
2385,0,0.3599872887134552
2386,0,0.9179428815841675
2387,0,0.06752544641494751
2388,0,0.675571084022522
2389,0,0.007068753708153963
2390,0,0.7858204245567322
2391,0,0.15445688366889954
2392,0,0.02112082950770855
2393,0,0.5818341374397278
2394,0,0.023461462929844856
2395,0,0.5674429535865784
2396,0,0.14321567118167877
2397,0,0.24194329977035522
2398,0,0.009076747111976147
2399,0,0.621631383895874
2400,0,0.17560623586177826
2401,0,0.004448069259524345
2402,0,0.13967454433441162
2403,0,0.12765175104141235
2404,0,0.0029584034346044064
2405,0,0.29675179719924927
2406,0,0.004630564246326685
2407,0,0.023857666179537773
2408,0,0.02275119163095951
2409,0,0.05314336717128754
2410,0,0.5531015396118164
2411,0,0.08523290604352951
2412,0,0.565095841884613
2413,0,0.7478778958320618
2414,0,0.05495408922433853
2415,0,0.6527426242828369
2416,0,0.10858269035816193
2417,0,0.8717041611671448
2418,0,0.03133754804730415
2419,0,0.011163519695401192
2420,0,0.0020514160860329866
2421,0,0.5590791702270508
2422,0,0.34602266550064087
2423,0,0.6121021509170532
2424,0,0.0060033597983419895
2425,0,0.11881522834300995
2426,0,0.667098343372345
2427,0,0.395572692155838
2428,0,0.05904160812497139
2429,0,0.09853257983922958
2430,0,0.08060301840305328
2431,0,0.19144493341445923
2432,0,0.3831140995025635
2433,0,0.00866022240370512
2434,0,0.6967482566833496
2435,0,0.34336698055267334
2436,0,0.0022421565372496843
2437,0,0.371980756521225
2438,0,0.17795176804065704
2439,0,0.0024642469361424446
2440,0,0.2913081645965576
2441,0,0.0025071108248084784
2442,0,0.025736749172210693
2443,0,0.0076795765198767185
2444,0,0.021915016695857048
2445,0,0.11942509561777115
2446,0,0.013180133886635303
2447,0,0.5035687685012817
2448,0,0.010805933736264706
2449,0,0.0021268236450850964
2450,0,0.2310703992843628
2451,0,0.0069133383221924305
2452,0,0.01589820720255375
2453,0,0.06712636351585388
2454,0,0.8317707777023315
2455,0,0.07256384193897247
2456,0,0.19361992180347443
2457,0,0.6503972411155701
2458,0,0.8707587718963623
2459,0,0.17408527433872223
2460,0,0.0018319896189495921
2461,0,0.08431953936815262
2462,0,0.05869940668344498
2463,0,0.5363037586212158
2464,0,0.2147338092327118
2465,0,0.6630010008811951
2466,0,0.0942799523472786
2467,0,0.17371855676174164
2468,0,0.0022139940410852432
2469,0,0.3364779055118561
2470,0,0.015517089515924454
2471,0,0.992396891117096
2472,0,0.7989209294319153
2473,0,0.045995619148015976
2474,0,0.08120095729827881
2475,0,0.07844831794500351
2476,0,0.14613035321235657
2477,0,0.7492715716362
2478,0,0.8463760018348694
2479,0,0.0104124890640378
2480,0,0.2434137612581253
2481,0,0.07262856513261795
2482,0,0.005346492864191532
2483,0,0.0029157984536141157
2484,0,0.4227520525455475
2485,0,0.0031893388368189335
2486,0,0.19954410195350647
2487,0,0.1758776158094406
2488,0,0.1355968713760376
2489,0,0.24069522321224213
2490,0,0.09079150855541229
2491,0,0.2887786328792572
2492,0,0.3079891502857208
2493,0,0.791085422039032
2494,0,0.00839197263121605
2495,0,0.49052050709724426
2496,0,0.09150818735361099
2497,0,0.022321538999676704
2498,0,0.0043355305679142475
2499,0,0.46102187037467957
2500,0,0.0045871310867369175
2501,0,0.7747496366500854
2502,0,0.21453753113746643
2503,0,0.04451937973499298
2504,0,0.48818540573120117
2505,0,0.05902617797255516
2506,0,0.042743418365716934
2507,0,0.7597370743751526
2508,0,0.9353220462799072
2509,0,0.3127710819244385
2510,0,0.1144293025135994
2511,0,0.046326957643032074
2512,0,0.03529365733265877
2513,0,0.5290845036506653
2514,0,0.05282628536224365
2515,0,0.027836620807647705
2516,0,0.06579238176345825
2517,0,0.21049252152442932
2518,0,0.012871742248535156
2519,0,0.11594438552856445
2520,0,0.13518959283828735
2521,0,0.048243921250104904
2522,0,0.08737268298864365
2523,0,0.10938608646392822
2524,0,0.006489923689514399
2525,0,0.9311560392379761
2526,0,0.767587423324585
2527,0,0.04694534093141556
2528,0,0.27788591384887695
2529,0,0.4855082631111145
2530,0,0.21716299653053284
2531,0,0.0067585669457912445
2532,0,0.6765013933181763
2533,0,0.020685439929366112
2534,0,0.8126003742218018
2535,0,0.24833296239376068
2536,0,0.12606923282146454
2537,0,0.09831883013248444
2538,0,0.0018963956972584128
2539,0,0.010426732711493969
2540,0,0.23963959515094757
2541,0,0.18574506044387817
2542,0,0.7054982781410217
2543,0,0.17166702449321747
2544,0,0.35068458318710327
2545,0,0.9714776873588562
2546,0,0.006089340895414352
2547,0,0.7214611172676086
2548,0,0.6071189641952515
2549,0,0.7341946959495544
2550,0,0.3537008762359619
2551,0,0.03079107776284218
2552,0,0.7920331358909607
2553,0,0.08655020594596863
2554,0,0.8469780683517456
2555,0,0.006127184722572565
2556,0,0.6515418887138367
2557,0,0.06773407757282257
2558,0,0.04445207491517067
2559,0,0.4564482569694519
2560,0,0.6319994330406189
2561,0,0.629613995552063
2562,0,0.09079150855541229
2563,0,0.34565749764442444
2564,0,0.8906186819076538
2565,0,0.14366528391838074
2566,0,0.15122760832309723
2567,0,0.8479257822036743
2568,0,0.44799309968948364
2569,0,0.007013469003140926
2570,0,0.4662887454032898
2571,0,0.003197481157258153
2572,0,0.9728143215179443
2573,0,0.009388907812535763
2574,0,0.9009220600128174
2575,0,0.015319612808525562
2576,0,0.06159829720854759
2577,0,0.07848308980464935
2578,0,0.03495565429329872
2579,0,0.1355968713760376
2580,0,0.316379189491272
2581,0,0.007295649033039808
2582,0,0.008053221739828587
2583,0,0.1564190834760666
2584,0,0.14346611499786377
2585,0,0.7229704856872559
2586,0,0.015079843811690807
2587,0,0.3746781051158905
2588,0,0.1856226623058319
2589,0,0.003608271712437272
2590,0,0.14791655540466309
2591,0,0.828932523727417
2592,0,0.667220950126648
2593,0,0.4412012994289398
2594,0,0.5731028914451599
2595,0,0.6938909888267517
2596,0,0.3198722004890442
2597,0,0.21767817437648773
2598,0,0.6007670760154724
2599,0,0.007818621583282948
2600,0,0.032928455621004105
2601,0,0.4033212661743164
2602,0,0.6309556365013123
2603,0,0.04801437631249428
2604,0,0.0038620077539235353
2605,0,0.022431572899222374
2606,0,0.04583180323243141
2607,0,0.178491473197937
2608,0,0.0543958842754364
2609,0,0.5752595067024231
2610,0,0.8519797325134277
2611,0,0.04083749279379845
2612,0,0.04233742877840996
2613,0,0.015342316590249538
2614,0,0.0021844045259058475
2615,0,0.7763827443122864
2616,0,0.006272594444453716
2617,0,0.0069707767106592655
2618,0,0.06053223833441734
2619,0,0.005762535147368908
2620,0,0.861598551273346
2621,0,0.10938608646392822
2622,0,0.5976511240005493
2623,0,0.007404629606753588
2624,0,0.00995372049510479
2625,0,0.013989364728331566
2626,0,0.11891733855009079
2627,0,0.12189657241106033
2628,0,0.027935830876231194
2629,0,0.6882981061935425
2630,0,0.012124086730182171
2631,0,0.5193781852722168
2632,0,0.020337587222456932
2633,0,0.6571112871170044
2634,0,0.02797856554389
2635,0,0.022409049794077873
2636,0,0.12695623934268951
2637,0,0.0967736542224884
2638,0,0.0030900840647518635
2639,0,0.004925503395497799
2640,0,0.3969668447971344
2641,0,0.07066907733678818
2642,0,0.0034893997944891453
2643,0,0.01625482365489006
2644,0,0.0007691968930885196
2645,0,0.3500973582267761
2646,0,0.011012328788638115
2647,0,0.01035084668546915
2648,0,0.06299807876348495
2649,0,0.009374820627272129
2650,0,0.0391351655125618
2651,0,0.29704561829566956
2652,0,0.10719826072454453
2653,0,0.1006818637251854
2654,0,0.008612819947302341
2655,0,0.02432134561240673
2656,0,0.03169472515583038
2657,0,0.02725880779325962
2658,0,0.002776580397039652
2659,0,0.011994634754955769
2660,0,0.11926641315221786
2661,0,0.005644488148391247
2662,0,0.12376664578914642
2663,0,0.1624489277601242
2664,0,0.8230782747268677
2665,0,0.1439708173274994
2666,0,0.3393913209438324
2667,0,0.1114749163389206
2668,0,0.0033555638510733843
2669,0,0.09233937412500381
2670,0,0.27052319049835205
2671,0,0.2673923373222351
2672,0,0.004155462142080069
2673,0,0.7245214581489563
2674,0,0.05867656320333481
2675,0,0.26234209537506104
2676,0,0.010577762499451637
2677,0,0.021945787593722343
2678,0,0.4593903720378876
2679,0,0.029874835163354874
2680,0,0.9200915694236755
2681,0,0.1192217618227005
2682,0,0.029695574194192886
2683,0,0.26517173647880554
2684,0,0.8407025337219238
2685,0,0.24009370803833008
2686,0,0.07483446598052979
2687,0,0.048428189009428024
2688,0,0.40915459394454956
2689,0,0.0647449865937233
2690,0,0.09165923297405243
2691,0,0.351425439119339
2692,0,0.18306809663772583
2693,0,0.1265805959701538
2694,0,0.06011897325515747
2695,0,0.11452997475862503
2696,0,0.010507909581065178
2697,0,0.008121158927679062
2698,0,0.0015170932747423649
2699,0,0.9766954779624939
2700,0,0.0013231629272922873
2701,0,0.37394702434539795
2702,0,0.0015664056409150362
2703,0,0.41367819905281067
2704,0,0.24913868308067322
2705,0,0.037223685532808304
2706,0,0.09466689825057983
2707,0,0.15307065844535828
2708,0,0.6762924194335938
2709,0,0.5841494202613831
2710,0,0.006910179741680622
2711,0,0.10390742123126984
2712,0,0.019396483898162842
2713,0,0.016403649002313614
2714,0,0.00985733326524496
2715,0,0.04262850806117058
2716,0,0.21334201097488403
2717,0,0.056531645357608795
2718,0,0.14401929080486298
2719,0,0.7237536907196045
2720,0,0.2215040624141693
2721,0,0.7382546067237854
2722,0,0.1568044126033783
2723,0,0.4579554498195648
2724,0,0.010015537030994892
2725,0,0.010840381495654583
2726,0,0.10858269035816193
2727,0,0.005200859159231186
2728,0,0.5463521480560303
2729,0,0.7743430137634277
2730,0,0.02010221593081951
2731,0,0.0756383165717125
2732,0,0.15433940291404724
2733,0,0.7011141777038574
2734,0,0.002465603407472372
2735,0,0.06571069359779358
2736,0,0.2348385900259018
2737,0,0.023380780592560768
2738,0,0.002403553808107972
2739,0,0.30164679884910583
2740,0,0.9160791039466858
2741,0,0.003905427874997258
2742,0,0.017832279205322266
2743,0,0.013335620053112507
2744,0,0.15504738688468933
2745,0,0.3544772267341614
2746,0,0.25734996795654297
2747,0,0.008972106501460075
2748,0,0.01741327904164791
2749,0,0.20922017097473145
2750,0,0.4438799321651459
2751,0,0.03974743187427521
2752,0,0.22235341370105743
2753,0,0.7755503058433533
2754,0,0.4709632396697998
2755,0,0.006917749531567097
2756,0,0.7699499726295471
2757,0,0.04247916489839554
2758,0,0.18306809663772583
2759,0,0.3581978380680084
2760,0,0.05072304978966713
2761,0,0.21172620356082916
2762,0,0.22086098790168762
2763,0,0.1355968713760376
2764,0,0.10457156598567963
2765,0,0.2848087549209595
2766,0,0.3604588210582733
2767,0,0.09574185311794281
2768,0,0.2530463635921478
2769,0,0.0505363792181015
2770,0,0.12353314459323883
2771,0,0.3523365557193756
2772,0,0.8665236234664917
2773,0,0.03731950372457504
2774,0,0.7040088772773743
2775,0,0.09079150855541229
2776,0,0.39155861735343933
2777,0,0.0870835930109024
2778,0,0.08734173327684402
2779,0,0.023101210594177246
2780,0,0.3917149305343628
2781,0,0.019123554229736328
2782,0,0.4760778546333313
2783,0,0.36197173595428467
2784,0,0.053714048117399216
2785,0,0.0035312639083713293
2786,0,0.3657304346561432
2787,0,0.1203288584947586
2788,0,0.0072661275044083595
2789,0,0.027181334793567657
2790,0,0.009010429494082928
2791,0,0.008951629512012005
2792,0,0.0028339119162410498
2793,0,0.05694417655467987
2794,0,0.0025961995124816895
2795,0,0.05397537723183632
2796,0,0.38242700695991516
2797,0,0.09006038308143616
2798,0,0.04005824029445648
2799,0,0.4128636121749878
2800,0,0.017440441995859146
2801,0,0.007397206965833902
2802,0,0.10580853372812271
2803,0,0.005472325719892979
2804,0,0.031044483184814453
2805,0,0.4562981128692627
2806,0,0.002246540505439043
2807,0,0.037534404546022415
2808,0,0.2343014031648636
2809,0,0.6754326820373535
2810,0,0.0010566329583525658
2811,0,0.19675090909004211
2812,0,0.015781207010149956
2813,0,0.31858357787132263
2814,0,0.017765149474143982
2815,0,0.03166576847434044
2816,0,0.21602745354175568
2817,0,0.0632321834564209
2818,0,0.15895220637321472
2819,0,0.037476878613233566
2820,0,0.1149662584066391
2821,0,0.9385481476783752
2822,0,0.5279349088668823
2823,0,0.006730163935571909
2824,0,0.14222252368927002
2825,0,0.9036106467247009
2826,0,0.0016492129070684314
2827,0,0.7657756209373474
2828,0,0.010156518779695034
2829,0,0.05601341649889946
2830,0,0.004521964117884636
2831,0,0.5915414690971375
2832,0,0.005672265775501728
2833,0,0.03379707410931587
2834,0,0.021668819710612297
2835,0,0.8504536747932434
2836,0,0.009457881562411785
2837,0,0.006458341609686613
2838,0,0.013599998317658901
2839,0,0.3573891520500183
2840,0,0.8429279327392578
2841,0,0.04842269420623779
2842,0,0.2625678479671478
2843,0,0.10970563441514969
2844,0,0.08380315452814102
2845,0,0.9359431862831116
2846,0,0.09683912992477417
2847,0,0.01636093482375145
2848,0,0.006289806682616472
2849,0,0.06404061615467072
2850,0,0.5159367322921753
2851,0,0.6476733088493347
2852,0,0.06632387638092041
2853,0,0.10938608646392822
2854,0,0.4223754405975342
2855,0,0.36683812737464905
2856,0,0.08760370314121246
2857,0,0.1573474258184433
2858,0,0.7379889488220215
2859,0,0.052182238548994064
2860,0,0.049194347113370895
2861,0,0.002303999150171876
2862,0,0.0237110648304224
2863,0,0.001885610050521791
2864,0,0.013195374049246311
2865,0,0.9671138525009155
2866,0,0.7062551975250244
2867,0,0.016277095302939415
2868,0,0.10388282686471939
2869,0,0.00284444447606802
2870,0,0.1460212618112564
2871,0,0.002339344471693039
2872,0,0.5934962630271912
2873,0,0.0012336705112829804
2874,0,0.21825571358203888
2875,0,0.9339503049850464
2876,0,0.005375358741730452
2877,0,0.25428256392478943
2878,0,0.11762837320566177
2879,0,0.2799414396286011
2880,0,0.12024897336959839
2881,0,0.20961341261863708
2882,0,0.15418417751789093
2883,0,0.07841383665800095
2884,0,0.002370656467974186
2885,0,0.20307543873786926
2886,0,0.6653479337692261
2887,0,0.061970848590135574
2888,0,0.11607024073600769
2889,0,0.03549237176775932
2890,0,0.03417181223630905
2891,0,0.09546972066164017
2892,0,0.04918171465396881
2893,0,0.6582962870597839
2894,0,0.07483446598052979
2895,0,0.22903743386268616
2896,0,0.0036740079522132874
2897,0,0.14922258257865906
2898,0,0.43841904401779175
2899,0,0.29633820056915283
2900,0,0.015930285677313805
2901,0,0.0024779082741588354
2902,0,0.03622965142130852
2903,0,0.015271944925189018
2904,0,0.16094426810741425
2905,0,0.021252041682600975
2906,0,0.0912971943616867
2907,0,0.013834966346621513
2908,0,0.001071284175850451
2909,0,0.023446427658200264
2910,0,0.14657382667064667
2911,0,0.7131738066673279
2912,0,0.00384170631878078
2913,0,0.3570561707019806
2914,0,0.582142174243927
2915,0,0.03693713620305061
2916,0,0.7657740116119385
2917,0,0.4631671905517578
2918,0,0.49022364616394043
2919,0,0.1355968713760376
2920,0,0.002026970498263836
2921,0,0.7245463132858276
2922,0,0.15887922048568726
2923,0,0.25683972239494324
2924,0,0.0035323062911629677
2925,0,0.10810840129852295
2926,0,0.011051701381802559
2927,0,0.0019832425750792027
2928,0,0.8111180663108826
2929,0,0.0369962602853775
2930,0,0.6490146517753601
2931,0,0.0018396745435893536
2932,0,0.17484650015830994
2933,0,0.07526514679193497
2934,0,0.31195247173309326
2935,0,0.2317422479391098
2936,0,0.18867434561252594
2937,0,0.001976864179596305
2938,0,0.29744040966033936
2939,0,0.033183831721544266
2940,0,0.003406749339774251
2941,0,0.7963370680809021
2942,0,0.00409795343875885
2943,0,0.8097296953201294
2944,0,0.20263372361660004
2945,0,0.0696437656879425
2946,0,0.19464972615242004
2947,0,0.8492035865783691
2948,0,0.005177152808755636
2949,0,0.20729224383831024
2950,0,0.05020676925778389
2951,0,0.5530632734298706
2952,0,0.004669362213462591
2953,0,0.6134500503540039
2954,0,0.18891353905200958
2955,0,0.6949838399887085
2956,0,0.10562347620725632
2957,0,0.013214773498475552
2958,0,0.46376246213912964
2959,0,0.0716194212436676
2960,0,0.234748974442482
2961,0,0.013520695269107819
2962,0,0.024971315637230873
2963,0,0.5314843058586121
2964,0,0.7209757566452026
2965,0,0.4370650053024292
2966,0,0.8841791152954102
2967,0,0.5540935397148132
2968,0,0.04419456049799919
2969,0,0.691185712814331
2970,0,0.22187748551368713
2971,0,0.08682368695735931
2972,0,0.17520904541015625
2973,0,0.006135143339633942
2974,0,0.010345416143536568
2975,0,0.5535397529602051
2976,0,0.19693779945373535
2977,0,0.03191232308745384
2978,0,0.7130268812179565
2979,0,0.9792742133140564
2980,0,0.21754075586795807
2981,0,0.22186703979969025
2982,0,0.044121332466602325
2983,0,0.06130686774849892
2984,0,0.6616816520690918
2985,0,0.05826509743928909
2986,0,0.012245018035173416
2987,0,0.25384876132011414
2988,0,0.03824801370501518
2989,0,0.6985130906105042
2990,0,0.7813105583190918
2991,0,0.06989433616399765
2992,0,0.39836570620536804
2993,0,0.002634421456605196
2994,0,0.10986224561929703
2995,0,0.25657299160957336
2996,0,0.0234991442412138
2997,0,0.03710617497563362
2998,0,0.9727602601051331
2999,0,0.11465741693973541
3000,0,0.007936296984553337
3001,0,0.0036762654781341553
3002,0,0.0016514952294528484
3003,0,0.05367009714245796
3004,0,0.47282373905181885
3005,0,0.9246943593025208
3006,0,0.2567809820175171
3007,0,0.26418933272361755
3008,0,0.7704543471336365
3009,0,0.5702083110809326
3010,0,0.14088676869869232
3011,0,0.7975385189056396
3012,0,0.06490551680326462
3013,0,0.004062608350068331
3014,0,0.8131346702575684
3015,0,0.01164274662733078
3016,0,0.1355968713760376
3017,0,0.3104862868785858
3018,0,0.8406711220741272
3019,0,0.14369966089725494
3020,0,0.2207871526479721
3021,0,0.1264761984348297
3022,0,0.20602945983409882
3023,0,0.003842337988317013
3024,0,0.00736732454970479
3025,0,0.009379493072628975
3026,0,0.24683867394924164
3027,0,0.005523575469851494
3028,0,0.008517127484083176
3029,0,0.13180015981197357
3030,0,0.06339149177074432
3031,0,0.1540026217699051
3032,0,0.4041385352611542
3033,0,0.08524902164936066
3034,0,0.2714996039867401
3035,0,0.1752205640077591
3036,0,0.08710433542728424
3037,0,0.02071743831038475
3038,0,0.09540712088346481
3039,0,0.06779997795820236
3040,0,0.38930633664131165
3041,0,0.38716593384742737
3042,0,0.004914913792163134
3043,0,0.0064767105504870415
3044,0,0.001991855213418603
3045,0,0.1787998378276825
3046,0,0.018466386944055557
3047,0,0.5972000360488892
3048,0,0.10858269035816193
3049,0,0.01203881949186325
3050,0,0.10463109612464905
3051,0,0.08242487162351608
3052,0,0.043503422290086746
3053,0,0.002835288178175688
3054,0,0.8822993040084839
3055,0,0.12074342370033264
3056,0,0.0780358538031578
3057,0,0.1358453333377838
3058,0,0.7882972359657288
3059,0,0.08118020743131638
3060,0,0.1707034409046173
3061,0,0.6812954545021057
3062,0,0.8641240000724792
3063,0,0.032228171825408936
3064,0,0.015705332159996033
3065,0,0.12272954732179642
3066,0,0.174922376871109
3067,0,0.8015869855880737
3068,0,0.011149369180202484
3069,0,0.148793026804924
3070,0,0.3655952215194702
3071,0,0.003411112120375037
3072,0,0.04791603982448578
3073,0,0.07507755607366562
3074,0,0.0048732454888522625
3075,0,0.49637943506240845
3076,0,0.011559098027646542
3077,0,0.4704289436340332
3078,0,0.1452001929283142
3079,0,0.054605066776275635
3080,0,0.0926612988114357
3081,0,0.48539096117019653
3082,0,0.15757326781749725
3083,0,0.5210292339324951
3084,0,0.12546272575855255
3085,0,0.3372144103050232
3086,0,0.36753788590431213
3087,0,0.006523537449538708
3088,0,0.8208783268928528
3089,0,0.3193017840385437
3090,0,0.1355968713760376
3091,0,0.07675324380397797
3092,0,0.08363485336303711
3093,0,0.003151986049488187
3094,0,0.023128094151616096
3095,0,0.23309189081192017
3096,0,0.2778656780719757
3097,0,0.0021170105319470167
3098,0,0.3659933805465698
3099,0,0.008095046505331993
3100,0,0.1895110309123993
3101,0,0.08595497161149979
3102,0,0.1355968713760376
3103,0,0.8416430950164795
3104,0,0.9260751008987427
3105,0,0.017931874841451645
3106,0,0.1867428719997406
3107,0,0.0037586495745927095
3108,0,0.04704202711582184
3109,0,0.017347348853945732
3110,0,0.7671533226966858
3111,0,0.5811145305633545
3112,0,0.05487477779388428
3113,0,0.008751966990530491
3114,0,0.46924787759780884
3115,0,0.23574943840503693
3116,0,0.4179740846157074
3117,0,0.47530993819236755
3118,0,0.0530644953250885
3119,0,0.0032320190221071243
3120,0,0.34585848450660706
3121,0,0.018061179667711258
3122,0,0.8903902769088745
3123,0,0.37605077028274536
3124,0,0.013758726418018341
3125,0,0.006341844331473112
3126,0,0.04741918295621872
3127,0,0.04750145599246025
3128,0,0.004627119284123182
3129,0,0.0027732604648917913
3130,0,0.018908042460680008
3131,0,0.16465544700622559
3132,0,0.8098671436309814
3133,0,0.4329950213432312
3134,0,0.004949803464114666
3135,0,0.2837299406528473
3136,0,0.20038732886314392
3137,0,0.48966991901397705
3138,0,0.11061712354421616
3139,0,0.09079150855541229
3140,0,0.6984857320785522
3141,0,0.061382994055747986
3142,0,0.33646222949028015
3143,0,0.5766780972480774
3144,0,0.048295825719833374
3145,0,0.13454820215702057
3146,0,0.5206498503684998
3147,0,0.10071916878223419
3148,0,0.2746531069278717
3149,0,0.34057390689849854
3150,0,0.31650301814079285
3151,0,0.005123522132635117
3152,0,0.5576414465904236
3153,0,0.03854560852050781
3154,0,0.046935997903347015
3155,0,0.06659634411334991
3156,0,0.005361868999898434
3157,0,0.09006038308143616
3158,0,0.8626881837844849
3159,0,0.29770004749298096
3160,0,0.011625046841800213
3161,0,0.1569133996963501
3162,0,0.38151034712791443
3163,0,0.0031297721434384584
3164,0,0.9277611970901489
3165,0,0.011811945587396622
3166,0,0.0014895315980538726
3167,0,0.012838008813560009
3168,0,0.30446940660476685
3169,0,0.9010071158409119
3170,0,0.05124460533261299
3171,0,0.08070278912782669
3172,0,0.06386005133390427
3173,0,0.0019718410912901163
3174,0,0.15558932721614838
3175,0,0.3664894700050354
3176,0,0.016599450260400772
3177,0,0.09003474563360214
3178,0,0.34320691227912903
3179,0,0.44404298067092896
3180,0,0.003344295546412468
3181,0,0.14583495259284973
3182,0,0.6911691427230835
3183,0,0.8992428183555603
3184,0,0.07330615073442459
3185,0,0.07964132726192474
3186,0,0.0068161156959831715
3187,0,0.002625082852318883
3188,0,0.013752096332609653
3189,0,0.017938004806637764
3190,0,0.5266760587692261
3191,0,0.562709391117096
3192,0,0.9785541892051697
3193,0,0.4848249554634094
3194,0,0.3773162364959717
3195,0,0.07210572808980942
3196,0,0.9077939391136169
3197,0,0.42939919233322144
3198,0,0.006919531617313623
3199,0,0.08133787661790848
3200,0,0.13557574152946472
3201,0,0.3475106358528137
3202,0,0.5366988182067871
3203,0,0.1235591396689415
3204,0,0.8583614230155945
3205,0,0.1365956962108612
3206,0,0.027898481115698814
3207,0,0.30792587995529175
3208,0,0.13472934067249298
3209,0,0.013022921979427338
3210,0,0.09079150855541229
3211,0,0.1753842532634735
3212,0,0.018171435222029686
3213,0,0.11587194353342056
3214,0,0.5709328651428223
3215,0,0.38665831089019775
3216,0,0.04605219513177872
3217,0,0.3470863699913025
3218,0,0.28078293800354004
3219,0,0.9301609396934509
3220,0,0.005777026992291212
3221,0,0.2186802178621292
3222,0,0.0077078514732420444
3223,0,0.09079150855541229
3224,0,0.8492218255996704
3225,0,0.09006038308143616
3226,0,0.014997422695159912
3227,0,0.8817793726921082
3228,0,0.7963656783103943
3229,0,0.11607024073600769
3230,0,0.10378365963697433
3231,0,0.0841573029756546
3232,0,0.8503273129463196
3233,0,0.8214540481567383
3234,0,0.07114414125680923
3235,0,0.043336547911167145
3236,0,0.007904520258307457
3237,0,0.04875948280096054
3238,0,0.003259610151872039
3239,0,0.5776804685592651
3240,0,0.00946569349616766
3241,0,0.0023798993788659573
3242,0,0.41389939188957214
3243,0,0.0449984185397625
3244,0,0.010579953901469707
3245,0,0.0863339751958847
3246,0,0.6388716101646423
3247,0,0.31090861558914185
3248,0,0.05834148824214935
3249,0,0.3175152838230133
3250,0,0.5740807056427002
3251,0,0.016256950795650482
3252,0,0.08000542968511581
3253,0,0.0008170194341801107
3254,0,0.9478826522827148
3255,0,0.08641987293958664
3256,0,0.1819913387298584
3257,0,0.009051341563463211
3258,0,0.22791697084903717
3259,0,0.5643784999847412
3260,0,0.3173271417617798
3261,0,0.07324622571468353
3262,0,0.8161680102348328
3263,0,0.07973115891218185
3264,0,0.004246633034199476
3265,0,0.5860989689826965
3266,0,0.4581383168697357
3267,0,0.026277069002389908
3268,0,0.9375505447387695
3269,0,0.032313279807567596
3270,0,0.7950530648231506
3271,0,0.1350925862789154
3272,0,0.1594010889530182
3273,0,0.00184539589099586
3274,0,0.10938608646392822
3275,0,0.2897361218929291
3276,0,0.004249176476150751
3277,0,0.025007527321577072
3278,0,0.17215211689472198
3279,0,0.07212180644273758
3280,0,0.115422323346138
3281,0,0.1330367624759674
3282,0,0.5107502937316895
3283,0,0.38497403264045715
3284,0,0.8420682549476624
3285,0,0.014892905950546265
3286,0,0.14654254913330078
3287,0,0.0029030556324869394
3288,0,0.33443981409072876
3289,0,0.009808274917304516
3290,0,0.011316736228764057
3291,0,0.4843423366546631
3292,0,0.0038970191963016987
3293,0,0.9256376624107361
3294,0,0.28141576051712036
3295,0,0.12181749194860458
3296,0,0.018246017396450043
3297,0,0.05159078538417816
3298,0,0.1985241174697876
3299,0,0.3126150667667389
3300,0,0.04030097648501396
3301,0,0.10690934211015701
3302,0,0.05636591836810112
3303,0,0.005141759756952524
3304,0,0.263575941324234
3305,0,0.4333651661872864
3306,0,0.2677798271179199
3307,0,0.003990318160504103
3308,0,0.2709798812866211
3309,0,0.10272344201803207
3310,0,0.16955560445785522
3311,0,0.1355968713760376
3312,0,0.19423876702785492
3313,0,0.06685195118188858
3314,0,0.37563908100128174
3315,0,0.6898826956748962
3316,0,0.07507755607366562
3317,0,0.01634836196899414
3318,0,0.1410624235868454
3319,0,0.13143029808998108
3320,0,0.1355968713760376
3321,0,0.009536522440612316
3322,0,0.2777034640312195
3323,0,0.0032486524432897568
3324,0,0.10287096351385117
3325,0,0.35914090275764465
3326,0,0.10755141079425812
3327,0,0.018640685826539993
3328,0,0.07071927934885025
3329,0,0.6801710724830627
3330,0,0.29012438654899597
3331,0,0.03496133163571358
3332,0,0.7187800407409668
3333,0,0.6233552694320679
3334,0,0.3398168385028839
3335,0,0.7885560393333435
3336,0,0.010137663222849369
3337,0,0.019408417865633965
3338,0,0.013539452105760574
3339,0,0.29516080021858215
3340,0,0.6294485330581665
3341,0,0.19150704145431519
3342,0,0.29208603501319885
3343,0,0.029308704659342766
3344,0,0.07380819320678711
3345,0,0.8580645322799683
3346,0,0.006713010370731354
3347,0,0.5699958205223083
3348,0,0.8397828936576843
3349,0,0.0035587293095886707
3350,0,0.09295772016048431
3351,0,0.3061997592449188
3352,0,0.17886878550052643
3353,0,0.028074227273464203
3354,0,0.025457309558987617
3355,0,0.008882027119398117
3356,0,0.11888241767883301
3357,0,0.2085970789194107
3358,0,0.4616118371486664
3359,0,0.3665924370288849
3360,0,0.18711811304092407
3361,0,0.24547266960144043
3362,0,0.47224804759025574
3363,0,0.40385901927948
3364,0,0.00643712654709816
3365,0,0.004111012909561396
3366,0,0.003908023703843355
3367,0,0.016696223989129066
3368,0,0.9771873354911804
3369,0,0.8393614888191223
3370,0,0.14963272213935852
3371,0,0.010030228644609451
3372,0,0.08707375824451447
3373,0,0.018871689215302467
3374,0,0.37565845251083374
3375,0,0.0375269316136837
3376,0,0.032954711467027664
3377,0,0.0022188301663845778
3378,0,0.7989388108253479
3379,0,0.0025254690553992987
3380,0,0.6606036424636841
3381,0,0.023574622347950935
3382,0,0.15428410470485687
3383,0,0.06022695079445839
3384,0,0.015244760550558567
3385,0,0.008843240328133106
3386,0,0.7468408346176147
3387,0,0.061333440244197845
3388,0,0.8841503262519836
3389,0,0.0027880046982318163
3390,0,0.8456122279167175
3391,0,0.3010883033275604
3392,0,0.15711581707000732
3393,0,0.750792384147644
3394,0,0.04415152594447136
3395,0,0.7322064638137817
3396,0,0.0054498715326189995
3397,0,0.10121321678161621
3398,0,0.49197739362716675
3399,0,0.010965289548039436
3400,0,0.10077141225337982
3401,0,0.004081685561686754
3402,0,0.17216265201568604
3403,0,0.4805271029472351
3404,0,0.004839511122554541
3405,0,0.06772258132696152
3406,0,0.09079150855541229
3407,0,0.8765601515769958
3408,0,0.0036110514774918556
3409,0,0.15437494218349457
3410,0,0.8725475072860718
3411,0,0.05963587388396263
3412,0,0.4926288425922394
3413,0,0.3606870472431183
3414,0,0.026245635002851486
3415,0,0.5379683971405029
3416,0,0.09079150855541229
3417,0,0.0684986263513565
3418,0,0.007078425493091345
3419,0,0.5941455364227295
3420,0,0.7386998534202576
3421,0,0.4544682800769806
3422,0,0.8042423725128174
3423,0,0.9322406649589539
3424,0,0.07507755607366562
3425,0,0.038372334092855453
3426,0,0.0032503106631338596
3427,0,0.021482160314917564
3428,0,0.03582382947206497
3429,0,0.0171370767056942
3430,0,0.8471207618713379
3431,0,0.7477819323539734
3432,0,0.12238123267889023
3433,0,0.5234662294387817
3434,0,0.03175380453467369
3435,0,0.06386490166187286
3436,0,0.005208752118051052
3437,0,0.13340526819229126
3438,0,0.09534180909395218
3439,0,0.008013907819986343
3440,0,0.00921158492565155
3441,0,0.4071847200393677
3442,0,0.5622282028198242
3443,0,0.3598470687866211
3444,0,0.600507915019989
3445,0,0.003809566842392087
3446,0,0.25549086928367615
3447,0,0.002445312449708581
3448,0,0.08080589771270752
3449,0,0.2922725975513458
3450,0,0.0565824881196022
3451,0,0.7261757254600525
3452,0,0.22635291516780853
3453,0,0.009966161102056503
3454,0,0.40923741459846497
3455,0,0.2587771713733673
3456,0,0.0027041949797421694
3457,0,0.39358583092689514
3458,0,0.14618586003780365
3459,0,0.18306809663772583
3460,0,0.03589988499879837
3461,0,0.00771394744515419
3462,0,0.4683363139629364
3463,0,0.11523185670375824
3464,0,0.09907186031341553
3465,0,0.014531140215694904
3466,0,0.029062366113066673
3467,0,0.5851956605911255
3468,0,0.6091794967651367
3469,0,0.26228728890419006
3470,0,0.0029471402522176504
3471,0,0.5953575372695923
3472,0,0.12809878587722778
3473,0,0.023218825459480286
3474,0,0.3238901197910309
3475,0,0.017913125455379486
3476,0,0.10068365186452866
3477,0,0.7128466367721558
3478,0,0.30793845653533936
3479,0,0.04224454239010811
3480,0,0.02185104973614216
3481,0,0.05656870827078819
3482,0,0.1461099088191986
3483,0,0.10378365963697433
3484,0,0.01347106322646141
3485,0,0.605951726436615
3486,0,0.07507755607366562
3487,0,0.22737593948841095
3488,0,0.0419287346303463
3489,0,0.06739156693220139
3490,0,0.41252246499061584
3491,0,0.11409375071525574
3492,0,0.02198813483119011
3493,0,0.017224930226802826
3494,0,0.0503523014485836
3495,0,0.4946085810661316
3496,0,0.249227836728096
3497,0,0.06848372519016266
3498,0,0.03524939343333244
3499,0,0.1566443145275116
3500,0,0.17287768423557281
3501,0,0.8560209274291992
3502,0,0.016845807433128357
3503,0,0.004227454774081707
3504,0,0.015694646164774895
3505,0,0.11158328503370285
3506,0,0.3885285258293152
3507,0,0.858613908290863
3508,0,0.1947624534368515
3509,0,0.30504104495048523
3510,0,0.12076666206121445
3511,0,0.8469676375389099
3512,0,0.022163353860378265
3513,0,0.07507755607366562
3514,0,0.06115990877151489
3515,0,0.00526130897924304
3516,0,0.16491006314754486
3517,0,0.3545396029949188
3518,0,0.7970636487007141
3519,0,0.19779440760612488
3520,0,0.07070323824882507
3521,0,0.7070242166519165
3522,0,0.9160565137863159
3523,0,0.6022167801856995
3524,0,0.09673815965652466
3525,0,0.09084157645702362
3526,0,0.8465274572372437
3527,0,0.071090467274189
3528,0,0.0021019543055444956
3529,0,0.0921403020620346
3530,0,0.45154091715812683
3531,0,0.559478223323822
3532,0,0.02019203081727028
3533,0,0.5873700380325317
3534,0,0.5806267857551575
3535,0,0.019536243751645088
3536,0,0.7340424656867981
3537,0,0.3210052251815796
3538,0,0.028295915573835373
3539,0,0.10949303209781647
3540,0,0.1367451399564743
3541,0,0.02265140973031521
3542,0,0.0024550743401050568
3543,0,0.02305307798087597
3544,0,0.02529512532055378
3545,0,0.005113758146762848
3546,0,0.005461781285703182
3547,0,0.02977878414094448
3548,0,0.003926402423530817
3549,0,0.9073079228401184
3550,0,0.025330953299999237
3551,0,0.03175278753042221
3552,0,0.003184372093528509
3553,0,0.08241042494773865
3554,0,0.14386537671089172
3555,0,0.019732147455215454
3556,0,0.10938608646392822
3557,0,0.13576069474220276
3558,0,0.11780975759029388
3559,0,0.06790497899055481
3560,0,0.27541306614875793
3561,0,0.005364122334867716
3562,0,0.002777698915451765
3563,0,0.19253025949001312
3564,0,0.04597966745495796
3565,0,0.25129127502441406
3566,0,0.029803061857819557
3567,0,0.07803576439619064
3568,0,0.23250192403793335
3569,0,0.15351298451423645
3570,0,0.03094114549458027
3571,0,0.632970929145813
3572,0,0.17162030935287476
3573,0,0.2127838134765625
3574,0,0.22371014952659607
3575,0,0.005667183082550764
3576,0,0.048237089067697525
3577,0,0.0047237868420779705
3578,0,0.2131899893283844
3579,0,0.3995799124240875
3580,0,0.016247091814875603
3581,0,0.00482152821496129
3582,0,0.09552618116140366
3583,0,0.0023312722332775593
3584,0,0.06468241661787033
3585,0,0.31045523285865784
3586,0,0.10938608646392822
3587,0,0.002574105514213443
3588,0,0.002710234373807907
3589,0,0.21030160784721375
3590,0,0.7176527976989746
3591,0,0.09006038308143616
3592,0,0.0012453183298930526
3593,0,0.10858269035816193
3594,0,0.0462791882455349
3595,0,0.18306809663772583
3596,0,0.5190800428390503
3597,0,0.26256704330444336
3598,0,0.2600482404232025
3599,0,0.008331703953444958
3600,0,0.7172743082046509
3601,0,0.2116628736257553
3602,0,0.35121944546699524
3603,0,0.24313227832317352
3604,0,0.8038409352302551
3605,0,0.7659432888031006
3606,0,0.005815525073558092
3607,0,0.5403535962104797
3608,0,0.02100687474012375
3609,0,0.00424952944740653
3610,0,0.11242381483316422
3611,0,0.1708204597234726
3612,0,0.6328248381614685
3613,0,0.004488205537199974
3614,0,0.013782311230897903
3615,0,0.18306809663772583
3616,0,0.07376159727573395
3617,0,0.5156359672546387
3618,0,0.873938798904419
3619,0,0.1569117158651352
3620,0,0.9251381754875183
3621,0,0.05671482905745506
3622,0,0.1254761815071106
3623,0,0.10938608646392822
3624,0,0.2750723659992218
3625,0,0.7137629985809326
3626,0,0.004140529781579971
3627,0,0.8475407361984253
3628,0,0.3781093955039978
3629,0,0.18020768463611603
3630,0,0.19827300310134888
3631,0,0.48095187544822693
3632,0,0.006303629372268915
3633,0,0.21699005365371704
3634,0,0.9920827150344849
3635,0,0.04862145334482193
3636,0,0.04445057362318039
3637,0,0.7257108688354492
3638,0,0.416949063539505
3639,0,0.20339825749397278
3640,0,0.0011391752632334828
3641,0,0.017502011731266975
3642,0,0.0025450396351516247
3643,0,0.2330622524023056
3644,0,0.2542417347431183
3645,0,0.033785559237003326
3646,0,0.006062482483685017
3647,0,0.07430198043584824
3648,0,0.046640075743198395
3649,0,0.8080399632453918
3650,0,0.09079150855541229
3651,0,0.13269738852977753
3652,0,0.01748400740325451
3653,0,0.07068455964326859
3654,0,0.7099544405937195
3655,0,0.023742305114865303
3656,0,0.03266676142811775
3657,0,0.21663181483745575
3658,0,0.789082407951355
3659,0,0.0035686076153069735
3660,0,0.02679510973393917
3661,0,0.00587399723008275
3662,0,0.2750222682952881
3663,0,0.05211321637034416
3664,0,0.7125769257545471
3665,0,0.008420630358159542
3666,0,0.853748619556427
3667,0,0.07522450387477875
3668,0,0.8024747967720032
3669,0,0.09079150855541229
3670,0,0.15138275921344757
3671,0,0.33495190739631653
3672,0,0.8602384328842163
3673,0,0.2359432727098465
3674,0,0.3167875409126282
3675,0,0.009494192898273468
3676,0,0.8467993140220642
3677,0,0.012383674271404743
3678,0,0.06196290999650955
3679,0,0.006677224766463041
3680,0,0.049834590405225754
3681,0,0.016975590959191322
3682,0,0.003712716745212674
3683,0,0.0018524272600188851
3684,0,0.6078028678894043
3685,0,0.09079150855541229
3686,0,0.03484417498111725
3687,0,0.8678268790245056
3688,0,0.022204184904694557
3689,0,0.0032428251579403877
3690,0,0.9506212472915649
3691,0,0.8840926885604858
3692,0,0.02666814811527729
3693,0,0.5955077409744263
3694,0,0.8736426830291748
3695,0,0.1890372335910797
3696,0,0.4194035530090332
3697,0,0.47371938824653625
3698,0,0.03295128792524338
3699,0,0.565960168838501
3700,0,0.058272331953048706
3701,0,0.0033339380752295256
3702,0,0.00838122982531786
3703,0,0.9297930598258972
3704,0,0.005790624767541885
3705,0,0.10115522146224976
3706,0,0.42436525225639343
3707,0,0.9083706140518188
3708,0,0.8864955902099609
3709,0,0.19192667305469513
3710,0,0.6252948641777039
3711,0,0.625428318977356
3712,0,0.1566479206085205
3713,0,0.39220544695854187
3714,0,0.803115963935852
3715,0,0.6745055317878723
3716,0,0.021401934325695038
3717,0,0.02915487252175808
3718,0,0.12852418422698975
3719,0,0.8325108289718628
3720,0,0.1355968713760376
3721,0,0.0063069164752960205
3722,0,0.09474485367536545
3723,0,0.012650969438254833
3724,0,0.029612623155117035
3725,0,0.05481688678264618
3726,0,0.14264895021915436
3727,0,0.01348402351140976
3728,0,0.08010455220937729
3729,0,0.17669470608234406
3730,0,0.0017782010836526752
3731,0,0.06385178864002228
3732,0,0.05323845148086548
3733,0,0.02565714158117771
3734,0,0.014934951439499855
3735,0,0.07677517831325531
3736,0,0.5124515295028687
3737,0,0.38268548250198364
3738,0,0.8654357194900513
3739,0,0.9644283056259155
3740,0,0.004190847743302584
3741,0,0.8005014657974243
3742,0,0.0523395910859108
3743,0,0.005358490627259016
3744,0,0.6356704235076904
3745,0,0.02636643871665001
3746,0,0.014364420436322689
3747,0,0.1468936651945114
3748,0,0.1354030817747116
3749,0,0.0025662819389253855
3750,0,0.019569816067814827
3751,0,0.2586532533168793
3752,0,0.003770957700908184
3753,0,0.037110235542058945
3754,0,0.009241138584911823
3755,0,0.011513715609908104
3756,0,0.0017024421831592917
3757,0,0.1494901180267334
3758,0,0.026380131021142006
3759,0,0.08830787986516953
3760,0,0.9726851582527161
3761,0,0.02715650014579296
3762,0,0.19747458398342133
3763,0,0.9104765057563782
3764,0,0.4776885211467743
3765,0,0.62728351354599
3766,0,0.1653282791376114
3767,0,0.7485506534576416
3768,0,0.05203666165471077
3769,0,0.020078260451555252
3770,0,0.07507755607366562
3771,0,0.0014759808545932174
3772,0,0.0181729793548584
3773,0,0.17068149149417877
3774,0,0.10701986402273178
3775,0,0.13135741651058197
3776,0,0.0008919630199670792
3777,0,0.02030063420534134
3778,0,0.0050544701516628265
3779,0,0.4057660698890686
3780,0,0.004559248220175505
3781,0,0.02053942158818245
3782,0,0.03527245298027992
3783,0,0.0026713283732533455
3784,0,0.07320236414670944
3785,0,0.40662524104118347
3786,0,0.008640333078801632
3787,0,0.016239557415246964
3788,0,0.0042824153788387775
3789,0,0.24329926073551178
3790,0,0.23671267926692963
3791,0,0.01933581754565239
3792,0,0.016835803166031837
3793,0,0.013099973089993
3794,0,0.005453470163047314
3795,0,0.030384192243218422
3796,0,0.4207702577114105
3797,0,0.09079150855541229
3798,0,0.024276679381728172
3799,0,0.13449715077877045
3800,0,0.001588785438798368
3801,0,0.006974827032536268
3802,0,0.006215016357600689
3803,0,0.8106807470321655
3804,0,0.012798945419490337
3805,0,0.35194262862205505
3806,0,0.009266029112040997
3807,0,0.8805862069129944
3808,0,0.08212357014417648
3809,0,0.17458637058734894
3810,0,0.08299456536769867
3811,0,0.012303942814469337
3812,0,0.009014113806188107
3813,0,0.09006038308143616
3814,0,0.004919013008475304
3815,0,0.5827535390853882
3816,0,0.09079150855541229
3817,0,0.05271199345588684
3818,0,0.22533656656742096
3819,0,0.001978000858798623
3820,0,0.029015086591243744
3821,0,0.025436563417315483
3822,0,0.14458593726158142
3823,0,0.008811678737401962
3824,0,0.011711329221725464
3825,0,0.23344947397708893
3826,0,0.05777570977807045
3827,0,0.4106506109237671
3828,0,0.4450018107891083
3829,0,0.8739978671073914
3830,0,0.374635249376297
3831,0,0.0787736251950264
3832,0,0.24382999539375305
3833,0,0.19262383878231049
3834,0,0.048429157584905624
3835,0,0.05376396328210831
3836,0,0.2578279376029968
3837,0,0.03442075848579407
3838,0,0.009705222211778164
3839,0,0.6169800162315369
3840,0,0.03391583636403084
3841,0,0.25736701488494873
3842,0,0.022819673642516136
3843,0,0.011701349169015884
3844,0,0.006173788569867611
3845,0,0.13287560641765594
3846,0,0.02544649876654148
3847,0,0.3010673522949219
3848,0,0.001713234931230545
3849,0,0.962418794631958
3850,0,0.6904313564300537
3851,0,0.767472505569458
3852,0,0.046768538653850555
3853,0,0.012884901836514473
3854,0,0.019189151003956795
3855,0,0.027884112671017647
3856,0,0.019211065024137497
3857,0,0.0417960062623024
3858,0,0.8344001173973083
3859,0,0.06244510039687157
3860,0,0.6778716444969177
3861,0,0.08436551690101624
3862,0,0.11794982105493546
3863,0,0.3068343997001648
3864,0,0.25646060705184937
3865,0,0.0035794489085674286
3866,0,0.08024433255195618
3867,0,0.10378365963697433
3868,0,0.3502066731452942
3869,0,0.08240224421024323
3870,0,0.10351379215717316
3871,0,0.6526910662651062
3872,0,0.016007427126169205
3873,0,0.08378492295742035
3874,0,0.024423180148005486
3875,0,0.3049373924732208
3876,0,0.011295361444354057
3877,0,0.030743137001991272
3878,0,0.017057808116078377
3879,0,0.018680425360798836
3880,0,0.047049980610609055
3881,0,0.03975004702806473
3882,0,0.15374718606472015
3883,0,0.009618119336664677
3884,0,0.24979399144649506
3885,0,0.02018042467534542
3886,0,0.5866732001304626
3887,0,0.007042395882308483
3888,0,0.36595988273620605
3889,0,0.3865302503108978
3890,0,0.09636799246072769
3891,0,0.20196320116519928
3892,0,0.031556468456983566
3893,0,0.0036249684635549784
3894,0,0.14529195427894592
3895,0,0.6365177035331726
3896,0,0.9109243154525757
3897,0,0.011546790599822998
3898,0,0.023256337270140648
3899,0,0.0715971291065216
3900,0,0.822489857673645
3901,0,0.30927854776382446
3902,0,0.03793054819107056
3903,0,0.23815733194351196
3904,0,0.006613506469875574
3905,0,0.009708247147500515
3906,0,0.044910695403814316
3907,0,0.004456544294953346
3908,0,0.015551209449768066
3909,0,0.006040357984602451
3910,0,0.15949593484401703
3911,0,0.7812924981117249
3912,0,0.869518518447876
3913,0,0.01195628009736538
3914,0,0.14199553430080414
3915,0,0.027746133506298065
3916,0,0.11421878635883331
3917,0,0.025471774861216545
3918,0,0.09481067955493927
3919,0,0.013039850629866123
3920,0,0.1029999777674675
3921,0,0.019428934901952744
3922,0,0.09079150855541229
3923,0,0.13175900280475616
3924,0,0.0015706155681982636
3925,0,0.29480019211769104
3926,0,0.11451871693134308
3927,0,0.1603679358959198
3928,0,0.02493632771074772
3929,0,0.06673256307840347
3930,0,0.3782212436199188
3931,0,0.031664494425058365
3932,0,0.09648247063159943
3933,0,0.04361302778124809
3934,0,0.08625317364931107
3935,0,0.028245655819773674
3936,0,0.19574695825576782
3937,0,0.7193981409072876
3938,0,0.9726261496543884
3939,0,0.1355968713760376
3940,0,0.017222031950950623
3941,0,0.17597194015979767
3942,0,0.6455622911453247
3943,0,0.20106646418571472
3944,0,0.5656403303146362
3945,0,0.002449687337502837
3946,0,0.10938608646392822
3947,0,0.6841974258422852
3948,0,0.47219517827033997
3949,0,0.245103657245636
3950,0,0.07394136488437653
3951,0,0.6097095608711243
3952,0,0.5232242345809937
3953,0,0.009789619594812393
3954,0,0.07507755607366562
3955,0,0.09079150855541229
3956,0,0.46226856112480164
3957,0,0.753309965133667
3958,0,0.07801499962806702
3959,0,0.7345182299613953
3960,0,0.011297263205051422
3961,0,0.6860592365264893
3962,0,0.004698871169239283
3963,0,0.03795715421438217
3964,0,0.8979158997535706
3965,0,0.8626914620399475
3966,0,0.6316725015640259
3967,0,0.11313825845718384
3968,0,0.01256685983389616
3969,0,0.18816810846328735
3970,0,0.0030091500375419855
3971,0,0.3060929477214813
3972,0,0.004280738066881895
3973,0,0.0035055517219007015
3974,0,0.7301437258720398
3975,0,0.09127290546894073
3976,0,0.24449597299098969
3977,0,0.14177556335926056
3978,0,0.1355968713760376
3979,0,0.032207150012254715
3980,0,0.6878678202629089
3981,0,0.006244767922908068
3982,1,0.9489664435386658
3983,1,0.7719986438751221
