index,y_true,y_pred_oof
0,1,0.9770639538764954
1,1,0.9594011902809143
2,1,0.9123238325119019
3,1,0.8086597323417664
4,1,0.6254083514213562
5,1,0.13796673715114594
6,1,0.13747946918010712
7,1,0.23496514558792114
8,1,0.9549452662467957
9,1,0.6339503526687622
10,1,0.6559447050094604
11,1,0.6727296113967896
12,1,0.5664713382720947
13,1,0.9072869420051575
14,1,0.9422163963317871
15,1,0.6556723713874817
16,1,0.5299983620643616
17,1,0.4610556662082672
18,1,0.9627720713615417
19,1,0.7607170939445496
20,1,0.6490558385848999
21,1,0.6860381364822388
22,1,0.505683183670044
23,1,0.5741126537322998
24,1,0.9140514135360718
25,1,0.6550374627113342
26,1,0.4283490478992462
27,1,0.506239652633667
28,1,0.9684809446334839
29,1,0.9239590167999268
30,1,0.3626610338687897
31,1,0.4790201783180237
32,1,0.895778477191925
33,1,0.6231676936149597
34,1,0.8376619219779968
35,1,0.5837999582290649
36,1,0.4915439188480377
37,1,0.8114051222801208
38,1,0.9650807976722717
39,1,0.6778200268745422
40,1,0.9755962491035461
41,1,0.5817709565162659
42,1,0.577729344367981
43,1,0.4782409965991974
44,1,0.7226572036743164
45,1,0.9395028948783875
46,1,0.7247679829597473
47,1,0.6553813219070435
48,1,0.7714435458183289
49,1,0.6552051305770874
50,1,0.4592787027359009
51,1,0.8902695178985596
52,1,0.9249854683876038
53,1,0.3750894367694855
54,1,0.5103598833084106
55,1,0.5034938454627991
56,1,0.4006819427013397
57,1,0.2612178325653076
58,1,0.7273516058921814
59,1,0.47073474526405334
60,1,0.5414876937866211
61,1,0.4250591993331909
62,1,0.5377132892608643
63,1,0.5721808075904846
64,1,0.6424714922904968
65,1,0.8438221216201782
66,1,0.8004415035247803
67,1,0.3090912699699402
68,1,0.627927303314209
69,1,0.6683730483055115
70,1,0.46479031443595886
71,1,0.8938214182853699
72,1,0.4589630961418152
73,1,0.42131975293159485
74,1,0.5403043627738953
75,1,0.804241418838501
76,1,0.44283899664878845
77,1,0.7355098128318787
78,1,0.6400256156921387
79,1,0.6792228817939758
80,1,0.8852483630180359
81,1,0.5458269715309143
82,1,0.39578235149383545
83,1,0.6045063734054565
84,1,0.40173736214637756
85,1,0.5282726883888245
86,1,0.6824381351470947
87,1,0.300387442111969
88,1,0.38717907667160034
89,1,0.6449005007743835
90,1,0.5641060471534729
91,1,0.8097732067108154
92,1,0.9672979712486267
93,1,0.5957615375518799
94,1,0.9301530718803406
95,1,0.7382693290710449
96,1,0.9218800663948059
97,1,0.9189513921737671
98,1,0.8883618116378784
99,1,0.5863985419273376
100,1,0.938442051410675
101,1,0.8742871880531311
102,1,0.6527895331382751
103,1,0.527546226978302
104,1,0.8169571757316589
105,1,0.8915356397628784
106,1,0.813980221748352
107,1,0.597035825252533
108,1,0.4562838077545166
109,1,0.9384665489196777
110,1,0.8470451831817627
111,1,0.9182653427124023
112,1,0.9222221970558167
113,1,0.8723677396774292
114,1,0.534456729888916
115,1,0.28988537192344666
116,1,0.46174976229667664
117,1,0.652945339679718
118,1,0.48286905884742737
119,1,0.4828212559223175
120,1,0.8185734152793884
121,1,0.7673524618148804
122,1,0.8431179523468018
123,1,0.6919944286346436
124,1,0.39137229323387146
125,1,0.5286502242088318
126,1,0.7545506358146667
127,1,0.4581734538078308
128,1,0.7704800963401794
129,1,0.7826722860336304
130,1,0.9707083106040955
131,1,0.9299347996711731
132,1,0.3495818078517914
133,1,0.9049527645111084
134,1,0.7122473120689392
135,1,0.11342354118824005
136,1,0.5075078010559082
137,1,0.6440322995185852
138,1,0.7373550534248352
139,1,0.6803147792816162
140,1,0.2710266411304474
141,1,0.7937568426132202
142,1,0.6125544905662537
143,1,0.900224506855011
144,1,0.6830009818077087
145,1,0.6475754976272583
146,1,0.9099770784378052
147,1,0.891730546951294
148,1,0.967715859413147
149,1,0.7347358465194702
150,1,0.6247620582580566
151,1,0.93573397397995
152,1,0.49462515115737915
153,1,0.5622943639755249
154,1,0.7950835227966309
155,1,0.8773260116577148
156,1,0.9084808826446533
157,1,0.9380474090576172
158,1,0.6339633464813232
159,1,0.5232076644897461
160,1,0.9139715433120728
161,1,0.45800909399986267
162,1,0.4745642840862274
163,1,0.071706123650074
164,1,0.9702009558677673
165,1,0.8309091925621033
166,1,0.9595886468887329
167,1,0.9419976472854614
168,1,0.919439971446991
169,1,0.701460063457489
170,1,0.586087703704834
171,1,0.9821797609329224
172,1,0.15410861372947693
173,1,0.7292000651359558
174,1,0.8424716591835022
175,1,0.17496201395988464
176,1,0.895374596118927
177,1,0.9282253384590149
178,1,0.593827486038208
179,1,0.9103726744651794
180,1,0.607505738735199
181,1,0.5029445886611938
182,1,0.9518848657608032
183,1,0.7634425759315491
184,1,0.6829356551170349
185,1,0.7478401064872742
186,1,0.9170457124710083
187,1,0.9536765813827515
188,1,0.1565479189157486
189,1,0.9299345016479492
190,1,0.9249741435050964
191,1,0.568644106388092
192,1,0.9125377535820007
193,1,0.1967785507440567
194,1,0.724058210849762
195,1,0.9764819741249084
196,1,0.5669699907302856
197,1,0.9252966642379761
198,1,0.6228103637695312
199,1,0.8605384230613708
200,1,0.787117063999176
201,1,0.7009626030921936
202,1,0.7693192362785339
203,1,0.5673571228981018
204,1,0.9181811809539795
205,1,0.09897486120462418
206,1,0.6207085847854614
207,1,0.7484471797943115
208,1,0.8848668932914734
209,1,0.9730566143989563
210,1,0.5613017678260803
211,1,0.21964812278747559
212,1,0.11021897941827774
213,1,0.7180404663085938
214,1,0.9448606371879578
215,1,0.7590903043746948
216,1,0.9410256147384644
217,1,0.3417714536190033
218,1,0.9230645895004272
219,1,0.940709114074707
220,1,0.8241754770278931
221,1,0.8711003065109253
222,1,0.7993650436401367
223,1,0.9530878067016602
224,1,0.8362902402877808
225,1,0.7010571956634521
226,1,0.9473268985748291
227,1,0.4156927466392517
228,1,0.16347001492977142
229,1,0.39351212978363037
230,1,0.4436885416507721
231,1,0.3150526285171509
232,1,0.6497979760169983
233,1,0.08822495490312576
234,1,0.8728508949279785
235,1,0.9017419815063477
236,1,0.8868134617805481
237,1,0.9554423689842224
238,1,0.7752673029899597
239,1,0.4067855477333069
240,1,0.3893243968486786
241,1,0.9391009211540222
242,1,0.6303308606147766
243,1,0.6272724270820618
244,1,0.10596509277820587
245,1,0.9113636016845703
246,1,0.9716697931289673
247,1,0.3939778208732605
248,1,0.6117364168167114
249,1,0.14895126223564148
250,1,0.8891585469245911
251,1,0.7116039991378784
252,1,0.7753417491912842
253,1,0.586207389831543
254,1,0.49584707617759705
255,1,0.9478037357330322
256,1,0.5746004581451416
257,1,0.9400808811187744
258,1,0.4105275273323059
259,1,0.8117974400520325
260,1,0.638235330581665
261,1,0.9550061821937561
262,1,0.6559759378433228
263,1,0.9404979944229126
264,1,0.9331740736961365
265,1,0.9821280241012573
266,1,0.22886812686920166
267,1,0.8332626819610596
268,1,0.6544013619422913
269,1,0.8363456726074219
270,1,0.38722723722457886
271,1,0.5170428156852722
272,1,0.4685162305831909
273,1,0.4161878824234009
274,1,0.6747657060623169
275,1,0.5380486249923706
276,1,0.8055205345153809
277,1,0.26056045293807983
278,1,0.28041893243789673
279,1,0.3336985409259796
280,1,0.1768132895231247
281,1,0.25946521759033203
282,1,0.447279155254364
283,1,0.7442943453788757
284,1,0.9477623701095581
285,1,0.6021955609321594
286,1,0.4489547908306122
287,1,0.38386374711990356
288,1,0.9040907621383667
289,1,0.5054221153259277
290,1,0.6787930130958557
291,1,0.22901155054569244
292,1,0.5413840413093567
293,1,0.6421559453010559
294,1,0.49827441573143005
295,1,0.5926499366760254
296,1,0.9539653062820435
297,1,0.6149857640266418
298,1,0.39681968092918396
299,1,0.5514999032020569
300,1,0.9517538547515869
301,1,0.8165537714958191
302,1,0.41149771213531494
303,1,0.888748288154602
304,1,0.5088521242141724
305,1,0.29017093777656555
306,1,0.6008039116859436
307,1,0.7264618873596191
308,1,0.840877890586853
309,1,0.23946130275726318
310,1,0.4424894154071808
311,1,0.6962959170341492
312,1,0.49856752157211304
313,1,0.46330103278160095
314,1,0.7816295027732849
315,1,0.49576878547668457
316,1,0.713081955909729
317,1,0.6329802870750427
318,1,0.7940201759338379
319,1,0.5024284720420837
320,1,0.9288235902786255
321,1,0.3681461811065674
322,1,0.6141699552536011
323,1,0.9648226499557495
324,1,0.7778478860855103
325,1,0.938209056854248
326,1,0.908979594707489
327,1,0.8781692981719971
328,1,0.9595524668693542
329,1,0.5663068890571594
330,1,0.9307451844215393
331,1,0.8818975687026978
332,1,0.8915445804595947
333,1,0.7207537889480591
334,1,0.8602650761604309
335,1,0.8703784942626953
336,1,0.9426554441452026
337,1,0.9129465222358704
338,1,0.8199319839477539
339,1,0.9402897357940674
340,1,0.9789765477180481
341,1,0.9570175409317017
342,1,0.9206690788269043
343,1,0.8429906368255615
344,1,0.9645929932594299
345,1,0.7899532914161682
346,1,0.8467209339141846
347,1,0.9624630808830261
348,1,0.6738438010215759
349,1,0.9428005218505859
350,1,0.8881407976150513
351,1,0.47553831338882446
352,1,0.5128747820854187
353,1,0.5700908899307251
354,1,0.47407835721969604
355,1,0.7799035310745239
356,1,0.6063985228538513
357,1,0.953197717666626
358,1,0.5492837429046631
359,1,0.6781085133552551
360,1,0.3521547317504883
361,1,0.9610778093338013
362,1,0.9762744307518005
363,1,0.9611162543296814
364,1,0.7629244923591614
365,1,0.935850977897644
366,1,0.9510130882263184
367,1,0.951017439365387
368,1,0.9101348519325256
369,1,0.7472021579742432
370,1,0.8858466148376465
371,1,0.9609768390655518
372,1,0.5095967054367065
373,1,0.9352001547813416
374,1,0.8645979762077332
375,1,0.9067597985267639
376,1,0.9191529750823975
377,1,0.9127737283706665
378,1,0.9622718691825867
379,1,0.8791093230247498
380,1,0.9442186951637268
381,1,0.939810574054718
382,1,0.3584378659725189
383,1,0.5126538872718811
384,1,0.542774498462677
385,1,0.4827285706996918
386,1,0.6250061988830566
387,1,0.44220343232154846
388,1,0.589636504650116
389,1,0.41870105266571045
390,1,0.5217645764350891
391,1,0.5145823955535889
392,1,0.4692576825618744
393,1,0.6901581883430481
394,1,0.704297661781311
395,1,0.7057307958602905
396,1,0.7216595411300659
397,1,0.45983609557151794
398,1,0.431167870759964
399,1,0.5189743041992188
400,1,0.6164761781692505
401,1,0.5389156937599182
402,1,0.6028329133987427
403,1,0.5412408709526062
404,1,0.3821299374103546
405,1,0.47932732105255127
406,1,0.6606747508049011
407,1,0.6376556158065796
408,1,0.20091834664344788
409,1,0.33886727690696716
410,1,0.42228180170059204
411,1,0.5127843618392944
412,1,0.3030511140823364
413,1,0.25426632165908813
414,1,0.28893887996673584
415,1,0.40366455912590027
416,1,0.1265847533941269
417,1,0.6139021515846252
418,1,0.716383695602417
419,1,0.5717682242393494
420,1,0.4243912696838379
421,1,0.3625383973121643
422,1,0.5253479480743408
423,1,0.6026335954666138
424,1,0.6668570041656494
425,1,0.5716603398323059
426,1,0.6609862446784973
427,1,0.715969443321228
428,1,0.6166031956672668
429,1,0.8851708769798279
430,1,0.524298906326294
431,1,0.6554049849510193
432,1,0.6348333954811096
433,1,0.7074751853942871
434,1,0.5568272471427917
435,1,0.8168900609016418
436,1,0.7746224403381348
437,1,0.4740225374698639
438,1,0.9333533048629761
439,1,0.7997236847877502
440,1,0.5391226410865784
441,1,0.82988041639328
442,1,0.868757963180542
443,1,0.8059188723564148
444,1,0.9549857378005981
445,1,0.26743417978286743
446,1,0.4915737807750702
447,1,0.9426780343055725
448,1,0.5145475268363953
449,1,0.8790931105613708
450,1,0.9694721698760986
451,1,0.7274556159973145
452,1,0.9054911136627197
453,1,0.9112758040428162
454,1,0.834729790687561
455,1,0.8338302373886108
456,1,0.9048970341682434
457,1,0.9474602937698364
458,1,0.7602733969688416
459,1,0.8297377228736877
460,1,0.8362734317779541
461,1,0.7506610155105591
462,1,0.8987398743629456
463,1,0.8611893653869629
464,1,0.829382598400116
465,1,0.9039540886878967
466,1,0.91359943151474
467,1,0.9332234859466553
468,1,0.8404666781425476
469,1,0.8036975860595703
470,1,0.8161600232124329
471,1,0.9524676203727722
472,1,0.9635230302810669
473,1,0.9729659557342529
474,1,0.9838950037956238
475,1,0.8873049020767212
476,1,0.8524096608161926
477,1,0.853521466255188
478,1,0.8712112903594971
479,1,0.6745506525039673
480,1,0.7581478953361511
481,1,0.8631264567375183
482,1,0.9284080862998962
483,1,0.8370499014854431
484,1,0.9375401735305786
485,1,0.9672557711601257
486,1,0.8691413402557373
487,1,0.7661230564117432
488,1,0.7220157980918884
489,1,0.8515372276306152
490,1,0.46354350447654724
491,1,0.727151095867157
492,1,0.4371202290058136
493,1,0.8478270173072815
494,1,0.6690539717674255
495,1,0.8242407441139221
496,1,0.8263117074966431
497,1,0.5391367077827454
498,1,0.14176158607006073
499,1,0.9470580220222473
500,1,0.896933376789093
501,1,0.5299124717712402
502,1,0.47591179609298706
503,1,0.5009323358535767
504,1,0.47236552834510803
505,1,0.6811663508415222
506,1,0.6987127065658569
507,1,0.5531682968139648
508,1,0.4406885504722595
509,1,0.6819342374801636
510,1,0.6774428486824036
511,1,0.6457623839378357
512,1,0.6227428913116455
513,1,0.2265859991312027
514,1,0.3297436833381653
515,1,0.49489566683769226
516,1,0.3913048803806305
517,1,0.4177549481391907
518,1,0.4821888208389282
519,1,0.3938182294368744
520,1,0.1860300749540329
521,1,0.3031560182571411
522,1,0.3593611717224121
523,1,0.3501666784286499
524,1,0.48656532168388367
525,1,0.4171585440635681
526,1,0.41592127084732056
527,1,0.5309461951255798
528,1,0.6547647714614868
529,1,0.34268251061439514
530,1,0.22004316747188568
531,1,0.41163986921310425
532,1,0.506005585193634
533,1,0.23349909484386444
534,1,0.3500906825065613
535,1,0.47248294949531555
536,1,0.5189378261566162
537,1,0.6222702860832214
538,1,0.6530526876449585
539,1,0.5775564908981323
540,1,0.5004535913467407
541,1,0.6133220195770264
542,1,0.6012936234474182
543,1,0.5669217705726624
544,1,0.7603508234024048
545,1,0.7001749277114868
546,1,0.7602401971817017
547,1,0.4785791337490082
548,1,0.8467397093772888
549,1,0.7988340854644775
550,1,0.5883880853652954
551,1,0.5614804029464722
552,1,0.5553302764892578
553,1,0.6247627139091492
554,1,0.5790078639984131
555,1,0.6605371236801147
556,1,0.9078274369239807
557,1,0.674769401550293
558,1,0.4981391131877899
559,1,0.63761305809021
560,1,0.7411684393882751
561,1,0.46724367141723633
562,1,0.8872238993644714
563,1,0.622423529624939
564,1,0.48793864250183105
565,1,0.6174235939979553
566,1,0.6975204348564148
567,1,0.4628198444843292
568,1,0.813604474067688
569,1,0.38180190324783325
570,1,0.7597084045410156
571,1,0.7168457508087158
572,1,0.8573183417320251
573,1,0.8546620607376099
574,1,0.9522219896316528
575,1,0.7935084700584412
576,1,0.21629734337329865
577,1,0.9226706624031067
578,1,0.6269879341125488
579,1,0.8946902751922607
580,1,0.9306505918502808
581,1,0.9092941880226135
582,1,0.831637442111969
583,1,0.5510496497154236
584,1,0.8601351380348206
585,1,0.3199629783630371
586,1,0.5565816164016724
587,1,0.9422854781150818
588,1,0.6828901171684265
589,1,0.5195763111114502
590,1,0.4954651892185211
591,1,0.521087110042572
592,1,0.5218844413757324
593,1,0.4723772704601288
594,1,0.5737992525100708
595,1,0.45336583256721497
596,1,0.5306607484817505
597,1,0.4369940757751465
598,1,0.5179424285888672
599,1,0.40720880031585693
600,1,0.8165449500083923
601,1,0.5793254971504211
602,1,0.7888882160186768
603,1,0.9680219292640686
604,1,0.8756653666496277
605,1,0.9432606101036072
606,1,0.921008288860321
607,1,0.8293648958206177
608,1,0.9123916029930115
609,1,0.7142715454101562
610,1,0.4292486906051636
611,1,0.8786978721618652
612,1,0.8942176103591919
613,1,0.9446690082550049
614,1,0.7103891968727112
615,1,0.7556683421134949
616,1,0.9376975893974304
617,1,0.9207757711410522
618,1,0.628103494644165
619,1,0.6699930429458618
620,1,0.5430901646614075
621,1,0.8393793106079102
622,1,0.599041759967804
623,1,0.5264516472816467
624,1,0.6434658765792847
625,1,0.8188101053237915
626,1,0.6525834798812866
627,1,0.7030079960823059
628,1,0.6078401803970337
629,1,0.5019041895866394
630,1,0.5205708742141724
631,1,0.8521217703819275
632,1,0.9642064571380615
633,1,0.8898934125900269
634,1,0.8940560817718506
635,1,0.945956289768219
636,1,0.7768456935882568
637,1,0.5362928509712219
638,1,0.7146512866020203
639,1,0.5585411190986633
640,1,0.48973217606544495
641,1,0.6385927200317383
642,1,0.5493527054786682
643,1,0.9192054271697998
644,1,0.9251098036766052
645,1,0.9183804988861084
646,1,0.9552100896835327
647,1,0.9623927474021912
648,1,0.8241849541664124
649,1,0.9008911848068237
650,1,0.8147525191307068
651,1,0.9664799571037292
652,1,0.9523309469223022
653,1,0.8287384510040283
654,1,0.7026490569114685
655,1,0.5511980056762695
656,1,0.6905508041381836
657,1,0.8122432827949524
658,1,0.9353141188621521
659,1,0.9495029449462891
660,1,0.6909613609313965
661,1,0.7097302079200745
662,1,0.9238680005073547
663,1,0.9224025011062622
664,1,0.9126560688018799
665,1,0.9045937657356262
666,1,0.8527330756187439
667,1,0.9302144646644592
668,1,0.9353673458099365
669,1,0.5733538269996643
670,1,0.4895397424697876
671,1,0.7732203006744385
672,1,0.9189844727516174
673,1,0.7922183871269226
674,1,0.934181809425354
675,1,0.9624033570289612
676,1,0.8892356157302856
677,1,0.9264943599700928
678,1,0.9364501237869263
679,1,0.8416388630867004
680,1,0.958791971206665
681,1,0.8885848522186279
682,1,0.8670505285263062
683,1,0.7249858379364014
684,1,0.9296751022338867
685,1,0.9272226095199585
686,1,0.9477888345718384
687,1,0.9254406690597534
688,1,0.46172308921813965
689,1,0.5298238396644592
690,1,0.8460478186607361
691,1,0.9568440914154053
692,1,0.9224931001663208
693,1,0.8651055693626404
694,1,0.9010541439056396
695,1,0.8059729337692261
696,1,0.7717527747154236
697,1,0.8542221784591675
698,1,0.9226340055465698
699,1,0.9545204043388367
700,1,0.9505717158317566
701,1,0.6777308583259583
702,1,0.9065656661987305
703,1,0.8273260593414307
704,1,0.7710067629814148
705,1,0.8727443218231201
706,1,0.7174373865127563
707,1,0.6795363426208496
708,1,0.49540409445762634
709,1,0.8419343829154968
710,1,0.9597524404525757
711,1,0.790757954120636
712,1,0.6850633025169373
713,1,0.3634182810783386
714,1,0.45241716504096985
715,1,0.4057776927947998
716,1,0.4673457741737366
717,1,0.6023865938186646
718,1,0.2987155318260193
719,1,0.2756022810935974
720,1,0.6584922075271606
721,1,0.40798142552375793
722,1,0.3845810890197754
723,1,0.3820396363735199
724,1,0.41112327575683594
725,1,0.3810451328754425
726,1,0.4541623890399933
727,1,0.37718039751052856
728,1,0.6748303771018982
729,1,0.5396080613136292
730,1,0.3922268748283386
731,1,0.41378912329673767
732,1,0.43567121028900146
733,1,0.5425043702125549
734,1,0.44341009855270386
735,1,0.4665308892726898
736,1,0.3993050754070282
737,1,0.30786409974098206
738,1,0.479409396648407
739,1,0.6056892275810242
740,1,0.5236325263977051
741,1,0.6289259195327759
742,1,0.5990134477615356
743,1,0.5402774214744568
744,1,0.5232195854187012
745,1,0.6692489385604858
746,1,0.4399302303791046
747,1,0.5663706660270691
748,1,0.7200023531913757
749,1,0.7497895956039429
750,1,0.6805524826049805
751,1,0.9250476956367493
752,1,0.48420268297195435
753,1,0.8235642313957214
754,1,0.6907930970191956
755,1,0.7261909246444702
756,1,0.7063642740249634
757,1,0.475643515586853
758,1,0.7069897651672363
759,1,0.7422342896461487
760,1,0.8505517840385437
761,1,0.7851912975311279
762,1,0.41981974244117737
763,1,0.6029458045959473
764,1,0.4578403830528259
765,1,0.7132093906402588
766,1,0.5941563248634338
767,1,0.5094594359397888
768,1,0.5554781556129456
769,1,0.7180895805358887
770,1,0.6204079389572144
771,1,0.5916793942451477
772,1,0.5706687569618225
773,1,0.9158914685249329
774,1,0.4680963158607483
775,1,0.7358255982398987
776,1,0.7029589414596558
777,1,0.7609878778457642
778,1,0.7887563705444336
779,1,0.7998359203338623
780,1,0.6140173673629761
781,1,0.8434764742851257
782,1,0.7316720485687256
783,1,0.8644741177558899
784,1,0.6499463319778442
785,1,0.4307928681373596
786,1,0.33494436740875244
787,1,0.5395281910896301
788,1,0.9039774537086487
789,1,0.7653582692146301
790,1,0.6839922070503235
791,1,0.9161799550056458
792,1,0.5840935707092285
793,1,0.3991473615169525
794,1,0.8887053728103638
795,1,0.8232011198997498
796,1,0.4915538430213928
797,1,0.691515326499939
798,1,0.5998399257659912
799,1,0.4827997386455536
800,1,0.9239396452903748
801,1,0.36712947487831116
802,1,0.6590093970298767
803,1,0.8891523480415344
804,1,0.8649287819862366
805,1,0.9323365092277527
806,1,0.9470610022544861
807,1,0.7507211565971375
808,1,0.8950502872467041
809,1,0.8160038590431213
810,1,0.6661840677261353
811,1,0.6451393961906433
812,1,0.5026715993881226
813,1,0.5579367280006409
814,1,0.38859203457832336
815,1,0.4376237690448761
816,1,0.5730434060096741
817,1,0.7725399732589722
818,1,0.8940292000770569
819,1,0.7354148626327515
820,1,0.9382632970809937
821,1,0.7514959573745728
822,1,0.8126145005226135
823,1,0.7144245505332947
824,1,0.7852818965911865
825,1,0.7222445607185364
826,1,0.6079307794570923
827,1,0.6923015117645264
828,1,0.8769224882125854
829,1,0.9145102500915527
830,1,0.9135804176330566
831,1,0.9217029213905334
832,1,0.8723492622375488
833,1,0.8767451047897339
834,1,0.9513489603996277
835,1,0.8045721054077148
836,1,0.8725704550743103
837,1,0.7371659278869629
838,1,0.9261825084686279
839,1,0.9404172301292419
840,1,0.877691924571991
841,1,0.9690098762512207
842,1,0.9024034738540649
843,1,0.9433853626251221
844,1,0.8519486784934998
845,1,0.8890589475631714
846,1,0.9577337503433228
847,1,0.9380338788032532
848,1,0.9589449763298035
849,1,0.930372416973114
850,1,0.9542370438575745
851,1,0.9340513944625854
852,1,0.9105245471000671
853,1,0.7800207138061523
854,1,0.8170616030693054
855,1,0.981174111366272
856,1,0.9625405073165894
857,1,0.9434881806373596
858,1,0.12371284514665604
859,1,0.1286761313676834
860,1,0.10480255633592606
861,1,0.859721839427948
862,1,0.14151068031787872
863,1,0.1432405561208725
864,1,0.3114371597766876
865,1,0.4238339364528656
866,1,0.9589082598686218
867,1,0.47481292486190796
868,1,0.46136629581451416
869,1,0.4413977861404419
870,1,0.6128861308097839
871,1,0.4624321460723877
872,1,0.48268961906433105
873,1,0.4480009078979492
874,1,0.5258362889289856
875,1,0.4582979083061218
876,1,0.4759543538093567
877,1,0.384181946516037
878,1,0.4182717800140381
879,1,0.492951899766922
880,1,0.42155468463897705
881,1,0.4722181558609009
882,1,0.5330380797386169
883,1,0.5449702143669128
884,1,0.5320689082145691
885,1,0.4844111502170563
886,1,0.48092371225357056
887,1,0.41469606757164
888,1,0.43607425689697266
889,1,0.2966102361679077
890,1,0.6150604486465454
891,1,0.3196469843387604
892,1,0.5694003701210022
893,1,0.4899239242076874
894,1,0.45590874552726746
895,1,0.6634922027587891
896,1,0.6797683238983154
897,1,0.45243343710899353
898,1,0.3533509075641632
899,1,0.4476432502269745
900,1,0.5062575936317444
901,1,0.6360335946083069
902,1,0.6623679399490356
903,1,0.6737558245658875
904,1,0.5773191452026367
905,1,0.8031401038169861
906,1,0.6215472221374512
907,1,0.5946328639984131
908,1,0.6077623963356018
909,1,0.7284947037696838
910,1,0.731309711933136
911,1,0.7646961212158203
912,1,0.3805346190929413
913,1,0.49320974946022034
914,1,0.9443356394767761
915,1,0.5831964612007141
916,1,0.9608932733535767
917,1,0.5190418362617493
918,1,0.6204150915145874
919,1,0.8052676320075989
920,1,0.8373141884803772
921,1,0.8687732815742493
922,1,0.5003080368041992
923,1,0.3588787913322449
924,1,0.826096773147583
925,1,0.904195249080658
926,1,0.9465124011039734
927,1,0.9221593737602234
928,1,0.605137288570404
929,1,0.6196038126945496
930,1,0.8514363169670105
931,1,0.572688102722168
932,1,0.5243453979492188
933,1,0.5301913022994995
934,1,0.44050389528274536
935,1,0.5247008800506592
936,1,0.6335852742195129
937,1,0.8933781981468201
938,1,0.609979510307312
939,1,0.8385472893714905
940,1,0.9288172125816345
941,1,0.5215498805046082
942,1,0.7628538012504578
943,1,0.7818513512611389
944,1,0.9430845379829407
945,1,0.817313551902771
946,1,0.9458410143852234
947,1,0.9742918610572815
948,1,0.7332554459571838
949,1,0.8765661120414734
950,1,0.6840124130249023
951,1,0.9118738174438477
952,1,0.9687706232070923
953,1,0.9672030210494995
954,1,0.9592978358268738
955,1,0.5465366840362549
956,1,0.5560954809188843
957,1,0.9320996403694153
958,1,0.951336681842804
959,1,0.9134184122085571
960,1,0.922973096370697
961,1,0.946381688117981
962,1,0.8832754492759705
963,1,0.9150161147117615
964,1,0.32561174035072327
965,1,0.7898821234703064
966,1,0.5023868680000305
967,1,0.8906506299972534
968,1,0.8941982388496399
969,1,0.9465959072113037
970,1,0.7020242810249329
971,1,0.5778869390487671
972,1,0.5578003525733948
973,1,0.7136024832725525
974,1,0.924534022808075
975,1,0.7500213980674744
976,1,0.861363410949707
977,1,0.6939030885696411
978,1,0.5639538168907166
979,1,0.8103780150413513
980,1,0.6467292904853821
981,1,0.6221432685852051
982,1,0.6216844916343689
983,1,0.8886737823486328
984,1,0.9544715285301208
985,1,0.9630491733551025
986,1,0.9660099148750305
987,1,0.9791139960289001
988,1,0.9660928249359131
989,1,0.9208947420120239
990,1,0.9707235097885132
991,1,0.9795651435852051
992,1,0.9456201791763306
993,1,0.9073161482810974
994,1,0.9495715498924255
995,1,0.7070264220237732
996,1,0.9815248250961304
997,1,0.9091243743896484
998,1,0.964173436164856
999,1,0.9058950543403625
1000,1,0.9481741786003113
1001,1,0.9595922827720642
1002,1,0.7705821990966797
1003,1,0.7926903367042542
1004,1,0.954420804977417
1005,1,0.9487840533256531
1006,1,0.9705259203910828
1007,1,0.8256179690361023
1008,1,0.2754383087158203
1009,1,0.37447991967201233
1010,1,0.30026108026504517
1011,1,0.5883575677871704
1012,1,0.5398840308189392
1013,1,0.8391296863555908
1014,1,0.9770082235336304
1015,1,0.9376685619354248
1016,1,0.9585955142974854
1017,1,0.9757564067840576
1018,1,0.960973858833313
1019,1,0.9560811519622803
1020,1,0.6954074501991272
1021,1,0.5036417245864868
1022,1,0.7797179222106934
1023,1,0.4976538121700287
1024,1,0.7942367792129517
1025,1,0.9613402485847473
1026,1,0.9659451842308044
1027,1,0.9753154516220093
1028,1,0.9696546196937561
1029,1,0.9407888650894165
1030,1,0.9524064064025879
1031,1,0.9670357704162598
1032,1,0.9652674198150635
1033,1,0.9682081937789917
1034,1,0.9206352233886719
1035,1,0.9699941277503967
1036,1,0.9556273818016052
1037,1,0.954977810382843
1038,1,0.8044477105140686
1039,1,0.8402731418609619
1040,1,0.8720110654830933
1041,1,0.9355075359344482
1042,1,0.8840753436088562
1043,1,0.8073946237564087
1044,1,0.13930866122245789
1045,1,0.5913755893707275
1046,1,0.7484773397445679
1047,1,0.7007753849029541
1048,1,0.7248476147651672
1049,1,0.5272420048713684
1050,1,0.40950486063957214
1051,1,0.5726608037948608
1052,1,0.876615583896637
1053,1,0.9584084749221802
1054,1,0.9390613436698914
1055,1,0.31115636229515076
1056,1,0.18765421211719513
1057,1,0.24482087790966034
1058,1,0.9605870842933655
1059,1,0.9348569512367249
1060,1,0.9554097056388855
1061,1,0.9662212133407593
1062,1,0.4402550756931305
1063,1,0.5966442227363586
1064,1,0.46245646476745605
1065,1,0.5358927845954895
1066,1,0.6985321044921875
1067,1,0.4126836359500885
1068,1,0.6185663938522339
1069,1,0.5045104026794434
1070,1,0.48198291659355164
1071,1,0.39331772923469543
1072,1,0.6893458366394043
1073,1,0.4386272728443146
1074,1,0.42562606930732727
1075,1,0.4516156017780304
1076,1,0.3150891065597534
1077,1,0.42584291100502014
1078,1,0.5447719693183899
1079,1,0.5626126527786255
1080,1,0.6860806941986084
1081,1,0.6840277910232544
1082,1,0.5604619383811951
1083,1,0.708683431148529
1084,1,0.7113827466964722
1085,1,0.755047619342804
1086,1,0.7351449131965637
1087,1,0.5249201059341431
1088,1,0.6199748516082764
1089,1,0.7440896034240723
1090,1,0.8002848029136658
1091,1,0.7183669805526733
1092,1,0.5160776972770691
1093,1,0.43234017491340637
1094,1,0.47596749663352966
1095,1,0.7085009217262268
1096,1,0.6027469038963318
1097,1,0.7497674822807312
1098,1,0.5143907070159912
1099,1,0.7558561563491821
1100,1,0.6671172976493835
1101,1,0.7650696635246277
1102,1,0.7285882234573364
1103,1,0.5409384965896606
1104,1,0.6840848326683044
1105,1,0.6403961181640625
1106,1,0.40539371967315674
1107,1,0.7375668883323669
1108,1,0.48892343044281006
1109,1,0.41026902198791504
1110,1,0.5806732773780823
1111,1,0.5375190377235413
1112,1,0.8773307800292969
1113,1,0.5080241560935974
1114,1,0.5539592504501343
1115,1,0.5963252782821655
1116,1,0.5079051852226257
1117,1,0.8307635188102722
1118,1,0.47725510597229004
1119,1,0.8666274547576904
1120,1,0.7459931969642639
1121,1,0.07274515181779861
1122,1,0.7026634812355042
1123,1,0.6956611275672913
1124,1,0.5596359968185425
1125,1,0.6082087755203247
1126,1,0.6049578189849854
1127,1,0.6872091293334961
1128,1,0.48697420954704285
1129,1,0.43885642290115356
1130,1,0.5226461291313171
1131,1,0.9183207750320435
1132,1,0.7354625463485718
1133,1,0.3439362049102783
1134,1,0.716549277305603
1135,1,0.8902562856674194
1136,1,0.7808176875114441
1137,1,0.4176231920719147
1138,1,0.7970751523971558
1139,1,0.7357653975486755
1140,1,0.9262451529502869
1141,1,0.9108726382255554
1142,1,0.9822835326194763
1143,1,0.9791060090065002
1144,1,0.9640529155731201
1145,1,0.9128835201263428
1146,1,0.9255825877189636
1147,1,0.28807705640792847
1148,1,0.5667177438735962
1149,1,0.9535871744155884
1150,1,0.9144220352172852
1151,1,0.948354184627533
1152,1,0.979514479637146
1153,1,0.9713292121887207
1154,1,0.8308426737785339
1155,1,0.9467954635620117
1156,1,0.9720177054405212
1157,1,0.9613521695137024
1158,1,0.8942753076553345
1159,1,0.9776915311813354
1160,1,0.9692864418029785
1161,1,0.8485885858535767
1162,1,0.9528866410255432
1163,1,0.8937967419624329
1164,1,0.7943897247314453
1165,1,0.8453801274299622
1166,1,0.9790032505989075
1167,1,0.9756233096122742
1168,1,0.9824633598327637
1169,1,0.9819357991218567
1170,1,0.7187301516532898
1171,1,0.9010747075080872
1172,1,0.8489637970924377
1173,1,0.854938805103302
1174,1,0.8315485715866089
1175,1,0.7520599365234375
1176,1,0.9097455143928528
1177,1,0.5577372908592224
1178,1,0.7124966382980347
1179,1,0.7897875308990479
1180,1,0.18111377954483032
1181,1,0.8396005034446716
1182,1,0.6729626059532166
1183,1,0.6788027286529541
1184,1,0.9117140173912048
1185,1,0.9768217206001282
1186,1,0.9441041350364685
1187,1,0.9584817290306091
1188,1,0.9073323607444763
1189,1,0.9578008055686951
1190,1,0.8442940711975098
1191,1,0.9328586459159851
1192,1,0.18403515219688416
1193,1,0.12834899127483368
1194,1,0.23632469773292542
1195,1,0.10470306873321533
1196,1,0.3121861219406128
1197,1,0.8085193037986755
1198,1,0.11883313953876495
1199,1,0.16438816487789154
1200,1,0.23718732595443726
1201,1,0.894051194190979
1202,1,0.9481893181800842
1203,1,0.9564768671989441
1204,1,0.9303077459335327
1205,1,0.6210901141166687
1206,1,0.3748384416103363
1207,1,0.651918888092041
1208,1,0.4939059913158417
1209,1,0.45391300320625305
1210,1,0.47497275471687317
1211,1,0.4504600167274475
1212,1,0.557064414024353
1213,1,0.5220744609832764
1214,1,0.4458296597003937
1215,1,0.3548397719860077
1216,1,0.42817503213882446
1217,1,0.5019234418869019
1218,1,0.4958188831806183
1219,1,0.46524420380592346
1220,1,0.5317972302436829
1221,1,0.48342204093933105
1222,1,0.6366875171661377
1223,1,0.5572926998138428
1224,1,0.42117711901664734
1225,1,0.377981960773468
1226,1,0.39906036853790283
1227,1,0.8340259790420532
1228,1,0.5363712310791016
1229,1,0.39911648631095886
1230,1,0.45870620012283325
1231,1,0.4065537750720978
1232,1,0.6045644879341125
1233,1,0.4156540632247925
1234,1,0.7105804681777954
1235,1,0.6156933307647705
1236,1,0.6336926817893982
1237,1,0.726274847984314
1238,1,0.36467641592025757
1239,1,0.6508659720420837
1240,1,0.5999781489372253
1241,1,0.6245380640029907
1242,1,0.6431381702423096
1243,1,0.48682940006256104
1244,1,0.5213037133216858
1245,1,0.0558636300265789
1246,1,0.4806344509124756
1247,1,0.6680054664611816
1248,1,0.4376237690448761
1249,1,0.48478639125823975
1250,1,0.5742267370223999
1251,1,0.4709208905696869
1252,1,0.6324071884155273
1253,1,0.40229088068008423
1254,1,0.5029438734054565
1255,1,0.470670610666275
1256,1,0.670506477355957
1257,1,0.48318013548851013
1258,1,0.41050711274147034
1259,1,0.3403894901275635
1260,1,0.3816627264022827
1261,1,0.4702381193637848
1262,1,0.4269474148750305
1263,1,0.5204287171363831
1264,1,0.5886064767837524
1265,1,0.4862188994884491
1266,1,0.46057140827178955
1267,1,0.511616587638855
1268,1,0.5116552710533142
1269,1,0.7170231938362122
1270,1,0.7119644284248352
1271,1,0.4934643507003784
1272,1,0.5615479946136475
1273,1,0.5007044672966003
1274,1,0.4082898795604706
1275,1,0.7535330057144165
1276,1,0.6854128837585449
1277,1,0.554675281047821
1278,1,0.3507068157196045
1279,1,0.36929163336753845
1280,1,0.3668051064014435
1281,1,0.40477728843688965
1282,1,0.5064356327056885
1283,1,0.5324425101280212
1284,1,0.6023887395858765
1285,1,0.5866921544075012
1286,1,0.4643741548061371
1287,1,0.4665219187736511
1288,1,0.5277758240699768
1289,1,0.6330705285072327
1290,1,0.7013726234436035
1291,1,0.5351959466934204
1292,1,0.6951507329940796
1293,1,0.5186379551887512
1294,1,0.7172964811325073
1295,1,0.7119211554527283
1296,1,0.6492822766304016
1297,1,0.6752304434776306
1298,1,0.7140782475471497
1299,1,0.6476415395736694
1300,1,0.7578854560852051
1301,1,0.5984089374542236
1302,1,0.43205398321151733
1303,1,0.7563039660453796
1304,1,0.6714348793029785
1305,1,0.5704541206359863
1306,1,0.45752668380737305
1307,1,0.750619649887085
1308,1,0.8476150631904602
1309,1,0.5623767971992493
1310,1,0.7304462194442749
1311,1,0.6113356947898865
1312,1,0.6049320101737976
1313,1,0.1924927681684494
1314,1,0.09924758225679398
1315,1,0.43089231848716736
1316,1,0.8693798780441284
1317,1,0.8443014025688171
1318,1,0.686211109161377
1319,1,0.8846340775489807
1320,1,0.4859246611595154
1321,1,0.8395870327949524
1322,1,0.5641416311264038
1323,1,0.7238674163818359
1324,1,0.8078927397727966
1325,1,0.9415605664253235
1326,1,0.7512736320495605
1327,1,0.6498289704322815
1328,1,0.2962140738964081
1329,1,0.5229745507240295
1330,1,0.9658789038658142
1331,1,0.622360110282898
1332,1,0.4507964551448822
1333,1,0.9457802176475525
1334,1,0.7392953634262085
1335,1,0.8938356041908264
1336,1,0.492819607257843
1337,1,0.8142603039741516
1338,1,0.9144343137741089
1339,1,0.9663050174713135
1340,1,0.8991940021514893
1341,1,0.9415433406829834
1342,1,0.900680661201477
1343,1,0.6878213882446289
1344,1,0.527187705039978
1345,1,0.536902666091919
1346,1,0.5012251734733582
1347,1,0.5746884942054749
1348,1,0.4799192249774933
1349,1,0.4806927740573883
1350,1,0.6566790342330933
1351,1,0.45315706729888916
1352,1,0.7690662741661072
1353,1,0.7540841102600098
1354,1,0.5796086192131042
1355,1,0.5977392196655273
1356,1,0.93379145860672
1357,1,0.6508675813674927
1358,1,0.5694319605827332
1359,1,0.8076521754264832
1360,1,0.5035405158996582
1361,1,0.8942066431045532
1362,1,0.9392732381820679
1363,1,0.8495668768882751
1364,1,0.9019412398338318
1365,1,0.9776477813720703
1366,1,0.6223499774932861
1367,1,0.7824336886405945
1368,1,0.8620592355728149
1369,1,0.7954396605491638
1370,1,0.9363180994987488
1371,1,0.4603048264980316
1372,1,0.5661998987197876
1373,1,0.8679758310317993
1374,1,0.49035459756851196
1375,1,0.5973063707351685
1376,1,0.6866921782493591
1377,1,0.5933160781860352
1378,1,0.6376089453697205
1379,1,0.36355024576187134
1380,1,0.5916897654533386
1381,1,0.6086362600326538
1382,1,0.9790562987327576
1383,1,0.8430042266845703
1384,1,0.9645416140556335
1385,1,0.7385643720626831
1386,1,0.8530886173248291
1387,1,0.9214823842048645
1388,1,0.2483723759651184
1389,1,0.8182299733161926
1390,1,0.9518199563026428
1391,1,0.9373928904533386
1392,1,0.9432546496391296
1393,1,0.8986291885375977
1394,1,0.9632339477539062
1395,1,0.9835662245750427
1396,1,0.7699833512306213
1397,1,0.8461304903030396
1398,1,0.7706707715988159
1399,1,0.9694443941116333
1400,1,0.9563142657279968
1401,1,0.9675218462944031
1402,1,0.9661099314689636
1403,1,0.9447371363639832
1404,1,0.8829799294471741
1405,1,0.924453854560852
1406,1,0.4376237690448761
1407,1,0.9675080180168152
1408,1,0.9136441946029663
1409,1,0.9565688967704773
1410,1,0.9026497006416321
1411,1,0.9562960863113403
1412,1,0.8123784065246582
1413,1,0.8971531391143799
1414,1,0.9342136383056641
1415,1,0.9433555603027344
1416,1,0.9702474474906921
1417,1,0.8177503943443298
1418,1,0.9269199371337891
1419,1,0.9233830571174622
1420,1,0.9618443250656128
1421,1,0.927695095539093
1422,1,0.8513126969337463
1423,1,0.4544321894645691
1424,1,0.11822088807821274
1425,1,0.735822856426239
1426,1,0.6576075553894043
1427,1,0.8269840478897095
1428,1,0.9660536646842957
1429,1,0.9086334109306335
1430,1,0.9773273468017578
1431,1,0.964884877204895
1432,1,0.9814426302909851
1433,1,0.935180127620697
1434,1,0.9309816956520081
1435,1,0.8926829099655151
1436,1,0.8555198311805725
1437,1,0.8679690957069397
1438,1,0.3958892524242401
1439,1,0.35446101427078247
1440,1,0.756001889705658
1441,1,0.4723292589187622
1442,1,0.7212169766426086
1443,1,0.8680803179740906
1444,1,0.9037660956382751
1445,1,0.820439338684082
1446,1,0.814285159111023
1447,1,0.795579731464386
1448,1,0.3547254800796509
1449,1,0.9464464783668518
1450,1,0.850791871547699
1451,1,0.8680367469787598
1452,1,0.9176472425460815
1453,1,0.7706359624862671
1454,1,0.7261567711830139
1455,1,0.9169892072677612
1456,1,0.956520140171051
1457,1,0.9447383880615234
1458,1,0.817145824432373
1459,1,0.8535144329071045
1460,1,0.9535890817642212
1461,1,0.4625047743320465
1462,1,0.9616983532905579
1463,1,0.9564310312271118
1464,1,0.9419553875923157
1465,1,0.952263355255127
1466,1,0.9378212094306946
1467,1,0.908905029296875
1468,1,0.9398627877235413
1469,1,0.9330955147743225
1470,1,0.7415699362754822
1471,1,0.972284734249115
1472,1,0.5882871150970459
1473,1,0.7052271366119385
1474,1,0.34953856468200684
1475,1,0.8481379151344299
1476,1,0.8645849823951721
1477,1,0.5097686052322388
1478,1,0.6622631549835205
1479,1,0.7475318908691406
1480,1,0.4588965177536011
1481,1,0.47846242785453796
1482,1,0.43758901953697205
1483,1,0.37298649549484253
1484,1,0.6595950126647949
1485,1,0.9132400751113892
1486,1,0.8872262239456177
1487,1,0.5711085200309753
1488,1,0.6154017448425293
1489,1,0.8703901767730713
1490,1,0.9077710509300232
1491,1,0.8246088624000549
1492,1,0.7755215764045715
1493,1,0.8675706386566162
1494,1,0.3078308403491974
1495,1,0.860723614692688
1496,1,0.8734274506568909
1497,1,0.4921133816242218
1498,1,0.8284929394721985
1499,1,0.9379861354827881
1500,1,0.8944036364555359
1501,1,0.7689911723136902
1502,1,0.9557974338531494
1503,1,0.7328603267669678
1504,1,0.6353431344032288
1505,1,0.5749111175537109
1506,1,0.7541494369506836
1507,1,0.4200631082057953
1508,1,0.6185613870620728
1509,1,0.6855339407920837
1510,1,0.7774190306663513
1511,1,0.635932207107544
1512,1,0.5138003826141357
1513,1,0.9695298671722412
1514,1,0.9607521891593933
1515,1,0.39990663528442383
1516,1,0.639797031879425
1517,1,0.7741014957427979
1518,1,0.8259680271148682
1519,1,0.8614275455474854
1520,1,0.7256327271461487
1521,1,0.9255507588386536
1522,1,0.9481123685836792
1523,1,0.5427263379096985
1524,1,0.8891957998275757
1525,1,0.6376349329948425
1526,1,0.7679335474967957
1527,1,0.8837942481040955
1528,1,0.9181028008460999
1529,1,0.482158899307251
1530,1,0.8301365375518799
1531,1,0.9066440463066101
1532,1,0.6388540267944336
1533,1,0.8258211612701416
1534,1,0.9315692782402039
1535,1,0.945227324962616
1536,1,0.9254968166351318
1537,1,0.6907533407211304
1538,1,0.5591250658035278
1539,1,0.6127540469169617
1540,1,0.6579615473747253
1541,1,0.9073073267936707
1542,1,0.4721752107143402
1543,1,0.6959633827209473
1544,1,0.7583444714546204
1545,1,0.8106070756912231
1546,1,0.5464053750038147
1547,1,0.4810158312320709
1548,1,0.7510268688201904
1549,1,0.5693039894104004
1550,1,0.6682281494140625
1551,1,0.7321499586105347
1552,1,0.9094505310058594
1553,1,0.77369225025177
1554,1,0.6263460516929626
1555,1,0.9550786018371582
1556,1,0.9767888784408569
1557,1,0.9096428155899048
1558,1,0.9452061057090759
1559,1,0.9452440738677979
1560,1,0.947724461555481
1561,1,0.9509319067001343
1562,1,0.8885588049888611
1563,1,0.5600813031196594
1564,1,0.8572537899017334
1565,1,0.8385348320007324
1566,1,0.8483116030693054
1567,1,0.8953784108161926
1568,1,0.9363353848457336
1569,1,0.7956401109695435
1570,1,0.7891952991485596
1571,1,0.836273193359375
1572,1,0.9578756093978882
1573,1,0.9571301937103271
1574,1,0.927664041519165
1575,1,0.9429528117179871
1576,1,0.9025569558143616
1577,1,0.9227039813995361
1578,1,0.9112703204154968
1579,1,0.9674118161201477
1580,1,0.9529330730438232
1581,1,0.9017152190208435
1582,1,0.9556592702865601
1583,1,0.9527416229248047
1584,1,0.8868728876113892
1585,1,0.6481317281723022
1586,1,0.8813700079917908
1587,1,0.8969976305961609
1588,1,0.8871384263038635
1589,1,0.8446962833404541
1590,1,0.9344701766967773
1591,1,0.9611667990684509
1592,1,0.8952253460884094
1593,1,0.9461827874183655
1594,1,0.9524600505828857
1595,1,0.9283899068832397
1596,1,0.9454007744789124
1597,1,0.8363727331161499
1598,1,0.9360190033912659
1599,1,0.9651767611503601
1600,1,0.7786577343940735
1601,1,0.9393696784973145
1602,1,0.9560505151748657
1603,1,0.8293936252593994
1604,1,0.8906711339950562
1605,1,0.9410579204559326
1606,1,0.9204481244087219
1607,1,0.5858450531959534
1608,1,0.9552211761474609
1609,1,0.7044105529785156
1610,1,0.973383903503418
1611,1,0.9551252126693726
1612,1,0.8658722043037415
1613,1,0.8233695030212402
1614,1,0.9729084372520447
1615,1,0.9350476861000061
1616,1,0.6622572541236877
1617,1,0.7397031784057617
1618,1,0.8740828633308411
1619,1,0.46334943175315857
1620,1,0.8469734787940979
1621,1,0.6560139656066895
1622,1,0.6260748505592346
1623,1,0.6935098767280579
1624,1,0.8068992495536804
1625,1,0.7577892541885376
1626,1,0.8958292007446289
1627,1,0.9415959715843201
1628,1,0.8713436126708984
1629,1,0.8087753057479858
1630,1,0.41467341780662537
1631,1,0.8802127838134766
1632,1,0.3592517077922821
1633,1,0.904241144657135
1634,1,0.6419674754142761
1635,1,0.48372936248779297
1636,1,0.9540840983390808
1637,1,0.6695899367332458
1638,1,0.8683589696884155
1639,1,0.6888065338134766
1640,1,0.3563418686389923
1641,1,0.6529585123062134
1642,1,0.939287006855011
1643,1,0.6576241850852966
1644,1,0.8240060210227966
1645,1,0.9353547096252441
1646,1,0.923176109790802
1647,1,0.9066049456596375
1648,1,0.5812758207321167
1649,1,0.1047549918293953
1650,1,0.12876956164836884
1651,1,0.13917237520217896
1652,1,0.15014208853244781
1653,1,0.17509450018405914
1654,1,0.10086197406053543
1655,1,0.11106093972921371
1656,1,0.16707861423492432
1657,1,0.10774737596511841
1658,1,0.07555590569972992
1659,1,0.1805466115474701
1660,1,0.07363351434469223
1661,1,0.13403600454330444
1662,1,0.10134804993867874
1663,1,0.048373352736234665
1664,1,0.1469651162624359
1665,1,0.9625064134597778
1666,1,0.9626004099845886
1667,1,0.9613115191459656
1668,1,0.870753288269043
1669,1,0.867087721824646
1670,1,0.8866891860961914
1671,1,0.9282192587852478
1672,1,0.47847628593444824
1673,1,0.1681533306837082
1674,1,0.20499905943870544
1675,1,0.7491667866706848
1676,1,0.8921929001808167
1677,1,0.9639607071876526
1678,1,0.9757915735244751
1679,1,0.6589487791061401
1680,1,0.8832584023475647
1681,1,0.5637204051017761
1682,1,0.9482329487800598
1683,1,0.8325267434120178
1684,1,0.897243320941925
1685,1,0.7497084736824036
1686,1,0.3671872913837433
1687,1,0.802571177482605
1688,1,0.9185447692871094
1689,1,0.515133261680603
1690,1,0.41267552971839905
1691,1,0.47549453377723694
1692,1,0.9212749004364014
1693,1,0.8337373733520508
1694,1,0.44321566820144653
1695,1,0.8543339967727661
1696,1,0.9252290725708008
1697,1,0.7275223135948181
1698,1,0.8981624245643616
1699,1,0.9750370979309082
1700,1,0.3332068920135498
1701,1,0.9011179804801941
1702,1,0.937854528427124
1703,1,0.06100223585963249
1704,1,0.838483452796936
1705,1,0.9098324775695801
1706,1,0.7229428291320801
1707,1,0.5808995366096497
1708,1,0.8152917623519897
1709,1,0.9683760404586792
1710,1,0.523196816444397
1711,1,0.7005715370178223
1712,1,0.871696949005127
1713,1,0.943255603313446
1714,1,0.5408704280853271
1715,1,0.5760946273803711
1716,1,0.5867685079574585
1717,1,0.41717764735221863
1718,1,0.45011839270591736
1719,1,0.5005900263786316
1720,1,0.48762062191963196
1721,1,0.9476016163825989
1722,1,0.6558355689048767
1723,1,0.8557588458061218
1724,1,0.5428545475006104
1725,1,0.9470588564872742
1726,1,0.5344573259353638
1727,1,0.9510349035263062
1728,1,0.9092637300491333
1729,1,0.8849815130233765
1730,1,0.4200323820114136
1731,1,0.9425762295722961
1732,1,0.906222403049469
1733,1,0.8332260251045227
1734,1,0.8953375220298767
1735,1,0.5405915379524231
1736,1,0.535429060459137
1737,1,0.942805290222168
1738,1,0.9235743880271912
1739,1,0.8613840937614441
1740,1,0.9734964370727539
1741,1,0.527319610118866
1742,1,0.48047417402267456
1743,1,0.7074252963066101
1744,1,0.8342024683952332
1745,1,0.9518007040023804
1746,1,0.9054980278015137
1747,1,0.44015181064605713
1748,1,0.9181826710700989
1749,1,0.7597301006317139
1750,1,0.9579288959503174
1751,1,0.9600555300712585
1752,1,0.7815752625465393
1753,1,0.9794710278511047
1754,1,0.9297522902488708
1755,1,0.9222570061683655
1756,1,0.2956800162792206
1757,1,0.47552552819252014
1758,1,0.8760800361633301
1759,1,0.8071731328964233
1760,1,0.875939130783081
1761,1,0.8546082377433777
1762,1,0.9341580867767334
1763,1,0.8285797834396362
1764,1,0.5754572749137878
1765,1,0.980049729347229
1766,1,0.5098055601119995
1767,1,0.9476678371429443
1768,1,0.954437792301178
1769,1,0.8320028781890869
1770,1,0.9003729224205017
1771,1,0.7475096583366394
1772,1,0.9299345016479492
1773,1,0.5878123044967651
1774,1,0.9698789119720459
1775,1,0.9298195838928223
1776,1,0.7092925906181335
1777,1,0.8350157141685486
1778,1,0.9175575971603394
1779,1,0.5710462927818298
1780,1,0.9487939476966858
1781,1,0.7553560137748718
1782,1,0.5053752660751343
1783,1,0.9389011859893799
1784,1,0.7790576815605164
1785,1,0.9355748295783997
1786,1,0.854674756526947
1787,1,0.9534547924995422
1788,1,0.9744544625282288
1789,1,0.8420968055725098
1790,1,0.8753067255020142
1791,1,0.47778186202049255
1792,1,0.9024822115898132
1793,1,0.9552346467971802
1794,1,0.7015058398246765
1795,1,0.9031380414962769
1796,1,0.7885338664054871
1797,1,0.9371420741081238
1798,1,0.7836108803749084
1799,1,0.7520386576652527
1800,1,0.7249497175216675
1801,1,0.5094645619392395
1802,1,0.8549326062202454
1803,1,0.4876379370689392
1804,1,0.6999929547309875
1805,1,0.4908125102519989
1806,1,0.9435077905654907
1807,1,0.8526344299316406
1808,1,0.9420878291130066
1809,1,0.5300204157829285
1810,1,0.4712062478065491
1811,1,0.6970252394676208
1812,1,0.7837560176849365
1813,1,0.9699325561523438
1814,1,0.9440153241157532
1815,1,0.6620156168937683
1816,1,0.8190677762031555
1817,1,0.933682918548584
1818,1,0.9146447777748108
1819,1,0.5670660138130188
1820,1,0.39835214614868164
1821,1,0.5229656100273132
1822,1,0.8521161675453186
1823,1,0.7939469218254089
1824,1,0.7971667647361755
1825,1,0.8443583250045776
1826,1,0.8611188530921936
1827,1,0.9733626842498779
1828,1,0.7918215394020081
1829,1,0.6383065581321716
1830,1,0.7315593361854553
1831,1,0.6468467116355896
1832,1,0.8340925574302673
1833,1,0.9645057916641235
1834,1,0.4650896489620209
1835,1,0.934151828289032
1836,1,0.9552016854286194
1837,1,0.6958078742027283
1838,1,0.6168062090873718
1839,1,0.608616292476654
1840,1,0.6885491013526917
1841,1,0.6003848314285278
1842,1,0.5693024396896362
1843,1,0.6521113514900208
1844,1,0.6508060097694397
1845,1,0.6438822746276855
1846,1,0.963413417339325
1847,1,0.7156537771224976
1848,1,0.4829474985599518
1849,1,0.7875657081604004
1850,1,0.5788460373878479
1851,1,0.7714658379554749
1852,1,0.781634509563446
1853,1,0.8407569527626038
1854,1,0.8868627548217773
1855,1,0.8568969964981079
1856,1,0.9788316488265991
1857,1,0.6123560070991516
1858,1,0.8753820061683655
1859,1,0.7084428071975708
1860,1,0.6491450667381287
1861,1,0.851656436920166
1862,1,0.9513704180717468
1863,1,0.7386572360992432
1864,1,0.3708030581474304
1865,1,0.5367308855056763
1866,1,0.746586263179779
1867,1,0.59516841173172
1868,1,0.7635458111763
1869,1,0.8679829239845276
1870,1,0.5201971530914307
1871,1,0.9314613938331604
1872,1,0.474595308303833
1873,1,0.9340083003044128
1874,1,0.5956579446792603
1875,1,0.7962340712547302
1876,1,0.6045173406600952
1877,1,0.9618815183639526
1878,1,0.5002517104148865
1879,1,0.6753110885620117
1880,1,0.4315890371799469
1881,1,0.5455939173698425
1882,1,0.5327364802360535
1883,1,0.6661535501480103
1884,1,0.496893972158432
1885,1,0.7013942003250122
1886,1,0.5644060373306274
1887,1,0.6267296075820923
1888,1,0.6986643075942993
1889,1,0.7356705665588379
1890,1,0.6490298509597778
1891,1,0.5816342234611511
1892,1,0.5536534190177917
1893,1,0.9006749391555786
1894,1,0.7497056722640991
1895,1,0.5594514012336731
1896,1,0.8517704606056213
1897,1,0.07915595173835754
1898,1,0.8444507122039795
1899,1,0.4625047743320465
1900,1,0.8776987195014954
1901,1,0.47500261664390564
1902,1,0.6108782291412354
1903,1,0.499533087015152
1904,1,0.4771461486816406
1905,1,0.5690527558326721
1906,1,0.8952473998069763
1907,1,0.7762977480888367
1908,1,0.6492079496383667
1909,1,0.8537701964378357
1910,1,0.6207872629165649
1911,1,0.3755139112472534
1912,1,0.5590788722038269
1913,1,0.19904637336730957
1914,1,0.8173684477806091
1915,1,0.43653497099876404
1916,1,0.7088035941123962
1917,1,0.8936821222305298
1918,1,0.46413320302963257
1919,1,0.8321902751922607
1920,1,0.75868821144104
1921,1,0.8551570177078247
1922,1,0.5795353055000305
1923,1,0.6078733205795288
1924,1,0.931409478187561
1925,1,0.9196332693099976
1926,1,0.790073573589325
1927,1,0.8664674162864685
1928,1,0.7316230535507202
1929,1,0.9479579925537109
1930,1,0.968616783618927
1931,1,0.9304456114768982
1932,1,0.9466091394424438
1933,1,0.9763299226760864
1934,1,0.9454972147941589
1935,1,0.6990696787834167
1936,1,0.6500884890556335
1937,1,0.7967609763145447
1938,1,0.9337897896766663
1939,1,0.9585169553756714
1940,1,0.7336218357086182
1941,1,0.65934157371521
1942,1,0.9591578841209412
1943,1,0.6302707195281982
1944,1,0.7129305601119995
1945,1,0.9446466565132141
1946,1,0.9785796403884888
1947,1,0.9284642934799194
1948,1,0.9010688066482544
1949,1,0.2200067639350891
1950,1,0.9725765585899353
1951,1,0.9672021269798279
1952,1,0.4685802459716797
1953,1,0.8269891142845154
1954,1,0.7044011950492859
1955,1,0.9270610213279724
1956,1,0.8331142067909241
1957,1,0.7068846225738525
1958,1,0.9574355483055115
1959,1,0.9476606845855713
1960,1,0.942979097366333
1961,1,0.9586437344551086
1962,1,0.774422287940979
1963,1,0.9638494253158569
1964,1,0.7371277809143066
1965,1,0.9116928577423096
1966,1,0.796858549118042
1967,1,0.9330788254737854
1968,1,0.8743155002593994
1969,1,0.880460262298584
1970,1,0.7318373322486877
1971,1,0.9188564419746399
1972,1,0.6759032607078552
1973,1,0.9499568343162537
1974,1,0.7733273506164551
1975,1,0.949236273765564
1976,1,0.5872085094451904
1977,1,0.931537926197052
1978,1,0.6271044611930847
1979,1,0.7229266166687012
1980,1,0.6351324319839478
1981,1,0.6469691395759583
1982,1,0.6749630570411682
1983,1,0.4610970616340637
1984,1,0.20672757923603058
1985,1,0.5023104548454285
1986,1,0.41633015871047974
1987,1,0.4988926649093628
1988,1,0.3492104113101959
1989,1,0.5965589284896851
1990,0,0.3466770350933075
1991,0,0.04018929973244667
1992,0,0.14478334784507751
1993,0,0.06853163242340088
1994,0,0.08818415552377701
1995,0,0.511003851890564
1996,0,0.6472524404525757
1997,0,0.6097397208213806
1998,0,0.07657049596309662
1999,0,0.7657212018966675
2000,0,0.1941450536251068
2001,0,0.06679859012365341
2002,0,0.43448665738105774
2003,0,0.14922356605529785
2004,0,0.46401217579841614
2005,0,0.6264626383781433
2006,0,0.3838810622692108
2007,0,0.027487972751259804
2008,0,0.2726183831691742
2009,0,0.516085684299469
2010,0,0.0583343468606472
2011,0,0.35886090993881226
2012,0,0.3248722553253174
2013,0,0.31009232997894287
2014,0,0.3831935524940491
2015,0,0.16431213915348053
2016,0,0.4597254693508148
2017,0,0.08156925439834595
2018,0,0.4976072907447815
2019,0,0.38873228430747986
2020,0,0.671726405620575
2021,0,0.27281925082206726
2022,0,0.537106990814209
2023,0,0.6852957606315613
2024,0,0.12382915616035461
2025,0,0.5354951620101929
2026,0,0.15626433491706848
2027,0,0.08882921934127808
2028,0,0.3420521318912506
2029,0,0.635746955871582
2030,0,0.38285496830940247
2031,0,0.2937006950378418
2032,0,0.5056588649749756
2033,0,0.5363818407058716
2034,0,0.4042576551437378
2035,0,0.6770049929618835
2036,0,0.1228196993470192
2037,0,0.12487025558948517
2038,0,0.04749135300517082
2039,0,0.6316629648208618
2040,0,0.46530500054359436
2041,0,0.3521895408630371
2042,0,0.44933488965034485
2043,0,0.45976048707962036
2044,0,0.4337436854839325
2045,0,0.6173880100250244
2046,0,0.1518269181251526
2047,0,0.4834939241409302
2048,0,0.5189723372459412
2049,0,0.5299528241157532
2050,0,0.09853605180978775
2051,0,0.49022695422172546
2052,0,0.036337416619062424
2053,0,0.5172683000564575
2054,0,0.5847140550613403
2055,0,0.20526587963104248
2056,0,0.7710469365119934
2057,0,0.15690265595912933
2058,0,0.4171375632286072
2059,0,0.4376237690448761
2060,0,0.29362624883651733
2061,0,0.2718439996242523
2062,0,0.6302540302276611
2063,0,0.8480071425437927
2064,0,0.49865370988845825
2065,0,0.23386803269386292
2066,0,0.7015125751495361
2067,0,0.6241979598999023
2068,0,0.42999687790870667
2069,0,0.040400050580501556
2070,0,0.6797992587089539
2071,0,0.11523709446191788
2072,0,0.45447516441345215
2073,0,0.4059928357601166
2074,0,0.2781732976436615
2075,0,0.3764691948890686
2076,0,0.505615234375
2077,0,0.4075861871242523
2078,0,0.3724125623703003
2079,0,0.5306805372238159
2080,0,0.546855092048645
2081,0,0.08018526434898376
2082,0,0.06279478222131729
2083,0,0.2370033860206604
2084,0,0.3649943470954895
2085,0,0.7008070349693298
2086,0,0.1746971607208252
2087,0,0.507391095161438
2088,0,0.5769481658935547
2089,0,0.2896481156349182
2090,0,0.4103749096393585
2091,0,0.48466941714286804
2092,0,0.9403946399688721
2093,0,0.3377918303012848
2094,0,0.21525534987449646
2095,0,0.08962418884038925
2096,0,0.6638575196266174
2097,0,0.6898728013038635
2098,0,0.07982169836759567
2099,0,0.14628461003303528
2100,0,0.5775018930435181
2101,0,0.46800270676612854
2102,0,0.6354964375495911
2103,0,0.13300195336341858
2104,0,0.48636671900749207
2105,0,0.5020594596862793
2106,0,0.48286905884742737
2107,0,0.08695109933614731
2108,0,0.5363467931747437
2109,0,0.16992533206939697
2110,0,0.5189675092697144
2111,0,0.23388871550559998
2112,0,0.877364456653595
2113,0,0.02803841605782509
2114,0,0.494829386472702
2115,0,0.2526647746562958
2116,0,0.046932149678468704
2117,0,0.13958461582660675
2118,0,0.35387158393859863
2119,0,0.4292044937610626
2120,0,0.07550086081027985
2121,0,0.33049607276916504
2122,0,0.698493242263794
2123,0,0.531498908996582
2124,0,0.35961395502090454
2125,0,0.29262807965278625
2126,0,0.5833189487457275
2127,0,0.5408436059951782
2128,0,0.9054575562477112
2129,0,0.1967809796333313
2130,0,0.1858576387166977
2131,0,0.18496230244636536
2132,0,0.20753483474254608
2133,0,0.6364439129829407
2134,0,0.09861979633569717
2135,0,0.5526710748672485
2136,0,0.46604403853416443
2137,0,0.12387577444314957
2138,0,0.5199194550514221
2139,0,0.152971088886261
2140,0,0.4936477243900299
2141,0,0.03443526476621628
2142,0,0.12379098683595657
2143,0,0.6424962282180786
2144,0,0.44234851002693176
2145,0,0.5577784776687622
2146,0,0.05707133188843727
2147,0,0.013484098017215729
2148,0,0.24597801268100739
2149,0,0.207655131816864
2150,0,0.4196765124797821
2151,0,0.4974523186683655
2152,0,0.044409144669771194
2153,0,0.5943185687065125
2154,0,0.4475663900375366
2155,0,0.09094696491956711
2156,0,0.17971546947956085
2157,0,0.4464850127696991
2158,0,0.2976326048374176
2159,0,0.5413210988044739
2160,0,0.557028591632843
2161,0,0.482677698135376
2162,0,0.15398956835269928
2163,0,0.10666210949420929
2164,0,0.3993633985519409
2165,0,0.677623450756073
2166,0,0.1510019153356552
2167,0,0.4569738209247589
2168,0,0.49950411915779114
2169,0,0.5933597683906555
2170,0,0.4379770755767822
2171,0,0.21262769401073456
2172,0,0.32068386673927307
2173,0,0.0838751569390297
2174,0,0.45290154218673706
2175,0,0.18551868200302124
2176,0,0.48286905884742737
2177,0,0.36555778980255127
2178,0,0.2335282862186432
2179,0,0.6699999570846558
2180,0,0.459110289812088
2181,0,0.5946575403213501
2182,0,0.2631119191646576
2183,0,0.19631673395633698
2184,0,0.1846250742673874
2185,0,0.5051698684692383
2186,0,0.8524271845817566
2187,0,0.03661586344242096
2188,0,0.5438026785850525
2189,0,0.2307354211807251
2190,0,0.5300543904304504
2191,0,0.1200120747089386
2192,0,0.6462395191192627
2193,0,0.6145673394203186
2194,0,0.6216660737991333
2195,0,0.4838690161705017
2196,0,0.1352575421333313
2197,0,0.17127129435539246
2198,0,0.3676457107067108
2199,0,0.40580296516418457
2200,0,0.49388056993484497
2201,0,0.5584121942520142
2202,0,0.15664391219615936
2203,0,0.7796515822410583
2204,0,0.35370105504989624
2205,0,0.3613349497318268
2206,0,0.46963220834732056
2207,0,0.005486380308866501
2208,0,0.4087934195995331
2209,0,0.3717062175273895
2210,0,0.5309261083602905
2211,0,0.6525335311889648
2212,0,0.45728790760040283
2213,0,0.66555255651474
2214,0,0.12338997423648834
2215,0,0.3331383168697357
2216,0,0.3418384790420532
2217,0,0.32558247447013855
2218,0,0.4678246080875397
2219,0,0.7515599131584167
2220,0,0.13790525496006012
2221,0,0.8832709789276123
2222,0,0.1513448804616928
2223,0,0.15590497851371765
2224,0,0.05149334669113159
2225,0,0.583948016166687
2226,0,0.17828410863876343
2227,0,0.16196654736995697
2228,0,0.04586384445428848
2229,0,0.3806963264942169
2230,0,0.27669158577919006
2231,0,0.9105753302574158
2232,0,0.27080482244491577
2233,0,0.22413429617881775
2234,0,0.6776643991470337
2235,0,0.5262352824211121
2236,0,0.3979794979095459
2237,0,0.2946564555168152
2238,0,0.15571056306362152
2239,0,0.3014550805091858
2240,0,0.15510596334934235
2241,0,0.019255179911851883
2242,0,0.37949198484420776
2243,0,0.1964312195777893
2244,0,0.12267998605966568
2245,0,0.2733229994773865
2246,0,0.6741082072257996
2247,0,0.782642662525177
2248,0,0.40531718730926514
2249,0,0.5652300119400024
2250,0,0.5739043951034546
2251,0,0.27595585584640503
2252,0,0.2576570510864258
2253,0,0.4877115786075592
2254,0,0.47769126296043396
2255,0,0.09382050484418869
2256,0,0.6048241853713989
2257,0,0.021293720230460167
2258,0,0.07455068081617355
2259,0,0.3465689718723297
2260,0,0.37198466062545776
2261,0,0.209151953458786
2262,0,0.2674654722213745
2263,0,0.13440844416618347
2264,0,0.14091674983501434
2265,0,0.6227308511734009
2266,0,0.6846776008605957
2267,0,0.16942347586154938
2268,0,0.28102028369903564
2269,0,0.2821827232837677
2270,0,0.3513951599597931
2271,0,0.5516290664672852
2272,0,0.1446194052696228
2273,0,0.2482922077178955
2274,0,0.9743273854255676
2275,0,0.6801370978355408
2276,0,0.03074331395328045
2277,0,0.5676910281181335
2278,0,0.07776478677988052
2279,0,0.24375097453594208
2280,0,0.28933343291282654
2281,0,0.43638134002685547
2282,0,0.2469148486852646
2283,0,0.20975060760974884
2284,0,0.4703923761844635
2285,0,0.48286905884742737
2286,0,0.573920726776123
2287,0,0.15844804048538208
2288,0,0.3763751983642578
2289,0,0.4339074492454529
2290,0,0.00350735941901803
2291,0,0.48286905884742737
2292,0,0.2852264940738678
2293,0,0.0296027809381485
2294,0,0.4379770755767822
2295,0,0.1007181704044342
2296,0,0.08488375693559647
2297,0,0.07786232978105545
2298,0,0.5420898795127869
2299,0,0.42388173937797546
2300,0,0.41135653853416443
2301,0,0.2540304660797119
2302,0,0.6890762448310852
2303,0,0.26470741629600525
2304,0,0.33111071586608887
2305,0,0.42519333958625793
2306,0,0.13514378666877747
2307,0,0.4064697027206421
2308,0,0.4793899655342102
2309,0,0.16614606976509094
2310,0,0.4447460472583771
2311,0,0.850471019744873
2312,0,0.1935119479894638
2313,0,0.9679913520812988
2314,0,0.04746300354599953
2315,0,0.7282828092575073
2316,0,0.18380627036094666
2317,0,0.690913200378418
2318,0,0.31408920884132385
2319,0,0.5268651843070984
2320,0,0.24197106063365936
2321,0,0.26519784331321716
2322,0,0.021776793524622917
2323,0,0.5387149453163147
2324,0,0.734302282333374
2325,0,0.30694523453712463
2326,0,0.04200301691889763
2327,0,0.3937011957168579
2328,0,0.24094073474407196
2329,0,0.7755881547927856
2330,0,0.36145785450935364
2331,0,0.5504107475280762
2332,0,0.4630497694015503
2333,0,0.41022390127182007
2334,0,0.8757652640342712
2335,0,0.5209441184997559
2336,0,0.609981119632721
2337,0,0.4822900593280792
2338,0,0.4189387261867523
2339,0,0.5337404608726501
2340,0,0.04131580889225006
2341,0,0.7930052876472473
2342,0,0.21888777613639832
2343,0,0.1374741941690445
2344,0,0.0681886225938797
2345,0,0.5510187745094299
2346,0,0.4379770755767822
2347,0,0.38194695115089417
2348,0,0.12375615537166595
2349,0,0.6926463842391968
2350,0,0.5470350384712219
2351,0,0.8262701630592346
2352,0,0.3994833827018738
2353,0,0.43536871671676636
2354,0,0.36228686571121216
2355,0,0.048145752400159836
2356,0,0.23617911338806152
2357,0,0.46288400888442993
2358,0,0.4051001965999603
2359,0,0.005640397313982248
2360,0,0.5197189450263977
2361,0,0.6331921815872192
2362,0,0.5063089728355408
2363,0,0.7310820817947388
2364,0,0.40531399846076965
2365,0,0.1794789433479309
2366,0,0.966211199760437
2367,0,0.09180817753076553
2368,0,0.16182079911231995
2369,0,0.6257686018943787
2370,0,0.9343445301055908
2371,0,0.211734339594841
2372,0,0.6052979826927185
2373,0,0.525312066078186
2374,0,0.4819811284542084
2375,0,0.19747093319892883
2376,0,0.42135003209114075
2377,0,0.3913273215293884
2378,0,0.676666796207428
2379,0,0.48286905884742737
2380,0,0.5742193460464478
2381,0,0.06732214242219925
2382,0,0.6209917068481445
2383,0,0.5530179738998413
2384,0,0.02700764685869217
2385,0,0.3439372181892395
2386,0,0.8288692831993103
2387,0,0.09658373147249222
2388,0,0.48002535104751587
2389,0,0.060157276690006256
2390,0,0.655437171459198
2391,0,0.45626622438430786
2392,0,0.3375527262687683
2393,0,0.6734713315963745
2394,0,0.04328015819191933
2395,0,0.4074742794036865
2396,0,0.41012099385261536
2397,0,0.20797474682331085
2398,0,0.05625345557928085
2399,0,0.44001999497413635
2400,0,0.38610121607780457
2401,0,0.08375213295221329
2402,0,0.6536427736282349
2403,0,0.5538002252578735
2404,0,0.07471612095832825
2405,0,0.6846743226051331
2406,0,0.1390942633152008
2407,0,0.4466392993927002
2408,0,0.2271042764186859
2409,0,0.6272486448287964
2410,0,0.47840240597724915
2411,0,0.1021348088979721
2412,0,0.4403100907802582
2413,0,0.6973389387130737
2414,0,0.24179445207118988
2415,0,0.5968448519706726
2416,0,0.47847628593444824
2417,0,0.7880168557167053
2418,0,0.3398978114128113
2419,0,0.13193932175636292
2420,0,0.025265894830226898
2421,0,0.6737459301948547
2422,0,0.6302696466445923
2423,0,0.5534292459487915
2424,0,0.24459834396839142
2425,0,0.7476328611373901
2426,0,0.6847025752067566
2427,0,0.23131869733333588
2428,0,0.2582450807094574
2429,0,0.17441871762275696
2430,0,0.22924178838729858
2431,0,0.646088182926178
2432,0,0.4977554678916931
2433,0,0.11846358329057693
2434,0,0.22931429743766785
2435,0,0.4335497319698334
2436,0,0.025432219728827477
2437,0,0.600773811340332
2438,0,0.33339858055114746
2439,0,0.043076761066913605
2440,0,0.48146572709083557
2441,0,0.060661736875772476
2442,0,0.0709933340549469
2443,0,0.20287451148033142
2444,0,0.1983216255903244
2445,0,0.3792556822299957
2446,0,0.026600753888487816
2447,0,0.5748140215873718
2448,0,0.07738297432661057
2449,0,0.10336625576019287
2450,0,0.5205234289169312
2451,0,0.08906334638595581
2452,0,0.4082586169242859
2453,0,0.13858316838741302
2454,0,0.5070019960403442
2455,0,0.3465048372745514
2456,0,0.1239158883690834
2457,0,0.5705140233039856
2458,0,0.6692148447036743
2459,0,0.1461041271686554
2460,0,0.02417258359491825
2461,0,0.07286827266216278
2462,0,0.2315397411584854
2463,0,0.3430712819099426
2464,0,0.6108382344245911
2465,0,0.7316815853118896
2466,0,0.4630867838859558
2467,0,0.5957939028739929
2468,0,0.08799983561038971
2469,0,0.38251298666000366
2470,0,0.19917213916778564
2471,0,0.6605144143104553
2472,0,0.4172353148460388
2473,0,0.5089415311813354
2474,0,0.3089573383331299
2475,0,0.24918819963932037
2476,0,0.17110462486743927
2477,0,0.5022318959236145
2478,0,0.4821445941925049
2479,0,0.1889180839061737
2480,0,0.5180495977401733
2481,0,0.46003714203834534
2482,0,0.20498229563236237
2483,0,0.13535431027412415
2484,0,0.5441944003105164
2485,0,0.15958638489246368
2486,0,0.33565905690193176
2487,0,0.14362213015556335
2488,0,0.4625047743320465
2489,0,0.4323919117450714
2490,0,0.4589630961418152
2491,0,0.6753873229026794
2492,0,0.41435137391090393
2493,0,0.4600752890110016
2494,0,0.13061214983463287
2495,0,0.6850417256355286
2496,0,0.2516970634460449
2497,0,0.24624471366405487
2498,0,0.015869516879320145
2499,0,0.3282473385334015
2500,0,0.08311015367507935
2501,0,0.6887151002883911
2502,0,0.34505629539489746
2503,0,0.15342390537261963
2504,0,0.7342737913131714
2505,0,0.44223496317863464
2506,0,0.6398717761039734
2507,0,0.5126779079437256
2508,0,0.8731608986854553
2509,0,0.5083610415458679
2510,0,0.42925387620925903
2511,0,0.37235546112060547
2512,0,0.23439010977745056
2513,0,0.6059160828590393
2514,0,0.19460847973823547
2515,0,0.32315346598625183
2516,0,0.55511075258255
2517,0,0.6805132627487183
2518,0,0.1564267873764038
2519,0,0.24738040566444397
2520,0,0.3644436001777649
2521,0,0.10015592724084854
2522,0,0.09302335977554321
2523,0,0.5514463782310486
2524,0,0.04962330684065819
2525,0,0.46470728516578674
2526,0,0.7668428421020508
2527,0,0.14937572181224823
2528,0,0.5275458097457886
2529,0,0.10748124867677689
2530,0,0.6867495179176331
2531,0,0.3729073703289032
2532,0,0.5151028037071228
2533,0,0.1431891918182373
2534,0,0.5101719498634338
2535,0,0.07818805426359177
2536,0,0.34570199251174927
2537,0,0.34116214513778687
2538,0,0.03674207627773285
2539,0,0.13525822758674622
2540,0,0.5637363791465759
2541,0,0.536407470703125
2542,0,0.3939683437347412
2543,0,0.31083524227142334
2544,0,0.5911794304847717
2545,0,0.4446697533130646
2546,0,0.32938504219055176
2547,0,0.7152613401412964
2548,0,0.5966606736183167
2549,0,0.5894980430603027
2550,0,0.7539341449737549
2551,0,0.24445319175720215
2552,0,0.6486132144927979
2553,0,0.4690206050872803
2554,0,0.5889015197753906
2555,0,0.08887796103954315
2556,0,0.6191040277481079
2557,0,0.6710819005966187
2558,0,0.29650014638900757
2559,0,0.6782369613647461
2560,0,0.48187771439552307
2561,0,0.7160065770149231
2562,0,0.4589630961418152
2563,0,0.073086678981781
2564,0,0.32543444633483887
2565,0,0.45916154980659485
2566,0,0.2845847010612488
2567,0,0.8358024954795837
2568,0,0.5082988739013672
2569,0,0.2398945838212967
2570,0,0.2071172446012497
2571,0,0.08527912199497223
2572,0,0.7554072737693787
2573,0,0.20201855897903442
2574,0,0.5960546731948853
2575,0,0.4064205586910248
2576,0,0.5656413435935974
2577,0,0.3911115825176239
2578,0,0.42626774311065674
2579,0,0.4625047743320465
2580,0,0.4480001628398895
2581,0,0.02350565977394581
2582,0,0.24404621124267578
2583,0,0.6099600195884705
2584,0,0.309835821390152
2585,0,0.477906733751297
2586,0,0.13713118433952332
2587,0,0.5772479772567749
2588,0,0.5186427235603333
2589,0,0.012215311639010906
2590,0,0.4619426727294922
2591,0,0.6409837603569031
2592,0,0.6978397965431213
2593,0,0.5901079177856445
2594,0,0.6613957285881042
2595,0,0.5221360921859741
2596,0,0.290103554725647
2597,0,0.577454686164856
2598,0,0.6906400918960571
2599,0,0.044343821704387665
2600,0,0.07879237085580826
2601,0,0.6873165965080261
2602,0,0.6447905898094177
2603,0,0.0989166870713234
2604,0,0.14131611585617065
2605,0,0.19668613374233246
2606,0,0.15847353637218475
2607,0,0.39355766773223877
2608,0,0.09506513178348541
2609,0,0.31788867712020874
2610,0,0.9349805116653442
2611,0,0.3843576908111572
2612,0,0.2508792579174042
2613,0,0.5144401788711548
2614,0,0.019317280501127243
2615,0,0.6141088008880615
2616,0,0.027300599962472916
2617,0,0.04173372685909271
2618,0,0.4747284948825836
2619,0,0.17118984460830688
2620,0,0.9014445543289185
2621,0,0.4907006323337555
2622,0,0.5189563632011414
2623,0,0.027069810777902603
2624,0,0.18304529786109924
2625,0,0.06483583152294159
2626,0,0.558664858341217
2627,0,0.2754843533039093
2628,0,0.05976371467113495
2629,0,0.6717869639396667
2630,0,0.12366477400064468
2631,0,0.28349587321281433
2632,0,0.16151905059814453
2633,0,0.5506702065467834
2634,0,0.20156148076057434
2635,0,0.37255871295928955
2636,0,0.2930411100387573
2637,0,0.6681597232818604
2638,0,0.02309982106089592
2639,0,0.014565232209861279
2640,0,0.5494932532310486
2641,0,0.3719049096107483
2642,0,0.18181517720222473
2643,0,0.1887216866016388
2644,0,0.024900244548916817
2645,0,0.5972184538841248
2646,0,0.5256271958351135
2647,0,0.07442458719015121
2648,0,0.2363264560699463
2649,0,0.06213907524943352
2650,0,0.16901642084121704
2651,0,0.127764493227005
2652,0,0.29221832752227783
2653,0,0.24516592919826508
2654,0,0.10760108381509781
2655,0,0.3061259686946869
2656,0,0.04552370682358742
2657,0,0.40773913264274597
2658,0,0.18633165955543518
2659,0,0.05730088800191879
2660,0,0.3954143524169922
2661,0,0.065589040517807
2662,0,0.46439293026924133
2663,0,0.28826531767845154
2664,0,0.7469918727874756
2665,0,0.4955892860889435
2666,0,0.4587625563144684
2667,0,0.24923162162303925
2668,0,0.11149783432483673
2669,0,0.11864914000034332
2670,0,0.5219106078147888
2671,0,0.453563392162323
2672,0,0.04040681570768356
2673,0,0.6881809830665588
2674,0,0.26628828048706055
2675,0,0.43495503067970276
2676,0,0.04183158650994301
2677,0,0.10989677160978317
2678,0,0.37882155179977417
2679,0,0.08604786545038223
2680,0,0.5046497583389282
2681,0,0.15814290940761566
2682,0,0.5622844696044922
2683,0,0.5277583599090576
2684,0,0.7981685996055603
2685,0,0.15410877764225006
2686,0,0.4376237690448761
2687,0,0.48116645216941833
2688,0,0.5486534237861633
2689,0,0.2028292715549469
2690,0,0.3014253079891205
2691,0,0.517489492893219
2692,0,0.46800270676612854
2693,0,0.5858332514762878
2694,0,0.29261234402656555
2695,0,0.1445189118385315
2696,0,0.4310041666030884
2697,0,0.21035130321979523
2698,0,0.03179336339235306
2699,0,0.9136525988578796
2700,0,0.009365432895720005
2701,0,0.5887497067451477
2702,0,0.14629966020584106
2703,0,0.5334534049034119
2704,0,0.4788474142551422
2705,0,0.22952628135681152
2706,0,0.29533258080482483
2707,0,0.22117012739181519
2708,0,0.4704974293708801
2709,0,0.574341356754303
2710,0,0.03885765001177788
2711,0,0.5307426452636719
2712,0,0.2831016182899475
2713,0,0.049333542585372925
2714,0,0.0930710881948471
2715,0,0.2933794856071472
2716,0,0.47865352034568787
2717,0,0.10963668674230576
2718,0,0.39438527822494507
2719,0,0.4446007013320923
2720,0,0.4373669922351837
2721,0,0.6042072772979736
2722,0,0.4094965159893036
2723,0,0.6411077976226807
2724,0,0.07290423661470413
2725,0,0.31189361214637756
2726,0,0.47847628593444824
2727,0,0.018647609278559685
2728,0,0.3800491690635681
2729,0,0.5913415551185608
2730,0,0.4663875102996826
2731,0,0.15327195823192596
2732,0,0.15037114918231964
2733,0,0.6627301573753357
2734,0,0.07013557851314545
2735,0,0.6107532978057861
2736,0,0.5331788063049316
2737,0,0.22171907126903534
2738,0,0.011712554842233658
2739,0,0.4526180326938629
2740,0,0.9250386953353882
2741,0,0.06950481981039047
2742,0,0.2485063225030899
2743,0,0.061382319778203964
2744,0,0.6416200995445251
2745,0,0.29009804129600525
2746,0,0.710081160068512
2747,0,0.3215213119983673
2748,0,0.3246863782405853
2749,0,0.5147172212600708
2750,0,0.6294118762016296
2751,0,0.14131632447242737
2752,0,0.21399186551570892
2753,0,0.9287863373756409
2754,0,0.509364664554596
2755,0,0.038560595363378525
2756,0,0.7832032442092896
2757,0,0.24676382541656494
2758,0,0.46800270676612854
2759,0,0.7249297499656677
2760,0,0.04321675002574921
2761,0,0.6603598594665527
2762,0,0.527191698551178
2763,0,0.4625047743320465
2764,0,0.1735411137342453
2765,0,0.3273344933986664
2766,0,0.4910525679588318
2767,0,0.10780729353427887
2768,0,0.4771119952201843
2769,0,0.19295990467071533
2770,0,0.49999165534973145
2771,0,0.26648369431495667
2772,0,0.8824371099472046
2773,0,0.22992032766342163
2774,0,0.5826084017753601
2775,0,0.4589630961418152
2776,0,0.6661775708198547
2777,0,0.19555696845054626
2778,0,0.3047202229499817
2779,0,0.21131090819835663
2780,0,0.612156867980957
2781,0,0.5297528505325317
2782,0,0.44286391139030457
2783,0,0.3135177195072174
2784,0,0.37576109170913696
2785,0,0.034831155091524124
2786,0,0.3824155628681183
2787,0,0.5923646092414856
2788,0,0.12559111416339874
2789,0,0.34202584624290466
2790,0,0.2763287127017975
2791,0,0.3075195848941803
2792,0,0.034935545176267624
2793,0,0.182801753282547
2794,0,0.03840314969420433
2795,0,0.5159445405006409
2796,0,0.6987300515174866
2797,0,0.48286905884742737
2798,0,0.0934615507721901
2799,0,0.5233866572380066
2800,0,0.09607765823602676
2801,0,0.2604706585407257
2802,0,0.35199734568595886
2803,0,0.06165210157632828
2804,0,0.18874678015708923
2805,0,0.5859557390213013
2806,0,0.03429409861564636
2807,0,0.11116562783718109
2808,0,0.5805736184120178
2809,0,0.4721459746360779
2810,0,0.02237538807094097
2811,0,0.3331281840801239
2812,0,0.5702164173126221
2813,0,0.3912575840950012
2814,0,0.3067965805530548
2815,0,0.08995386958122253
2816,0,0.5756887793540955
2817,0,0.2150878757238388
2818,0,0.5708752274513245
2819,0,0.12674324214458466
2820,0,0.34284839034080505
2821,0,0.9063131809234619
2822,0,0.5737263560295105
2823,0,0.4117942452430725
2824,0,0.794870913028717
2825,0,0.8227835297584534
2826,0,0.05265827849507332
2827,0,0.6495456695556641
2828,0,0.1138572171330452
2829,0,0.22966454923152924
2830,0,0.008934427984058857
2831,0,0.3722934126853943
2832,0,0.10568565875291824
2833,0,0.15890569984912872
2834,0,0.12139260768890381
2835,0,0.644607424736023
2836,0,0.294976145029068
2837,0,0.15088629722595215
2838,0,0.29928573966026306
2839,0,0.6742740869522095
2840,0,0.506547212600708
2841,0,0.38117435574531555
2842,0,0.3858736753463745
2843,0,0.23130741715431213
2844,0,0.5820937156677246
2845,0,0.8244785070419312
2846,0,0.44750452041625977
2847,0,0.12786166369915009
2848,0,0.08859360963106155
2849,0,0.4296189844608307
2850,0,0.26848986744880676
2851,0,0.6564362049102783
2852,0,0.15650002658367157
2853,0,0.5514463782310486
2854,0,0.5321782231330872
2855,0,0.5696989297866821
2856,0,0.6724317073822021
2857,0,0.6427059173583984
2858,0,0.4342441260814667
2859,0,0.1842481940984726
2860,0,0.5492168664932251
2861,0,0.13763028383255005
2862,0,0.1654990315437317
2863,0,0.06103508174419403
2864,0,0.14722687005996704
2865,0,0.9015258550643921
2866,0,0.9108765125274658
2867,0,0.20225055515766144
2868,0,0.2964184880256653
2869,0,0.16555455327033997
2870,0,0.4218880534172058
2871,0,0.0873052179813385
2872,0,0.5244337916374207
2873,0,0.028419993817806244
2874,0,0.42743396759033203
2875,0,0.5815585255622864
2876,0,0.16257719695568085
2877,0,0.29256874322891235
2878,0,0.36300942301750183
2879,0,0.4153953194618225
2880,0,0.24313749372959137
2881,0,0.5385164618492126
2882,0,0.637258768081665
2883,0,0.2838544249534607
2884,0,0.14901383221149445
2885,0,0.4221107065677643
2886,0,0.711480438709259
2887,0,0.49126988649368286
2888,0,0.41467341780662537
2889,0,0.18551458418369293
2890,0,0.12103919684886932
2891,0,0.45203641057014465
2892,0,0.31525957584381104
2893,0,0.5701673030853271
2894,0,0.4376237690448761
2895,0,0.6087803244590759
2896,0,0.07545533776283264
2897,0,0.4043334126472473
2898,0,0.6866136789321899
2899,0,0.572971761226654
2900,0,0.19965870678424835
2901,0,0.008300409652292728
2902,0,0.614001452922821
2903,0,0.5602731704711914
2904,0,0.26569902896881104
2905,0,0.23191000521183014
2906,0,0.2855948805809021
2907,0,0.26319620013237
2908,0,0.01084970124065876
2909,0,0.03146000951528549
2910,0,0.19000042974948883
2911,0,0.7011753916740417
2912,0,0.01651175320148468
2913,0,0.4481823146343231
2914,0,0.4114619791507721
2915,0,0.1898493766784668
2916,0,0.6257109642028809
2917,0,0.36928099393844604
2918,0,0.21529284119606018
2919,0,0.4625047743320465
2920,0,0.11457618325948715
2921,0,0.6177935004234314
2922,0,0.32539311051368713
2923,0,0.03210638836026192
2924,0,0.18143348395824432
2925,0,0.18326225876808167
2926,0,0.022268405184149742
2927,0,0.016017425805330276
2928,0,0.9219107627868652
2929,0,0.24814161658287048
2930,0,0.42266231775283813
2931,0,0.011013071984052658
2932,0,0.43885353207588196
2933,0,0.5607403516769409
2934,0,0.47365498542785645
2935,0,0.6744871139526367
2936,0,0.45744588971138
2937,0,0.09176333993673325
2938,0,0.30810728669166565
2939,0,0.15611174702644348
2940,0,0.0861334428191185
2941,0,0.7886736989021301
2942,0,0.09536924958229065
2943,0,0.8305875062942505
2944,0,0.4662054479122162
2945,0,0.24341130256652832
2946,0,0.6053075194358826
2947,0,0.6858671307563782
2948,0,0.0517304390668869
2949,0,0.3735169768333435
2950,0,0.4117875099182129
2951,0,0.3020252287387848
2952,0,0.05726361274719238
2953,0,0.47010403871536255
2954,0,0.1914513260126114
2955,0,0.754063069820404
2956,0,0.11886350065469742
2957,0,0.17133617401123047
2958,0,0.24308115243911743
2959,0,0.3543943166732788
2960,0,0.320131778717041
2961,0,0.262929230928421
2962,0,0.24617193639278412
2963,0,0.45545968413352966
2964,0,0.563911497592926
2965,0,0.5573633909225464
2966,0,0.7097137570381165
2967,0,0.44485369324684143
2968,0,0.33024862408638
2969,0,0.5916328430175781
2970,0,0.6229979991912842
2971,0,0.2684611976146698
2972,0,0.5166806578636169
2973,0,0.012567421421408653
2974,0,0.2609383463859558
2975,0,0.660990297794342
2976,0,0.6005576848983765
2977,0,0.2638395428657532
2978,0,0.5919517874717712
2979,0,0.8639397621154785
2980,0,0.32762303948402405
2981,0,0.2642025649547577
2982,0,0.508636474609375
2983,0,0.2638755142688751
2984,0,0.4208983778953552
2985,0,0.28583812713623047
2986,0,0.14515657722949982
2987,0,0.423542320728302
2988,0,0.1390760838985443
2989,0,0.4929770529270172
2990,0,0.4232344329357147
2991,0,0.044503677636384964
2992,0,0.6036386489868164
2993,0,0.24934357404708862
2994,0,0.15681983530521393
2995,0,0.34046250581741333
2996,0,0.1291498839855194
2997,0,0.19699843227863312
2998,0,0.929859459400177
2999,0,0.6033624410629272
3000,0,0.2655753791332245
3001,0,0.014427850022912025
3002,0,0.07904717326164246
3003,0,0.3049238622188568
3004,0,0.5934398174285889
3005,0,0.4163229167461395
3006,0,0.6302968859672546
3007,0,0.515703022480011
3008,0,0.48733872175216675
3009,0,0.48138177394866943
3010,0,0.5788200497627258
3011,0,0.6503319144248962
3012,0,0.18068334460258484
3013,0,0.09017183631658554
3014,0,0.5075467824935913
3015,0,0.26928475499153137
3016,0,0.4625047743320465
3017,0,0.6308118104934692
3018,0,0.7046935558319092
3019,0,0.5753476619720459
3020,0,0.4384785294532776
3021,0,0.17094238102436066
3022,0,0.6111108660697937
3023,0,0.02626151405274868
3024,0,0.009050828404724598
3025,0,0.1574835479259491
3026,0,0.4275103509426117
3027,0,0.1216927170753479
3028,0,0.24340102076530457
3029,0,0.14138048887252808
3030,0,0.30902454257011414
3031,0,0.5061838030815125
3032,0,0.34751278162002563
3033,0,0.5144790410995483
3034,0,0.29947155714035034
3035,0,0.0945456251502037
3036,0,0.27533718943595886
3037,0,0.09020017832517624
3038,0,0.1762073040008545
3039,0,0.4390636682510376
3040,0,0.30283069610595703
3041,0,0.5920847654342651
3042,0,0.053439911454916
3043,0,0.1275528073310852
3044,0,0.14268149435520172
3045,0,0.36921074986457825
3046,0,0.0941944569349289
3047,0,0.4650130271911621
3048,0,0.47847628593444824
3049,0,0.2785775065422058
3050,0,0.2740100920200348
3051,0,0.5269719958305359
3052,0,0.07980339229106903
3053,0,0.08908630907535553
3054,0,0.9005570411682129
3055,0,0.08805599063634872
3056,0,0.5906314253807068
3057,0,0.3391183614730835
3058,0,0.868039071559906
3059,0,0.36425918340682983
3060,0,0.4755955636501312
3061,0,0.7762790322303772
3062,0,0.9141483306884766
3063,0,0.1315372735261917
3064,0,0.07627500593662262
3065,0,0.3617504835128784
3066,0,0.481435090303421
3067,0,0.4979320168495178
3068,0,0.07449492812156677
3069,0,0.7266383171081543
3070,0,0.511947751045227
3071,0,0.06118272617459297
3072,0,0.3961030840873718
3073,0,0.7842084765434265
3074,0,0.05935987830162048
3075,0,0.7557782530784607
3076,0,0.028284121304750443
3077,0,0.6656168699264526
3078,0,0.49051088094711304
3079,0,0.2079596072435379
3080,0,0.3312915563583374
3081,0,0.5404770374298096
3082,0,0.4217551648616791
3083,0,0.45670050382614136
3084,0,0.5659472942352295
3085,0,0.09605846554040909
3086,0,0.7201688885688782
3087,0,0.03487761318683624
3088,0,0.44391173124313354
3089,0,0.33114945888519287
3090,0,0.4625047743320465
3091,0,0.5006982088088989
3092,0,0.6547825932502747
3093,0,0.09927117079496384
3094,0,0.1722458302974701
3095,0,0.4947967529296875
3096,0,0.44396835565567017
3097,0,0.06982181966304779
3098,0,0.4580882489681244
3099,0,0.20754507184028625
3100,0,0.539097785949707
3101,0,0.27461129426956177
3102,0,0.4625047743320465
3103,0,0.6434568762779236
3104,0,0.5813867449760437
3105,0,0.29874739050865173
3106,0,0.6404706835746765
3107,0,0.266178160905838
3108,0,0.3542405664920807
3109,0,0.133493572473526
3110,0,0.33770671486854553
3111,0,0.45072704553604126
3112,0,0.4356067478656769
3113,0,0.21686917543411255
3114,0,0.5310501456260681
3115,0,0.28955256938934326
3116,0,0.6895556449890137
3117,0,0.4383818209171295
3118,0,0.2800957262516022
3119,0,0.3245997726917267
3120,0,0.49107545614242554
3121,0,0.22181381285190582
3122,0,0.8120884299278259
3123,0,0.40541988611221313
3124,0,0.17475773394107819
3125,0,0.0623832531273365
3126,0,0.40313467383384705
3127,0,0.1738690733909607
3128,0,0.03299291431903839
3129,0,0.12522311508655548
3130,0,0.37426483631134033
3131,0,0.33441078662872314
3132,0,0.499127596616745
3133,0,0.4810795485973358
3134,0,0.05106056109070778
3135,0,0.3475061357021332
3136,0,0.24214382469654083
3137,0,0.48458895087242126
3138,0,0.4836450219154358
3139,0,0.4589630961418152
3140,0,0.5805662870407104
3141,0,0.5466178059577942
3142,0,0.5129159688949585
3143,0,0.6292976140975952
3144,0,0.5358820557594299
3145,0,0.27970969676971436
3146,0,0.42996299266815186
3147,0,0.7201098203659058
3148,0,0.15338824689388275
3149,0,0.6819127202033997
3150,0,0.5960387587547302
3151,0,0.6132727861404419
3152,0,0.21237812936306
3153,0,0.15069915354251862
3154,0,0.40894898772239685
3155,0,0.32523661851882935
3156,0,0.35525938868522644
3157,0,0.48286905884742737
3158,0,0.6618533730506897
3159,0,0.011895597912371159
3160,0,0.055060014128685
3161,0,0.6340010762214661
3162,0,0.7612754106521606
3163,0,0.08189857751131058
3164,0,0.976143479347229
3165,0,0.09655486792325974
3166,0,0.007688156794756651
3167,0,0.2225453406572342
3168,0,0.2635423541069031
3169,0,0.569312572479248
3170,0,0.16887278854846954
3171,0,0.13895432651042938
3172,0,0.7294291853904724
3173,0,0.15665212273597717
3174,0,0.7494237422943115
3175,0,0.7232904434204102
3176,0,0.034802522510290146
3177,0,0.41006627678871155
3178,0,0.4689581096172333
3179,0,0.5055820941925049
3180,0,0.45739051699638367
3181,0,0.43653979897499084
3182,0,0.5252423882484436
3183,0,0.6560487747192383
3184,0,0.28684961795806885
3185,0,0.4762820303440094
3186,0,0.11002593487501144
3187,0,0.06464099884033203
3188,0,0.02672480046749115
3189,0,0.09457018226385117
3190,0,0.6288080215454102
3191,0,0.47000768780708313
3192,0,0.7690346240997314
3193,0,0.4656088948249817
3194,0,0.2309412658214569
3195,0,0.10179106146097183
3196,0,0.8320083618164062
3197,0,0.5037038922309875
3198,0,0.12457074970006943
3199,0,0.21626906096935272
3200,0,0.341753751039505
3201,0,0.38802191615104675
3202,0,0.35830119252204895
3203,0,0.2441183626651764
3204,0,0.9095093011856079
3205,0,0.11485806107521057
3206,0,0.39835524559020996
3207,0,0.6536039710044861
3208,0,0.3711572289466858
3209,0,0.06955867260694504
3210,0,0.4589630961418152
3211,0,0.5158812999725342
3212,0,0.3160439431667328
3213,0,0.30386558175086975
3214,0,0.7180368900299072
3215,0,0.532599925994873
3216,0,0.2739256024360657
3217,0,0.39746513962745667
3218,0,0.27165257930755615
3219,0,0.8003787398338318
3220,0,0.13850194215774536
3221,0,0.5015790462493896
3222,0,0.25343117117881775
3223,0,0.4589630961418152
3224,0,0.5030800104141235
3225,0,0.48286905884742737
3226,0,0.05580035224556923
3227,0,0.5992057919502258
3228,0,0.8229089379310608
3229,0,0.30659219622612
3230,0,0.49388056993484497
3231,0,0.2968604266643524
3232,0,0.6938081979751587
3233,0,0.6007001996040344
3234,0,0.4624744653701782
3235,0,0.4946798086166382
3236,0,0.23841238021850586
3237,0,0.2631642818450928
3238,0,0.07722446322441101
3239,0,0.5295655131340027
3240,0,0.026957308873534203
3241,0,0.057861924171447754
3242,0,0.4624131917953491
3243,0,0.3198222815990448
3244,0,0.23363099992275238
3245,0,0.4005465507507324
3246,0,0.6738518476486206
3247,0,0.17315036058425903
3248,0,0.25406408309936523
3249,0,0.5859361886978149
3250,0,0.4771162271499634
3251,0,0.22005006670951843
3252,0,0.10933717340230942
3253,0,0.024287937209010124
3254,0,0.9358351230621338
3255,0,0.3128614127635956
3256,0,0.2539099454879761
3257,0,0.18514688313007355
3258,0,0.36932793259620667
3259,0,0.603844404220581
3260,0,0.5237823724746704
3261,0,0.30922621488571167
3262,0,0.7132115960121155
3263,0,0.24054716527462006
3264,0,0.12041223794221878
3265,0,0.5545527935028076
3266,0,0.537917971611023
3267,0,0.2953353822231293
3268,0,0.5121966004371643
3269,0,0.5612170100212097
3270,0,0.5913152694702148
3271,0,0.20917458832263947
3272,0,0.3110606074333191
3273,0,0.16956990957260132
3274,0,0.5514463782310486
3275,0,0.5039458274841309
3276,0,0.413605272769928
3277,0,0.24831590056419373
3278,0,0.4704299867153168
3279,0,0.24940282106399536
3280,0,0.263361394405365
3281,0,0.45983707904815674
3282,0,0.5591536164283752
3283,0,0.3101566433906555
3284,0,0.8592960834503174
3285,0,0.1254524141550064
3286,0,0.36309272050857544
3287,0,0.00923157762736082
3288,0,0.4741003215312958
3289,0,0.19158835709095
3290,0,0.15651138126850128
3291,0,0.41512227058410645
3292,0,0.12268770486116409
3293,0,0.5626958608627319
3294,0,0.4287358522415161
3295,0,0.3099614381790161
3296,0,0.047461844980716705
3297,0,0.07380540668964386
3298,0,0.3081699013710022
3299,0,0.6975654363632202
3300,0,0.22296251356601715
3301,0,0.3827574551105499
3302,0,0.21716724336147308
3303,0,0.10099435597658157
3304,0,0.14476890861988068
3305,0,0.5103099942207336
3306,0,0.3557085394859314
3307,0,0.15522590279579163
3308,0,0.3884289860725403
3309,0,0.19837526977062225
3310,0,0.3716306686401367
3311,0,0.4625047743320465
3312,0,0.3822174072265625
3313,0,0.6142613887786865
3314,0,0.6047745943069458
3315,0,0.5403872728347778
3316,0,0.7842084765434265
3317,0,0.5869953036308289
3318,0,0.694890558719635
3319,0,0.26423072814941406
3320,0,0.4625047743320465
3321,0,0.30492299795150757
3322,0,0.4503008723258972
3323,0,0.2249390333890915
3324,0,0.20928286015987396
3325,0,0.511005163192749
3326,0,0.5266632437705994
3327,0,0.2537497878074646
3328,0,0.2790238559246063
3329,0,0.26192760467529297
3330,0,0.560737133026123
3331,0,0.18489471077919006
3332,0,0.4689301550388336
3333,0,0.9082803726196289
3334,0,0.401650995016098
3335,0,0.5265432000160217
3336,0,0.024630149826407433
3337,0,0.1644936203956604
3338,0,0.021678514778614044
3339,0,0.7011021971702576
3340,0,0.33719587326049805
3341,0,0.21041113138198853
3342,0,0.35088664293289185
3343,0,0.1768224984407425
3344,0,0.18751254677772522
3345,0,0.7336639761924744
3346,0,0.04406309872865677
3347,0,0.6427302956581116
3348,0,0.4901367425918579
3349,0,0.10833578556776047
3350,0,0.43043631315231323
3351,0,0.5335984826087952
3352,0,0.37520191073417664
3353,0,0.08778522908687592
3354,0,0.150372713804245
3355,0,0.4911227226257324
3356,0,0.384143590927124
3357,0,0.5554330945014954
3358,0,0.6494348049163818
3359,0,0.6676536798477173
3360,0,0.5616533756256104
3361,0,0.5210255980491638
3362,0,0.6488440632820129
3363,0,0.4061344563961029
3364,0,0.06930037587881088
3365,0,0.09806164354085922
3366,0,0.059939220547676086
3367,0,0.2792084217071533
3368,0,0.904401421546936
3369,0,0.8101561665534973
3370,0,0.834968090057373
3371,0,0.04693379998207092
3372,0,0.4757460951805115
3373,0,0.2649981379508972
3374,0,0.34567150473594666
3375,0,0.6487286686897278
3376,0,0.28865906596183777
3377,0,0.15172302722930908
3378,0,0.5813742280006409
3379,0,0.009497355669736862
3380,0,0.6143715977668762
3381,0,0.16304606199264526
3382,0,0.5775132179260254
3383,0,0.4520605802536011
3384,0,0.09708166122436523
3385,0,0.08766799420118332
3386,0,0.6817430257797241
3387,0,0.17889940738677979
3388,0,0.8430112600326538
3389,0,0.03731047734618187
3390,0,0.46586036682128906
3391,0,0.30087101459503174
3392,0,0.24112778902053833
3393,0,0.5293979644775391
3394,0,0.04752615466713905
3395,0,0.49882152676582336
3396,0,0.14897222816944122
3397,0,0.4060225188732147
3398,0,0.20898646116256714
3399,0,0.01589459553360939
3400,0,0.25804251432418823
3401,0,0.20785710215568542
3402,0,0.07438037544488907
3403,0,0.5877771377563477
3404,0,0.1555841863155365
3405,0,0.43418216705322266
3406,0,0.4589630961418152
3407,0,0.956447184085846
3408,0,0.05465368553996086
3409,0,0.5501474142074585
3410,0,0.8601781725883484
3411,0,0.4123498499393463
3412,0,0.5457088351249695
3413,0,0.7110484838485718
3414,0,0.13491252064704895
3415,0,0.8780152797698975
3416,0,0.4589630961418152
3417,0,0.1372416615486145
3418,0,0.013314217329025269
3419,0,0.6249924302101135
3420,0,0.6777109503746033
3421,0,0.5863786935806274
3422,0,0.5719345808029175
3423,0,0.9012678265571594
3424,0,0.4379770755767822
3425,0,0.04881683364510536
3426,0,0.017461054027080536
3427,0,0.366721510887146
3428,0,0.25535961985588074
3429,0,0.07971347868442535
3430,0,0.7989153265953064
3431,0,0.5836494565010071
3432,0,0.20953872799873352
3433,0,0.501680850982666
3434,0,0.29901331663131714
3435,0,0.47934794425964355
3436,0,0.15283766388893127
3437,0,0.6109849214553833
3438,0,0.39661121368408203
3439,0,0.054336484521627426
3440,0,0.17406783998012543
3441,0,0.735953688621521
3442,0,0.6434480547904968
3443,0,0.10288674384355545
3444,0,0.2911466062068939
3445,0,0.07509015500545502
3446,0,0.4756935238838196
3447,0,0.0440213680267334
3448,0,0.34660249948501587
3449,0,0.21105888485908508
3450,0,0.1978079378604889
3451,0,0.4346129894256592
3452,0,0.5518901944160461
3453,0,0.2633797228336334
3454,0,0.587292492389679
3455,0,0.26117807626724243
3456,0,0.03657941520214081
3457,0,0.44117558002471924
3458,0,0.34992897510528564
3459,0,0.5527340173721313
3460,0,0.4150562882423401
3461,0,0.05914858728647232
3462,0,0.608468770980835
3463,0,0.2311340719461441
3464,0,0.1605978161096573
3465,0,0.025529300794005394
3466,0,0.2328231781721115
3467,0,0.6072601079940796
3468,0,0.6116970181465149
3469,0,0.5336526036262512
3470,0,0.05197319760918617
3471,0,0.7569876909255981
3472,0,0.18601305782794952
3473,0,0.03830393776297569
3474,0,0.3514503538608551
3475,0,0.1368013471364975
3476,0,0.22436195611953735
3477,0,0.5640016198158264
3478,0,0.5522549748420715
3479,0,0.3021915555000305
3480,0,0.05091960355639458
3481,0,0.4650544822216034
3482,0,0.23076391220092773
3483,0,0.49388056993484497
3484,0,0.12889587879180908
3485,0,0.4988628923892975
3486,0,0.3867977559566498
3487,0,0.28431031107902527
3488,0,0.0648694559931755
3489,0,0.10990645736455917
3490,0,0.4005314111709595
3491,0,0.24980542063713074
3492,0,0.599200427532196
3493,0,0.5437710881233215
3494,0,0.2600797712802887
3495,0,0.5081160664558411
3496,0,0.6640483736991882
3497,0,0.24060644209384918
3498,0,0.17753387987613678
3499,0,0.06414826959371567
3500,0,0.6015475988388062
3501,0,0.5609843730926514
3502,0,0.13294647634029388
3503,0,0.11226769536733627
3504,0,0.13158686459064484
3505,0,0.1695503145456314
3506,0,0.4944400191307068
3507,0,0.8463013172149658
3508,0,0.35075312852859497
3509,0,0.5014858841896057
3510,0,0.6794673204421997
3511,0,0.909059464931488
3512,0,0.19296692311763763
3513,0,0.4379770755767822
3514,0,0.08819347620010376
3515,0,0.15308918058872223
3516,0,0.4217013418674469
3517,0,0.538288950920105
3518,0,0.7159267067909241
3519,0,0.5913827419281006
3520,0,0.19170066714286804
3521,0,0.6192334294319153
3522,0,0.8881241679191589
3523,0,0.4339176118373871
3524,0,0.22862406075000763
3525,0,0.23518730700016022
3526,0,0.745941698551178
3527,0,0.05316053703427315
3528,0,0.055964671075344086
3529,0,0.5207733511924744
3530,0,0.46697622537612915
3531,0,0.1471935510635376
3532,0,0.3629814088344574
3533,0,0.43658876419067383
3534,0,0.4293644428253174
3535,0,0.12389246374368668
3536,0,0.632615864276886
3537,0,0.415689080953598
3538,0,0.20934464037418365
3539,0,0.4443493187427521
3540,0,0.32780471444129944
3541,0,0.25127896666526794
3542,0,0.02451462671160698
3543,0,0.5217370986938477
3544,0,0.3649017810821533
3545,0,0.21099267899990082
3546,0,0.4655836224555969
3547,0,0.17730356752872467
3548,0,0.444269597530365
3549,0,0.896050214767456
3550,0,0.12609213590621948
3551,0,0.4945402443408966
3552,0,0.08624996244907379
3553,0,0.21614381670951843
3554,0,0.17454934120178223
3555,0,0.4176173210144043
3556,0,0.5514463782310486
3557,0,0.3909687399864197
3558,0,0.32909712195396423
3559,0,0.569898784160614
3560,0,0.38650354743003845
3561,0,0.33680617809295654
3562,0,0.06120237335562706
3563,0,0.2362711876630783
3564,0,0.5374881625175476
3565,0,0.5332580804824829
3566,0,0.4301477074623108
3567,0,0.5165236592292786
3568,0,0.45055845379829407
3569,0,0.23083099722862244
3570,0,0.6644628047943115
3571,0,0.3909931182861328
3572,0,0.7575767636299133
3573,0,0.17647120356559753
3574,0,0.49223899841308594
3575,0,0.022937346249818802
3576,0,0.2046455591917038
3577,0,0.06287136673927307
3578,0,0.6746993064880371
3579,0,0.47917166352272034
3580,0,0.4931209683418274
3581,0,0.06052297353744507
3582,0,0.46328893303871155
3583,0,0.0872591957449913
3584,0,0.2539653480052948
3585,0,0.6610387563705444
3586,0,0.43440449237823486
3587,0,0.013207861222326756
3588,0,0.09583278000354767
3589,0,0.52829509973526
3590,0,0.692498505115509
3591,0,0.48286905884742737
3592,0,0.12934798002243042
3593,0,0.47847628593444824
3594,0,0.2677314281463623
3595,0,0.4278518855571747
3596,0,0.6238744258880615
3597,0,0.43372249603271484
3598,0,0.6280653476715088
3599,0,0.02807190641760826
3600,0,0.894665002822876
3601,0,0.42878231406211853
3602,0,0.4918336272239685
3603,0,0.2837463617324829
3604,0,0.45636874437332153
3605,0,0.5281998515129089
3606,0,0.049399346113204956
3607,0,0.47511932253837585
3608,0,0.06224091723561287
3609,0,0.081743985414505
3610,0,0.2728287875652313
3611,0,0.40672218799591064
3612,0,0.6298607587814331
3613,0,0.08039064705371857
3614,0,0.3201657235622406
3615,0,0.46800270676612854
3616,0,0.24297581613063812
3617,0,0.6567040085792542
3618,0,0.8967525362968445
3619,0,0.17455923557281494
3620,0,0.37230050563812256
3621,0,0.15676872432231903
3622,0,0.37839457392692566
3623,0,0.5514463782310486
3624,0,0.7020238041877747
3625,0,0.6950427889823914
3626,0,0.06971047818660736
3627,0,0.46845874190330505
3628,0,0.2167910486459732
3629,0,0.6062233448028564
3630,0,0.29882821440696716
3631,0,0.26147592067718506
3632,0,0.1256197988986969
3633,0,0.4811309278011322
3634,0,0.9464321732521057
3635,0,0.43833133578300476
3636,0,0.08651309460401535
3637,0,0.5354222655296326
3638,0,0.7349219918251038
3639,0,0.42714402079582214
3640,0,0.010533329099416733
3641,0,0.3570714592933655
3642,0,0.019017471000552177
3643,0,0.5311868786811829
3644,0,0.28799310326576233
3645,0,0.2260694056749344
3646,0,0.23731213808059692
3647,0,0.5082215666770935
3648,0,0.5633023977279663
3649,0,0.7447450160980225
3650,0,0.4589630961418152
3651,0,0.5089184045791626
3652,0,0.09123243391513824
3653,0,0.14818815886974335
3654,0,0.8628015518188477
3655,0,0.16563007235527039
3656,0,0.113511823117733
3657,0,0.38409245014190674
3658,0,0.7304897308349609
3659,0,0.08179351687431335
3660,0,0.12697917222976685
3661,0,0.1456211507320404
3662,0,0.3526085913181305
3663,0,0.5799149870872498
3664,0,0.47250446677207947
3665,0,0.09653616696596146
3666,0,0.8000009059906006
3667,0,0.11502308398485184
3668,0,0.7827934622764587
3669,0,0.4589630961418152
3670,0,0.20703180134296417
3671,0,0.3269779086112976
3672,0,0.7654126286506653
3673,0,0.42256754636764526
3674,0,0.586256742477417
3675,0,0.0769745334982872
3676,0,0.856926441192627
3677,0,0.021741041913628578
3678,0,0.5840551853179932
3679,0,0.04226275905966759
3680,0,0.3224116563796997
3681,0,0.140193372964859
3682,0,0.2030973583459854
3683,0,0.31871044635772705
3684,0,0.5842960476875305
3685,0,0.4589630961418152
3686,0,0.5162286758422852
3687,0,0.5120956897735596
3688,0,0.20334336161613464
3689,0,0.10797922313213348
3690,0,0.8799790740013123
3691,0,0.7086808681488037
3692,0,0.24908074736595154
3693,0,0.7432422637939453
3694,0,0.855137825012207
3695,0,0.5920823216438293
3696,0,0.4615572988986969
3697,0,0.6103370189666748
3698,0,0.180664524435997
3699,0,0.5031051635742188
3700,0,0.7133411169052124
3701,0,0.09136928617954254
3702,0,0.26992788910865784
3703,0,0.9117844104766846
3704,0,0.06759145110845566
3705,0,0.27263766527175903
3706,0,0.23263312876224518
3707,0,0.6962480545043945
3708,0,0.4104059040546417
3709,0,0.2755378484725952
3710,0,0.5988560318946838
3711,0,0.5370646119117737
3712,0,0.24234384298324585
3713,0,0.13982665538787842
3714,0,0.8191463947296143
3715,0,0.5582348704338074
3716,0,0.21168170869350433
3717,0,0.15501433610916138
3718,0,0.40022900700569153
3719,0,0.6724939942359924
3720,0,0.4625047743320465
3721,0,0.048387311398983
3722,0,0.5391738414764404
3723,0,0.4317648410797119
3724,0,0.19544050097465515
3725,0,0.03020453453063965
3726,0,0.3252793252468109
3727,0,0.1993817389011383
3728,0,0.17334124445915222
3729,0,0.7273679971694946
3730,0,0.06364340335130692
3731,0,0.3237334191799164
3732,0,0.014064427465200424
3733,0,0.46410495042800903
3734,0,0.15060430765151978
3735,0,0.3788067102432251
3736,0,0.6194462776184082
3737,0,0.36693012714385986
3738,0,0.595207929611206
3739,0,0.8621444702148438
3740,0,0.011367065832018852
3741,0,0.4769253134727478
3742,0,0.46745172142982483
3743,0,0.25351807475090027
3744,0,0.524802029132843
3745,0,0.5267887115478516
3746,0,0.17768579721450806
3747,0,0.6332658529281616
3748,0,0.05565635487437248
3749,0,0.08477692306041718
3750,0,0.30480602383613586
3751,0,0.36292654275894165
3752,0,0.05326893553137779
3753,0,0.5432955622673035
3754,0,0.08306746184825897
3755,0,0.3131749629974365
3756,0,0.045074738562107086
3757,0,0.585331380367279
3758,0,0.4777936637401581
3759,0,0.604860246181488
3760,0,0.964779257774353
3761,0,0.018799101933836937
3762,0,0.47369906306266785
3763,0,0.7169700860977173
3764,0,0.7836312651634216
3765,0,0.3341817557811737
3766,0,0.15726006031036377
3767,0,0.4659593403339386
3768,0,0.7130484580993652
3769,0,0.11003325879573822
3770,0,0.4379770755767822
3771,0,0.04090051352977753
3772,0,0.04149544611573219
3773,0,0.11644155532121658
3774,0,0.7689196467399597
3775,0,0.17837534844875336
3776,0,0.008552218787372112
3777,0,0.2342960685491562
3778,0,0.11392562091350555
3779,0,0.4257013201713562
3780,0,0.3702815771102905
3781,0,0.08934909105300903
3782,0,0.088300421833992
3783,0,0.027922166511416435
3784,0,0.38498350977897644
3785,0,0.35735756158828735
3786,0,0.07697822898626328
3787,0,0.2516319751739502
3788,0,0.16801095008850098
3789,0,0.37550368905067444
3790,0,0.5604846477508545
3791,0,0.44768744707107544
3792,0,0.17068815231323242
3793,0,0.1431085169315338
3794,0,0.27372369170188904
3795,0,0.4099248945713043
3796,0,0.4132196605205536
3797,0,0.4589630961418152
3798,0,0.17415751516819
3799,0,0.515234112739563
3800,0,0.048603370785713196
3801,0,0.32073989510536194
3802,0,0.26442641019821167
3803,0,0.9564931988716125
3804,0,0.3671379089355469
3805,0,0.09419374912977219
3806,0,0.07621315866708755
3807,0,0.6679567098617554
3808,0,0.410241037607193
3809,0,0.6100608706474304
3810,0,0.6824272871017456
3811,0,0.3873019218444824
3812,0,0.24049311876296997
3813,0,0.48286905884742737
3814,0,0.1550196260213852
3815,0,0.6956548690795898
3816,0,0.4589630961418152
3817,0,0.6651927828788757
3818,0,0.37044283747673035
3819,0,0.010895018465816975
3820,0,0.2515162527561188
3821,0,0.5262101292610168
3822,0,0.5075528025627136
3823,0,0.2423611432313919
3824,0,0.1137925460934639
3825,0,0.5187117457389832
3826,0,0.5063462853431702
3827,0,0.6925060153007507
3828,0,0.5995689630508423
3829,0,0.7749986052513123
3830,0,0.7344667911529541
3831,0,0.28739669919013977
3832,0,0.6741375923156738
3833,0,0.22674718499183655
3834,0,0.24929066002368927
3835,0,0.06537789106369019
3836,0,0.6787273287773132
3837,0,0.47341227531433105
3838,0,0.08838990330696106
3839,0,0.571122407913208
3840,0,0.2670033276081085
3841,0,0.44990989565849304
3842,0,0.25547918677330017
3843,0,0.1325255185365677
3844,0,0.09008857607841492
3845,0,0.4407019317150116
3846,0,0.4341331124305725
3847,0,0.3592555522918701
3848,0,0.08006887882947922
3849,0,0.8390081524848938
3850,0,0.5021618604660034
3851,0,0.5075592994689941
3852,0,0.3386293053627014
3853,0,0.2944049835205078
3854,0,0.3232658803462982
3855,0,0.19179502129554749
3856,0,0.25769585371017456
3857,0,0.5076993107795715
3858,0,0.9076153635978699
3859,0,0.3429466485977173
3860,0,0.6631536483764648
3861,0,0.5430746078491211
3862,0,0.5054494142532349
3863,0,0.4824369549751282
3864,0,0.3674616813659668
3865,0,0.04395326226949692
3866,0,0.1862565279006958
3867,0,0.49388056993484497
3868,0,0.1593703031539917
3869,0,0.42231354117393494
3870,0,0.6363930702209473
3871,0,0.7630074620246887
3872,0,0.21401432156562805
3873,0,0.4203542470932007
3874,0,0.29675203561782837
3875,0,0.46906372904777527
3876,0,0.360831081867218
3877,0,0.06871312111616135
3878,0,0.10963449627161026
3879,0,0.43005937337875366
3880,0,0.24072009325027466
3881,0,0.49171575903892517
3882,0,0.1672147661447525
3883,0,0.3118736147880554
3884,0,0.43983525037765503
3885,0,0.2273941934108734
3886,0,0.6512830257415771
3887,0,0.17890286445617676
3888,0,0.6839946508407593
3889,0,0.15352597832679749
3890,0,0.6152660250663757
3891,0,0.7059940099716187
3892,0,0.05296241119503975
3893,0,0.024822890758514404
3894,0,0.6769348382949829
3895,0,0.3152461349964142
3896,0,0.8408873677253723
3897,0,0.710498571395874
3898,0,0.12666073441505432
3899,0,0.4145919382572174
3900,0,0.5690696239471436
3901,0,0.5888057947158813
3902,0,0.23777978122234344
3903,0,0.43453168869018555
3904,0,0.07551858574151993
3905,0,0.09564045071601868
3906,0,0.13721223175525665
3907,0,0.026005081832408905
3908,0,0.10639914125204086
3909,0,0.0449250265955925
3910,0,0.3790123760700226
3911,0,0.824350893497467
3912,0,0.521190881729126
3913,0,0.16166432201862335
3914,0,0.12882688641548157
3915,0,0.4259819984436035
3916,0,0.2818143665790558
3917,0,0.07301335781812668
3918,0,0.314232736825943
3919,0,0.33736106753349304
3920,0,0.4187012016773224
3921,0,0.07048100233078003
3922,0,0.39650729298591614
3923,0,0.28449392318725586
3924,0,0.16929468512535095
3925,0,0.4865604043006897
3926,0,0.3033234775066376
3927,0,0.31909212470054626
3928,0,0.16181312501430511
3929,0,0.18664893507957458
3930,0,0.4012320637702942
3931,0,0.0900413915514946
3932,0,0.19848906993865967
3933,0,0.14472679793834686
3934,0,0.5681478977203369
3935,0,0.12143995612859726
3936,0,0.0768817886710167
3937,0,0.69252610206604
3938,0,0.893800675868988
3939,0,0.41606658697128296
3940,0,0.07665660977363586
3941,0,0.0864642933011055
3942,0,0.6867020130157471
3943,0,0.38162946701049805
3944,0,0.7691518068313599
3945,0,0.0154745914041996
3946,0,0.5514371991157532
3947,0,0.7508071660995483
3948,0,0.709688663482666
3949,0,0.4611968994140625
3950,0,0.12795321643352509
3951,0,0.4846031367778778
3952,0,0.710149347782135
3953,0,0.028547635301947594
3954,0,0.4379652738571167
3955,0,0.45898550748825073
3956,0,0.32035505771636963
3957,0,0.5149708986282349
3958,0,0.3231675326824188
3959,0,0.5201463103294373
3960,0,0.030537784099578857
3961,0,0.7647867798805237
3962,0,0.019762130454182625
3963,0,0.37580162286758423
3964,0,0.9292159080505371
3965,0,0.8972959518432617
3966,0,0.4215836822986603
3967,0,0.5954599976539612
3968,0,0.22084666788578033
3969,0,0.568338930606842
3970,0,0.024900829419493675
3971,0,0.5266175866127014
3972,0,0.019916173070669174
3973,0,0.0613618865609169
3974,0,0.8016055226325989
3975,0,0.41072142124176025
3976,0,0.2881571650505066
3977,0,0.3224806785583496
3978,0,0.4624541699886322
3979,0,0.23156924545764923
3980,0,0.6673433184623718
3981,0,0.22660008072853088
3982,1,0.6831014156341553
3983,1,0.5569412708282471
