index,y_true,y_pred_oof
0,1,0.976823091506958
1,1,0.9813135862350464
2,1,0.6890094876289368
3,1,0.7243085503578186
4,1,0.4131558835506439
5,1,0.07652328163385391
6,1,0.034602824598550797
7,1,0.3558845818042755
8,1,0.9243730902671814
9,1,0.5225768685340881
10,1,0.6107882857322693
11,1,0.6191387176513672
12,1,0.5466158986091614
13,1,0.979899525642395
14,1,0.9379753470420837
15,1,0.6654295921325684
16,1,0.8538722991943359
17,1,0.45074114203453064
18,1,0.9256040453910828
19,1,0.8704017996788025
20,1,0.768482506275177
21,1,0.895345151424408
22,1,0.6330245733261108
23,1,0.9382126331329346
24,1,0.9299818277359009
25,1,0.6148740649223328
26,1,0.795769989490509
27,1,0.9394308924674988
28,1,0.9235865473747253
29,1,0.9641834497451782
30,1,0.8945103287696838
31,1,0.7481740117073059
32,1,0.9371063709259033
33,1,0.3048779368400574
34,1,0.5396142601966858
35,1,0.8313174247741699
36,1,0.8335973024368286
37,1,0.924501359462738
38,1,0.9359908103942871
39,1,0.8362392783164978
40,1,0.9953659772872925
41,1,0.5085487365722656
42,1,0.08803709596395493
43,1,0.6911923289299011
44,1,0.8910955786705017
45,1,0.8522096276283264
46,1,0.5804135799407959
47,1,0.7901957035064697
48,1,0.7959997057914734
49,1,0.891960084438324
50,1,0.9343100786209106
51,1,0.9472613334655762
52,1,0.8558134436607361
53,1,0.8332706093788147
54,1,0.5710654258728027
55,1,0.9511585831642151
56,1,0.445422500371933
57,1,0.22747893631458282
58,1,0.3183353543281555
59,1,0.9079762101173401
60,1,0.8575646877288818
61,1,0.8538221716880798
62,1,0.2670227289199829
63,1,0.7141819000244141
64,1,0.7511128187179565
65,1,0.8584432601928711
66,1,0.7082959413528442
67,1,0.40300801396369934
68,1,0.49529820680618286
69,1,0.953556478023529
70,1,0.5862491726875305
71,1,0.9491904377937317
72,1,0.2528235614299774
73,1,0.4195968210697174
74,1,0.47390228509902954
75,1,0.7898032665252686
76,1,0.8754948377609253
77,1,0.9760752320289612
78,1,0.7995812892913818
79,1,0.29508477449417114
80,1,0.9837132692337036
81,1,0.813815176486969
82,1,0.9060160517692566
83,1,0.4441402852535248
84,1,0.9621803760528564
85,1,0.41168463230133057
86,1,0.8525299429893494
87,1,0.25115787982940674
88,1,0.8667987585067749
89,1,0.8298201560974121
90,1,0.5352987051010132
91,1,0.9342992901802063
92,1,0.9582120776176453
93,1,0.7322958111763
94,1,0.9740961194038391
95,1,0.7743045687675476
96,1,0.9754128456115723
97,1,0.9861361980438232
98,1,0.9698049426078796
99,1,0.8584223389625549
100,1,0.9452365040779114
101,1,0.991161584854126
102,1,0.4847297966480255
103,1,0.6754106283187866
104,1,0.9423670172691345
105,1,0.9510054588317871
106,1,0.9432211518287659
107,1,0.8254842162132263
108,1,0.41853657364845276
109,1,0.9751992225646973
110,1,0.9916912317276001
111,1,0.9762160778045654
112,1,0.9942007064819336
113,1,0.7110361456871033
114,1,0.7547200918197632
115,1,0.36835119128227234
116,1,0.3666188716888428
117,1,0.9346026182174683
118,1,0.12555640935897827
119,1,0.49560546875
120,1,0.8534486293792725
121,1,0.4447439908981323
122,1,0.9179556369781494
123,1,0.925266444683075
124,1,0.9313403964042664
125,1,0.47054800391197205
126,1,0.6061829328536987
127,1,0.3249269127845764
128,1,0.9652565121650696
129,1,0.9154523015022278
130,1,0.9874975681304932
131,1,0.9095020890235901
132,1,0.14931237697601318
133,1,0.9029133915901184
134,1,0.5621118545532227
135,1,0.645675003528595
136,1,0.9034831523895264
137,1,0.9760638475418091
138,1,0.3901365399360657
139,1,0.9297972917556763
140,1,0.3588084280490875
141,1,0.9924759268760681
142,1,0.47022324800491333
143,1,0.6402610540390015
144,1,0.9482979774475098
145,1,0.6144033670425415
146,1,0.9598493576049805
147,1,0.9049059748649597
148,1,0.9662884473800659
149,1,0.28202900290489197
150,1,0.8933711647987366
151,1,0.9410051107406616
152,1,0.6531762480735779
153,1,0.23872143030166626
154,1,0.8235880732536316
155,1,0.8940643668174744
156,1,0.8838091492652893
157,1,0.9944319128990173
158,1,0.8074798583984375
159,1,0.7052335739135742
160,1,0.9422913193702698
161,1,0.4827851355075836
162,1,0.5574652552604675
163,1,0.12814699113368988
164,1,0.9589371681213379
165,1,0.891399085521698
166,1,0.9986326098442078
167,1,0.946861982345581
168,1,0.9697567224502563
169,1,0.718981921672821
170,1,0.6025302410125732
171,1,0.9971326589584351
172,1,0.406024694442749
173,1,0.8201682567596436
174,1,0.4119061231613159
175,1,0.7271192669868469
176,1,0.9590590000152588
177,1,0.9860252737998962
178,1,0.9129930734634399
179,1,0.9925179481506348
180,1,0.8413710594177246
181,1,0.525436520576477
182,1,0.9971311092376709
183,1,0.9128453731536865
184,1,0.7945086359977722
185,1,0.9507371783256531
186,1,0.9797995686531067
187,1,0.9826237559318542
188,1,0.07399573177099228
189,1,0.9186000823974609
190,1,0.9963764548301697
191,1,0.8302591443061829
192,1,0.9431912302970886
193,1,0.14894233644008636
194,1,0.8756325244903564
195,1,0.9959138035774231
196,1,0.6602248549461365
197,1,0.9697961807250977
198,1,0.8387184143066406
199,1,0.8984748721122742
200,1,0.9613301157951355
201,1,0.5814302563667297
202,1,0.9400517344474792
203,1,0.35394877195358276
204,1,0.9819227457046509
205,1,0.06866421550512314
206,1,0.5674551725387573
207,1,0.921734094619751
208,1,0.9157817959785461
209,1,0.9376051425933838
210,1,0.6300554275512695
211,1,0.1776488870382309
212,1,0.03411810100078583
213,1,0.923741340637207
214,1,0.9850832223892212
215,1,0.865459144115448
216,1,0.912057101726532
217,1,0.09061771631240845
218,1,0.9763182997703552
219,1,0.9692866802215576
220,1,0.8906987309455872
221,1,0.945584237575531
222,1,0.982653796672821
223,1,0.9918385148048401
224,1,0.9672914743423462
225,1,0.789752185344696
226,1,0.8979448676109314
227,1,0.7880516648292542
228,1,0.1882304549217224
229,1,0.6072611212730408
230,1,0.9024913311004639
231,1,0.11969512701034546
232,1,0.8263869881629944
233,1,0.17520451545715332
234,1,0.9167899489402771
235,1,0.9772053360939026
236,1,0.9092064499855042
237,1,0.9853675365447998
238,1,0.8550869226455688
239,1,0.7761583924293518
240,1,0.20255345106124878
241,1,0.9794183969497681
242,1,0.6218841075897217
243,1,0.5408360362052917
244,1,0.03715808689594269
245,1,0.9261120557785034
246,1,0.9573167562484741
247,1,0.34456607699394226
248,1,0.4835468828678131
249,1,0.4466087222099304
250,1,0.8521602749824524
251,1,0.618179440498352
252,1,0.785284698009491
253,1,0.8165494799613953
254,1,0.3119334876537323
255,1,0.9777050018310547
256,1,0.6988171935081482
257,1,0.9389263987541199
258,1,0.8069840669631958
259,1,0.8924592137336731
260,1,0.8510851860046387
261,1,0.9721075892448425
262,1,0.5684521794319153
263,1,0.9806839823722839
264,1,0.9628838896751404
265,1,0.9839454293251038
266,1,0.1981791853904724
267,1,0.7193886041641235
268,1,0.9625598192214966
269,1,0.6196368932723999
270,1,0.31548017263412476
271,1,0.4787588119506836
272,1,0.5946894288063049
273,1,0.13538996875286102
274,1,0.22346115112304688
275,1,0.5723112225532532
276,1,0.9593959450721741
277,1,0.8003501296043396
278,1,0.7873284220695496
279,1,0.08868015557527542
280,1,0.1350260227918625
281,1,0.3406292200088501
282,1,0.49184688925743103
283,1,0.5935354232788086
284,1,0.9284156560897827
285,1,0.8770492672920227
286,1,0.41961202025413513
287,1,0.5721124410629272
288,1,0.8304016590118408
289,1,0.5059563517570496
290,1,0.6075629591941833
291,1,0.08002527058124542
292,1,0.5318225026130676
293,1,0.6418203115463257
294,1,0.14265495538711548
295,1,0.5626899003982544
296,1,0.9889549016952515
297,1,0.5316116213798523
298,1,0.8903912305831909
299,1,0.7436631321907043
300,1,0.9925655126571655
301,1,0.9822281002998352
302,1,0.33535104990005493
303,1,0.9668735265731812
304,1,0.9681203365325928
305,1,0.4965254068374634
306,1,0.5528483986854553
307,1,0.9598773121833801
308,1,0.9886807203292847
309,1,0.2251386195421219
310,1,0.4189836382865906
311,1,0.8406878709793091
312,1,0.3488796055316925
313,1,0.7160676121711731
314,1,0.9870397448539734
315,1,0.20873169600963593
316,1,0.8698664903640747
317,1,0.9563649892807007
318,1,0.9663479924201965
319,1,0.8367472887039185
320,1,0.8904414176940918
321,1,0.431028813123703
322,1,0.9328298568725586
323,1,0.979951798915863
324,1,0.8178929686546326
325,1,0.9825063943862915
326,1,0.9598448276519775
327,1,0.9631859660148621
328,1,0.991635799407959
329,1,0.6034245491027832
330,1,0.9420653581619263
331,1,0.9217959642410278
332,1,0.9821901321411133
333,1,0.83954256772995
334,1,0.9503581523895264
335,1,0.9355444312095642
336,1,0.9907386302947998
337,1,0.9634143710136414
338,1,0.9322584867477417
339,1,0.9531863331794739
340,1,0.9634170532226562
341,1,0.9606682658195496
342,1,0.978607177734375
343,1,0.97378009557724
344,1,0.9945185780525208
345,1,0.9557831883430481
346,1,0.9605034589767456
347,1,0.9744301438331604
348,1,0.6595712304115295
349,1,0.9638946056365967
350,1,0.5826606154441833
351,1,0.9063357710838318
352,1,0.8601675033569336
353,1,0.6269525289535522
354,1,0.10690745711326599
355,1,0.7493670582771301
356,1,0.4929845929145813
357,1,0.9030782580375671
358,1,0.859530508518219
359,1,0.970598578453064
360,1,0.8137629628181458
361,1,0.9254702925682068
362,1,0.9912286996841431
363,1,0.9389569163322449
364,1,0.30867886543273926
365,1,0.8605273365974426
366,1,0.8067378401756287
367,1,0.9510161280632019
368,1,0.8895156979560852
369,1,0.8829826712608337
370,1,0.8411794304847717
371,1,0.9831472039222717
372,1,0.5278921723365784
373,1,0.8954054713249207
374,1,0.7831048369407654
375,1,0.9153875708580017
376,1,0.9474248886108398
377,1,0.9751315116882324
378,1,0.9340242147445679
379,1,0.9592226147651672
380,1,0.9813525080680847
381,1,0.9755964875221252
382,1,0.7766783237457275
383,1,0.9057351350784302
384,1,0.959816038608551
385,1,0.9393865466117859
386,1,0.5362842679023743
387,1,0.9364632368087769
388,1,0.8094643950462341
389,1,0.90400630235672
390,1,0.8938852548599243
391,1,0.8949153423309326
392,1,0.8898539543151855
393,1,0.5830631256103516
394,1,0.3720782399177551
395,1,0.3074803054332733
396,1,0.810121476650238
397,1,0.4952087104320526
398,1,0.4938545227050781
399,1,0.5649887323379517
400,1,0.5328377485275269
401,1,0.8643704652786255
402,1,0.5836853384971619
403,1,0.685914933681488
404,1,0.9581135511398315
405,1,0.7200239896774292
406,1,0.6023643016815186
407,1,0.8406593799591064
408,1,0.015157812274992466
409,1,0.2513427436351776
410,1,0.20811587572097778
411,1,0.7811645269393921
412,1,0.7999780178070068
413,1,0.1446787714958191
414,1,0.42179957032203674
415,1,0.4054136574268341
416,1,0.034462932497262955
417,1,0.5574977397918701
418,1,0.5849310755729675
419,1,0.3890002369880676
420,1,0.736241340637207
421,1,0.15512201189994812
422,1,0.7682686448097229
423,1,0.3232807517051697
424,1,0.7272219061851501
425,1,0.4190751016139984
426,1,0.543692409992218
427,1,0.4208946228027344
428,1,0.5220776200294495
429,1,0.822263240814209
430,1,0.3187512159347534
431,1,0.43373870849609375
432,1,0.5539876818656921
433,1,0.547566294670105
434,1,0.1940550059080124
435,1,0.9483702778816223
436,1,0.9749698042869568
437,1,0.45681872963905334
438,1,0.9812473654747009
439,1,0.9612167477607727
440,1,0.9400624632835388
441,1,0.9873442649841309
442,1,0.9166630506515503
443,1,0.743159294128418
444,1,0.8749051690101624
445,1,0.7999219298362732
446,1,0.7623171210289001
447,1,0.892170786857605
448,1,0.866614818572998
449,1,0.894780158996582
450,1,0.8635482788085938
451,1,0.829056978225708
452,1,0.9503884315490723
453,1,0.9782326221466064
454,1,0.9672873616218567
455,1,0.932496190071106
456,1,0.988664984703064
457,1,0.9761225581169128
458,1,0.8700954914093018
459,1,0.9136657118797302
460,1,0.9226064085960388
461,1,0.9755759835243225
462,1,0.974563479423523
463,1,0.8299749493598938
464,1,0.9298964738845825
465,1,0.8760328888893127
466,1,0.9455108046531677
467,1,0.9890539646148682
468,1,0.9443299174308777
469,1,0.8326342105865479
470,1,0.9272220134735107
471,1,0.7887110114097595
472,1,0.9602364301681519
473,1,0.8985456228256226
474,1,0.9796310663223267
475,1,0.9854317307472229
476,1,0.9915751814842224
477,1,0.9835324287414551
478,1,0.9014815092086792
479,1,0.8090145587921143
480,1,0.8643659949302673
481,1,0.9347625970840454
482,1,0.9616618156433105
483,1,0.9070271849632263
484,1,0.9110422134399414
485,1,0.9092206358909607
486,1,0.9606256484985352
487,1,0.9533450603485107
488,1,0.8155778646469116
489,1,0.9670398831367493
490,1,0.8738057017326355
491,1,0.8147735595703125
492,1,0.8331708908081055
493,1,0.8843404650688171
494,1,0.9198982119560242
495,1,0.9222632050514221
496,1,0.6798684000968933
497,1,0.5177221298217773
498,1,0.28181472420692444
499,1,0.9769917130470276
500,1,0.6291252970695496
501,1,0.7523587346076965
502,1,0.07861306518316269
503,1,0.6350940465927124
504,1,0.5322846174240112
505,1,0.9169698357582092
506,1,0.9230185747146606
507,1,0.32215866446495056
508,1,0.8005879521369934
509,1,0.8868834376335144
510,1,0.7567690014839172
511,1,0.811252236366272
512,1,0.5329748392105103
513,1,0.3851717710494995
514,1,0.0659547969698906
515,1,0.21833500266075134
516,1,0.03957664594054222
517,1,0.9556151628494263
518,1,0.5055930614471436
519,1,0.8095210194587708
520,1,0.060273174196481705
521,1,0.10319345444440842
522,1,0.1470472812652588
523,1,0.3996307849884033
524,1,0.6399413347244263
525,1,0.0822015181183815
526,1,0.4818520247936249
527,1,0.20138131082057953
528,1,0.17451141774654388
529,1,0.37371504306793213
530,1,0.05953405797481537
531,1,0.13493746519088745
532,1,0.46603262424468994
533,1,0.16308599710464478
534,1,0.8365467190742493
535,1,0.9347748756408691
536,1,0.65168297290802
537,1,0.8984857797622681
538,1,0.9359352588653564
539,1,0.46707192063331604
540,1,0.7526809573173523
541,1,0.7852671146392822
542,1,0.7739602327346802
543,1,0.4689689576625824
544,1,0.6960133910179138
545,1,0.5633063316345215
546,1,0.5897339582443237
547,1,0.2468077689409256
548,1,0.9561803936958313
549,1,0.9231939911842346
550,1,0.5803842544555664
551,1,0.831416130065918
552,1,0.44987401366233826
553,1,0.7317031025886536
554,1,0.5709308981895447
555,1,0.6672344207763672
556,1,0.9156897068023682
557,1,0.7454595565795898
558,1,0.24328897893428802
559,1,0.7447554469108582
560,1,0.936940610408783
561,1,0.6432627439498901
562,1,0.5154539942741394
563,1,0.8825055360794067
564,1,0.38003310561180115
565,1,0.9438221454620361
566,1,0.7614198923110962
567,1,0.9149037599563599
568,1,0.8594830632209778
569,1,0.04086653143167496
570,1,0.8795508742332458
571,1,0.9380401372909546
572,1,0.985560953617096
573,1,0.8781231045722961
574,1,0.9891473054885864
575,1,0.9288126826286316
576,1,0.030631601810455322
577,1,0.9911136031150818
578,1,0.8307418823242188
579,1,0.9771054983139038
580,1,0.9838448166847229
581,1,0.9834586381912231
582,1,0.9670535326004028
583,1,0.8689184188842773
584,1,0.5155514478683472
585,1,0.0665922611951828
586,1,0.23403583467006683
587,1,0.9822638630867004
588,1,0.7945488691329956
589,1,0.8243970274925232
590,1,0.8421564102172852
591,1,0.6783612370491028
592,1,0.7025830149650574
593,1,0.8283530473709106
594,1,0.9887043833732605
595,1,0.5383217930793762
596,1,0.9000824093818665
597,1,0.7471460103988647
598,1,0.8066747784614563
599,1,0.7529726624488831
600,1,0.9880151152610779
601,1,0.9164023995399475
602,1,0.9516053795814514
603,1,0.9794954657554626
604,1,0.9133553504943848
605,1,0.9742029309272766
606,1,0.9203554391860962
607,1,0.9627746939659119
608,1,0.9274314045906067
609,1,0.9597297310829163
610,1,0.5576159954071045
611,1,0.8406452536582947
612,1,0.9548757076263428
613,1,0.9532676935195923
614,1,0.9650507569313049
615,1,0.892831027507782
616,1,0.9649179577827454
617,1,0.8938193321228027
618,1,0.6480329036712646
619,1,0.8496285676956177
620,1,0.7919306755065918
621,1,0.5015020966529846
622,1,0.5958980917930603
623,1,0.7555917501449585
624,1,0.7313222289085388
625,1,0.9324158430099487
626,1,0.9183816313743591
627,1,0.8551349639892578
628,1,0.9703834652900696
629,1,0.9209088087081909
630,1,0.9729246497154236
631,1,0.9227429032325745
632,1,0.8703745603561401
633,1,0.8754143118858337
634,1,0.8329213261604309
635,1,0.9231547117233276
636,1,0.9769359230995178
637,1,0.48815852403640747
638,1,0.9613824486732483
639,1,0.4558604061603546
640,1,0.6325672268867493
641,1,0.9524613618850708
642,1,0.9741153717041016
643,1,0.8565197587013245
644,1,0.9223900437355042
645,1,0.9934628009796143
646,1,0.9649736881256104
647,1,0.9595415592193604
648,1,0.978300154209137
649,1,0.8739652633666992
650,1,0.8260297775268555
651,1,0.9711978435516357
652,1,0.9011009931564331
653,1,0.6808069348335266
654,1,0.8724800944328308
655,1,0.320042222738266
656,1,0.7072605490684509
657,1,0.7117811441421509
658,1,0.9625273942947388
659,1,0.9965795874595642
660,1,0.024788429960608482
661,1,0.8680297136306763
662,1,0.9578300714492798
663,1,0.8021809458732605
664,1,0.747222363948822
665,1,0.9601829051971436
666,1,0.9720136523246765
667,1,0.9807586073875427
668,1,0.9526396989822388
669,1,0.7302289009094238
670,1,0.7629814147949219
671,1,0.8266773819923401
672,1,0.9626671075820923
673,1,0.9686975479125977
674,1,0.8944869041442871
675,1,0.9841407537460327
676,1,0.7642030715942383
677,1,0.9961806535720825
678,1,0.982537567615509
679,1,0.8608810901641846
680,1,0.9677069187164307
681,1,0.9487082362174988
682,1,0.94028240442276
683,1,0.6548089981079102
684,1,0.9590539336204529
685,1,0.9729908108711243
686,1,0.9883071780204773
687,1,0.9957358837127686
688,1,0.3705637753009796
689,1,0.37558966875076294
690,1,0.9637663960456848
691,1,0.9489401578903198
692,1,0.8666966557502747
693,1,0.9665651321411133
694,1,0.8686017990112305
695,1,0.8603742718696594
696,1,0.7859447598457336
697,1,0.7891350388526917
698,1,0.972724974155426
699,1,0.9724249243736267
700,1,0.989052951335907
701,1,0.8784244060516357
702,1,0.9027352929115295
703,1,0.9173436760902405
704,1,0.9186195731163025
705,1,0.9191188812255859
706,1,0.9197496771812439
707,1,0.49251753091812134
708,1,0.5903081893920898
709,1,0.9771353006362915
710,1,0.9917829036712646
711,1,0.9695446491241455
712,1,0.7919028401374817
713,1,0.20956741273403168
714,1,0.9104260206222534
715,1,0.050703227519989014
716,1,0.9083883762359619
717,1,0.5123699307441711
718,1,0.3300671875476837
719,1,0.2568781077861786
720,1,0.3974308669567108
721,1,0.14968746900558472
722,1,0.04420071467757225
723,1,0.17974548041820526
724,1,0.1730242371559143
725,1,0.9412970542907715
726,1,0.9026694893836975
727,1,0.012807413004338741
728,1,0.932471513748169
729,1,0.4872797131538391
730,1,0.10545285046100616
731,1,0.03959645703434944
732,1,0.289321631193161
733,1,0.9829409718513489
734,1,0.5665134191513062
735,1,0.12898176908493042
736,1,0.4242710471153259
737,1,0.07252625375986099
738,1,0.9531533122062683
739,1,0.9140716195106506
740,1,0.4040866196155548
741,1,0.8444769382476807
742,1,0.6867892742156982
743,1,0.17266489565372467
744,1,0.2076495885848999
745,1,0.21518224477767944
746,1,0.3798289895057678
747,1,0.5335510969161987
748,1,0.8506991863250732
749,1,0.5415604114532471
750,1,0.735847532749176
751,1,0.9114417433738708
752,1,0.5455659627914429
753,1,0.8523304462432861
754,1,0.8354755640029907
755,1,0.8644600510597229
756,1,0.7070770263671875
757,1,0.8511359691619873
758,1,0.58974689245224
759,1,0.3116157352924347
760,1,0.9486358165740967
761,1,0.7876806259155273
762,1,0.7273600697517395
763,1,0.8912261128425598
764,1,0.37617430090904236
765,1,0.9049926996231079
766,1,0.3690974712371826
767,1,0.9497488141059875
768,1,0.31474974751472473
769,1,0.6083095669746399
770,1,0.4842316210269928
771,1,0.3673090934753418
772,1,0.8261440396308899
773,1,0.9648256301879883
774,1,0.7965311408042908
775,1,0.38634076714515686
776,1,0.8082095980644226
777,1,0.950924277305603
778,1,0.7362889647483826
779,1,0.8984948992729187
780,1,0.8724820017814636
781,1,0.9806508421897888
782,1,0.9430897831916809
783,1,0.8752603530883789
784,1,0.9392555952072144
785,1,0.6367332935333252
786,1,0.6254554390907288
787,1,0.6683449745178223
788,1,0.8678012490272522
789,1,0.4952234625816345
790,1,0.8839088678359985
791,1,0.9556505680084229
792,1,0.5461097955703735
793,1,0.42915961146354675
794,1,0.6633946299552917
795,1,0.9904116988182068
796,1,0.5134797692298889
797,1,0.758994996547699
798,1,0.8983385562896729
799,1,0.7981148958206177
800,1,0.8176918029785156
801,1,0.9508005380630493
802,1,0.9738278985023499
803,1,0.749674379825592
804,1,0.9396423101425171
805,1,0.8934744000434875
806,1,0.9190095663070679
807,1,0.5625786781311035
808,1,0.8700333833694458
809,1,0.7735580205917358
810,1,0.7282668948173523
811,1,0.8349707722663879
812,1,0.8899475932121277
813,1,0.5477779507637024
814,1,0.4040686786174774
815,1,0.12555640935897827
816,1,0.6272136569023132
817,1,0.7896331548690796
818,1,0.866614818572998
819,1,0.871865451335907
820,1,0.9425972104072571
821,1,0.9613317847251892
822,1,0.9312573671340942
823,1,0.782660722732544
824,1,0.942737877368927
825,1,0.5875831246376038
826,1,0.8113847374916077
827,1,0.8483182191848755
828,1,0.9587687253952026
829,1,0.9872609376907349
830,1,0.9777777791023254
831,1,0.9250983595848083
832,1,0.9700339436531067
833,1,0.8098952174186707
834,1,0.989245593547821
835,1,0.7612321972846985
836,1,0.9620922207832336
837,1,0.2631233334541321
838,1,0.7296109199523926
839,1,0.9936657547950745
840,1,0.953482449054718
841,1,0.9352200627326965
842,1,0.9320402145385742
843,1,0.9900633692741394
844,1,0.9885883331298828
845,1,0.992409348487854
846,1,0.9727397561073303
847,1,0.9848682880401611
848,1,0.9548705220222473
849,1,0.9346069693565369
850,1,0.9476346373558044
851,1,0.9945206642150879
852,1,0.8802289962768555
853,1,0.9742705821990967
854,1,0.8939468860626221
855,1,0.9978185892105103
856,1,0.9691895842552185
857,1,0.8991482257843018
858,1,0.3290024697780609
859,1,0.20509083569049835
860,1,0.35857096314430237
861,1,0.867292582988739
862,1,0.19113488495349884
863,1,0.5656359195709229
864,1,0.8528175950050354
865,1,0.8125196695327759
866,1,0.9339539408683777
867,1,0.9176152944564819
868,1,0.4275256097316742
869,1,0.7726600766181946
870,1,0.9812520742416382
871,1,0.45690780878067017
872,1,0.980964720249176
873,1,0.9450348019599915
874,1,0.873686671257019
875,1,0.7819848656654358
876,1,0.9590825438499451
877,1,0.8854680061340332
878,1,0.8584957718849182
879,1,0.9053336381912231
880,1,0.8542918562889099
881,1,0.5650357007980347
882,1,0.6890397071838379
883,1,0.23721742630004883
884,1,0.7403733134269714
885,1,0.8349013924598694
886,1,0.8470979928970337
887,1,0.8760374784469604
888,1,0.7150866985321045
889,1,0.5885375142097473
890,1,0.9279038310050964
891,1,0.42078113555908203
892,1,0.804894208908081
893,1,0.8369193077087402
894,1,0.6549557447433472
895,1,0.3093445897102356
896,1,0.6191585063934326
897,1,0.1982288509607315
898,1,0.2105794996023178
899,1,0.9028950333595276
900,1,0.4030839800834656
901,1,0.6391786932945251
902,1,0.7397811412811279
903,1,0.9276396036148071
904,1,0.5837192535400391
905,1,0.7097665667533875
906,1,0.875046968460083
907,1,0.7216554880142212
908,1,0.5569759607315063
909,1,0.4777747094631195
910,1,0.8519558906555176
911,1,0.5104916095733643
912,1,0.10334179550409317
913,1,0.23845785856246948
914,1,0.7440515160560608
915,1,0.9187597036361694
916,1,0.9656995534896851
917,1,0.5171655416488647
918,1,0.8720606565475464
919,1,0.9464967846870422
920,1,0.9828492999076843
921,1,0.9196528792381287
922,1,0.7799025774002075
923,1,0.7931826114654541
924,1,0.9199492931365967
925,1,0.9713128209114075
926,1,0.9377970695495605
927,1,0.9305655360221863
928,1,0.763774037361145
929,1,0.7943028211593628
930,1,0.9685889482498169
931,1,0.5002859234809875
932,1,0.6179409623146057
933,1,0.830700159072876
934,1,0.8312275409698486
935,1,0.6082263588905334
936,1,0.7502761483192444
937,1,0.8379950523376465
938,1,0.8595656156539917
939,1,0.9278379678726196
940,1,0.9137852787971497
941,1,0.8750907182693481
942,1,0.6836590766906738
943,1,0.8821466565132141
944,1,0.9651921987533569
945,1,0.574080228805542
946,1,0.7575515508651733
947,1,0.9195324778556824
948,1,0.5733182430267334
949,1,0.9405809640884399
950,1,0.5997653007507324
951,1,0.8604981303215027
952,1,0.9464689493179321
953,1,0.9166116714477539
954,1,0.903196394443512
955,1,0.3136502504348755
956,1,0.38204652070999146
957,1,0.9617727398872375
958,1,0.9001967906951904
959,1,0.95673668384552
960,1,0.940618634223938
961,1,0.9137052297592163
962,1,0.6778208613395691
963,1,0.6464009881019592
964,1,0.433665931224823
965,1,0.8932995200157166
966,1,0.4081253409385681
967,1,0.6399447917938232
968,1,0.9631577730178833
969,1,0.8967547416687012
970,1,0.9659726619720459
971,1,0.5089336633682251
972,1,0.7258761525154114
973,1,0.8021126985549927
974,1,0.7742331624031067
975,1,0.8479104042053223
976,1,0.9653577208518982
977,1,0.7633238434791565
978,1,0.7741634845733643
979,1,0.5728777050971985
980,1,0.7439363598823547
981,1,0.6414092779159546
982,1,0.7145287394523621
983,1,0.9124936461448669
984,1,0.8529229164123535
985,1,0.8286681771278381
986,1,0.8362975716590881
987,1,0.9883637428283691
988,1,0.9133689403533936
989,1,0.8353927731513977
990,1,0.9546071887016296
991,1,0.9829924702644348
992,1,0.9288190603256226
993,1,0.8194509744644165
994,1,0.9214409589767456
995,1,0.8227509260177612
996,1,0.9927586317062378
997,1,0.6831384897232056
998,1,0.938102662563324
999,1,0.9407380223274231
1000,1,0.8879625797271729
1001,1,0.9022660851478577
1002,1,0.8231285810470581
1003,1,0.7591599225997925
1004,1,0.9761254191398621
1005,1,0.9251417517662048
1006,1,0.9090991616249084
1007,1,0.664486825466156
1008,1,0.0558311864733696
1009,1,0.8693103790283203
1010,1,0.1665705144405365
1011,1,0.9021713137626648
1012,1,0.7923985719680786
1013,1,0.942782461643219
1014,1,0.9935150146484375
1015,1,0.9521195888519287
1016,1,0.9256923198699951
1017,1,0.9503428339958191
1018,1,0.9459522366523743
1019,1,0.8405710458755493
1020,1,0.753909170627594
1021,1,0.8987473249435425
1022,1,0.8206605315208435
1023,1,0.21746143698692322
1024,1,0.5903509259223938
1025,1,0.8848100304603577
1026,1,0.9493697285652161
1027,1,0.9526258707046509
1028,1,0.9654563665390015
1029,1,0.7697983980178833
1030,1,0.9942613840103149
1031,1,0.9651238918304443
1032,1,0.9396796822547913
1033,1,0.9963908791542053
1034,1,0.9861511588096619
1035,1,0.9828934073448181
1036,1,0.8690316677093506
1037,1,0.8677182197570801
1038,1,0.9171963334083557
1039,1,0.7901495099067688
1040,1,0.9262146949768066
1041,1,0.9870202541351318
1042,1,0.932486891746521
1043,1,0.8660960793495178
1044,1,0.5701305866241455
1045,1,0.9127022624015808
1046,1,0.8124434947967529
1047,1,0.9718358516693115
1048,1,0.8435296416282654
1049,1,0.9364205598831177
1050,1,0.7761273384094238
1051,1,0.8252316117286682
1052,1,0.9355344176292419
1053,1,0.9384767413139343
1054,1,0.9902662634849548
1055,1,0.16109248995780945
1056,1,0.4052870273590088
1057,1,0.8757174015045166
1058,1,0.9874152541160583
1059,1,0.8412943482398987
1060,1,0.9877199530601501
1061,1,0.9967355132102966
1062,1,0.4731205999851227
1063,1,0.8452914953231812
1064,1,0.6781015396118164
1065,1,0.866532564163208
1066,1,0.8765662908554077
1067,1,0.9405942559242249
1068,1,0.9086286425590515
1069,1,0.6674654483795166
1070,1,0.6623137593269348
1071,1,0.9074088335037231
1072,1,0.8012101650238037
1073,1,0.3699691593647003
1074,1,0.7674492597579956
1075,1,0.37418332695961
1076,1,0.5947726368904114
1077,1,0.8357858061790466
1078,1,0.7588204741477966
1079,1,0.3460851013660431
1080,1,0.8231654167175293
1081,1,0.497808575630188
1082,1,0.6583311557769775
1083,1,0.46340399980545044
1084,1,0.8327527046203613
1085,1,0.7541885375976562
1086,1,0.6571664810180664
1087,1,0.8906372785568237
1088,1,0.590618908405304
1089,1,0.6187870502471924
1090,1,0.7631753087043762
1091,1,0.7960799932479858
1092,1,0.7966429591178894
1093,1,0.3704066276550293
1094,1,0.7690066695213318
1095,1,0.7746727466583252
1096,1,0.875648021697998
1097,1,0.6607611775398254
1098,1,0.2881176769733429
1099,1,0.6107365489006042
1100,1,0.6659928560256958
1101,1,0.4358326494693756
1102,1,0.501659095287323
1103,1,0.4499130845069885
1104,1,0.8375044465065002
1105,1,0.3780020475387573
1106,1,0.5458601117134094
1107,1,0.8989787697792053
1108,1,0.3094348609447479
1109,1,0.16833525896072388
1110,1,0.8725588321685791
1111,1,0.9287755489349365
1112,1,0.9825512766838074
1113,1,0.7540009617805481
1114,1,0.6168287396430969
1115,1,0.9291251301765442
1116,1,0.309482216835022
1117,1,0.9041472673416138
1118,1,0.759288489818573
1119,1,0.9488292336463928
1120,1,0.6617324948310852
1121,1,0.10860491544008255
1122,1,0.9468910098075867
1123,1,0.8360046744346619
1124,1,0.9479854106903076
1125,1,0.9532644748687744
1126,1,0.7608097791671753
1127,1,0.9183025360107422
1128,1,0.8548705577850342
1129,1,0.6605641841888428
1130,1,0.6416652798652649
1131,1,0.8701409697532654
1132,1,0.9458590149879456
1133,1,0.5481259822845459
1134,1,0.7553947567939758
1135,1,0.9432870149612427
1136,1,0.5446008443832397
1137,1,0.5692351460456848
1138,1,0.803533136844635
1139,1,0.8300644159317017
1140,1,0.9345951080322266
1141,1,0.6588537693023682
1142,1,0.9937804341316223
1143,1,0.9646117091178894
1144,1,0.9677271246910095
1145,1,0.9768001437187195
1146,1,0.9346581101417542
1147,1,0.08524256944656372
1148,1,0.32871487736701965
1149,1,0.9926072359085083
1150,1,0.9315799474716187
1151,1,0.9562098383903503
1152,1,0.9307516813278198
1153,1,0.9504944682121277
1154,1,0.9295076727867126
1155,1,0.9906438589096069
1156,1,0.9216278791427612
1157,1,0.9260393381118774
1158,1,0.9340065717697144
1159,1,0.9892064332962036
1160,1,0.9465057849884033
1161,1,0.9652736186981201
1162,1,0.9729855060577393
1163,1,0.9414511322975159
1164,1,0.8986765146255493
1165,1,0.9796074628829956
1166,1,0.9816422462463379
1167,1,0.9728288650512695
1168,1,0.9819763898849487
1169,1,0.9842701554298401
1170,1,0.5555493235588074
1171,1,0.9002274870872498
1172,1,0.9731602072715759
1173,1,0.8334340453147888
1174,1,0.9875093102455139
1175,1,0.9494901895523071
1176,1,0.9549030065536499
1177,1,0.9146212339401245
1178,1,0.8837774395942688
1179,1,0.9577802419662476
1180,1,0.2767762839794159
1181,1,0.9718180298805237
1182,1,0.7599846124649048
1183,1,0.858849287033081
1184,1,0.882131814956665
1185,1,0.9872478246688843
1186,1,0.9774863719940186
1187,1,0.8875620365142822
1188,1,0.9196744561195374
1189,1,0.9554517269134521
1190,1,0.7578496932983398
1191,1,0.9066235423088074
1192,1,0.18953020870685577
1193,1,0.3198719620704651
1194,1,0.521673321723938
1195,1,0.3773081600666046
1196,1,0.4128609597682953
1197,1,0.8427770733833313
1198,1,0.06875401735305786
1199,1,0.24333758652210236
1200,1,0.16823236644268036
1201,1,0.821738064289093
1202,1,0.9877338409423828
1203,1,0.9890294075012207
1204,1,0.9466611742973328
1205,1,0.648287832736969
1206,1,0.966124951839447
1207,1,0.8871908783912659
1208,1,0.7056872844696045
1209,1,0.9550586938858032
1210,1,0.8580338358879089
1211,1,0.7762089371681213
1212,1,0.8255886435508728
1213,1,0.9415931105613708
1214,1,0.4496331512928009
1215,1,0.4538654386997223
1216,1,0.8422293066978455
1217,1,0.9059427976608276
1218,1,0.8547570705413818
1219,1,0.5264741778373718
1220,1,0.9457836151123047
1221,1,0.6999917030334473
1222,1,0.89825040102005
1223,1,0.7667439579963684
1224,1,0.8281652927398682
1225,1,0.85426265001297
1226,1,0.8347471952438354
1227,1,0.4869162142276764
1228,1,0.8218514919281006
1229,1,0.8373889923095703
1230,1,0.6948015093803406
1231,1,0.7172924280166626
1232,1,0.3323938250541687
1233,1,0.8182762265205383
1234,1,0.7139859199523926
1235,1,0.8615156412124634
1236,1,0.22730153799057007
1237,1,0.8508850932121277
1238,1,0.7400880455970764
1239,1,0.6682264804840088
1240,1,0.9111943244934082
1241,1,0.32769775390625
1242,1,0.33991116285324097
1243,1,0.9741103649139404
1244,1,0.41849908232688904
1245,1,0.06719481945037842
1246,1,0.8972646594047546
1247,1,0.5212751626968384
1248,1,0.09062372893095016
1249,1,0.9111939072608948
1250,1,0.47485339641571045
1251,1,0.7154392600059509
1252,1,0.5183557868003845
1253,1,0.9111666083335876
1254,1,0.6754518747329712
1255,1,0.671718955039978
1256,1,0.25578799843788147
1257,1,0.7920711040496826
1258,1,0.90256267786026
1259,1,0.29026326537132263
1260,1,0.6162105798721313
1261,1,0.10119170695543289
1262,1,0.5414331555366516
1263,1,0.10518122464418411
1264,1,0.5216470956802368
1265,1,0.5578196048736572
1266,1,0.09389597922563553
1267,1,0.8681045770645142
1268,1,0.32663577795028687
1269,1,0.9028158187866211
1270,1,0.24524278938770294
1271,1,0.8136782646179199
1272,1,0.13104002177715302
1273,1,0.872405469417572
1274,1,0.31372711062431335
1275,1,0.5231385231018066
1276,1,0.9047461152076721
1277,1,0.7021362781524658
1278,1,0.7937718033790588
1279,1,0.8038811087608337
1280,1,0.13825562596321106
1281,1,0.9201951026916504
1282,1,0.07588661462068558
1283,1,0.8589279055595398
1284,1,0.801079511642456
1285,1,0.5836434960365295
1286,1,0.8352857232093811
1287,1,0.26765260100364685
1288,1,0.6653071641921997
1289,1,0.8292637467384338
1290,1,0.46794164180755615
1291,1,0.8847649693489075
1292,1,0.9099553227424622
1293,1,0.4265724718570709
1294,1,0.5962754487991333
1295,1,0.5769932866096497
1296,1,0.580897331237793
1297,1,0.4748159646987915
1298,1,0.833960771560669
1299,1,0.8921305537223816
1300,1,0.6114197373390198
1301,1,0.9256572723388672
1302,1,0.4044317901134491
1303,1,0.5662627816200256
1304,1,0.4843907356262207
1305,1,0.4227937161922455
1306,1,0.8679708242416382
1307,1,0.8701137900352478
1308,1,0.8890174031257629
1309,1,0.47224825620651245
1310,1,0.7140929102897644
1311,1,0.7994592785835266
1312,1,0.7329874634742737
1313,1,0.6934062838554382
1314,1,0.028475183993577957
1315,1,0.5261018872261047
1316,1,0.8818488121032715
1317,1,0.9670312404632568
1318,1,0.44679704308509827
1319,1,0.903464674949646
1320,1,0.6040133237838745
1321,1,0.5988272428512573
1322,1,0.8679646849632263
1323,1,0.8115994334220886
1324,1,0.9720616340637207
1325,1,0.9521307349205017
1326,1,0.9131091833114624
1327,1,0.7148852348327637
1328,1,0.4469158947467804
1329,1,0.7737495303153992
1330,1,0.9727001786231995
1331,1,0.9485763907432556
1332,1,0.8792610764503479
1333,1,0.9265878200531006
1334,1,0.8830863833427429
1335,1,0.8575277924537659
1336,1,0.31481680274009705
1337,1,0.7107278108596802
1338,1,0.8759474754333496
1339,1,0.9411410689353943
1340,1,0.9109760522842407
1341,1,0.8941918015480042
1342,1,0.9548699855804443
1343,1,0.8101113438606262
1344,1,0.8432132005691528
1345,1,0.9184116721153259
1346,1,0.7835779786109924
1347,1,0.8860732913017273
1348,1,0.34331196546554565
1349,1,0.7010296583175659
1350,1,0.8507806658744812
1351,1,0.7886062264442444
1352,1,0.8251734972000122
1353,1,0.8127767443656921
1354,1,0.7491518259048462
1355,1,0.6369834542274475
1356,1,0.9247241020202637
1357,1,0.8472839593887329
1358,1,0.7205278277397156
1359,1,0.8681920766830444
1360,1,0.35455068945884705
1361,1,0.9557666182518005
1362,1,0.9561200141906738
1363,1,0.9680259823799133
1364,1,0.7220824360847473
1365,1,0.9604527950286865
1366,1,0.5747998952865601
1367,1,0.6434347033500671
1368,1,0.823188304901123
1369,1,0.8375259637832642
1370,1,0.9390789270401001
1371,1,0.4161972999572754
1372,1,0.8533086180686951
1373,1,0.9708718061447144
1374,1,0.647892951965332
1375,1,0.8826649188995361
1376,1,0.49340155720710754
1377,1,0.9850620031356812
1378,1,0.6847234964370728
1379,1,0.770148515701294
1380,1,0.3015243113040924
1381,1,0.959362268447876
1382,1,0.9434251189231873
1383,1,0.7095175385475159
1384,1,0.9307906031608582
1385,1,0.8742802739143372
1386,1,0.8663679957389832
1387,1,0.953788697719574
1388,1,0.7524541020393372
1389,1,0.9121567010879517
1390,1,0.9549636840820312
1391,1,0.9901288151741028
1392,1,0.9821211695671082
1393,1,0.6793004870414734
1394,1,0.963320791721344
1395,1,0.947027325630188
1396,1,0.9509310722351074
1397,1,0.8842771649360657
1398,1,0.8429225087165833
1399,1,0.9707597494125366
1400,1,0.9606630802154541
1401,1,0.8532024621963501
1402,1,0.9833335280418396
1403,1,0.9713536500930786
1404,1,0.9886329770088196
1405,1,0.9718486666679382
1406,1,0.06975250691175461
1407,1,0.8962475061416626
1408,1,0.9865595102310181
1409,1,0.9710812568664551
1410,1,0.9764253497123718
1411,1,0.9574798345565796
1412,1,0.9178361892700195
1413,1,0.9896470904350281
1414,1,0.9045429229736328
1415,1,0.7170721292495728
1416,1,0.9903672933578491
1417,1,0.962090015411377
1418,1,0.9541048407554626
1419,1,0.9140824675559998
1420,1,0.9953368306159973
1421,1,0.9953086972236633
1422,1,0.8881245255470276
1423,1,0.7925450801849365
1424,1,0.12742964923381805
1425,1,0.8809291124343872
1426,1,0.8711199164390564
1427,1,0.8369843363761902
1428,1,0.975623607635498
1429,1,0.9139890670776367
1430,1,0.9450552463531494
1431,1,0.9345512986183167
1432,1,0.9944104552268982
1433,1,0.9184134006500244
1434,1,0.9895448088645935
1435,1,0.5942632555961609
1436,1,0.9696437120437622
1437,1,0.836105227470398
1438,1,0.22566264867782593
1439,1,0.2705900967121124
1440,1,0.8547816276550293
1441,1,0.4787300229072571
1442,1,0.8285466432571411
1443,1,0.9575188159942627
1444,1,0.8847075700759888
1445,1,0.9094383120536804
1446,1,0.9801631569862366
1447,1,0.4498296082019806
1448,1,0.5681337714195251
1449,1,0.9935418367385864
1450,1,0.8969051837921143
1451,1,0.982672929763794
1452,1,0.9261929392814636
1453,1,0.8986559510231018
1454,1,0.8592705130577087
1455,1,0.973357617855072
1456,1,0.9811125993728638
1457,1,0.98607337474823
1458,1,0.9819756150245667
1459,1,0.9475329518318176
1460,1,0.9839641451835632
1461,1,0.12555640935897827
1462,1,0.9582508206367493
1463,1,0.9703196287155151
1464,1,0.9572789669036865
1465,1,0.9695576429367065
1466,1,0.9811449646949768
1467,1,0.9967381358146667
1468,1,0.971741259098053
1469,1,0.9894073605537415
1470,1,0.9880576133728027
1471,1,0.989266037940979
1472,1,0.23259997367858887
1473,1,0.3636552691459656
1474,1,0.08086872100830078
1475,1,0.8814926147460938
1476,1,0.8246147036552429
1477,1,0.6218211650848389
1478,1,0.44652843475341797
1479,1,0.670995831489563
1480,1,0.3769344389438629
1481,1,0.6960634589195251
1482,1,0.4329886734485626
1483,1,0.6573689579963684
1484,1,0.5587283372879028
1485,1,0.8734326362609863
1486,1,0.9517550468444824
1487,1,0.21342109143733978
1488,1,0.8500467538833618
1489,1,0.9248987436294556
1490,1,0.8750986456871033
1491,1,0.9242082834243774
1492,1,0.9194481372833252
1493,1,0.9154732823371887
1494,1,0.02711293287575245
1495,1,0.5160978436470032
1496,1,0.9415899515151978
1497,1,0.6434683799743652
1498,1,0.9921897053718567
1499,1,0.9469884037971497
1500,1,0.9829457998275757
1501,1,0.9613651633262634
1502,1,0.8205021619796753
1503,1,0.8254915475845337
1504,1,0.9072397351264954
1505,1,0.9515861868858337
1506,1,0.9484842419624329
1507,1,0.905724287033081
1508,1,0.6815078854560852
1509,1,0.9854944944381714
1510,1,0.9582723379135132
1511,1,0.9315118789672852
1512,1,0.687067449092865
1513,1,0.9781012535095215
1514,1,0.9002493619918823
1515,1,0.8216051459312439
1516,1,0.887230396270752
1517,1,0.8587493300437927
1518,1,0.7072704434394836
1519,1,0.8593064546585083
1520,1,0.9095659255981445
1521,1,0.9816455841064453
1522,1,0.9899028539657593
1523,1,0.5987643599510193
1524,1,0.9812101721763611
1525,1,0.8977510333061218
1526,1,0.565851092338562
1527,1,0.5292869210243225
1528,1,0.9854345321655273
1529,1,0.8309229016304016
1530,1,0.9558433890342712
1531,1,0.966361939907074
1532,1,0.2649570107460022
1533,1,0.6019772887229919
1534,1,0.9566039443016052
1535,1,0.8739414215087891
1536,1,0.8956025838851929
1537,1,0.8680548667907715
1538,1,0.5046544671058655
1539,1,0.8511050343513489
1540,1,0.34694430232048035
1541,1,0.9819946885108948
1542,1,0.284510999917984
1543,1,0.8240578174591064
1544,1,0.8514325618743896
1545,1,0.9828419089317322
1546,1,0.8853732943534851
1547,1,0.8211222887039185
1548,1,0.979943573474884
1549,1,0.9419431090354919
1550,1,0.5901216864585876
1551,1,0.8475733399391174
1552,1,0.9312331676483154
1553,1,0.3687073886394501
1554,1,0.8343445658683777
1555,1,0.9240240454673767
1556,1,0.9832225441932678
1557,1,0.9172435998916626
1558,1,0.96056067943573
1559,1,0.9061999917030334
1560,1,0.9429104924201965
1561,1,0.9432200789451599
1562,1,0.7127408981323242
1563,1,0.8918446898460388
1564,1,0.9446462392807007
1565,1,0.9194510579109192
1566,1,0.9857273697853088
1567,1,0.9848480820655823
1568,1,0.9903214573860168
1569,1,0.9612798094749451
1570,1,0.8974261283874512
1571,1,0.7185141444206238
1572,1,0.9966837763786316
1573,1,0.9849898815155029
1574,1,0.8433085680007935
1575,1,0.9226298928260803
1576,1,0.9330439567565918
1577,1,0.963002622127533
1578,1,0.929000198841095
1579,1,0.9443490505218506
1580,1,0.993179202079773
1581,1,0.9700351357460022
1582,1,0.9503005743026733
1583,1,0.9717859625816345
1584,1,0.9532855749130249
1585,1,0.8565472364425659
1586,1,0.9521857500076294
1587,1,0.9854771494865417
1588,1,0.964813768863678
1589,1,0.9533718228340149
1590,1,0.9901179671287537
1591,1,0.9902234673500061
1592,1,0.9934358596801758
1593,1,0.994617760181427
1594,1,0.9824366569519043
1595,1,0.9841049313545227
1596,1,0.9921768307685852
1597,1,0.7389480471611023
1598,1,0.9902611374855042
1599,1,0.9915466904640198
1600,1,0.9333005547523499
1601,1,0.9606330394744873
1602,1,0.9823912978172302
1603,1,0.9604909420013428
1604,1,0.9365920424461365
1605,1,0.9929642677307129
1606,1,0.9608843922615051
1607,1,0.1408102661371231
1608,1,0.9919438362121582
1609,1,0.7235021591186523
1610,1,0.9319664835929871
1611,1,0.9906343221664429
1612,1,0.6816568970680237
1613,1,0.9506991505622864
1614,1,0.9867842793464661
1615,1,0.9809526801109314
1616,1,0.963768720626831
1617,1,0.9106701612472534
1618,1,0.9779566526412964
1619,1,0.899639368057251
1620,1,0.3980771005153656
1621,1,0.8602584600448608
1622,1,0.7884431481361389
1623,1,0.7948668003082275
1624,1,0.7169206142425537
1625,1,0.829679548740387
1626,1,0.9415255188941956
1627,1,0.9618434309959412
1628,1,0.944936215877533
1629,1,0.9875166416168213
1630,1,0.06975250691175461
1631,1,0.882196843624115
1632,1,0.46359720826148987
1633,1,0.9521834850311279
1634,1,0.8444006443023682
1635,1,0.9036138653755188
1636,1,0.7614887356758118
1637,1,0.9539194107055664
1638,1,0.8743078708648682
1639,1,0.9048635363578796
1640,1,0.457172155380249
1641,1,0.9106791615486145
1642,1,0.9437522292137146
1643,1,0.9808205366134644
1644,1,0.2856960594654083
1645,1,0.8287816643714905
1646,1,0.9781680703163147
1647,1,0.9865802526473999
1648,1,0.8376680612564087
1649,1,0.4360674321651459
1650,1,0.18992102146148682
1651,1,0.23300588130950928
1652,1,0.29969438910484314
1653,1,0.23208139836788177
1654,1,0.4782237112522125
1655,1,0.09562882781028748
1656,1,0.08716905862092972
1657,1,0.3632003664970398
1658,1,0.13505975902080536
1659,1,0.07315951585769653
1660,1,0.1909700185060501
1661,1,0.0617404580116272
1662,1,0.10870691388845444
1663,1,0.1712227761745453
1664,1,0.06154743209481239
1665,1,0.10220351070165634
1666,1,0.9955543875694275
1667,1,0.9514425992965698
1668,1,0.966033399105072
1669,1,0.9763062596321106
1670,1,0.9391292929649353
1671,1,0.8848410248756409
1672,1,0.9504597187042236
1673,1,0.09062372893095016
1674,1,0.22858792543411255
1675,1,0.20415247976779938
1676,1,0.5877085328102112
1677,1,0.9656307101249695
1678,1,0.9503680467605591
1679,1,0.9913315773010254
1680,1,0.8633209466934204
1681,1,0.9851843118667603
1682,1,0.6375937461853027
1683,1,0.9339866638183594
1684,1,0.9804752469062805
1685,1,0.8439265489578247
1686,1,0.859368622303009
1687,1,0.5929423570632935
1688,1,0.6486172676086426
1689,1,0.8308507204055786
1690,1,0.3219448924064636
1691,1,0.8933165669441223
1692,1,0.8232735991477966
1693,1,0.9464448690414429
1694,1,0.9351017475128174
1695,1,0.8362219333648682
1696,1,0.932631254196167
1697,1,0.9808284640312195
1698,1,0.9363879561424255
1699,1,0.8971847295761108
1700,1,0.9886576533317566
1701,1,0.4777962863445282
1702,1,0.9761890172958374
1703,1,0.9889770150184631
1704,1,0.10177390277385712
1705,1,0.8001112341880798
1706,1,0.9197982549667358
1707,1,0.7063045501708984
1708,1,0.36036476492881775
1709,1,0.8852763772010803
1710,1,0.957718551158905
1711,1,0.8310606479644775
1712,1,0.9425686001777649
1713,1,0.917305052280426
1714,1,0.965129017829895
1715,1,0.6068454384803772
1716,1,0.9440974593162537
1717,1,0.6480649709701538
1718,1,0.9330447912216187
1719,1,0.951185941696167
1720,1,0.8237533569335938
1721,1,0.654461145401001
1722,1,0.8497697114944458
1723,1,0.8883613348007202
1724,1,0.6765314340591431
1725,1,0.7985828518867493
1726,1,0.9700227975845337
1727,1,0.9270985126495361
1728,1,0.9827759265899658
1729,1,0.9398133158683777
1730,1,0.930914580821991
1731,1,0.3751910924911499
1732,1,0.9832378625869751
1733,1,0.9816330671310425
1734,1,0.8829358220100403
1735,1,0.9011645317077637
1736,1,0.5391685366630554
1737,1,0.4198656678199768
1738,1,0.830730676651001
1739,1,0.9103147983551025
1740,1,0.8672147393226624
1741,1,0.9647223353385925
1742,1,0.8393247723579407
1743,1,0.3702072203159332
1744,1,0.3044532537460327
1745,1,0.9588592648506165
1746,1,0.9017043709754944
1747,1,0.9089812636375427
1748,1,0.7236142754554749
1749,1,0.9186967611312866
1750,1,0.9589411616325378
1751,1,0.9380691051483154
1752,1,0.917046844959259
1753,1,0.4575587213039398
1754,1,0.9373675584793091
1755,1,0.7608602046966553
1756,1,0.9569756388664246
1757,1,0.1505412608385086
1758,1,0.4796023666858673
1759,1,0.8531122207641602
1760,1,0.9887147545814514
1761,1,0.9911916851997375
1762,1,0.9898030757904053
1763,1,0.9408239126205444
1764,1,0.9795651435852051
1765,1,0.8023841977119446
1766,1,0.9850756525993347
1767,1,0.1244046539068222
1768,1,0.9824386239051819
1769,1,0.9861072301864624
1770,1,0.8949447274208069
1771,1,0.9711316227912903
1772,1,0.9071744084358215
1773,1,0.9884699583053589
1774,1,0.3751943111419678
1775,1,0.9400308728218079
1776,1,0.932248592376709
1777,1,0.8988292217254639
1778,1,0.9459666609764099
1779,1,0.9383417367935181
1780,1,0.892816960811615
1781,1,0.9975801706314087
1782,1,0.9649876952171326
1783,1,0.4666590094566345
1784,1,0.9843716025352478
1785,1,0.9500596523284912
1786,1,0.9954109787940979
1787,1,0.9815249443054199
1788,1,0.9698845148086548
1789,1,0.9569534659385681
1790,1,0.9900537729263306
1791,1,0.982295036315918
1792,1,0.5102558732032776
1793,1,0.9853724837303162
1794,1,0.984454333782196
1795,1,0.9323269724845886
1796,1,0.9945992231369019
1797,1,0.7629742622375488
1798,1,0.9967209696769714
1799,1,0.9714978337287903
1800,1,0.9422370195388794
1801,1,0.7948160171508789
1802,1,0.7224830985069275
1803,1,0.8612664937973022
1804,1,0.13980482518672943
1805,1,0.9414957165718079
1806,1,0.7254294157028198
1807,1,0.9654675722122192
1808,1,0.8432709574699402
1809,1,0.9640329480171204
1810,1,0.6075966358184814
1811,1,0.1928713172674179
1812,1,0.9386432766914368
1813,1,0.6663109660148621
1814,1,0.9411863684654236
1815,1,0.988211452960968
1816,1,0.8257960677146912
1817,1,0.9287372827529907
1818,1,0.9631056785583496
1819,1,0.881657600402832
1820,1,0.5570284724235535
1821,1,0.49537891149520874
1822,1,0.9582861661911011
1823,1,0.8364074230194092
1824,1,0.916801393032074
1825,1,0.6920364499092102
1826,1,0.8409733176231384
1827,1,0.9613020420074463
1828,1,0.9688439965248108
1829,1,0.9653677940368652
1830,1,0.8750699758529663
1831,1,0.698975682258606
1832,1,0.9160183072090149
1833,1,0.6226897239685059
1834,1,0.9919455647468567
1835,1,0.7905206084251404
1836,1,0.9903580546379089
1837,1,0.9819199442863464
1838,1,0.32707348465919495
1839,1,0.43692564964294434
1840,1,0.9297523498535156
1841,1,0.1966220736503601
1842,1,0.47360289096832275
1843,1,0.36151546239852905
1844,1,0.6714969277381897
1845,1,0.7957557439804077
1846,1,0.7500311136245728
1847,1,0.9788361191749573
1848,1,0.8451569080352783
1849,1,0.8120099306106567
1850,1,0.8665302991867065
1851,1,0.8336504101753235
1852,1,0.5589424967765808
1853,1,0.9312349557876587
1854,1,0.9159445762634277
1855,1,0.6882256865501404
1856,1,0.8427472114562988
1857,1,0.9910712242126465
1858,1,0.8678250908851624
1859,1,0.9281479716300964
1860,1,0.9673271775245667
1861,1,0.834003210067749
1862,1,0.9585397839546204
1863,1,0.991612434387207
1864,1,0.5715603828430176
1865,1,0.6521191596984863
1866,1,0.6480545997619629
1867,1,0.7520543932914734
1868,1,0.8412657380104065
1869,1,0.9396674036979675
1870,1,0.9475560784339905
1871,1,0.5585552453994751
1872,1,0.96893310546875
1873,1,0.7112133502960205
1874,1,0.9316973686218262
1875,1,0.9408560991287231
1876,1,0.940584659576416
1877,1,0.3821186423301697
1878,1,0.8734332323074341
1879,1,0.7995197772979736
1880,1,0.4573599100112915
1881,1,0.7512497305870056
1882,1,0.568215548992157
1883,1,0.8221087455749512
1884,1,0.9316598773002625
1885,1,0.814723014831543
1886,1,0.8861356973648071
1887,1,0.9153909683227539
1888,1,0.0631365180015564
1889,1,0.7281311750411987
1890,1,0.9642754197120667
1891,1,0.10818780213594437
1892,1,0.2942952811717987
1893,1,0.8145453333854675
1894,1,0.9851800203323364
1895,1,0.9674586057662964
1896,1,0.9680935144424438
1897,1,0.9350545406341553
1898,1,0.11260077357292175
1899,1,0.8455756902694702
1900,1,0.06975250691175461
1901,1,0.9502990245819092
1902,1,0.9714672565460205
1903,1,0.10802815109491348
1904,1,0.2474721223115921
1905,1,0.9493315815925598
1906,1,0.9331117868423462
1907,1,0.9917114973068237
1908,1,0.9042702913284302
1909,1,0.14559908211231232
1910,1,0.8928780555725098
1911,1,0.3440357744693756
1912,1,0.2379320114850998
1913,1,0.6248387098312378
1914,1,0.03417317196726799
1915,1,0.7745429873466492
1916,1,0.08747358620166779
1917,1,0.35972288250923157
1918,1,0.7351215481758118
1919,1,0.9778528809547424
1920,1,0.8979613780975342
1921,1,0.9131303429603577
1922,1,0.9453798532485962
1923,1,0.7937800288200378
1924,1,0.5439660549163818
1925,1,0.9736093878746033
1926,1,0.9784804582595825
1927,1,0.9766170382499695
1928,1,0.9615994691848755
1929,1,0.5730885863304138
1930,1,0.9476855993270874
1931,1,0.9848256707191467
1932,1,0.9774158596992493
1933,1,0.9782041311264038
1934,1,0.9953860640525818
1935,1,0.9896809458732605
1936,1,0.7374716997146606
1937,1,0.5885862708091736
1938,1,0.9610194563865662
1939,1,0.9212420582771301
1940,1,0.8723293542861938
1941,1,0.8979672789573669
1942,1,0.8852791786193848
1943,1,0.9887790679931641
1944,1,0.9750323295593262
1945,1,0.7744397521018982
1946,1,0.9869356751441956
1947,1,0.9840346574783325
1948,1,0.9812847375869751
1949,1,0.9232015609741211
1950,1,0.2550869584083557
1951,1,0.9348368644714355
1952,1,0.9696884751319885
1953,1,0.7068262100219727
1954,1,0.8743277192115784
1955,1,0.4798518121242523
1956,1,0.9875262379646301
1957,1,0.8717408776283264
1958,1,0.9199433922767639
1959,1,0.9750262498855591
1960,1,0.9975799322128296
1961,1,0.9708541631698608
1962,1,0.9846011400222778
1963,1,0.9842766523361206
1964,1,0.8648212552070618
1965,1,0.7020316123962402
1966,1,0.9683751463890076
1967,1,0.8750143051147461
1968,1,0.9357070326805115
1969,1,0.9930203557014465
1970,1,0.8816928267478943
1971,1,0.9162723422050476
1972,1,0.9317610859870911
1973,1,0.8258329629898071
1974,1,0.9868395924568176
1975,1,0.9853447079658508
1976,1,0.9528948664665222
1977,1,0.6378723978996277
1978,1,0.9727802276611328
1979,1,0.7342652082443237
1980,1,0.753955602645874
1981,1,0.9254330992698669
1982,1,0.6749238967895508
1983,1,0.34990039467811584
1984,1,0.7781699299812317
1985,1,0.07005657255649567
1986,1,0.6071504354476929
1987,1,0.8877373337745667
1988,1,0.8960381746292114
1989,1,0.6761677861213684
1990,1,0.36269402503967285
1991,0,0.2509365379810333
1992,0,0.1433906853199005
1993,0,0.11267087608575821
1994,0,0.9220420718193054
1995,0,0.02942558191716671
1996,0,0.03540822118520737
1997,0,0.048270005732774734
1998,0,0.015006611123681068
1999,0,0.41435691714286804
2000,0,0.0039596157148480415
2001,0,0.6490359902381897
2002,0,0.02473452314734459
2003,0,0.4268096089363098
2004,0,0.001174053642898798
2005,0,0.017098816111683846
2006,0,0.32520872354507446
2007,0,0.6857219934463501
2008,0,0.9119928479194641
2009,0,0.0012144215870648623
2010,0,0.2046932578086853
2011,0,0.253337562084198
2012,0,0.015971429646015167
2013,0,0.1520112156867981
2014,0,0.0009057339048013091
2015,0,0.005208488088101149
2016,0,0.5908583998680115
2017,0,0.07099185883998871
2018,0,0.006347529590129852
2019,0,0.42918258905410767
2020,0,0.004544096998870373
2021,0,0.4601588845252991
2022,0,0.03168321028351784
2023,0,0.5286427736282349
2024,0,0.051948290318250656
2025,0,0.3761279881000519
2026,0,0.5145533680915833
2027,0,0.19510014355182648
2028,0,0.013859951868653297
2029,0,0.06832002103328705
2030,0,0.20130187273025513
2031,0,0.2616718113422394
2032,0,0.024695985019207
2033,0,0.014182842336595058
2034,0,0.2803855240345001
2035,0,0.12436765432357788
2036,0,0.04203517735004425
2037,0,0.15809234976768494
2038,0,0.1264653354883194
2039,0,0.2528235614299774
2040,0,0.0797116756439209
2041,0,0.04744470492005348
2042,0,0.009226659312844276
2043,0,0.36133259534835815
2044,0,0.04643813520669937
2045,0,0.025102341547608376
2046,0,0.00478975847363472
2047,0,0.9127163290977478
2048,0,0.7515425086021423
2049,0,0.6897983551025391
2050,0,0.31476491689682007
2051,0,0.40051159262657166
2052,0,0.04970308393239975
2053,0,0.5252383947372437
2054,0,0.06812480092048645
2055,0,0.3209385573863983
2056,0,0.5115286707878113
2057,0,0.25237753987312317
2058,0,0.06198896840214729
2059,0,0.3507857620716095
2060,0,0.25703924894332886
2061,0,0.06975250691175461
2062,0,0.11151818931102753
2063,0,0.13506820797920227
2064,0,0.09589318186044693
2065,0,0.0648149698972702
2066,0,0.06696748733520508
2067,0,0.008967031724750996
2068,0,0.35853350162506104
2069,0,0.41126513481140137
2070,0,0.023205528035759926
2071,0,0.010953391902148724
2072,0,0.7274727821350098
2073,0,0.003742553759366274
2074,0,0.04835423454642296
2075,0,0.007217946462333202
2076,0,0.020842155441641808
2077,0,0.2001330703496933
2078,0,0.2574668228626251
2079,0,0.9115297794342041
2080,0,0.1369103044271469
2081,0,0.7754228115081787
2082,0,0.5898986458778381
2083,0,0.02677692100405693
2084,0,0.31458014249801636
2085,0,0.07452573627233505
2086,0,0.08094976097345352
2087,0,0.004669978283345699
2088,0,0.48428279161453247
2089,0,0.7679109573364258
2090,0,0.09766615927219391
2091,0,0.8762872219085693
2092,0,0.0030408159364014864
2093,0,0.011648623272776604
2094,0,0.06714354455471039
2095,0,0.5085627436637878
2096,0,0.19683559238910675
2097,0,0.05096539482474327
2098,0,0.44420233368873596
2099,0,0.011119790375232697
2100,0,0.2225784957408905
2101,0,0.022209325805306435
2102,0,0.08967958390712738
2103,0,0.04791993275284767
2104,0,0.17074081301689148
2105,0,0.15221530199050903
2106,0,0.198805034160614
2107,0,0.005012761801481247
2108,0,0.9344326853752136
2109,0,0.11090312898159027
2110,0,0.0030841657426208258
2111,0,0.2310303896665573
2112,0,0.008682910352945328
2113,0,0.3484730124473572
2114,0,0.003491310402750969
2115,0,0.15601007640361786
2116,0,0.7156335711479187
2117,0,0.5966379642486572
2118,0,0.009141379967331886
2119,0,0.06984390318393707
2120,0,0.002575063146650791
2121,0,0.08006592094898224
2122,0,0.04559825733304024
2123,0,0.003849586471915245
2124,0,0.004209757316857576
2125,0,0.7665247917175293
2126,0,0.9109219312667847
2127,0,0.02678534761071205
2128,0,0.24979571998119354
2129,0,0.37189599871635437
2130,0,0.833716094493866
2131,0,0.37553152441978455
2132,0,0.004569830372929573
2133,0,0.13874992728233337
2134,0,0.0019262515706941485
2135,0,0.09062372893095016
2136,0,0.00697168055921793
2137,0,0.6405513286590576
2138,0,0.6719472408294678
2139,0,0.03352365270256996
2140,0,0.07779726386070251
2141,0,0.6324627995491028
2142,0,0.001079903682693839
2143,0,0.055501390248537064
2144,0,0.883397102355957
2145,0,0.0067994664423167706
2146,0,0.08684965968132019
2147,0,0.022966859862208366
2148,0,0.7767915725708008
2149,0,0.00422840379178524
2150,0,0.06975250691175461
2151,0,0.2078286111354828
2152,0,0.002376384334638715
2153,0,0.3669121265411377
2154,0,0.0024974036496132612
2155,0,0.3476198613643646
2156,0,0.12587863206863403
2157,0,0.00436518294736743
2158,0,0.03786316141486168
2159,0,0.013225888833403587
2160,0,0.10678447037935257
2161,0,0.5059009790420532
2162,0,0.8079048991203308
2163,0,0.09961482882499695
2164,0,0.004294116515666246
2165,0,0.06940324604511261
2166,0,0.003648129990324378
2167,0,0.05175624415278435
2168,0,0.19738544523715973
2169,0,0.011068600229918957
2170,0,0.8406609296798706
2171,0,0.04382629692554474
2172,0,0.4176008105278015
2173,0,0.31911027431488037
2174,0,0.0087788887321949
2175,0,0.00046353472862392664
2176,0,0.6663088798522949
2177,0,0.03226277977228165
2178,0,0.32328054308891296
2179,0,0.8987495303153992
2180,0,0.019226636737585068
2181,0,0.016951903700828552
2182,0,0.11481960117816925
2183,0,0.15354280173778534
2184,0,0.9017786979675293
2185,0,0.12405965477228165
2186,0,0.00483010895550251
2187,0,0.014335352927446365
2188,0,0.058010365813970566
2189,0,0.30168911814689636
2190,0,0.027707267552614212
2191,0,0.22905777394771576
2192,0,0.02008957415819168
2193,0,0.3797004520893097
2194,0,0.7913923263549805
2195,0,0.0327240452170372
2196,0,0.8528746962547302
2197,0,0.17009499669075012
2198,0,0.004661404527723789
2199,0,0.905669093132019
2200,0,0.0020150707568973303
2201,0,0.10620366781949997
2202,0,0.014036914333701134
2203,0,0.8893255591392517
2204,0,0.0446980781853199
2205,0,0.005886643659323454
2206,0,0.9282597303390503
2207,0,0.014088933356106281
2208,0,0.023817041888833046
2209,0,0.1276865154504776
2210,0,0.3275442123413086
2211,0,0.11683201789855957
2212,0,0.9298896789550781
2213,0,0.12436720728874207
2214,0,0.5795863270759583
2215,0,0.03248746320605278
2216,0,0.002941437531262636
2217,0,0.053438786417245865
2218,0,0.03118520975112915
2219,0,0.11834536492824554
2220,0,0.6740355491638184
2221,0,0.08361788839101791
2222,0,0.04980555176734924
2223,0,0.0012524435296654701
2224,0,0.047294165939092636
2225,0,0.026592742651700974
2226,0,0.35134926438331604
2227,0,0.1331826001405716
2228,0,0.9740669131278992
2229,0,0.13548079133033752
2230,0,0.8031186461448669
2231,0,0.05732174217700958
2232,0,0.0011846042471006513
2233,0,0.5948199033737183
2234,0,0.001589887891896069
2235,0,0.13256718218326569
2236,0,0.7101011872291565
2237,0,0.03872809186577797
2238,0,0.276388555765152
2239,0,0.8851665258407593
2240,0,0.0435260571539402
2241,0,0.15407797694206238
2242,0,0.004938112106174231
2243,0,0.13439559936523438
2244,0,0.4169709384441376
2245,0,0.09163474291563034
2246,0,0.018747063353657722
2247,0,0.2302771508693695
2248,0,0.3222465217113495
2249,0,0.9431686401367188
2250,0,0.007562858052551746
2251,0,0.08090978860855103
2252,0,0.0519205741584301
2253,0,0.014576398767530918
2254,0,0.49536553025245667
2255,0,0.014520928263664246
2256,0,0.02325298637151718
2257,0,0.11280308663845062
2258,0,0.08177468180656433
2259,0,0.0016009322134777904
2260,0,0.7972649335861206
2261,0,0.06519744545221329
2262,0,0.12469717115163803
2263,0,0.25512757897377014
2264,0,0.05858667567372322
2265,0,0.22856704890727997
2266,0,0.09308819472789764
2267,0,0.3763637840747833
2268,0,0.0035798195749521255
2269,0,0.333772748708725
2270,0,0.8607012033462524
2271,0,0.005004216451197863
2272,0,0.011421115137636662
2273,0,0.7231263518333435
2274,0,0.01025240495800972
2275,0,0.7282565832138062
2276,0,0.02502443827688694
2277,0,0.0023824400268495083
2278,0,0.01900586299598217
2279,0,0.015993883833289146
2280,0,0.22776074707508087
2281,0,0.020692285150289536
2282,0,0.05118192732334137
2283,0,0.5028053522109985
2284,0,0.5574812889099121
2285,0,0.013300450518727303
2286,0,0.692430317401886
2287,0,0.37600454688072205
2288,0,0.011892195791006088
2289,0,0.778191089630127
2290,0,0.37480226159095764
2291,0,0.032093655318021774
2292,0,0.0017843039240688086
2293,0,0.5613280534744263
2294,0,0.21309098601341248
2295,0,0.20220966637134552
2296,0,0.04259146749973297
2297,0,0.41021043062210083
2298,0,0.009818759746849537
2299,0,0.018433978781104088
2300,0,0.47234439849853516
2301,0,0.20138390362262726
2302,0,0.001422215485945344
2303,0,0.627004086971283
2304,0,0.11757371574640274
2305,0,0.22778606414794922
2306,0,0.2797553539276123
2307,0,0.18899774551391602
2308,0,0.09650785475969315
2309,0,0.03950398787856102
2310,0,0.03011169657111168
2311,0,0.07115064561367035
2312,0,0.0037893992848694324
2313,0,0.017373189330101013
2314,0,0.33355075120925903
2315,0,0.13034294545650482
2316,0,0.3130810558795929
2317,0,0.14452996850013733
2318,0,0.10733970999717712
2319,0,0.40181708335876465
2320,0,0.26964324712753296
2321,0,0.8814674019813538
2322,0,0.05248629301786423
2323,0,0.23825494945049286
2324,0,0.007237685844302177
2325,0,0.35582560300827026
2326,0,0.7475862503051758
2327,0,0.004533206578344107
2328,0,0.08269866555929184
2329,0,0.7266098260879517
2330,0,0.0006089348462410271
2331,0,0.3971051871776581
2332,0,0.46590372920036316
2333,0,0.5734166502952576
2334,0,0.11477266997098923
2335,0,0.6216267347335815
2336,0,0.048925694078207016
2337,0,0.022638624534010887
2338,0,0.0943252444267273
2339,0,0.6696798205375671
2340,0,0.003238034201785922
2341,0,0.8495548963546753
2342,0,0.03359639644622803
2343,0,0.27630579471588135
2344,0,0.007264448795467615
2345,0,0.847919225692749
2346,0,0.003190899034962058
2347,0,0.6584259867668152
2348,0,0.09302789717912674
2349,0,0.09923656284809113
2350,0,0.13014665246009827
2351,0,0.24275676906108856
2352,0,0.19157998263835907
2353,0,0.04927312210202217
2354,0,0.017231225967407227
2355,0,0.38492047786712646
2356,0,0.3637365996837616
2357,0,0.05859529972076416
2358,0,0.009913618676364422
2359,0,0.0039574760012328625
2360,0,0.0190364308655262
2361,0,0.008794745430350304
2362,0,0.47540712356567383
2363,0,0.003556694369763136
2364,0,0.6619558930397034
2365,0,0.25748828053474426
2366,0,0.0015044958563521504
2367,0,0.9221944212913513
2368,0,0.48931530117988586
2369,0,0.5556613802909851
2370,0,0.11889315396547318
2371,0,0.07715260982513428
2372,0,0.35059717297554016
2373,0,0.00545163918286562
2374,0,0.3075008690357208
2375,0,0.015551961958408356
2376,0,0.26321783661842346
2377,0,0.5783732533454895
2378,0,0.33013924956321716
2379,0,0.16211934387683868
2380,0,0.25620511174201965
2381,0,0.029322165995836258
2382,0,0.45778539776802063
2383,0,0.20571738481521606
2384,0,0.002985767088830471
2385,0,0.6489837169647217
2386,0,0.40096989274024963
2387,0,0.0420386828482151
2388,0,0.14365290105342865
2389,0,0.5189889669418335
2390,0,0.07920636236667633
2391,0,0.3512283265590668
2392,0,0.2042704075574875
2393,0,0.357047975063324
2394,0,0.23113203048706055
2395,0,0.2764451503753662
2396,0,0.006070227827876806
2397,0,0.06505156308412552
2398,0,0.11932231485843658
2399,0,0.0022011769469827414
2400,0,0.22575166821479797
2401,0,0.4163951277732849
2402,0,0.31191474199295044
2403,0,0.4694131910800934
2404,0,0.020253024995326996
2405,0,0.015932761132717133
2406,0,0.6788661479949951
2407,0,0.7023619413375854
2408,0,0.1047089546918869
2409,0,0.4494907259941101
2410,0,0.1373860388994217
2411,0,0.3537403345108032
2412,0,0.4262799620628357
2413,0,0.6909493207931519
2414,0,0.0054935272783041
2415,0,0.22719287872314453
2416,0,0.14546020328998566
2417,0,0.1408899575471878
2418,0,0.017568808048963547
2419,0,0.4275969862937927
2420,0,0.012304570525884628
2421,0,0.15217474102973938
2422,0,0.39834412932395935
2423,0,0.4877152740955353
2424,0,0.3731371760368347
2425,0,0.9449889063835144
2426,0,0.007386895827949047
2427,0,0.0060328533872962
2428,0,0.18462900817394257
2429,0,0.0019055233569815755
2430,0,0.005243614781647921
2431,0,0.44396159052848816
2432,0,0.11624513566493988
2433,0,0.0034456553403288126
2434,0,0.2448095828294754
2435,0,0.01956642046570778
2436,0,0.048986081033945084
2437,0,0.27742135524749756
2438,0,0.17003212869167328
2439,0,0.004942828323692083
2440,0,0.22825495898723602
2441,0,0.7124402523040771
2442,0,0.04489978402853012
2443,0,0.0011443839175626636
2444,0,0.25126978754997253
2445,0,0.7149924039840698
2446,0,0.030483966693282127
2447,0,0.01289320271462202
2448,0,0.14064528048038483
2449,0,0.16669628024101257
2450,0,0.16674765944480896
2451,0,0.007376600056886673
2452,0,0.6667801141738892
2453,0,0.9137786030769348
2454,0,0.9230374693870544
2455,0,0.0295350793749094
2456,0,0.008104437030851841
2457,0,0.1827308088541031
2458,0,0.3366304636001587
2459,0,0.009036999195814133
2460,0,0.6076256632804871
2461,0,0.021470025181770325
2462,0,0.04926078021526337
2463,0,0.07459089159965515
2464,0,0.2934991121292114
2465,0,0.11981786787509918
2466,0,0.0023989148903638124
2467,0,0.2168710082769394
2468,0,0.02247617579996586
2469,0,0.7796105742454529
2470,0,0.5381955504417419
2471,0,0.12966801226139069
2472,0,0.022585956379771233
2473,0,0.6201274394989014
2474,0,0.630362868309021
2475,0,0.0006815753295086324
2476,0,0.0011399954091757536
2477,0,0.3032757341861725
2478,0,0.20623892545700073
2479,0,0.0035366425290703773
2480,0,0.09062372893095016
2481,0,0.12555640935897827
2482,0,0.0018084155162796378
2483,0,0.2319382280111313
2484,0,0.24012504518032074
2485,0,0.12613296508789062
2486,0,0.06782076507806778
2487,0,0.5239425301551819
2488,0,0.17264051735401154
2489,0,0.3944839537143707
2490,0,0.0035328802186995745
2491,0,0.17779947817325592
2492,0,0.6739662289619446
2493,0,0.06979332119226456
2494,0,0.6109265685081482
2495,0,0.015288605354726315
2496,0,0.3493306338787079
2497,0,0.06819485127925873
2498,0,0.012617218308150768
2499,0,0.007336423732340336
2500,0,0.6782639026641846
2501,0,0.007096818182617426
2502,0,0.20401906967163086
2503,0,0.008227602578699589
2504,0,0.49031803011894226
2505,0,0.4256889522075653
2506,0,0.7708560824394226
2507,0,0.5512564778327942
2508,0,0.037959177047014236
2509,0,0.7519806623458862
2510,0,0.30514347553253174
2511,0,0.6753365397453308
2512,0,0.07663524895906448
2513,0,0.000513141683768481
2514,0,0.0027670548297464848
2515,0,0.3166888356208801
2516,0,0.6889601945877075
2517,0,0.3376176357269287
2518,0,0.004055787809193134
2519,0,0.5358507633209229
2520,0,0.16191677749156952
2521,0,0.16073958575725555
2522,0,0.008339113555848598
2523,0,0.01484667044132948
2524,0,0.5955374240875244
2525,0,0.09531944245100021
2526,0,0.10458734631538391
2527,0,0.39229393005371094
2528,0,0.9334108233451843
2529,0,0.0008680818718858063
2530,0,0.007194465957581997
2531,0,0.0943252444267273
2532,0,0.0052262949757277966
2533,0,0.17532365024089813
2534,0,0.13170363008975983
2535,0,0.008862718008458614
2536,0,0.7180084586143494
2537,0,0.04384102672338486
2538,0,0.017281655222177505
2539,0,0.07644709199666977
2540,0,0.08234410732984543
2541,0,0.5434427261352539
2542,0,0.0012969583040103316
2543,0,0.41866785287857056
2544,0,0.029086831957101822
2545,0,0.0016596121713519096
2546,0,0.003024306148290634
2547,0,0.16536325216293335
2548,0,0.003360538277775049
2549,0,0.04161984100937843
2550,0,0.6639459729194641
2551,0,0.0917743667960167
2552,0,0.15933896601200104
2553,0,0.013155200518667698
2554,0,0.018755178898572922
2555,0,0.15471187233924866
2556,0,0.03612339496612549
2557,0,0.7011438012123108
2558,0,0.27166464924812317
2559,0,0.20501668751239777
2560,0,0.07894468307495117
2561,0,0.19426435232162476
2562,0,0.13470295071601868
2563,0,0.9814715385437012
2564,0,0.09062372893095016
2565,0,0.3631826937198639
2566,0,0.1548328399658203
2567,0,0.3943080008029938
2568,0,0.07287407666444778
2569,0,0.0028912837151437998
2570,0,0.05051352083683014
2571,0,0.4700695872306824
2572,0,0.6519742012023926
2573,0,0.028713826090097427
2574,0,0.05614074692130089
2575,0,0.5306041240692139
2576,0,0.0025515665765851736
2577,0,0.025366635993123055
2578,0,0.19114024937152863
2579,0,0.11817203462123871
2580,0,0.0007811103132553399
2581,0,0.607459306716919
2582,0,0.19679129123687744
2583,0,0.0597032755613327
2584,0,0.04244363680481911
2585,0,0.26164010167121887
2586,0,0.006995516363531351
2587,0,0.36734962463378906
2588,0,0.05633621662855148
2589,0,0.8225901126861572
2590,0,0.00920824334025383
2591,0,0.4644288122653961
2592,0,0.1685217022895813
2593,0,0.12555640935897827
2594,0,0.27883702516555786
2595,0,0.013432202860713005
2596,0,0.018240047618746758
2597,0,0.24110300838947296
2598,0,0.13854625821113586
2599,0,0.11137108504772186
2600,0,0.34978488087654114
2601,0,0.14452996850013733
2602,0,0.5844668745994568
2603,0,0.004215397872030735
2604,0,0.15131540596485138
2605,0,0.4388633668422699
2606,0,0.074489064514637
2607,0,0.8655163049697876
2608,0,0.2168710082769394
2609,0,0.3793531060218811
2610,0,0.014272667467594147
2611,0,0.13503266870975494
2612,0,0.6074990630149841
2613,0,0.11676228791475296
2614,0,0.013000271283090115
2615,0,0.3015930652618408
2616,0,0.629310667514801
2617,0,0.022997401654720306
2618,0,0.07502441108226776
2619,0,0.1715971976518631
2620,0,0.0034362354781478643
2621,0,0.019774947315454483
2622,0,0.5664292573928833
2623,0,0.3870975971221924
2624,0,0.0032592432107776403
2625,0,0.002071852795779705
2626,0,0.21238362789154053
2627,0,0.0009072094690054655
2628,0,0.5128488540649414
2629,0,0.07180003821849823
2630,0,0.010768565349280834
2631,0,0.08720187097787857
2632,0,0.06149252876639366
2633,0,0.4195024371147156
2634,0,0.012181359343230724
2635,0,0.010080160573124886
2636,0,0.591826319694519
2637,0,0.5486605763435364
2638,0,0.12785746157169342
2639,0,0.5841771960258484
2640,0,0.4589090645313263
2641,0,0.095100998878479
2642,0,0.004066540393978357
2643,0,0.5320142507553101
2644,0,0.7177813649177551
2645,0,0.08824308961629868
2646,0,0.40622758865356445
2647,0,0.9048171639442444
2648,0,0.20306329429149628
2649,0,0.20537476241588593
2650,0,0.895027756690979
2651,0,0.015459517017006874
2652,0,0.050659552216529846
2653,0,0.19704627990722656
2654,0,0.012576129287481308
2655,0,0.025995783507823944
2656,0,0.49208971858024597
2657,0,0.898941159248352
2658,0,0.6908949017524719
2659,0,0.34191516041755676
2660,0,0.14911331236362457
2661,0,0.5223180651664734
2662,0,0.016783595085144043
2663,0,0.04355219006538391
2664,0,0.4919033646583557
2665,0,0.34716129302978516
2666,0,0.24359242618083954
2667,0,0.28984037041664124
2668,0,0.04856423661112785
2669,0,0.5068935751914978
2670,0,0.6557125449180603
2671,0,0.5648850202560425
2672,0,0.10466928035020828
2673,0,0.02976938895881176
2674,0,0.03515275940299034
2675,0,0.15906411409378052
2676,0,0.19224198162555695
2677,0,0.20805586874485016
2678,0,0.20537476241588593
2679,0,0.13075140118598938
2680,0,0.3177372217178345
2681,0,0.1654457300901413
2682,0,0.8831571340560913
2683,0,0.22079895436763763
2684,0,0.005037310998886824
2685,0,0.015484772622585297
2686,0,0.39875587821006775
2687,0,0.8268231749534607
2688,0,0.2797916829586029
2689,0,0.31737440824508667
2690,0,0.06577026844024658
2691,0,0.02164953574538231
2692,0,0.07072719186544418
2693,0,0.2848066985607147
2694,0,0.2222575545310974
2695,0,0.6756598353385925
2696,0,0.8631291389465332
2697,0,0.011530634015798569
2698,0,0.2929207682609558
2699,0,0.44186270236968994
2700,0,0.026385372504591942
2701,0,0.25501304864883423
2702,0,0.5802926421165466
2703,0,0.9631413817405701
2704,0,0.038568392395973206
2705,0,0.001150460564531386
2706,0,0.1631506234407425
2707,0,0.03739743307232857
2708,0,0.02673194743692875
2709,0,0.020253371447324753
2710,0,0.7170895338058472
2711,0,0.004183570854365826
2712,0,0.034367214888334274
2713,0,0.002108875894919038
2714,0,0.10496552288532257
2715,0,0.12555640935897827
2716,0,0.1469980776309967
2717,0,0.053464483469724655
2718,0,0.6147345304489136
2719,0,0.8087947964668274
2720,0,0.6944838166236877
2721,0,0.004503967240452766
2722,0,0.01687282882630825
2723,0,0.18938575685024261
2724,0,0.17125818133354187
2725,0,0.34196630120277405
2726,0,0.0024323018733412027
2727,0,0.038861703127622604
2728,0,0.9201726913452148
2729,0,0.27770131826400757
2730,0,0.3367244601249695
2731,0,0.054516084492206573
2732,0,0.027782997116446495
2733,0,0.19266486167907715
2734,0,0.5362364053726196
2735,0,0.04261656478047371
2736,0,0.6674111485481262
2737,0,0.5443612337112427
2738,0,0.2140251100063324
2739,0,0.013282226398587227
2740,0,0.027420703321695328
2741,0,0.6807422041893005
2742,0,0.3214889168739319
2743,0,0.44535118341445923
2744,0,0.13289161026477814
2745,0,0.02042470872402191
2746,0,0.0051641822792589664
2747,0,0.26327335834503174
2748,0,0.06206133961677551
2749,0,0.008364700712263584
2750,0,0.07123728096485138
2751,0,0.0054107061587274075
2752,0,0.5380141735076904
2753,0,0.02106660045683384
2754,0,0.03395451232790947
2755,0,0.053776513785123825
2756,0,0.11126662790775299
2757,0,0.0008115843520499766
2758,0,0.06975250691175461
2759,0,0.06729694455862045
2760,0,0.43991342186927795
2761,0,0.08979448676109314
2762,0,0.007849535904824734
2763,0,0.14600585401058197
2764,0,0.13258136808872223
2765,0,0.24045777320861816
2766,0,0.26286906003952026
2767,0,0.11454837024211884
2768,0,0.029146332293748856
2769,0,0.08730670064687729
2770,0,0.05983029305934906
2771,0,0.1695297658443451
2772,0,0.2934008240699768
2773,0,0.07589507848024368
2774,0,0.011459275148808956
2775,0,0.021916646510362625
2776,0,0.008231152780354023
2777,0,0.0943252444267273
2778,0,0.17765948176383972
2779,0,0.012156900949776173
2780,0,0.004544791299849749
2781,0,0.16550931334495544
2782,0,0.10325376689434052
2783,0,0.8249741792678833
2784,0,0.6476414799690247
2785,0,0.009787415154278278
2786,0,0.9833842515945435
2787,0,0.016301123425364494
2788,0,0.03052818588912487
2789,0,0.001538837794214487
2790,0,0.20537476241588593
2791,0,0.510132372379303
2792,0,0.04921351373195648
2793,0,0.11631838232278824
2794,0,0.5360412001609802
2795,0,0.17047621309757233
2796,0,0.1571398377418518
2797,0,0.03923891857266426
2798,0,0.2689659893512726
2799,0,0.011541051790118217
2800,0,0.06687522679567337
2801,0,0.5906082987785339
2802,0,0.12267483025789261
2803,0,0.07740197330713272
2804,0,0.0026582665741443634
2805,0,0.0011605833424255252
2806,0,0.09062372893095016
2807,0,0.04175740107893944
2808,0,0.006648487411439419
2809,0,0.06388269364833832
2810,0,0.3942817747592926
2811,0,0.4142692983150482
2812,0,0.003988149110227823
2813,0,0.2570413053035736
2814,0,0.05243605747818947
2815,0,0.023976676166057587
2816,0,0.055275384336709976
2817,0,0.026210950687527657
2818,0,0.3256795108318329
2819,0,0.5242452025413513
2820,0,0.03981967270374298
2821,0,0.08331173658370972
2822,0,0.7709155678749084
2823,0,0.0026909015141427517
2824,0,0.01308184303343296
2825,0,0.42060932517051697
2826,0,0.0012400427367538214
2827,0,0.05067785456776619
2828,0,0.2637980580329895
2829,0,0.4120463728904724
2830,0,0.42317917943000793
2831,0,0.021570755168795586
2832,0,0.9218712449073792
2833,0,0.003304858924821019
2834,0,0.008763077668845654
2835,0,0.02166411280632019
2836,0,0.010832414031028748
2837,0,0.048980072140693665
2838,0,0.046917736530303955
2839,0,0.0548546127974987
2840,0,0.40938428044319153
2841,0,0.4936915338039398
2842,0,0.9411360025405884
2843,0,0.24727708101272583
2844,0,0.011005212552845478
2845,0,0.17910891771316528
2846,0,0.13576938211917877
2847,0,0.5795754194259644
2848,0,0.09709760546684265
2849,0,0.7952873110771179
2850,0,0.9041759371757507
2851,0,0.9079181551933289
2852,0,0.9490913152694702
2853,0,0.3698616921901703
2854,0,0.366150826215744
2855,0,0.01118152029812336
2856,0,0.000662917853333056
2857,0,0.7019620537757874
2858,0,0.1130024790763855
2859,0,0.01101637538522482
2860,0,0.09849278628826141
2861,0,0.14452996850013733
2862,0,0.036046676337718964
2863,0,0.23275160789489746
2864,0,0.004048583097755909
2865,0,0.005308598279953003
2866,0,0.03716789558529854
2867,0,0.3377780318260193
2868,0,0.22607950866222382
2869,0,0.6253401637077332
2870,0,0.005392031744122505
2871,0,0.04681253060698509
2872,0,0.3690203130245209
2873,0,0.30814677476882935
2874,0,0.8646226525306702
2875,0,0.37916800379753113
2876,0,0.23617608845233917
2877,0,0.07646896690130234
2878,0,0.29259368777275085
2879,0,0.5246872901916504
2880,0,0.006603451911360025
2881,0,0.042588312178850174
2882,0,0.0012334384955465794
2883,0,0.04627114534378052
2884,0,0.6137633323669434
2885,0,0.2206369787454605
2886,0,0.16861911118030548
2887,0,0.29704952239990234
2888,0,0.008350789546966553
2889,0,0.13728918135166168
2890,0,0.0013143965043127537
2891,0,0.005743499845266342
2892,0,0.07288839668035507
2893,0,0.7696129679679871
2894,0,0.03757937252521515
2895,0,0.005170977674424648
2896,0,0.7933604717254639
2897,0,0.8226113319396973
2898,0,0.09062372893095016
2899,0,0.36252155900001526
2900,0,0.49996352195739746
2901,0,0.11279869824647903
2902,0,0.02608373947441578
2903,0,0.0072274720296263695
2904,0,0.061849214136600494
2905,0,0.0026189275085926056
2906,0,0.3270493447780609
2907,0,0.015954945236444473
2908,0,0.00854154396802187
2909,0,0.08223198354244232
2910,0,0.21208152174949646
2911,0,0.48843157291412354
2912,0,0.03872813284397125
2913,0,0.4482685923576355
2914,0,0.21445702016353607
2915,0,0.665783703327179
2916,0,0.08900131285190582
2917,0,0.24400009214878082
2918,0,0.06007973849773407
2919,0,0.23074279725551605
2920,0,0.0664895698428154
2921,0,0.28432634472846985
2922,0,0.8875545263290405
2923,0,0.8211424946784973
2924,0,0.011163188144564629
2925,0,0.006913093384355307
2926,0,0.2989232838153839
2927,0,0.22351685166358948
2928,0,0.08996013551950455
2929,0,0.015862280502915382
2930,0,0.872826337814331
2931,0,0.11547741293907166
2932,0,0.6274507641792297
2933,0,0.17561845481395721
2934,0,0.006410186644643545
2935,0,0.7417217493057251
2936,0,0.05555235221982002
2937,0,0.39917004108428955
2938,0,0.02747376635670662
2939,0,0.5798394083976746
2940,0,0.001068364828824997
2941,0,0.2397627979516983
2942,0,0.013234472833573818
2943,0,0.842130184173584
2944,0,0.03624255955219269
2945,0,0.7131944894790649
2946,0,0.83924800157547
2947,0,0.569711446762085
2948,0,0.5942798256874084
2949,0,0.3315412104129791
2950,0,0.33966097235679626
2951,0,0.001202584127895534
2952,0,0.008883912116289139
2953,0,0.0037772736977785826
2954,0,0.17703522741794586
2955,0,0.007078408729285002
2956,0,0.37069621682167053
2957,0,0.9281620383262634
2958,0,0.650180995464325
2959,0,0.11606559157371521
2960,0,0.29136818647384644
2961,0,0.16149647533893585
2962,0,0.14452996850013733
2963,0,0.005679615773260593
2964,0,0.9223092198371887
2965,0,0.004553056787699461
2966,0,0.9311054944992065
2967,0,0.0016837662551552057
2968,0,0.0012521292082965374
2969,0,0.10435336083173752
2970,0,0.020044580101966858
2971,0,0.26966094970703125
2972,0,0.013461459428071976
2973,0,0.30505862832069397
2974,0,0.7587794661521912
2975,0,0.674358606338501
2976,0,0.5859256982803345
2977,0,0.10842666774988174
2978,0,0.06651396304368973
2979,0,0.5677886009216309
2980,0,0.01191400084644556
2981,0,0.04082666337490082
2982,0,0.05765139311552048
2983,0,0.004771095234900713
2984,0,0.06261249631643295
2985,0,0.0065820906311273575
2986,0,0.09181884676218033
2987,0,0.476986825466156
2988,0,0.002250128425657749
2989,0,0.05782461166381836
2990,0,0.2851516008377075
2991,0,0.06528366357088089
2992,0,0.1068662703037262
2993,0,0.1725015789270401
2994,0,0.5049868226051331
2995,0,0.006279708817601204
2996,0,0.06321867555379868
2997,0,0.31643131375312805
2998,0,0.6534696221351624
2999,0,0.6077679991722107
3000,0,0.21856552362442017
3001,0,0.5169075131416321
3002,0,0.46888846158981323
3003,0,0.012976906262338161
3004,0,0.008965888060629368
3005,0,0.01131066121160984
3006,0,0.015644382685422897
3007,0,0.014506797306239605
3008,0,0.040060266852378845
3009,0,0.008498392067849636
3010,0,0.01157393679022789
3011,0,0.32562530040740967
3012,0,0.6095275282859802
3013,0,0.19338814914226532
3014,0,0.012691976502537727
3015,0,0.09771283715963364
3016,0,0.016783012077212334
3017,0,0.43850868940353394
3018,0,0.6708526015281677
3019,0,0.08389206975698471
3020,0,0.119998037815094
3021,0,0.15244656801223755
3022,0,0.005378429312258959
3023,0,0.15767371654510498
3024,0,0.1790168136358261
3025,0,0.006172685418277979
3026,0,0.0293443500995636
3027,0,0.1801643818616867
3028,0,0.113841712474823
3029,0,0.09126144647598267
3030,0,0.24169698357582092
3031,0,0.9546083211898804
3032,0,0.03233813866972923
3033,0,0.41896533966064453
3034,0,0.05068059638142586
3035,0,0.30441775918006897
3036,0,0.3406842052936554
3037,0,0.320185124874115
3038,0,0.2700505256652832
3039,0,0.8076750040054321
3040,0,0.07545644044876099
3041,0,0.4589627981185913
3042,0,0.02972366102039814
3043,0,0.04197205975651741
3044,0,0.0930950865149498
3045,0,0.1884336918592453
3046,0,0.08073941618204117
3047,0,0.8755097985267639
3048,0,0.0438305139541626
3049,0,0.001832490204833448
3050,0,0.11038750410079956
3051,0,0.27261829376220703
3052,0,0.010014052502810955
3053,0,0.8579782843589783
3054,0,0.010975554585456848
3055,0,0.14935509860515594
3056,0,0.11014197021722794
3057,0,0.13896717131137848
3058,0,0.40460970997810364
3059,0,0.10740725696086884
3060,0,0.12555640935897827
3061,0,0.583386242389679
3062,0,0.09806527197360992
3063,0,0.023168163374066353
3064,0,0.0011159870773553848
3065,0,0.5718667507171631
3066,0,0.2546747922897339
3067,0,0.03938673436641693
3068,0,0.028169646859169006
3069,0,0.03161652758717537
3070,0,0.11161517351865768
3071,0,0.3134424686431885
3072,0,0.2168710082769394
3073,0,0.9069917798042297
3074,0,0.24679580330848694
3075,0,0.4407135546207428
3076,0,0.0020997130777686834
3077,0,0.08614663034677505
3078,0,0.6119562983512878
3079,0,0.09742846339941025
3080,0,0.1798807978630066
3081,0,0.0867084488272667
3082,0,0.09062372893095016
3083,0,0.6922253370285034
3084,0,0.018791886046528816
3085,0,0.009060031734406948
3086,0,0.122442327439785
3087,0,0.0020224920008331537
3088,0,0.0056740520521998405
3089,0,0.3149121403694153
3090,0,0.20537476241588593
3091,0,0.051992204040288925
3092,0,0.020963331684470177
3093,0,0.008758828975260258
3094,0,0.42819416522979736
3095,0,0.011021868325769901
3096,0,0.007823902182281017
3097,0,0.04299931600689888
3098,0,0.0943252444267273
3099,0,0.009817041456699371
3100,0,0.007033325731754303
3101,0,0.41043272614479065
3102,0,0.0028247260488569736
3103,0,0.327777624130249
3104,0,0.0654754564166069
3105,0,0.7683133482933044
3106,0,0.045136380940675735
3107,0,0.013995392248034477
3108,0,0.20537476241588593
3109,0,0.9282293319702148
3110,0,0.41375744342803955
3111,0,0.4267481863498688
3112,0,0.08699643611907959
3113,0,0.00491719227284193
3114,0,0.07679183781147003
3115,0,0.1339818239212036
3116,0,0.0008203501929529011
3117,0,0.027706477791070938
3118,0,0.41710802912712097
3119,0,0.04347050189971924
3120,0,0.047966569662094116
3121,0,0.05974894016981125
3122,0,0.07529988884925842
3123,0,0.06975250691175461
3124,0,0.30435600876808167
3125,0,0.8445196151733398
3126,0,0.05087681859731674
3127,0,0.022431937977671623
3128,0,0.37447020411491394
3129,0,0.4683884084224701
3130,0,0.05019271373748779
3131,0,0.3234642744064331
3132,0,0.21751196682453156
3133,0,0.029243236407637596
3134,0,0.03675456345081329
3135,0,0.11766237020492554
3136,0,0.25427550077438354
3137,0,0.030723165720701218
3138,0,0.30348289012908936
3139,0,0.7566573619842529
3140,0,0.053914960473775864
3141,0,0.05106719583272934
3142,0,0.28462502360343933
3143,0,0.3736516535282135
3144,0,0.5086397528648376
3145,0,0.30303046107292175
3146,0,0.634115993976593
3147,0,0.6941484808921814
3148,0,0.14885447919368744
3149,0,0.025482425466179848
3150,0,0.007347436156123877
3151,0,0.06605945527553558
3152,0,0.7075614929199219
3153,0,0.9282980561256409
3154,0,0.1421138197183609
3155,0,0.15483124554157257
3156,0,0.19415365159511566
3157,0,0.0036945901811122894
3158,0,0.061407893896102905
3159,0,0.04922892898321152
3160,0,0.05679130181670189
3161,0,0.04334421828389168
3162,0,0.029731648042798042
3163,0,0.02139892801642418
3164,0,0.04040135443210602
3165,0,0.1300225853919983
3166,0,0.17971104383468628
3167,0,0.008694328367710114
3168,0,0.10961920768022537
3169,0,0.046899329870939255
3170,0,0.24638184905052185
3171,0,0.6147080063819885
3172,0,0.24642133712768555
3173,0,0.7054319977760315
3174,0,0.9655793905258179
3175,0,0.28321167826652527
3176,0,0.3033936619758606
3177,0,0.029014945030212402
3178,0,0.052175603806972504
3179,0,0.004494544118642807
3180,0,0.1675456315279007
3181,0,0.3484342098236084
3182,0,0.556907594203949
3183,0,0.04321521148085594
3184,0,0.20873595774173737
3185,0,0.030515896156430244
3186,0,0.395593523979187
3187,0,0.14813706278800964
3188,0,0.026006868109107018
3189,0,0.31574156880378723
3190,0,0.018055535852909088
3191,0,0.01518024317920208
3192,0,0.5114805698394775
3193,0,0.08383765071630478
3194,0,0.04659401252865791
3195,0,0.3611335754394531
3196,0,0.046610020101070404
3197,0,0.11239912360906601
3198,0,0.001908380538225174
3199,0,0.01824713870882988
3200,0,0.003641715971753001
3201,0,0.3419913053512573
3202,0,0.5675014853477478
3203,0,0.0010980849619954824
3204,0,0.9521405696868896
3205,0,0.0003974365827161819
3206,0,0.4567463994026184
3207,0,0.05189245939254761
3208,0,0.006374120246618986
3209,0,0.4640614092350006
3210,0,0.2440243363380432
3211,0,0.00804741121828556
3212,0,0.35697633028030396
3213,0,0.008668782189488411
3214,0,0.14339466392993927
3215,0,0.05607267841696739
3216,0,0.31246885657310486
3217,0,0.08126645535230637
3218,0,0.24649356305599213
3219,0,0.36735638976097107
3220,0,0.6314036846160889
3221,0,0.0035584287252277136
3222,0,0.007557648699730635
3223,0,0.028082458302378654
3224,0,0.40868130326271057
3225,0,0.20537476241588593
3226,0,0.7764933109283447
3227,0,0.0033552036620676517
3228,0,0.3916589915752411
3229,0,0.8809686303138733
3230,0,0.15786761045455933
3231,0,0.05780276283621788
3232,0,0.02236197143793106
3233,0,0.03569337725639343
3234,0,0.4365752339363098
3235,0,0.016570892184972763
3236,0,0.017671791836619377
3237,0,0.008599418215453625
3238,0,0.07474859803915024
3239,0,0.1798778921365738
3240,0,0.02492336556315422
3241,0,0.002196765970438719
3242,0,0.34355220198631287
3243,0,0.2986370921134949
3244,0,0.025177553296089172
3245,0,0.03731205686926842
3246,0,0.7616192102432251
3247,0,0.8694157004356384
3248,0,0.887218177318573
3249,0,0.868867039680481
3250,0,0.050878867506980896
3251,0,0.45045891404151917
3252,0,0.06975250691175461
3253,0,0.2257324457168579
3254,0,0.46455782651901245
3255,0,0.6339491605758667
3256,0,0.30061841011047363
3257,0,0.03204357996582985
3258,0,0.974337100982666
3259,0,0.5587520599365234
3260,0,0.22610272467136383
3261,0,0.31541213393211365
3262,0,0.12279198318719864
3263,0,0.7915678024291992
3264,0,0.6736282706260681
3265,0,0.6592970490455627
3266,0,0.025991877540946007
3267,0,0.08032452315092087
3268,0,0.9404636025428772
3269,0,0.02731727436184883
3270,0,0.3228442370891571
3271,0,0.10547223687171936
3272,0,0.859620988368988
3273,0,0.30142053961753845
3274,0,0.06828037649393082
3275,0,0.019301598891615868
3276,0,0.5255879759788513
3277,0,0.7465384006500244
3278,0,0.1289295107126236
3279,0,0.004486660938709974
3280,0,0.09268087893724442
3281,0,0.025171710178256035
3282,0,0.024876752868294716
3283,0,0.006093029864132404
3284,0,0.004145440179854631
3285,0,0.2298354059457779
3286,0,0.005731499288231134
3287,0,0.1744983196258545
3288,0,0.023502090945839882
3289,0,0.3980771005153656
3290,0,0.8513390421867371
3291,0,0.8696717023849487
3292,0,0.8247484564781189
3293,0,0.5436185598373413
3294,0,0.061407942324876785
3295,0,0.032736506313085556
3296,0,0.03147093206644058
3297,0,0.029497750103473663
3298,0,0.07201504707336426
3299,0,0.017472296953201294
3300,0,0.025379739701747894
3301,0,0.04469328746199608
3302,0,0.18712462484836578
3303,0,0.23285864293575287
3304,0,0.2168710082769394
3305,0,0.08477512747049332
3306,0,0.0075708008371293545
3307,0,0.6529242992401123
3308,0,0.6606215834617615
3309,0,0.7538912892341614
3310,0,0.3350679278373718
3311,0,0.0018809064058586955
3312,0,0.1148175373673439
3313,0,0.19453977048397064
3314,0,0.08924175053834915
3315,0,0.07460890710353851
3316,0,0.5810379385948181
3317,0,0.004376020282506943
3318,0,0.08444689214229584
3319,0,0.03756076097488403
3320,0,0.39518046379089355
3321,0,0.4306968152523041
3322,0,0.4024583399295807
3323,0,0.936566174030304
3324,0,0.04714606702327728
3325,0,0.3349473178386688
3326,0,0.0029263102915138006
3327,0,0.0055300830863416195
3328,0,0.6094962954521179
3329,0,0.8057569265365601
3330,0,0.01641898974776268
3331,0,0.04170602560043335
3332,0,0.0035898585338145494
3333,0,0.006492854095995426
3334,0,0.31251275539398193
3335,0,0.058451130986213684
3336,0,0.6171343922615051
3337,0,0.05901132524013519
3338,0,0.4545260965824127
3339,0,0.15195851027965546
3340,0,0.02518053911626339
3341,0,0.1820598691701889
3342,0,0.31021440029144287
3343,0,0.06108151003718376
3344,0,0.001123655354604125
3345,0,0.9388105273246765
3346,0,0.00414190674200654
3347,0,0.6694187521934509
3348,0,0.6358404159545898
3349,0,0.08804170787334442
3350,0,0.2528235614299774
3351,0,0.002634466392919421
3352,0,0.19787338376045227
3353,0,0.7994023561477661
3354,0,0.05024150013923645
3355,0,0.8772009015083313
3356,0,0.07489053905010223
3357,0,0.5535560846328735
3358,0,0.2004883587360382
3359,0,0.9299101829528809
3360,0,0.13760757446289062
3361,0,0.12662510573863983
3362,0,0.38169074058532715
3363,0,0.0034222565591335297
3364,0,0.010801983065903187
3365,0,0.6229821443557739
3366,0,0.9566112160682678
3367,0,0.20455552637577057
3368,0,0.4885495603084564
3369,0,0.052167218178510666
3370,0,0.5124536752700806
3371,0,0.20287011563777924
3372,0,0.08630003035068512
3373,0,0.11670126020908356
3374,0,0.01577562279999256
3375,0,0.5723742246627808
3376,0,0.13860724866390228
3377,0,0.1863948106765747
3378,0,0.005105885211378336
3379,0,0.5385085344314575
3380,0,0.3686763346195221
3381,0,0.1331232339143753
3382,0,0.4773806929588318
3383,0,0.8567750453948975
3384,0,0.17761988937854767
3385,0,0.001167385489679873
3386,0,0.29736021161079407
3387,0,0.0890342965722084
3388,0,0.011658520437777042
3389,0,0.35418447852134705
3390,0,0.28913816809654236
3391,0,0.1080419048666954
3392,0,0.0833553671836853
3393,0,0.0012846647296100855
3394,0,0.28190678358078003
3395,0,0.5000917911529541
3396,0,0.05953730270266533
3397,0,0.8427172303199768
3398,0,0.013632499612867832
3399,0,0.002533441875129938
3400,0,0.05529269203543663
3401,0,0.030624184757471085
3402,0,0.6061079502105713
3403,0,0.6102535724639893
3404,0,0.4482825696468353
3405,0,0.09716277569532394
3406,0,0.07791761308908463
3407,0,0.7591061592102051
3408,0,0.49170157313346863
3409,0,0.4743840992450714
3410,0,0.01539703644812107
3411,0,0.007911643013358116
3412,0,0.26850855350494385
3413,0,0.032406095415353775
3414,0,0.15865135192871094
3415,0,0.4695354700088501
3416,0,0.030623679980635643
3417,0,0.11780791729688644
3418,0,0.022481057792901993
3419,0,0.1813555657863617
3420,0,0.007742587476968765
3421,0,0.12403172999620438
3422,0,0.012719695456326008
3423,0,0.09279243648052216
3424,0,0.09147818386554718
3425,0,0.24852807819843292
3426,0,0.3107766807079315
3427,0,0.7486410737037659
3428,0,0.34550800919532776
3429,0,0.919703483581543
3430,0,0.05429157614707947
3431,0,0.06209671124815941
3432,0,0.04240133613348007
3433,0,0.012049549259245396
3434,0,0.95607990026474
3435,0,0.2215871959924698
3436,0,0.06975250691175461
3437,0,0.3777503967285156
3438,0,0.23764149844646454
3439,0,0.15898537635803223
3440,0,0.2584203779697418
3441,0,0.2529522776603699
3442,0,0.10617108643054962
3443,0,0.8423914313316345
3444,0,0.4627886414527893
3445,0,0.6697105169296265
3446,0,0.32024529576301575
3447,0,0.18803387880325317
3448,0,0.14007613062858582
3449,0,0.03823171183466911
3450,0,0.06990589946508408
3451,0,0.0010548497084528208
3452,0,0.11716117709875107
3453,0,0.7019647359848022
3454,0,0.0021892148070037365
3455,0,0.23685306310653687
3456,0,0.22824755311012268
3457,0,0.025019437074661255
3458,0,0.5585516691207886
3459,0,0.1657349169254303
3460,0,0.004214987624436617
3461,0,0.04440389573574066
3462,0,0.27211838960647583
3463,0,0.4321247637271881
3464,0,0.29486748576164246
3465,0,0.007845574989914894
3466,0,0.5713028311729431
3467,0,0.060595761984586716
3468,0,0.03221895173192024
3469,0,0.2528235614299774
3470,0,0.09062372893095016
3471,0,0.2631053924560547
3472,0,0.6189128160476685
3473,0,0.0034802791196852922
3474,0,0.0049355351366102695
3475,0,0.6194053292274475
3476,0,0.10816732794046402
3477,0,0.6258907318115234
3478,0,0.028295423835515976
3479,0,0.05355058237910271
3480,0,0.07016409933567047
3481,0,0.5628737211227417
3482,0,0.18526166677474976
3483,0,0.011643447913229465
3484,0,0.19852900505065918
3485,0,0.025737352669239044
3486,0,0.1829032599925995
3487,0,0.0943252444267273
3488,0,0.019593635573983192
3489,0,0.21188922226428986
3490,0,0.2727994918823242
3491,0,0.3255917727947235
3492,0,0.024402324110269547
3493,0,0.19360308349132538
3494,0,0.16572852432727814
3495,0,0.1989428848028183
3496,0,0.06252147257328033
3497,0,0.018468229100108147
3498,0,0.43625038862228394
3499,0,0.20448042452335358
3500,0,0.07682126760482788
3501,0,0.015773756429553032
3502,0,0.8815609812736511
3503,0,0.4364904463291168
3504,0,0.8625713586807251
3505,0,0.01329133566468954
3506,0,0.031384218484163284
3507,0,0.2923145294189453
3508,0,0.37890225648880005
3509,0,0.008624337613582611
3510,0,0.7123560905456543
3511,0,0.03670118749141693
3512,0,0.624967098236084
3513,0,0.08574201911687851
3514,0,0.10615096241235733
3515,0,0.09678546339273453
3516,0,0.8571138381958008
3517,0,0.07392404228448868
3518,0,0.6071547865867615
3519,0,0.7847960591316223
3520,0,0.37035825848579407
3521,0,0.007987265475094318
3522,0,0.06975250691175461
3523,0,0.2114499807357788
3524,0,0.8355029225349426
3525,0,0.7506016492843628
3526,0,0.46701690554618835
3527,0,0.9796695709228516
3528,0,0.08531400561332703
3529,0,0.4718739092350006
3530,0,0.001795436255633831
3531,0,0.13021035492420197
3532,0,0.44290265440940857
3533,0,0.007810838986188173
3534,0,0.119998037815094
3535,0,0.1244269460439682
3536,0,0.30144211649894714
3537,0,0.3471800684928894
3538,0,0.07333780080080032
3539,0,0.10409853607416153
3540,0,0.001621748204343021
3541,0,0.19858212769031525
3542,0,0.4565582275390625
3543,0,0.4928750991821289
3544,0,0.43804609775543213
3545,0,0.013039273209869862
3546,0,0.32234904170036316
3547,0,0.2306852787733078
3548,0,0.08983026444911957
3549,0,0.05000844970345497
3550,0,0.7698127031326294
3551,0,0.2665577828884125
3552,0,0.39079388976097107
3553,0,0.02745988965034485
3554,0,0.18583232164382935
3555,0,0.1459254026412964
3556,0,0.003008314874023199
3557,0,0.7400966882705688
3558,0,0.28820276260375977
3559,0,0.9743040800094604
3560,0,0.014758461154997349
3561,0,0.4119061231613159
3562,0,0.006257032975554466
3563,0,0.08685361593961716
3564,0,0.20883291959762573
3565,0,0.08805382996797562
3566,0,0.03306395187973976
3567,0,0.017467370256781578
3568,0,0.6912364959716797
3569,0,0.02007877267897129
3570,0,0.7604268193244934
3571,0,0.05730676278471947
3572,0,0.005030630622059107
3573,0,0.4273073077201843
3574,0,0.3560209274291992
3575,0,0.14115510880947113
3576,0,0.030615244060754776
3577,0,0.034505393356084824
3578,0,0.2245606780052185
3579,0,0.24620331823825836
3580,0,0.602982223033905
3581,0,0.07893787324428558
3582,0,0.09062372893095016
3583,0,0.39904096722602844
3584,0,0.8672030568122864
3585,0,0.00652205478399992
3586,0,0.7742512226104736
3587,0,0.31678667664527893
3588,0,0.31186798214912415
3589,0,0.6612984538078308
3590,0,0.5230591297149658
3591,0,0.050242017954587936
3592,0,0.23277787864208221
3593,0,0.01279392745345831
3594,0,0.6549931168556213
3595,0,0.4577758014202118
3596,0,0.008046246133744717
3597,0,0.8711102604866028
3598,0,0.15962404012680054
3599,0,0.01971406303346157
3600,0,0.07513242214918137
3601,0,0.22632630169391632
3602,0,0.1457137018442154
3603,0,0.015291993506252766
3604,0,0.04606793448328972
3605,0,0.02521168626844883
3606,0,0.6412081122398376
3607,0,0.27741143107414246
3608,0,0.07149495929479599
3609,0,0.8768969774246216
3610,0,0.0428338348865509
3611,0,0.5209722518920898
3612,0,0.006043888628482819
3613,0,0.0359833724796772
3614,0,0.6059892773628235
3615,0,0.011451208032667637
3616,0,0.3080771565437317
3617,0,0.9833838939666748
3618,0,0.4119061231613159
3619,0,0.5877123475074768
3620,0,0.46249863505363464
3621,0,0.3813989758491516
3622,0,0.10415934026241302
3623,0,0.4346742630004883
3624,0,0.6177611351013184
3625,0,0.049765847623348236
3626,0,0.12400193512439728
3627,0,0.01854396052658558
3628,0,0.005858893971890211
3629,0,0.032187726348638535
3630,0,0.2898480296134949
3631,0,0.6674082279205322
3632,0,0.8352615833282471
3633,0,0.7593027353286743
3634,0,0.15795540809631348
3635,0,0.5122804641723633
3636,0,0.042169034481048584
3637,0,0.5811029672622681
3638,0,0.010910239070653915
3639,0,0.5073985457420349
3640,0,0.9601283669471741
3641,0,0.0850382000207901
3642,0,0.22230264544487
3643,0,0.011348673142492771
3644,0,0.19762946665287018
3645,0,0.011907513253390789
3646,0,0.06583982706069946
3647,0,0.09300389140844345
3648,0,0.04046807438135147
3649,0,0.3162418305873871
3650,0,0.008026331663131714
3651,0,0.022293247282505035
3652,0,0.010791737586259842
3653,0,0.7464293837547302
3654,0,0.14452996850013733
3655,0,0.007406985387206078
3656,0,0.20537476241588593
3657,0,0.6559442281723022
3658,0,0.09012622386217117
3659,0,0.5878971219062805
3660,0,0.0337497778236866
3661,0,0.6562663912773132
3662,0,0.33363232016563416
3663,0,0.017952779307961464
3664,0,0.16532745957374573
3665,0,0.10220904648303986
3666,0,0.005598333664238453
3667,0,0.4267854392528534
3668,0,0.012494181282818317
3669,0,0.0033597429282963276
3670,0,0.7152641415596008
3671,0,0.4537293314933777
3672,0,0.0029308509547263384
3673,0,0.01693173125386238
3674,0,0.16461734473705292
3675,0,0.04732664301991463
3676,0,0.13931342959403992
3677,0,0.010044409893453121
3678,0,0.77546226978302
3679,0,0.02723957784473896
3680,0,0.015639472752809525
3681,0,0.20894624292850494
3682,0,0.05405541509389877
3683,0,0.0030577541328966618
3684,0,0.008303668349981308
3685,0,0.6017244458198547
3686,0,0.743333637714386
3687,0,0.02476041205227375
3688,0,0.17762669920921326
3689,0,0.6380282044410706
3690,0,0.6310055255889893
3691,0,0.6222992539405823
3692,0,0.14452996850013733
3693,0,0.20537476241588593
3694,0,0.002445537829771638
3695,0,0.06975250691175461
3696,0,0.035252176225185394
3697,0,0.25235268473625183
3698,0,0.285361111164093
3699,0,0.15182740986347198
3700,0,0.5907474756240845
3701,0,0.2788832187652588
3702,0,0.08614077419042587
3703,0,0.3148138225078583
3704,0,0.2926528751850128
3705,0,0.3419042229652405
3706,0,0.049058932811021805
3707,0,0.05732324346899986
3708,0,0.0014897215878590941
3709,0,0.1290043294429779
3710,0,0.13453446328639984
3711,0,0.05910655856132507
3712,0,0.08264698833227158
3713,0,0.7056684494018555
3714,0,0.30694618821144104
3715,0,0.20336338877677917
3716,0,0.06502263247966766
3717,0,0.4418541491031647
3718,0,0.033296190202236176
3719,0,0.656568706035614
3720,0,0.8476844429969788
3721,0,0.8909249305725098
3722,0,0.8064255714416504
3723,0,0.5913514494895935
3724,0,0.20537476241588593
3725,0,0.6870901584625244
3726,0,0.4612620174884796
3727,0,0.974453330039978
3728,0,0.03799179568886757
3729,0,0.07086097449064255
3730,0,0.1876799464225769
3731,0,0.024417800828814507
3732,0,0.022167198359966278
3733,0,0.30202344059944153
3734,0,0.2513750195503235
3735,0,0.2633037269115448
3736,0,0.1752854734659195
3737,0,0.005522830877453089
3738,0,0.3035503923892975
3739,0,0.024367433041334152
3740,0,0.24683551490306854
3741,0,0.316232293844223
3742,0,0.5757814049720764
3743,0,0.0943252444267273
3744,0,0.0037501223850995302
3745,0,0.5564529299736023
3746,0,0.12166055291891098
3747,0,0.5185286402702332
3748,0,0.9519633650779724
3749,0,0.07127746939659119
3750,0,0.4905778169631958
3751,0,0.7217488288879395
3752,0,0.05936567857861519
3753,0,0.024790233001112938
3754,0,0.9571881294250488
3755,0,0.47679603099823
3756,0,0.17936910688877106
3757,0,0.008945188485085964
3758,0,0.7854613661766052
3759,0,0.13435658812522888
3760,0,0.014962594956159592
3761,0,0.19986650347709656
3762,0,0.16120369732379913
3763,0,0.07469155639410019
3764,0,0.13740983605384827
3765,0,0.7638646960258484
3766,0,0.0198188629001379
3767,0,0.0397602878510952
3768,0,0.8765964508056641
3769,0,0.27544188499450684
3770,0,0.7158071398735046
3771,0,0.057114314287900925
3772,0,0.32430964708328247
3773,0,0.5607044100761414
3774,0,0.23150303959846497
3775,0,0.08585302531719208
3776,0,0.25941649079322815
3777,0,0.0813712477684021
3778,0,0.0022022852208465338
3779,0,0.6722155809402466
3780,0,0.12236946821212769
3781,0,0.5030710101127625
3782,0,0.6380825042724609
3783,0,0.034768372774124146
3784,0,0.16314244270324707
3785,0,0.06123961880803108
3786,0,0.009487737901508808
3787,0,0.01997239887714386
3788,0,0.5463399291038513
3789,0,0.04720650985836983
3790,0,0.047136276960372925
3791,0,0.05919887125492096
3792,0,0.21542754769325256
3793,0,0.011318027041852474
3794,0,0.009451977908611298
3795,0,0.032168660312891006
3796,0,0.4442766010761261
3797,0,0.02252979390323162
3798,0,0.5488199591636658
3799,0,0.756783127784729
3800,0,0.622179388999939
3801,0,0.04539469629526138
3802,0,0.02068612165749073
3803,0,0.2985690236091614
3804,0,0.3910282254219055
3805,0,0.009433642029762268
3806,0,0.039424240589141846
3807,0,0.011404970660805702
3808,0,0.31328579783439636
3809,0,0.5760515928268433
3810,0,0.4019995331764221
3811,0,0.5171148180961609
3812,0,0.05872989445924759
3813,0,0.004894970450550318
3814,0,0.2528235614299774
3815,0,0.06386008113622665
3816,0,0.027433188632130623
3817,0,0.00830722227692604
3818,0,0.7510385513305664
3819,0,0.41604554653167725
3820,0,0.09505359083414078
3821,0,0.17416921257972717
3822,0,0.4116811752319336
3823,0,0.0012233229354023933
3824,0,0.00833864789456129
3825,0,0.8129680752754211
3826,0,0.18731147050857544
3827,0,0.8174800872802734
3828,0,0.1097564846277237
3829,0,0.015124511905014515
3830,0,0.09637554734945297
3831,0,0.8998621106147766
3832,0,0.021184159442782402
3833,0,0.03759909048676491
3834,0,0.20282338559627533
3835,0,0.01547644566744566
3836,0,0.09405303746461868
3837,0,0.034952837973833084
3838,0,0.16090406477451324
3839,0,0.1776438057422638
3840,0,0.062679722905159
3841,0,0.0009875937830656767
3842,0,0.1423180252313614
3843,0,0.14349372684955597
3844,0,0.08959397673606873
3845,0,0.05428021028637886
3846,0,0.01331626158207655
3847,0,0.8893577456474304
3848,0,0.6626744270324707
3849,0,0.20683874189853668
3850,0,0.013826766982674599
3851,0,0.8251530528068542
3852,0,0.11306274682283401
3853,0,0.006519635207951069
3854,0,0.034945666790008545
3855,0,0.006481382064521313
3856,0,0.04737470671534538
3857,0,0.38985440135002136
3858,0,0.017430711537599564
3859,0,0.7820753455162048
3860,0,0.02866336703300476
3861,0,0.18162120878696442
3862,0,0.0021837935782969
3863,0,0.3266802728176117
3864,0,0.28407153487205505
3865,0,0.2031184434890747
3866,0,0.47646626830101013
3867,0,0.21398933231830597
3868,0,0.15979835391044617
3869,0,0.5000388026237488
3870,0,0.10469837486743927
3871,0,0.001631031627766788
3872,0,0.9666087627410889
3873,0,0.3299688398838043
3874,0,0.4491127133369446
3875,0,0.09372090548276901
3876,0,0.4691685438156128
3877,0,0.07809223234653473
3878,0,0.03132073953747749
3879,0,0.15986721217632294
3880,0,0.0739513412117958
3881,0,0.05902518332004547
3882,0,0.43375125527381897
3883,0,0.06891044229269028
3884,0,0.08478429913520813
3885,0,0.07273514568805695
3886,0,0.11952102184295654
3887,0,0.26912951469421387
3888,0,0.2168710082769394
3889,0,0.04716436564922333
3890,0,0.08779170364141464
3891,0,0.05136818066239357
3892,0,0.03506677225232124
3893,0,0.43153417110443115
3894,0,0.4231540858745575
3895,0,0.08601871132850647
3896,0,0.16057468950748444
3897,0,0.047841209918260574
3898,0,0.021524962037801743
3899,0,0.1394791454076767
3900,0,0.030738599598407745
3901,0,0.27537328004837036
3902,0,0.02239811047911644
3903,0,0.011630729772150517
3904,0,0.002694588154554367
3905,0,0.43664684891700745
3906,0,0.119998037815094
3907,0,0.0843472108244896
3908,0,0.7464861869812012
3909,0,0.13932979106903076
3910,0,0.011320876888930798
3911,0,0.02178374119102955
3912,0,0.23716458678245544
3913,0,0.20537476241588593
3914,0,0.5872148871421814
3915,0,0.19408747553825378
3916,0,0.020929070189595222
3917,0,0.3522118330001831
3918,0,0.33788490295410156
3919,0,0.5103328227996826
3920,0,0.01653927192091942
3921,0,0.004346323199570179
3922,0,0.6097718477249146
3923,0,0.3151203989982605
3924,0,0.00023783226788509637
3925,0,0.2831944227218628
3926,0,0.06776397675275803
3927,0,0.2951301634311676
3928,0,0.17864841222763062
3929,0,0.06470667570829391
3930,0,0.0015651308931410313
3931,0,0.8368947505950928
3932,0,0.7757201790809631
3933,0,0.002329512732103467
3934,0,0.49788692593574524
3935,0,0.9031857848167419
3936,0,0.12555640935897827
3937,0,0.24268797039985657
3938,0,0.019581643864512444
3939,0,0.6901461482048035
3940,0,0.031376827508211136
3941,0,0.3598017394542694
3942,0,0.01885177567601204
3943,0,0.5980130434036255
3944,0,0.9458699226379395
3945,0,0.09062372893095016
3946,0,0.2303200215101242
3947,0,0.2528235614299774
3948,0,0.1115368977189064
3949,0,0.15370552241802216
3950,0,0.6909956336021423
3951,0,0.040621403604745865
3952,0,0.4358324706554413
3953,0,0.6812463998794556
3954,0,0.07217396050691605
3955,0,0.14452996850013733
3956,0,0.883855938911438
3957,0,0.2168710082769394
3958,0,0.9146208763122559
3959,0,0.3477887809276581
3960,0,0.029520126059651375
3961,0,0.011135079897940159
3962,0,0.266303688287735
3963,0,0.0021584404166787863
3964,0,0.8697928190231323
3965,0,0.20537476241588593
3966,0,0.05825533717870712
3967,0,0.13562263548374176
3968,0,0.2232435792684555
3969,0,0.36405545473098755
3970,0,0.35800713300704956
3971,0,0.9564011693000793
3972,0,0.17409342527389526
3973,0,0.06975250691175461
3974,0,0.005522998981177807
3975,0,0.26153936982154846
3976,0,0.024113904684782028
3977,0,0.0940900593996048
3978,0,0.0015310023445636034
3979,0,0.3594394624233246
3980,0,0.004666042048484087
3981,0,0.07317078113555908
3982,0,0.1407744139432907
3983,1,0.9804361462593079
