index,y_true,y_pred_oof
0,1,0.9600861668586731
1,1,0.959194540977478
2,1,0.8621954917907715
3,1,0.8456684947013855
4,1,0.6651414036750793
5,1,0.15379977226257324
6,1,0.16056504845619202
7,1,0.21621394157409668
8,1,0.9324674606323242
9,1,0.6786107420921326
10,1,0.6862449645996094
11,1,0.7227573990821838
12,1,0.642173171043396
13,1,0.9124018549919128
14,1,0.9286413788795471
15,1,0.5333163738250732
16,1,0.6473951935768127
17,1,0.48892703652381897
18,1,0.9628706574440002
19,1,0.6169120073318481
20,1,0.6789786219596863
21,1,0.6514768600463867
22,1,0.540886640548706
23,1,0.5057257413864136
24,1,0.8866763114929199
25,1,0.5528784990310669
26,1,0.33176061511039734
27,1,0.5354006290435791
28,1,0.9379785656929016
29,1,0.8930185437202454
30,1,0.40369167923927307
31,1,0.4983099699020386
32,1,0.886526882648468
33,1,0.5235099196434021
34,1,0.8457155227661133
35,1,0.6941519975662231
36,1,0.5009893774986267
37,1,0.8179279565811157
38,1,0.9492031931877136
39,1,0.6072633862495422
40,1,0.9570960402488708
41,1,0.5202345848083496
42,1,0.5403404235839844
43,1,0.5700383186340332
44,1,0.7241330146789551
45,1,0.9066117405891418
46,1,0.7536240220069885
47,1,0.4979005753993988
48,1,0.6937498450279236
49,1,0.5189061164855957
50,1,0.39197760820388794
51,1,0.8836760520935059
52,1,0.891649603843689
53,1,0.4813903570175171
54,1,0.47806912660598755
55,1,0.48897215723991394
56,1,0.38580387830734253
57,1,0.3028678894042969
58,1,0.6075961589813232
59,1,0.44315242767333984
60,1,0.5747913718223572
61,1,0.4531455636024475
62,1,0.5149134397506714
63,1,0.45529913902282715
64,1,0.5426264405250549
65,1,0.8648685216903687
66,1,0.7888327836990356
67,1,0.35801681876182556
68,1,0.6758777499198914
69,1,0.6404974460601807
70,1,0.5057421922683716
71,1,0.8196638822555542
72,1,0.4213656485080719
73,1,0.4183592200279236
74,1,0.49850648641586304
75,1,0.8518353700637817
76,1,0.4544532597064972
77,1,0.7577546834945679
78,1,0.606416642665863
79,1,0.5617953538894653
80,1,0.8774188756942749
81,1,0.604342520236969
82,1,0.4249296188354492
83,1,0.6172510981559753
84,1,0.4223824441432953
85,1,0.5085068345069885
86,1,0.6867468357086182
87,1,0.23727427423000336
88,1,0.3945312201976776
89,1,0.6894040703773499
90,1,0.5620046854019165
91,1,0.8492074012756348
92,1,0.9450045824050903
93,1,0.6207192540168762
94,1,0.9303560256958008
95,1,0.7440158724784851
96,1,0.9448466897010803
97,1,0.8856502175331116
98,1,0.8846923112869263
99,1,0.6280107498168945
100,1,0.9563656449317932
101,1,0.8815247416496277
102,1,0.6053493618965149
103,1,0.5387886762619019
104,1,0.8106698989868164
105,1,0.8948339819908142
106,1,0.8330762386322021
107,1,0.6595640778541565
108,1,0.41548189520835876
109,1,0.9542757868766785
110,1,0.8031848073005676
111,1,0.8860412836074829
112,1,0.919812798500061
113,1,0.8376163244247437
114,1,0.581211507320404
115,1,0.24878303706645966
116,1,0.3072736859321594
117,1,0.6535430550575256
118,1,0.4890172779560089
119,1,0.30730271339416504
120,1,0.7253493666648865
121,1,0.7406657338142395
122,1,0.8086603283882141
123,1,0.7334861159324646
124,1,0.512411892414093
125,1,0.511500895023346
126,1,0.774187445640564
127,1,0.27659618854522705
128,1,0.6995824575424194
129,1,0.7519962787628174
130,1,0.9498989582061768
131,1,0.905098021030426
132,1,0.362408846616745
133,1,0.9313432574272156
134,1,0.7129749655723572
135,1,0.23719805479049683
136,1,0.48261499404907227
137,1,0.4812934398651123
138,1,0.7122772336006165
139,1,0.685388445854187
140,1,0.17531169950962067
141,1,0.7234059572219849
142,1,0.5725964307785034
143,1,0.8818566799163818
144,1,0.5367172360420227
145,1,0.6815906167030334
146,1,0.8952395915985107
147,1,0.9044145941734314
148,1,0.9619654417037964
149,1,0.7296886444091797
150,1,0.6048197150230408
151,1,0.9436384439468384
152,1,0.481788694858551
153,1,0.5773526430130005
154,1,0.7836028337478638
155,1,0.8534653186798096
156,1,0.9126896262168884
157,1,0.9384918212890625
158,1,0.6197369694709778
159,1,0.5918049216270447
160,1,0.8883588910102844
161,1,0.5102860331535339
162,1,0.4622153639793396
163,1,0.13254179060459137
164,1,0.9606943130493164
165,1,0.8215029239654541
166,1,0.9287338256835938
167,1,0.9435113072395325
168,1,0.9240735769271851
169,1,0.7306516766548157
170,1,0.5178205370903015
171,1,0.9662052989006042
172,1,0.24005745351314545
173,1,0.7362492680549622
174,1,0.804879367351532
175,1,0.24571892619132996
176,1,0.9019058346748352
177,1,0.9128342270851135
178,1,0.5792340040206909
179,1,0.9055407643318176
180,1,0.5678986310958862
181,1,0.4713711738586426
182,1,0.9647103548049927
183,1,0.7559825778007507
184,1,0.6493693590164185
185,1,0.671954333782196
186,1,0.9181210994720459
187,1,0.9289637804031372
188,1,0.22568221390247345
189,1,0.9300753474235535
190,1,0.9116588830947876
191,1,0.5250665545463562
192,1,0.884985089302063
193,1,0.2951204776763916
194,1,0.7013698816299438
195,1,0.964504063129425
196,1,0.6463789939880371
197,1,0.9221674799919128
198,1,0.600220263004303
199,1,0.8196905255317688
200,1,0.7821037769317627
201,1,0.6537127494812012
202,1,0.7386310696601868
203,1,0.548564612865448
204,1,0.8946070075035095
205,1,0.1996901035308838
206,1,0.6185869574546814
207,1,0.7974528074264526
208,1,0.8963134288787842
209,1,0.9563684463500977
210,1,0.5086084008216858
211,1,0.08940503746271133
212,1,0.21731244027614594
213,1,0.6446072459220886
214,1,0.903890073299408
215,1,0.7024427652359009
216,1,0.939989447593689
217,1,0.2834910452365875
218,1,0.9120988845825195
219,1,0.8843451738357544
220,1,0.7970854640007019
221,1,0.8711578249931335
222,1,0.742235004901886
223,1,0.9350767135620117
224,1,0.8234589695930481
225,1,0.6615768074989319
226,1,0.9191172122955322
227,1,0.4616672396659851
228,1,0.3466273546218872
229,1,0.4650530219078064
230,1,0.43762683868408203
231,1,0.4459019899368286
232,1,0.6577231884002686
233,1,0.18268370628356934
234,1,0.8815935850143433
235,1,0.81181800365448
236,1,0.8919451832771301
237,1,0.9696471095085144
238,1,0.6297338008880615
239,1,0.43784773349761963
240,1,0.3287389874458313
241,1,0.9593086242675781
242,1,0.6386789679527283
243,1,0.6884240508079529
244,1,0.14276546239852905
245,1,0.8970019817352295
246,1,0.9682984948158264
247,1,0.5061228275299072
248,1,0.4890495240688324
249,1,0.26592540740966797
250,1,0.8268731832504272
251,1,0.6775121092796326
252,1,0.7981353998184204
253,1,0.6217276453971863
254,1,0.5465798377990723
255,1,0.9483736753463745
256,1,0.5452998280525208
257,1,0.9312252998352051
258,1,0.4128234088420868
259,1,0.8103434443473816
260,1,0.5092084407806396
261,1,0.9586954116821289
262,1,0.7220139503479004
263,1,0.9434809684753418
264,1,0.8953366875648499
265,1,0.969138503074646
266,1,0.20031623542308807
267,1,0.8740271925926208
268,1,0.7070056796073914
269,1,0.8136891722679138
270,1,0.4215470850467682
271,1,0.3598659336566925
272,1,0.42873936891555786
273,1,0.4101881980895996
274,1,0.552219569683075
275,1,0.41178467869758606
276,1,0.8274714946746826
277,1,0.3531023859977722
278,1,0.3008918762207031
279,1,0.3243107795715332
280,1,0.22476275265216827
281,1,0.31456780433654785
282,1,0.46958646178245544
283,1,0.6899601817131042
284,1,0.9384782910346985
285,1,0.6460615396499634
286,1,0.5078548192977905
287,1,0.39152705669403076
288,1,0.8410331606864929
289,1,0.4930076599121094
290,1,0.5622141361236572
291,1,0.2783314287662506
292,1,0.6341497302055359
293,1,0.6722491383552551
294,1,0.47842276096343994
295,1,0.5938227772712708
296,1,0.9700071215629578
297,1,0.4443019926548004
298,1,0.40847381949424744
299,1,0.5232526659965515
300,1,0.9352037906646729
301,1,0.7717363834381104
302,1,0.5184019804000854
303,1,0.8577110767364502
304,1,0.5494895577430725
305,1,0.3842916190624237
306,1,0.6003950238227844
307,1,0.754944384098053
308,1,0.8960922360420227
309,1,0.20991893112659454
310,1,0.4742283523082733
311,1,0.7317600846290588
312,1,0.5231250524520874
313,1,0.45486077666282654
314,1,0.8012372851371765
315,1,0.5181469917297363
316,1,0.7826141715049744
317,1,0.6860805749893188
318,1,0.7955843806266785
319,1,0.5473060607910156
320,1,0.9268026947975159
321,1,0.4065151810646057
322,1,0.5928598046302795
323,1,0.9598057270050049
324,1,0.8041344881057739
325,1,0.9460229873657227
326,1,0.931956946849823
327,1,0.9118107557296753
328,1,0.9701914191246033
329,1,0.4498409926891327
330,1,0.9239131212234497
331,1,0.8326366543769836
332,1,0.8867242932319641
333,1,0.6744466423988342
334,1,0.9007589817047119
335,1,0.9094651937484741
336,1,0.9555159211158752
337,1,0.8797276020050049
338,1,0.7093799710273743
339,1,0.9450440406799316
340,1,0.9520313143730164
341,1,0.9255277514457703
342,1,0.8791416883468628
343,1,0.8562352657318115
344,1,0.9732403755187988
345,1,0.7974134683609009
346,1,0.8566847443580627
347,1,0.967022180557251
348,1,0.7115780115127563
349,1,0.9263753890991211
350,1,0.860991358757019
351,1,0.5203729867935181
352,1,0.4669446349143982
353,1,0.6193612813949585
354,1,0.535680890083313
355,1,0.601192057132721
356,1,0.56993567943573
357,1,0.9218695163726807
358,1,0.41638174653053284
359,1,0.6078299283981323
360,1,0.42953354120254517
361,1,0.9347227811813354
362,1,0.9724143147468567
363,1,0.9288724660873413
364,1,0.7009135484695435
365,1,0.9498036503791809
366,1,0.9425914883613586
367,1,0.9250146150588989
368,1,0.9207404255867004
369,1,0.7258041501045227
370,1,0.7933349609375
371,1,0.9595426917076111
372,1,0.36471661925315857
373,1,0.9305317401885986
374,1,0.8763057589530945
375,1,0.899465799331665
376,1,0.8932065367698669
377,1,0.8847457766532898
378,1,0.9366871118545532
379,1,0.9114553928375244
380,1,0.9359239935874939
381,1,0.9334632158279419
382,1,0.3089696764945984
383,1,0.48830628395080566
384,1,0.5626168847084045
385,1,0.5237506031990051
386,1,0.562444269657135
387,1,0.47863584756851196
388,1,0.5503000617027283
389,1,0.474020391702652
390,1,0.6043235063552856
391,1,0.5469347834587097
392,1,0.5287161469459534
393,1,0.5773382782936096
394,1,0.5870745778083801
395,1,0.5703976154327393
396,1,0.5110222101211548
397,1,0.4449194669723511
398,1,0.3778264820575714
399,1,0.5496490597724915
400,1,0.5539556741714478
401,1,0.4620305001735687
402,1,0.5921792984008789
403,1,0.5030605792999268
404,1,0.38911643624305725
405,1,0.5219313502311707
406,1,0.6265687942504883
407,1,0.5068455338478088
408,1,0.2428293228149414
409,1,0.31787434220314026
410,1,0.4255969524383545
411,1,0.4694574177265167
412,1,0.31440597772598267
413,1,0.2250535935163498
414,1,0.3152429461479187
415,1,0.38866424560546875
416,1,0.16151326894760132
417,1,0.6668928861618042
418,1,0.5762454867362976
419,1,0.5704126358032227
420,1,0.42270800471305847
421,1,0.3034592866897583
422,1,0.5869609117507935
423,1,0.5536403656005859
424,1,0.6273939609527588
425,1,0.5223060250282288
426,1,0.7168451547622681
427,1,0.6820589900016785
428,1,0.677931010723114
429,1,0.8596875667572021
430,1,0.5097699165344238
431,1,0.6110278367996216
432,1,0.5552917718887329
433,1,0.6407248377799988
434,1,0.5508955717086792
435,1,0.8155337572097778
436,1,0.7928904294967651
437,1,0.46423405408859253
438,1,0.9217618703842163
439,1,0.807522714138031
440,1,0.5653698444366455
441,1,0.8376771807670593
442,1,0.8629557490348816
443,1,0.7904050946235657
444,1,0.9540272355079651
445,1,0.2447301596403122
446,1,0.4956735074520111
447,1,0.9466023445129395
448,1,0.5108146071434021
449,1,0.8422250747680664
450,1,0.963860809803009
451,1,0.6940852403640747
452,1,0.936707615852356
453,1,0.9527705311775208
454,1,0.9002560973167419
455,1,0.8488706946372986
456,1,0.876386284828186
457,1,0.9445909261703491
458,1,0.6782810688018799
459,1,0.803368866443634
460,1,0.8811557292938232
461,1,0.7397074699401855
462,1,0.8808130621910095
463,1,0.8404000997543335
464,1,0.8012865781784058
465,1,0.8830523490905762
466,1,0.8996500372886658
467,1,0.9558519124984741
468,1,0.838832676410675
469,1,0.7735065817832947
470,1,0.8702011704444885
471,1,0.9514182209968567
472,1,0.9654679298400879
473,1,0.9655287861824036
474,1,0.967979371547699
475,1,0.8403181433677673
476,1,0.8801770806312561
477,1,0.7599945068359375
478,1,0.8026177287101746
479,1,0.6431294083595276
480,1,0.7443708181381226
481,1,0.8240322470664978
482,1,0.9201593399047852
483,1,0.8559527397155762
484,1,0.914917528629303
485,1,0.9420855045318604
486,1,0.8865618109703064
487,1,0.7513136863708496
488,1,0.795508086681366
489,1,0.852016806602478
490,1,0.470305472612381
491,1,0.7986689805984497
492,1,0.45826777815818787
493,1,0.8384779691696167
494,1,0.6991466879844666
495,1,0.7507883310317993
496,1,0.8926471471786499
497,1,0.5678061246871948
498,1,0.42249253392219543
499,1,0.9177257418632507
500,1,0.8674866557121277
501,1,0.5416640639305115
502,1,0.46195584535598755
503,1,0.5128893256187439
504,1,0.48982399702072144
505,1,0.5257216691970825
506,1,0.6056410670280457
507,1,0.5418016910552979
508,1,0.48158523440361023
509,1,0.6234861612319946
510,1,0.6164587736129761
511,1,0.5318050384521484
512,1,0.5825060606002808
513,1,0.3274248242378235
514,1,0.3096349239349365
515,1,0.33013564348220825
516,1,0.262740820646286
517,1,0.4129079282283783
518,1,0.5029816031455994
519,1,0.39902248978614807
520,1,0.1686277985572815
521,1,0.3377102315425873
522,1,0.28721883893013
523,1,0.2803685963153839
524,1,0.5646173357963562
525,1,0.25968047976493835
526,1,0.40505754947662354
527,1,0.5726185441017151
528,1,0.6723012924194336
529,1,0.4379083216190338
530,1,0.21622878313064575
531,1,0.43934547901153564
532,1,0.4060119390487671
533,1,0.28883856534957886
534,1,0.33647873997688293
535,1,0.48612770438194275
536,1,0.5220658779144287
537,1,0.5008085370063782
538,1,0.5454965233802795
539,1,0.5825079083442688
540,1,0.5473321080207825
541,1,0.669190526008606
542,1,0.5954428911209106
543,1,0.6396752595901489
544,1,0.6942927241325378
545,1,0.681730329990387
546,1,0.6933798789978027
547,1,0.43590179085731506
548,1,0.7627252340316772
549,1,0.6706539392471313
550,1,0.5275714993476868
551,1,0.4915507137775421
552,1,0.5255522131919861
553,1,0.6045838594436646
554,1,0.5254430770874023
555,1,0.6121545433998108
556,1,0.9009898900985718
557,1,0.647023618221283
558,1,0.4766264855861664
559,1,0.5914078950881958
560,1,0.7124701142311096
561,1,0.4923411011695862
562,1,0.8566606640815735
563,1,0.6229159235954285
564,1,0.5074266195297241
565,1,0.5665731430053711
566,1,0.6486513018608093
567,1,0.49769094586372375
568,1,0.823157012462616
569,1,0.43149831891059875
570,1,0.682203471660614
571,1,0.7597821950912476
572,1,0.7964704632759094
573,1,0.8473226428031921
574,1,0.9460570216178894
575,1,0.6940226554870605
576,1,0.18827776610851288
577,1,0.92690110206604
578,1,0.51609206199646
579,1,0.8548327684402466
580,1,0.9522011280059814
581,1,0.9402791261672974
582,1,0.8276745080947876
583,1,0.4901730716228485
584,1,0.85445636510849
585,1,0.3209480047225952
586,1,0.5023457407951355
587,1,0.9270521998405457
588,1,0.5433622598648071
589,1,0.5485371947288513
590,1,0.5755906105041504
591,1,0.5001808404922485
592,1,0.4953756332397461
593,1,0.499083936214447
594,1,0.6240938901901245
595,1,0.46330276131629944
596,1,0.5232709646224976
597,1,0.44298866391181946
598,1,0.5223027467727661
599,1,0.39019376039505005
600,1,0.8120185732841492
601,1,0.5743488073348999
602,1,0.7567713856697083
603,1,0.9572890400886536
604,1,0.8487059473991394
605,1,0.9407445788383484
606,1,0.918921947479248
607,1,0.7073656320571899
608,1,0.8592575192451477
609,1,0.7359116077423096
610,1,0.514620304107666
611,1,0.8639251589775085
612,1,0.845596969127655
613,1,0.9376652836799622
614,1,0.525851845741272
615,1,0.7348346710205078
616,1,0.9580789804458618
617,1,0.8953568339347839
618,1,0.7097641229629517
619,1,0.6824801564216614
620,1,0.5662974119186401
621,1,0.8421551585197449
622,1,0.5889697074890137
623,1,0.5403640270233154
624,1,0.6928553581237793
625,1,0.7773841023445129
626,1,0.6348832249641418
627,1,0.7627016305923462
628,1,0.6862159967422485
629,1,0.4989825487136841
630,1,0.5194554328918457
631,1,0.835595965385437
632,1,0.9724839925765991
633,1,0.8622152805328369
634,1,0.8852533102035522
635,1,0.9442856907844543
636,1,0.8181759119033813
637,1,0.39226409792900085
638,1,0.7517032623291016
639,1,0.4608694911003113
640,1,0.5694460868835449
641,1,0.6037429571151733
642,1,0.5491265654563904
643,1,0.8568539619445801
644,1,0.93229079246521
645,1,0.9192798733711243
646,1,0.9451271891593933
647,1,0.9581185579299927
648,1,0.8443452715873718
649,1,0.9154215455055237
650,1,0.8229244351387024
651,1,0.9684121608734131
652,1,0.9560957551002502
653,1,0.8324646353721619
654,1,0.6894279718399048
655,1,0.5193323493003845
656,1,0.6445759534835815
657,1,0.8452996015548706
658,1,0.9481846690177917
659,1,0.9329262375831604
660,1,0.6095696091651917
661,1,0.7176573276519775
662,1,0.9364341497421265
663,1,0.953880786895752
664,1,0.8787968158721924
665,1,0.8901094794273376
666,1,0.8499862551689148
667,1,0.9423913359642029
668,1,0.9386974573135376
669,1,0.523185670375824
670,1,0.6319268941879272
671,1,0.9416660666465759
672,1,0.7912610173225403
673,1,0.8923978209495544
674,1,0.9612169861793518
675,1,0.8961464166641235
676,1,0.9224140644073486
677,1,0.9284124970436096
678,1,0.8487954139709473
679,1,0.9693137407302856
680,1,0.8619617223739624
681,1,0.8988346457481384
682,1,0.7717291712760925
683,1,0.874093770980835
684,1,0.9229006171226501
685,1,0.9270709753036499
686,1,0.9317288398742676
687,1,0.40803298354148865
688,1,0.444105327129364
689,1,0.8640727400779724
690,1,0.9509149193763733
691,1,0.9327165484428406
692,1,0.8756574392318726
693,1,0.9133549332618713
694,1,0.7811705470085144
695,1,0.7877171039581299
696,1,0.7980657815933228
697,1,0.8552393913269043
698,1,0.922956645488739
699,1,0.9100291728973389
700,1,0.7536607384681702
701,1,0.8743725419044495
702,1,0.7552697062492371
703,1,0.6206991672515869
704,1,0.9371999502182007
705,1,0.7069857716560364
706,1,0.7080417275428772
707,1,0.48736080527305603
708,1,0.8982170224189758
709,1,0.9410331845283508
710,1,0.7948645949363708
711,1,0.643054187297821
712,1,0.4770424962043762
713,1,0.48320823907852173
714,1,0.46247294545173645
715,1,0.4906068444252014
716,1,0.5702916383743286
717,1,0.34926676750183105
718,1,0.255259245634079
719,1,0.6186335682868958
720,1,0.4553387761116028
721,1,0.3203224837779999
722,1,0.3187265396118164
723,1,0.3457828164100647
724,1,0.2789140045642853
725,1,0.47412818670272827
726,1,0.2433740794658661
727,1,0.6517882943153381
728,1,0.5419557094573975
729,1,0.48305419087409973
730,1,0.43298599123954773
731,1,0.4444560408592224
732,1,0.5402911305427551
733,1,0.5324487686157227
734,1,0.4741966128349304
735,1,0.3321959376335144
736,1,0.28241977095603943
737,1,0.5214525461196899
738,1,0.6119682192802429
739,1,0.49154287576675415
740,1,0.6161612272262573
741,1,0.6020410656929016
742,1,0.6401693224906921
743,1,0.6171272397041321
744,1,0.5801701545715332
745,1,0.4554075002670288
746,1,0.6376599669456482
747,1,0.7051647305488586
748,1,0.7373079061508179
749,1,0.7192128896713257
750,1,0.8767322301864624
751,1,0.48055633902549744
752,1,0.7931193709373474
753,1,0.6873823404312134
754,1,0.7524357438087463
755,1,0.6889722347259521
756,1,0.4990444481372833
757,1,0.5791333913803101
758,1,0.6574496626853943
759,1,0.7653335928916931
760,1,0.7668811082839966
761,1,0.44167277216911316
762,1,0.47166791558265686
763,1,0.46687445044517517
764,1,0.5661687254905701
765,1,0.44643327593803406
766,1,0.4844330847263336
767,1,0.5212163329124451
768,1,0.7290753722190857
769,1,0.650440514087677
770,1,0.5965667963027954
771,1,0.5397647619247437
772,1,0.9023284316062927
773,1,0.4302968680858612
774,1,0.6542844772338867
775,1,0.7053306698799133
776,1,0.7530702352523804
777,1,0.8034641146659851
778,1,0.7012153267860413
779,1,0.623382031917572
780,1,0.7298349738121033
781,1,0.7053734660148621
782,1,0.8691566586494446
783,1,0.6084809303283691
784,1,0.4982459247112274
785,1,0.47944962978363037
786,1,0.5773099660873413
787,1,0.8918487429618835
788,1,0.7188705801963806
789,1,0.7388033270835876
790,1,0.9143831729888916
791,1,0.5794309377670288
792,1,0.3875093162059784
793,1,0.902585506439209
794,1,0.7408766150474548
795,1,0.5190552473068237
796,1,0.69147789478302
797,1,0.6197027564048767
798,1,0.5078672170639038
799,1,0.8916199207305908
800,1,0.4039875566959381
801,1,0.6013330817222595
802,1,0.9058471322059631
803,1,0.8407840132713318
804,1,0.918599545955658
805,1,0.9549573659896851
806,1,0.7585191130638123
807,1,0.8578423857688904
808,1,0.7691299319267273
809,1,0.6490384936332703
810,1,0.6288657784461975
811,1,0.5051612854003906
812,1,0.594913125038147
813,1,0.5305662155151367
814,1,0.47560548782348633
815,1,0.5108081102371216
816,1,0.7100011110305786
817,1,0.8919353485107422
818,1,0.7826738953590393
819,1,0.9247854948043823
820,1,0.7248242497444153
821,1,0.8080880045890808
822,1,0.6532706618309021
823,1,0.8213914632797241
824,1,0.6513856053352356
825,1,0.6473666429519653
826,1,0.6856217980384827
827,1,0.8714807629585266
828,1,0.9219582676887512
829,1,0.9271402359008789
830,1,0.9355021715164185
831,1,0.8613603115081787
832,1,0.8684112429618835
833,1,0.9403114914894104
834,1,0.8177199363708496
835,1,0.8092243075370789
836,1,0.7244383692741394
837,1,0.9159325957298279
838,1,0.9527023434638977
839,1,0.9216521978378296
840,1,0.9505230188369751
841,1,0.9263589978218079
842,1,0.8906034231185913
843,1,0.8635846972465515
844,1,0.8874294757843018
845,1,0.93022620677948
846,1,0.9513285756111145
847,1,0.9321839809417725
848,1,0.9035757780075073
849,1,0.9475396275520325
850,1,0.8886205554008484
851,1,0.8860061764717102
852,1,0.7758235931396484
853,1,0.8819381594657898
854,1,0.9781405925750732
855,1,0.968056321144104
856,1,0.937771201133728
857,1,0.210152268409729
858,1,0.15327337384223938
859,1,0.1531125009059906
860,1,0.8291684985160828
861,1,0.1424981951713562
862,1,0.15547338128089905
863,1,0.3737892508506775
864,1,0.4393899440765381
865,1,0.9521267414093018
866,1,0.49187999963760376
867,1,0.5140728950500488
868,1,0.5825440287590027
869,1,0.53387451171875
870,1,0.5305728316307068
871,1,0.4984409213066101
872,1,0.5489440560340881
873,1,0.6128392219543457
874,1,0.4786602556705475
875,1,0.4876375198364258
876,1,0.3707355558872223
877,1,0.46793875098228455
878,1,0.4829731583595276
879,1,0.38916945457458496
880,1,0.5106794834136963
881,1,0.3794761896133423
882,1,0.5926378965377808
883,1,0.5688723921775818
884,1,0.40516602993011475
885,1,0.5232036709785461
886,1,0.3950265944004059
887,1,0.40307801961898804
888,1,0.2811831831932068
889,1,0.5425273776054382
890,1,0.4074598550796509
891,1,0.5967184901237488
892,1,0.5348862409591675
893,1,0.5127664804458618
894,1,0.662712037563324
895,1,0.46554329991340637
896,1,0.4699225425720215
897,1,0.44341686367988586
898,1,0.47211992740631104
899,1,0.644283652305603
900,1,0.6229048371315002
901,1,0.6802989840507507
902,1,0.6913489699363708
903,1,0.6300341486930847
904,1,0.6550515294075012
905,1,0.6840060949325562
906,1,0.6964188814163208
907,1,0.6512251496315002
908,1,0.6862705945968628
909,1,0.6759725213050842
910,1,0.7085479497909546
911,1,0.3405876159667969
912,1,0.4654347002506256
913,1,0.9205276370048523
914,1,0.5333823561668396
915,1,0.9667247533798218
916,1,0.5779998302459717
917,1,0.6099369525909424
918,1,0.759223997592926
919,1,0.7175598740577698
920,1,0.8779253363609314
921,1,0.5330854654312134
922,1,0.4255010783672333
923,1,0.8272614479064941
924,1,0.865196704864502
925,1,0.9207280874252319
926,1,0.8813204169273376
927,1,0.6693201661109924
928,1,0.6410561203956604
929,1,0.8564752340316772
930,1,0.6110540628433228
931,1,0.5614534616470337
932,1,0.5705245733261108
933,1,0.48184022307395935
934,1,0.48607733845710754
935,1,0.7054773569107056
936,1,0.8055408000946045
937,1,0.4799059331417084
938,1,0.774630606174469
939,1,0.917115330696106
940,1,0.5582607984542847
941,1,0.761613667011261
942,1,0.7661101222038269
943,1,0.9264922142028809
944,1,0.8126335144042969
945,1,0.9336678385734558
946,1,0.9671725034713745
947,1,0.7219652533531189
948,1,0.860099732875824
949,1,0.6748048663139343
950,1,0.8813785910606384
951,1,0.9605275392532349
952,1,0.9578554630279541
953,1,0.9591286182403564
954,1,0.5257223844528198
955,1,0.5388185381889343
956,1,0.9065847396850586
957,1,0.9308815002441406
958,1,0.9221611022949219
959,1,0.8934338688850403
960,1,0.9241589307785034
961,1,0.8826190233230591
962,1,0.9221142530441284
963,1,0.31614014506340027
964,1,0.7749638557434082
965,1,0.5118587613105774
966,1,0.8952410221099854
967,1,0.859877347946167
968,1,0.9307460188865662
969,1,0.6488513350486755
970,1,0.5006769299507141
971,1,0.45219603180885315
972,1,0.7089899182319641
973,1,0.9216161966323853
974,1,0.74945467710495
975,1,0.8232317566871643
976,1,0.6910908818244934
977,1,0.5117838978767395
978,1,0.7469212412834167
979,1,0.5645984411239624
980,1,0.7211640477180481
981,1,0.5536356568336487
982,1,0.8800808191299438
983,1,0.9394363760948181
984,1,0.9437001347541809
985,1,0.9331813454627991
986,1,0.9637220501899719
987,1,0.9449495077133179
988,1,0.9244865775108337
989,1,0.9497878551483154
990,1,0.9674649238586426
991,1,0.9486653208732605
992,1,0.8977646827697754
993,1,0.9517739415168762
994,1,0.7107658386230469
995,1,0.9692872166633606
996,1,0.908626139163971
997,1,0.9591088891029358
998,1,0.8987752199172974
999,1,0.9336560964584351
1000,1,0.9480829834938049
1001,1,0.7899925112724304
1002,1,0.7725703716278076
1003,1,0.9620752334594727
1004,1,0.9281883239746094
1005,1,0.9767909049987793
1006,1,0.7938217520713806
1007,1,0.26700183749198914
1008,1,0.34714025259017944
1009,1,0.38078340888023376
1010,1,0.6376395225524902
1011,1,0.4587133824825287
1012,1,0.8392382264137268
1013,1,0.9648954272270203
1014,1,0.947820246219635
1015,1,0.9442363381385803
1016,1,0.96499103307724
1017,1,0.959456741809845
1018,1,0.930262565612793
1019,1,0.7426537275314331
1020,1,0.4967292249202728
1021,1,0.8059728145599365
1022,1,0.507465660572052
1023,1,0.817471981048584
1024,1,0.9587531685829163
1025,1,0.9627009034156799
1026,1,0.9626002907752991
1027,1,0.9608383774757385
1028,1,0.9292222857475281
1029,1,0.9426161646842957
1030,1,0.9711490869522095
1031,1,0.9660706520080566
1032,1,0.9518095850944519
1033,1,0.8870298862457275
1034,1,0.9530367851257324
1035,1,0.9649017453193665
1036,1,0.9631902575492859
1037,1,0.6701821684837341
1038,1,0.8336483240127563
1039,1,0.8448887467384338
1040,1,0.9527876377105713
1041,1,0.8786824345588684
1042,1,0.8372123837471008
1043,1,0.18528850376605988
1044,1,0.6047844886779785
1045,1,0.7148264050483704
1046,1,0.7564213275909424
1047,1,0.7706588506698608
1048,1,0.5242323875427246
1049,1,0.44480276107788086
1050,1,0.5818619728088379
1051,1,0.8794062733650208
1052,1,0.9602915644645691
1053,1,0.9452896118164062
1054,1,0.2954317629337311
1055,1,0.27343371510505676
1056,1,0.2959724962711334
1057,1,0.9336979985237122
1058,1,0.9142442345619202
1059,1,0.9444067478179932
1060,1,0.9470325708389282
1061,1,0.5452433228492737
1062,1,0.5024890899658203
1063,1,0.5796580910682678
1064,1,0.6012375950813293
1065,1,0.6237876415252686
1066,1,0.4512806236743927
1067,1,0.6351959705352783
1068,1,0.5105698108673096
1069,1,0.5454084277153015
1070,1,0.4401703476905823
1071,1,0.6100353002548218
1072,1,0.5293187499046326
1073,1,0.4454115331172943
1074,1,0.5280443429946899
1075,1,0.2274569272994995
1076,1,0.4020439386367798
1077,1,0.37283390760421753
1078,1,0.6545337438583374
1079,1,0.6709238290786743
1080,1,0.6902584433555603
1081,1,0.47397732734680176
1082,1,0.7242165803909302
1083,1,0.7733908891677856
1084,1,0.7243213653564453
1085,1,0.6757256388664246
1086,1,0.5288623571395874
1087,1,0.7147210240364075
1088,1,0.7441984415054321
1089,1,0.7045516967773438
1090,1,0.6174169778823853
1091,1,0.5131435990333557
1092,1,0.4734603762626648
1093,1,0.4806288182735443
1094,1,0.6302202343940735
1095,1,0.578975260257721
1096,1,0.6990450620651245
1097,1,0.567308783531189
1098,1,0.7369557619094849
1099,1,0.7118974328041077
1100,1,0.6725088357925415
1101,1,0.7248499989509583
1102,1,0.5521168112754822
1103,1,0.6895328760147095
1104,1,0.6319798231124878
1105,1,0.36850348114967346
1106,1,0.751727819442749
1107,1,0.41867774724960327
1108,1,0.4178849756717682
1109,1,0.5399190187454224
1110,1,0.5762107968330383
1111,1,0.7917079925537109
1112,1,0.5119670033454895
1113,1,0.5216346383094788
1114,1,0.5566325187683105
1115,1,0.5327910780906677
1116,1,0.7881614565849304
1117,1,0.44134002923965454
1118,1,0.8123121857643127
1119,1,0.6731317043304443
1120,1,0.16591662168502808
1121,1,0.6658995151519775
1122,1,0.6826584935188293
1123,1,0.5161479711532593
1124,1,0.5816611051559448
1125,1,0.64061039686203
1126,1,0.6256490349769592
1127,1,0.5284073352813721
1128,1,0.45988723635673523
1129,1,0.49781766533851624
1130,1,0.903694748878479
1131,1,0.7566991448402405
1132,1,0.36086758971214294
1133,1,0.6836348176002502
1134,1,0.8524978756904602
1135,1,0.7860195636749268
1136,1,0.4363662004470825
1137,1,0.7837573885917664
1138,1,0.695155918598175
1139,1,0.9264704585075378
1140,1,0.9155154228210449
1141,1,0.9703908562660217
1142,1,0.9674862623214722
1143,1,0.9561421275138855
1144,1,0.916020929813385
1145,1,0.9075554609298706
1146,1,0.3048645853996277
1147,1,0.530366063117981
1148,1,0.9434518814086914
1149,1,0.9312809109687805
1150,1,0.9407614469528198
1151,1,0.9711763858795166
1152,1,0.9594752788543701
1153,1,0.8253710865974426
1154,1,0.9721488356590271
1155,1,0.9594008922576904
1156,1,0.9415459036827087
1157,1,0.903450071811676
1158,1,0.9712809920310974
1159,1,0.9648597240447998
1160,1,0.8292388916015625
1161,1,0.9535619020462036
1162,1,0.8454400300979614
1163,1,0.85934978723526
1164,1,0.8928847908973694
1165,1,0.9618746638298035
1166,1,0.9530236721038818
1167,1,0.965908944606781
1168,1,0.9675539135932922
1169,1,0.6591392755508423
1170,1,0.9166423082351685
1171,1,0.8089167475700378
1172,1,0.6961807608604431
1173,1,0.844207763671875
1174,1,0.7321012616157532
1175,1,0.8922498226165771
1176,1,0.5860019326210022
1177,1,0.6605658531188965
1178,1,0.7506199479103088
1179,1,0.2754909098148346
1180,1,0.8112074136734009
1181,1,0.7116513848304749
1182,1,0.6633545756340027
1183,1,0.9164817929267883
1184,1,0.961654543876648
1185,1,0.9245045781135559
1186,1,0.9463922381401062
1187,1,0.9220315217971802
1188,1,0.9612524509429932
1189,1,0.8589905500411987
1190,1,0.9356932640075684
1191,1,0.27660730481147766
1192,1,0.22275887429714203
1193,1,0.28983014822006226
1194,1,0.21295440196990967
1195,1,0.24496018886566162
1196,1,0.8272475600242615
1197,1,0.14051924645900726
1198,1,0.18345330655574799
1199,1,0.29691195487976074
1200,1,0.8408441543579102
1201,1,0.9476882815361023
1202,1,0.9362292885780334
1203,1,0.8922881484031677
1204,1,0.5650233030319214
1205,1,0.39296838641166687
1206,1,0.44941654801368713
1207,1,0.4057236611843109
1208,1,0.41211482882499695
1209,1,0.5099806189537048
1210,1,0.3673122525215149
1211,1,0.45225897431373596
1212,1,0.4717041850090027
1213,1,0.4869906008243561
1214,1,0.3061741292476654
1215,1,0.48793506622314453
1216,1,0.5550119876861572
1217,1,0.5573365688323975
1218,1,0.4967529773712158
1219,1,0.5060039758682251
1220,1,0.5456715822219849
1221,1,0.4930397570133209
1222,1,0.4827035665512085
1223,1,0.46686452627182007
1224,1,0.4181169271469116
1225,1,0.43870076537132263
1226,1,0.7970902323722839
1227,1,0.555054783821106
1228,1,0.3799246847629547
1229,1,0.45319467782974243
1230,1,0.4510798752307892
1231,1,0.47037598490715027
1232,1,0.38399481773376465
1233,1,0.6246818900108337
1234,1,0.542303204536438
1235,1,0.49528568983078003
1236,1,0.6876059174537659
1237,1,0.3813559412956238
1238,1,0.5989946126937866
1239,1,0.5706539750099182
1240,1,0.5659403800964355
1241,1,0.5018657445907593
1242,1,0.5604063272476196
1243,1,0.5321336984634399
1244,1,0.09273073822259903
1245,1,0.5295020341873169
1246,1,0.5397844314575195
1247,1,0.42703577876091003
1248,1,0.4463249146938324
1249,1,0.5877091884613037
1250,1,0.5451734662055969
1251,1,0.6067191958427429
1252,1,0.41168975830078125
1253,1,0.57129967212677
1254,1,0.5038941502571106
1255,1,0.567480742931366
1256,1,0.39807140827178955
1257,1,0.4124453067779541
1258,1,0.40994229912757874
1259,1,0.37546268105506897
1260,1,0.5271245837211609
1261,1,0.3373511731624603
1262,1,0.3230728805065155
1263,1,0.4200127124786377
1264,1,0.4082889258861542
1265,1,0.48487046360969543
1266,1,0.5167484879493713
1267,1,0.5351231694221497
1268,1,0.5114648342132568
1269,1,0.5804868340492249
1270,1,0.42472922801971436
1271,1,0.4668550193309784
1272,1,0.5868065357208252
1273,1,0.5050305128097534
1274,1,0.602132260799408
1275,1,0.5025973320007324
1276,1,0.5764987468719482
1277,1,0.4675982594490051
1278,1,0.3859091103076935
1279,1,0.3053974509239197
1280,1,0.46321845054626465
1281,1,0.5899773240089417
1282,1,0.6148244142532349
1283,1,0.613116979598999
1284,1,0.5775216221809387
1285,1,0.4751715362071991
1286,1,0.4320555329322815
1287,1,0.42456886172294617
1288,1,0.6235199570655823
1289,1,0.7097503542900085
1290,1,0.5227057337760925
1291,1,0.6469173431396484
1292,1,0.5528685450553894
1293,1,0.6787606477737427
1294,1,0.6966456174850464
1295,1,0.6283636093139648
1296,1,0.6451522707939148
1297,1,0.681458592414856
1298,1,0.6181734204292297
1299,1,0.6761269569396973
1300,1,0.5479421019554138
1301,1,0.41792428493499756
1302,1,0.6141967177391052
1303,1,0.6291653513908386
1304,1,0.46710968017578125
1305,1,0.5091627836227417
1306,1,0.6859869956970215
1307,1,0.8264707922935486
1308,1,0.5131264328956604
1309,1,0.6621510982513428
1310,1,0.5509995818138123
1311,1,0.5422571897506714
1312,1,0.3527000844478607
1313,1,0.17546948790550232
1314,1,0.43154197931289673
1315,1,0.8537654280662537
1316,1,0.7465915679931641
1317,1,0.6329010725021362
1318,1,0.8888809680938721
1319,1,0.5220015048980713
1320,1,0.8497238159179688
1321,1,0.5549994707107544
1322,1,0.7259837985038757
1323,1,0.8078101277351379
1324,1,0.9509486556053162
1325,1,0.668540358543396
1326,1,0.5385465025901794
1327,1,0.29934483766555786
1328,1,0.5359020829200745
1329,1,0.9634121656417847
1330,1,0.618515133857727
1331,1,0.4711797535419464
1332,1,0.9498981833457947
1333,1,0.7186842560768127
1334,1,0.8596598505973816
1335,1,0.4947633147239685
1336,1,0.821940004825592
1337,1,0.8951537013053894
1338,1,0.9455229640007019
1339,1,0.8735486268997192
1340,1,0.9179397225379944
1341,1,0.8681716918945312
1342,1,0.6507821679115295
1343,1,0.5468207597732544
1344,1,0.5656939744949341
1345,1,0.4826352596282959
1346,1,0.671571671962738
1347,1,0.47844693064689636
1348,1,0.48045769333839417
1349,1,0.6663752794265747
1350,1,0.41661491990089417
1351,1,0.8074447512626648
1352,1,0.7939174771308899
1353,1,0.6416400074958801
1354,1,0.615100085735321
1355,1,0.9257227778434753
1356,1,0.7182969450950623
1357,1,0.529315710067749
1358,1,0.7562000155448914
1359,1,0.4656457304954529
1360,1,0.8383388519287109
1361,1,0.9435036778450012
1362,1,0.7854396104812622
1363,1,0.84396892786026
1364,1,0.9679924249649048
1365,1,0.6255812644958496
1366,1,0.7768262624740601
1367,1,0.8773750066757202
1368,1,0.7753472328186035
1369,1,0.9450967907905579
1370,1,0.3305211663246155
1371,1,0.5151571035385132
1372,1,0.8317270874977112
1373,1,0.5153270363807678
1374,1,0.6086341738700867
1375,1,0.5715937614440918
1376,1,0.5985362529754639
1377,1,0.5269593000411987
1378,1,0.30932703614234924
1379,1,0.47142982482910156
1380,1,0.6188035607337952
1381,1,0.9723027348518372
1382,1,0.842660129070282
1383,1,0.9552376866340637
1384,1,0.7384008765220642
1385,1,0.8141531944274902
1386,1,0.907495379447937
1387,1,0.2643124461174011
1388,1,0.7985495924949646
1389,1,0.9681459665298462
1390,1,0.9466450214385986
1391,1,0.907945454120636
1392,1,0.8990321159362793
1393,1,0.961214005947113
1394,1,0.9718020558357239
1395,1,0.7854793071746826
1396,1,0.8841721415519714
1397,1,0.7722164392471313
1398,1,0.9570281505584717
1399,1,0.9095885753631592
1400,1,0.9450350999832153
1401,1,0.9289869070053101
1402,1,0.923164963722229
1403,1,0.8431487083435059
1404,1,0.9151905179023743
1405,1,0.9319108724594116
1406,1,0.9334402084350586
1407,1,0.9092767238616943
1408,1,0.9215822219848633
1409,1,0.9757885336875916
1410,1,0.7951302528381348
1411,1,0.9216321110725403
1412,1,0.885705292224884
1413,1,0.9166547060012817
1414,1,0.9600293636322021
1415,1,0.8532810211181641
1416,1,0.9026681780815125
1417,1,0.9271508455276489
1418,1,0.9674909710884094
1419,1,0.9282093048095703
1420,1,0.6876515746116638
1421,1,0.5214762687683105
1422,1,0.1622879058122635
1423,1,0.7823736071586609
1424,1,0.7201854586601257
1425,1,0.8269243836402893
1426,1,0.9488010406494141
1427,1,0.9065525531768799
1428,1,0.976469099521637
1429,1,0.9581191539764404
1430,1,0.978445291519165
1431,1,0.941556453704834
1432,1,0.9007265567779541
1433,1,0.8907536864280701
1434,1,0.8578475117683411
1435,1,0.8203743100166321
1436,1,0.38159480690956116
1437,1,0.33926862478256226
1438,1,0.7747751474380493
1439,1,0.5087700486183167
1440,1,0.6210722327232361
1441,1,0.8845457434654236
1442,1,0.8835916519165039
1443,1,0.8310930132865906
1444,1,0.847173273563385
1445,1,0.7064520716667175
1446,1,0.3841407001018524
1447,1,0.939727246761322
1448,1,0.8076364994049072
1449,1,0.8595291376113892
1450,1,0.8862137794494629
1451,1,0.6200785040855408
1452,1,0.7830513119697571
1453,1,0.9021591544151306
1454,1,0.9440849423408508
1455,1,0.9273533225059509
1456,1,0.8325181007385254
1457,1,0.844369113445282
1458,1,0.9413782954216003
1459,1,0.44140323996543884
1460,1,0.9525089263916016
1461,1,0.932255744934082
1462,1,0.9320558309555054
1463,1,0.9292744398117065
1464,1,0.915249764919281
1465,1,0.8990887999534607
1466,1,0.911713719367981
1467,1,0.9181152582168579
1468,1,0.6448830962181091
1469,1,0.947677493095398
1470,1,0.5010866522789001
1471,1,0.7178168892860413
1472,1,0.371157169342041
1473,1,0.7720044851303101
1474,1,0.8214883208274841
1475,1,0.5117486119270325
1476,1,0.5572736859321594
1477,1,0.6221124529838562
1478,1,0.5308417677879333
1479,1,0.5154278874397278
1480,1,0.44658300280570984
1481,1,0.40726348757743835
1482,1,0.6128019690513611
1483,1,0.8608473539352417
1484,1,0.8902574777603149
1485,1,0.5487574934959412
1486,1,0.6506941914558411
1487,1,0.8196254968643188
1488,1,0.8746021389961243
1489,1,0.7556614875793457
1490,1,0.7759784460067749
1491,1,0.837311327457428
1492,1,0.38386720418930054
1493,1,0.824594259262085
1494,1,0.8263899683952332
1495,1,0.45420703291893005
1496,1,0.756104052066803
1497,1,0.9201028347015381
1498,1,0.804593026638031
1499,1,0.7362702488899231
1500,1,0.9490633010864258
1501,1,0.6437442302703857
1502,1,0.6812063455581665
1503,1,0.4957234859466553
1504,1,0.7190898060798645
1505,1,0.444516122341156
1506,1,0.5976243615150452
1507,1,0.7051340937614441
1508,1,0.8251322507858276
1509,1,0.6265824437141418
1510,1,0.5225977301597595
1511,1,0.9627599120140076
1512,1,0.9437407851219177
1513,1,0.380575954914093
1514,1,0.6601893901824951
1515,1,0.7354163527488708
1516,1,0.8542658686637878
1517,1,0.8728833198547363
1518,1,0.7048519253730774
1519,1,0.9151960015296936
1520,1,0.9293228387832642
1521,1,0.5150206089019775
1522,1,0.8937960267066956
1523,1,0.4812459647655487
1524,1,0.7632916569709778
1525,1,0.8880785703659058
1526,1,0.9258067607879639
1527,1,0.47650346159935
1528,1,0.8184104561805725
1529,1,0.9042671918869019
1530,1,0.6441917419433594
1531,1,0.7899736166000366
1532,1,0.9272189140319824
1533,1,0.948082685470581
1534,1,0.9119611382484436
1535,1,0.6833266615867615
1536,1,0.6254304051399231
1537,1,0.643733561038971
1538,1,0.6513830423355103
1539,1,0.9072643518447876
1540,1,0.47274187207221985
1541,1,0.7235521078109741
1542,1,0.7319051027297974
1543,1,0.8453313112258911
1544,1,0.5615143179893494
1545,1,0.4496268928050995
1546,1,0.7837589383125305
1547,1,0.5801228880882263
1548,1,0.632479727268219
1549,1,0.7267069816589355
1550,1,0.9065711498260498
1551,1,0.821891188621521
1552,1,0.642145037651062
1553,1,0.9663772583007812
1554,1,0.9552726149559021
1555,1,0.8822839856147766
1556,1,0.940009593963623
1557,1,0.9397357702255249
1558,1,0.9589216113090515
1559,1,0.950169026851654
1560,1,0.8403680920600891
1561,1,0.4672268033027649
1562,1,0.7757239937782288
1563,1,0.8243866562843323
1564,1,0.8566080927848816
1565,1,0.8754008412361145
1566,1,0.9241244196891785
1567,1,0.8003436923027039
1568,1,0.7976776361465454
1569,1,0.7909162640571594
1570,1,0.9335689544677734
1571,1,0.9686166048049927
1572,1,0.955120861530304
1573,1,0.9320806860923767
1574,1,0.8544582724571228
1575,1,0.9318042397499084
1576,1,0.9063019752502441
1577,1,0.9772459864616394
1578,1,0.9687485694885254
1579,1,0.9000940322875977
1580,1,0.9075479507446289
1581,1,0.9527842402458191
1582,1,0.8900602459907532
1583,1,0.7868527173995972
1584,1,0.8895577788352966
1585,1,0.8588985800743103
1586,1,0.7980384826660156
1587,1,0.8793771266937256
1588,1,0.8925384283065796
1589,1,0.9302531480789185
1590,1,0.8049100041389465
1591,1,0.9117193818092346
1592,1,0.9153908491134644
1593,1,0.8826065063476562
1594,1,0.9174419045448303
1595,1,0.8176659345626831
1596,1,0.9565444588661194
1597,1,0.9393473863601685
1598,1,0.8062167763710022
1599,1,0.9387426376342773
1600,1,0.9271770119667053
1601,1,0.8084091544151306
1602,1,0.8887485861778259
1603,1,0.9531577825546265
1604,1,0.8979883790016174
1605,1,0.4898659884929657
1606,1,0.9472737312316895
1607,1,0.7442030906677246
1608,1,0.9525877833366394
1609,1,0.9332926869392395
1610,1,0.8534421324729919
1611,1,0.864128589630127
1612,1,0.9759911894798279
1613,1,0.9404507279396057
1614,1,0.770953357219696
1615,1,0.7540068030357361
1616,1,0.8671425580978394
1617,1,0.5064751505851746
1618,1,0.8421803116798401
1619,1,0.6540923118591309
1620,1,0.674651563167572
1621,1,0.6518586874008179
1622,1,0.7681171298027039
1623,1,0.7442262172698975
1624,1,0.8507750630378723
1625,1,0.893276035785675
1626,1,0.8211917877197266
1627,1,0.8836995363235474
1628,1,0.4890172779560089
1629,1,0.8771599531173706
1630,1,0.42849022150039673
1631,1,0.9246949553489685
1632,1,0.6304038166999817
1633,1,0.5066519379615784
1634,1,0.9383437037467957
1635,1,0.6966906189918518
1636,1,0.8553426265716553
1637,1,0.5792030096054077
1638,1,0.44485482573509216
1639,1,0.6126814484596252
1640,1,0.9447746872901917
1641,1,0.5792973041534424
1642,1,0.7454843521118164
1643,1,0.9272147417068481
1644,1,0.866546630859375
1645,1,0.8955544829368591
1646,1,0.5023713707923889
1647,1,0.1278160661458969
1648,1,0.13746768236160278
1649,1,0.21883942186832428
1650,1,0.29550880193710327
1651,1,0.2174696922302246
1652,1,0.17672787606716156
1653,1,0.1288282424211502
1654,1,0.29465582966804504
1655,1,0.19469061493873596
1656,1,0.091501884162426
1657,1,0.18357552587985992
1658,1,0.11622073501348495
1659,1,0.20634756982326508
1660,1,0.19772052764892578
1661,1,0.06390340626239777
1662,1,0.21509979665279388
1663,1,0.939564049243927
1664,1,0.939212441444397
1665,1,0.9393258094787598
1666,1,0.8434337377548218
1667,1,0.8551607728004456
1668,1,0.8726494312286377
1669,1,0.9364344477653503
1670,1,0.4890172779560089
1671,1,0.43854156136512756
1672,1,0.21523496508598328
1673,1,0.6972434520721436
1674,1,0.9025816321372986
1675,1,0.9587040543556213
1676,1,0.9553055763244629
1677,1,0.635361909866333
1678,1,0.8849767446517944
1679,1,0.4950922727584839
1680,1,0.9328988790512085
1681,1,0.8507091999053955
1682,1,0.8995420932769775
1683,1,0.813948929309845
1684,1,0.4158923923969269
1685,1,0.8137969374656677
1686,1,0.8896141052246094
1687,1,0.5522274374961853
1688,1,0.4544922411441803
1689,1,0.5501221418380737
1690,1,0.894743800163269
1691,1,0.8832318782806396
1692,1,0.49746257066726685
1693,1,0.8352909088134766
1694,1,0.909028947353363
1695,1,0.7229812741279602
1696,1,0.9287384152412415
1697,1,0.9546039700508118
1698,1,0.33511313796043396
1699,1,0.8837909698486328
1700,1,0.9404461979866028
1701,1,0.07946386188268661
1702,1,0.8467957973480225
1703,1,0.8680775165557861
1704,1,0.6389836668968201
1705,1,0.5208088755607605
1706,1,0.7567794322967529
1707,1,0.9627040028572083
1708,1,0.5417786240577698
1709,1,0.6871966123580933
1710,1,0.8894509077072144
1711,1,0.9130208492279053
1712,1,0.5463716387748718
1713,1,0.6091596484184265
1714,1,0.5511983036994934
1715,1,0.4555369019508362
1716,1,0.47244739532470703
1717,1,0.5590372085571289
1718,1,0.49879127740859985
1719,1,0.9373079538345337
1720,1,0.6515493392944336
1721,1,0.8855434656143188
1722,1,0.5408474802970886
1723,1,0.8958641886711121
1724,1,0.5988260507583618
1725,1,0.9446764588356018
1726,1,0.8807111382484436
1727,1,0.8320748209953308
1728,1,0.3917497396469116
1729,1,0.9525356292724609
1730,1,0.898774266242981
1731,1,0.8824470639228821
1732,1,0.8898321390151978
1733,1,0.47420066595077515
1734,1,0.44077667593955994
1735,1,0.9380588531494141
1736,1,0.9078207015991211
1737,1,0.8277542591094971
1738,1,0.9701778888702393
1739,1,0.5703966021537781
1740,1,0.5606873035430908
1741,1,0.6401594281196594
1742,1,0.8575342297554016
1743,1,0.9540342092514038
1744,1,0.8684179186820984
1745,1,0.4659331440925598
1746,1,0.9199115633964539
1747,1,0.7501636743545532
1748,1,0.9445515871047974
1749,1,0.9501908421516418
1750,1,0.8131120800971985
1751,1,0.9676041007041931
1752,1,0.9203521609306335
1753,1,0.8946872353553772
1754,1,0.27876952290534973
1755,1,0.4987044036388397
1756,1,0.8567005395889282
1757,1,0.7922907471656799
1758,1,0.8955907225608826
1759,1,0.8607178926467896
1760,1,0.9308948516845703
1761,1,0.7490039467811584
1762,1,0.5880557298660278
1763,1,0.9755024313926697
1764,1,0.5491597652435303
1765,1,0.9415726065635681
1766,1,0.9610118269920349
1767,1,0.8745226860046387
1768,1,0.9239391684532166
1769,1,0.8009218573570251
1770,1,0.8973522186279297
1771,1,0.5460994243621826
1772,1,0.9787523150444031
1773,1,0.8884884119033813
1774,1,0.7033774852752686
1775,1,0.8163602948188782
1776,1,0.9164612293243408
1777,1,0.636908769607544
1778,1,0.9583887457847595
1779,1,0.7094535827636719
1780,1,0.40577784180641174
1781,1,0.9594230651855469
1782,1,0.8344531059265137
1783,1,0.9336908459663391
1784,1,0.873210072517395
1785,1,0.9297614097595215
1786,1,0.9721400141716003
1787,1,0.877693772315979
1788,1,0.8286007046699524
1789,1,0.4723470211029053
1790,1,0.8985182046890259
1791,1,0.9817792773246765
1792,1,0.7071655988693237
1793,1,0.9037899971008301
1794,1,0.8077741265296936
1795,1,0.9189435243606567
1796,1,0.767346978187561
1797,1,0.7551876902580261
1798,1,0.7065203785896301
1799,1,0.5259023904800415
1800,1,0.8294283151626587
1801,1,0.524623692035675
1802,1,0.6461121439933777
1803,1,0.4609602391719818
1804,1,0.9269711971282959
1805,1,0.8100308179855347
1806,1,0.9168767333030701
1807,1,0.5684700012207031
1808,1,0.383259654045105
1809,1,0.7544972896575928
1810,1,0.7617800235748291
1811,1,0.9762426614761353
1812,1,0.9222069382667542
1813,1,0.6795348525047302
1814,1,0.8169295191764832
1815,1,0.9392054080963135
1816,1,0.8924668431282043
1817,1,0.5925902724266052
1818,1,0.49077144265174866
1819,1,0.4904181957244873
1820,1,0.8161819577217102
1821,1,0.7840256094932556
1822,1,0.7455530762672424
1823,1,0.8193380236625671
1824,1,0.8652603030204773
1825,1,0.9693464636802673
1826,1,0.7913188338279724
1827,1,0.5891845226287842
1828,1,0.7285374999046326
1829,1,0.615236222743988
1830,1,0.8307859897613525
1831,1,0.944397509098053
1832,1,0.5328190326690674
1833,1,0.9371236562728882
1834,1,0.9258908629417419
1835,1,0.6760343313217163
1836,1,0.590613842010498
1837,1,0.47797349095344543
1838,1,0.5805910229682922
1839,1,0.6609339714050293
1840,1,0.599649965763092
1841,1,0.6717814803123474
1842,1,0.5802556276321411
1843,1,0.5769431591033936
1844,1,0.9492714405059814
1845,1,0.6768951416015625
1846,1,0.5235059857368469
1847,1,0.8163909316062927
1848,1,0.5715327262878418
1849,1,0.809517502784729
1850,1,0.7776659727096558
1851,1,0.8897737264633179
1852,1,0.8604223728179932
1853,1,0.850570797920227
1854,1,0.9543645977973938
1855,1,0.6163944602012634
1856,1,0.8826460242271423
1857,1,0.700802206993103
1858,1,0.6280078291893005
1859,1,0.860568642616272
1860,1,0.9507220983505249
1861,1,0.5976666808128357
1862,1,0.4375893175601959
1863,1,0.6217060089111328
1864,1,0.6883002519607544
1865,1,0.6355791091918945
1866,1,0.7747353315353394
1867,1,0.889000415802002
1868,1,0.587046205997467
1869,1,0.9362520575523376
1870,1,0.46356093883514404
1871,1,0.9386934638023376
1872,1,0.4661150872707367
1873,1,0.845743715763092
1874,1,0.5991995334625244
1875,1,0.9519267678260803
1876,1,0.48066532611846924
1877,1,0.5359792709350586
1878,1,0.5307450294494629
1879,1,0.36155810952186584
1880,1,0.3660251498222351
1881,1,0.6834306120872498
1882,1,0.43501025438308716
1883,1,0.6022405028343201
1884,1,0.4252135157585144
1885,1,0.49939823150634766
1886,1,0.7399235963821411
1887,1,0.7259595394134521
1888,1,0.5236819386482239
1889,1,0.4469282329082489
1890,1,0.5379170179367065
1891,1,0.8662588596343994
1892,1,0.7757115960121155
1893,1,0.5895569920539856
1894,1,0.8174270391464233
1895,1,0.05839398503303528
1896,1,0.8663838505744934
1897,1,0.46322789788246155
1898,1,0.8843505382537842
1899,1,0.46915197372436523
1900,1,0.4767380356788635
1901,1,0.42937129735946655
1902,1,0.5124073624610901
1903,1,0.5638200044631958
1904,1,0.8871742486953735
1905,1,0.7592781782150269
1906,1,0.654719889163971
1907,1,0.7756680250167847
1908,1,0.5029590725898743
1909,1,0.47548407316207886
1910,1,0.4992336332798004
1911,1,0.16850614547729492
1912,1,0.6882745623588562
1913,1,0.3508237898349762
1914,1,0.6803287863731384
1915,1,0.8303197026252747
1916,1,0.41946151852607727
1917,1,0.8496398329734802
1918,1,0.8034760355949402
1919,1,0.7964810729026794
1920,1,0.5775485634803772
1921,1,0.6292605996131897
1922,1,0.9192693829536438
1923,1,0.9263456463813782
1924,1,0.8164004683494568
1925,1,0.8559486865997314
1926,1,0.6611646413803101
1927,1,0.9347725510597229
1928,1,0.966000497341156
1929,1,0.8982722759246826
1930,1,0.9491006135940552
1931,1,0.9604001045227051
1932,1,0.9667182564735413
1933,1,0.593670129776001
1934,1,0.5585764646530151
1935,1,0.7019850015640259
1936,1,0.9092116951942444
1937,1,0.9316412806510925
1938,1,0.7680101990699768
1939,1,0.7219718098640442
1940,1,0.9246931076049805
1941,1,0.6640149354934692
1942,1,0.6815720200538635
1943,1,0.9409182667732239
1944,1,0.9601821303367615
1945,1,0.8913129568099976
1946,1,0.9498757123947144
1947,1,0.3814607858657837
1948,1,0.9735859036445618
1949,1,0.9361443519592285
1950,1,0.5238683223724365
1951,1,0.8337522149085999
1952,1,0.5608507990837097
1953,1,0.9267920255661011
1954,1,0.8549383282661438
1955,1,0.6926533579826355
1956,1,0.9385339617729187
1957,1,0.9463432431221008
1958,1,0.910569429397583
1959,1,0.9312341213226318
1960,1,0.7371367812156677
1961,1,0.946869969367981
1962,1,0.6662337779998779
1963,1,0.9336979985237122
1964,1,0.7712880373001099
1965,1,0.9302573800086975
1966,1,0.8869979381561279
1967,1,0.8460834622383118
1968,1,0.6395149827003479
1969,1,0.9052630066871643
1970,1,0.5684871673583984
1971,1,0.8986029624938965
1972,1,0.7889536619186401
1973,1,0.9429813027381897
1974,1,0.4705476462841034
1975,1,0.9229658842086792
1976,1,0.6004050374031067
1977,1,0.7117842435836792
1978,1,0.5843595266342163
1979,1,0.5641234517097473
1980,1,0.5757999420166016
1981,1,0.3852217197418213
1982,1,0.1754959523677826
1983,1,0.5698062777519226
1984,1,0.448417067527771
1985,1,0.49143368005752563
1986,1,0.43411073088645935
1987,1,0.6225723028182983
1988,0,0.49115124344825745
1989,0,0.1323564350605011
1990,0,0.3712623715400696
1991,0,0.5471439361572266
1992,0,0.2573529779911041
1993,0,0.4210427403450012
1994,0,0.15773189067840576
1995,0,0.3336297869682312
1996,0,0.5442138314247131
1997,0,0.6205554604530334
1998,0,0.46890127658843994
1999,0,0.17228181660175323
2000,0,0.8792006373405457
2001,0,0.22380729019641876
2002,0,0.39702725410461426
2003,0,0.21645598113536835
2004,0,0.6659331917762756
2005,0,0.43045416474342346
2006,0,0.16817787289619446
2007,0,0.11171609908342361
2008,0,0.7399983406066895
2009,0,0.538584291934967
2010,0,0.12585297226905823
2011,0,0.4157353341579437
2012,0,0.04398174583911896
2013,0,0.1945594847202301
2014,0,0.4644055664539337
2015,0,0.17734646797180176
2016,0,0.15927472710609436
2017,0,0.3255615830421448
2018,0,0.9547206163406372
2019,0,0.026499629020690918
2020,0,0.6193751692771912
2021,0,0.4416711628437042
2022,0,0.2053423970937729
2023,0,0.4400232136249542
2024,0,0.0750061422586441
2025,0,0.14443853497505188
2026,0,0.4263903796672821
2027,0,0.10174119472503662
2028,0,0.6047748327255249
2029,0,0.32728341221809387
2030,0,0.5702521800994873
2031,0,0.0888267531991005
2032,0,0.3451513946056366
2033,0,0.09544535726308823
2034,0,0.1271650493144989
2035,0,0.5320577621459961
2036,0,0.21980851888656616
2037,0,0.1263667792081833
2038,0,0.6282570958137512
2039,0,0.2615642547607422
2040,0,0.2957746386528015
2041,0,0.18204115331172943
2042,0,0.2659238278865814
2043,0,0.44813770055770874
2044,0,0.1403542160987854
2045,0,0.06230386346578598
2046,0,0.5883851647377014
2047,0,0.14734341204166412
2048,0,0.30982035398483276
2049,0,0.15496256947517395
2050,0,0.27678096294403076
2051,0,0.056184034794569016
2052,0,0.05547182261943817
2053,0,0.5534182190895081
2054,0,0.4908493757247925
2055,0,0.029462559148669243
2056,0,0.5113150477409363
2057,0,0.33292755484580994
2058,0,0.4466826021671295
2059,0,0.6771064400672913
2060,0,0.4105190932750702
2061,0,0.42011502385139465
2062,0,0.4744752049446106
2063,0,0.24960407614707947
2064,0,0.5756790637969971
2065,0,0.46016812324523926
2066,0,0.42835214734077454
2067,0,0.053192004561424255
2068,0,0.4392431974411011
2069,0,0.42909860610961914
2070,0,0.11437427252531052
2071,0,0.23243868350982666
2072,0,0.17182821035385132
2073,0,0.6103898286819458
2074,0,0.08197808265686035
2075,0,0.10258661210536957
2076,0,0.7424913644790649
2077,0,0.5384325385093689
2078,0,0.2886013984680176
2079,0,0.10668032616376877
2080,0,0.17479419708251953
2081,0,0.6387407779693604
2082,0,0.22120442986488342
2083,0,0.534067690372467
2084,0,0.017748357728123665
2085,0,0.11334655433893204
2086,0,0.06062896549701691
2087,0,0.04329249635338783
2088,0,0.6120626926422119
2089,0,0.0776805654168129
2090,0,0.1891678273677826
2091,0,0.25135624408721924
2092,0,0.35305261611938477
2093,0,0.5236341953277588
2094,0,0.06417573988437653
2095,0,0.4130859076976776
2096,0,0.1883206069469452
2097,0,0.4931168556213379
2098,0,0.33277758955955505
2099,0,0.43996959924697876
2100,0,0.5032967925071716
2101,0,0.032474085688591
2102,0,0.1883363276720047
2103,0,0.4434298872947693
2104,0,0.3727022111415863
2105,0,0.20334546267986298
2106,0,0.04244375228881836
2107,0,0.7998554706573486
2108,0,0.17604367434978485
2109,0,0.902027428150177
2110,0,0.3612673580646515
2111,0,0.4186154305934906
2112,0,0.5164236426353455
2113,0,0.9457899332046509
2114,0,0.2741130590438843
2115,0,0.6558228731155396
2116,0,0.05847533792257309
2117,0,0.10439528524875641
2118,0,0.5683976411819458
2119,0,0.25294792652130127
2120,0,0.2868357002735138
2121,0,0.49152445793151855
2122,0,0.2590382695198059
2123,0,0.30355405807495117
2124,0,0.19756940007209778
2125,0,0.31784138083457947
2126,0,0.21005241572856903
2127,0,0.5193183422088623
2128,0,0.4614744186401367
2129,0,0.4652692973613739
2130,0,0.5396201014518738
2131,0,0.42207813262939453
2132,0,0.4307584762573242
2133,0,0.5182126760482788
2134,0,0.10801368206739426
2135,0,0.18992386758327484
2136,0,0.5248010158538818
2137,0,0.17807438969612122
2138,0,0.07336229085922241
2139,0,0.6136854887008667
2140,0,0.36684077978134155
2141,0,0.15914782881736755
2142,0,0.5530000329017639
2143,0,0.6833391189575195
2144,0,0.42344406247138977
2145,0,0.4781968295574188
2146,0,0.4512834846973419
2147,0,0.053032971918582916
2148,0,0.013656547293066978
2149,0,0.4833833873271942
2150,0,0.4021383225917816
2151,0,0.027829084545373917
2152,0,0.425287127494812
2153,0,0.6314195990562439
2154,0,0.6836086511611938
2155,0,0.44899505376815796
2156,0,0.2960180342197418
2157,0,0.47666001319885254
2158,0,0.06152953580021858
2159,0,0.47560548782348633
2160,0,0.2311084270477295
2161,0,0.04312509298324585
2162,0,0.46903738379478455
2163,0,0.4077646732330322
2164,0,0.2282203584909439
2165,0,0.4868622422218323
2166,0,0.036484748125076294
2167,0,0.5345807075500488
2168,0,0.5416820645332336
2169,0,0.1339738965034485
2170,0,0.05415378138422966
2171,0,0.056630946695804596
2172,0,0.7758641839027405
2173,0,0.4988287091255188
2174,0,0.7698541283607483
2175,0,0.4400232136249542
2176,0,0.5006030797958374
2177,0,0.6017128825187683
2178,0,0.22633962333202362
2179,0,0.3928038477897644
2180,0,0.5888134241104126
2181,0,0.18440793454647064
2182,0,0.35180068016052246
2183,0,0.6596927642822266
2184,0,0.4952477216720581
2185,0,0.4890172779560089
2186,0,0.35161787271499634
2187,0,0.4375806748867035
2188,0,0.06885257363319397
2189,0,0.4716760814189911
2190,0,0.1717933863401413
2191,0,0.4546942114830017
2192,0,0.059562359005212784
2193,0,0.11334241181612015
2194,0,0.15785273909568787
2195,0,0.6125656366348267
2196,0,0.1403859257698059
2197,0,0.42367228865623474
2198,0,0.03992341086268425
2199,0,0.625542163848877
2200,0,0.023439830169081688
2201,0,0.1729133278131485
2202,0,0.39068761467933655
2203,0,0.46930956840515137
2204,0,0.3392833173274994
2205,0,0.20961160957813263
2206,0,0.09492575377225876
2207,0,0.5036280155181885
2208,0,0.5479434132575989
2209,0,0.5649199485778809
2210,0,0.09600609540939331
2211,0,0.6110063195228577
2212,0,0.831015944480896
2213,0,0.48987284302711487
2214,0,0.20954787731170654
2215,0,0.08966243267059326
2216,0,0.19298288226127625
2217,0,0.2817782163619995
2218,0,0.5204256772994995
2219,0,0.06079784035682678
2220,0,0.15531212091445923
2221,0,0.6200865507125854
2222,0,0.5700656771659851
2223,0,0.4664977788925171
2224,0,0.43059346079826355
2225,0,0.47991713881492615
2226,0,0.4942299723625183
2227,0,0.17034338414669037
2228,0,0.1749708652496338
2229,0,0.06344190239906311
2230,0,0.4890172779560089
2231,0,0.4460996985435486
2232,0,0.11766061931848526
2233,0,0.9150950908660889
2234,0,0.9205837845802307
2235,0,0.06520143151283264
2236,0,0.3512575924396515
2237,0,0.2367895245552063
2238,0,0.6187031269073486
2239,0,0.4213656485080719
2240,0,0.6306219100952148
2241,0,0.41019904613494873
2242,0,0.16711968183517456
2243,0,0.04456065222620964
2244,0,0.5187196135520935
2245,0,0.45851820707321167
2246,0,0.46546921133995056
2247,0,0.09211213141679764
2248,0,0.3082495927810669
2249,0,0.29042473435401917
2250,0,0.055329009890556335
2251,0,0.11254682391881943
2252,0,0.2813989222049713
2253,0,0.41622596979141235
2254,0,0.2901032567024231
2255,0,0.15684248507022858
2256,0,0.054549168795347214
2257,0,0.026511533185839653
2258,0,0.552948534488678
2259,0,0.11738792806863785
2260,0,0.4942648708820343
2261,0,0.6214771866798401
2262,0,0.2772660255432129
2263,0,0.28079861402511597
2264,0,0.5784351825714111
2265,0,0.056237634271383286
2266,0,0.10883046686649323
2267,0,0.3452816605567932
2268,0,0.5457426905632019
2269,0,0.17438846826553345
2270,0,0.47794294357299805
2271,0,0.5100013017654419
2272,0,0.07791800796985626
2273,0,0.08346960693597794
2274,0,0.5240693092346191
2275,0,0.08793278783559799
2276,0,0.0825338289141655
2277,0,0.8804174661636353
2278,0,0.05370333418250084
2279,0,0.7198966145515442
2280,0,0.4704524874687195
2281,0,0.5037964582443237
2282,0,0.20613537728786469
2283,0,0.549040675163269
2284,0,0.1428615301847458
2285,0,0.23167359828948975
2286,0,0.18642191588878632
2287,0,0.546481192111969
2288,0,0.4768274128437042
2289,0,0.14174973964691162
2290,0,0.1935102641582489
2291,0,0.28535184264183044
2292,0,0.09992901235818863
2293,0,0.6261453628540039
2294,0,0.42703577876091003
2295,0,0.44561922550201416
2296,0,0.27097654342651367
2297,0,0.050142742693424225
2298,0,0.8681052923202515
2299,0,0.5877695083618164
2300,0,0.5428884029388428
2301,0,0.4744752049446106
2302,0,0.15776129066944122
2303,0,0.4717526137828827
2304,0,0.6191509962081909
2305,0,0.48381054401397705
2306,0,0.1664825975894928
2307,0,0.5134503245353699
2308,0,0.5732136964797974
2309,0,0.19576825201511383
2310,0,0.21365974843502045
2311,0,0.028551720082759857
2312,0,0.5139491558074951
2313,0,0.2579413950443268
2314,0,0.3417050838470459
2315,0,0.4687071740627289
2316,0,0.08868234604597092
2317,0,0.4744752049446106
2318,0,0.0651700422167778
2319,0,0.4944273829460144
2320,0,0.6956965327262878
2321,0,0.39550286531448364
2322,0,0.7566050887107849
2323,0,0.2114843875169754
2324,0,0.6542915105819702
2325,0,0.17716369032859802
2326,0,0.9131466746330261
2327,0,0.2778921127319336
2328,0,0.15809838473796844
2329,0,0.3594745397567749
2330,0,0.560160756111145
2331,0,0.6269262433052063
2332,0,0.24203500151634216
2333,0,0.2163657695055008
2334,0,0.58263099193573
2335,0,0.09412979334592819
2336,0,0.021696193143725395
2337,0,0.3487047255039215
2338,0,0.11677393317222595
2339,0,0.8421803116798401
2340,0,0.5068337917327881
2341,0,0.5799576044082642
2342,0,0.7808294296264648
2343,0,0.3771563172340393
2344,0,0.3973969519138336
2345,0,0.18243658542633057
2346,0,0.4744752049446106
2347,0,0.9133505821228027
2348,0,0.44140323996543884
2349,0,0.45809584856033325
2350,0,0.5222965478897095
2351,0,0.19032828509807587
2352,0,0.1693502813577652
2353,0,0.42723801732063293
2354,0,0.8010417222976685
2355,0,0.0911063402891159
2356,0,0.45061251521110535
2357,0,0.20609359443187714
2358,0,0.48176267743110657
2359,0,0.4515007734298706
2360,0,0.46098092198371887
2361,0,0.4251958429813385
2362,0,0.3007117509841919
2363,0,0.07957831025123596
2364,0,0.23572304844856262
2365,0,0.05015246942639351
2366,0,0.31466642022132874
2367,0,0.4867272675037384
2368,0,0.2593423128128052
2369,0,0.15395818650722504
2370,0,0.7090359926223755
2371,0,0.6053737998008728
2372,0,0.039115097373723984
2373,0,0.23182182013988495
2374,0,0.17597588896751404
2375,0,0.34781092405319214
2376,0,0.27752482891082764
2377,0,0.20438461005687714
2378,0,0.4043477475643158
2379,0,0.9296209216117859
2380,0,0.17603516578674316
2381,0,0.08281052112579346
2382,0,0.35870781540870667
2383,0,0.3116907775402069
2384,0,0.3123554289340973
2385,0,0.040032804012298584
2386,0,0.18062449991703033
2387,0,0.6267775893211365
2388,0,0.8041359782218933
2389,0,0.13751162588596344
2390,0,0.3064432740211487
2391,0,0.48004215955734253
2392,0,0.25674691796302795
2393,0,0.4456881284713745
2394,0,0.5234929323196411
2395,0,0.48813581466674805
2396,0,0.527855634689331
2397,0,0.295906662940979
2398,0,0.2212533801794052
2399,0,0.44437098503112793
2400,0,0.7005517482757568
2401,0,0.10683030635118484
2402,0,0.17437931895256042
2403,0,0.6639575958251953
2404,0,0.044437021017074585
2405,0,0.7557147741317749
2406,0,0.5053935050964355
2407,0,0.45976653695106506
2408,0,0.5016969442367554
2409,0,0.030885428190231323
2410,0,0.697348952293396
2411,0,0.3865610659122467
2412,0,0.5165585279464722
2413,0,0.4070378839969635
2414,0,0.6044904589653015
2415,0,0.31381839513778687
2416,0,0.08920912444591522
2417,0,0.5467114448547363
2418,0,0.05929377302527428
2419,0,0.48247307538986206
2420,0,0.8862841725349426
2421,0,0.5453075170516968
2422,0,0.8692225813865662
2423,0,0.25814148783683777
2424,0,0.31950363516807556
2425,0,0.02975948341190815
2426,0,0.6245128512382507
2427,0,0.4732622802257538
2428,0,0.016768744215369225
2429,0,0.5057957768440247
2430,0,0.15781976282596588
2431,0,0.18889476358890533
2432,0,0.14649149775505066
2433,0,0.5796877145767212
2434,0,0.12698164582252502
2435,0,0.6461940407752991
2436,0,0.5995851755142212
2437,0,0.314518004655838
2438,0,0.4207458198070526
2439,0,0.3594891130924225
2440,0,0.7320234775543213
2441,0,0.07447881251573563
2442,0,0.2842390835285187
2443,0,0.06328287720680237
2444,0,0.27163925766944885
2445,0,0.3315894603729248
2446,0,0.1044754683971405
2447,0,0.1125226765871048
2448,0,0.4983524978160858
2449,0,0.03705934062600136
2450,0,0.21781931817531586
2451,0,0.14144547283649445
2452,0,0.08635443449020386
2453,0,0.4400232136249542
2454,0,0.5527969002723694
2455,0,0.22360754013061523
2456,0,0.2816259264945984
2457,0,0.21995210647583008
2458,0,0.4744730591773987
2459,0,0.42734578251838684
2460,0,0.4937923848628998
2461,0,0.4213656485080719
2462,0,0.4401415288448334
2463,0,0.25755226612091064
2464,0,0.43543434143066406
2465,0,0.07328448444604874
2466,0,0.15766943991184235
2467,0,0.25922730565071106
2468,0,0.524605929851532
2469,0,0.42703577876091003
2470,0,0.614825427532196
2471,0,0.04750285670161247
2472,0,0.05562783032655716
2473,0,0.18195542693138123
2474,0,0.24434661865234375
2475,0,0.9080493450164795
2476,0,0.638339102268219
2477,0,0.10067300498485565
2478,0,0.5218462347984314
2479,0,0.6977931261062622
2480,0,0.1875017285346985
2481,0,0.24493327736854553
2482,0,0.08136700838804245
2483,0,0.4199504554271698
2484,0,0.18349561095237732
2485,0,0.35133951902389526
2486,0,0.4581156075000763
2487,0,0.11389792710542679
2488,0,0.5140962600708008
2489,0,0.6815385222434998
2490,0,0.17914971709251404
2491,0,0.484391450881958
2492,0,0.1207178607583046
2493,0,0.601743757724762
2494,0,0.2781592011451721
2495,0,0.47560548782348633
2496,0,0.5520588159561157
2497,0,0.46621301770210266
2498,0,0.42536991834640503
2499,0,0.37931206822395325
2500,0,0.28564023971557617
2501,0,0.052267469465732574
2502,0,0.718431830406189
2503,0,0.4890172779560089
2504,0,0.3061952590942383
2505,0,0.4120419919490814
2506,0,0.39875471591949463
2507,0,0.6841611266136169
2508,0,0.45309460163116455
2509,0,0.5001509785652161
2510,0,0.3089211881160736
2511,0,0.02780943177640438
2512,0,0.3551989793777466
2513,0,0.41007480025291443
2514,0,0.42703577876091003
2515,0,0.13926911354064941
2516,0,0.20445920526981354
2517,0,0.38843873143196106
2518,0,0.1328795701265335
2519,0,0.5811818242073059
2520,0,0.5271094441413879
2521,0,0.11748961359262466
2522,0,0.43241316080093384
2523,0,0.48570582270622253
2524,0,0.4519132077693939
2525,0,0.2811634838581085
2526,0,0.05495555326342583
2527,0,0.5198906660079956
2528,0,0.07613550126552582
2529,0,0.5091105699539185
2530,0,0.49261531233787537
2531,0,0.4496438503265381
2532,0,0.07735291123390198
2533,0,0.3096279501914978
2534,0,0.0488877110183239
2535,0,0.4282217025756836
2536,0,0.3953589200973511
2537,0,0.4908444881439209
2538,0,0.17982721328735352
2539,0,0.47678041458129883
2540,0,0.22557269036769867
2541,0,0.12735433876514435
2542,0,0.413297563791275
2543,0,0.2540941834449768
2544,0,0.5718047022819519
2545,0,0.07000184059143066
2546,0,0.1784812957048416
2547,0,0.5760517120361328
2548,0,0.39956578612327576
2549,0,0.5402241945266724
2550,0,0.48957446217536926
2551,0,0.023058727383613586
2552,0,0.42100775241851807
2553,0,0.4213656485080719
2554,0,0.9077009558677673
2555,0,0.015298600308597088
2556,0,0.5462239980697632
2557,0,0.4176475405693054
2558,0,0.639983594417572
2559,0,0.20833148062229156
2560,0,0.691463828086853
2561,0,0.27851974964141846
2562,0,0.1386614739894867
2563,0,0.05579247325658798
2564,0,0.4163910746574402
2565,0,0.1802143007516861
2566,0,0.5542632937431335
2567,0,0.7220075726509094
2568,0,0.15484370291233063
2569,0,0.09201419353485107
2570,0,0.5063900947570801
2571,0,0.20712809264659882
2572,0,0.4882437586784363
2573,0,0.17385290563106537
2574,0,0.18575231730937958
2575,0,0.03588447347283363
2576,0,0.42703577876091003
2577,0,0.04218807816505432
2578,0,0.028963390737771988
2579,0,0.4011058807373047
2580,0,0.319927841424942
2581,0,0.7147367596626282
2582,0,0.33189845085144043
2583,0,0.5658717751502991
2584,0,0.09456173330545425
2585,0,0.5220130085945129
2586,0,0.2094142735004425
2587,0,0.7960433959960938
2588,0,0.6431325674057007
2589,0,0.644830048084259
2590,0,0.4371328055858612
2591,0,0.5729007124900818
2592,0,0.24597640335559845
2593,0,0.6177917718887329
2594,0,0.2799420654773712
2595,0,0.5600931644439697
2596,0,0.6490300297737122
2597,0,0.0360991470515728
2598,0,0.47560548782348633
2599,0,0.36395272612571716
2600,0,0.2959481477737427
2601,0,0.15109850466251373
2602,0,0.6904439330101013
2603,0,0.0842919647693634
2604,0,0.4959930181503296
2605,0,0.4240272343158722
2606,0,0.1926969736814499
2607,0,0.27227547764778137
2608,0,0.1576627939939499
2609,0,0.4650711715221405
2610,0,0.36717960238456726
2611,0,0.19291050732135773
2612,0,0.24562422931194305
2613,0,0.1779555231332779
2614,0,0.785864531993866
2615,0,0.2556847035884857
2616,0,0.04095214232802391
2617,0,0.4550490975379944
2618,0,0.4430435001850128
2619,0,0.7555782198905945
2620,0,0.5593867301940918
2621,0,0.15309971570968628
2622,0,0.1682739406824112
2623,0,0.32640209794044495
2624,0,0.621813952922821
2625,0,0.5165159702301025
2626,0,0.3327217996120453
2627,0,0.42890244722366333
2628,0,0.1521637737751007
2629,0,0.48049354553222656
2630,0,0.14832721650600433
2631,0,0.5391131639480591
2632,0,0.058530114591121674
2633,0,0.02016310766339302
2634,0,0.23315921425819397
2635,0,0.13151928782463074
2636,0,0.19773848354816437
2637,0,0.5656693577766418
2638,0,0.5408836007118225
2639,0,0.16207750141620636
2640,0,0.8923717737197876
2641,0,0.2882663309574127
2642,0,0.3687513470649719
2643,0,0.22589139640331268
2644,0,0.4035211205482483
2645,0,0.4767748713493347
2646,0,0.20626544952392578
2647,0,0.6452988982200623
2648,0,0.2970908582210541
2649,0,0.5686688423156738
2650,0,0.42703577876091003
2651,0,0.24420608580112457
2652,0,0.06290226429700851
2653,0,0.2604852318763733
2654,0,0.47586676478385925
2655,0,0.5235052108764648
2656,0,0.6501905918121338
2657,0,0.33022430539131165
2658,0,0.8072910904884338
2659,0,0.4177888333797455
2660,0,0.14852507412433624
2661,0,0.4329356849193573
2662,0,0.0902409628033638
2663,0,0.6063591837882996
2664,0,0.4350338578224182
2665,0,0.5278364419937134
2666,0,0.10363107174634933
2667,0,0.40874195098876953
2668,0,0.3538757562637329
2669,0,0.11896658688783646
2670,0,0.5716115236282349
2671,0,0.12869267165660858
2672,0,0.19799132645130157
2673,0,0.5113914012908936
2674,0,0.5417540073394775
2675,0,0.04785444587469101
2676,0,0.46397238969802856
2677,0,0.25194641947746277
2678,0,0.29343512654304504
2679,0,0.04444500431418419
2680,0,0.11174509674310684
2681,0,0.04633910208940506
2682,0,0.287819504737854
2683,0,0.08375584334135056
2684,0,0.2578238248825073
2685,0,0.45352575182914734
2686,0,0.18497934937477112
2687,0,0.23088154196739197
2688,0,0.3855029046535492
2689,0,0.5506138205528259
2690,0,0.5215369462966919
2691,0,0.3625756502151489
2692,0,0.5186464786529541
2693,0,0.3375706374645233
2694,0,0.5857600569725037
2695,0,0.46322789788246155
2696,0,0.6893054246902466
2697,0,0.26579535007476807
2698,0,0.5256462693214417
2699,0,0.05267241597175598
2700,0,0.8756062388420105
2701,0,0.27434566617012024
2702,0,0.6926895380020142
2703,0,0.5799127817153931
2704,0,0.10218250006437302
2705,0,0.03784148767590523
2706,0,0.12591388821601868
2707,0,0.11957209557294846
2708,0,0.5427935719490051
2709,0,0.1618610918521881
2710,0,0.12256042659282684
2711,0,0.4186236262321472
2712,0,0.47034138441085815
2713,0,0.7004150152206421
2714,0,0.12055041640996933
2715,0,0.5007051825523376
2716,0,0.056337494403123856
2717,0,0.42703577876091003
2718,0,0.537567138671875
2719,0,0.27964386343955994
2720,0,0.4677591919898987
2721,0,0.7004440426826477
2722,0,0.7498293519020081
2723,0,0.24461506307125092
2724,0,0.9204390645027161
2725,0,0.5706087350845337
2726,0,0.11399193108081818
2727,0,0.564653754234314
2728,0,0.6746917366981506
2729,0,0.6141037344932556
2730,0,0.19160117208957672
2731,0,0.6237512826919556
2732,0,0.3257431387901306
2733,0,0.38526368141174316
2734,0,0.13002461194992065
2735,0,0.38026294112205505
2736,0,0.2069905400276184
2737,0,0.4812425374984741
2738,0,0.0556323379278183
2739,0,0.5786756277084351
2740,0,0.596314549446106
2741,0,0.18181955814361572
2742,0,0.5381134748458862
2743,0,0.3313289284706116
2744,0,0.028003130108118057
2745,0,0.3899395167827606
2746,0,0.264143168926239
2747,0,0.15711474418640137
2748,0,0.48330360651016235
2749,0,0.5146663784980774
2750,0,0.4307795464992523
2751,0,0.17443448305130005
2752,0,0.22666408121585846
2753,0,0.30648157000541687
2754,0,0.5543105602264404
2755,0,0.1782950460910797
2756,0,0.6294415593147278
2757,0,0.5320075750350952
2758,0,0.5324650406837463
2759,0,0.4643065631389618
2760,0,0.01631980761885643
2761,0,0.8364631533622742
2762,0,0.11120599508285522
2763,0,0.07932612299919128
2764,0,0.5819283723831177
2765,0,0.0422048456966877
2766,0,0.30329135060310364
2767,0,0.4548611342906952
2768,0,0.08518099784851074
2769,0,0.12785696983337402
2770,0,0.2608010768890381
2771,0,0.03723927214741707
2772,0,0.5763140916824341
2773,0,0.3012906312942505
2774,0,0.48696833848953247
2775,0,0.15094752609729767
2776,0,0.3645225763320923
2777,0,0.565777599811554
2778,0,0.4604414701461792
2779,0,0.31262192130088806
2780,0,0.4982210695743561
2781,0,0.06066345050930977
2782,0,0.062460582703351974
2783,0,0.06535086780786514
2784,0,0.1937095820903778
2785,0,0.6823930740356445
2786,0,0.12761561572551727
2787,0,0.10226611793041229
2788,0,0.4995105266571045
2789,0,0.19754353165626526
2790,0,0.9027336239814758
2791,0,0.7664528489112854
2792,0,0.13109610974788666
2793,0,0.47809091210365295
2794,0,0.26857790350914
2795,0,0.3145201802253723
2796,0,0.18180564045906067
2797,0,0.3433278203010559
2798,0,0.5164515376091003
2799,0,0.14686597883701324
2800,0,0.34255900979042053
2801,0,0.16185081005096436
2802,0,0.5668954253196716
2803,0,0.5388453602790833
2804,0,0.5602374076843262
2805,0,0.0951211005449295
2806,0,0.406715452671051
2807,0,0.6022997498512268
2808,0,0.25116485357284546
2809,0,0.08132278919219971
2810,0,0.22034865617752075
2811,0,0.5783175230026245
2812,0,0.3414643406867981
2813,0,0.5098813772201538
2814,0,0.4213656485080719
2815,0,0.4924139678478241
2816,0,0.5900447368621826
2817,0,0.07693470269441605
2818,0,0.10632973164319992
2819,0,0.03759731724858284
2820,0,0.5270350575447083
2821,0,0.13246868550777435
2822,0,0.2369958609342575
2823,0,0.47560548782348633
2824,0,0.22796626389026642
2825,0,0.12863890826702118
2826,0,0.4441428780555725
2827,0,0.11165102571249008
2828,0,0.28299787640571594
2829,0,0.7447941303253174
2830,0,0.13473878800868988
2831,0,0.11891277879476547
2832,0,0.04852018877863884
2833,0,0.37023061513900757
2834,0,0.12427700310945511
2835,0,0.1693428009748459
2836,0,0.07972946763038635
2837,0,0.4907756745815277
2838,0,0.13695906102657318
2839,0,0.5399304032325745
2840,0,0.2561182379722595
2841,0,0.6286332607269287
2842,0,0.6684582829475403
2843,0,0.27857229113578796
2844,0,0.2997268736362457
2845,0,0.4343680441379547
2846,0,0.42703577876091003
2847,0,0.4082959294319153
2848,0,0.4301300048828125
2849,0,0.08722642809152603
2850,0,0.13475388288497925
2851,0,0.24501875042915344
2852,0,0.20384962856769562
2853,0,0.41676273941993713
2854,0,0.4744752049446106
2855,0,0.6034579873085022
2856,0,0.2462860345840454
2857,0,0.2227402925491333
2858,0,0.8941052556037903
2859,0,0.9152119755744934
2860,0,0.5405669212341309
2861,0,0.42835214734077454
2862,0,0.5594542026519775
2863,0,0.3297998905181885
2864,0,0.6469709277153015
2865,0,0.20205581188201904
2866,0,0.12223527580499649
2867,0,0.7521446347236633
2868,0,0.12368103861808777
2869,0,0.6273267865180969
2870,0,0.38934823870658875
2871,0,0.06420290470123291
2872,0,0.44611528515815735
2873,0,0.13321857154369354
2874,0,0.42046427726745605
2875,0,0.26235735416412354
2876,0,0.4954463243484497
2877,0,0.5483969449996948
2878,0,0.41081053018569946
2879,0,0.6629322171211243
2880,0,0.35603222250938416
2881,0,0.45409315824508667
2882,0,0.042484864592552185
2883,0,0.6357212662696838
2884,0,0.06356977671384811
2885,0,0.26603129506111145
2886,0,0.027736712247133255
2887,0,0.3579363524913788
2888,0,0.5924018025398254
2889,0,0.8000795245170593
2890,0,0.42536991834640503
2891,0,0.5059229135513306
2892,0,0.20342734456062317
2893,0,0.0389506034553051
2894,0,0.14493796229362488
2895,0,0.5037808418273926
2896,0,0.15363766252994537
2897,0,0.09462596476078033
2898,0,0.04370120167732239
2899,0,0.45188066363334656
2900,0,0.32526472210884094
2901,0,0.6347731351852417
2902,0,0.4556509256362915
2903,0,0.8535321354866028
2904,0,0.507455587387085
2905,0,0.3842534124851227
2906,0,0.34128472208976746
2907,0,0.10326917469501495
2908,0,0.30086931586265564
2909,0,0.8112534284591675
2910,0,0.6940828561782837
2911,0,0.3050016164779663
2912,0,0.7102301716804504
2913,0,0.5078528523445129
2914,0,0.42090073227882385
2915,0,0.027203597128391266
2916,0,0.33811697363853455
2917,0,0.1801348626613617
2918,0,0.6040226817131042
2919,0,0.7234601378440857
2920,0,0.3604312241077423
2921,0,0.33487948775291443
2922,0,0.22985631227493286
2923,0,0.666575014591217
2924,0,0.59580397605896
2925,0,0.38232123851776123
2926,0,0.07770206779241562
2927,0,0.4756230115890503
2928,0,0.34054964780807495
2929,0,0.8082352876663208
2930,0,0.45945560932159424
2931,0,0.9708765149116516
2932,0,0.3811836540699005
2933,0,0.4260629713535309
2934,0,0.3943646550178528
2935,0,0.3643876612186432
2936,0,0.5804510712623596
2937,0,0.27205854654312134
2938,0,0.46314212679862976
2939,0,0.27747589349746704
2940,0,0.44741982221603394
2941,0,0.11894814670085907
2942,0,0.08143085986375809
2943,0,0.42460957169532776
2944,0,0.11501900106668472
2945,0,0.04158603027462959
2946,0,0.5113344192504883
2947,0,0.5564863681793213
2948,0,0.2812477648258209
2949,0,0.49258098006248474
2950,0,0.6540658473968506
2951,0,0.24625836312770844
2952,0,0.11323492228984833
2953,0,0.07011120021343231
2954,0,0.6835174560546875
2955,0,0.4282217025756836
2956,0,0.3588009178638458
2957,0,0.08597298711538315
2958,0,0.33479630947113037
2959,0,0.16108983755111694
2960,0,0.03660641238093376
2961,0,0.5627598166465759
2962,0,0.15551167726516724
2963,0,0.6066084504127502
2964,0,0.3132362961769104
2965,0,0.61043381690979
2966,0,0.4745028614997864
2967,0,0.6045979261398315
2968,0,0.21311476826667786
2969,0,0.29957935214042664
2970,0,0.14035478234291077
2971,0,0.8949938416481018
2972,0,0.9400344491004944
2973,0,0.23968201875686646
2974,0,0.05565421283245087
2975,0,0.01027445774525404
2976,0,0.15144655108451843
2977,0,0.5244763493537903
2978,0,0.504204273223877
2979,0,0.6501482725143433
2980,0,0.19849587976932526
2981,0,0.16684849560260773
2982,0,0.46553710103034973
2983,0,0.42095789313316345
2984,0,0.4026152789592743
2985,0,0.5397919416427612
2986,0,0.47741013765335083
2987,0,0.47560548782348633
2988,0,0.8910688161849976
2989,0,0.3405129909515381
2990,0,0.7461942434310913
2991,0,0.3658730983734131
2992,0,0.4031427800655365
2993,0,0.8124645352363586
2994,0,0.4707922339439392
2995,0,0.4965938925743103
2996,0,0.09427174925804138
2997,0,0.7326743602752686
2998,0,0.11620380729436874
2999,0,0.31329843401908875
3000,0,0.04072565212845802
3001,0,0.616891086101532
3002,0,0.037766315042972565
3003,0,0.5411199927330017
3004,0,0.560876190662384
3005,0,0.506267249584198
3006,0,0.2260780781507492
3007,0,0.14127479493618011
3008,0,0.8127190470695496
3009,0,0.07056547701358795
3010,0,0.419883131980896
3011,0,0.29814985394477844
3012,0,0.6364009976387024
3013,0,0.06466417014598846
3014,0,0.13357219099998474
3015,0,0.07386410236358643
3016,0,0.39355871081352234
3017,0,0.47102653980255127
3018,0,0.33307406306266785
3019,0,0.06571438908576965
3020,0,0.31624382734298706
3021,0,0.13610078394412994
3022,0,0.37894099950790405
3023,0,0.24172261357307434
3024,0,0.42835214734077454
3025,0,0.5243960618972778
3026,0,0.13331831991672516
3027,0,0.39335793256759644
3028,0,0.47380682826042175
3029,0,0.40065813064575195
3030,0,0.20373952388763428
3031,0,0.061500370502471924
3032,0,0.030037211254239082
3033,0,0.06236349046230316
3034,0,0.08847643435001373
3035,0,0.09195775538682938
3036,0,0.48049575090408325
3037,0,0.13452142477035522
3038,0,0.4609426259994507
3039,0,0.0949496254324913
3040,0,0.47560548782348633
3041,0,0.524818480014801
3042,0,0.17402383685112
3043,0,0.2559836506843567
3044,0,0.4154417812824249
3045,0,0.6920851469039917
3046,0,0.4601348638534546
3047,0,0.24456030130386353
3048,0,0.13328605890274048
3049,0,0.38180971145629883
3050,0,0.6031554937362671
3051,0,0.23177534341812134
3052,0,0.1255522072315216
3053,0,0.08847356587648392
3054,0,0.6996320486068726
3055,0,0.34741052985191345
3056,0,0.06041180342435837
3057,0,0.043907057493925095
3058,0,0.5226473212242126
3059,0,0.47560548782348633
3060,0,0.14400796592235565
3061,0,0.1066097542643547
3062,0,0.5265997648239136
3063,0,0.5440998077392578
3064,0,0.5062395334243774
3065,0,0.4100044369697571
3066,0,0.19981452822685242
3067,0,0.2127089947462082
3068,0,0.34735575318336487
3069,0,0.8860339522361755
3070,0,0.1792992204427719
3071,0,0.46822962164878845
3072,0,0.30174317955970764
3073,0,0.8660687804222107
3074,0,0.030956560745835304
3075,0,0.105265311896801
3076,0,0.3077446520328522
3077,0,0.5627275109291077
3078,0,0.17197033762931824
3079,0,0.1260785460472107
3080,0,0.8826907873153687
3081,0,0.19424784183502197
3082,0,0.3668231964111328
3083,0,0.5131940841674805
3084,0,0.12496959418058395
3085,0,0.5684826970100403
3086,0,0.5480843782424927
3087,0,0.2093965858221054
3088,0,0.34886226058006287
3089,0,0.617073655128479
3090,0,0.21296004951000214
3091,0,0.2671288847923279
3092,0,0.4359596371650696
3093,0,0.3112272024154663
3094,0,0.26152873039245605
3095,0,0.40716156363487244
3096,0,0.2492293119430542
3097,0,0.4758760631084442
3098,0,0.7813671231269836
3099,0,0.45123350620269775
3100,0,0.09350808709859848
3101,0,0.09672509878873825
3102,0,0.4189569652080536
3103,0,0.3234054446220398
3104,0,0.12116628885269165
3105,0,0.25903183221817017
3106,0,0.36868953704833984
3107,0,0.49071431159973145
3108,0,0.7702101469039917
3109,0,0.5803748369216919
3110,0,0.516158401966095
3111,0,0.3304342031478882
3112,0,0.24610231816768646
3113,0,0.08686769753694534
3114,0,0.15135736763477325
3115,0,0.5212417840957642
3116,0,0.10594162344932556
3117,0,0.4138661324977875
3118,0,0.06452380120754242
3119,0,0.4213656485080719
3120,0,0.4282217025756836
3121,0,0.1311766803264618
3122,0,0.5900213718414307
3123,0,0.2606276571750641
3124,0,0.16975975036621094
3125,0,0.6860955953598022
3126,0,0.13964633643627167
3127,0,0.36748597025871277
3128,0,0.339664101600647
3129,0,0.28365185856819153
3130,0,0.5088613033294678
3131,0,0.15576651692390442
3132,0,0.7921655178070068
3133,0,0.6610684990882874
3134,0,0.7737476229667664
3135,0,0.25518354773521423
3136,0,0.12125047296285629
3137,0,0.3498902916908264
3138,0,0.9230406284332275
3139,0,0.5850932002067566
3140,0,0.21932078897953033
3141,0,0.2443617284297943
3142,0,0.045911673456430435
3143,0,0.9459310173988342
3144,0,0.35497748851776123
3145,0,0.15021248161792755
3146,0,0.10502370446920395
3147,0,0.13639236986637115
3148,0,0.20432661473751068
3149,0,0.8978630900382996
3150,0,0.09385602176189423
3151,0,0.36972782015800476
3152,0,0.502006471157074
3153,0,0.13674449920654297
3154,0,0.42148903012275696
3155,0,0.3596191108226776
3156,0,0.5724543333053589
3157,0,0.10525249689817429
3158,0,0.42339006066322327
3159,0,0.21548675000667572
3160,0,0.7591257095336914
3161,0,0.43851548433303833
3162,0,0.46580636501312256
3163,0,0.4839300513267517
3164,0,0.2105402648448944
3165,0,0.19887611269950867
3166,0,0.17788104712963104
3167,0,0.19616812467575073
3168,0,0.05386899784207344
3169,0,0.11497929692268372
3170,0,0.2601412236690521
3171,0,0.402110755443573
3172,0,0.5016612410545349
3173,0,0.405341774225235
3174,0,0.31579408049583435
3175,0,0.1623467653989792
3176,0,0.21432463824748993
3177,0,0.1924508512020111
3178,0,0.2542588710784912
3179,0,0.48701295256614685
3180,0,0.4400232136249542
3181,0,0.07335706800222397
3182,0,0.18832160532474518
3183,0,0.29445740580558777
3184,0,0.06967282295227051
3185,0,0.05605668947100639
3186,0,0.5421430468559265
3187,0,0.490211546421051
3188,0,0.4829164147377014
3189,0,0.2640042006969452
3190,0,0.15355448424816132
3191,0,0.3249850273132324
3192,0,0.5366637706756592
3193,0,0.17781119048595428
3194,0,0.21885831654071808
3195,0,0.08717911690473557
3196,0,0.523918092250824
3197,0,0.20324905216693878
3198,0,0.15097762644290924
3199,0,0.1373526006937027
3200,0,0.762485146522522
3201,0,0.06328536570072174
3202,0,0.4377473294734955
3203,0,0.4890172779560089
3204,0,0.44140323996543884
3205,0,0.36448734998703003
3206,0,0.2409576177597046
3207,0,0.1311010867357254
3208,0,0.36394235491752625
3209,0,0.4282217025756836
3210,0,0.43595990538597107
3211,0,0.046999868005514145
3212,0,0.7224223613739014
3213,0,0.37094205617904663
3214,0,0.5770451426506042
3215,0,0.6176881194114685
3216,0,0.041890181601047516
3217,0,0.5926103591918945
3218,0,0.13166312873363495
3219,0,0.3620837330818176
3220,0,0.6420450806617737
3221,0,0.07809215784072876
3222,0,0.867615282535553
3223,0,0.47939231991767883
3224,0,0.563724935054779
3225,0,0.31650835275650024
3226,0,0.6546404361724854
3227,0,0.5797984600067139
3228,0,0.49591970443725586
3229,0,0.1111569032073021
3230,0,0.44420674443244934
3231,0,0.060079943388700485
3232,0,0.3227786123752594
3233,0,0.5635246634483337
3234,0,0.15416602790355682
3235,0,0.05031334608793259
3236,0,0.1044115200638771
3237,0,0.14287053048610687
3238,0,0.13562071323394775
3239,0,0.5658479928970337
3240,0,0.4381902813911438
3241,0,0.046025849878787994
3242,0,0.12263975292444229
3243,0,0.2883704602718353
3244,0,0.5097082257270813
3245,0,0.4726238250732422
3246,0,0.4043046832084656
3247,0,0.1834685057401657
3248,0,0.39330533146858215
3249,0,0.60323566198349
3250,0,0.2312653809785843
3251,0,0.10343344509601593
3252,0,0.44308558106422424
3253,0,0.6843665242195129
3254,0,0.2063223123550415
3255,0,0.321819543838501
3256,0,0.33765217661857605
3257,0,0.5001445412635803
3258,0,0.5086823105812073
3259,0,0.5165573954582214
3260,0,0.583488941192627
3261,0,0.38938382267951965
3262,0,0.4744752049446106
3263,0,0.6605056524276733
3264,0,0.5397382378578186
3265,0,0.7815694808959961
3266,0,0.5169745683670044
3267,0,0.034500159323215485
3268,0,0.37458285689353943
3269,0,0.45882391929626465
3270,0,0.5926470160484314
3271,0,0.509928286075592
3272,0,0.3850691318511963
3273,0,0.044100191444158554
3274,0,0.2514146566390991
3275,0,0.4232688546180725
3276,0,0.1667809933423996
3277,0,0.47560548782348633
3278,0,0.15013529360294342
3279,0,0.833839476108551
3280,0,0.5042955279350281
3281,0,0.1125025525689125
3282,0,0.11106701195240021
3283,0,0.18310897052288055
3284,0,0.5462613701820374
3285,0,0.4970002770423889
3286,0,0.30436015129089355
3287,0,0.35325801372528076
3288,0,0.16892771422863007
3289,0,0.19610901176929474
3290,0,0.4452737867832184
3291,0,0.5918232202529907
3292,0,0.24463841319084167
3293,0,0.47340115904808044
3294,0,0.0465669259428978
3295,0,0.5975907444953918
3296,0,0.07842395454645157
3297,0,0.27306607365608215
3298,0,0.42835214734077454
3299,0,0.6184794902801514
3300,0,0.6045129895210266
3301,0,0.15477538108825684
3302,0,0.42806410789489746
3303,0,0.47714126110076904
3304,0,0.5404872894287109
3305,0,0.357498437166214
3306,0,0.4400232136249542
3307,0,0.47560548782348633
3308,0,0.23881301283836365
3309,0,0.31911522150039673
3310,0,0.5465715527534485
3311,0,0.6425914168357849
3312,0,0.14169934391975403
3313,0,0.09266345947980881
3314,0,0.3517313599586487
3315,0,0.2187131643295288
3316,0,0.056311458349227905
3317,0,0.2503899335861206
3318,0,0.021735453978180885
3319,0,0.6283343434333801
3320,0,0.0949748232960701
3321,0,0.0445064939558506
3322,0,0.04238172993063927
3323,0,0.042167775332927704
3324,0,0.24947111308574677
3325,0,0.5406114459037781
3326,0,0.9405674934387207
3327,0,0.4649510681629181
3328,0,0.10548555850982666
3329,0,0.7467697262763977
3330,0,0.7741392254829407
3331,0,0.3148040175437927
3332,0,0.6569169163703918
3333,0,0.015346473082900047
3334,0,0.17422646284103394
3335,0,0.42703577876091003
3336,0,0.04525236040353775
3337,0,0.5870412588119507
3338,0,0.0424373485147953
3339,0,0.22072909772396088
3340,0,0.8270226120948792
3341,0,0.4604750871658325
3342,0,0.4593987464904785
3343,0,0.256996750831604
3344,0,0.37168368697166443
3345,0,0.05133422091603279
3346,0,0.5854558348655701
3347,0,0.8799047470092773
3348,0,0.3585491180419922
3349,0,0.601187527179718
3350,0,0.0668923556804657
3351,0,0.2506875693798065
3352,0,0.4554506838321686
3353,0,0.3413909077644348
3354,0,0.47560548782348633
3355,0,0.5404604077339172
3356,0,0.4890172779560089
3357,0,0.11983032524585724
3358,0,0.2145565003156662
3359,0,0.1405927985906601
3360,0,0.035873208194971085
3361,0,0.22121469676494598
3362,0,0.6103391051292419
3363,0,0.3160303235054016
3364,0,0.13923785090446472
3365,0,0.0609482005238533
3366,0,0.5086548328399658
3367,0,0.46566978096961975
3368,0,0.2570350170135498
3369,0,0.42627543210983276
3370,0,0.47145912051200867
3371,0,0.7678736448287964
3372,0,0.4293646514415741
3373,0,0.03393407538533211
3374,0,0.47569000720977783
3375,0,0.017126550897955894
3376,0,0.30789831280708313
3377,0,0.19686472415924072
3378,0,0.4739307165145874
3379,0,0.5211517810821533
3380,0,0.2694799602031708
3381,0,0.4326358437538147
3382,0,0.04771270975470543
3383,0,0.30747878551483154
3384,0,0.19633513689041138
3385,0,0.06973792612552643
3386,0,0.5195689797401428
3387,0,0.8118031024932861
3388,0,0.5003131031990051
3389,0,0.1025344580411911
3390,0,0.5623162388801575
3391,0,0.3872701823711395
3392,0,0.5230362415313721
3393,0,0.18609552085399628
3394,0,0.3492561876773834
3395,0,0.1418684720993042
3396,0,0.11179983615875244
3397,0,0.3935825824737549
3398,0,0.4571223258972168
3399,0,0.18846842646598816
3400,0,0.5829129219055176
3401,0,0.4162527322769165
3402,0,0.6043574810028076
3403,0,0.3895457684993744
3404,0,0.2917236387729645
3405,0,0.24728842079639435
3406,0,0.6007267832756042
3407,0,0.44354450702667236
3408,0,0.3469069004058838
3409,0,0.5143868327140808
3410,0,0.0755530372262001
3411,0,0.44568583369255066
3412,0,0.13053950667381287
3413,0,0.1923862248659134
3414,0,0.2880844473838806
3415,0,0.6053830981254578
3416,0,0.8066383600234985
3417,0,0.05219808965921402
3418,0,0.5313558578491211
3419,0,0.26507171988487244
3420,0,0.2206038534641266
3421,0,0.1186523362994194
3422,0,0.7642208337783813
3423,0,0.8734358549118042
3424,0,0.6379961371421814
3425,0,0.42703577876091003
3426,0,0.38420775532722473
3427,0,0.5047875046730042
3428,0,0.5540931820869446
3429,0,0.16967710852622986
3430,0,0.5062801241874695
3431,0,0.14537829160690308
3432,0,0.1285700649023056
3433,0,0.3934396803379059
3434,0,0.49235716462135315
3435,0,0.14830626547336578
3436,0,0.036884039640426636
3437,0,0.2468181699514389
3438,0,0.42703577876091003
3439,0,0.36843398213386536
3440,0,0.2401077002286911
3441,0,0.07845690101385117
3442,0,0.21883611381053925
3443,0,0.14546452462673187
3444,0,0.5281134843826294
3445,0,0.5332316160202026
3446,0,0.2169298380613327
3447,0,0.4643610417842865
3448,0,0.42703577876091003
3449,0,0.283741295337677
3450,0,0.7251840829849243
3451,0,0.6925281882286072
3452,0,0.5748507380485535
3453,0,0.29117128252983093
3454,0,0.33355510234832764
3455,0,0.7794325947761536
3456,0,0.13185235857963562
3457,0,0.3022162616252899
3458,0,0.4282217025756836
3459,0,0.9417678713798523
3460,0,0.4890172779560089
3461,0,0.8234741687774658
3462,0,0.1699804663658142
3463,0,0.19906602799892426
3464,0,0.6824095249176025
3465,0,0.9667942523956299
3466,0,0.04057767614722252
3467,0,0.019228922203183174
3468,0,0.44184261560440063
3469,0,0.5056999325752258
3470,0,0.5003050565719604
3471,0,0.5182278156280518
3472,0,0.1521521955728531
3473,0,0.5916560888290405
3474,0,0.29525235295295715
3475,0,0.6066839694976807
3476,0,0.15809600055217743
3477,0,0.12760865688323975
3478,0,0.3603827953338623
3479,0,0.49123615026474
3480,0,0.4744752049446106
3481,0,0.24801114201545715
3482,0,0.12136600911617279
3483,0,0.34924226999282837
3484,0,0.5592814683914185
3485,0,0.557496190071106
3486,0,0.6169354915618896
3487,0,0.357330858707428
3488,0,0.4340548813343048
3489,0,0.2797749936580658
3490,0,0.43890413641929626
3491,0,0.8150733113288879
3492,0,0.32949280738830566
3493,0,0.8459349870681763
3494,0,0.40160489082336426
3495,0,0.4028259515762329
3496,0,0.12606482207775116
3497,0,0.26253679394721985
3498,0,0.42542412877082825
3499,0,0.4400232136249542
3500,0,0.3221805691719055
3501,0,0.49928808212280273
3502,0,0.5163758397102356
3503,0,0.07219421118497849
3504,0,0.21778246760368347
3505,0,0.3484969437122345
3506,0,0.1715897023677826
3507,0,0.526688277721405
3508,0,0.4282217025756836
3509,0,0.39081618189811707
3510,0,0.8150143027305603
3511,0,0.16268973052501678
3512,0,0.12138047814369202
3513,0,0.39002421498298645
3514,0,0.06194470822811127
3515,0,0.5273841619491577
3516,0,0.26293984055519104
3517,0,0.3397984802722931
3518,0,0.3306218981742859
3519,0,0.47676557302474976
3520,0,0.013268161565065384
3521,0,0.5214743614196777
3522,0,0.40812596678733826
3523,0,0.5823728442192078
3524,0,0.25330209732055664
3525,0,0.40402862429618835
3526,0,0.4400232136249542
3527,0,0.3969459533691406
3528,0,0.02322251722216606
3529,0,0.2967812716960907
3530,0,0.6527672410011292
3531,0,0.525500476360321
3532,0,0.4384984076023102
3533,0,0.5686554908752441
3534,0,0.2757059335708618
3535,0,0.5977784395217896
3536,0,0.3823776841163635
3537,0,0.5921608805656433
3538,0,0.8650638461112976
3539,0,0.09361199289560318
3540,0,0.1914924681186676
3541,0,0.3017265498638153
3542,0,0.38934841752052307
3543,0,0.3478100001811981
3544,0,0.5677265524864197
3545,0,0.44161278009414673
3546,0,0.15962791442871094
3547,0,0.18205037713050842
3548,0,0.09892981499433517
3549,0,0.31795600056648254
3550,0,0.7820522785186768
3551,0,0.5543054938316345
3552,0,0.5286206603050232
3553,0,0.3894492983818054
3554,0,0.15225744247436523
3555,0,0.16801217198371887
3556,0,0.13994526863098145
3557,0,0.42703577876091003
3558,0,0.6593503952026367
3559,0,0.18167997896671295
3560,0,0.7826027870178223
3561,0,0.39302337169647217
3562,0,0.5237002968788147
3563,0,0.4931005537509918
3564,0,0.2858373820781708
3565,0,0.05760340020060539
3566,0,0.1409718096256256
3567,0,0.3752000331878662
3568,0,0.04828464984893799
3569,0,0.056288328021764755
3570,0,0.8546726107597351
3571,0,0.147479847073555
3572,0,0.15689080953598022
3573,0,0.3772396743297577
3574,0,0.24884125590324402
3575,0,0.15848729014396667
3576,0,0.8535321354866028
3577,0,0.5150978565216064
3578,0,0.38247352838516235
3579,0,0.16645367443561554
3580,0,0.5435070395469666
3581,0,0.7166032791137695
3582,0,0.5630592703819275
3583,0,0.5464594960212708
3584,0,0.5306692123413086
3585,0,0.2458440512418747
3586,0,0.36017343401908875
3587,0,0.5042689442634583
3588,0,0.46139439940452576
3589,0,0.9309532046318054
3590,0,0.060144808143377304
3591,0,0.45234423875808716
3592,0,0.2544245421886444
3593,0,0.01629967801272869
3594,0,0.4138404428958893
3595,0,0.31740322709083557
3596,0,0.09448269754648209
3597,0,0.131368950009346
3598,0,0.36483344435691833
3599,0,0.12001938372850418
3600,0,0.2741241455078125
3601,0,0.2889634668827057
3602,0,0.02626696228981018
3603,0,0.45949631929397583
3604,0,0.2873890995979309
3605,0,0.1757056564092636
3606,0,0.2330564558506012
3607,0,0.41563186049461365
3608,0,0.049539078027009964
3609,0,0.15911656618118286
3610,0,0.27937179803848267
3611,0,0.32454922795295715
3612,0,0.22496409714221954
3613,0,0.589819073677063
3614,0,0.6606425046920776
3615,0,0.3374570310115814
3616,0,0.6026125550270081
3617,0,0.25023940205574036
3618,0,0.14772291481494904
3619,0,0.06804600358009338
3620,0,0.09716538339853287
3621,0,0.3900948166847229
3622,0,0.6417772769927979
3623,0,0.18800674378871918
3624,0,0.6120672225952148
3625,0,0.13587379455566406
3626,0,0.6253127455711365
3627,0,0.1335320770740509
3628,0,0.6974292993545532
3629,0,0.23923952877521515
3630,0,0.19966274499893188
3631,0,0.22997674345970154
3632,0,0.3703407645225525
3633,0,0.3802137076854706
3634,0,0.05330885574221611
3635,0,0.11356821656227112
3636,0,0.8786009550094604
3637,0,0.31883350014686584
3638,0,0.05130429565906525
3639,0,0.25442442297935486
3640,0,0.7568131685256958
3641,0,0.4774625897407532
3642,0,0.4800986349582672
3643,0,0.3417496681213379
3644,0,0.305030882358551
3645,0,0.5117128491401672
3646,0,0.5867915153503418
3647,0,0.03398152068257332
3648,0,0.318997859954834
3649,0,0.48167526721954346
3650,0,0.14318938553333282
3651,0,0.522084653377533
3652,0,0.3086361587047577
3653,0,0.7688741683959961
3654,0,0.3082028329372406
3655,0,0.8317072987556458
3656,0,0.38945361971855164
3657,0,0.1629675030708313
3658,0,0.1723422259092331
3659,0,0.01444080751389265
3660,0,0.2606436312198639
3661,0,0.24642544984817505
3662,0,0.261297345161438
3663,0,0.3832714855670929
3664,0,0.03318960592150688
3665,0,0.5622624158859253
3666,0,0.06426374614238739
3667,0,0.2555408179759979
3668,0,0.1955087035894394
3669,0,0.621536374092102
3670,0,0.73989337682724
3671,0,0.7243732213973999
3672,0,0.4431006610393524
3673,0,0.18757455050945282
3674,0,0.24238048493862152
3675,0,0.8516424894332886
3676,0,0.39616870880126953
3677,0,0.5406643152236938
3678,0,0.4589785635471344
3679,0,0.05716687813401222
3680,0,0.17118734121322632
3681,0,0.8181602954864502
3682,0,0.1648770272731781
3683,0,0.8053538799285889
3684,0,0.1569492369890213
3685,0,0.37924253940582275
3686,0,0.5527583956718445
3687,0,0.015598108991980553
3688,0,0.060392994433641434
3689,0,0.49274516105651855
3690,0,0.4212077260017395
3691,0,0.42835214734077454
3692,0,0.27329176664352417
3693,0,0.47308847308158875
3694,0,0.4890172779560089
3695,0,0.5914421677589417
3696,0,0.14493905007839203
3697,0,0.24746698141098022
3698,0,0.500784158706665
3699,0,0.23102249205112457
3700,0,0.42835214734077454
3701,0,0.1360880583524704
3702,0,0.024122556671500206
3703,0,0.5479791164398193
3704,0,0.03311614692211151
3705,0,0.5972784757614136
3706,0,0.37035778164863586
3707,0,0.3667106032371521
3708,0,0.6150315403938293
3709,0,0.2653926610946655
3710,0,0.4516371786594391
3711,0,0.3316681683063507
3712,0,0.47516798973083496
3713,0,0.09602314978837967
3714,0,0.08242469280958176
3715,0,0.23954403400421143
3716,0,0.23399996757507324
3717,0,0.6762951612472534
3718,0,0.5488914251327515
3719,0,0.21895432472229004
3720,0,0.15800538659095764
3721,0,0.16281145811080933
3722,0,0.95208340883255
3723,0,0.27939122915267944
3724,0,0.03086339309811592
3725,0,0.43142810463905334
3726,0,0.3172887861728668
3727,0,0.3069469928741455
3728,0,0.2611023783683777
3729,0,0.48013898730278015
3730,0,0.4915110766887665
3731,0,0.1122947484254837
3732,0,0.7948410511016846
3733,0,0.49105867743492126
3734,0,0.13172632455825806
3735,0,0.7941724061965942
3736,0,0.026678433641791344
3737,0,0.6672162413597107
3738,0,0.3357776999473572
3739,0,0.5734396576881409
3740,0,0.032573409378528595
3741,0,0.41162022948265076
3742,0,0.9133365750312805
3743,0,0.38423600792884827
3744,0,0.49730369448661804
3745,0,0.19707763195037842
3746,0,0.480719655752182
3747,0,0.42422160506248474
3748,0,0.06423083692789078
3749,0,0.08273560553789139
3750,0,0.4143337607383728
3751,0,0.6557888388633728
3752,0,0.41394397616386414
3753,0,0.5821642875671387
3754,0,0.47425729036331177
3755,0,0.24503938853740692
3756,0,0.16450446844100952
3757,0,0.5200992226600647
3758,0,0.4413032829761505
3759,0,0.5244039297103882
3760,0,0.274801641702652
3761,0,0.36700907349586487
3762,0,0.7036488056182861
3763,0,0.4662550985813141
3764,0,0.7163777351379395
3765,0,0.29340577125549316
3766,0,0.26523804664611816
3767,0,0.051408663392066956
3768,0,0.2563053071498871
3769,0,0.4813062250614166
3770,0,0.27799445390701294
3771,0,0.551121175289154
3772,0,0.345781147480011
3773,0,0.0560099296271801
3774,0,0.42703577876091003
3775,0,0.12409015744924545
3776,0,0.39665573835372925
3777,0,0.23401817679405212
3778,0,0.1540757566690445
3779,0,0.46705693006515503
3780,0,0.4744752049446106
3781,0,0.3105512857437134
3782,0,0.19298376142978668
3783,0,0.5716577172279358
3784,0,0.544527530670166
3785,0,0.07701877504587173
3786,0,0.5832785367965698
3787,0,0.4992663860321045
3788,0,0.2324609011411667
3789,0,0.19483326375484467
3790,0,0.36060550808906555
3791,0,0.1771714985370636
3792,0,0.4597305655479431
3793,0,0.06194658204913139
3794,0,0.6140186190605164
3795,0,0.46858957409858704
3796,0,0.5212721228599548
3797,0,0.05355352163314819
3798,0,0.5739520192146301
3799,0,0.04598458111286163
3800,0,0.39398622512817383
3801,0,0.20593270659446716
3802,0,0.5978561639785767
3803,0,0.48693224787712097
3804,0,0.4491945207118988
3805,0,0.7182202935218811
3806,0,0.47165846824645996
3807,0,0.8957517743110657
3808,0,0.02118290774524212
3809,0,0.0944688692688942
3810,0,0.6119225025177002
3811,0,0.1447228342294693
3812,0,0.06259133666753769
3813,0,0.25847092270851135
3814,0,0.42703577876091003
3815,0,0.06806748360395432
3816,0,0.2729738652706146
3817,0,0.7884008884429932
3818,0,0.5139689445495605
3819,0,0.08857431262731552
3820,0,0.2331138700246811
3821,0,0.37440598011016846
3822,0,0.35657331347465515
3823,0,0.6932411193847656
3824,0,0.24241438508033752
3825,0,0.1881479173898697
3826,0,0.7127119302749634
3827,0,0.34285828471183777
3828,0,0.6270326972007751
3829,0,0.5526564121246338
3830,0,0.08078616112470627
3831,0,0.6233377456665039
3832,0,0.4347909092903137
3833,0,0.4684045910835266
3834,0,0.4282217025756836
3835,0,0.4547633230686188
3836,0,0.7602176666259766
3837,0,0.21390971541404724
3838,0,0.33812734484672546
3839,0,0.9400798678398132
3840,0,0.14134842157363892
3841,0,0.4899234175682068
3842,0,0.8536821603775024
3843,0,0.11620074510574341
3844,0,0.08510314673185349
3845,0,0.5754179358482361
3846,0,0.27765581011772156
3847,0,0.41559770703315735
3848,0,0.04190121591091156
3849,0,0.3516678214073181
3850,0,0.1960788518190384
3851,0,0.3844645321369171
3852,0,0.462308406829834
3853,0,0.7359534502029419
3854,0,0.2689983546733856
3855,0,0.265886515378952
3856,0,0.06382224708795547
3857,0,0.6092337965965271
3858,0,0.017005641013383865
3859,0,0.6435945630073547
3860,0,0.1660960614681244
3861,0,0.7808170318603516
3862,0,0.30794379115104675
3863,0,0.2659718692302704
3864,0,0.0807243213057518
3865,0,0.4801519513130188
3866,0,0.553953230381012
3867,0,0.28835445642471313
3868,0,0.4620737135410309
3869,0,0.7150887846946716
3870,0,0.610331118106842
3871,0,0.3582548201084137
3872,0,0.8894658088684082
3873,0,0.31370487809181213
3874,0,0.20237305760383606
3875,0,0.513412356376648
3876,0,0.6251268982887268
3877,0,0.19746141135692596
3878,0,0.3281889259815216
3879,0,0.02839304693043232
3880,0,0.5188719630241394
3881,0,0.44973358511924744
3882,0,0.24655205011367798
3883,0,0.27223649621009827
3884,0,0.252909392118454
3885,0,0.17824754118919373
3886,0,0.29019877314567566
3887,0,0.5762636661529541
3888,0,0.30720779299736023
3889,0,0.3986739218235016
3890,0,0.1269642561674118
3891,0,0.5229011178016663
3892,0,0.6654506325721741
3893,0,0.5998580455780029
3894,0,0.26173877716064453
3895,0,0.195448637008667
3896,0,0.4283018112182617
3897,0,0.38525089621543884
3898,0,0.7162843346595764
3899,0,0.5572783350944519
3900,0,0.4952569007873535
3901,0,0.6014499664306641
3902,0,0.3147910237312317
3903,0,0.3345881402492523
3904,0,0.7073453664779663
3905,0,0.0705781877040863
3906,0,0.9089818596839905
3907,0,0.17992156744003296
3908,0,0.46258828043937683
3909,0,0.38543131947517395
3910,0,0.08197818696498871
3911,0,0.08814507722854614
3912,0,0.6443179249763489
3913,0,0.04534749314188957
3914,0,0.5292516350746155
3915,0,0.01418917067348957
3916,0,0.3025760352611542
3917,0,0.6386136412620544
3918,0,0.06082276627421379
3919,0,0.6319283843040466
3920,0,0.04520457983016968
3921,0,0.5943871140480042
3922,0,0.47555309534072876
3923,0,0.8231961727142334
3924,0,0.09444739669561386
3925,0,0.269887775182724
3926,0,0.28859224915504456
3927,0,0.7886448502540588
3928,0,0.5149415135383606
3929,0,0.4400525987148285
3930,0,0.3175738751888275
3931,0,0.42818760871887207
3932,0,0.571190357208252
3933,0,0.4790796637535095
3934,0,0.15166006982326508
3935,0,0.6803673505783081
3936,0,0.5679874420166016
3937,0,0.26137852668762207
3938,0,0.07346900552511215
3939,0,0.32095959782600403
3940,0,0.21692369878292084
3941,0,0.26906222105026245
3942,0,0.30590683221817017
3943,0,0.01207282766699791
3944,0,0.6068179607391357
3945,0,0.5472521781921387
3946,0,0.524551510810852
3947,0,0.5162241458892822
3948,0,0.4400525987148285
3949,0,0.2326568365097046
3950,0,0.182930588722229
3951,0,0.35273227095603943
3952,0,0.16894543170928955
3953,0,0.6771906614303589
3954,0,0.7196739912033081
3955,0,0.33879607915878296
3956,0,0.09306181222200394
3957,0,0.029892198741436005
3958,0,0.17268896102905273
3959,0,0.4001505970954895
3960,0,0.17634440958499908
3961,0,0.004853822756558657
3962,0,0.5305578708648682
3963,0,0.36466386914253235
3964,0,0.2809869050979614
3965,0,0.06500119715929031
3966,0,0.036525022238492966
3967,0,0.4253249764442444
3968,0,0.5892385244369507
3969,0,0.4696332514286041
3970,0,0.5529248714447021
3971,0,0.2885628342628479
3972,0,0.4213427007198334
3973,0,0.1623208224773407
3974,0,0.8952516317367554
3975,0,0.7704193592071533
3976,0,0.7300721406936646
3977,0,0.8038939237594604
3978,0,0.36954158544540405
3979,0,0.6493088603019714
3980,1,0.5077807307243347
3981,1,0.47555309534072876
3982,1,0.6787169575691223
3983,1,0.6170355081558228
