index,y_true,y_pred_oof
0,1,0.845863938331604
1,1,0.9340111017227173
2,1,0.8132814764976501
3,1,0.7859659194946289
4,1,0.4637799561023712
5,1,0.11109081655740738
6,1,0.08098424971103668
7,1,0.40451332926750183
8,1,0.8037469983100891
9,1,0.6974052786827087
10,1,0.5225855112075806
11,1,0.7431665658950806
12,1,0.6227222681045532
13,1,0.990273654460907
14,1,0.9452185034751892
15,1,0.6603595614433289
16,1,0.8104627728462219
17,1,0.4462468922138214
18,1,0.9012190103530884
19,1,0.9315995573997498
20,1,0.8951780796051025
21,1,0.8975083827972412
22,1,0.8077012300491333
23,1,0.8871690034866333
24,1,0.946276843547821
25,1,0.5306821465492249
26,1,0.8770581483840942
27,1,0.5704546570777893
28,1,0.9783395528793335
29,1,0.9746324419975281
30,1,0.7619513273239136
31,1,0.8224369287490845
32,1,0.95908123254776
33,1,0.4111241400241852
34,1,0.5757324695587158
35,1,0.8775936365127563
36,1,0.8241950869560242
37,1,0.9630668759346008
38,1,0.9302963614463806
39,1,0.8662132024765015
40,1,0.997622549533844
41,1,0.7726841568946838
42,1,0.16635599732398987
43,1,0.39012137055397034
44,1,0.9344658255577087
45,1,0.9184277057647705
46,1,0.6455428004264832
47,1,0.8457884788513184
48,1,0.7783240079879761
49,1,0.90091472864151
50,1,0.89810711145401
51,1,0.6220876574516296
52,1,0.9237115383148193
53,1,0.9038282632827759
54,1,0.7928520441055298
55,1,0.9343186616897583
56,1,0.4371562898159027
57,1,0.2860729992389679
58,1,0.19079257547855377
59,1,0.9312691688537598
60,1,0.5751062035560608
61,1,0.8457970023155212
62,1,0.14288218319416046
63,1,0.7160952687263489
64,1,0.8327742218971252
65,1,0.7962744235992432
66,1,0.9254790544509888
67,1,0.4517236649990082
68,1,0.7275319695472717
69,1,0.8476872444152832
70,1,0.40468356013298035
71,1,0.9585984945297241
72,1,0.5435152649879456
73,1,0.41616228222846985
74,1,0.8125321865081787
75,1,0.8118992447853088
76,1,0.7658967971801758
77,1,0.9231228828430176
78,1,0.5815736651420593
79,1,0.2327890694141388
80,1,0.9802903532981873
81,1,0.5351302027702332
82,1,0.8533018827438354
83,1,0.5577159523963928
84,1,0.8599133491516113
85,1,0.34875261783599854
86,1,0.6471439003944397
87,1,0.06552255898714066
88,1,0.8989070653915405
89,1,0.8245016932487488
90,1,0.670120358467102
91,1,0.9736838936805725
92,1,0.9280948042869568
93,1,0.6083482503890991
94,1,0.9478837251663208
95,1,0.8406304121017456
96,1,0.9606053233146667
97,1,0.988958477973938
98,1,0.9509841203689575
99,1,0.8996561169624329
100,1,0.8973236680030823
101,1,0.9475480914115906
102,1,0.31307557225227356
103,1,0.4779292345046997
104,1,0.8748375177383423
105,1,0.8666985630989075
106,1,0.9604814648628235
107,1,0.6927886009216309
108,1,0.44621244072914124
109,1,0.9782128930091858
110,1,0.9894759654998779
111,1,0.9816961288452148
112,1,0.9380982518196106
113,1,0.6852826476097107
114,1,0.8109884858131409
115,1,0.40497076511383057
116,1,0.6669150590896606
117,1,0.8960943222045898
118,1,0.0932878702878952
119,1,0.7951411008834839
120,1,0.5869139432907104
121,1,0.7309954762458801
122,1,0.9002853035926819
123,1,0.8400049805641174
124,1,0.9139032959938049
125,1,0.7433991432189941
126,1,0.5326449275016785
127,1,0.5524578094482422
128,1,0.9643350839614868
129,1,0.942268967628479
130,1,0.9871854186058044
131,1,0.7755206227302551
132,1,0.11461053043603897
133,1,0.9213424324989319
134,1,0.6068094372749329
135,1,0.23870371282100677
136,1,0.894153356552124
137,1,0.8749246001243591
138,1,0.7031556963920593
139,1,0.8921164870262146
140,1,0.22238929569721222
141,1,0.969150960445404
142,1,0.5246482491493225
143,1,0.9068772196769714
144,1,0.9532206058502197
145,1,0.3801937997341156
146,1,0.94831383228302
147,1,0.8289337158203125
148,1,0.9784819483757019
149,1,0.5329312682151794
150,1,0.6188279986381531
151,1,0.9341244697570801
152,1,0.6065613627433777
153,1,0.09310988336801529
154,1,0.9271067380905151
155,1,0.8521344065666199
156,1,0.9673847556114197
157,1,0.9881337285041809
158,1,0.46534982323646545
159,1,0.6839878559112549
160,1,0.9426831007003784
161,1,0.4152648448944092
162,1,0.3634233772754669
163,1,0.308560311794281
164,1,0.9501619338989258
165,1,0.879120945930481
166,1,0.9956839084625244
167,1,0.9894262552261353
168,1,0.9905809760093689
169,1,0.7677316069602966
170,1,0.37638789415359497
171,1,0.9908769726753235
172,1,0.4135000705718994
173,1,0.8804436922073364
174,1,0.6704949736595154
175,1,0.5387601256370544
176,1,0.9749355912208557
177,1,0.9751203060150146
178,1,0.6079035997390747
179,1,0.9947925209999084
180,1,0.7358898520469666
181,1,0.5918369293212891
182,1,0.9936019778251648
183,1,0.6964271664619446
184,1,0.849574089050293
185,1,0.8385706543922424
186,1,0.9914515614509583
187,1,0.9100503921508789
188,1,0.06564479321241379
189,1,0.8310858011245728
190,1,0.9914358258247375
191,1,0.8863933086395264
192,1,0.9845659136772156
193,1,0.19389604032039642
194,1,0.8709743022918701
195,1,0.9850501418113708
196,1,0.4606201648712158
197,1,0.8987782001495361
198,1,0.5180686116218567
199,1,0.6655731201171875
200,1,0.9502032399177551
201,1,0.8485904932022095
202,1,0.8793665170669556
203,1,0.4517017900943756
204,1,0.9900805354118347
205,1,0.10917641967535019
206,1,0.5725916624069214
207,1,0.7754086256027222
208,1,0.9054359793663025
209,1,0.8892868161201477
210,1,0.660395622253418
211,1,0.38254740834236145
212,1,0.03324149176478386
213,1,0.7783582210540771
214,1,0.7119374871253967
215,1,0.6259676218032837
216,1,0.990959644317627
217,1,0.37768974900245667
218,1,0.9244862794876099
219,1,0.9270362257957458
220,1,0.7120949625968933
221,1,0.8828384280204773
222,1,0.9560423493385315
223,1,0.9856926202774048
224,1,0.9627276659011841
225,1,0.5421950817108154
226,1,0.9269729852676392
227,1,0.7128829956054688
228,1,0.5405334830284119
229,1,0.8214340209960938
230,1,0.9129766225814819
231,1,0.020415710285305977
232,1,0.7832228541374207
233,1,0.4293370544910431
234,1,0.7827695608139038
235,1,0.9502165913581848
236,1,0.6949817538261414
237,1,0.9917588829994202
238,1,0.6553224921226501
239,1,0.7523127794265747
240,1,0.3520384728908539
241,1,0.978318452835083
242,1,0.29140037298202515
243,1,0.690172016620636
244,1,0.024833811447024345
245,1,0.979215681552887
246,1,0.9780654311180115
247,1,0.15582497417926788
248,1,0.675966739654541
249,1,0.4171921908855438
250,1,0.9296634197235107
251,1,0.6875006556510925
252,1,0.8078327775001526
253,1,0.8089330792427063
254,1,0.5435742139816284
255,1,0.9653440117835999
256,1,0.6139832139015198
257,1,0.9685746431350708
258,1,0.9069750905036926
259,1,0.6883810758590698
260,1,0.853460431098938
261,1,0.9692574143409729
262,1,0.7503018975257874
263,1,0.9863991737365723
264,1,0.5810866951942444
265,1,0.9483718872070312
266,1,0.12653160095214844
267,1,0.5097411274909973
268,1,0.8624885082244873
269,1,0.6704949736595154
270,1,0.42126500606536865
271,1,0.7649455070495605
272,1,0.6775809526443481
273,1,0.3193031847476959
274,1,0.3530890643596649
275,1,0.545282244682312
276,1,0.9363999366760254
277,1,0.4770349860191345
278,1,0.5053516626358032
279,1,0.05792127177119255
280,1,0.27216899394989014
281,1,0.16409514844417572
282,1,0.28731730580329895
283,1,0.5593911409378052
284,1,0.754820704460144
285,1,0.8421315550804138
286,1,0.3819981813430786
287,1,0.2821100652217865
288,1,0.6234172582626343
289,1,0.16076189279556274
290,1,0.7028210759162903
291,1,0.03381918743252754
292,1,0.4841167628765106
293,1,0.5261132121086121
294,1,0.4905277490615845
295,1,0.4743719696998596
296,1,0.994513750076294
297,1,0.4370926022529602
298,1,0.8968905210494995
299,1,0.6744030117988586
300,1,0.9861688017845154
301,1,0.9702695608139038
302,1,0.26195046305656433
303,1,0.9484761953353882
304,1,0.9209097027778625
305,1,0.40763360261917114
306,1,0.4884905517101288
307,1,0.9704988598823547
308,1,0.9883037805557251
309,1,0.4187361001968384
310,1,0.4709669053554535
311,1,0.3710809648036957
312,1,0.5351016521453857
313,1,0.6649974584579468
314,1,0.9579713344573975
315,1,0.5049781799316406
316,1,0.7719001770019531
317,1,0.7636994123458862
318,1,0.8103060722351074
319,1,0.5686212182044983
320,1,0.9495133757591248
321,1,0.35290777683258057
322,1,0.909967303276062
323,1,0.8854730725288391
324,1,0.7159784436225891
325,1,0.9827619194984436
326,1,0.7420053482055664
327,1,0.7835462689399719
328,1,0.8564188480377197
329,1,0.8766089677810669
330,1,0.9352186322212219
331,1,0.9610931873321533
332,1,0.9792410731315613
333,1,0.9624269008636475
334,1,0.7558854818344116
335,1,0.7588598132133484
336,1,0.9820104241371155
337,1,0.7331326603889465
338,1,0.6646277904510498
339,1,0.9722020030021667
340,1,0.9955703616142273
341,1,0.9943718910217285
342,1,0.9817626476287842
343,1,0.9833171963691711
344,1,0.9941176176071167
345,1,0.9393484592437744
346,1,0.9681052565574646
347,1,0.981866717338562
348,1,0.7195740938186646
349,1,0.9131361842155457
350,1,0.6545835733413696
351,1,0.8524746298789978
352,1,0.864372968673706
353,1,0.4641147255897522
354,1,0.1694289743900299
355,1,0.2589338719844818
356,1,0.5075806379318237
357,1,0.9477744698524475
358,1,0.9045056700706482
359,1,0.9314325451850891
360,1,0.752509355545044
361,1,0.9745886325836182
362,1,0.9872122406959534
363,1,0.9751278758049011
364,1,0.24739289283752441
365,1,0.9744874238967896
366,1,0.8632205128669739
367,1,0.9942561984062195
368,1,0.7725560069084167
369,1,0.9834580421447754
370,1,0.9580082893371582
371,1,0.9814208149909973
372,1,0.4662996828556061
373,1,0.980226993560791
374,1,0.7691942453384399
375,1,0.9422253966331482
376,1,0.953010618686676
377,1,0.9815813302993774
378,1,0.8777571320533752
379,1,0.9313917756080627
380,1,0.9334180951118469
381,1,0.9950035214424133
382,1,0.5290669798851013
383,1,0.9121655225753784
384,1,0.9669570922851562
385,1,0.8536895513534546
386,1,0.8145449161529541
387,1,0.8596318364143372
388,1,0.7397710084915161
389,1,0.8458812832832336
390,1,0.8056552410125732
391,1,0.8686181902885437
392,1,0.8597250580787659
393,1,0.2099446952342987
394,1,0.18564458191394806
395,1,0.25269392132759094
396,1,0.7701760530471802
397,1,0.4475178122520447
398,1,0.24808941781520844
399,1,0.7434993982315063
400,1,0.8183755278587341
401,1,0.8837445974349976
402,1,0.795296847820282
403,1,0.8481133580207825
404,1,0.9178666472434998
405,1,0.827777087688446
406,1,0.6631434559822083
407,1,0.8349299430847168
408,1,0.021974556148052216
409,1,0.3218369781970978
410,1,0.42810526490211487
411,1,0.8741288185119629
412,1,0.5596628785133362
413,1,0.09019027650356293
414,1,0.2710973918437958
415,1,0.36756834387779236
416,1,0.06610944122076035
417,1,0.31316041946411133
418,1,0.4155541956424713
419,1,0.371996134519577
420,1,0.8252606987953186
421,1,0.1336744725704193
422,1,0.7198615074157715
423,1,0.19755561649799347
424,1,0.6216326355934143
425,1,0.4385245442390442
426,1,0.4705265760421753
427,1,0.44602102041244507
428,1,0.47811052203178406
429,1,0.7215768694877625
430,1,0.42223820090293884
431,1,0.55659419298172
432,1,0.529568612575531
433,1,0.517467200756073
434,1,0.6660205721855164
435,1,0.8608916401863098
436,1,0.9227233529090881
437,1,0.504191517829895
438,1,0.9731044769287109
439,1,0.9736782312393188
440,1,0.9395460486412048
441,1,0.9849219918251038
442,1,0.9364846348762512
443,1,0.7663681507110596
444,1,0.8419877886772156
445,1,0.8835394382476807
446,1,0.6530011892318726
447,1,0.8369116187095642
448,1,0.8249531388282776
449,1,0.9269021153450012
450,1,0.7203583717346191
451,1,0.8280975222587585
452,1,0.89460688829422
453,1,0.7121903300285339
454,1,0.7862157225608826
455,1,0.9783313274383545
456,1,0.9831294417381287
457,1,0.9640396237373352
458,1,0.9784155488014221
459,1,0.9337975978851318
460,1,0.7147046327590942
461,1,0.95302414894104
462,1,0.9715526700019836
463,1,0.7993531227111816
464,1,0.975393533706665
465,1,0.8474065661430359
466,1,0.9382766485214233
467,1,0.7868836522102356
468,1,0.9276957511901855
469,1,0.9161016345024109
470,1,0.9595308303833008
471,1,0.9345474243164062
472,1,0.9806612730026245
473,1,0.9581514000892639
474,1,0.898125410079956
475,1,0.9858896732330322
476,1,0.748332679271698
477,1,0.9867047071456909
478,1,0.9510141611099243
479,1,0.7475243210792542
480,1,0.19611991941928864
481,1,0.9847297072410583
482,1,0.9887410998344421
483,1,0.974060595035553
484,1,0.9520525336265564
485,1,0.9655600190162659
486,1,0.9682088494300842
487,1,0.9918646216392517
488,1,0.8896738290786743
489,1,0.9418154358863831
490,1,0.6992664933204651
491,1,0.9386184811592102
492,1,0.7499192357063293
493,1,0.8672091960906982
494,1,0.9772547483444214
495,1,0.8861314654350281
496,1,0.49214693903923035
497,1,0.462157666683197
498,1,0.3324648141860962
499,1,0.987093985080719
500,1,0.8233179450035095
501,1,0.7713108658790588
502,1,0.3474583029747009
503,1,0.7273956537246704
504,1,0.34677913784980774
505,1,0.8524906635284424
506,1,0.8229157328605652
507,1,0.20669369399547577
508,1,0.7397856116294861
509,1,0.7242417335510254
510,1,0.6188986897468567
511,1,0.9086828231811523
512,1,0.21110527217388153
513,1,0.3487122058868408
514,1,0.10270746052265167
515,1,0.30976954102516174
516,1,0.030561747029423714
517,1,0.8645138740539551
518,1,0.5979248285293579
519,1,0.8497980237007141
520,1,0.0366319864988327
521,1,0.20960259437561035
522,1,0.3396645784378052
523,1,0.5689852237701416
524,1,0.8748588562011719
525,1,0.04410804063081741
526,1,0.7135726809501648
527,1,0.11731485277414322
528,1,0.21390879154205322
529,1,0.8030974268913269
530,1,0.07143613696098328
531,1,0.09299309551715851
532,1,0.8035296201705933
533,1,0.23095476627349854
534,1,0.9122870564460754
535,1,0.9134964942932129
536,1,0.5436651110649109
537,1,0.9215644001960754
538,1,0.8593411445617676
539,1,0.6534427404403687
540,1,0.5814706683158875
541,1,0.5337940454483032
542,1,0.6808478832244873
543,1,0.49682512879371643
544,1,0.47357210516929626
545,1,0.8212287425994873
546,1,0.43531864881515503
547,1,0.5008943676948547
548,1,0.8431641459465027
549,1,0.7080554366111755
550,1,0.5694687962532043
551,1,0.8440815210342407
552,1,0.44188764691352844
553,1,0.680357813835144
554,1,0.5437578558921814
555,1,0.7403213977813721
556,1,0.8657184839248657
557,1,0.5854861736297607
558,1,0.1448107212781906
559,1,0.6417874693870544
560,1,0.9278266429901123
561,1,0.6844213008880615
562,1,0.8853195309638977
563,1,0.8009411096572876
564,1,0.38462260365486145
565,1,0.941579282283783
566,1,0.9119575023651123
567,1,0.9546068906784058
568,1,0.8594258427619934
569,1,0.08767777681350708
570,1,0.855970561504364
571,1,0.9107766151428223
572,1,0.9873872399330139
573,1,0.7051853537559509
574,1,0.9918851852416992
575,1,0.8743520379066467
576,1,0.029511168599128723
577,1,0.9906513690948486
578,1,0.7531192898750305
579,1,0.9609329104423523
580,1,0.9889971017837524
581,1,0.9665841460227966
582,1,0.9599581956863403
583,1,0.9051516652107239
584,1,0.3633270263671875
585,1,0.06545208394527435
586,1,0.3701232373714447
587,1,0.9919561147689819
588,1,0.8615033626556396
589,1,0.8162777423858643
590,1,0.47645431756973267
591,1,0.7608150839805603
592,1,0.7939363718032837
593,1,0.864289402961731
594,1,0.9466596841812134
595,1,0.7580575346946716
596,1,0.9803732633590698
597,1,0.5908814668655396
598,1,0.9044826626777649
599,1,0.8345242738723755
600,1,0.9845536947250366
601,1,0.957420825958252
602,1,0.9652627110481262
603,1,0.9820075631141663
604,1,0.9884942173957825
605,1,0.9464171528816223
606,1,0.9435575604438782
607,1,0.8036984801292419
608,1,0.9363028407096863
609,1,0.8924062252044678
610,1,0.516281247138977
611,1,0.6481454372406006
612,1,0.9907466173171997
613,1,0.9030748605728149
614,1,0.9736989140510559
615,1,0.5402028560638428
616,1,0.6841723322868347
617,1,0.9868412017822266
618,1,0.630465030670166
619,1,0.8918793797492981
620,1,0.658542275428772
621,1,0.5197998881340027
622,1,0.7942732572555542
623,1,0.7622330784797668
624,1,0.7822329998016357
625,1,0.8613440990447998
626,1,0.8365370631217957
627,1,0.8535010814666748
628,1,0.7917440533638
629,1,0.9308926463127136
630,1,0.9722083210945129
631,1,0.8564222455024719
632,1,0.8378152251243591
633,1,0.8345455527305603
634,1,0.6634438633918762
635,1,0.8491706848144531
636,1,0.9403584599494934
637,1,0.5563473105430603
638,1,0.7501816749572754
639,1,0.4610348343849182
640,1,0.579245924949646
641,1,0.8657314777374268
642,1,0.9515937566757202
643,1,0.8785237669944763
644,1,0.9625827074050903
645,1,0.9881667494773865
646,1,0.9830117225646973
647,1,0.9601075053215027
648,1,0.9783558249473572
649,1,0.9436975717544556
650,1,0.9332278966903687
651,1,0.8168769478797913
652,1,0.9010379314422607
653,1,0.555912971496582
654,1,0.7775266170501709
655,1,0.38381427526474
656,1,0.7252189517021179
657,1,0.4890553653240204
658,1,0.9794158935546875
659,1,0.9940897226333618
660,1,0.009959520772099495
661,1,0.5433138608932495
662,1,0.9646152853965759
663,1,0.7743129730224609
664,1,0.7781278491020203
665,1,0.7526535391807556
666,1,0.8826197385787964
667,1,0.6224086880683899
668,1,0.8931751251220703
669,1,0.932506263256073
670,1,0.8459848165512085
671,1,0.8539369702339172
672,1,0.6474443078041077
673,1,0.7605352401733398
674,1,0.903675377368927
675,1,0.9940083026885986
676,1,0.7884034514427185
677,1,0.9917429089546204
678,1,0.9927324652671814
679,1,0.9781961441040039
680,1,0.9818587303161621
681,1,0.7940443754196167
682,1,0.9898625612258911
683,1,0.5734565854072571
684,1,0.9395807385444641
685,1,0.9833358526229858
686,1,0.9893468022346497
687,1,0.9944552779197693
688,1,0.3860921859741211
689,1,0.29151520133018494
690,1,0.8200756311416626
691,1,0.9764665961265564
692,1,0.9737896919250488
693,1,0.9674596786499023
694,1,0.7567566633224487
695,1,0.7292916178703308
696,1,0.6610997915267944
697,1,0.619925320148468
698,1,0.6646732091903687
699,1,0.9610766768455505
700,1,0.9513152241706848
701,1,0.9144884347915649
702,1,0.6742187142372131
703,1,0.8186421990394592
704,1,0.9659656286239624
705,1,0.9362431168556213
706,1,0.9249821901321411
707,1,0.6044133305549622
708,1,0.1481521725654602
709,1,0.90024733543396
710,1,0.9873003363609314
711,1,0.9344290494918823
712,1,0.5727449655532837
713,1,0.19976134598255157
714,1,0.6912398934364319
715,1,0.037186477333307266
716,1,0.8835616707801819
717,1,0.7084888219833374
718,1,0.08562768250703812
719,1,0.19830144941806793
720,1,0.4470897912979126
721,1,0.152422234416008
722,1,0.2607150673866272
723,1,0.3474535346031189
724,1,0.18590758740901947
725,1,0.6601418852806091
726,1,0.9081794023513794
727,1,0.036083877086639404
728,1,0.5828053951263428
729,1,0.4796081781387329
730,1,0.09896031767129898
731,1,0.043816499412059784
732,1,0.2954711616039276
733,1,0.9038376808166504
734,1,0.8389343023300171
735,1,0.15878599882125854
736,1,0.49113303422927856
737,1,0.3217296004295349
738,1,0.8856320977210999
739,1,0.5770126581192017
740,1,0.19910281896591187
741,1,0.7991248965263367
742,1,0.5627159476280212
743,1,0.3664045035839081
744,1,0.5253710150718689
745,1,0.3227737843990326
746,1,0.27134159207344055
747,1,0.5097730159759521
748,1,0.5569666028022766
749,1,0.8625297546386719
750,1,0.4963626265525818
751,1,0.6885096430778503
752,1,0.24038109183311462
753,1,0.6462509036064148
754,1,0.7367144823074341
755,1,0.8652294278144836
756,1,0.793556272983551
757,1,0.7056810259819031
758,1,0.6058104634284973
759,1,0.43202051520347595
760,1,0.8412545919418335
761,1,0.8174025416374207
762,1,0.3641405999660492
763,1,0.7803655862808228
764,1,0.28712198138237
765,1,0.7989851832389832
766,1,0.4300355911254883
767,1,0.8701934814453125
768,1,0.7130662798881531
769,1,0.6862825155258179
770,1,0.6407132148742676
771,1,0.46849891543388367
772,1,0.7227239608764648
773,1,0.9031787514686584
774,1,0.7212934494018555
775,1,0.5447558164596558
776,1,0.8373357653617859
777,1,0.8583104610443115
778,1,0.7352927327156067
779,1,0.6582980751991272
780,1,0.9456381797790527
781,1,0.946001410484314
782,1,0.8915293216705322
783,1,0.8776673674583435
784,1,0.9175240993499756
785,1,0.699938952922821
786,1,0.6371734738349915
787,1,0.489144891500473
788,1,0.6216918230056763
789,1,0.44899165630340576
790,1,0.8584150671958923
791,1,0.9846917986869812
792,1,0.5341280102729797
793,1,0.1787295788526535
794,1,0.8559513092041016
795,1,0.9838152527809143
796,1,0.7540170550346375
797,1,0.8768449425697327
798,1,0.8902443647384644
799,1,0.6362588405609131
800,1,0.7213811278343201
801,1,0.8036892414093018
802,1,0.9430328011512756
803,1,0.9446731805801392
804,1,0.9042904376983643
805,1,0.7725205421447754
806,1,0.8669419884681702
807,1,0.8987663388252258
808,1,0.904649555683136
809,1,0.871746838092804
810,1,0.8885746002197266
811,1,0.5861538052558899
812,1,0.9544658064842224
813,1,0.20871354639530182
814,1,0.7011523246765137
815,1,0.0994744598865509
816,1,0.5466468334197998
817,1,0.6088905334472656
818,1,0.9201217889785767
819,1,0.924670398235321
820,1,0.8508492708206177
821,1,0.9272897243499756
822,1,0.9838259816169739
823,1,0.9450892210006714
824,1,0.9745619297027588
825,1,0.7734278440475464
826,1,0.910058319568634
827,1,0.7368177175521851
828,1,0.9155489206314087
829,1,0.9008504152297974
830,1,0.944226861000061
831,1,0.9761081337928772
832,1,0.9272691607475281
833,1,0.7940667867660522
834,1,0.9595118165016174
835,1,0.8109710812568665
836,1,0.9699950218200684
837,1,0.18148121237754822
838,1,0.5986775159835815
839,1,0.7071285843849182
840,1,0.6312156915664673
841,1,0.8734713792800903
842,1,0.9872668385505676
843,1,0.9633826017379761
844,1,0.9776495695114136
845,1,0.9775356650352478
846,1,0.9755668044090271
847,1,0.9908124804496765
848,1,0.9887613654136658
849,1,0.8428264856338501
850,1,0.9145967364311218
851,1,0.987976610660553
852,1,0.9226933717727661
853,1,0.9882228970527649
854,1,0.9713529348373413
855,1,0.9939945340156555
856,1,0.7139686346054077
857,1,0.9050214886665344
858,1,0.18284159898757935
859,1,0.2809630036354065
860,1,0.35176026821136475
861,1,0.6604189276695251
862,1,0.38111141324043274
863,1,0.23998987674713135
864,1,0.6076075434684753
865,1,0.8304871916770935
866,1,0.9822263717651367
867,1,0.7818775773048401
868,1,0.41246652603149414
869,1,0.7057511210441589
870,1,0.9494026899337769
871,1,0.39765504002571106
872,1,0.9343764185905457
873,1,0.9292920827865601
874,1,0.7343261241912842
875,1,0.8383690714836121
876,1,0.9150422811508179
877,1,0.6545989513397217
878,1,0.9438084363937378
879,1,0.9333559274673462
880,1,0.9027202129364014
881,1,0.5694968700408936
882,1,0.8461708426475525
883,1,0.18636606633663177
884,1,0.734595537185669
885,1,0.904240071773529
886,1,0.9162508249282837
887,1,0.7212105989456177
888,1,0.6880542635917664
889,1,0.2704714238643646
890,1,0.9031597971916199
891,1,0.3578314781188965
892,1,0.7218579053878784
893,1,0.7375958561897278
894,1,0.9156186580657959
895,1,0.4809668958187103
896,1,0.6651089787483215
897,1,0.20235766470432281
898,1,0.37312930822372437
899,1,0.8557159900665283
900,1,0.6321167349815369
901,1,0.5392136573791504
902,1,0.5237985849380493
903,1,0.592119038105011
904,1,0.6945689916610718
905,1,0.5625237822532654
906,1,0.8319340348243713
907,1,0.4246419370174408
908,1,0.3717193603515625
909,1,0.5059094429016113
910,1,0.6635543704032898
911,1,0.6583158373832703
912,1,0.18584980070590973
913,1,0.7140435576438904
914,1,0.8899121284484863
915,1,0.8605622053146362
916,1,0.9632171392440796
917,1,0.4872359037399292
918,1,0.9048865437507629
919,1,0.8245579600334167
920,1,0.9119330644607544
921,1,0.8194035887718201
922,1,0.8681682348251343
923,1,0.35221388936042786
924,1,0.9116808772087097
925,1,0.9714552164077759
926,1,0.8694567084312439
927,1,0.950851321220398
928,1,0.6053934097290039
929,1,0.6032596826553345
930,1,0.6938332915306091
931,1,0.5869447588920593
932,1,0.5998348593711853
933,1,0.7311026453971863
934,1,0.9231125712394714
935,1,0.6341742277145386
936,1,0.9326974153518677
937,1,0.8106244206428528
938,1,0.8472182750701904
939,1,0.9646492004394531
940,1,0.9611868262290955
941,1,0.8228489756584167
942,1,0.8408988118171692
943,1,0.8461993932723999
944,1,0.9702695608139038
945,1,0.7831278443336487
946,1,0.9585480690002441
947,1,0.9449547529220581
948,1,0.6911466121673584
949,1,0.895182728767395
950,1,0.7111746668815613
951,1,0.9153658151626587
952,1,0.9664880633354187
953,1,0.9408845901489258
954,1,0.9091387987136841
955,1,0.5578412413597107
956,1,0.5841853022575378
957,1,0.9055604934692383
958,1,0.9560835361480713
959,1,0.9458738565444946
960,1,0.9634139537811279
961,1,0.9646846055984497
962,1,0.9447924494743347
963,1,0.8264226317405701
964,1,0.6131734848022461
965,1,0.939414918422699
966,1,0.6293544173240662
967,1,0.7623329162597656
968,1,0.932104229927063
969,1,0.9597964882850647
970,1,0.9395570755004883
971,1,0.8800652623176575
972,1,0.7187245488166809
973,1,0.8968532085418701
974,1,0.8549548387527466
975,1,0.9156381487846375
976,1,0.899441123008728
977,1,0.7072755694389343
978,1,0.669956386089325
979,1,0.6352827548980713
980,1,0.8285635709762573
981,1,0.5897594690322876
982,1,0.5910811424255371
983,1,0.7805135250091553
984,1,0.8282104134559631
985,1,0.9026254415512085
986,1,0.9011626839637756
987,1,0.9455286264419556
988,1,0.9346526861190796
989,1,0.8629140257835388
990,1,0.888787567615509
991,1,0.9552565217018127
992,1,0.9001133441925049
993,1,0.6915843486785889
994,1,0.8953177332878113
995,1,0.8118098974227905
996,1,0.9389795660972595
997,1,0.6818770170211792
998,1,0.9575756788253784
999,1,0.9321852922439575
1000,1,0.9570494294166565
1001,1,0.9107704162597656
1002,1,0.9160961508750916
1003,1,0.8710867166519165
1004,1,0.9851679801940918
1005,1,0.9496566653251648
1006,1,0.9846974611282349
1007,1,0.7293735146522522
1008,1,0.05170314759016037
1009,1,0.9020614624023438
1010,1,0.7029550075531006
1011,1,0.8012824654579163
1012,1,0.6982760429382324
1013,1,0.9784985184669495
1014,1,0.993242084980011
1015,1,0.8332094550132751
1016,1,0.9336864352226257
1017,1,0.9427143335342407
1018,1,0.9660267233848572
1019,1,0.9785501956939697
1020,1,0.897158682346344
1021,1,0.9233269095420837
1022,1,0.7052179574966431
1023,1,0.1862197071313858
1024,1,0.39953145384788513
1025,1,0.9495647549629211
1026,1,0.9516634941101074
1027,1,0.9445518255233765
1028,1,0.9792885184288025
1029,1,0.9467881917953491
1030,1,0.9949900507926941
1031,1,0.9863682389259338
1032,1,0.9626532793045044
1033,1,0.9935153722763062
1034,1,0.9802026748657227
1035,1,0.9852501749992371
1036,1,0.9184579253196716
1037,1,0.9514766335487366
1038,1,0.951525092124939
1039,1,0.9301390647888184
1040,1,0.664353609085083
1041,1,0.8584344983100891
1042,1,0.8752521276473999
1043,1,0.719629168510437
1044,1,0.14478836953639984
1045,1,0.9002097249031067
1046,1,0.67991703748703
1047,1,0.5736806988716125
1048,1,0.8146718144416809
1049,1,0.9462531805038452
1050,1,0.8263052701950073
1051,1,0.5794404745101929
1052,1,0.9629924297332764
1053,1,0.9729943871498108
1054,1,0.9885690212249756
1055,1,0.1317361742258072
1056,1,0.23557232320308685
1057,1,0.5401615500450134
1058,1,0.9763613939285278
1059,1,0.9649161100387573
1060,1,0.9767257571220398
1061,1,0.9848018288612366
1062,1,0.4717783033847809
1063,1,0.9007226824760437
1064,1,0.5912909507751465
1065,1,0.8063858151435852
1066,1,0.8546411395072937
1067,1,0.8370953798294067
1068,1,0.6807108521461487
1069,1,0.7982382774353027
1070,1,0.8705008029937744
1071,1,0.915184736251831
1072,1,0.6603444814682007
1073,1,0.07599929720163345
1074,1,0.9090498089790344
1075,1,0.43362727761268616
1076,1,0.4048942029476166
1077,1,0.9140260219573975
1078,1,0.6543018817901611
1079,1,0.37961864471435547
1080,1,0.7615013122558594
1081,1,0.5458311438560486
1082,1,0.8562882542610168
1083,1,0.5605278611183167
1084,1,0.8374385833740234
1085,1,0.622361958026886
1086,1,0.6896125078201294
1087,1,0.8890304565429688
1088,1,0.6752382516860962
1089,1,0.4715592861175537
1090,1,0.7514472007751465
1091,1,0.9568836092948914
1092,1,0.5666966438293457
1093,1,0.18392345309257507
1094,1,0.8052790760993958
1095,1,0.7995585203170776
1096,1,0.8697768449783325
1097,1,0.638806164264679
1098,1,0.574500322341919
1099,1,0.7043421268463135
1100,1,0.5220596194267273
1101,1,0.5083218812942505
1102,1,0.8420593738555908
1103,1,0.39429399371147156
1104,1,0.5690791606903076
1105,1,0.5206215977668762
1106,1,0.5339652895927429
1107,1,0.8300288915634155
1108,1,0.45609238743782043
1109,1,0.23492637276649475
1110,1,0.7367414832115173
1111,1,0.5763998031616211
1112,1,0.7380198836326599
1113,1,0.5497531890869141
1114,1,0.6435869336128235
1115,1,0.8493972420692444
1116,1,0.5151053667068481
1117,1,0.7832544445991516
1118,1,0.7780413627624512
1119,1,0.7091609835624695
1120,1,0.686686098575592
1121,1,0.18444962799549103
1122,1,0.8354306817054749
1123,1,0.9587241411209106
1124,1,0.5893934965133667
1125,1,0.5953658819198608
1126,1,0.5678257346153259
1127,1,0.9379908442497253
1128,1,0.7046033143997192
1129,1,0.768467366695404
1130,1,0.8378852605819702
1131,1,0.9157466292381287
1132,1,0.9659468531608582
1133,1,0.7153002023696899
1134,1,0.8461676836013794
1135,1,0.934725821018219
1136,1,0.7251884937286377
1137,1,0.32289227843284607
1138,1,0.8684917688369751
1139,1,0.8190900683403015
1140,1,0.9027339220046997
1141,1,0.6762480139732361
1142,1,0.9629459381103516
1143,1,0.9594696760177612
1144,1,0.8130945563316345
1145,1,0.927541971206665
1146,1,0.9564663767814636
1147,1,0.019292233511805534
1148,1,0.7743154168128967
1149,1,0.9941504597663879
1150,1,0.6294394135475159
1151,1,0.9856330752372742
1152,1,0.9912207722663879
1153,1,0.9598517417907715
1154,1,0.7352240085601807
1155,1,0.9926683306694031
1156,1,0.9369208812713623
1157,1,0.8334841728210449
1158,1,0.9353784918785095
1159,1,0.9790992140769958
1160,1,0.9194742441177368
1161,1,0.9094009399414062
1162,1,0.9909007549285889
1163,1,0.9773311018943787
1164,1,0.9541103839874268
1165,1,0.9873369336128235
1166,1,0.9765817523002625
1167,1,0.9863128066062927
1168,1,0.9843071699142456
1169,1,0.9718263745307922
1170,1,0.2989928424358368
1171,1,0.823800265789032
1172,1,0.7483305931091309
1173,1,0.3201972544193268
1174,1,0.9874770641326904
1175,1,0.9736461639404297
1176,1,0.9601294994354248
1177,1,0.8395336270332336
1178,1,0.9113284349441528
1179,1,0.9605922102928162
1180,1,0.3144244849681854
1181,1,0.9118072986602783
1182,1,0.5666296482086182
1183,1,0.9118334650993347
1184,1,0.9770551919937134
1185,1,0.9771633148193359
1186,1,0.9802788496017456
1187,1,0.9882311224937439
1188,1,0.6818794012069702
1189,1,0.9822847843170166
1190,1,0.4648043215274811
1191,1,0.988338053226471
1192,1,0.3234225809574127
1193,1,0.24661296606063843
1194,1,0.39937111735343933
1195,1,0.20861400663852692
1196,1,0.3578088879585266
1197,1,0.9127793312072754
1198,1,0.14221014082431793
1199,1,0.5130830407142639
1200,1,0.22448766231536865
1201,1,0.657812237739563
1202,1,0.950229823589325
1203,1,0.984889805316925
1204,1,0.9469779133796692
1205,1,0.5807488560676575
1206,1,0.7521411776542664
1207,1,0.9424586892127991
1208,1,0.2874784469604492
1209,1,0.7546096444129944
1210,1,0.864162266254425
1211,1,0.5470743179321289
1212,1,0.7216048836708069
1213,1,0.8969019055366516
1214,1,0.503995418548584
1215,1,0.3135592043399811
1216,1,0.9131006002426147
1217,1,0.8445037007331848
1218,1,0.8505171537399292
1219,1,0.7281465530395508
1220,1,0.9256335496902466
1221,1,0.7841019630432129
1222,1,0.7641836404800415
1223,1,0.5497407913208008
1224,1,0.9460697174072266
1225,1,0.9230905771255493
1226,1,0.9252191781997681
1227,1,0.7848752737045288
1228,1,0.8276832699775696
1229,1,0.9102428555488586
1230,1,0.9163371920585632
1231,1,0.6488218307495117
1232,1,0.5247044563293457
1233,1,0.7893190383911133
1234,1,0.5722847580909729
1235,1,0.8659051656723022
1236,1,0.47332021594047546
1237,1,0.8447074294090271
1238,1,0.6600067019462585
1239,1,0.42650657892227173
1240,1,0.8298116326332092
1241,1,0.367536723613739
1242,1,0.7396113276481628
1243,1,0.9265942573547363
1244,1,0.405099093914032
1245,1,0.009544340893626213
1246,1,0.8701256513595581
1247,1,0.3124333620071411
1248,1,0.1077050194144249
1249,1,0.9154923558235168
1250,1,0.48895135521888733
1251,1,0.8056591153144836
1252,1,0.6001354455947876
1253,1,0.8228833675384521
1254,1,0.7496777176856995
1255,1,0.7173520922660828
1256,1,0.2485233098268509
1257,1,0.870071291923523
1258,1,0.6763994693756104
1259,1,0.30665263533592224
1260,1,0.6127616167068481
1261,1,0.17116032540798187
1262,1,0.4653477370738983
1263,1,0.15745049715042114
1264,1,0.6298799514770508
1265,1,0.6172318458557129
1266,1,0.058624107390642166
1267,1,0.9071882367134094
1268,1,0.2751062512397766
1269,1,0.8646522760391235
1270,1,0.5150147676467896
1271,1,0.8680914640426636
1272,1,0.3195537328720093
1273,1,0.8121265172958374
1274,1,0.410129576921463
1275,1,0.5912960171699524
1276,1,0.8300954103469849
1277,1,0.6843149662017822
1278,1,0.9598070383071899
1279,1,0.8738794326782227
1280,1,0.3393119275569916
1281,1,0.8482553362846375
1282,1,0.5174549221992493
1283,1,0.798174262046814
1284,1,0.6451631188392639
1285,1,0.5240868926048279
1286,1,0.7401044964790344
1287,1,0.2695678472518921
1288,1,0.4790865480899811
1289,1,0.5652015209197998
1290,1,0.5150117874145508
1291,1,0.9032871127128601
1292,1,0.878217875957489
1293,1,0.3488941788673401
1294,1,0.5068181753158569
1295,1,0.8270005583763123
1296,1,0.48189598321914673
1297,1,0.44231101870536804
1298,1,0.8035479187965393
1299,1,0.30657368898391724
1300,1,0.48282870650291443
1301,1,0.6086069345474243
1302,1,0.766426146030426
1303,1,0.29749175906181335
1304,1,0.6734668612480164
1305,1,0.23664173483848572
1306,1,0.6591723561286926
1307,1,0.9356743693351746
1308,1,0.9717442989349365
1309,1,0.4435257315635681
1310,1,0.5702310800552368
1311,1,0.640728771686554
1312,1,0.5010924339294434
1313,1,0.6328551769256592
1314,1,0.044392503798007965
1315,1,0.3430674374103546
1316,1,0.5805258750915527
1317,1,0.8777205348014832
1318,1,0.45513486862182617
1319,1,0.8053293228149414
1320,1,0.5759121775627136
1321,1,0.6690337061882019
1322,1,0.8906005024909973
1323,1,0.5839845538139343
1324,1,0.8385178446769714
1325,1,0.9786367416381836
1326,1,0.9387349486351013
1327,1,0.7630691528320312
1328,1,0.48410677909851074
1329,1,0.7146650552749634
1330,1,0.9572011232376099
1331,1,0.9063628315925598
1332,1,0.8970748782157898
1333,1,0.8589029312133789
1334,1,0.8163250088691711
1335,1,0.9449946880340576
1336,1,0.44585415720939636
1337,1,0.8001497387886047
1338,1,0.8818903565406799
1339,1,0.9792681932449341
1340,1,0.9065017700195312
1341,1,0.9683493375778198
1342,1,0.9175906181335449
1343,1,0.8234954476356506
1344,1,0.6666006445884705
1345,1,0.7456594109535217
1346,1,0.8763441443443298
1347,1,0.5666648745536804
1348,1,0.5373178124427795
1349,1,0.8770754933357239
1350,1,0.9105732440948486
1351,1,0.8764090538024902
1352,1,0.7925000786781311
1353,1,0.8892025351524353
1354,1,0.7828168272972107
1355,1,0.8639856576919556
1356,1,0.7686820030212402
1357,1,0.8844273090362549
1358,1,0.7250449657440186
1359,1,0.8888762593269348
1360,1,0.6671265959739685
1361,1,0.9631548523902893
1362,1,0.986523449420929
1363,1,0.9731675386428833
1364,1,0.7864443063735962
1365,1,0.9002079963684082
1366,1,0.5844118595123291
1367,1,0.7454156875610352
1368,1,0.8179340362548828
1369,1,0.8717030882835388
1370,1,0.9506757855415344
1371,1,0.5180287957191467
1372,1,0.8768494129180908
1373,1,0.914258599281311
1374,1,0.7835038900375366
1375,1,0.8358779549598694
1376,1,0.798905611038208
1377,1,0.9836311340332031
1378,1,0.5074751973152161
1379,1,0.3049249053001404
1380,1,0.2007325142621994
1381,1,0.5732033252716064
1382,1,0.9904540777206421
1383,1,0.7389826774597168
1384,1,0.9582483768463135
1385,1,0.8108832836151123
1386,1,0.9542456269264221
1387,1,0.9171428680419922
1388,1,0.8223263025283813
1389,1,0.8627883195877075
1390,1,0.9120531678199768
1391,1,0.9859411120414734
1392,1,0.9915378093719482
1393,1,0.777384877204895
1394,1,0.9786205291748047
1395,1,0.9461453557014465
1396,1,0.9489522576332092
1397,1,0.9708369374275208
1398,1,0.8681874871253967
1399,1,0.9828562140464783
1400,1,0.9730154871940613
1401,1,0.9345171451568604
1402,1,0.9859600067138672
1403,1,0.78445965051651
1404,1,0.9714593887329102
1405,1,0.989094078540802
1406,1,0.08061174303293228
1407,1,0.9657445549964905
1408,1,0.788689374923706
1409,1,0.9641603827476501
1410,1,0.9523374438285828
1411,1,0.9885918498039246
1412,1,0.624298632144928
1413,1,0.7134445309638977
1414,1,0.9636062979698181
1415,1,0.929006814956665
1416,1,0.9886801242828369
1417,1,0.7548119425773621
1418,1,0.9410194754600525
1419,1,0.9741131067276001
1420,1,0.9959069490432739
1421,1,0.9941171407699585
1422,1,0.46082603931427
1423,1,0.6106089949607849
1424,1,0.10180267691612244
1425,1,0.8569096326828003
1426,1,0.5309295654296875
1427,1,0.9461148381233215
1428,1,0.9915547966957092
1429,1,0.9739227294921875
1430,1,0.7112926840782166
1431,1,0.9401981830596924
1432,1,0.9921560287475586
1433,1,0.9282222390174866
1434,1,0.7610010504722595
1435,1,0.5376655459403992
1436,1,0.9345449209213257
1437,1,0.6391276717185974
1438,1,0.5510914921760559
1439,1,0.11047595739364624
1440,1,0.7110705971717834
1441,1,0.33253201842308044
1442,1,0.8269443511962891
1443,1,0.6686288118362427
1444,1,0.6298475861549377
1445,1,0.6535081267356873
1446,1,0.7612852454185486
1447,1,0.4643658697605133
1448,1,0.3484407365322113
1449,1,0.9934169054031372
1450,1,0.5647510290145874
1451,1,0.9496394991874695
1452,1,0.947045087814331
1453,1,0.9350302219390869
1454,1,0.876846194267273
1455,1,0.9159094095230103
1456,1,0.9835756421089172
1457,1,0.9873173832893372
1458,1,0.948228657245636
1459,1,0.9580952525138855
1460,1,0.9905579090118408
1461,1,0.0932878702878952
1462,1,0.9828391671180725
1463,1,0.978019118309021
1464,1,0.9704861640930176
1465,1,0.9818499684333801
1466,1,0.9903782606124878
1467,1,0.9891875386238098
1468,1,0.9806350469589233
1469,1,0.9844934940338135
1470,1,0.9917234778404236
1471,1,0.994081437587738
1472,1,0.33332622051239014
1473,1,0.21015016734600067
1474,1,0.19134430587291718
1475,1,0.5857998132705688
1476,1,0.6384446024894714
1477,1,0.4839669167995453
1478,1,0.4391244649887085
1479,1,0.8013767004013062
1480,1,0.3678751289844513
1481,1,0.4852375388145447
1482,1,0.504874050617218
1483,1,0.5611846446990967
1484,1,0.47103258967399597
1485,1,0.8308419585227966
1486,1,0.9018568396568298
1487,1,0.3099280297756195
1488,1,0.6273382902145386
1489,1,0.7707635760307312
1490,1,0.8255817294120789
1491,1,0.8734422326087952
1492,1,0.8958655595779419
1493,1,0.6296225786209106
1494,1,0.1232457384467125
1495,1,0.6925407648086548
1496,1,0.9342601895332336
1497,1,0.7646764516830444
1498,1,0.9775232672691345
1499,1,0.9153160452842712
1500,1,0.9834250807762146
1501,1,0.9477834701538086
1502,1,0.8373735547065735
1503,1,0.9375654458999634
1504,1,0.6043224930763245
1505,1,0.8712025284767151
1506,1,0.9523010849952698
1507,1,0.93000328540802
1508,1,0.405271977186203
1509,1,0.9300476908683777
1510,1,0.9769977331161499
1511,1,0.9684138298034668
1512,1,0.6287479996681213
1513,1,0.9872303605079651
1514,1,0.9805092811584473
1515,1,0.7224252820014954
1516,1,0.6604723334312439
1517,1,0.9652048349380493
1518,1,0.5823847651481628
1519,1,0.9839566349983215
1520,1,0.986567497253418
1521,1,0.986560583114624
1522,1,0.9951411485671997
1523,1,0.13731160759925842
1524,1,0.973727285861969
1525,1,0.9022791981697083
1526,1,0.9344467520713806
1527,1,0.6986792087554932
1528,1,0.9643673300743103
1529,1,0.5850653648376465
1530,1,0.9240124225616455
1531,1,0.8741665482521057
1532,1,0.6694709658622742
1533,1,0.7441442608833313
1534,1,0.8975603580474854
1535,1,0.8263050317764282
1536,1,0.9125173687934875
1537,1,0.8778746128082275
1538,1,0.5479137897491455
1539,1,0.6835473775863647
1540,1,0.4690384268760681
1541,1,0.724172055721283
1542,1,0.508274495601654
1543,1,0.9534837603569031
1544,1,0.6454446315765381
1545,1,0.6369482278823853
1546,1,0.8460124731063843
1547,1,0.8488573431968689
1548,1,0.9256778955459595
1549,1,0.8287172317504883
1550,1,0.7083336710929871
1551,1,0.7759092450141907
1552,1,0.8834762573242188
1553,1,0.4070339500904083
1554,1,0.6468716263771057
1555,1,0.9869096875190735
1556,1,0.9714328050613403
1557,1,0.8053992986679077
1558,1,0.9675741791725159
1559,1,0.9450027346611023
1560,1,0.9848123788833618
1561,1,0.9475315809249878
1562,1,0.8669818043708801
1563,1,0.42293134331703186
1564,1,0.9188799858093262
1565,1,0.9763670563697815
1566,1,0.9783692955970764
1567,1,0.9247187972068787
1568,1,0.9938274025917053
1569,1,0.9498369097709656
1570,1,0.9079173803329468
1571,1,0.7595146894454956
1572,1,0.9929231405258179
1573,1,0.9878079295158386
1574,1,0.9246274828910828
1575,1,0.9858927130699158
1576,1,0.9246946573257446
1577,1,0.8525633811950684
1578,1,0.9393401145935059
1579,1,0.9669427275657654
1580,1,0.6724954843521118
1581,1,0.9884814023971558
1582,1,0.9398285746574402
1583,1,0.9870115518569946
1584,1,0.9863255620002747
1585,1,0.9570167660713196
1586,1,0.9093828201293945
1587,1,0.9465604424476624
1588,1,0.9651567935943604
1589,1,0.9415981769561768
1590,1,0.9868029952049255
1591,1,0.9780154824256897
1592,1,0.9267371892929077
1593,1,0.7267170548439026
1594,1,0.9760249853134155
1595,1,0.9690498113632202
1596,1,0.9553070068359375
1597,1,0.5752142071723938
1598,1,0.7710718512535095
1599,1,0.9758740067481995
1600,1,0.8126727342605591
1601,1,0.9935880899429321
1602,1,0.9709197878837585
1603,1,0.9411206245422363
1604,1,0.8938047885894775
1605,1,0.9958299994468689
1606,1,0.9850834608078003
1607,1,0.1509166806936264
1608,1,0.9929242134094238
1609,1,0.6601315140724182
1610,1,0.9352805614471436
1611,1,0.7157097458839417
1612,1,0.8830357193946838
1613,1,0.9676207304000854
1614,1,0.9915214776992798
1615,1,0.992738664150238
1616,1,0.9687929749488831
1617,1,0.8438342809677124
1618,1,0.8180763721466064
1619,1,0.7420246601104736
1620,1,0.2532370686531067
1621,1,0.6113677620887756
1622,1,0.5920262336730957
1623,1,0.6599991917610168
1624,1,0.512000322341919
1625,1,0.6827383637428284
1626,1,0.9525914788246155
1627,1,0.911828339099884
1628,1,0.5825515389442444
1629,1,0.9094225168228149
1630,1,0.08061174303293228
1631,1,0.8735688924789429
1632,1,0.5300790667533875
1633,1,0.8744019269943237
1634,1,0.9588072896003723
1635,1,0.8527674078941345
1636,1,0.24879662692546844
1637,1,0.9480783939361572
1638,1,0.8176894187927246
1639,1,0.9099647402763367
1640,1,0.491956889629364
1641,1,0.9214650988578796
1642,1,0.9256749749183655
1643,1,0.8260185122489929
1644,1,0.2242252677679062
1645,1,0.802137017250061
1646,1,0.9643749594688416
1647,1,0.9649247527122498
1648,1,0.9136443138122559
1649,1,0.3400604724884033
1650,1,0.3480728268623352
1651,1,0.3477076292037964
1652,1,0.4634656012058258
1653,1,0.34226664900779724
1654,1,0.27823638916015625
1655,1,0.29454800486564636
1656,1,0.2521727383136749
1657,1,0.5892085433006287
1658,1,0.19346347451210022
1659,1,0.2326851785182953
1660,1,0.24783799052238464
1661,1,0.14809706807136536
1662,1,0.061004702001810074
1663,1,0.3369380533695221
1664,1,0.1582213193178177
1665,1,0.10395409166812897
1666,1,0.9689822196960449
1667,1,0.9349904656410217
1668,1,0.9550620317459106
1669,1,0.8036643862724304
1670,1,0.9472472071647644
1671,1,0.875961184501648
1672,1,0.985977292060852
1673,1,0.11381052434444427
1674,1,0.300464004278183
1675,1,0.21691542863845825
1676,1,0.6554381251335144
1677,1,0.9682846069335938
1678,1,0.9385247230529785
1679,1,0.991521954536438
1680,1,0.808215856552124
1681,1,0.8008055090904236
1682,1,0.8656437993049622
1683,1,0.9861190319061279
1684,1,0.9840114712715149
1685,1,0.7605293393135071
1686,1,0.5836718082427979
1687,1,0.39020606875419617
1688,1,0.8320615291595459
1689,1,0.9325277805328369
1690,1,0.3078373074531555
1691,1,0.8866105675697327
1692,1,0.8607500195503235
1693,1,0.9830560684204102
1694,1,0.7518069744110107
1695,1,0.6458932161331177
1696,1,0.9099506139755249
1697,1,0.8751786351203918
1698,1,0.7952349781990051
1699,1,0.9817011952400208
1700,1,0.9866005778312683
1701,1,0.19773711264133453
1702,1,0.9680055975914001
1703,1,0.9816977381706238
1704,1,0.0512903593480587
1705,1,0.747342050075531
1706,1,0.8715084791183472
1707,1,0.8252926468849182
1708,1,0.6065053939819336
1709,1,0.8933786749839783
1710,1,0.9586671590805054
1711,1,0.5883509516716003
1712,1,0.9272429943084717
1713,1,0.542463481426239
1714,1,0.9678376317024231
1715,1,0.2817549407482147
1716,1,0.9344231486320496
1717,1,0.5385605692863464
1718,1,0.8850352168083191
1719,1,0.8229332566261292
1720,1,0.8536754846572876
1721,1,0.831299364566803
1722,1,0.7697243094444275
1723,1,0.5646125078201294
1724,1,0.9772500395774841
1725,1,0.8972522020339966
1726,1,0.9250827431678772
1727,1,0.543307900428772
1728,1,0.9931701421737671
1729,1,0.8632339239120483
1730,1,0.7884065508842468
1731,1,0.3988131284713745
1732,1,0.9844465851783752
1733,1,0.9778237342834473
1734,1,0.889674723148346
1735,1,0.97928786277771
1736,1,0.1869625598192215
1737,1,0.774491548538208
1738,1,0.8210693597793579
1739,1,0.9812976121902466
1740,1,0.9937427639961243
1741,1,0.9830302596092224
1742,1,0.6357887387275696
1743,1,0.6998397707939148
1744,1,0.5923158526420593
1745,1,0.6662781238555908
1746,1,0.8577917218208313
1747,1,0.9062646627426147
1748,1,0.7674109935760498
1749,1,0.9604972004890442
1750,1,0.9266042709350586
1751,1,0.8450692892074585
1752,1,0.960496187210083
1753,1,0.5155858993530273
1754,1,0.9897101521492004
1755,1,0.8791501522064209
1756,1,0.9658520817756653
1757,1,0.12299186736345291
1758,1,0.603807270526886
1759,1,0.9781045317649841
1760,1,0.9861056208610535
1761,1,0.7269188165664673
1762,1,0.912349283695221
1763,1,0.9606396555900574
1764,1,0.9851053953170776
1765,1,0.6941628456115723
1766,1,0.9766562581062317
1767,1,0.09846990555524826
1768,1,0.9948326349258423
1769,1,0.7206993103027344
1770,1,0.664662778377533
1771,1,0.8285661339759827
1772,1,0.7302661538124084
1773,1,0.9760922193527222
1774,1,0.2851504385471344
1775,1,0.9908998012542725
1776,1,0.9198574423789978
1777,1,0.8301299214363098
1778,1,0.9361815452575684
1779,1,0.9464572668075562
1780,1,0.6138129830360413
1781,1,0.992253839969635
1782,1,0.9356474280357361
1783,1,0.19330622255802155
1784,1,0.7717756032943726
1785,1,0.9625289440155029
1786,1,0.8039469122886658
1787,1,0.9657347798347473
1788,1,0.9870873689651489
1789,1,0.9733473062515259
1790,1,0.8824899792671204
1791,1,0.6452356576919556
1792,1,0.5146950483322144
1793,1,0.9884113073348999
1794,1,0.9946700930595398
1795,1,0.8035396337509155
1796,1,0.9901177287101746
1797,1,0.7215226292610168
1798,1,0.9934552311897278
1799,1,0.9911252856254578
1800,1,0.7788650393486023
1801,1,0.5633535385131836
1802,1,0.5483754277229309
1803,1,0.8432760834693909
1804,1,0.19785679876804352
1805,1,0.8068215250968933
1806,1,0.7534109354019165
1807,1,0.9528464674949646
1808,1,0.8578571081161499
1809,1,0.9732404947280884
1810,1,0.5018300414085388
1811,1,0.42235469818115234
1812,1,0.6840099692344666
1813,1,0.6839489936828613
1814,1,0.9399924278259277
1815,1,0.9759001135826111
1816,1,0.745853066444397
1817,1,0.8806245923042297
1818,1,0.7719221711158752
1819,1,0.9119029641151428
1820,1,0.6090548038482666
1821,1,0.39569827914237976
1822,1,0.7674052715301514
1823,1,0.8981752991676331
1824,1,0.9423537850379944
1825,1,0.7868265509605408
1826,1,0.9869585633277893
1827,1,0.9712291359901428
1828,1,0.9893447756767273
1829,1,0.9487463235855103
1830,1,0.607097327709198
1831,1,0.5498012900352478
1832,1,0.9024127721786499
1833,1,0.866302490234375
1834,1,0.9624528288841248
1835,1,0.8647255897521973
1836,1,0.9924325942993164
1837,1,0.9557861089706421
1838,1,0.18217416107654572
1839,1,0.48927366733551025
1840,1,0.9122321009635925
1841,1,0.20323508977890015
1842,1,0.4048853814601898
1843,1,0.2781899571418762
1844,1,0.48130902647972107
1845,1,0.7737281918525696
1846,1,0.6117653250694275
1847,1,0.9278966784477234
1848,1,0.8326168656349182
1849,1,0.8079218864440918
1850,1,0.37359514832496643
1851,1,0.6693897247314453
1852,1,0.58363276720047
1853,1,0.8146480917930603
1854,1,0.9356679916381836
1855,1,0.7836688756942749
1856,1,0.8548088669776917
1857,1,0.9871307015419006
1858,1,0.6904710531234741
1859,1,0.769669771194458
1860,1,0.9003592729568481
1861,1,0.7558651566505432
1862,1,0.6914308071136475
1863,1,0.9947183728218079
1864,1,0.4628187417984009
1865,1,0.675688624382019
1866,1,0.6823945045471191
1867,1,0.684017539024353
1868,1,0.6854499578475952
1869,1,0.9296087622642517
1870,1,0.9738531112670898
1871,1,0.6452877521514893
1872,1,0.952489972114563
1873,1,0.633988618850708
1874,1,0.9612298011779785
1875,1,0.945838987827301
1876,1,0.9613089561462402
1877,1,0.45456498861312866
1878,1,0.9792752861976624
1879,1,0.4729847013950348
1880,1,0.2983686029911041
1881,1,0.5777216553688049
1882,1,0.3442882001399994
1883,1,0.8800864219665527
1884,1,0.9543699026107788
1885,1,0.5508188009262085
1886,1,0.7892467975616455
1887,1,0.86357581615448
1888,1,0.5760557651519775
1889,1,0.6362220644950867
1890,1,0.986219584941864
1891,1,0.5614954829216003
1892,1,0.4836961030960083
1893,1,0.7295597791671753
1894,1,0.9775386452674866
1895,1,0.9061568975448608
1896,1,0.951828122138977
1897,1,0.9399698972702026
1898,1,0.05522392690181732
1899,1,0.702651858329773
1900,1,0.5435152649879456
1901,1,0.9129573106765747
1902,1,0.9252548217773438
1903,1,0.6338894963264465
1904,1,0.21348868310451508
1905,1,0.8095042705535889
1906,1,0.9659755229949951
1907,1,0.9590694904327393
1908,1,0.8758308291435242
1909,1,0.24092966318130493
1910,1,0.9580476880073547
1911,1,0.4064832925796509
1912,1,0.16033443808555603
1913,1,0.5517653822898865
1914,1,0.01659466326236725
1915,1,0.651779055595398
1916,1,0.4036244750022888
1917,1,0.43494606018066406
1918,1,0.5291045904159546
1919,1,0.9767642617225647
1920,1,0.9341698288917542
1921,1,0.9472000002861023
1922,1,0.9191240668296814
1923,1,0.8685669898986816
1924,1,0.8784955143928528
1925,1,0.7127549052238464
1926,1,0.9774554967880249
1927,1,0.9242114424705505
1928,1,0.9428071975708008
1929,1,0.8373737931251526
1930,1,0.960485577583313
1931,1,0.9901877045631409
1932,1,0.7026544809341431
1933,1,0.8508766889572144
1934,1,0.9828937649726868
1935,1,0.9660705327987671
1936,1,0.6318460702896118
1937,1,0.5604537129402161
1938,1,0.9082862734794617
1939,1,0.9739917516708374
1940,1,0.9660608768463135
1941,1,0.8473147749900818
1942,1,0.9131952524185181
1943,1,0.983742892742157
1944,1,0.9278095364570618
1945,1,0.5146806240081787
1946,1,0.9823527932167053
1947,1,0.9553945660591125
1948,1,0.912273645401001
1949,1,0.9449079036712646
1950,1,0.1125527173280716
1951,1,0.9520549774169922
1952,1,0.9734993577003479
1953,1,0.7894960641860962
1954,1,0.8983890414237976
1955,1,0.7687413096427917
1956,1,0.7028332352638245
1957,1,0.9476593136787415
1958,1,0.9580931067466736
1959,1,0.9858022332191467
1960,1,0.9936222434043884
1961,1,0.9453596472740173
1962,1,0.9760790467262268
1963,1,0.9750357270240784
1964,1,0.8944397568702698
1965,1,0.7665811777114868
1966,1,0.9565198421478271
1967,1,0.9031931757926941
1968,1,0.9882664084434509
1969,1,0.7430806159973145
1970,1,0.8550280332565308
1971,1,0.9833743572235107
1972,1,0.9855771660804749
1973,1,0.7547881603240967
1974,1,0.9492670893669128
1975,1,0.9788935780525208
1976,1,0.9915174841880798
1977,1,0.5765118598937988
1978,1,0.9863842129707336
1979,1,0.8013696074485779
1980,1,0.6781011819839478
1981,1,0.9696677327156067
1982,1,0.6636689305305481
1983,1,0.3645066022872925
1984,1,0.8577474355697632
1985,1,0.12227735668420792
1986,1,0.608214795589447
1987,1,0.85642409324646
1988,1,0.9250739216804504
1989,1,0.8178260922431946
1990,1,0.1481286883354187
1991,0,0.47737038135528564
1992,0,0.004562493413686752
1993,0,0.14925406873226166
1994,0,0.692280113697052
1995,0,0.36296162009239197
1996,0,0.07153745740652084
1997,0,0.09135186672210693
1998,0,0.006052040960639715
1999,0,0.0050733075477182865
2000,0,0.10525871068239212
2001,0,0.38102805614471436
2002,0,0.6540676951408386
2003,0,0.0035605765879154205
2004,0,0.11501869559288025
2005,0,0.36809369921684265
2006,0,0.018204214051365852
2007,0,0.35763171315193176
2008,0,0.7158749103546143
2009,0,0.4259544014930725
2010,0,0.36075887084007263
2011,0,0.08700425177812576
2012,0,0.6604249477386475
2013,0,0.37165138125419617
2014,0,0.536371111869812
2015,0,0.02194393053650856
2016,0,0.8110664486885071
2017,0,0.06393858790397644
2018,0,0.4184802770614624
2019,0,0.2557941973209381
2020,0,0.2313995659351349
2021,0,0.05091940611600876
2022,0,0.018531901761889458
2023,0,0.002663527149707079
2024,0,0.20457659661769867
2025,0,0.11267711967229843
2026,0,0.1820148527622223
2027,0,0.18736325204372406
2028,0,0.1960882842540741
2029,0,0.49810636043548584
2030,0,0.1077050194144249
2031,0,0.09540222585201263
2032,0,0.14509323239326477
2033,0,0.006740349344909191
2034,0,0.07746563851833344
2035,0,0.4454561769962311
2036,0,0.39661458134651184
2037,0,0.20971155166625977
2038,0,0.8057631254196167
2039,0,0.1287260502576828
2040,0,0.08209933340549469
2041,0,0.973458468914032
2042,0,0.3158014118671417
2043,0,0.00507914274930954
2044,0,0.008610828779637814
2045,0,0.46887096762657166
2046,0,0.02572900988161564
2047,0,0.2614772319793701
2048,0,0.07620035111904144
2049,0,0.00945373810827732
2050,0,0.30094364285469055
2051,0,0.009895088151097298
2052,0,0.5013948678970337
2053,0,0.8832563757896423
2054,0,0.006172986701130867
2055,0,0.02808467112481594
2056,0,0.01629912108182907
2057,0,0.009432025253772736
2058,0,0.9406918287277222
2059,0,0.0719095915555954
2060,0,0.6853461861610413
2061,0,0.5430992841720581
2062,0,0.06016143411397934
2063,0,0.018621867522597313
2064,0,0.015444652177393436
2065,0,0.15143562853336334
2066,0,0.09545024484395981
2067,0,0.9600370526313782
2068,0,0.36841970682144165
2069,0,0.298689603805542
2070,0,0.0041931127198040485
2071,0,0.016812968999147415
2072,0,0.32015377283096313
2073,0,0.022840050980448723
2074,0,0.23180226981639862
2075,0,0.0802813172340393
2076,0,0.5775334239006042
2077,0,0.1633850634098053
2078,0,0.4095359444618225
2079,0,0.019206151366233826
2080,0,0.40579667687416077
2081,0,0.2676544487476349
2082,0,0.5512173771858215
2083,0,0.17456233501434326
2084,0,0.1885191649198532
2085,0,0.05621376261115074
2086,0,0.26864248514175415
2087,0,0.023197587579488754
2088,0,0.012258554808795452
2089,0,0.3507494032382965
2090,0,0.0255547147244215
2091,0,0.04475835710763931
2092,0,0.006754822563380003
2093,0,0.016200348734855652
2094,0,0.040787387639284134
2095,0,0.05671505630016327
2096,0,0.21607829630374908
2097,0,0.3222282826900482
2098,0,0.32484209537506104
2099,0,0.1360592395067215
2100,0,0.005449887365102768
2101,0,0.26994988322257996
2102,0,0.017748581245541573
2103,0,0.3665793240070343
2104,0,0.004590038675814867
2105,0,0.013737866654992104
2106,0,0.01964723691344261
2107,0,0.003928277175873518
2108,0,0.2829708755016327
2109,0,0.0408288948237896
2110,0,0.2351459562778473
2111,0,0.051181986927986145
2112,0,0.41417190432548523
2113,0,0.3072558641433716
2114,0,0.004213778767734766
2115,0,0.08061174303293228
2116,0,0.10972338169813156
2117,0,0.7025142908096313
2118,0,0.023458130657672882
2119,0,0.09035497158765793
2120,0,0.9383041262626648
2121,0,0.364467978477478
2122,0,0.04639124125242233
2123,0,0.029581934213638306
2124,0,0.26091068983078003
2125,0,0.009787932969629765
2126,0,0.09167366474866867
2127,0,0.062019575387239456
2128,0,0.029079608619213104
2129,0,0.1538051813840866
2130,0,0.5079150795936584
2131,0,0.010451648384332657
2132,0,0.6600208878517151
2133,0,0.07539334148168564
2134,0,0.03610573336482048
2135,0,0.04355834797024727
2136,0,0.33302611112594604
2137,0,0.003940732218325138
2138,0,0.9133572578430176
2139,0,0.026161344721913338
2140,0,0.10665149241685867
2141,0,0.18848338723182678
2142,0,0.0932878702878952
2143,0,0.2848125398159027
2144,0,0.30700623989105225
2145,0,0.0052345492877066135
2146,0,0.0206560380756855
2147,0,0.02238450013101101
2148,0,0.5321383476257324
2149,0,0.923106849193573
2150,0,0.006723931524902582
2151,0,0.743556797504425
2152,0,0.445274293422699
2153,0,0.6252920031547546
2154,0,0.011356092058122158
2155,0,0.006140475161373615
2156,0,0.3477720320224762
2157,0,0.3145400881767273
2158,0,0.11736982315778732
2159,0,0.12397176772356033
2160,0,0.16291554272174835
2161,0,0.2934258282184601
2162,0,0.06306642293930054
2163,0,0.07647207379341125
2164,0,0.8118915557861328
2165,0,0.025484392419457436
2166,0,0.0932878702878952
2167,0,0.4644472301006317
2168,0,0.751376211643219
2169,0,0.31303662061691284
2170,0,0.15868067741394043
2171,0,0.04637052118778229
2172,0,0.504640519618988
2173,0,0.8949046730995178
2174,0,0.3176148235797882
2175,0,0.5914991497993469
2176,0,0.4912223517894745
2177,0,0.06033715605735779
2178,0,0.2617970108985901
2179,0,0.011084646917879581
2180,0,0.515918493270874
2181,0,0.0032364707440137863
2182,0,0.1672443300485611
2183,0,0.04703782498836517
2184,0,0.03812195733189583
2185,0,0.15516003966331482
2186,0,0.02261929400265217
2187,0,0.8146933317184448
2188,0,0.021868707612156868
2189,0,0.28244614601135254
2190,0,0.33537954092025757
2191,0,0.017909057438373566
2192,0,0.0994744598865509
2193,0,0.016586370766162872
2194,0,0.15554556250572205
2195,0,0.01706434227526188
2196,0,0.6204895377159119
2197,0,0.32951509952545166
2198,0,0.15791797637939453
2199,0,0.40844476222991943
2200,0,0.005551064852625132
2201,0,0.4660971760749817
2202,0,0.0992087796330452
2203,0,0.04801268130540848
2204,0,0.1290626972913742
2205,0,0.17162449657917023
2206,0,0.002782570431008935
2207,0,0.09821921586990356
2208,0,0.4673863351345062
2209,0,0.8825795650482178
2210,0,0.03993330895900726
2211,0,0.4400337338447571
2212,0,0.3953876793384552
2213,0,0.18363425135612488
2214,0,0.03290785476565361
2215,0,0.16756471991539001
2216,0,0.6279587149620056
2217,0,0.04866611585021019
2218,0,0.33372390270233154
2219,0,0.058624476194381714
2220,0,0.03381238132715225
2221,0,0.13588596880435944
2222,0,0.7784962058067322
2223,0,0.1856561154127121
2224,0,0.01289902999997139
2225,0,0.45353078842163086
2226,0,0.37037935853004456
2227,0,0.1838970184326172
2228,0,0.46127423644065857
2229,0,0.47733667492866516
2230,0,0.015357730910182
2231,0,0.2779845893383026
2232,0,0.02136443927884102
2233,0,0.9754998683929443
2234,0,0.015395548194646835
2235,0,0.0396793857216835
2236,0,0.838523805141449
2237,0,0.42008185386657715
2238,0,0.09608177840709686
2239,0,0.8097414374351501
2240,0,0.3870946168899536
2241,0,0.782977819442749
2242,0,0.0019009653478860855
2243,0,0.1546495407819748
2244,0,0.08868242055177689
2245,0,0.6805937886238098
2246,0,0.2984880208969116
2247,0,0.17747461795806885
2248,0,0.0932878702878952
2249,0,0.02426348440349102
2250,0,0.019188083708286285
2251,0,0.3433252274990082
2252,0,0.05842835083603859
2253,0,0.20472131669521332
2254,0,0.019473565742373466
2255,0,0.02949027717113495
2256,0,0.28292280435562134
2257,0,0.3155065178871155
2258,0,0.30883729457855225
2259,0,0.5083656907081604
2260,0,0.17839425802230835
2261,0,0.21050933003425598
2262,0,0.8072816133499146
2263,0,0.7573398947715759
2264,0,0.018602872267365456
2265,0,0.5318715572357178
2266,0,0.3450421690940857
2267,0,0.011309055611491203
2268,0,0.5902294516563416
2269,0,0.437799870967865
2270,0,0.009769205935299397
2271,0,0.2604648172855377
2272,0,0.7848463654518127
2273,0,0.7660937905311584
2274,0,0.12752017378807068
2275,0,0.16290098428726196
2276,0,0.44523507356643677
2277,0,0.011519317515194416
2278,0,0.7135154604911804
2279,0,0.21966032683849335
2280,0,0.034706830978393555
2281,0,0.03333582729101181
2282,0,0.2287510335445404
2283,0,0.025208430364727974
2284,0,0.009760385379195213
2285,0,0.06412338465452194
2286,0,0.837574303150177
2287,0,0.03168291971087456
2288,0,0.0994744598865509
2289,0,0.009895737282931805
2290,0,0.025475991889834404
2291,0,0.04431149363517761
2292,0,0.10331742465496063
2293,0,0.02333543449640274
2294,0,0.8391061425209045
2295,0,0.008703605271875858
2296,0,0.27162492275238037
2297,0,0.10331742465496063
2298,0,0.08446211367845535
2299,0,0.0029310849495232105
2300,0,0.08664952218532562
2301,0,0.1896345168352127
2302,0,0.13430330157279968
2303,0,0.9712920784950256
2304,0,0.43936821818351746
2305,0,0.3638583719730377
2306,0,0.014573749154806137
2307,0,0.4961600601673126
2308,0,0.2874320447444916
2309,0,0.977069079875946
2310,0,0.6400665640830994
2311,0,0.025260142982006073
2312,0,0.005459574516862631
2313,0,0.7625457644462585
2314,0,0.39138245582580566
2315,0,0.35205844044685364
2316,0,0.37761417031288147
2317,0,0.10299345850944519
2318,0,0.0726771354675293
2319,0,0.74518221616745
2320,0,0.2114078402519226
2321,0,0.022586707025766373
2322,0,0.1433497816324234
2323,0,0.08584381639957428
2324,0,0.20605041086673737
2325,0,0.05016925185918808
2326,0,0.5241667628288269
2327,0,0.16860921680927277
2328,0,0.28585579991340637
2329,0,0.25662484765052795
2330,0,0.09182427823543549
2331,0,0.1054888367652893
2332,0,0.25763455033302307
2333,0,0.37607288360595703
2334,0,0.03228585049510002
2335,0,0.02998528629541397
2336,0,0.33791616559028625
2337,0,0.8865970373153687
2338,0,0.14831562340259552
2339,0,0.27797389030456543
2340,0,0.3026611804962158
2341,0,0.04253651946783066
2342,0,0.6889548301696777
2343,0,0.11125033348798752
2344,0,0.025866804644465446
2345,0,0.7343852519989014
2346,0,0.2766251564025879
2347,0,0.22490333020687103
2348,0,0.017243221402168274
2349,0,0.7724983096122742
2350,0,0.4199400246143341
2351,0,0.40089142322540283
2352,0,0.007818765938282013
2353,0,0.08527740091085434
2354,0,0.07149355113506317
2355,0,0.6803300380706787
2356,0,0.6076479554176331
2357,0,0.02893092669546604
2358,0,0.14465303719043732
2359,0,0.3854970335960388
2360,0,0.6748834848403931
2361,0,0.13927140831947327
2362,0,0.10675065964460373
2363,0,0.9740169644355774
2364,0,0.4925030767917633
2365,0,0.028042759746313095
2366,0,0.011274888180196285
2367,0,0.058001067489385605
2368,0,0.5389200448989868
2369,0,0.45870643854141235
2370,0,0.08708834648132324
2371,0,0.14761385321617126
2372,0,0.0525001585483551
2373,0,0.8210446834564209
2374,0,0.6485744714736938
2375,0,0.6842631697654724
2376,0,0.00885333213955164
2377,0,0.06862856447696686
2378,0,0.009767914190888405
2379,0,0.6385785341262817
2380,0,0.005375076085329056
2381,0,0.2704809904098511
2382,0,0.07580333948135376
2383,0,0.1213872954249382
2384,0,0.013529226183891296
2385,0,0.10821200907230377
2386,0,0.33616459369659424
2387,0,0.013083579018712044
2388,0,0.302999883890152
2389,0,0.29871508479118347
2390,0,0.5338631868362427
2391,0,0.27762576937675476
2392,0,0.2879793345928192
2393,0,0.11425450444221497
2394,0,0.08219242841005325
2395,0,0.47989705204963684
2396,0,0.18671227991580963
2397,0,0.0994744598865509
2398,0,0.8006078600883484
2399,0,0.5094226598739624
2400,0,0.24312914907932281
2401,0,0.011967337690293789
2402,0,0.09399446099996567
2403,0,0.19977819919586182
2404,0,0.8747292757034302
2405,0,0.7609009146690369
2406,0,0.400572270154953
2407,0,0.3038119375705719
2408,0,0.004652741830796003
2409,0,0.21224108338356018
2410,0,0.15522609651088715
2411,0,0.04281802102923393
2412,0,0.5253391265869141
2413,0,0.07579760998487473
2414,0,0.1304824948310852
2415,0,0.006232080049812794
2416,0,0.011006857268512249
2417,0,0.0025085611268877983
2418,0,0.07042738795280457
2419,0,0.16327442228794098
2420,0,0.19584548473358154
2421,0,0.018347440287470818
2422,0,0.34653523564338684
2423,0,0.0856626033782959
2424,0,0.011310206726193428
2425,0,0.010994918644428253
2426,0,0.15689897537231445
2427,0,0.06977818161249161
2428,0,0.022809937596321106
2429,0,0.06732939183712006
2430,0,0.32482731342315674
2431,0,0.3344329297542572
2432,0,0.021479913964867592
2433,0,0.9322023987770081
2434,0,0.03663356229662895
2435,0,0.5483258366584778
2436,0,0.013722925446927547
2437,0,0.08058508485555649
2438,0,0.8090137839317322
2439,0,0.09605342894792557
2440,0,0.29503849148750305
2441,0,0.018381714820861816
2442,0,0.027999063953757286
2443,0,0.1844472587108612
2444,0,0.09286677837371826
2445,0,0.006444104947149754
2446,0,0.00812718365341425
2447,0,0.829371452331543
2448,0,0.5048313140869141
2449,0,0.08061174303293228
2450,0,0.014639368280768394
2451,0,0.2698012590408325
2452,0,0.1825317144393921
2453,0,0.007083199452608824
2454,0,0.009513508528470993
2455,0,0.27670520544052124
2456,0,0.19989602267742157
2457,0,0.20044781267642975
2458,0,0.7930575013160706
2459,0,0.05390559881925583
2460,0,0.4654730260372162
2461,0,0.05136389657855034
2462,0,0.6774116158485413
2463,0,0.31310513615608215
2464,0,0.3233589231967926
2465,0,0.10481550544500351
2466,0,0.033244963735342026
2467,0,0.33736473321914673
2468,0,0.39314356446266174
2469,0,0.19511844217777252
2470,0,0.7221172451972961
2471,0,0.00784786231815815
2472,0,0.055051855742931366
2473,0,0.43664854764938354
2474,0,0.35079094767570496
2475,0,0.03591448441147804
2476,0,0.04905711114406586
2477,0,0.12719808518886566
2478,0,0.24387779831886292
2479,0,0.03227602317929268
2480,0,0.004878601990640163
2481,0,0.11037933826446533
2482,0,0.02025379240512848
2483,0,0.004238506779074669
2484,0,0.009174324572086334
2485,0,0.00432163430377841
2486,0,0.21065033972263336
2487,0,0.11784174293279648
2488,0,0.01817936636507511
2489,0,0.47626978158950806
2490,0,0.028558015823364258
2491,0,0.19174808263778687
2492,0,0.011780505999922752
2493,0,0.05045298486948013
2494,0,0.3022337853908539
2495,0,0.1941714584827423
2496,0,0.3658483922481537
2497,0,0.3361392021179199
2498,0,0.27846309542655945
2499,0,0.012371305376291275
2500,0,0.29427820444107056
2501,0,0.022110072895884514
2502,0,0.21152052283287048
2503,0,0.6625456213951111
2504,0,0.2841508686542511
2505,0,0.4930102527141571
2506,0,0.24830090999603271
2507,0,0.023063797503709793
2508,0,0.8964530825614929
2509,0,0.4582563638687134
2510,0,0.38458052277565
2511,0,0.5913913249969482
2512,0,0.10481550544500351
2513,0,0.7202547788619995
2514,0,0.70176100730896
2515,0,0.499134361743927
2516,0,0.8628082871437073
2517,0,0.060113679617643356
2518,0,0.3227541148662567
2519,0,0.04002440348267555
2520,0,0.6609141826629639
2521,0,0.624455988407135
2522,0,0.04857350140810013
2523,0,0.1347685307264328
2524,0,0.1020321398973465
2525,0,0.14041750133037567
2526,0,0.5435152649879456
2527,0,0.48626723885536194
2528,0,0.1581387221813202
2529,0,0.3897397816181183
2530,0,0.06337139755487442
2531,0,0.6627641916275024
2532,0,0.2398427575826645
2533,0,0.39797306060791016
2534,0,0.008782923221588135
2535,0,0.6676974892616272
2536,0,0.03652731329202652
2537,0,0.26108816266059875
2538,0,0.017376990988850594
2539,0,0.03044421598315239
2540,0,0.16788657009601593
2541,0,0.4982437491416931
2542,0,0.352101594209671
2543,0,0.9321537017822266
2544,0,0.22581730782985687
2545,0,0.115949347615242
2546,0,0.02799641713500023
2547,0,0.3934391140937805
2548,0,0.11553241312503815
2549,0,0.32819315791130066
2550,0,0.178059920668602
2551,0,0.250135213136673
2552,0,0.9714705348014832
2553,0,0.005469175986945629
2554,0,0.140493705868721
2555,0,0.034815795719623566
2556,0,0.19150638580322266
2557,0,0.7753670811653137
2558,0,0.1319233775138855
2559,0,0.6033445596694946
2560,0,0.010510959662497044
2561,0,0.5819467306137085
2562,0,0.3984162211418152
2563,0,0.00188633450306952
2564,0,0.15592652559280396
2565,0,0.003128592623397708
2566,0,0.01941368170082569
2567,0,0.011699271388351917
2568,0,0.14095154404640198
2569,0,0.3213807940483093
2570,0,0.05650220811367035
2571,0,0.008517300710082054
2572,0,0.2918381690979004
2573,0,0.36759674549102783
2574,0,0.005427774973213673
2575,0,0.9461500644683838
2576,0,0.4384603202342987
2577,0,0.42598235607147217
2578,0,0.08916439116001129
2579,0,0.10481550544500351
2580,0,0.12509436905384064
2581,0,0.20800265669822693
2582,0,0.1976250410079956
2583,0,0.03323076665401459
2584,0,0.030961062759160995
2585,0,0.004776790738105774
2586,0,0.04816444218158722
2587,0,0.09983061254024506
2588,0,0.010637309402227402
2589,0,0.00981585867702961
2590,0,0.6210315823554993
2591,0,0.8115307092666626
2592,0,0.16786932945251465
2593,0,0.017672736197710037
2594,0,0.006088529713451862
2595,0,0.04644487053155899
2596,0,0.26284530758857727
2597,0,0.11521435528993607
2598,0,0.903001070022583
2599,0,0.0482025146484375
2600,0,0.01182376779615879
2601,0,0.31737321615219116
2602,0,0.4886365234851837
2603,0,0.23267346620559692
2604,0,0.9271470904350281
2605,0,0.1523716300725937
2606,0,0.7909034490585327
2607,0,0.032290149480104446
2608,0,0.05555878207087517
2609,0,0.9068092107772827
2610,0,0.08123475313186646
2611,0,0.29994717240333557
2612,0,0.656978189945221
2613,0,0.22705261409282684
2614,0,0.5804750919342041
2615,0,0.2934258282184601
2616,0,0.05511840805411339
2617,0,0.0932878702878952
2618,0,0.07930923253297806
2619,0,0.5984073281288147
2620,0,0.2374870479106903
2621,0,0.5765368938446045
2622,0,0.010996823199093342
2623,0,0.1143408939242363
2624,0,0.12127916514873505
2625,0,0.07225853949785233
2626,0,0.35424530506134033
2627,0,0.45827117562294006
2628,0,0.395467609167099
2629,0,0.003893030108883977
2630,0,0.12321524322032928
2631,0,0.004359147977083921
2632,0,0.2550065517425537
2633,0,0.02929013967514038
2634,0,0.025001676753163338
2635,0,0.41906869411468506
2636,0,0.27783358097076416
2637,0,0.9491954445838928
2638,0,0.1185472309589386
2639,0,0.1428360491991043
2640,0,0.24489106237888336
2641,0,0.4076775312423706
2642,0,0.10809089988470078
2643,0,0.09603666514158249
2644,0,0.004175092559307814
2645,0,0.007553283125162125
2646,0,0.1867683380842209
2647,0,0.33117881417274475
2648,0,0.024159088730812073
2649,0,0.3138725161552429
2650,0,0.003984526731073856
2651,0,0.009367936290800571
2652,0,0.0871034562587738
2653,0,0.02660456672310829
2654,0,0.5081928372383118
2655,0,0.02268292009830475
2656,0,0.5140748023986816
2657,0,0.11381052434444427
2658,0,0.46407055854797363
2659,0,0.07747603207826614
2660,0,0.004407656379044056
2661,0,0.011413129977881908
2662,0,0.48991987109184265
2663,0,0.1366136521100998
2664,0,0.011405637487769127
2665,0,0.7557284235954285
2666,0,0.005535999312996864
2667,0,0.5232486724853516
2668,0,0.45172232389450073
2669,0,0.44306480884552
2670,0,0.6674959063529968
2671,0,0.018853923305869102
2672,0,0.021078793331980705
2673,0,0.32164666056632996
2674,0,0.07546558231115341
2675,0,0.010172788053750992
2676,0,0.0058546825312078
2677,0,0.5141419768333435
2678,0,0.11477640271186829
2679,0,0.12336204200983047
2680,0,0.19665952026844025
2681,0,0.2909913659095764
2682,0,0.0932878702878952
2683,0,0.5203032493591309
2684,0,0.12517908215522766
2685,0,0.7563803791999817
2686,0,0.037240855395793915
2687,0,0.01378831546753645
2688,0,0.8836125135421753
2689,0,0.154977947473526
2690,0,0.5318999886512756
2691,0,0.2564457952976227
2692,0,0.16425755620002747
2693,0,0.432312548160553
2694,0,0.012067597359418869
2695,0,0.49919140338897705
2696,0,0.0932878702878952
2697,0,0.00844720471650362
2698,0,0.7884052395820618
2699,0,0.027292806655168533
2700,0,0.18350179493427277
2701,0,0.017805757001042366
2702,0,0.30050984025001526
2703,0,0.005198074504733086
2704,0,0.008311551995575428
2705,0,0.36978963017463684
2706,0,0.24275396764278412
2707,0,0.7006108164787292
2708,0,0.3090609014034271
2709,0,0.25826528668403625
2710,0,0.4779369533061981
2711,0,0.09720516949892044
2712,0,0.04084130749106407
2713,0,0.09857397526502609
2714,0,0.5030197501182556
2715,0,0.005942945368587971
2716,0,0.006635770667344332
2717,0,0.008632706478238106
2718,0,0.48437198996543884
2719,0,0.025797637179493904
2720,0,0.005117894150316715
2721,0,0.14793431758880615
2722,0,0.012376537546515465
2723,0,0.10926206409931183
2724,0,0.36652207374572754
2725,0,0.03243391588330269
2726,0,0.7837386131286621
2727,0,0.6580890417098999
2728,0,0.11734418570995331
2729,0,0.02950642630457878
2730,0,0.1917506605386734
2731,0,0.031274162232875824
2732,0,0.048994749784469604
2733,0,0.5889763236045837
2734,0,0.030720768496394157
2735,0,0.3284730315208435
2736,0,0.10193715989589691
2737,0,0.023097239434719086
2738,0,0.03901975229382515
2739,0,0.024213602766394615
2740,0,0.01880474016070366
2741,0,0.8020238280296326
2742,0,0.03616130352020264
2743,0,0.14349272847175598
2744,0,0.24987569451332092
2745,0,0.5164628624916077
2746,0,0.6466318964958191
2747,0,0.07043401896953583
2748,0,0.3326508402824402
2749,0,0.4670266807079315
2750,0,0.27328383922576904
2751,0,0.41048091650009155
2752,0,0.3536122739315033
2753,0,0.1139845997095108
2754,0,0.6561369299888611
2755,0,0.02676863595843315
2756,0,0.014829447492957115
2757,0,0.15226773917675018
2758,0,0.2934258282184601
2759,0,0.14148204028606415
2760,0,0.2987533509731293
2761,0,0.2406606525182724
2762,0,0.0427435003221035
2763,0,0.0062791733071208
2764,0,0.5459210872650146
2765,0,0.923717737197876
2766,0,0.00793041568249464
2767,0,0.41419440507888794
2768,0,0.21331562101840973
2769,0,0.21722160279750824
2770,0,0.14916719496250153
2771,0,0.13383138179779053
2772,0,0.32765963673591614
2773,0,0.2978520393371582
2774,0,0.003793262643739581
2775,0,0.1875617355108261
2776,0,0.01452427264302969
2777,0,0.31101104617118835
2778,0,0.04746193066239357
2779,0,0.0827815905213356
2780,0,0.9508085250854492
2781,0,0.9082014560699463
2782,0,0.30794334411621094
2783,0,0.3738226890563965
2784,0,0.41624972224235535
2785,0,0.17022566497325897
2786,0,0.29546207189559937
2787,0,0.13792352378368378
2788,0,0.33106276392936707
2789,0,0.02284749038517475
2790,0,0.006406249012798071
2791,0,0.08061174303293228
2792,0,0.0070231263525784016
2793,0,0.007587930653244257
2794,0,0.005132569465786219
2795,0,0.2461220920085907
2796,0,0.17722037434577942
2797,0,0.24480020999908447
2798,0,0.5277172327041626
2799,0,0.30829623341560364
2800,0,0.1452653855085373
2801,0,0.5096846222877502
2802,0,0.12307441234588623
2803,0,0.17627820372581482
2804,0,0.008536085486412048
2805,0,0.29847201704978943
2806,0,0.233994722366333
2807,0,0.16282819211483002
2808,0,0.40978431701660156
2809,0,0.0024393084459006786
2810,0,0.08061174303293228
2811,0,0.03350064158439636
2812,0,0.17991501092910767
2813,0,0.2669786810874939
2814,0,0.46260809898376465
2815,0,0.03435705974698067
2816,0,0.1403525322675705
2817,0,0.01522151380777359
2818,0,0.11500691622495651
2819,0,0.010234464891254902
2820,0,0.2728806734085083
2821,0,0.20731399953365326
2822,0,0.5810871124267578
2823,0,0.36521878838539124
2824,0,0.15202568471431732
2825,0,0.40018191933631897
2826,0,0.026442943140864372
2827,0,0.09982641041278839
2828,0,0.05941436067223549
2829,0,0.22455471754074097
2830,0,0.9111676216125488
2831,0,0.17717723548412323
2832,0,0.48100027441978455
2833,0,0.18703193962574005
2834,0,0.5899322032928467
2835,0,0.04744601994752884
2836,0,0.05423174053430557
2837,0,0.7636343836784363
2838,0,0.042095888406038284
2839,0,0.028385870158672333
2840,0,0.6968247890472412
2841,0,0.5206735134124756
2842,0,0.06532035022974014
2843,0,0.7069088816642761
2844,0,0.15235283970832825
2845,0,0.03372364491224289
2846,0,0.08061174303293228
2847,0,0.06154191493988037
2848,0,0.7336974143981934
2849,0,0.6604064702987671
2850,0,0.01898835599422455
2851,0,0.5324952602386475
2852,0,0.3027477264404297
2853,0,0.5402544140815735
2854,0,0.11913405358791351
2855,0,0.006493392400443554
2856,0,0.04254128783941269
2857,0,0.4681272506713867
2858,0,0.8610602021217346
2859,0,0.2561546266078949
2860,0,0.024151427671313286
2861,0,0.09302708506584167
2862,0,0.003103776602074504
2863,0,0.08208992332220078
2864,0,0.41041216254234314
2865,0,0.13257794082164764
2866,0,0.9689449667930603
2867,0,0.15985508263111115
2868,0,0.15785132348537445
2869,0,0.36444562673568726
2870,0,0.06692177057266235
2871,0,0.024886146187782288
2872,0,0.5581615567207336
2873,0,0.39378413558006287
2874,0,0.011223199777305126
2875,0,0.1650232970714569
2876,0,0.38030901551246643
2877,0,0.026921022683382034
2878,0,0.01007907185703516
2879,0,0.0495317317545414
2880,0,0.5539575219154358
2881,0,0.26067912578582764
2882,0,0.0029502036049962044
2883,0,0.5969560742378235
2884,0,0.13397009670734406
2885,0,0.6375282406806946
2886,0,0.8101592659950256
2887,0,0.6049129366874695
2888,0,0.10135243833065033
2889,0,0.037403810769319534
2890,0,0.18023227155208588
2891,0,0.3724000155925751
2892,0,0.9719831347465515
2893,0,0.15179042518138885
2894,0,0.035848118364810944
2895,0,0.4537833333015442
2896,0,0.006906257476657629
2897,0,0.16299106180667877
2898,0,0.6119842529296875
2899,0,0.2713656723499298
2900,0,0.05808035656809807
2901,0,0.022395532578229904
2902,0,0.025634434074163437
2903,0,0.03013325296342373
2904,0,0.1643305867910385
2905,0,0.5075004696846008
2906,0,0.1077050194144249
2907,0,0.01271586399525404
2908,0,0.016922462731599808
2909,0,0.018335577100515366
2910,0,0.010228456929326057
2911,0,0.03328413516283035
2912,0,0.13535237312316895
2913,0,0.056187424808740616
2914,0,0.03170251101255417
2915,0,0.04184696823358536
2916,0,0.00835677795112133
2917,0,0.015090902335941792
2918,0,0.02963808737695217
2919,0,0.5260798931121826
2920,0,0.01754397712647915
2921,0,0.20789983868598938
2922,0,0.5106552243232727
2923,0,0.069953553378582
2924,0,0.8935631513595581
2925,0,0.0014528239844366908
2926,0,0.007573900744318962
2927,0,0.05933191254734993
2928,0,0.31394681334495544
2929,0,0.018199505284428596
2930,0,0.3399430513381958
2931,0,0.6259711980819702
2932,0,0.022671053186058998
2933,0,0.04581368342041969
2934,0,0.01787411794066429
2935,0,0.08881126344203949
2936,0,0.34377652406692505
2937,0,0.013341826386749744
2938,0,0.009654137305915356
2939,0,0.4243808388710022
2940,0,0.2650033235549927
2941,0,0.004095237702131271
2942,0,0.014028549194335938
2943,0,0.05082636699080467
2944,0,0.10481550544500351
2945,0,0.10761772841215134
2946,0,0.052981626242399216
2947,0,0.14271408319473267
2948,0,0.004716266877949238
2949,0,0.01779743656516075
2950,0,0.10578171163797379
2951,0,0.0994744598865509
2952,0,0.0418410524725914
2953,0,0.22251710295677185
2954,0,0.00947633571922779
2955,0,0.007831531576812267
2956,0,0.04639575630426407
2957,0,0.05088755860924721
2958,0,0.4767017364501953
2959,0,0.4263302981853485
2960,0,0.25400394201278687
2961,0,0.154263436794281
2962,0,0.03572237119078636
2963,0,0.22764645516872406
2964,0,0.008488208055496216
2965,0,0.09296391904354095
2966,0,0.21037434041500092
2967,0,0.11197289824485779
2968,0,0.8032607436180115
2969,0,0.4390782415866852
2970,0,0.3500247597694397
2971,0,0.0608210451900959
2972,0,0.49684688448905945
2973,0,0.5987014174461365
2974,0,0.026229925453662872
2975,0,0.00821599643677473
2976,0,0.23331132531166077
2977,0,0.0807284414768219
2978,0,0.6893789172172546
2979,0,0.5172622799873352
2980,0,0.586188554763794
2981,0,0.3727946877479553
2982,0,0.14104634523391724
2983,0,0.09401034563779831
2984,0,0.12129184603691101
2985,0,0.35686376690864563
2986,0,0.24424465000629425
2987,0,0.9539593458175659
2988,0,0.4794917702674866
2989,0,0.08398644626140594
2990,0,0.08899008482694626
2991,0,0.011916284449398518
2992,0,0.022200876846909523
2993,0,0.19345217943191528
2994,0,0.010388784110546112
2995,0,0.7664218544960022
2996,0,0.86722332239151
2997,0,0.0025463374331593513
2998,0,0.4120057225227356
2999,0,0.34703177213668823
3000,0,0.005657592788338661
3001,0,0.15157312154769897
3002,0,0.786550760269165
3003,0,0.4742696285247803
3004,0,0.019229326397180557
3005,0,0.1788472980260849
3006,0,0.010149708949029446
3007,0,0.051053889095783234
3008,0,0.18769137561321259
3009,0,0.8916311860084534
3010,0,0.05881185084581375
3011,0,0.019890211522579193
3012,0,0.44011572003364563
3013,0,0.16497786343097687
3014,0,0.3500174582004547
3015,0,0.5080665349960327
3016,0,0.3775317370891571
3017,0,0.16792504489421844
3018,0,0.009374797344207764
3019,0,0.01391390897333622
3020,0,0.6348590850830078
3021,0,0.1926419734954834
3022,0,0.012760925106704235
3023,0,0.4494476616382599
3024,0,0.0518985278904438
3025,0,0.0036228555254638195
3026,0,0.07123930007219315
3027,0,0.013038150034844875
3028,0,0.001792822265997529
3029,0,0.30867642164230347
3030,0,0.0043579270131886005
3031,0,0.7812562584877014
3032,0,0.4215797781944275
3033,0,0.4296419620513916
3034,0,0.035446833819150925
3035,0,0.43232282996177673
3036,0,0.06852609664201736
3037,0,0.009306587278842926
3038,0,0.2882005274295807
3039,0,0.4165870249271393
3040,0,0.07813075929880142
3041,0,0.9368128180503845
3042,0,0.6428737640380859
3043,0,0.10055024921894073
3044,0,0.11404650658369064
3045,0,0.25910913944244385
3046,0,0.028780747205018997
3047,0,0.12990427017211914
3048,0,0.32111451029777527
3049,0,0.6904277801513672
3050,0,0.30120131373405457
3051,0,0.12143728882074356
3052,0,0.007596089504659176
3053,0,0.2747933566570282
3054,0,0.14636091887950897
3055,0,0.003380639012902975
3056,0,0.7868292927742004
3057,0,0.0781121626496315
3058,0,0.08588948100805283
3059,0,0.11262764781713486
3060,0,0.7420154213905334
3061,0,0.03428872302174568
3062,0,0.026499992236495018
3063,0,0.14075607061386108
3064,0,0.08357948809862137
3065,0,0.023339495062828064
3066,0,0.0028241844847798347
3067,0,0.1021004468202591
3068,0,0.07587821781635284
3069,0,0.009226884692907333
3070,0,0.4863971769809723
3071,0,0.1210370883345604
3072,0,0.050056397914886475
3073,0,0.5435152649879456
3074,0,0.22790899872779846
3075,0,0.7902972102165222
3076,0,0.2774025499820709
3077,0,0.0063885897397994995
3078,0,0.01042914018034935
3079,0,0.10995110869407654
3080,0,0.09515342861413956
3081,0,0.5989751219749451
3082,0,0.15014640986919403
3083,0,0.4591934382915497
3084,0,0.5380875468254089
3085,0,0.004255624953657389
3086,0,0.021346457302570343
3087,0,0.22220833599567413
3088,0,0.7948264479637146
3089,0,0.10449081659317017
3090,0,0.15734344720840454
3091,0,0.5923166275024414
3092,0,0.20043881237506866
3093,0,0.21828725934028625
3094,0,0.7031554579734802
3095,0,0.5651854276657104
3096,0,0.0034353979863226414
3097,0,0.490761399269104
3098,0,0.2574617862701416
3099,0,0.010885823518037796
3100,0,0.1131623312830925
3101,0,0.009273815900087357
3102,0,0.08061174303293228
3103,0,0.049741409718990326
3104,0,0.4476231336593628
3105,0,0.0994744598865509
3106,0,0.413642555475235
3107,0,0.1077050194144249
3108,0,0.26277077198028564
3109,0,0.63498854637146
3110,0,0.3562939167022705
3111,0,0.3570314943790436
3112,0,0.2232464849948883
3113,0,0.09074041992425919
3114,0,0.01320604607462883
3115,0,0.38496875762939453
3116,0,0.016268499195575714
3117,0,0.5510019659996033
3118,0,0.05141625553369522
3119,0,0.24188871681690216
3120,0,0.06777817755937576
3121,0,0.10481550544500351
3122,0,0.1256907731294632
3123,0,0.08902526646852493
3124,0,0.0033329399302601814
3125,0,0.11447910219430923
3126,0,0.009789989329874516
3127,0,0.027556821703910828
3128,0,0.0627884790301323
3129,0,0.14323608577251434
3130,0,0.12279454618692398
3131,0,0.2689143121242523
3132,0,0.25355708599090576
3133,0,0.27327823638916016
3134,0,0.5433070063591003
3135,0,0.025711921975016594
3136,0,0.3659200072288513
3137,0,0.32020267844200134
3138,0,0.033044952899217606
3139,0,0.2324046790599823
3140,0,0.5247516632080078
3141,0,0.003636651672422886
3142,0,0.12257067859172821
3143,0,0.4240226149559021
3144,0,0.2522547245025635
3145,0,0.021299926564097404
3146,0,0.006089368835091591
3147,0,0.10481550544500351
3148,0,0.013452875427901745
3149,0,0.04257712885737419
3150,0,0.1849946528673172
3151,0,0.3432048261165619
3152,0,0.013260715641081333
3153,0,0.6046130061149597
3154,0,0.10331742465496063
3155,0,0.15975727140903473
3156,0,0.390046626329422
3157,0,0.5705273747444153
3158,0,0.29295727610588074
3159,0,0.8308033347129822
3160,0,0.07522816956043243
3161,0,0.011505567468702793
3162,0,0.5223219394683838
3163,0,0.0879945158958435
3164,0,0.32919275760650635
3165,0,0.6344563364982605
3166,0,0.15278759598731995
3167,0,0.1290493756532669
3168,0,0.18406568467617035
3169,0,0.7508525848388672
3170,0,0.2934258282184601
3171,0,0.01679164357483387
3172,0,0.09207817167043686
3173,0,0.3248612880706787
3174,0,0.35267773270606995
3175,0,0.4640839099884033
3176,0,0.006418413482606411
3177,0,0.03447187691926956
3178,0,0.013282934203743935
3179,0,0.010061963461339474
3180,0,0.4733162820339203
3181,0,0.5692263841629028
3182,0,0.3337622284889221
3183,0,0.017711220309138298
3184,0,0.19187594950199127
3185,0,0.022201834246516228
3186,0,0.07316992431879044
3187,0,0.2819918096065521
3188,0,0.034159641712903976
3189,0,0.09222112596035004
3190,0,0.3210229277610779
3191,0,0.06165716424584389
3192,0,0.10049603134393692
3193,0,0.3978934586048126
3194,0,0.4366106688976288
3195,0,0.00901388842612505
3196,0,0.4059692323207855
3197,0,0.08234702795743942
3198,0,0.4497905373573303
3199,0,0.6504551768302917
3200,0,0.12075849622488022
3201,0,0.626359760761261
3202,0,0.11381052434444427
3203,0,0.0063238893635571
3204,0,0.020534630864858627
3205,0,0.5837917923927307
3206,0,0.3747422397136688
3207,0,0.012870173901319504
3208,0,0.25617241859436035
3209,0,0.06751114130020142
3210,0,0.13420163094997406
3211,0,0.2564590871334076
3212,0,0.40788450837135315
3213,0,0.6795620322227478
3214,0,0.007420842070132494
3215,0,0.027268249541521072
3216,0,0.5435152649879456
3217,0,0.034565508365631104
3218,0,0.004255049396306276
3219,0,0.9577252268791199
3220,0,0.5106463432312012
3221,0,0.33705297112464905
3222,0,0.006272413302212954
3223,0,0.003782520303502679
3224,0,0.1143408939242363
3225,0,0.4086109399795532
3226,0,0.36788254976272583
3227,0,0.02296506240963936
3228,0,0.38060688972473145
3229,0,0.0046643102541565895
3230,0,0.24617817997932434
3231,0,0.21290451288223267
3232,0,0.5483900308609009
3233,0,0.09066847711801529
3234,0,0.3222479522228241
3235,0,0.42981433868408203
3236,0,0.7843018770217896
3237,0,0.28109192848205566
3238,0,0.4789309501647949
3239,0,0.023426314815878868
3240,0,0.48025619983673096
3241,0,0.10575178265571594
3242,0,0.2887515127658844
3243,0,0.5447693467140198
3244,0,0.3617136478424072
3245,0,0.1482839286327362
3246,0,0.2462230920791626
3247,0,0.09442994743585587
3248,0,0.1819159984588623
3249,0,0.07249119132757187
3250,0,0.0076095303520560265
3251,0,0.030276497825980186
3252,0,0.32272574305534363
3253,0,0.5596879720687866
3254,0,0.4139192998409271
3255,0,0.8743394017219543
3256,0,0.28214967250823975
3257,0,0.29910919070243835
3258,0,0.04062100499868393
3259,0,0.5028266906738281
3260,0,0.13996544480323792
3261,0,0.013661076314747334
3262,0,0.10824579000473022
3263,0,0.04090246185660362
3264,0,0.5118204355239868
3265,0,0.33090606331825256
3266,0,0.04781559482216835
3267,0,0.014920786954462528
3268,0,0.046442605555057526
3269,0,0.5983312726020813
3270,0,0.10481550544500351
3271,0,0.2622191607952118
3272,0,0.608493983745575
3273,0,0.006355245131999254
3274,0,0.12321582436561584
3275,0,0.012053676880896091
3276,0,0.2639276683330536
3277,0,0.6289302110671997
3278,0,0.008295931853353977
3279,0,0.2227317839860916
3280,0,0.3233855962753296
3281,0,0.10331742465496063
3282,0,0.3105357885360718
3283,0,0.972290575504303
3284,0,0.22653092443943024
3285,0,0.0031730267219245434
3286,0,0.23449546098709106
3287,0,0.27506235241889954
3288,0,0.4722220301628113
3289,0,0.22695708274841309
3290,0,0.12966129183769226
3291,0,0.5300936698913574
3292,0,0.16204288601875305
3293,0,0.431533545255661
3294,0,0.06510414928197861
3295,0,0.026246486231684685
3296,0,0.5777330994606018
3297,0,0.7987262606620789
3298,0,0.0049848658964037895
3299,0,0.3339229226112366
3300,0,0.3221904933452606
3301,0,0.5448350310325623
3302,0,0.35316523909568787
3303,0,0.2633417546749115
3304,0,0.015144561417400837
3305,0,0.3758337199687958
3306,0,0.7325449585914612
3307,0,0.052492495626211166
3308,0,0.3557698130607605
3309,0,0.3357631266117096
3310,0,0.4161447584629059
3311,0,0.2635032534599304
3312,0,0.2321537435054779
3313,0,0.35538509488105774
3314,0,0.037592750042676926
3315,0,0.015428434126079082
3316,0,0.11893530935049057
3317,0,0.5918806195259094
3318,0,0.2356378585100174
3319,0,0.10481550544500351
3320,0,0.003375896718353033
3321,0,0.0218184944242239
3322,0,0.7875242829322815
3323,0,0.10331742465496063
3324,0,0.021664367988705635
3325,0,0.3913339674472809
3326,0,0.2901861071586609
3327,0,0.10331742465496063
3328,0,0.31651443243026733
3329,0,0.0413782000541687
3330,0,0.2503063380718231
3331,0,0.25922420620918274
3332,0,0.012046229094266891
3333,0,0.07215605676174164
3334,0,0.4238789975643158
3335,0,0.10481550544500351
3336,0,0.008142788894474506
3337,0,0.7674100399017334
3338,0,0.2778785824775696
3339,0,0.06150629371404648
3340,0,0.01830226555466652
3341,0,0.7006810903549194
3342,0,0.09492510557174683
3343,0,0.8723894953727722
3344,0,0.8701347708702087
3345,0,0.14065399765968323
3346,0,0.9886461496353149
3347,0,0.019039811566472054
3348,0,0.23494695127010345
3349,0,0.1912384033203125
3350,0,0.10109687596559525
3351,0,0.07170134037733078
3352,0,0.36818617582321167
3353,0,0.8101099133491516
3354,0,0.9390515685081482
3355,0,0.016495143994688988
3356,0,0.09167149662971497
3357,0,0.3344995677471161
3358,0,0.004877731669694185
3359,0,0.04053184762597084
3360,0,0.490002304315567
3361,0,0.30920419096946716
3362,0,0.3123728036880493
3363,0,0.5577124953269958
3364,0,0.5740939378738403
3365,0,0.14231880009174347
3366,0,0.534600019454956
3367,0,0.0932878702878952
3368,0,0.7780367732048035
3369,0,0.3466576039791107
3370,0,0.11169879138469696
3371,0,0.02446812205016613
3372,0,0.21557565033435822
3373,0,0.1101747527718544
3374,0,0.8358029127120972
3375,0,0.37851372361183167
3376,0,0.2843082845211029
3377,0,0.31664523482322693
3378,0,0.17317767441272736
3379,0,0.14865785837173462
3380,0,0.541732907295227
3381,0,0.10481550544500351
3382,0,0.05191764980554581
3383,0,0.8560594916343689
3384,0,0.3864937722682953
3385,0,0.962471067905426
3386,0,0.9711423516273499
3387,0,0.402152955532074
3388,0,0.023643305525183678
3389,0,0.1512063443660736
3390,0,0.20025664567947388
3391,0,0.400991827249527
3392,0,0.023541031405329704
3393,0,0.03144095465540886
3394,0,0.015157285146415234
3395,0,0.37105071544647217
3396,0,0.00289115565828979
3397,0,0.0028506089001893997
3398,0,0.026585981249809265
3399,0,0.3296869695186615
3400,0,0.2066948562860489
3401,0,0.06224604696035385
3402,0,0.017611945047974586
3403,0,0.008138527162373066
3404,0,0.5596460700035095
3405,0,0.7640445828437805
3406,0,0.0867396891117096
3407,0,0.07568930089473724
3408,0,0.022994155064225197
3409,0,0.8951883912086487
3410,0,0.08925417810678482
3411,0,0.1143408939242363
3412,0,0.09027337282896042
3413,0,0.5271953344345093
3414,0,0.23979635536670685
3415,0,0.04961278289556503
3416,0,0.12600275874137878
3417,0,0.08911549299955368
3418,0,0.06743615865707397
3419,0,0.025054389610886574
3420,0,0.06791862100362778
3421,0,0.9333236813545227
3422,0,0.08205784112215042
3423,0,0.8116563558578491
3424,0,0.08955155313014984
3425,0,0.5587337017059326
3426,0,0.03107806108891964
3427,0,0.3668859601020813
3428,0,0.02655685320496559
3429,0,0.32766076922416687
3430,0,0.9286159873008728
3431,0,0.0059919883497059345
3432,0,0.008380373939871788
3433,0,0.058415092527866364
3434,0,0.009855052456259727
3435,0,0.0028109324630349874
3436,0,0.45755866169929504
3437,0,0.3902988135814667
3438,0,0.25375425815582275
3439,0,0.0062552932649850845
3440,0,0.9235337972640991
3441,0,0.27979686856269836
3442,0,0.551217794418335
3443,0,0.005414647050201893
3444,0,0.0058540054596960545
3445,0,0.5937212705612183
3446,0,0.8709626793861389
3447,0,0.10481550544500351
3448,0,0.0029358183965086937
3449,0,0.12861737608909607
3450,0,0.007658583577722311
3451,0,0.09501003473997116
3452,0,0.4316478371620178
3453,0,0.06866344064474106
3454,0,0.9411470890045166
3455,0,0.017364628612995148
3456,0,0.3515987694263458
3457,0,0.49721866846084595
3458,0,0.6241108179092407
3459,0,0.22866934537887573
3460,0,0.1782221645116806
3461,0,0.14352121949195862
3462,0,0.6001603603363037
3463,0,0.11535992473363876
3464,0,0.006532400380820036
3465,0,0.7194977402687073
3466,0,0.6308774352073669
3467,0,0.019016047939658165
3468,0,0.590036928653717
3469,0,0.03564770519733429
3470,0,0.06557624042034149
3471,0,0.47622790932655334
3472,0,0.03757110610604286
3473,0,0.5658428072929382
3474,0,0.5213432312011719
3475,0,0.7856547832489014
3476,0,0.16209107637405396
3477,0,0.006246626377105713
3478,0,0.17869968712329865
3479,0,0.015338290482759476
3480,0,0.46129798889160156
3481,0,0.27602702379226685
3482,0,0.948788583278656
3483,0,0.8500475883483887
3484,0,0.18612170219421387
3485,0,0.12688501179218292
3486,0,0.2862847149372101
3487,0,0.22131918370723724
3488,0,0.33916619420051575
3489,0,0.014053567312657833
3490,0,0.004000422544777393
3491,0,0.021363623440265656
3492,0,0.10481550544500351
3493,0,0.0671129897236824
3494,0,0.1807752549648285
3495,0,0.2226075381040573
3496,0,0.007077534217387438
3497,0,0.005388887599110603
3498,0,0.09839747101068497
3499,0,0.324851393699646
3500,0,0.10344415158033371
3501,0,0.37201738357543945
3502,0,0.2936992347240448
3503,0,0.006358697544783354
3504,0,0.15073375403881073
3505,0,0.24701529741287231
3506,0,0.020025864243507385
3507,0,0.0033566004130989313
3508,0,0.09315983951091766
3509,0,0.1304837316274643
3510,0,0.6884007453918457
3511,0,0.07467904686927795
3512,0,0.11417192965745926
3513,0,0.0626097097992897
3514,0,0.0016786252381280065
3515,0,0.4044443666934967
3516,0,0.584945797920227
3517,0,0.10481550544500351
3518,0,0.6431699991226196
3519,0,0.0561082623898983
3520,0,0.8671616911888123
3521,0,0.007630676031112671
3522,0,0.33761972188949585
3523,0,0.07808372378349304
3524,0,0.018828019499778748
3525,0,0.06909414380788803
3526,0,0.3795015811920166
3527,0,0.6525583863258362
3528,0,0.5580954551696777
3529,0,0.033550161868333817
3530,0,0.886900782585144
3531,0,0.3981190025806427
3532,0,0.0787651389837265
3533,0,0.45192742347717285
3534,0,0.2934258282184601
3535,0,0.1866961121559143
3536,0,0.0064877960830926895
3537,0,0.020200055092573166
3538,0,0.03884096443653107
3539,0,0.7490583062171936
3540,0,0.11493271589279175
3541,0,0.20354710519313812
3542,0,0.02265154756605625
3543,0,0.2218366116285324
3544,0,0.5057910680770874
3545,0,0.005192350130528212
3546,0,0.33357319235801697
3547,0,0.007918888702988625
3548,0,0.3594653308391571
3549,0,0.010071532800793648
3550,0,0.7953613996505737
3551,0,0.8852125406265259
3552,0,0.051019176840782166
3553,0,0.10331742465496063
3554,0,0.006011215038597584
3555,0,0.7915475964546204
3556,0,0.030692748725414276
3557,0,0.8851630687713623
3558,0,0.2215510606765747
3559,0,0.09332242608070374
3560,0,0.002911765594035387
3561,0,0.7518375515937805
3562,0,0.06983796507120132
3563,0,0.2325110286474228
3564,0,0.14460772275924683
3565,0,0.05713259056210518
3566,0,0.04240315034985542
3567,0,0.25558382272720337
3568,0,0.8024492859840393
3569,0,0.012508274056017399
3570,0,0.6229540109634399
3571,0,0.0048873391933739185
3572,0,0.5759513974189758
3573,0,0.11381052434444427
3574,0,0.14012786746025085
3575,0,0.03320179507136345
3576,0,0.014776046387851238
3577,0,0.05394429340958595
3578,0,0.4813411831855774
3579,0,0.39866504073143005
3580,0,0.6060863137245178
3581,0,0.9171428084373474
3582,0,0.05256908759474754
3583,0,0.18202562630176544
3584,0,0.04469701275229454
3585,0,0.0027508758939802647
3586,0,0.30625414848327637
3587,0,0.004713854752480984
3588,0,0.18902641534805298
3589,0,0.3967084586620331
3590,0,0.8725287318229675
3591,0,0.1695750653743744
3592,0,0.6588097810745239
3593,0,0.4397333860397339
3594,0,0.8838194608688354
3595,0,0.05196462199091911
3596,0,0.01119635533541441
3597,0,0.19085517525672913
3598,0,0.19536465406417847
3599,0,0.8984586000442505
3600,0,0.055273499339818954
3601,0,0.08464416116476059
3602,0,0.003338608890771866
3603,0,0.5283016562461853
3604,0,0.13146647810935974
3605,0,0.16135595738887787
3606,0,0.3009079694747925
3607,0,0.040734753012657166
3608,0,0.26313552260398865
3609,0,0.5515320897102356
3610,0,0.03923463076353073
3611,0,0.6251388192176819
3612,0,0.1280331313610077
3613,0,0.5774004459381104
3614,0,0.35053810477256775
3615,0,0.3314117193222046
3616,0,0.08860678970813751
3617,0,0.19206306338310242
3618,0,0.5435152649879456
3619,0,0.04405539855360985
3620,0,0.609883189201355
3621,0,0.0020422020461410284
3622,0,0.01863132044672966
3623,0,0.06257220357656479
3624,0,0.3005215525627136
3625,0,0.4016076922416687
3626,0,0.9126238226890564
3627,0,0.7016029953956604
3628,0,0.15922771394252777
3629,0,0.015600262209773064
3630,0,0.028626659885048866
3631,0,0.10609398782253265
3632,0,0.9483532905578613
3633,0,0.5105035901069641
3634,0,0.013447838835418224
3635,0,0.10653536021709442
3636,0,0.018913445994257927
3637,0,0.00919592659920454
3638,0,0.10862366110086441
3639,0,0.341592401266098
3640,0,0.5616019368171692
3641,0,0.4136804938316345
3642,0,0.2369006872177124
3643,0,0.8646769523620605
3644,0,0.5618571639060974
3645,0,0.2550572454929352
3646,0,0.25923702120780945
3647,0,0.48695871233940125
3648,0,0.015400310978293419
3649,0,0.3315820097923279
3650,0,0.022539610043168068
3651,0,0.40123116970062256
3652,0,0.09905456006526947
3653,0,0.7259201407432556
3654,0,0.4500527083873749
3655,0,0.603688657283783
3656,0,0.011695506051182747
3657,0,0.4649420380592346
3658,0,0.09890764951705933
3659,0,0.6099244356155396
3660,0,0.0056920889765024185
3661,0,0.0093283262103796
3662,0,0.10267534106969833
3663,0,0.16122865676879883
3664,0,0.020474618300795555
3665,0,0.6226246356964111
3666,0,0.039698611944913864
3667,0,0.3238105773925781
3668,0,0.05251893401145935
3669,0,0.42201778292655945
3670,0,0.17243899405002594
3671,0,0.03289465978741646
3672,0,0.3325760066509247
3673,0,0.07863160222768784
3674,0,0.6766179203987122
3675,0,0.16987867653369904
3676,0,0.5811625123023987
3677,0,0.04726700484752655
3678,0,0.28733527660369873
3679,0,0.4177509546279907
3680,0,0.3340955674648285
3681,0,0.3564358651638031
3682,0,0.3692101538181305
3683,0,0.36434128880500793
3684,0,0.08584609627723694
3685,0,0.2934258282184601
3686,0,0.13266804814338684
3687,0,0.9328675270080566
3688,0,0.7217039465904236
3689,0,0.3264298141002655
3690,0,0.06267546117305756
3691,0,0.6846632361412048
3692,0,0.3613428771495819
3693,0,0.018824145197868347
3694,0,0.7721784114837646
3695,0,0.1460915505886078
3696,0,0.05633408576250076
3697,0,0.009070881642401218
3698,0,0.10481550544500351
3699,0,0.6171557307243347
3700,0,0.005169494077563286
3701,0,0.1465546190738678
3702,0,0.5670782923698425
3703,0,0.8227649927139282
3704,0,0.3735669255256653
3705,0,0.18899744749069214
3706,0,0.30953970551490784
3707,0,0.10383693128824234
3708,0,0.03585199639201164
3709,0,0.08527886867523193
3710,0,0.010814310982823372
3711,0,0.3797592520713806
3712,0,0.0025926644448190928
3713,0,0.010402491316199303
3714,0,0.10331742465496063
3715,0,0.005738372448831797
3716,0,0.0994744598865509
3717,0,0.05643888935446739
3718,0,0.08061174303293228
3719,0,0.22177517414093018
3720,0,0.1143408939242363
3721,0,0.06291977316141129
3722,0,0.09564420580863953
3723,0,0.2934258282184601
3724,0,0.03370877727866173
3725,0,0.22198690474033356
3726,0,0.2689563035964966
3727,0,0.3094974458217621
3728,0,0.14987397193908691
3729,0,0.011281870305538177
3730,0,0.5627913475036621
3731,0,0.006032981909811497
3732,0,0.23706327378749847
3733,0,0.8862355947494507
3734,0,0.2374436855316162
3735,0,0.11885843425989151
3736,0,0.4939402937889099
3737,0,0.007098710164427757
3738,0,0.0994744598865509
3739,0,0.8647482395172119
3740,0,0.016441714018583298
3741,0,0.8229671120643616
3742,0,0.013539934530854225
3743,0,0.2287452518939972
3744,0,0.7916502356529236
3745,0,0.008474779315292835
3746,0,0.5458439588546753
3747,0,0.08175468444824219
3748,0,0.16499203443527222
3749,0,0.01183476485311985
3750,0,0.015396777540445328
3751,0,0.7823708057403564
3752,0,0.42130047082901
3753,0,0.32626885175704956
3754,0,0.008648604154586792
3755,0,0.04830614849925041
3756,0,0.037126511335372925
3757,0,0.46800360083580017
3758,0,0.031550079584121704
3759,0,0.0966295525431633
3760,0,0.010529602877795696
3761,0,0.0898187905550003
3762,0,0.2567645311355591
3763,0,0.2895962595939636
3764,0,0.17773084342479706
3765,0,0.23492562770843506
3766,0,0.019107719883322716
3767,0,0.1881481260061264
3768,0,0.32795289158821106
3769,0,0.004713474772870541
3770,0,0.44395574927330017
3771,0,0.32018306851387024
3772,0,0.1957407146692276
3773,0,0.8786817789077759
3774,0,0.1732572615146637
3775,0,0.14567509293556213
3776,0,0.14419548213481903
3777,0,0.006856023799628019
3778,0,0.11420774459838867
3779,0,0.20732101798057556
3780,0,0.04255685955286026
3781,0,0.036951661109924316
3782,0,0.25108417868614197
3783,0,0.0961437001824379
3784,0,0.0728919729590416
3785,0,0.004847968928515911
3786,0,0.008677827194333076
3787,0,0.014495505951344967
3788,0,0.1077050194144249
3789,0,0.011453831568360329
3790,0,0.03597218543291092
3791,0,0.7645339369773865
3792,0,0.006922278553247452
3793,0,0.6518668532371521
3794,0,0.04635743796825409
3795,0,0.026082037016749382
3796,0,0.11381052434444427
3797,0,0.11582877486944199
3798,0,0.27118393778800964
3799,0,0.35564425587654114
3800,0,0.02727486379444599
3801,0,0.836536705493927
3802,0,0.00860089436173439
3803,0,0.05222538113594055
3804,0,0.03337638080120087
3805,0,0.006504926364868879
3806,0,0.06738770753145218
3807,0,0.02514515072107315
3808,0,0.002402817364782095
3809,0,0.20315565168857574
3810,0,0.8575326204299927
3811,0,0.6601966619491577
3812,0,0.2695172429084778
3813,0,0.5089054703712463
3814,0,0.07454470545053482
3815,0,0.9339368939399719
3816,0,0.08065223693847656
3817,0,0.3543665111064911
3818,0,0.08048828691244125
3819,0,0.8174149394035339
3820,0,0.006969792768359184
3821,0,0.38715407252311707
3822,0,0.3970818519592285
3823,0,0.8153574466705322
3824,0,0.29053592681884766
3825,0,0.06633750349283218
3826,0,0.06562334299087524
3827,0,0.18295814096927643
3828,0,0.05331343039870262
3829,0,0.2927599251270294
3830,0,0.0038508079014718533
3831,0,0.07738305628299713
3832,0,0.3948107957839966
3833,0,0.0994744598865509
3834,0,0.01813914068043232
3835,0,0.02892577089369297
3836,0,0.2694033682346344
3837,0,0.11039646714925766
3838,0,0.20919063687324524
3839,0,0.08061174303293228
3840,0,0.03044011816382408
3841,0,0.037326984107494354
3842,0,0.5644897222518921
3843,0,0.05469644442200661
3844,0,0.01760239340364933
3845,0,0.12298113107681274
3846,0,0.14789117872714996
3847,0,0.42833414673805237
3848,0,0.5392120480537415
3849,0,0.1719481647014618
3850,0,0.016824299469590187
3851,0,0.15853041410446167
3852,0,0.5631548166275024
3853,0,0.25458621978759766
3854,0,0.01820998080074787
3855,0,0.6060796976089478
3856,0,0.06537577509880066
3857,0,0.1143408939242363
3858,0,0.43303534388542175
3859,0,0.010261863470077515
3860,0,0.017842169851064682
3861,0,0.04260553419589996
3862,0,0.014093470759689808
3863,0,0.13368652760982513
3864,0,0.6023132801055908
3865,0,0.006194524932652712
3866,0,0.06690338999032974
3867,0,0.02684943750500679
3868,0,0.25720733404159546
3869,0,0.1034940853714943
3870,0,0.19097287952899933
3871,0,0.8544195294380188
3872,0,0.3974611461162567
3873,0,0.5010204911231995
3874,0,0.5987370610237122
3875,0,0.04676550254225731
3876,0,0.02501711994409561
3877,0,0.1967872828245163
3878,0,0.1776428520679474
3879,0,0.5171433687210083
3880,0,0.37773263454437256
3881,0,0.7603105306625366
3882,0,0.2400965392589569
3883,0,0.7135825157165527
3884,0,0.8951413631439209
3885,0,0.07922618091106415
3886,0,0.35798853635787964
3887,0,0.0032601600978523493
3888,0,0.5099260807037354
3889,0,0.3164519965648651
3890,0,0.26108404994010925
3891,0,0.09773530811071396
3892,0,0.33547988533973694
3893,0,0.13913458585739136
3894,0,0.7046074271202087
3895,0,0.1711636632680893
3896,0,0.21185266971588135
3897,0,0.8470439910888672
3898,0,0.5569503307342529
3899,0,0.4516771733760834
3900,0,0.050210803747177124
3901,0,0.25732478499412537
3902,0,0.08369160443544388
3903,0,0.46199196577072144
3904,0,0.002435128903016448
3905,0,0.0932878702878952
3906,0,0.22338338196277618
3907,0,0.04916328936815262
3908,0,0.15526199340820312
3909,0,0.012004455551505089
3910,0,0.41578981280326843
3911,0,0.08341474086046219
3912,0,0.41402775049209595
3913,0,0.26025986671447754
3914,0,0.09063783288002014
3915,0,0.0026200113352388144
3916,0,0.0246040727943182
3917,0,0.30429232120513916
3918,0,0.4203037917613983
3919,0,0.10666701197624207
3920,0,0.2801530659198761
3921,0,0.4004365801811218
3922,0,0.11561739444732666
3923,0,0.5097833871841431
3924,0,0.03688710555434227
3925,0,0.8951118588447571
3926,0,0.5088472366333008
3927,0,0.04285389184951782
3928,0,0.10400131344795227
3929,0,0.1077050194144249
3930,0,0.00750999478623271
3931,0,0.9342483282089233
3932,0,0.016240950673818588
3933,0,0.04480965435504913
3934,0,0.04274797812104225
3935,0,0.017461806535720825
3936,0,0.008059585466980934
3937,0,0.05707419291138649
3938,0,0.022832022979855537
3939,0,0.013715880922973156
3940,0,0.008092205971479416
3941,0,0.025755491107702255
3942,0,0.007117781788110733
3943,0,0.14776234328746796
3944,0,0.09009911119937897
3945,0,0.003839320270344615
3946,0,0.09991458803415298
3947,0,0.08370080590248108
3948,0,0.04676606506109238
3949,0,0.07540152966976166
3950,0,0.0050742244347929955
3951,0,0.6112731695175171
3952,0,0.1986456960439682
3953,0,0.031817659735679626
3954,0,0.6441997289657593
3955,0,0.9423257112503052
3956,0,0.5241567492485046
3957,0,0.1953897923231125
3958,0,0.42741939425468445
3959,0,0.10331742465496063
3960,0,0.012372714467346668
3961,0,0.19640178978443146
3962,0,0.29308226704597473
3963,0,0.3589445650577545
3964,0,0.032113637775182724
3965,0,0.39261895418167114
3966,0,0.2559112310409546
3967,0,0.884438693523407
3968,0,0.4674357771873474
3969,0,0.04203121364116669
3970,0,0.020817723125219345
3971,0,0.9217720627784729
3972,0,0.3138173222541809
3973,0,0.4754064679145813
3974,0,0.3648371994495392
3975,0,0.22748088836669922
3976,0,0.25608980655670166
3977,0,0.011374994181096554
3978,0,0.1077050194144249
3979,0,0.11381052434444427
3980,0,0.2743660509586334
3981,0,0.05970440059900284
3982,0,0.28846338391304016
3983,1,0.9637560844421387
