index,y_true,y_pred_oof
0,1,0.9985560178756714
1,1,0.996303141117096
2,1,0.9973159432411194
3,1,0.9976916909217834
4,1,0.9974956512451172
5,1,0.9961109757423401
6,1,0.9956395030021667
7,1,0.9965141415596008
8,1,0.9970653653144836
9,1,0.9981198906898499
10,1,0.9972966909408569
11,1,0.9981249570846558
12,1,0.9982956647872925
13,1,0.9977133274078369
14,1,0.9967158436775208
15,1,0.9958072304725647
16,1,0.9946297407150269
17,1,0.9971421957015991
18,1,0.9979656934738159
19,1,0.9967697262763977
20,1,0.9962805509567261
21,1,0.9969086647033691
22,1,0.9967319965362549
23,1,0.9966747760772705
24,1,0.9984345436096191
25,1,0.9967303276062012
26,1,0.9960963726043701
27,1,0.997383177280426
28,1,0.997324526309967
29,1,0.9964848756790161
30,1,0.9958831071853638
31,1,0.9963681697845459
32,1,0.9965044856071472
33,1,0.9957069158554077
34,1,0.9965606331825256
35,1,0.997729480266571
36,1,0.9953964352607727
37,1,0.9984064102172852
38,1,0.9985573887825012
39,1,0.9964614510536194
40,1,0.9973650574684143
41,1,0.9969220161437988
42,1,0.9967034459114075
43,1,0.9965943694114685
44,1,0.9962239265441895
45,1,0.9984685182571411
46,1,0.9967319965362549
47,1,0.9960356950759888
48,1,0.99723219871521
49,1,0.9950953125953674
50,1,0.9954750537872314
51,1,0.9964846968650818
52,1,0.9984514117240906
53,1,0.995280921459198
54,1,0.9956244230270386
55,1,0.9968719482421875
56,1,0.9946405291557312
57,1,0.9972748756408691
58,1,0.9968743324279785
59,1,0.9959396719932556
60,1,0.9958821535110474
61,1,0.9976344704627991
62,1,0.995475172996521
63,1,0.9955508708953857
64,1,0.997018575668335
65,1,0.9973684549331665
66,1,0.9972796440124512
67,1,0.9946242570877075
68,1,0.9962621927261353
69,1,0.9968234896659851
70,1,0.9970463514328003
71,1,0.9982799291610718
72,1,0.9967513084411621
73,1,0.9960440397262573
74,1,0.9964595437049866
75,1,0.9980056285858154
76,1,0.9968089461326599
77,1,0.997300386428833
78,1,0.9963982105255127
79,1,0.9961709380149841
80,1,0.9965899586677551
81,1,0.9966870546340942
82,1,0.9972969889640808
83,1,0.9970977902412415
84,1,0.996251106262207
85,1,0.9962226748466492
86,1,0.9967175126075745
87,1,0.9936017394065857
88,1,0.9970863461494446
89,1,0.9980678558349609
90,1,0.9964507818222046
91,1,0.9974592328071594
92,1,0.9962535500526428
93,1,0.9981294870376587
94,1,0.9959091544151306
95,1,0.9973255395889282
96,1,0.9982852935791016
97,1,0.9959461688995361
98,1,0.9975603818893433
99,1,0.9974777698516846
100,1,0.9967485666275024
101,1,0.9964216351509094
102,1,0.9965326189994812
103,1,0.996758759021759
104,1,0.9962854385375977
105,1,0.9974310994148254
106,1,0.9982690215110779
107,1,0.9973921179771423
108,1,0.9977719187736511
109,1,0.998358964920044
110,1,0.996770441532135
111,1,0.9966809749603271
112,1,0.996749222278595
113,1,0.9970661997795105
114,1,0.9979601502418518
115,1,0.9947906136512756
116,1,0.9971206784248352
117,1,0.9981352090835571
118,1,0.9971860647201538
119,1,0.9956153631210327
120,1,0.9977190494537354
121,1,0.996840238571167
122,1,0.9967628121376038
123,1,0.9979682564735413
124,1,0.9965214729309082
125,1,0.9973328709602356
126,1,0.9972752332687378
127,1,0.9967212080955505
128,1,0.9970669150352478
129,1,0.9966490268707275
130,1,0.9977457523345947
131,1,0.9977206587791443
132,1,0.9966951608657837
133,1,0.9971189498901367
134,1,0.9979161024093628
135,1,0.9968318939208984
136,1,0.997724175453186
137,1,0.9958321452140808
138,1,0.9966824650764465
139,1,0.997451663017273
140,1,0.9955547451972961
141,1,0.9952566623687744
142,1,0.9965602159500122
143,1,0.9978291392326355
144,1,0.9970365762710571
145,1,0.9962446093559265
146,1,0.9967561960220337
147,1,0.9974696636199951
148,1,0.9974076151847839
149,1,0.9961525201797485
150,1,0.9980269074440002
151,1,0.9975288510322571
152,1,0.996696412563324
153,1,0.99602872133255
154,1,0.9965229034423828
155,1,0.998411238193512
156,1,0.996135950088501
157,1,0.9961395263671875
158,1,0.9968680739402771
159,1,0.9961639046669006
160,1,0.9965171813964844
161,1,0.9955599904060364
162,1,0.9965806603431702
163,1,0.9937564730644226
164,1,0.9976652264595032
165,1,0.9974227547645569
166,1,0.9969961047172546
167,1,0.9971252083778381
168,1,0.9968319535255432
169,1,0.9964908957481384
170,1,0.9971151351928711
171,1,0.9978606700897217
172,1,0.9960538148880005
173,1,0.9962121844291687
174,1,0.996472954750061
175,1,0.9967905879020691
176,1,0.9959851503372192
177,1,0.9971356987953186
178,1,0.9980277419090271
179,1,0.9957467317581177
180,1,0.9962354898452759
181,1,0.9955538511276245
182,1,0.9958190321922302
183,1,0.9963671565055847
184,1,0.9967739582061768
185,1,0.9973275661468506
186,1,0.9968228340148926
187,1,0.9974684119224548
188,1,0.9967490434646606
189,1,0.9983700513839722
190,1,0.9954112768173218
191,1,0.997724175453186
192,1,0.9971080422401428
193,1,0.993983805179596
194,1,0.9968733191490173
195,1,0.9970040321350098
196,1,0.996760368347168
197,1,0.997094988822937
198,1,0.997782289981842
199,1,0.9963000416755676
200,1,0.9967118501663208
201,1,0.9974055886268616
202,1,0.9960287809371948
203,1,0.9964507222175598
204,1,0.996702253818512
205,1,0.9951840043067932
206,1,0.9963639378547668
207,1,0.9960201978683472
208,1,0.9973597526550293
209,1,0.9963036179542542
210,1,0.9968923926353455
211,1,0.9949483871459961
212,1,0.9951051473617554
213,1,0.9982221722602844
214,1,0.9966498017311096
215,1,0.997952401638031
216,1,0.9968973994255066
217,1,0.9962965250015259
218,1,0.9966755509376526
219,1,0.9975479245185852
220,1,0.9961280226707458
221,1,0.996969997882843
222,1,0.9961532950401306
223,1,0.998211681842804
224,1,0.9966131448745728
225,1,0.9962549805641174
226,1,0.9969310760498047
227,1,0.9957265853881836
228,1,0.9957872629165649
229,1,0.9946815371513367
230,1,0.9957827925682068
231,1,0.9970930218696594
232,1,0.9963297843933105
233,1,0.9931950569152832
234,1,0.9977190494537354
235,1,0.9975431561470032
236,1,0.9963254332542419
237,1,0.9975577592849731
238,1,0.9945862293243408
239,1,0.9965859651565552
240,1,0.9964666366577148
241,1,0.9957771301269531
242,1,0.9949034452438354
243,1,0.9977654218673706
244,1,0.9932206273078918
245,1,0.9962428212165833
246,1,0.9976378679275513
247,1,0.9954656958580017
248,1,0.9965027570724487
249,1,0.9948908686637878
250,1,0.9958974123001099
251,1,0.997743546962738
252,1,0.9979078769683838
253,1,0.9952210783958435
254,1,0.9968371987342834
255,1,0.9969465732574463
256,1,0.9962809085845947
257,1,0.9963346123695374
258,1,0.9955224990844727
259,1,0.9962702989578247
260,1,0.9961610436439514
261,1,0.9945881962776184
262,1,0.9979029297828674
263,1,0.9960782527923584
264,1,0.9971524477005005
265,1,0.9962109923362732
266,1,0.9939610958099365
267,1,0.9968264698982239
268,1,0.9968932271003723
269,1,0.9980552196502686
270,1,0.9947484731674194
271,1,0.9953007698059082
272,1,0.9959725141525269
273,1,0.9965605735778809
274,1,0.9955586194992065
275,1,0.9955981373786926
276,1,0.9976056814193726
277,1,0.9974204301834106
278,1,0.9963560104370117
279,1,0.9969168901443481
280,1,0.9958503842353821
281,1,0.9964736104011536
282,1,0.9967667460441589
283,1,0.9955700039863586
284,1,0.9975759983062744
285,1,0.9967803955078125
286,1,0.9933421015739441
287,1,0.9965057969093323
288,1,0.9963953495025635
289,1,0.9968618750572205
290,1,0.996999979019165
291,1,0.9953909516334534
292,1,0.9967243075370789
293,1,0.9967652559280396
294,1,0.9959152936935425
295,1,0.9955775737762451
296,1,0.9983024597167969
297,1,0.99611496925354
298,1,0.9951843023300171
299,1,0.9959060549736023
300,1,0.9979090690612793
301,1,0.9952291250228882
302,1,0.9975275993347168
303,1,0.9958492517471313
304,1,0.9963874816894531
305,1,0.9939972162246704
306,1,0.9965023398399353
307,1,0.9972566962242126
308,1,0.9948432445526123
309,1,0.9922628998756409
310,1,0.9949679970741272
311,1,0.9953930377960205
312,1,0.9968566298484802
313,1,0.9954636096954346
314,1,0.9950529336929321
315,1,0.9966589212417603
316,1,0.9956228733062744
317,1,0.9953051209449768
318,1,0.9967155456542969
319,1,0.9948148131370544
320,1,0.9964103102684021
321,1,0.9958955645561218
322,1,0.9968646168708801
323,1,0.9984579086303711
324,1,0.9972898364067078
325,1,0.9978696703910828
326,1,0.9962857365608215
327,1,0.9960393309593201
328,1,0.9970054030418396
329,1,0.9947634935379028
330,1,0.9958680272102356
331,1,0.9960576295852661
332,1,0.9963314533233643
333,1,0.9949918389320374
334,1,0.9955280423164368
335,1,0.9959616661071777
336,1,0.9960801601409912
337,1,0.996521532535553
338,1,0.9965931177139282
339,1,0.9961947798728943
340,1,0.9982349872589111
341,1,0.9978293180465698
342,1,0.9963440299034119
343,1,0.9957444667816162
344,1,0.9960842132568359
345,1,0.9950734972953796
346,1,0.9927936792373657
347,1,0.996375322341919
348,1,0.9959838390350342
349,1,0.9946776032447815
350,1,0.9981289505958557
351,1,0.9942601323127747
352,1,0.9956039786338806
353,1,0.9961200952529907
354,1,0.9967052340507507
355,1,0.9956675171852112
356,1,0.9950964450836182
357,1,0.9983671307563782
358,1,0.9976524710655212
359,1,0.996444046497345
360,1,0.9962850213050842
361,1,0.996884822845459
362,1,0.9961733818054199
363,1,0.9967469573020935
364,1,0.9969663619995117
365,1,0.9973785281181335
366,1,0.9971541166305542
367,1,0.9971200823783875
368,1,0.9967855215072632
369,1,0.9973137974739075
370,1,0.9967901110649109
371,1,0.9966844916343689
372,1,0.9963200688362122
373,1,0.9960887432098389
374,1,0.9974837899208069
375,1,0.9974358081817627
376,1,0.9966588616371155
377,1,0.9950420260429382
378,1,0.9944856762886047
379,1,0.9934888482093811
380,1,0.994631826877594
381,1,0.9954918622970581
382,1,0.997508704662323
383,1,0.9972914457321167
384,1,0.9971426129341125
385,1,0.9943121671676636
386,1,0.9958743453025818
387,1,0.9973825812339783
388,1,0.9959661960601807
389,1,0.99748694896698
390,1,0.9968902468681335
391,1,0.9973251819610596
392,1,0.9953152537345886
393,1,0.9958766102790833
394,1,0.9962180852890015
395,1,0.9963566660881042
396,1,0.9963491559028625
397,1,0.9961847066879272
398,1,0.9965162873268127
399,1,0.9946106672286987
400,1,0.9958887100219727
401,1,0.9960662722587585
402,1,0.9942973852157593
403,1,0.9966233372688293
404,1,0.9940237998962402
405,1,0.9939813017845154
406,1,0.9946663975715637
407,1,0.9948951005935669
408,1,0.9903396964073181
409,1,0.9952157139778137
410,1,0.997133731842041
411,1,0.9967864155769348
412,1,0.9963008761405945
413,1,0.9941789507865906
414,1,0.992215633392334
415,1,0.9960896372795105
416,1,0.9944397211074829
417,1,0.9979881048202515
418,1,0.9978468418121338
419,1,0.9967905879020691
420,1,0.9975171089172363
421,1,0.9951504468917847
422,1,0.9954699277877808
423,1,0.9949279427528381
424,1,0.9953898787498474
425,1,0.995951235294342
426,1,0.997385561466217
427,1,0.9957459568977356
428,1,0.9977772235870361
429,1,0.9970865249633789
430,1,0.9959177374839783
431,1,0.995472252368927
432,1,0.9947540760040283
433,1,0.9953483939170837
434,1,0.996256411075592
435,1,0.9963374733924866
436,1,0.9957559704780579
437,1,0.9962685704231262
438,1,0.9951329827308655
439,1,0.9977658987045288
440,1,0.997442364692688
441,1,0.9966191053390503
442,1,0.996255099773407
443,1,0.9968348741531372
444,1,0.9973305463790894
445,1,0.9956510066986084
446,1,0.9956707954406738
447,1,0.997196614742279
448,1,0.9963576197624207
449,1,0.9954423308372498
450,1,0.9972681999206543
451,1,0.9966474175453186
452,1,0.9955800771713257
453,1,0.995794415473938
454,1,0.9953911900520325
455,1,0.9956481456756592
456,1,0.995646059513092
457,1,0.9973046183586121
458,1,0.9975278973579407
459,1,0.9968105554580688
460,1,0.9959343075752258
461,1,0.99566650390625
462,1,0.9963874220848083
463,1,0.996295154094696
464,1,0.9965476989746094
465,1,0.9961824417114258
466,1,0.996396005153656
467,1,0.9965248107910156
468,1,0.997337281703949
469,1,0.9954956769943237
470,1,0.9972904920578003
471,1,0.9971442818641663
472,1,0.9972403645515442
473,1,0.9971544146537781
474,1,0.9932519793510437
475,1,0.9973534941673279
476,1,0.9965732097625732
477,1,0.9975910782814026
478,1,0.9971936941146851
479,1,0.9954879283905029
480,1,0.9938329458236694
481,1,0.9949547648429871
482,1,0.9957795143127441
483,1,0.9942857623100281
484,1,0.9962998032569885
485,1,0.9959197044372559
486,1,0.993156909942627
487,1,0.9950457215309143
488,1,0.9966656565666199
489,1,0.9932606220245361
490,1,0.9937755465507507
491,1,0.9966073036193848
492,1,0.9942556619644165
493,1,0.9945680499076843
494,1,0.9907150864601135
495,1,0.9954622387886047
496,1,0.9951143264770508
497,1,0.994863748550415
498,1,0.9885525703430176
499,1,0.9976996183395386
500,1,0.9972440600395203
501,1,0.9955788850784302
502,1,0.9964956045150757
503,1,0.9963334202766418
504,1,0.9950551390647888
505,1,0.9950225949287415
506,1,0.9944286346435547
507,1,0.994167149066925
508,1,0.996049165725708
509,1,0.9944585561752319
510,1,0.992946982383728
511,1,0.9966546297073364
512,1,0.9954735636711121
513,1,0.9944403767585754
514,1,0.9941059350967407
515,1,0.9927652478218079
516,1,0.9914438724517822
517,1,0.9953792095184326
518,1,0.994830846786499
519,1,0.9950878620147705
520,1,0.995158314704895
521,1,0.9968756437301636
522,1,0.9954501986503601
523,1,0.993650496006012
524,1,0.9940637350082397
525,1,0.9950522780418396
526,1,0.9958274960517883
527,1,0.9973024725914001
528,1,0.9914473295211792
529,1,0.994132936000824
530,1,0.9959279298782349
531,1,0.9913281202316284
532,1,0.9955272078514099
533,1,0.9927433729171753
534,1,0.9962646961212158
535,1,0.9960120320320129
536,1,0.9951779842376709
537,1,0.9932892322540283
538,1,0.9951432347297668
539,1,0.9958505034446716
540,1,0.9950448870658875
541,1,0.9951639175415039
542,1,0.9970870614051819
543,1,0.9975372552871704
544,1,0.9948356747627258
545,1,0.995570957660675
546,1,0.9973443150520325
547,1,0.9950816631317139
548,1,0.997117817401886
549,1,0.9949629902839661
550,1,0.9961510300636292
551,1,0.9961459040641785
552,1,0.9945075511932373
553,1,0.996210515499115
554,1,0.9954702854156494
555,1,0.9965558052062988
556,1,0.9959385395050049
557,1,0.9941083192825317
558,1,0.9961891174316406
559,1,0.9972071051597595
560,1,0.9961298108100891
561,1,0.9950335025787354
562,1,0.9974064826965332
563,1,0.997234046459198
564,1,0.9956851601600647
565,1,0.9958739280700684
566,1,0.9953062534332275
567,1,0.9949095845222473
568,1,0.9964559078216553
569,1,0.9908317923545837
570,1,0.9960768818855286
571,1,0.997249186038971
572,1,0.9966537952423096
573,1,0.9964284300804138
574,1,0.9945729970932007
575,1,0.9937738180160522
576,1,0.9872471690177917
577,1,0.9962486028671265
578,1,0.9964011907577515
579,1,0.9948203563690186
580,1,0.9950881004333496
581,1,0.9947645664215088
582,1,0.9940469264984131
583,1,0.9944328665733337
584,1,0.9942194819450378
585,1,0.9906198382377625
586,1,0.993867039680481
587,1,0.9951578974723816
588,1,0.9941949844360352
589,1,0.994641125202179
590,1,0.992461621761322
591,1,0.9952840805053711
592,1,0.9956216216087341
593,1,0.997145414352417
594,1,0.9969949126243591
595,1,0.9964336156845093
596,1,0.9960446357727051
597,1,0.9972052574157715
598,1,0.9954270720481873
599,1,0.995663583278656
600,1,0.9972681999206543
601,1,0.9953610897064209
602,1,0.9962997436523438
603,1,0.9970709681510925
604,1,0.9958562850952148
605,1,0.9963535070419312
606,1,0.9950789213180542
607,1,0.9944267272949219
608,1,0.9944078326225281
609,1,0.9965689778327942
610,1,0.9949221014976501
611,1,0.9954090714454651
612,1,0.9950252175331116
613,1,0.9949143528938293
614,1,0.9952886700630188
615,1,0.9945460557937622
616,1,0.9960259199142456
617,1,0.9954013228416443
618,1,0.994148313999176
619,1,0.9963417053222656
620,1,0.9964261651039124
621,1,0.9971563220024109
622,1,0.9975510239601135
623,1,0.9974013566970825
624,1,0.9960976839065552
625,1,0.9940853714942932
626,1,0.9940750002861023
627,1,0.9959331154823303
628,1,0.9936719536781311
629,1,0.9954115748405457
630,1,0.9948019981384277
631,1,0.9977560043334961
632,1,0.996590793132782
633,1,0.9950379133224487
634,1,0.9969581961631775
635,1,0.9952338337898254
636,1,0.9967637658119202
637,1,0.9955542087554932
638,1,0.9956395030021667
639,1,0.9968436360359192
640,1,0.9959424138069153
641,1,0.9960794448852539
642,1,0.9962063431739807
643,1,0.9950019121170044
644,1,0.9970291256904602
645,1,0.9963430762290955
646,1,0.9969441890716553
647,1,0.9971944093704224
648,1,0.9954792857170105
649,1,0.9970650672912598
650,1,0.996648907661438
651,1,0.9963039755821228
652,1,0.9967737793922424
653,1,0.9965407848358154
654,1,0.9952460527420044
655,1,0.994172215461731
656,1,0.9931407570838928
657,1,0.9931257367134094
658,1,0.9977031350135803
659,1,0.9953743815422058
660,1,0.9868084192276001
661,1,0.9937995076179504
662,1,0.994195282459259
663,1,0.9938510656356812
664,1,0.9978682994842529
665,1,0.9966018199920654
666,1,0.9961925148963928
667,1,0.9968392848968506
668,1,0.9958145022392273
669,1,0.9940491318702698
670,1,0.9963821172714233
671,1,0.9936004281044006
672,1,0.9947539567947388
673,1,0.9936841726303101
674,1,0.9969127178192139
675,1,0.9954052567481995
676,1,0.9935094714164734
677,1,0.9935339093208313
678,1,0.9944540858268738
679,1,0.9964734315872192
680,1,0.9963040351867676
681,1,0.9928767681121826
682,1,0.9931399822235107
683,1,0.9939959049224854
684,1,0.9967129826545715
685,1,0.9950622320175171
686,1,0.9973030686378479
687,1,0.9942265748977661
688,1,0.9954460263252258
689,1,0.9958369731903076
690,1,0.9962626099586487
691,1,0.9962972402572632
692,1,0.9960619211196899
693,1,0.994494616985321
694,1,0.9976711273193359
695,1,0.9952221512794495
696,1,0.9947348237037659
697,1,0.9964492321014404
698,1,0.9958566427230835
699,1,0.99675053358078
700,1,0.9967057108879089
701,1,0.9932600259780884
702,1,0.9955201148986816
703,1,0.9933493733406067
704,1,0.9955652356147766
705,1,0.9933153390884399
706,1,0.993550717830658
707,1,0.9947461485862732
708,1,0.9940559267997742
709,1,0.9955947399139404
710,1,0.9974073767662048
711,1,0.9965560436248779
712,1,0.9957826733589172
713,1,0.9928268790245056
714,1,0.9965423941612244
715,1,0.9948903918266296
716,1,0.9947386980056763
717,1,0.9923178553581238
718,1,0.9946240186691284
719,1,0.9938241839408875
720,1,0.9926328659057617
721,1,0.9935247302055359
722,1,0.9928451180458069
723,1,0.9944514036178589
724,1,0.9959462881088257
725,1,0.9883968830108643
726,1,0.9942585825920105
727,1,0.9911788702011108
728,1,0.9954237937927246
729,1,0.9930277466773987
730,1,0.9954501986503601
731,1,0.9956979155540466
732,1,0.995746374130249
733,1,0.9931538105010986
734,1,0.9943987727165222
735,1,0.9948449730873108
736,1,0.9902192950248718
737,1,0.9920654296875
738,1,0.9950506091117859
739,1,0.9956565499305725
740,1,0.9912928938865662
741,1,0.9953189492225647
742,1,0.9955819845199585
743,1,0.996300458908081
744,1,0.9965824484825134
745,1,0.9943652153015137
746,1,0.9928722977638245
747,1,0.9970839023590088
748,1,0.9971944689750671
749,1,0.9955541491508484
750,1,0.9969062805175781
751,1,0.9954468011856079
752,1,0.9945800304412842
753,1,0.9950527548789978
754,1,0.9963076114654541
755,1,0.9959597587585449
756,1,0.9971206188201904
757,1,0.9964125752449036
758,1,0.9934942126274109
759,1,0.9941633939743042
760,1,0.996566653251648
761,1,0.9976606369018555
762,1,0.9956128597259521
763,1,0.995657742023468
764,1,0.9956216812133789
765,1,0.9952499866485596
766,1,0.9949888586997986
767,1,0.9958369731903076
768,1,0.9930261373519897
769,1,0.995820939540863
770,1,0.9960162043571472
771,1,0.9928100109100342
772,1,0.9946238994598389
773,1,0.9956403374671936
774,1,0.9954049587249756
775,1,0.9946589469909668
776,1,0.9957202672958374
777,1,0.9955214262008667
778,1,0.9941951036453247
779,1,0.9955389499664307
780,1,0.9948513507843018
781,1,0.9960328340530396
782,1,0.9947971701622009
783,1,0.995246171951294
784,1,0.9949626922607422
785,1,0.9945195317268372
786,1,0.9913324117660522
787,1,0.9922831058502197
788,1,0.9959123730659485
789,1,0.9959747195243835
790,1,0.9965582489967346
791,1,0.9966245293617249
792,1,0.9953009486198425
793,1,0.9948419332504272
794,1,0.9960557818412781
795,1,0.9940837621688843
796,1,0.9963329434394836
797,1,0.9932608008384705
798,1,0.9959695339202881
799,1,0.9952033162117004
800,1,0.9950901865959167
801,1,0.9945102334022522
802,1,0.9954269528388977
803,1,0.9966154098510742
804,1,0.9971427321434021
805,1,0.9955754280090332
806,1,0.9968831539154053
807,1,0.9951735138893127
808,1,0.9948453307151794
809,1,0.9948714971542358
810,1,0.994725227355957
811,1,0.9927158951759338
812,1,0.9958069920539856
813,1,0.9966394901275635
814,1,0.9914504885673523
815,1,0.9966262578964233
816,1,0.9851148128509521
817,1,0.9959731101989746
818,1,0.9959960579872131
819,1,0.9936729669570923
820,1,0.9946333169937134
821,1,0.9937702417373657
822,1,0.9961502552032471
823,1,0.9957535862922668
824,1,0.9933053255081177
825,1,0.9939606785774231
826,1,0.9960134625434875
827,1,0.9927952289581299
828,1,0.9940477013587952
829,1,0.9899176955223083
830,1,0.994213879108429
831,1,0.9946694374084473
832,1,0.9929562211036682
833,1,0.9942179918289185
834,1,0.993681013584137
835,1,0.992551863193512
836,1,0.9948986768722534
837,1,0.9900311231613159
838,1,0.9923349618911743
839,1,0.9955517053604126
840,1,0.9936508536338806
841,1,0.9917036294937134
842,1,0.9922003746032715
843,1,0.9962352514266968
844,1,0.9934898018836975
845,1,0.9936800599098206
846,1,0.9963764548301697
847,1,0.9933738112449646
848,1,0.9962831735610962
849,1,0.9946164488792419
850,1,0.9953680634498596
851,1,0.9965355396270752
852,1,0.9960046410560608
853,1,0.9962969422340393
854,1,0.9958931803703308
855,1,0.9932830929756165
856,1,0.996299684047699
857,1,0.9949747920036316
858,1,0.9919520616531372
859,1,0.9913632273674011
860,1,0.9852551817893982
861,1,0.9959414005279541
862,1,0.9902204871177673
863,1,0.9937808513641357
864,1,0.9938915967941284
865,1,0.9955165386199951
866,1,0.9963385462760925
867,1,0.9943177700042725
868,1,0.9960485696792603
869,1,0.9934650659561157
870,1,0.9936133027076721
871,1,0.991735577583313
872,1,0.9909012913703918
873,1,0.9942814707756042
874,1,0.9930295944213867
875,1,0.9921777844429016
876,1,0.9943042993545532
877,1,0.9954880475997925
878,1,0.9936018586158752
879,1,0.991224467754364
880,1,0.9942420125007629
881,1,0.9939420819282532
882,1,0.9891989231109619
883,1,0.9934839010238647
884,1,0.9916946291923523
885,1,0.9952359795570374
886,1,0.9945985078811646
887,1,0.9906719923019409
888,1,0.9934864044189453
889,1,0.9870020151138306
890,1,0.9922256469726562
891,1,0.9832941293716431
892,1,0.9964966773986816
893,1,0.9947765469551086
894,1,0.9940159320831299
895,1,0.9935451745986938
896,1,0.9916245341300964
897,1,0.9945201277732849
898,1,0.9920738339424133
899,1,0.9944998025894165
900,1,0.9905494451522827
901,1,0.9928261637687683
902,1,0.9944615364074707
903,1,0.994586706161499
904,1,0.9960180521011353
905,1,0.9914186596870422
906,1,0.9951793551445007
907,1,0.9972333908081055
908,1,0.9963333010673523
909,1,0.9957131147384644
910,1,0.9958840012550354
911,1,0.9938712120056152
912,1,0.9914237856864929
913,1,0.9941979050636292
914,1,0.9951554536819458
915,1,0.9962425231933594
916,1,0.9943633079528809
917,1,0.9945846796035767
918,1,0.9959582090377808
919,1,0.9933651685714722
920,1,0.9956622123718262
921,1,0.9946351051330566
922,1,0.9936178922653198
923,1,0.9920048117637634
924,1,0.9949812293052673
925,1,0.9968217015266418
926,1,0.9964255690574646
927,1,0.9972172379493713
928,1,0.9892538785934448
929,1,0.9885216951370239
930,1,0.9945054650306702
931,1,0.9953944683074951
932,1,0.9947980642318726
933,1,0.9952651262283325
934,1,0.9953615069389343
935,1,0.9944828152656555
936,1,0.9911440014839172
937,1,0.991100549697876
938,1,0.994057297706604
939,1,0.9951035976409912
940,1,0.9919108152389526
941,1,0.9904049634933472
942,1,0.9951372146606445
943,1,0.9948987364768982
944,1,0.9957292079925537
945,1,0.9947793483734131
946,1,0.9952971339225769
947,1,0.9952653050422668
948,1,0.9956206679344177
949,1,0.9941632151603699
950,1,0.9942396283149719
951,1,0.9944414496421814
952,1,0.9955097436904907
953,1,0.9952186942100525
954,1,0.9955729842185974
955,1,0.9931079149246216
956,1,0.993675947189331
957,1,0.9935774803161621
958,1,0.9942212104797363
959,1,0.9956277012825012
960,1,0.9941483736038208
961,1,0.9943234920501709
962,1,0.9949198961257935
963,1,0.9945858716964722
964,1,0.994992196559906
965,1,0.996266782283783
966,1,0.9951350688934326
967,1,0.994734525680542
968,1,0.9916549921035767
969,1,0.9948817491531372
970,1,0.9941368103027344
971,1,0.9943249225616455
972,1,0.9921284317970276
973,1,0.9946955442428589
974,1,0.9929720759391785
975,1,0.9948880076408386
976,1,0.9915111064910889
977,1,0.9952844977378845
978,1,0.9947852492332458
979,1,0.991211473941803
980,1,0.9948768615722656
981,1,0.9949902892112732
982,1,0.9901241660118103
983,1,0.9941573143005371
984,1,0.9942197799682617
985,1,0.9950149059295654
986,1,0.9950388669967651
987,1,0.9929909110069275
988,1,0.9939587712287903
989,1,0.9946516752243042
990,1,0.9941011667251587
991,1,0.9942120909690857
992,1,0.994849681854248
993,1,0.9938968420028687
994,1,0.9941341876983643
995,1,0.9910364151000977
996,1,0.9944054484367371
997,1,0.9933797121047974
998,1,0.9942752718925476
999,1,0.9943716526031494
1000,1,0.9945998191833496
1001,1,0.9949361681938171
1002,1,0.9945161938667297
1003,1,0.9947216510772705
1004,1,0.9928142428398132
1005,1,0.9964736700057983
1006,1,0.9952886700630188
1007,1,0.9943205118179321
1008,1,0.9924090504646301
1009,1,0.9951712489128113
1010,1,0.9791393280029297
1011,1,0.994574248790741
1012,1,0.9876856803894043
1013,1,0.9950732588768005
1014,1,0.9942788481712341
1015,1,0.9952213764190674
1016,1,0.9968064427375793
1017,1,0.9959797263145447
1018,1,0.9955282807350159
1019,1,0.9961307644844055
1020,1,0.994682252407074
1021,1,0.9936221241950989
1022,1,0.9923487901687622
1023,1,0.9895229339599609
1024,1,0.995818018913269
1025,1,0.9959378242492676
1026,1,0.9969961047172546
1027,1,0.9949054718017578
1028,1,0.9974331855773926
1029,1,0.9959285259246826
1030,1,0.995606005191803
1031,1,0.9960736632347107
1032,1,0.9972835779190063
1033,1,0.9949257969856262
1034,1,0.9950737357139587
1035,1,0.9965578317642212
1036,1,0.9965444207191467
1037,1,0.9964113831520081
1038,1,0.9945898056030273
1039,1,0.9937429428100586
1040,1,0.9947264194488525
1041,1,0.9923152327537537
1042,1,0.9828277230262756
1043,1,0.9842440485954285
1044,1,0.9847280979156494
1045,1,0.9864426851272583
1046,1,0.9898489117622375
1047,1,0.9877174496650696
1048,1,0.9942127466201782
1049,1,0.9923990964889526
1050,1,0.9924737215042114
1051,1,0.993510901927948
1052,1,0.9915147423744202
1053,1,0.9920278191566467
1054,1,0.9931870102882385
1055,1,0.971078097820282
1056,1,0.9921131134033203
1057,1,0.9899901747703552
1058,1,0.9950958490371704
1059,1,0.9953215718269348
1060,1,0.993538498878479
1061,1,0.9957378506660461
1062,1,0.9900420308113098
1063,1,0.9888707399368286
1064,1,0.9879862666130066
1065,1,0.9927000403404236
1066,1,0.9922831654548645
1067,1,0.9944508671760559
1068,1,0.9944986701011658
1069,1,0.9924918413162231
1070,1,0.9895315170288086
1071,1,0.9925321340560913
1072,1,0.9918996095657349
1073,1,0.9870544672012329
1074,1,0.9918745160102844
1075,1,0.9933624863624573
1076,1,0.9926453232765198
1077,1,0.9917643666267395
1078,1,0.9938488602638245
1079,1,0.991355836391449
1080,1,0.9896624684333801
1081,1,0.9930541515350342
1082,1,0.9886686205863953
1083,1,0.9953132271766663
1084,1,0.9956307411193848
1085,1,0.995471715927124
1086,1,0.9904319643974304
1087,1,0.9912264347076416
1088,1,0.993720531463623
1089,1,0.9944011569023132
1090,1,0.9919556379318237
1091,1,0.9933319091796875
1092,1,0.9949964284896851
1093,1,0.9883877635002136
1094,1,0.9925343990325928
1095,1,0.9928021430969238
1096,1,0.9907596707344055
1097,1,0.9886422753334045
1098,1,0.993689239025116
1099,1,0.9930759072303772
1100,1,0.9944266080856323
1101,1,0.9950591325759888
1102,1,0.9927420616149902
1103,1,0.9942755699157715
1104,1,0.9946041703224182
1105,1,0.9939600825309753
1106,1,0.9931469559669495
1107,1,0.9924113154411316
1108,1,0.9912850260734558
1109,1,0.9868157505989075
1110,1,0.9941733479499817
1111,1,0.9903579950332642
1112,1,0.9921970367431641
1113,1,0.9918373823165894
1114,1,0.9917396306991577
1115,1,0.9933171272277832
1116,1,0.9933860898017883
1117,1,0.992895245552063
1118,1,0.9937926530838013
1119,1,0.9943797588348389
1120,1,0.9919677376747131
1121,1,0.9869226217269897
1122,1,0.992315948009491
1123,1,0.9916747808456421
1124,1,0.9863299131393433
1125,1,0.9861592054367065
1126,1,0.9884885549545288
1127,1,0.990592896938324
1128,1,0.993872344493866
1129,1,0.9817274212837219
1130,1,0.9911701679229736
1131,1,0.9906780123710632
1132,1,0.987030565738678
1133,1,0.9827423691749573
1134,1,0.9894188046455383
1135,1,0.9890412092208862
1136,1,0.9941165447235107
1137,1,0.9912114143371582
1138,1,0.9862657785415649
1139,1,0.9906852841377258
1140,1,0.991251528263092
1141,1,0.9910820722579956
1142,1,0.9928195476531982
1143,1,0.9925231337547302
1144,1,0.9949040412902832
1145,1,0.992114782333374
1146,1,0.9941253662109375
1147,1,0.9858465194702148
1148,1,0.9801884293556213
1149,1,0.995026171207428
1150,1,0.9940151572227478
1151,1,0.991491436958313
1152,1,0.9950281381607056
1153,1,0.9950488805770874
1154,1,0.9925371408462524
1155,1,0.9899160861968994
1156,1,0.9939654469490051
1157,1,0.987784206867218
1158,1,0.9918104410171509
1159,1,0.9905527830123901
1160,1,0.9865565896034241
1161,1,0.9738888144493103
1162,1,0.995739221572876
1163,1,0.9917743802070618
1164,1,0.9929622411727905
1165,1,0.9868676662445068
1166,1,0.9852966666221619
1167,1,0.9733437299728394
1168,1,0.9831475019454956
1169,1,0.9850913882255554
1170,1,0.983334481716156
1171,1,0.9871660470962524
1172,1,0.9922985434532166
1173,1,0.9868476986885071
1174,1,0.981299102306366
1175,1,0.9901065230369568
1176,1,0.9867684841156006
1177,1,0.988156795501709
1178,1,0.9874514937400818
1179,1,0.9906787872314453
1180,1,0.8732937574386597
1181,1,0.9860203266143799
1182,1,0.993994951248169
1183,1,0.9877417683601379
1184,1,0.9939166307449341
1185,1,0.9852017760276794
1186,1,0.991957426071167
1187,1,0.992100179195404
1188,1,0.993332028388977
1189,1,0.989100456237793
1190,1,0.9944871664047241
1191,1,0.9908385872840881
1192,1,0.9878414273262024
1193,1,0.9801024794578552
1194,1,0.9688345193862915
1195,1,0.9826250672340393
1196,1,0.983592689037323
1197,1,0.9947701096534729
1198,1,0.9855549335479736
1199,1,0.9884117841720581
1200,1,0.9850479364395142
1201,1,0.9932093024253845
1202,1,0.9914182424545288
1203,1,0.9946727752685547
1204,1,0.9930474758148193
1205,1,0.9818415641784668
1206,1,0.9840138554573059
1207,1,0.9793383479118347
1208,1,0.9927307367324829
1209,1,0.9833679795265198
1210,1,0.9886955618858337
1211,1,0.9832908511161804
1212,1,0.9903088212013245
1213,1,0.9917397499084473
1214,1,0.99185711145401
1215,1,0.9846697449684143
1216,1,0.9877207279205322
1217,1,0.9909072518348694
1218,1,0.990351676940918
1219,1,0.9863359928131104
1220,1,0.9914206862449646
1221,1,0.985031008720398
1222,1,0.9871653318405151
1223,1,0.9927088022232056
1224,1,0.9843195080757141
1225,1,0.9899242520332336
1226,1,0.9883601069450378
1227,1,0.9922926425933838
1228,1,0.9910885691642761
1229,1,0.9920855164527893
1230,1,0.9869666695594788
1231,1,0.9838969707489014
1232,1,0.9693343639373779
1233,1,0.9872639775276184
1234,1,0.9906957149505615
1235,1,0.9791147708892822
1236,1,0.9711011052131653
1237,1,0.9871984124183655
1238,1,0.9873142242431641
1239,1,0.9802297353744507
1240,1,0.9781923890113831
1241,1,0.9781131744384766
1242,1,0.9662771821022034
1243,1,0.991531491279602
1244,1,0.9882627725601196
1245,1,0.9321692585945129
1246,1,0.9772427082061768
1247,1,0.9831945300102234
1248,1,0.9923186898231506
1249,1,0.9811323881149292
1250,1,0.9882869720458984
1251,1,0.9805007576942444
1252,1,0.9790281057357788
1253,1,0.9844279289245605
1254,1,0.9875192046165466
1255,1,0.9789971709251404
1256,1,0.9907174110412598
1257,1,0.9912940263748169
1258,1,0.9804779291152954
1259,1,0.9826071262359619
1260,1,0.9823067784309387
1261,1,0.9912775158882141
1262,1,0.9889915585517883
1263,1,0.9660770893096924
1264,1,0.9881510734558105
1265,1,0.9855512380599976
1266,1,0.9874568581581116
1267,1,0.9903901815414429
1268,1,0.9923059940338135
1269,1,0.9897500276565552
1270,1,0.9883208870887756
1271,1,0.988631010055542
1272,1,0.9861645102500916
1273,1,0.9920812249183655
1274,1,0.9849184155464172
1275,1,0.9914846420288086
1276,1,0.9887427687644958
1277,1,0.9874217510223389
1278,1,0.9884930849075317
1279,1,0.9881779551506042
1280,1,0.9903297424316406
1281,1,0.9915792942047119
1282,1,0.9793306589126587
1283,1,0.9885962605476379
1284,1,0.9904868006706238
1285,1,0.9859080910682678
1286,1,0.9919619560241699
1287,1,0.9670629501342773
1288,1,0.980427622795105
1289,1,0.9923574924468994
1290,1,0.9933900237083435
1291,1,0.987696647644043
1292,1,0.9882125854492188
1293,1,0.9861254692077637
1294,1,0.992396354675293
1295,1,0.9912046194076538
1296,1,0.9901737570762634
1297,1,0.9903454184532166
1298,1,0.9892326593399048
1299,1,0.9557093381881714
1300,1,0.9858547449111938
1301,1,0.985867440700531
1302,1,0.9921526312828064
1303,1,0.9820390939712524
1304,1,0.983826756477356
1305,1,0.9793944954872131
1306,1,0.9913268685340881
1307,1,0.992275595664978
1308,1,0.9851929545402527
1309,1,0.9898982048034668
1310,1,0.990576446056366
1311,1,0.991382896900177
1312,1,0.990139901638031
1313,1,0.9541905522346497
1314,1,0.9576877355575562
1315,1,0.977452278137207
1316,1,0.9888584613800049
1317,1,0.9922683238983154
1318,1,0.992449164390564
1319,1,0.98464035987854
1320,1,0.9783088564872742
1321,1,0.9927121996879578
1322,1,0.9839541912078857
1323,1,0.9868692755699158
1324,1,0.9870893955230713
1325,1,0.9922382235527039
1326,1,0.9770641326904297
1327,1,0.9726173281669617
1328,1,0.9659122228622437
1329,1,0.9891679883003235
1330,1,0.9931255578994751
1331,1,0.9884197115898132
1332,1,0.9885842800140381
1333,1,0.9919487833976746
1334,1,0.9907916784286499
1335,1,0.9905729293823242
1336,1,0.9896751046180725
1337,1,0.9929153919219971
1338,1,0.98930823802948
1339,1,0.9922926425933838
1340,1,0.9895731806755066
1341,1,0.9914728403091431
1342,1,0.982371985912323
1343,1,0.9881366491317749
1344,1,0.9880117774009705
1345,1,0.9871422052383423
1346,1,0.9846433401107788
1347,1,0.9926322102546692
1348,1,0.9815211296081543
1349,1,0.9889936447143555
1350,1,0.9836458563804626
1351,1,0.9854981303215027
1352,1,0.9884414672851562
1353,1,0.9904419779777527
1354,1,0.9907406568527222
1355,1,0.9874918460845947
1356,1,0.9791422486305237
1357,1,0.9907717704772949
1358,1,0.9744766354560852
1359,1,0.9875091314315796
1360,1,0.974888026714325
1361,1,0.9835753440856934
1362,1,0.9917762875556946
1363,1,0.9818678498268127
1364,1,0.9921034574508667
1365,1,0.9903680086135864
1366,1,0.9890701174736023
1367,1,0.9875340461730957
1368,1,0.9854142069816589
1369,1,0.9898083209991455
1370,1,0.990327000617981
1371,1,0.9681005477905273
1372,1,0.9896455407142639
1373,1,0.9816939830780029
1374,1,0.9872824549674988
1375,1,0.9906398057937622
1376,1,0.9884499311447144
1377,1,0.9878547191619873
1378,1,0.9894941449165344
1379,1,0.9891283512115479
1380,1,0.981228232383728
1381,1,0.9674511551856995
1382,1,0.9900980591773987
1383,1,0.9889255166053772
1384,1,0.9840328097343445
1385,1,0.977622926235199
1386,1,0.9782534837722778
1387,1,0.9877697229385376
1388,1,0.9628056883811951
1389,1,0.9894077181816101
1390,1,0.9744886159896851
1391,1,0.9880827069282532
1392,1,0.9758924245834351
1393,1,0.9894176125526428
1394,1,0.9922325611114502
1395,1,0.9938996434211731
1396,1,0.9912155270576477
1397,1,0.9858847260475159
1398,1,0.9928767085075378
1399,1,0.9887461066246033
1400,1,0.9620018005371094
1401,1,0.9801377654075623
1402,1,0.9505560994148254
1403,1,0.9858641028404236
1404,1,0.9888903498649597
1405,1,0.9869558215141296
1406,1,0.9889156818389893
1407,1,0.9847628474235535
1408,1,0.984030544757843
1409,1,0.9918625950813293
1410,1,0.9834358096122742
1411,1,0.9771603345870972
1412,1,0.983214259147644
1413,1,0.9817376732826233
1414,1,0.9917784929275513
1415,1,0.9904842972755432
1416,1,0.9907497763633728
1417,1,0.9768372774124146
1418,1,0.9671028256416321
1419,1,0.9891436696052551
1420,1,0.9786373376846313
1421,1,0.9832774996757507
1422,1,0.9709933996200562
1423,1,0.9675803184509277
1424,1,0.9735571146011353
1425,1,0.9805688858032227
1426,1,0.9792901277542114
1427,1,0.9848800897598267
1428,1,0.9904196262359619
1429,1,0.9870845079421997
1430,1,0.9901553988456726
1431,1,0.9904785752296448
1432,1,0.9910375475883484
1433,1,0.9884470701217651
1434,1,0.9756399393081665
1435,1,0.9900356531143188
1436,1,0.9831256866455078
1437,1,0.9875302910804749
1438,1,0.9572499990463257
1439,1,0.9475209712982178
1440,1,0.9748470783233643
1441,1,0.9870489239692688
1442,1,0.971483051776886
1443,1,0.9709675908088684
1444,1,0.9773292541503906
1445,1,0.9746924638748169
1446,1,0.9834535121917725
1447,1,0.9784849882125854
1448,1,0.9684760570526123
1449,1,0.983712911605835
1450,1,0.9814493060112
1451,1,0.983417809009552
1452,1,0.9812799096107483
1453,1,0.9765046834945679
1454,1,0.982601523399353
1455,1,0.9845219850540161
1456,1,0.9888391494750977
1457,1,0.9899770617485046
1458,1,0.9891098737716675
1459,1,0.9915372729301453
1460,1,0.9894070625305176
1461,1,0.9840553998947144
1462,1,0.9880177974700928
1463,1,0.9861248135566711
1464,1,0.9838364720344543
1465,1,0.988786518573761
1466,1,0.9870983362197876
1467,1,0.9868495464324951
1468,1,0.9871802926063538
1469,1,0.9846907258033752
1470,1,0.9624148011207581
1471,1,0.9888745546340942
1472,1,0.9308509230613708
1473,1,0.9816775321960449
1474,1,0.9578815698623657
1475,1,0.9838781952857971
1476,1,0.9833792448043823
1477,1,0.9660788774490356
1478,1,0.9664657115936279
1479,1,0.9621405601501465
1480,1,0.9887705445289612
1481,1,0.990008533000946
1482,1,0.972068727016449
1483,1,0.9851218461990356
1484,1,0.9863282442092896
1485,1,0.988130509853363
1486,1,0.9820526838302612
1487,1,0.9883100986480713
1488,1,0.9831734299659729
1489,1,0.9873577356338501
1490,1,0.9896752238273621
1491,1,0.9892043471336365
1492,1,0.9653272032737732
1493,1,0.9904903173446655
1494,1,0.9792909622192383
1495,1,0.9880858063697815
1496,1,0.9898084402084351
1497,1,0.9871058464050293
1498,1,0.9854918122291565
1499,1,0.990848183631897
1500,1,0.9877297282218933
1501,1,0.9858134388923645
1502,1,0.9894288182258606
1503,1,0.9824744462966919
1504,1,0.9578940868377686
1505,1,0.9877669811248779
1506,1,0.9696850180625916
1507,1,0.9740573167800903
1508,1,0.953923761844635
1509,1,0.9818363189697266
1510,1,0.980208694934845
1511,1,0.9845934510231018
1512,1,0.9527722001075745
1513,1,0.9896877408027649
1514,1,0.9846559166908264
1515,1,0.9679160714149475
1516,1,0.9725960493087769
1517,1,0.9864959120750427
1518,1,0.9806665182113647
1519,1,0.9755449295043945
1520,1,0.9749649167060852
1521,1,0.9648771286010742
1522,1,0.9757479429244995
1523,1,0.9447915554046631
1524,1,0.9793301224708557
1525,1,0.9725097417831421
1526,1,0.9878275394439697
1527,1,0.9891056418418884
1528,1,0.9867151379585266
1529,1,0.97063809633255
1530,1,0.9848170280456543
1531,1,0.9826189875602722
1532,1,0.9825678467750549
1533,1,0.982864260673523
1534,1,0.9838294386863708
1535,1,0.9882940649986267
1536,1,0.9779323935508728
1537,1,0.9787569642066956
1538,1,0.9767259359359741
1539,1,0.9743520617485046
1540,1,0.9838651418685913
1541,1,0.9868049025535583
1542,1,0.9860842227935791
1543,1,0.9830845594406128
1544,1,0.9828420281410217
1545,1,0.987480878829956
1546,1,0.9719376564025879
1547,1,0.9655137658119202
1548,1,0.9774530529975891
1549,1,0.9724937081336975
1550,1,0.9835516214370728
1551,1,0.9803512096405029
1552,1,0.9816195964813232
1553,1,0.9856724739074707
1554,1,0.9832675457000732
1555,1,0.9887418150901794
1556,1,0.9784947633743286
1557,1,0.9853388071060181
1558,1,0.9780485033988953
1559,1,0.9808170795440674
1560,1,0.9873048067092896
1561,1,0.9893666505813599
1562,1,0.9862198233604431
1563,1,0.8821058869361877
1564,1,0.9591702222824097
1565,1,0.9913484454154968
1566,1,0.9768763780593872
1567,1,0.9687533974647522
1568,1,0.9845018982887268
1569,1,0.9656060934066772
1570,1,0.9853494167327881
1571,1,0.9777740240097046
1572,1,0.9585375189781189
1573,1,0.9868138432502747
1574,1,0.9863728880882263
1575,1,0.9841337203979492
1576,1,0.9513705372810364
1577,1,0.982622504234314
1578,1,0.9838504195213318
1579,1,0.9898971319198608
1580,1,0.9591397643089294
1581,1,0.9789534211158752
1582,1,0.9154344797134399
1583,1,0.9853330254554749
1584,1,0.978081226348877
1585,1,0.9732444286346436
1586,1,0.9725971221923828
1587,1,0.9761131405830383
1588,1,0.9759429693222046
1589,1,0.969272792339325
1590,1,0.9876750111579895
1591,1,0.977483868598938
1592,1,0.9705868363380432
1593,1,0.975551426410675
1594,1,0.9852632880210876
1595,1,0.972467839717865
1596,1,0.9756081104278564
1597,1,0.9637909531593323
1598,1,0.9531341195106506
1599,1,0.980040431022644
1600,1,0.9637288451194763
1601,1,0.9746645092964172
1602,1,0.9850476980209351
1603,1,0.9845457077026367
1604,1,0.9750761389732361
1605,1,0.9595180749893188
1606,1,0.9662731289863586
1607,1,0.9816653728485107
1608,1,0.9791116714477539
1609,1,0.9786941409111023
1610,1,0.9736423492431641
1611,1,0.9215736389160156
1612,1,0.9843416213989258
1613,1,0.9123585224151611
1614,1,0.9667381644248962
1615,1,0.9713259935379028
1616,1,0.9559404253959656
1617,1,0.974190890789032
1618,1,0.935440719127655
1619,1,0.9741094708442688
1620,1,0.9706070423126221
1621,1,0.9153012037277222
1622,1,0.9814195036888123
1623,1,0.8984142541885376
1624,1,0.9432252049446106
1625,1,0.9812334179878235
1626,1,0.963588297367096
1627,1,0.9756284952163696
1628,1,0.9641838073730469
1629,1,0.9725260734558105
1630,1,0.972597062587738
1631,1,0.9684202671051025
1632,1,0.9217627048492432
1633,1,0.9732248187065125
1634,1,0.9694163203239441
1635,1,0.9684910178184509
1636,1,0.9725825190544128
1637,1,0.9812265038490295
1638,1,0.954784631729126
1639,1,0.959581732749939
1640,1,0.9851663708686829
1641,1,0.9013597965240479
1642,1,0.9686775803565979
1643,1,0.9494389891624451
1644,1,0.965864896774292
1645,1,0.9700884222984314
1646,1,0.970017671585083
1647,1,0.9861353635787964
1648,1,0.9393662810325623
1649,1,0.9693220853805542
1650,1,0.9575686454772949
1651,1,0.8214938044548035
1652,1,0.8943353295326233
1653,1,0.9210630655288696
1654,1,0.9693636894226074
1655,1,0.8926584124565125
1656,1,0.8331755995750427
1657,1,0.9600606560707092
1658,1,0.8790375590324402
1659,1,0.7620588541030884
1660,1,0.8948781490325928
1661,1,0.8380338549613953
1662,1,0.8213512897491455
1663,1,0.91617351770401
1664,1,0.8131334781646729
1665,1,0.5745925307273865
1666,1,0.9724144339561462
1667,1,0.9696669578552246
1668,1,0.9677268862724304
1669,1,0.9653976559638977
1670,1,0.9407870769500732
1671,1,0.9535022974014282
1672,1,0.9687005281448364
1673,1,0.911090075969696
1674,1,0.907821774482727
1675,1,0.9109841585159302
1676,1,0.9712673425674438
1677,1,0.9785500764846802
1678,1,0.9582559466362
1679,1,0.8277726173400879
1680,1,0.963441789150238
1681,1,0.9548922777175903
1682,1,0.8998103141784668
1683,1,0.947803795337677
1684,1,0.9637293815612793
1685,1,0.9512458443641663
1686,1,0.9114802479743958
1687,1,0.793545126914978
1688,1,0.9670493006706238
1689,1,0.9774197340011597
1690,1,0.9338465929031372
1691,1,0.9670145511627197
1692,1,0.9379765391349792
1693,1,0.9746882915496826
1694,1,0.945831835269928
1695,1,0.9026656746864319
1696,1,0.9806404709815979
1697,1,0.9784737229347229
1698,1,0.9838255643844604
1699,1,0.9746071696281433
1700,1,0.9503353238105774
1701,1,0.8397282958030701
1702,1,0.9706600904464722
1703,1,0.9621574878692627
1704,1,0.8778963685035706
1705,1,0.9430412650108337
1706,1,0.9596697092056274
1707,1,0.9382972121238708
1708,1,0.9520763158798218
1709,1,0.9590809941291809
1710,1,0.9788212776184082
1711,1,0.965501070022583
1712,1,0.953370988368988
1713,1,0.9135906100273132
1714,1,0.9661034345626831
1715,1,0.8888255953788757
1716,1,0.9148030877113342
1717,1,0.9043076038360596
1718,1,0.9675898551940918
1719,1,0.9473943710327148
1720,1,0.9235422611236572
1721,1,0.979208767414093
1722,1,0.9704827070236206
1723,1,0.9587194323539734
1724,1,0.9757435321807861
1725,1,0.9457380771636963
1726,1,0.9706797003746033
1727,1,0.9535894393920898
1728,1,0.9584812521934509
1729,1,0.9745763540267944
1730,1,0.9703525304794312
1731,1,0.8840417265892029
1732,1,0.9529339671134949
1733,1,0.8944414854049683
1734,1,0.9454797506332397
1735,1,0.9587498307228088
1736,1,0.9136773347854614
1737,1,0.9281824231147766
1738,1,0.95650315284729
1739,1,0.9479355812072754
1740,1,0.9501049518585205
1741,1,0.9769277572631836
1742,1,0.9273088574409485
1743,1,0.8673349022865295
1744,1,0.8700298070907593
1745,1,0.9481719732284546
1746,1,0.9795511960983276
1747,1,0.9678137302398682
1748,1,0.8793089985847473
1749,1,0.9352028965950012
1750,1,0.9046464562416077
1751,1,0.9532868266105652
1752,1,0.9487013220787048
1753,1,0.9640649557113647
1754,1,0.97488933801651
1755,1,0.9540422558784485
1756,1,0.9379056096076965
1757,1,0.8593595623970032
1758,1,0.9667108058929443
1759,1,0.9676727056503296
1760,1,0.9624402523040771
1761,1,0.8839110136032104
1762,1,0.9120231866836548
1763,1,0.9356788396835327
1764,1,0.9556951522827148
1765,1,0.9589789509773254
1766,1,0.9676166772842407
1767,1,0.85883629322052
1768,1,0.942638635635376
1769,1,0.9407579898834229
1770,1,0.8914635181427002
1771,1,0.9529367089271545
1772,1,0.9243370294570923
1773,1,0.9075745344161987
1774,1,0.8882700800895691
1775,1,0.975691020488739
1776,1,0.8971931338310242
1777,1,0.940961480140686
1778,1,0.9451479315757751
1779,1,0.9683327674865723
1780,1,0.9377648830413818
1781,1,0.8746751546859741
1782,1,0.889352560043335
1783,1,0.9233100414276123
1784,1,0.9433504343032837
1785,1,0.8881287574768066
1786,1,0.9573407769203186
1787,1,0.9277938604354858
1788,1,0.9542180299758911
1789,1,0.9397682547569275
1790,1,0.9186660647392273
1791,1,0.9515678286552429
1792,1,0.8965092897415161
1793,1,0.9556544423103333
1794,1,0.9156165719032288
1795,1,0.9368218779563904
1796,1,0.9198998212814331
1797,1,0.877208411693573
1798,1,0.8758015632629395
1799,1,0.9270691275596619
1800,1,0.9399674534797668
1801,1,0.7706034779548645
1802,1,0.9292718768119812
1803,1,0.8728140592575073
1804,1,0.9016041159629822
1805,1,0.9594500064849854
1806,1,0.913345992565155
1807,1,0.87248295545578
1808,1,0.8794227838516235
1809,1,0.9141281247138977
1810,1,0.9116159081459045
1811,1,0.6150770783424377
1812,1,0.95805424451828
1813,1,0.836916983127594
1814,1,0.9359568953514099
1815,1,0.8663734793663025
1816,1,0.9473766684532166
1817,1,0.9375237822532654
1818,1,0.9594970941543579
1819,1,0.8457232117652893
1820,1,0.8356332778930664
1821,1,0.8630992770195007
1822,1,0.9227555394172668
1823,1,0.8615955710411072
1824,1,0.8987342715263367
1825,1,0.8789048194885254
1826,1,0.9472489356994629
1827,1,0.8751349449157715
1828,1,0.9411466121673584
1829,1,0.9394538402557373
1830,1,0.8568686842918396
1831,1,0.7674538493156433
1832,1,0.8534414172172546
1833,1,0.9008296728134155
1834,1,0.9454960823059082
1835,1,0.9349455833435059
1836,1,0.7117476463317871
1837,1,0.9311585426330566
1838,1,0.9189027547836304
1839,1,0.919929563999176
1840,1,0.9223679900169373
1841,1,0.9249241948127747
1842,1,0.9288809895515442
1843,1,0.8920799493789673
1844,1,0.9630321264266968
1845,1,0.8319956660270691
1846,1,0.8487831950187683
1847,1,0.954912543296814
1848,1,0.7603021860122681
1849,1,0.9303085803985596
1850,1,0.9575307369232178
1851,1,0.8348533511161804
1852,1,0.9395211338996887
1853,1,0.7409384250640869
1854,1,0.8274306654930115
1855,1,0.9520106315612793
1856,1,0.9144154191017151
1857,1,0.9405968189239502
1858,1,0.7713810205459595
1859,1,0.9156314730644226
1860,1,0.7257335186004639
1861,1,0.8163309693336487
1862,1,0.8626964092254639
1863,1,0.9421206712722778
1864,1,0.8451746702194214
1865,1,0.8992757201194763
1866,1,0.8109707832336426
1867,1,0.8940528631210327
1868,1,0.8425800800323486
1869,1,0.6865494847297668
1870,1,0.8966109156608582
1871,1,0.8464890122413635
1872,1,0.8718355894088745
1873,1,0.876399040222168
1874,1,0.9098252654075623
1875,1,0.9028407335281372
1876,1,0.808019757270813
1877,1,0.7834984064102173
1878,1,0.956524670124054
1879,1,0.7244519591331482
1880,1,0.7675772905349731
1881,1,0.692872941493988
1882,1,0.4894139766693115
1883,1,0.7922325730323792
1884,1,0.8380066752433777
1885,1,0.8843209743499756
1886,1,0.8230911493301392
1887,1,0.19727742671966553
1888,1,0.51932293176651
1889,1,0.6936385035514832
1890,1,0.7130244970321655
1891,1,0.4587462246417999
1892,1,0.4540134370326996
1893,1,0.815356969833374
1894,1,0.8908063173294067
1895,1,0.8365150094032288
1896,1,0.7498065233230591
1897,1,0.6901821494102478
1898,1,0.3259100019931793
1899,1,0.8359179496765137
1900,1,0.5012767314910889
1901,1,0.7987073659896851
1902,1,0.8157915472984314
1903,1,0.43868517875671387
1904,1,0.13666953146457672
1905,1,0.3768584132194519
1906,1,0.829200267791748
1907,1,0.8052923679351807
1908,1,0.8502729535102844
1909,1,0.5736623406410217
1910,1,0.809062123298645
1911,1,0.7473382949829102
1912,1,0.4324020445346832
1913,1,0.3180343210697174
1914,1,0.7045913338661194
1915,1,0.6031802892684937
1916,1,0.4757803678512573
1917,1,0.7404175400733948
1918,1,0.6426864266395569
1919,1,0.7552387714385986
1920,1,0.9216009974479675
1921,1,0.8791481256484985
1922,1,0.8964129686355591
1923,1,0.7383536100387573
1924,1,0.7936120629310608
1925,1,0.7020263075828552
1926,1,0.7405628561973572
1927,1,0.8049978613853455
1928,1,0.8611282110214233
1929,1,0.6679856181144714
1930,1,0.7521641850471497
1931,1,0.9812831282615662
1932,1,0.8085542321205139
1933,1,0.9411510825157166
1934,1,0.8476707339286804
1935,1,0.9239413738250732
1936,1,0.7272217273712158
1937,1,0.5161325335502625
1938,1,0.797997772693634
1939,1,0.930683970451355
1940,1,0.8859200477600098
1941,1,0.6707947254180908
1942,1,0.5307772159576416
1943,1,0.8563206195831299
1944,1,0.8733988404273987
1945,1,0.9361489415168762
1946,1,0.8817790150642395
1947,1,0.9233272075653076
1948,1,0.903825581073761
1949,1,0.6575002670288086
1950,1,0.16408681869506836
1951,1,0.9312499761581421
1952,1,0.9197431206703186
1953,1,0.8602880835533142
1954,1,0.8563182950019836
1955,1,0.6239573359489441
1956,1,0.7965842485427856
1957,1,0.9679866433143616
1958,1,0.7156553268432617
1959,1,0.9202781319618225
1960,1,0.8404605388641357
1961,1,0.9107138514518738
1962,1,0.9146193265914917
1963,1,0.7290125489234924
1964,1,0.9744133949279785
1965,1,0.9346920847892761
1966,1,0.656982958316803
1967,1,0.903789758682251
1968,1,0.8579897880554199
1969,1,0.8072072267532349
1970,1,0.8165808916091919
1971,1,0.9148077368736267
1972,1,0.9420889616012573
1973,1,0.5538647770881653
1974,1,0.9008744955062866
1975,1,0.9037086367607117
1976,1,0.9583120942115784
1977,1,0.7134491205215454
1978,1,0.8428264260292053
1979,1,0.38589999079704285
1980,1,0.4954317510128021
1981,1,0.9035111665725708
1982,1,0.20554260909557343
1983,1,0.7879503965377808
1984,1,0.8778091669082642
1985,1,0.2099108248949051
1986,1,0.6336079239845276
1987,1,0.6427642107009888
1988,1,0.5654913783073425
1989,1,0.31051573157310486
1990,1,0.9036118388175964
1991,0,0.27364522218704224
1992,0,0.37145236134529114
1993,0,0.5849663615226746
1994,0,0.6014354228973389
1995,0,0.22748391330242157
1996,0,0.6927102208137512
1997,0,0.13718359172344208
1998,0,0.3325555622577667
1999,0,0.22464506328105927
2000,0,0.02924870327115059
2001,0,0.33312639594078064
2002,0,0.3724585771560669
2003,0,0.9397990107536316
2004,0,0.048402681946754456
2005,0,0.18244831264019012
2006,0,0.4631700813770294
2007,0,0.20423242449760437
2008,0,0.11750093102455139
2009,0,0.7445009350776672
2010,0,0.10290040820837021
2011,0,0.14013981819152832
2012,0,0.5059764981269836
2013,0,0.500377357006073
2014,0,0.759071409702301
2015,0,0.5772876143455505
2016,0,0.6232272386550903
2017,0,0.24703554809093475
2018,0,0.2059299349784851
2019,0,0.5335959196090698
2020,0,0.06781051307916641
2021,0,0.34411558508872986
2022,0,0.93400639295578
2023,0,0.5737764239311218
2024,0,0.5173084735870361
2025,0,0.3538777828216553
2026,0,0.6112918853759766
2027,0,0.30472332239151
2028,0,0.1695898026227951
2029,0,0.2625265121459961
2030,0,0.0730828046798706
2031,0,0.11232364922761917
2032,0,0.3935026526451111
2033,0,0.8804762363433838
2034,0,0.41373002529144287
2035,0,0.2396780550479889
2036,0,0.17834186553955078
2037,0,0.3105813264846802
2038,0,0.5270593166351318
2039,0,0.10598140209913254
2040,0,0.5627844929695129
2041,0,0.1263747662305832
2042,0,0.08960430324077606
2043,0,0.8126522302627563
2044,0,0.8761427402496338
2045,0,0.07562350481748581
2046,0,0.017273347824811935
2047,0,0.31224802136421204
2048,0,0.4057554006576538
2049,0,0.2143787145614624
2050,0,0.033710919320583344
2051,0,0.29234200716018677
2052,0,0.6765468120574951
2053,0,0.25330182909965515
2054,0,0.26606908440589905
2055,0,0.15658539533615112
2056,0,0.1600065380334854
2057,0,0.7337654829025269
2058,0,0.17156948149204254
2059,0,0.1200258657336235
2060,0,0.6602253913879395
2061,0,0.2726239264011383
2062,0,0.13286501169204712
2063,0,0.47329556941986084
2064,0,0.7783145904541016
2065,0,0.10833635181188583
2066,0,0.05630233511328697
2067,0,0.5848986506462097
2068,0,0.12655554711818695
2069,0,0.3449588716030121
2070,0,0.49959075450897217
2071,0,0.16230712831020355
2072,0,0.1763785034418106
2073,0,0.17986777424812317
2074,0,0.14970140159130096
2075,0,0.13201814889907837
2076,0,0.07883711159229279
2077,0,0.4590732157230377
2078,0,0.24338164925575256
2079,0,0.34840041399002075
2080,0,0.06636636704206467
2081,0,0.08917258679866791
2082,0,0.04206418991088867
2083,0,0.6802877187728882
2084,0,0.14960448443889618
2085,0,0.05370241403579712
2086,0,0.11917971819639206
2087,0,0.7862695455551147
2088,0,0.386417031288147
2089,0,0.04626244679093361
2090,0,0.05839681625366211
2091,0,0.6908025741577148
2092,0,0.010598232969641685
2093,0,0.43460986018180847
2094,0,0.1381157785654068
2095,0,0.030063975602388382
2096,0,0.15253442525863647
2097,0,0.10746239870786667
2098,0,0.12854784727096558
2099,0,0.34346088767051697
2100,0,0.10852037370204926
2101,0,0.30961018800735474
2102,0,0.13244163990020752
2103,0,0.04559537395834923
2104,0,0.11782822012901306
2105,0,0.08418100327253342
2106,0,0.05508149787783623
2107,0,0.04241470247507095
2108,0,0.6634714007377625
2109,0,0.310213178396225
2110,0,0.14496251940727234
2111,0,0.13824142515659332
2112,0,0.20967957377433777
2113,0,0.035851649940013885
2114,0,0.19417832791805267
2115,0,0.26890772581100464
2116,0,0.10244181007146835
2117,0,0.12075512856245041
2118,0,0.021420646458864212
2119,0,0.4947482645511627
2120,0,0.17310824990272522
2121,0,0.062206417322158813
2122,0,0.021347399801015854
2123,0,0.02912464179098606
2124,0,0.13893377780914307
2125,0,0.5931528210639954
2126,0,0.13379140198230743
2127,0,0.059350572526454926
2128,0,0.8635067343711853
2129,0,0.23716749250888824
2130,0,0.30825674533843994
2131,0,0.3162534832954407
2132,0,0.39571070671081543
2133,0,0.18558663129806519
2134,0,0.34686073660850525
2135,0,0.19992347061634064
2136,0,0.1843814253807068
2137,0,0.3684041500091553
2138,0,0.510476291179657
2139,0,0.042148567736148834
2140,0,0.040908653289079666
2141,0,0.3183697760105133
2142,0,0.3324494957923889
2143,0,0.15451104938983917
2144,0,0.07189087569713593
2145,0,0.29206496477127075
2146,0,0.6349068284034729
2147,0,0.14040283858776093
2148,0,0.34544485807418823
2149,0,0.3019687831401825
2150,0,0.19091275334358215
2151,0,0.05932599678635597
2152,0,0.08593898266553879
2153,0,0.025571370497345924
2154,0,0.2613382339477539
2155,0,0.11277933418750763
2156,0,0.11965493857860565
2157,0,0.05303386226296425
2158,0,0.08003803342580795
2159,0,0.10397201776504517
2160,0,0.16662098467350006
2161,0,0.6947040557861328
2162,0,0.33918747305870056
2163,0,0.04505530744791031
2164,0,0.14311262965202332
2165,0,0.16340038180351257
2166,0,0.04767612740397453
2167,0,0.024142947047948837
2168,0,0.13841880857944489
2169,0,0.09009227901697159
2170,0,0.04721119627356529
2171,0,0.08667690306901932
2172,0,0.26136136054992676
2173,0,0.13726836442947388
2174,0,0.013656116090714931
2175,0,0.10891464352607727
2176,0,0.1405097246170044
2177,0,0.030552808195352554
2178,0,0.1524428129196167
2179,0,0.05399296060204506
2180,0,0.19020582735538483
2181,0,0.12154971808195114
2182,0,0.13245640695095062
2183,0,0.03779193013906479
2184,0,0.17899943888187408
2185,0,0.041483256965875626
2186,0,0.024363087490200996
2187,0,0.0378650538623333
2188,0,0.07585836201906204
2189,0,0.4355839490890503
2190,0,0.11416349560022354
2191,0,0.07971393316984177
2192,0,0.06180000677704811
2193,0,0.2199239879846573
2194,0,0.11837560683488846
2195,0,0.015593482181429863
2196,0,0.09813577681779861
2197,0,0.25618499517440796
2198,0,0.017192397266626358
2199,0,0.18765735626220703
2200,0,0.050132036209106445
2201,0,0.024720698595046997
2202,0,0.05234098806977272
2203,0,0.02751944214105606
2204,0,0.17176023125648499
2205,0,0.5258196592330933
2206,0,0.15978887677192688
2207,0,0.04786784201860428
2208,0,0.04663499817252159
2209,0,0.13378369808197021
2210,0,0.02192026562988758
2211,0,0.07428029179573059
2212,0,0.03501478582620621
2213,0,0.09126365184783936
2214,0,0.07522997260093689
2215,0,0.05846921354532242
2216,0,0.013078764081001282
2217,0,0.08486305922269821
2218,0,0.049059394747018814
2219,0,0.010701227001845837
2220,0,0.0426580086350441
2221,0,0.19636858999729156
2222,0,0.015479211695492268
2223,0,0.353183388710022
2224,0,0.1482272446155548
2225,0,0.04954897239804268
2226,0,0.04287322610616684
2227,0,0.029947319999337196
2228,0,0.07535259425640106
2229,0,0.0911058634519577
2230,0,0.053180113434791565
2231,0,0.04150056093931198
2232,0,0.06310927122831345
2233,0,0.054866865277290344
2234,0,0.018756676465272903
2235,0,0.06264811754226685
2236,0,0.06136409938335419
2237,0,0.11143277585506439
2238,0,0.05154450237751007
2239,0,0.09896030277013779
2240,0,0.0487980842590332
2241,0,0.08539215475320816
2242,0,0.010789045132696629
2243,0,0.42495185136795044
2244,0,0.08767450600862503
2245,0,0.08788302540779114
2246,0,0.05383292958140373
2247,0,0.19039791822433472
2248,0,0.07850849628448486
2249,0,0.045256029814481735
2250,0,0.018143773078918457
2251,0,0.31845608353614807
2252,0,0.029469499364495277
2253,0,0.05660748481750488
2254,0,0.15596064925193787
2255,0,0.033878225833177567
2256,0,0.03248337656259537
2257,0,0.02617507241666317
2258,0,0.2152918577194214
2259,0,0.03631002455949783
2260,0,0.03041880577802658
2261,0,0.048166364431381226
2262,0,0.045514870434999466
2263,0,0.02746654488146305
2264,0,0.09523243457078934
2265,0,0.06372895836830139
2266,0,0.018369464203715324
2267,0,0.03471464663743973
2268,0,0.04031306132674217
2269,0,0.037276510149240494
2270,0,0.3104148507118225
2271,0,0.04702294245362282
2272,0,0.021798133850097656
2273,0,0.027424849569797516
2274,0,0.10035976767539978
2275,0,0.2097092568874359
2276,0,0.10432130098342896
2277,0,0.09398896992206573
2278,0,0.02889273315668106
2279,0,0.18759284913539886
2280,0,0.04151485487818718
2281,0,0.02090926468372345
2282,0,0.026562243700027466
2283,0,0.07130566239356995
2284,0,0.11051063984632492
2285,0,0.017474114894866943
2286,0,0.25881582498550415
2287,0,0.01558053120970726
2288,0,0.20797127485275269
2289,0,0.0398835688829422
2290,0,0.12482647597789764
2291,0,0.09066275507211685
2292,0,0.45507779717445374
2293,0,0.01438773050904274
2294,0,0.05524889752268791
2295,0,0.2281668335199356
2296,0,0.04856725409626961
2297,0,0.03660331666469574
2298,0,0.2940295934677124
2299,0,0.015017075464129448
2300,0,0.05669359862804413
2301,0,0.03869876638054848
2302,0,0.02993660792708397
2303,0,0.027042202651500702
2304,0,0.029511813074350357
2305,0,0.34190237522125244
2306,0,0.04484099522233009
2307,0,0.015358713455498219
2308,0,0.025497231632471085
2309,0,0.014877152629196644
2310,0,0.3299802541732788
2311,0,0.019552865996956825
2312,0,0.024964870885014534
2313,0,0.027048978954553604
2314,0,0.04480838403105736
2315,0,0.019610440358519554
2316,0,0.022740453481674194
2317,0,0.021287254989147186
2318,0,0.18684494495391846
2319,0,0.03202348202466965
2320,0,0.03627663105726242
2321,0,0.021714074537158012
2322,0,0.03625676780939102
2323,0,0.08114597946405411
2324,0,0.03333767130970955
2325,0,0.10240240395069122
2326,0,0.04740222543478012
2327,0,0.03016890212893486
2328,0,0.016091857105493546
2329,0,0.13815706968307495
2330,0,0.009309413842856884
2331,0,0.25688764452934265
2332,0,0.03454357385635376
2333,0,0.04865849018096924
2334,0,0.020256349816918373
2335,0,0.10592977702617645
2336,0,0.08092408627271652
2337,0,0.03207867592573166
2338,0,0.05125647410750389
2339,0,0.08279705047607422
2340,0,0.02721371501684189
2341,0,0.14859364926815033
2342,0,0.025904778391122818
2343,0,0.038741257041692734
2344,0,0.0367131233215332
2345,0,0.09292912483215332
2346,0,0.01805301569402218
2347,0,0.026490967720746994
2348,0,0.009640724398195744
2349,0,0.06289143860340118
2350,0,0.032253872603178024
2351,0,0.023122290149331093
2352,0,0.0073730917647480965
2353,0,0.022901514545083046
2354,0,0.012873882427811623
2355,0,0.04392409697175026
2356,0,0.027189813554286957
2357,0,0.014609258621931076
2358,0,0.043144676834344864
2359,0,0.03497768193483353
2360,0,0.044894877821207047
2361,0,0.032399632036685944
2362,0,0.04486769065260887
2363,0,0.025164615362882614
2364,0,0.07240300625562668
2365,0,0.01671072095632553
2366,0,0.023723408579826355
2367,0,0.09757476300001144
2368,0,0.06892746686935425
2369,0,0.12297789752483368
2370,0,0.025329988449811935
2371,0,0.03205741569399834
2372,0,0.014748743735253811
2373,0,0.05904713273048401
2374,0,0.017385918647050858
2375,0,0.02326100878417492
2376,0,0.06507254391908646
2377,0,0.19018776714801788
2378,0,0.02926754578948021
2379,0,0.061690330505371094
2380,0,0.010969276539981365
2381,0,0.03096148557960987
2382,0,0.007812209893018007
2383,0,0.05823598429560661
2384,0,0.011471976526081562
2385,0,0.010469234548509121
2386,0,0.012823936529457569
2387,0,0.020436624065041542
2388,0,0.04851488769054413
2389,0,0.029998213052749634
2390,0,0.10324432700872421
2391,0,0.044747188687324524
2392,0,0.33442452549934387
2393,0,0.0702582374215126
2394,0,0.05123616382479668
2395,0,0.0295878816395998
2396,0,0.031826961785554886
2397,0,0.012952604331076145
2398,0,0.02557341381907463
2399,0,0.09556685388088226
2400,0,0.010689808055758476
2401,0,0.019450504332780838
2402,0,0.0528673492372036
2403,0,0.022834444418549538
2404,0,0.03909536823630333
2405,0,0.020336363464593887
2406,0,0.07956158369779587
2407,0,0.03267884626984596
2408,0,0.03644467145204544
2409,0,0.041864972561597824
2410,0,0.027013342827558517
2411,0,0.06364325433969498
2412,0,0.027390288189053535
2413,0,0.015049779787659645
2414,0,0.02009262517094612
2415,0,0.011148449964821339
2416,0,0.007104338146746159
2417,0,0.04747620224952698
2418,0,0.019355569034814835
2419,0,0.0539543442428112
2420,0,0.029536966234445572
2421,0,0.24761290848255157
2422,0,0.012166440486907959
2423,0,0.020872557535767555
2424,0,0.016519978642463684
2425,0,0.025724126026034355
2426,0,0.0423860028386116
2427,0,0.034449946135282516
2428,0,0.036376070231199265
2429,0,0.017697345465421677
2430,0,0.07040786743164062
2431,0,0.10926077514886856
2432,0,0.05344422534108162
2433,0,0.023473642766475677
2434,0,0.093686543405056
2435,0,0.028131578117609024
2436,0,0.01169130764901638
2437,0,0.04293810576200485
2438,0,0.02384100668132305
2439,0,0.036743976175785065
2440,0,0.01644529215991497
2441,0,0.023542853072285652
2442,0,0.02321440726518631
2443,0,0.09080997109413147
2444,0,0.0774427130818367
2445,0,0.02395542897284031
2446,0,0.03006717562675476
2447,0,0.0416882261633873
2448,0,0.016821563243865967
2449,0,0.010343961417675018
2450,0,0.018108880147337914
2451,0,0.006572202313691378
2452,0,0.01898573897778988
2453,0,0.02112715318799019
2454,0,0.020524444058537483
2455,0,0.02450299821794033
2456,0,0.025926902890205383
2457,0,0.031385041773319244
2458,0,0.07590553164482117
2459,0,0.050737164914608
2460,0,0.03128806874155998
2461,0,0.057392045855522156
2462,0,0.009874795563519001
2463,0,0.011044308543205261
2464,0,0.15786470472812653
2465,0,0.05327793210744858
2466,0,0.12025068700313568
2467,0,0.056825052946805954
2468,0,0.028814367949962616
2469,0,0.008246948011219501
2470,0,0.03535493090748787
2471,0,0.12520046532154083
2472,0,0.021589698269963264
2473,0,0.047498609870672226
2474,0,0.03552200272679329
2475,0,0.008095736615359783
2476,0,0.037595536559820175
2477,0,0.10542667657136917
2478,0,0.11445239931344986
2479,0,0.014439516700804234
2480,0,0.02265709452331066
2481,0,0.013282228261232376
2482,0,0.03228425607085228
2483,0,0.008485118858516216
2484,0,0.03335133194923401
2485,0,0.008166712708771229
2486,0,0.0459340400993824
2487,0,0.019065767526626587
2488,0,0.025974759832024574
2489,0,0.010263829492032528
2490,0,0.03416522964835167
2491,0,0.044339973479509354
2492,0,0.045765653252601624
2493,0,0.01563771814107895
2494,0,0.041756521910429
2495,0,0.02249646745622158
2496,0,0.03244272246956825
2497,0,0.03253882750868797
2498,0,0.02180849201977253
2499,0,0.01999644748866558
2500,0,0.014871422201395035
2501,0,0.02758677862584591
2502,0,0.05559086799621582
2503,0,0.033522382378578186
2504,0,0.022127889096736908
2505,0,0.014306249096989632
2506,0,0.03060014359652996
2507,0,0.038850266486406326
2508,0,0.014787506312131882
2509,0,0.009385183453559875
2510,0,0.013965076766908169
2511,0,0.010896622203290462
2512,0,0.034338973462581635
2513,0,0.05177603289484978
2514,0,0.022633615881204605
2515,0,0.05519380047917366
2516,0,0.011792086064815521
2517,0,0.01665547862648964
2518,0,0.08651535958051682
2519,0,0.007538431789726019
2520,0,0.019982753321528435
2521,0,0.014686753042042255
2522,0,0.00644687470048666
2523,0,0.013954241760075092
2524,0,0.015850136056542397
2525,0,0.006232416722923517
2526,0,0.006379885133355856
2527,0,0.012932891957461834
2528,0,0.019754720851778984
2529,0,0.011756820604205132
2530,0,0.019074037671089172
2531,0,0.041555847972631454
2532,0,0.011870904825627804
2533,0,0.022356785833835602
2534,0,0.008735056035220623
2535,0,0.020746858790516853
2536,0,0.044248390942811966
2537,0,0.015323424711823463
2538,0,0.029241856187582016
2539,0,0.022562280297279358
2540,0,0.0061280070804059505
2541,0,0.0357755683362484
2542,0,0.026655996218323708
2543,0,0.017688380554318428
2544,0,0.015151063911616802
2545,0,0.013804968446493149
2546,0,0.012016914784908295
2547,0,0.009210950694978237
2548,0,0.033219270408153534
2549,0,0.009867888875305653
2550,0,0.018826840445399284
2551,0,0.014744177460670471
2552,0,0.019765064120292664
2553,0,0.015427623875439167
2554,0,0.012840831652283669
2555,0,0.011704901233315468
2556,0,0.06063989922404289
2557,0,0.008929283358156681
2558,0,0.024057572707533836
2559,0,0.023500367999076843
2560,0,0.0055519756861031055
2561,0,0.029040394350886345
2562,0,0.02645445056259632
2563,0,0.019127264618873596
2564,0,0.03738868981599808
2565,0,0.05063255503773689
2566,0,0.017618101090192795
2567,0,0.010241832584142685
2568,0,0.010516555048525333
2569,0,0.14745394885540009
2570,0,0.010883658193051815
2571,0,0.022910144180059433
2572,0,0.010319193825125694
2573,0,0.008461430668830872
2574,0,0.010018184781074524
2575,0,0.00883533339947462
2576,0,0.030539143830537796
2577,0,0.0303115863353014
2578,0,0.011144719086587429
2579,0,0.008699673227965832
2580,0,0.011757663451135159
2581,0,0.019608497619628906
2582,0,0.011385106481611729
2583,0,0.01638220250606537
2584,0,0.04665517434477806
2585,0,0.009956078603863716
2586,0,0.07856365293264389
2587,0,0.08054357767105103
2588,0,0.01205957867205143
2589,0,0.028523923829197884
2590,0,0.0185818150639534
2591,0,0.02187560871243477
2592,0,0.012621140107512474
2593,0,0.01438284944742918
2594,0,0.021506652235984802
2595,0,0.04528356343507767
2596,0,0.025450408458709717
2597,0,0.013473250903189182
2598,0,0.00800462905317545
2599,0,0.010408609174191952
2600,0,0.011618698947131634
2601,0,0.04193662479519844
2602,0,0.018215158954262733
2603,0,0.01954631134867668
2604,0,0.017756588757038116
2605,0,0.02105075493454933
2606,0,0.02542603760957718
2607,0,0.03863001987338066
2608,0,0.010817105881869793
2609,0,0.006591572891920805
2610,0,0.01654689759016037
2611,0,0.00824651587754488
2612,0,0.02111508697271347
2613,0,0.03823680803179741
2614,0,0.014447778463363647
2615,0,0.021073490381240845
2616,0,0.008739219047129154
2617,0,0.016386954113841057
2618,0,0.009360112249851227
2619,0,0.017771722748875618
2620,0,0.01323765143752098
2621,0,0.03132324293255806
2622,0,0.011207310482859612
2623,0,0.009758352302014828
2624,0,0.026643546298146248
2625,0,0.03081604838371277
2626,0,0.011701090261340141
2627,0,0.013704828917980194
2628,0,0.031218454241752625
2629,0,0.015799598768353462
2630,0,0.025082342326641083
2631,0,0.01649840921163559
2632,0,0.025287644937634468
2633,0,0.02811693400144577
2634,0,0.019372550770640373
2635,0,0.03062961995601654
2636,0,0.010132529772818089
2637,0,0.021183693781495094
2638,0,0.051641229540109634
2639,0,0.02486266754567623
2640,0,0.06261122226715088
2641,0,0.0357547290623188
2642,0,0.010831167921423912
2643,0,0.026774773374199867
2644,0,0.010786662809550762
2645,0,0.015711700543761253
2646,0,0.01372632198035717
2647,0,0.0243294145911932
2648,0,0.047528766095638275
2649,0,0.008790348656475544
2650,0,0.00541545357555151
2651,0,0.018842872232198715
2652,0,0.00911178532987833
2653,0,0.013964342884719372
2654,0,0.011126948520541191
2655,0,0.009565704502165318
2656,0,0.01049593836069107
2657,0,0.01565731316804886
2658,0,0.0213522519916296
2659,0,0.007124251686036587
2660,0,0.01003494393080473
2661,0,0.01428609061986208
2662,0,0.011553987860679626
2663,0,0.008239257149398327
2664,0,0.006920144893229008
2665,0,0.032491810619831085
2666,0,0.04141823202371597
2667,0,0.049412839114665985
2668,0,0.014456668868660927
2669,0,0.014192120172083378
2670,0,0.02762126550078392
2671,0,0.026665017008781433
2672,0,0.006916642654687166
2673,0,0.010389878414571285
2674,0,0.00986615102738142
2675,0,0.014190005138516426
2676,0,0.009375812485814095
2677,0,0.008301508612930775
2678,0,0.022525446489453316
2679,0,0.01650424487888813
2680,0,0.025495514273643494
2681,0,0.006210732739418745
2682,0,0.01143588311970234
2683,0,0.02417433261871338
2684,0,0.011882113292813301
2685,0,0.010053051635622978
2686,0,0.007580372970551252
2687,0,0.029005013406276703
2688,0,0.02552827261388302
2689,0,0.021467575803399086
2690,0,0.015923958271741867
2691,0,0.021790992468595505
2692,0,0.008394711650907993
2693,0,0.01291638147085905
2694,0,0.00928686372935772
2695,0,0.010862390510737896
2696,0,0.03439730405807495
2697,0,0.01191151887178421
2698,0,0.010513771325349808
2699,0,0.009745681658387184
2700,0,0.008343173190951347
2701,0,0.0046879746951162815
2702,0,0.009797656908631325
2703,0,0.035120245069265366
2704,0,0.012034204788506031
2705,0,0.011449750512838364
2706,0,0.008489429019391537
2707,0,0.0064157587476074696
2708,0,0.023068424314260483
2709,0,0.03303999453783035
2710,0,0.009866933338344097
2711,0,0.008756030350923538
2712,0,0.007625550031661987
2713,0,0.014859580434858799
2714,0,0.008804339915513992
2715,0,0.035508740693330765
2716,0,0.04635688662528992
2717,0,0.01087062619626522
2718,0,0.0102238142862916
2719,0,0.010592829436063766
2720,0,0.013030230067670345
2721,0,0.006009885109961033
2722,0,0.011656729504466057
2723,0,0.011312277056276798
2724,0,0.008620567619800568
2725,0,0.032076869159936905
2726,0,0.024120083078742027
2727,0,0.010022982023656368
2728,0,0.01707335188984871
2729,0,0.01183858048170805
2730,0,0.01386189367622137
2731,0,0.008659726940095425
2732,0,0.011819607578217983
2733,0,0.01220745500177145
2734,0,0.004877428524196148
2735,0,0.016034631058573723
2736,0,0.006108536384999752
2737,0,0.018905557692050934
2738,0,0.008742705918848515
2739,0,0.015520474873483181
2740,0,0.005679381545633078
2741,0,0.029747361317276955
2742,0,0.017177723348140717
2743,0,0.013094057328999043
2744,0,0.013499412685632706
2745,0,0.0270411167293787
2746,0,0.006639125291258097
2747,0,0.014205869287252426
2748,0,0.014936712570488453
2749,0,0.01992105506360531
2750,0,0.025148026645183563
2751,0,0.011118116788566113
2752,0,0.0188392773270607
2753,0,0.04376507177948952
2754,0,0.012584924697875977
2755,0,0.018885252997279167
2756,0,0.003758931765332818
2757,0,0.009142524562776089
2758,0,0.0098942331969738
2759,0,0.017356032505631447
2760,0,0.013551335781812668
2761,0,0.01069278921931982
2762,0,0.01898147352039814
2763,0,0.008569922298192978
2764,0,0.011605781503021717
2765,0,0.006978458259254694
2766,0,0.007808142341673374
2767,0,0.009529014118015766
2768,0,0.005191345699131489
2769,0,0.047344010323286057
2770,0,0.05171462520956993
2771,0,0.006240043789148331
2772,0,0.010384525172412395
2773,0,0.018156247213482857
2774,0,0.008369733579456806
2775,0,0.016615867614746094
2776,0,0.0058402931317687035
2777,0,0.06047307327389717
2778,0,0.05683799833059311
2779,0,0.010378808714449406
2780,0,0.009068088605999947
2781,0,0.007029517088085413
2782,0,0.0125634940341115
2783,0,0.016272757202386856
2784,0,0.024234741926193237
2785,0,0.013888632878661156
2786,0,0.012741859070956707
2787,0,0.01695263385772705
2788,0,0.038391076028347015
2789,0,0.0069772484712302685
2790,0,0.01939960941672325
2791,0,0.008814803324639797
2792,0,0.011500183492898941
2793,0,0.009710966609418392
2794,0,0.02449737675487995
2795,0,0.012807781808078289
2796,0,0.0060744271613657475
2797,0,0.030715469270944595
2798,0,0.009979117661714554
2799,0,0.007643993012607098
2800,0,0.026982532814145088
2801,0,0.023209018632769585
2802,0,0.03779984265565872
2803,0,0.009295383468270302
2804,0,0.018976924940943718
2805,0,0.009566254913806915
2806,0,0.020175673067569733
2807,0,0.005764898844063282
2808,0,0.011501739732921124
2809,0,0.01260602567344904
2810,0,0.015149719081819057
2811,0,0.014287291094660759
2812,0,0.012202470563352108
2813,0,0.012616713531315327
2814,0,0.016478924080729485
2815,0,0.027057712897658348
2816,0,0.012960067950189114
2817,0,0.01154202502220869
2818,0,0.028524192050099373
2819,0,0.030678099021315575
2820,0,0.007367746904492378
2821,0,0.005146200768649578
2822,0,0.015791665762662888
2823,0,0.00531432731077075
2824,0,0.010815163142979145
2825,0,0.009022138081490993
2826,0,0.0051115346141159534
2827,0,0.0181199349462986
2828,0,0.016145477071404457
2829,0,0.013220608234405518
2830,0,0.010064652189612389
2831,0,0.011580828577280045
2832,0,0.004619257058948278
2833,0,0.005764336325228214
2834,0,0.015484539791941643
2835,0,0.018412914127111435
2836,0,0.02017953433096409
2837,0,0.007591946050524712
2838,0,0.023119328543543816
2839,0,0.010436853393912315
2840,0,0.017526036128401756
2841,0,0.004721957724541426
2842,0,0.01114574819803238
2843,0,0.0086827352643013
2844,0,0.014517401345074177
2845,0,0.004045980516821146
2846,0,0.03592173755168915
2847,0,0.007271605543792248
2848,0,0.005607701372355223
2849,0,0.013722558505833149
2850,0,0.005595807451754808
2851,0,0.009671235457062721
2852,0,0.009591955691576004
2853,0,0.018581567332148552
2854,0,0.007424629759043455
2855,0,0.010728981345891953
2856,0,0.011349156498908997
2857,0,0.011716381646692753
2858,0,0.007348824292421341
2859,0,0.01084350235760212
2860,0,0.00906907394528389
2861,0,0.04089983180165291
2862,0,0.014244236052036285
2863,0,0.003931546118110418
2864,0,0.0041986675933003426
2865,0,0.006581183522939682
2866,0,0.02491883561015129
2867,0,0.014360655099153519
2868,0,0.0054482463747262955
2869,0,0.0193620715290308
2870,0,0.008128099143505096
2871,0,0.012613714672625065
2872,0,0.01383219100534916
2873,0,0.006263574585318565
2874,0,0.014030270278453827
2875,0,0.0057001966051757336
2876,0,0.010074680671095848
2877,0,0.01638290286064148
2878,0,0.009988591074943542
2879,0,0.007244308479130268
2880,0,0.006912035867571831
2881,0,0.01917102560400963
2882,0,0.012205901555716991
2883,0,0.009069622494280338
2884,0,0.005984362214803696
2885,0,0.00801596324890852
2886,0,0.0051395888440310955
2887,0,0.01784669980406761
2888,0,0.004295784514397383
2889,0,0.0068794661201536655
2890,0,0.007994942367076874
2891,0,0.006667298264801502
2892,0,0.00812936294823885
2893,0,0.005898392293602228
2894,0,0.012964125722646713
2895,0,0.013414837419986725
2896,0,0.009388832375407219
2897,0,0.006037721876055002
2898,0,0.009471588768064976
2899,0,0.005222008563578129
2900,0,0.007078033406287432
2901,0,0.0072802710346877575
2902,0,0.0065757897682487965
2903,0,0.010498196817934513
2904,0,0.006822449155151844
2905,0,0.013229905627667904
2906,0,0.025932198390364647
2907,0,0.016080616042017937
2908,0,0.006003891583532095
2909,0,0.06783614307641983
2910,0,0.007225714158266783
2911,0,0.004875276703387499
2912,0,0.01631750352680683
2913,0,0.054710425436496735
2914,0,0.015679972246289253
2915,0,0.011733133345842361
2916,0,0.010722838342189789
2917,0,0.0052271452732384205
2918,0,0.006600768771022558
2919,0,0.018243547528982162
2920,0,0.00967150367796421
2921,0,0.012083394452929497
2922,0,0.009327110834419727
2923,0,0.005055685993283987
2924,0,0.0054979706183075905
2925,0,0.010276970453560352
2926,0,0.007208351511508226
2927,0,0.004877299070358276
2928,0,0.023074986413121223
2929,0,0.005716974381357431
2930,0,0.013511673547327518
2931,0,0.010859865695238113
2932,0,0.006165473256260157
2933,0,0.011007220484316349
2934,0,0.008391179144382477
2935,0,0.015473892912268639
2936,0,0.012672883458435535
2937,0,0.008089677430689335
2938,0,0.011829602532088757
2939,0,0.0037303310818970203
2940,0,0.008613723330199718
2941,0,0.012951646000146866
2942,0,0.006282297894358635
2943,0,0.010139357298612595
2944,0,0.014779782854020596
2945,0,0.016053741797804832
2946,0,0.0065886168740689754
2947,0,0.014446990564465523
2948,0,0.005723624024540186
2949,0,0.005705582443624735
2950,0,0.006657740101218224
2951,0,0.01070808432996273
2952,0,0.006888111121952534
2953,0,0.004021787084639072
2954,0,0.006316914223134518
2955,0,0.0060617756098508835
2956,0,0.00807390920817852
2957,0,0.009679216891527176
2958,0,0.004422768019139767
2959,0,0.014691486954689026
2960,0,0.0098825478926301
2961,0,0.004073931835591793
2962,0,0.01995646022260189
2963,0,0.00801913347095251
2964,0,0.03532291576266289
2965,0,0.0198360625654459
2966,0,0.0043748426251113415
2967,0,0.013095592148602009
2968,0,0.025518404319882393
2969,0,0.009446573443710804
2970,0,0.007067207712680101
2971,0,0.05184122547507286
2972,0,0.011797278188169003
2973,0,0.012924487702548504
2974,0,0.018409470096230507
2975,0,0.008762779645621777
2976,0,0.0069038416258990765
2977,0,0.011011783964931965
2978,0,0.014220080338418484
2979,0,0.0076546198688447475
2980,0,0.012488446198403835
2981,0,0.009428029879927635
2982,0,0.009518299251794815
2983,0,0.012936386279761791
2984,0,0.02649811841547489
2985,0,0.010019841603934765
2986,0,0.01288601290434599
2987,0,0.023671401664614677
2988,0,0.004108679015189409
2989,0,0.013747026212513447
2990,0,0.015998058021068573
2991,0,0.0066135660745203495
2992,0,0.00958696473389864
2993,0,0.01683978922665119
2994,0,0.006518999580293894
2995,0,0.009714585728943348
2996,0,0.008258257992565632
2997,0,0.011354785412549973
2998,0,0.005796719808131456
2999,0,0.014079517684876919
3000,0,0.016411468386650085
3001,0,0.006891380529850721
3002,0,0.010211859829723835
3003,0,0.011356653645634651
3004,0,0.009379090741276741
3005,0,0.00884168315678835
3006,0,0.0047035058960318565
3007,0,0.011782088316977024
3008,0,0.005476962309330702
3009,0,0.009424695745110512
3010,0,0.00910516269505024
3011,0,0.00980125181376934
3012,0,0.005713392049074173
3013,0,0.004126089625060558
3014,0,0.007123152259737253
3015,0,0.016353415325284004
3016,0,0.00862096156924963
3017,0,0.0074304197914898396
3018,0,0.005825132131576538
3019,0,0.0063570160418748856
3020,0,0.006082052364945412
3021,0,0.02688019908964634
3022,0,0.008970249444246292
3023,0,0.006333292927592993
3024,0,0.011874468997120857
3025,0,0.007808319758623838
3026,0,0.006402638740837574
3027,0,0.0079501923173666
3028,0,0.004834984429180622
3029,0,0.006929451134055853
3030,0,0.0033575643319636583
3031,0,0.004929305054247379
3032,0,0.014691273681819439
3033,0,0.0049315462820231915
3034,0,0.06674846261739731
3035,0,0.019991494715213776
3036,0,0.008201686665415764
3037,0,0.00969184935092926
3038,0,0.035036589950323105
3039,0,0.009913062676787376
3040,0,0.007377832196652889
3041,0,0.0107492133975029
3042,0,0.010585390031337738
3043,0,0.019345534965395927
3044,0,0.006462617311626673
3045,0,0.005125884898006916
3046,0,0.01110707689076662
3047,0,0.0035600620321929455
3048,0,0.012396423146128654
3049,0,0.010462779551744461
3050,0,0.004412498790770769
3051,0,0.005496721714735031
3052,0,0.002911061281338334
3053,0,0.0076467785984277725
3054,0,0.006105511449277401
3055,0,0.009161611087620258
3056,0,0.005346876103430986
3057,0,0.008087748661637306
3058,0,0.0052325609140098095
3059,0,0.0030676559545099735
3060,0,0.009063273668289185
3061,0,0.015034633688628674
3062,0,0.007841181941330433
3063,0,0.00842501875013113
3064,0,0.006711398717015982
3065,0,0.006269632373005152
3066,0,0.009088115766644478
3067,0,0.004226346034556627
3068,0,0.027025729417800903
3069,0,0.012397726066410542
3070,0,0.0072511048056185246
3071,0,0.004974659066647291
3072,0,0.009134532883763313
3073,0,0.004735539201647043
3074,0,0.03265045955777168
3075,0,0.00907339807599783
3076,0,0.0039084674790501595
3077,0,0.011133781634271145
3078,0,0.010010583326220512
3079,0,0.011009707115590572
3080,0,0.007287314627319574
3081,0,0.005749180912971497
3082,0,0.015838997438549995
3083,0,0.014441111125051975
3084,0,0.00796172022819519
3085,0,0.01109109353274107
3086,0,0.007878738455474377
3087,0,0.013433479703962803
3088,0,0.01942988485097885
3089,0,0.013262719847261906
3090,0,0.004812382627278566
3091,0,0.008632894605398178
3092,0,0.005990826990455389
3093,0,0.012783489190042019
3094,0,0.00538171362131834
3095,0,0.007183211389929056
3096,0,0.015273609198629856
3097,0,0.0033425497822463512
3098,0,0.0061068423092365265
3099,0,0.030006984248757362
3100,0,0.014481370337307453
3101,0,0.006874987855553627
3102,0,0.008891590870916843
3103,0,0.012596942484378815
3104,0,0.0071965232491493225
3105,0,0.006702142301946878
3106,0,0.010287913493812084
3107,0,0.005076616071164608
3108,0,0.02271129935979843
3109,0,0.005176875740289688
3110,0,0.037456709891557693
3111,0,0.011750014498829842
3112,0,0.006546533666551113
3113,0,0.008477680385112762
3114,0,0.006755226757377386
3115,0,0.00630338815972209
3116,0,0.022323310375213623
3117,0,0.008567852899432182
3118,0,0.010389220900833607
3119,0,0.011874821968376637
3120,0,0.006063646171241999
3121,0,0.005621704738587141
3122,0,0.012219005264341831
3123,0,0.008597231470048428
3124,0,0.008302304893732071
3125,0,0.007808507885783911
3126,0,0.004283682443201542
3127,0,0.006910978816449642
3128,0,0.020490948110818863
3129,0,0.007054466288536787
3130,0,0.004429213237017393
3131,0,0.00694552157074213
3132,0,0.0057289074175059795
3133,0,0.019503695890307426
3134,0,0.006129862740635872
3135,0,0.00451945373788476
3136,0,0.007816044613718987
3137,0,0.03444049879908562
3138,0,0.0068385908380150795
3139,0,0.014267046004533768
3140,0,0.006881199311465025
3141,0,0.0039305598475039005
3142,0,0.010243239812552929
3143,0,0.010480126366019249
3144,0,0.004652607720345259
3145,0,0.005430308636277914
3146,0,0.004417428281158209
3147,0,0.005274674389511347
3148,0,0.004524132702499628
3149,0,0.003763394895941019
3150,0,0.011406686156988144
3151,0,0.005917856004089117
3152,0,0.006645791698247194
3153,0,0.003373475046828389
3154,0,0.004493097774684429
3155,0,0.005670316983014345
3156,0,0.007012572139501572
3157,0,0.009760855697095394
3158,0,0.007230350747704506
3159,0,0.008829447440803051
3160,0,0.009367458522319794
3161,0,0.00965674128383398
3162,0,0.003202043706551194
3163,0,0.008713253773748875
3164,0,0.0030292703304439783
3165,0,0.005461421329528093
3166,0,0.0053807590156793594
3167,0,0.00635347468778491
3168,0,0.008961787447333336
3169,0,0.01258449349552393
3170,0,0.00774277001619339
3171,0,0.01736007072031498
3172,0,0.004390097688883543
3173,0,0.010430797934532166
3174,0,0.007044570986181498
3175,0,0.004798812326043844
3176,0,0.006948992609977722
3177,0,0.00954506266862154
3178,0,0.0054373894818127155
3179,0,0.012426219880580902
3180,0,0.0056915683671832085
3181,0,0.004821476060897112
3182,0,0.00782086793333292
3183,0,0.006850505713373423
3184,0,0.006082438863813877
3185,0,0.006116368807852268
3186,0,0.010292710736393929
3187,0,0.00686865858733654
3188,0,0.008953393436968327
3189,0,0.009560483507812023
3190,0,0.005554829724133015
3191,0,0.009978014975786209
3192,0,0.004790622740983963
3193,0,0.005792363081127405
3194,0,0.010309360921382904
3195,0,0.006870411802083254
3196,0,0.004254336468875408
3197,0,0.00293070450425148
3198,0,0.011083678342401981
3199,0,0.006928443908691406
3200,0,0.007599307224154472
3201,0,0.01076608244329691
3202,0,0.0038664424791932106
3203,0,0.007336191367357969
3204,0,0.006096106022596359
3205,0,0.0035413119476288557
3206,0,0.0034934727009385824
3207,0,0.004919444676488638
3208,0,0.005694885738193989
3209,0,0.007259955629706383
3210,0,0.006020530592650175
3211,0,0.01083088107407093
3212,0,0.006210518069565296
3213,0,0.009533830918371677
3214,0,0.003934185020625591
3215,0,0.004799670074135065
3216,0,0.004151707049459219
3217,0,0.006806374527513981
3218,0,0.007700888905674219
3219,0,0.0039082299917936325
3220,0,0.009472975507378578
3221,0,0.005936472211033106
3222,0,0.005321195349097252
3223,0,0.007740389090031385
3224,0,0.005018832627683878
3225,0,0.002377626020461321
3226,0,0.023530874401330948
3227,0,0.004330060910433531
3228,0,0.012160487473011017
3229,0,0.004984520375728607
3230,0,0.011912749148905277
3231,0,0.0039000469259917736
3232,0,0.005031191743910313
3233,0,0.01023250725120306
3234,0,0.010164576582610607
3235,0,0.004773038439452648
3236,0,0.007330457214266062
3237,0,0.016587039455771446
3238,0,0.007597255054861307
3239,0,0.0027581010945141315
3240,0,0.005203003995120525
3241,0,0.006483470555394888
3242,0,0.006254330277442932
3243,0,0.0030205014627426863
3244,0,0.009315713308751583
3245,0,0.005964434240013361
3246,0,0.007006946951150894
3247,0,0.004568671807646751
3248,0,0.01312816422432661
3249,0,0.0047546871937811375
3250,0,0.005420955363661051
3251,0,0.008356604725122452
3252,0,0.0038940715603530407
3253,0,0.007764378096908331
3254,0,0.003013089532032609
3255,0,0.0054627577774226665
3256,0,0.01610131748020649
3257,0,0.00979788787662983
3258,0,0.006145538296550512
3259,0,0.005763863679021597
3260,0,0.0035180298145860434
3261,0,0.007293402217328548
3262,0,0.00381502159871161
3263,0,0.010809037834405899
3264,0,0.009029909037053585
3265,0,0.003229455091059208
3266,0,0.008029673248529434
3267,0,0.006997371092438698
3268,0,0.007542021106928587
3269,0,0.0036677371244877577
3270,0,0.006100794300436974
3271,0,0.0045389337465167046
3272,0,0.005752487573772669
3273,0,0.010727902874350548
3274,0,0.012973610311746597
3275,0,0.008716908283531666
3276,0,0.0040915170684456825
3277,0,0.0060762376524508
3278,0,0.005909477826207876
3279,0,0.008509142324328423
3280,0,0.0064706625416874886
3281,0,0.004442618228495121
3282,0,0.008112038485705853
3283,0,0.004925915040075779
3284,0,0.006828740239143372
3285,0,0.010537604801356792
3286,0,0.003981494344770908
3287,0,0.008431714028120041
3288,0,0.007264802698045969
3289,0,0.004871828481554985
3290,0,0.0034917816519737244
3291,0,0.005645705386996269
3292,0,0.01052988599985838
3293,0,0.01648624986410141
3294,0,0.0076112593524158
3295,0,0.004880171734839678
3296,0,0.005272598471492529
3297,0,0.005380108021199703
3298,0,0.003977340180426836
3299,0,0.008754119277000427
3300,0,0.0029495935887098312
3301,0,0.0026356985326856375
3302,0,0.005265768151730299
3303,0,0.003453968558460474
3304,0,0.00916174054145813
3305,0,0.0047950418666005135
3306,0,0.006844938267022371
3307,0,0.0031633765902370214
3308,0,0.006636330392211676
3309,0,0.008220214396715164
3310,0,0.0038435005117207766
3311,0,0.0040210457518696785
3312,0,0.004471421241760254
3313,0,0.008738384582102299
3314,0,0.0074751731008291245
3315,0,0.009929774329066277
3316,0,0.005281439051032066
3317,0,0.004660099279135466
3318,0,0.006070681847631931
3319,0,0.0031004678457975388
3320,0,0.008819491602480412
3321,0,0.006690318696200848
3322,0,0.00785928312689066
3323,0,0.0027169848326593637
3324,0,0.0026791950222104788
3325,0,0.006537440232932568
3326,0,0.004710216540843248
3327,0,0.013795713894069195
3328,0,0.007386046461760998
3329,0,0.0027165054343640804
3330,0,0.008370909839868546
3331,0,0.006984894163906574
3332,0,0.004461042117327452
3333,0,0.00404909485951066
3334,0,0.003060189774259925
3335,0,0.006173276342451572
3336,0,0.004403481725603342
3337,0,0.009060229174792767
3338,0,0.003240359015762806
3339,0,0.0049507194198668
3340,0,0.003701369743794203
3341,0,0.002608834533020854
3342,0,0.009898432530462742
3343,0,0.008465512655675411
3344,0,0.006588426884263754
3345,0,0.005040724296122789
3346,0,0.005900173913687468
3347,0,0.0030549385119229555
3348,0,0.007881720550358295
3349,0,0.011798100546002388
3350,0,0.007650778163224459
3351,0,0.007689015474170446
3352,0,0.004254122264683247
3353,0,0.004002847708761692
3354,0,0.005869009997695684
3355,0,0.004432481713593006
3356,0,0.009056247770786285
3357,0,0.0066308751702308655
3358,0,0.006428298074752092
3359,0,0.003582303412258625
3360,0,0.004687471780925989
3361,0,0.009867382235825062
3362,0,0.004934106487780809
3363,0,0.0048454925417900085
3364,0,0.004091003909707069
3365,0,0.006746990140527487
3366,0,0.0065170475281775
3367,0,0.004761542659252882
3368,0,0.008812658488750458
3369,0,0.0044773356057703495
3370,0,0.005398877430707216
3371,0,0.0068556079640984535
3372,0,0.004339933395385742
3373,0,0.0033343215472996235
3374,0,0.0037219247315078974
3375,0,0.002639058278873563
3376,0,0.007749304641038179
3377,0,0.004185166675597429
3378,0,0.008819612674415112
3379,0,0.00451374426484108
3380,0,0.008524572476744652
3381,0,0.0069976733066141605
3382,0,0.005606085527688265
3383,0,0.003818241413682699
3384,0,0.004954293370246887
3385,0,0.003945980686694384
3386,0,0.007788682822138071
3387,0,0.0032870688010007143
3388,0,0.006079458631575108
3389,0,0.00565775902941823
3390,0,0.004279937595129013
3391,0,0.005228531546890736
3392,0,0.003345030127093196
3393,0,0.007387504912912846
3394,0,0.006408446468412876
3395,0,0.03580520302057266
3396,0,0.005124978721141815
3397,0,0.00806756503880024
3398,0,0.0075418781489133835
3399,0,0.0037025657948106527
3400,0,0.005356884561479092
3401,0,0.005654843989759684
3402,0,0.00633710203692317
3403,0,0.00584579398855567
3404,0,0.007372763007879257
3405,0,0.006076485384255648
3406,0,0.008560795336961746
3407,0,0.005505946930497885
3408,0,0.004572939593344927
3409,0,0.007608778774738312
3410,0,0.005638499278575182
3411,0,0.008478229865431786
3412,0,0.004341225605458021
3413,0,0.00466358894482255
3414,0,0.0034353225491940975
3415,0,0.007141547743231058
3416,0,0.009658528491854668
3417,0,0.0032907372806221247
3418,0,0.005076551344245672
3419,0,0.007908746600151062
3420,0,0.003133096033707261
3421,0,0.006580756511539221
3422,0,0.008649679832160473
3423,0,0.0036243395879864693
3424,0,0.0024471948854625225
3425,0,0.004427026491612196
3426,0,0.003023930825293064
3427,0,0.0021104125771671534
3428,0,0.005803585518151522
3429,0,0.004817246925085783
3430,0,0.006191946100443602
3431,0,0.0037007213104516268
3432,0,0.006130234804004431
3433,0,0.009562049992382526
3434,0,0.0044795917347073555
3435,0,0.002101871185004711
3436,0,0.006165756843984127
3437,0,0.011949218809604645
3438,0,0.00676826061680913
3439,0,0.005340471398085356
3440,0,0.00405397592112422
3441,0,0.004615628160536289
3442,0,0.0091860918328166
3443,0,0.012233281508088112
3444,0,0.004338650032877922
3445,0,0.008046893402934074
3446,0,0.005431408062577248
3447,0,0.005731471814215183
3448,0,0.009851419366896152
3449,0,0.013215550221502781
3450,0,0.006067000795155764
3451,0,0.004867842420935631
3452,0,0.005614855792373419
3453,0,0.007947202771902084
3454,0,0.011731867678463459
3455,0,0.004767559468746185
3456,0,0.005594584159553051
3457,0,0.003966676536947489
3458,0,0.003178949002176523
3459,0,0.003906534053385258
3460,0,0.002772528911009431
3461,0,0.005006465595215559
3462,0,0.006484259385615587
3463,0,0.003176117315888405
3464,0,0.004171149339526892
3465,0,0.00417531281709671
3466,0,0.005654951091855764
3467,0,0.0044089448638260365
3468,0,0.003387764096260071
3469,0,0.005120162386447191
3470,0,0.0023791377898305655
3471,0,0.007829130627214909
3472,0,0.00452499371021986
3473,0,0.004308559466153383
3474,0,0.005772825330495834
3475,0,0.00452743424102664
3476,0,0.0072391522116959095
3477,0,0.008228459395468235
3478,0,0.0038600675761699677
3479,0,0.003369451966136694
3480,0,0.0024272766895592213
3481,0,0.005576163996011019
3482,0,0.0028483776841312647
3483,0,0.007084393873810768
3484,0,0.0028193399775773287
3485,0,0.005549316760152578
3486,0,0.004990557208657265
3487,0,0.005680353846400976
3488,0,0.007241054903715849
3489,0,0.00485184695571661
3490,0,0.002828294411301613
3491,0,0.00406284723430872
3492,0,0.00755342235788703
3493,0,0.008924921043217182
3494,0,0.0035622771829366684
3495,0,0.00850481167435646
3496,0,0.0023477058857679367
3497,0,0.0028123012743890285
3498,0,0.0053269932977855206
3499,0,0.0057051717303693295
3500,0,0.0030741554219275713
3501,0,0.0033677390310913324
3502,0,0.009190215729176998
3503,0,0.010161572135984898
3504,0,0.005757756531238556
3505,0,0.0026931841857731342
3506,0,0.0035320206079632044
3507,0,0.002547677606344223
3508,0,0.003647000528872013
3509,0,0.003330620238557458
3510,0,0.004060791339725256
3511,0,0.006796063389629126
3512,0,0.007402358576655388
3513,0,0.005538953468203545
3514,0,0.007219204679131508
3515,0,0.00580385560169816
3516,0,0.0038977426011115313
3517,0,0.008901471272110939
3518,0,0.006907033268362284
3519,0,0.0067484499886631966
3520,0,0.00702845910564065
3521,0,0.004349120892584324
3522,0,0.0046612718142569065
3523,0,0.004459193907678127
3524,0,0.0034317835234105587
3525,0,0.003594150533899665
3526,0,0.0032050448935478926
3527,0,0.004421790596097708
3528,0,0.005626622121781111
3529,0,0.005921144969761372
3530,0,0.005251953843981028
3531,0,0.004755730275064707
3532,0,0.003559145610779524
3533,0,0.006157463416457176
3534,0,0.007251063361763954
3535,0,0.00985557772219181
3536,0,0.0027628790121525526
3537,0,0.008126922883093357
3538,0,0.005927524995058775
3539,0,0.0034376822877675295
3540,0,0.0053579313680529594
3541,0,0.006379395257681608
3542,0,0.008982036262750626
3543,0,0.012136337347328663
3544,0,0.003225172171369195
3545,0,0.014053759165108204
3546,0,0.005421014036983252
3547,0,0.005290100816637278
3548,0,0.00209963321685791
3549,0,0.0062085348181426525
3550,0,0.002779735252261162
3551,0,0.006103093270212412
3552,0,0.004226332530379295
3553,0,0.012946966104209423
3554,0,0.0027543590404093266
3555,0,0.004809729754924774
3556,0,0.004857913590967655
3557,0,0.0055831195786595345
3558,0,0.006813992280513048
3559,0,0.003950218670070171
3560,0,0.00539267947897315
3561,0,0.005536718759685755
3562,0,0.005922514479607344
3563,0,0.0074909040704369545
3564,0,0.037057265639305115
3565,0,0.004176207352429628
3566,0,0.00663289800286293
3567,0,0.014580921269953251
3568,0,0.008604949340224266
3569,0,0.00419231690466404
3570,0,0.004559176973998547
3571,0,0.005568324588239193
3572,0,0.004007702227681875
3573,0,0.01891259290277958
3574,0,0.004953633062541485
3575,0,0.005830483976751566
3576,0,0.007770132273435593
3577,0,0.0031342667061835527
3578,0,0.0029454915784299374
3579,0,0.0065718223340809345
3580,0,0.0032818238250911236
3581,0,0.004635450430214405
3582,0,0.0031056362204253674
3583,0,0.004235362634062767
3584,0,0.004891274031251669
3585,0,0.0036061189603060484
3586,0,0.00412253150716424
3587,0,0.004701873753219843
3588,0,0.00459447642788291
3589,0,0.008794233202934265
3590,0,0.007743298541754484
3591,0,0.00982259027659893
3592,0,0.005388834048062563
3593,0,0.003995589911937714
3594,0,0.005288766697049141
3595,0,0.0053434306755661964
3596,0,0.015569447539746761
3597,0,0.005385206080973148
3598,0,0.008803021162748337
3599,0,0.004524463787674904
3600,0,0.0035792854614555836
3601,0,0.006407390348613262
3602,0,0.0070106266066432
3603,0,0.004574411548674107
3604,0,0.01042014267295599
3605,0,0.004357358440756798
3606,0,0.005717746447771788
3607,0,0.00464713666588068
3608,0,0.0032710109371691942
3609,0,0.003675909247249365
3610,0,0.005895091220736504
3611,0,0.00649401405826211
3612,0,0.0040603382512927055
3613,0,0.00731132086366415
3614,0,0.004422974307090044
3615,0,0.006400145590305328
3616,0,0.003831002162769437
3617,0,0.0055258492939174175
3618,0,0.00271453894674778
3619,0,0.010172230191528797
3620,0,0.0050867460668087006
3621,0,0.008515111170709133
3622,0,0.004344922490417957
3623,0,0.003614606335759163
3624,0,0.0045205820351839066
3625,0,0.0046536680310964584
3626,0,0.0028410234954208136
3627,0,0.005507772322744131
3628,0,0.0025595815386623144
3629,0,0.004837432876229286
3630,0,0.0040174913592636585
3631,0,0.004319051746279001
3632,0,0.004340296145528555
3633,0,0.0062845004722476006
3634,0,0.004005713388323784
3635,0,0.010200957767665386
3636,0,0.0039548869244754314
3637,0,0.003984773065894842
3638,0,0.0058948565274477005
3639,0,0.005151840392500162
3640,0,0.0024997745640575886
3641,0,0.003057928988710046
3642,0,0.005068612284958363
3643,0,0.0048886011354625225
3644,0,0.003890165127813816
3645,0,0.009161463007330894
3646,0,0.002529962919652462
3647,0,0.005485969129949808
3648,0,0.005465914495289326
3649,0,0.0055872537195682526
3650,0,0.006744645070284605
3651,0,0.004460263531655073
3652,0,0.007410635706037283
3653,0,0.0022664302960038185
3654,0,0.003673913888633251
3655,0,0.00446721538901329
3656,0,0.007956670597195625
3657,0,0.0030680454801768064
3658,0,0.0025561905931681395
3659,0,0.001758901751600206
3660,0,0.0031618871726095676
3661,0,0.0036838622763752937
3662,0,0.0021505451295524836
3663,0,0.004749336279928684
3664,0,0.003201492829248309
3665,0,0.005944790318608284
3666,0,0.0027183739002794027
3667,0,0.009092779830098152
3668,0,0.0038010531570762396
3669,0,0.007025397848337889
3670,0,0.005095001310110092
3671,0,0.0033067509066313505
3672,0,0.004499136004596949
3673,0,0.004995861556380987
3674,0,0.0020740553736686707
3675,0,0.0017309709219262004
3676,0,0.0034317574463784695
3677,0,0.006104513071477413
3678,0,0.004685793071985245
3679,0,0.004392870236188173
3680,0,0.002736481372267008
3681,0,0.004942865576595068
3682,0,0.002548753749579191
3683,0,0.004937193356454372
3684,0,0.005013789515942335
3685,0,0.004346528556197882
3686,0,0.003949578385800123
3687,0,0.005793818738311529
3688,0,0.0022603922989219427
3689,0,0.005726373754441738
3690,0,0.004376438446342945
3691,0,0.0038428453262895346
3692,0,0.006131364498287439
3693,0,0.0063119204714894295
3694,0,0.0031952443532645702
3695,0,0.0032256627455353737
3696,0,0.00257584429346025
3697,0,0.003855709917843342
3698,0,0.0024725571274757385
3699,0,0.0034758001565933228
3700,0,0.006226023193448782
3701,0,0.005697911139577627
3702,0,0.003835980547592044
3703,0,0.004848165437579155
3704,0,0.0049279299564659595
3705,0,0.0034955982118844986
3706,0,0.004192285239696503
3707,0,0.005021669901907444
3708,0,0.0031318971887230873
3709,0,0.0020102111157029867
3710,0,0.0028052867855876684
3711,0,0.003026056569069624
3712,0,0.005314455833286047
3713,0,0.005059981718659401
3714,0,0.005305882543325424
3715,0,0.005407735705375671
3716,0,0.006024010479450226
3717,0,0.004925003740936518
3718,0,0.00484023243188858
3719,0,0.002755776746198535
3720,0,0.003946471493691206
3721,0,0.008701421320438385
3722,0,0.003031056607142091
3723,0,0.0033674314618110657
3724,0,0.005035494454205036
3725,0,0.0031074394937604666
3726,0,0.002938163001090288
3727,0,0.0033013459760695696
3728,0,0.0024336758069694042
3729,0,0.0034100052434951067
3730,0,0.0051569584757089615
3731,0,0.0104829715564847
3732,0,0.007058399263769388
3733,0,0.00217432901263237
3734,0,0.003717312589287758
3735,0,0.003663598792627454
3736,0,0.004008442163467407
3737,0,0.007612080313265324
3738,0,0.00660570478066802
3739,0,0.004470263607800007
3740,0,0.015382065437734127
3741,0,0.007160066161304712
3742,0,0.0033813221380114555
3743,0,0.004316531587392092
3744,0,0.0030578516889363527
3745,0,0.005126412957906723
3746,0,0.004229012411087751
3747,0,0.0016544368118047714
3748,0,0.004306477028876543
3749,0,0.005003400146961212
3750,0,0.0033778161741793156
3751,0,0.00428715581074357
3752,0,0.004104947671294212
3753,0,0.006829134188592434
3754,0,0.008062491193413734
3755,0,0.0032907782588154078
3756,0,0.003715647617354989
3757,0,0.004942882340401411
3758,0,0.004045185167342424
3759,0,0.0041168793104588985
3760,0,0.004765739198774099
3761,0,0.004992224276065826
3762,0,0.00485610356554389
3763,0,0.003739812644198537
3764,0,0.004840117413550615
3765,0,0.00494471425190568
3766,0,0.014221249148249626
3767,0,0.002293872646987438
3768,0,0.0024249479174613953
3769,0,0.00589333102107048
3770,0,0.0026545815635472536
3771,0,0.010295198298990726
3772,0,0.007619411218911409
3773,0,0.002614968456327915
3774,0,0.002827625023201108
3775,0,0.00340863480232656
3776,0,0.00295272096991539
3777,0,0.004370265640318394
3778,0,0.004891471471637487
3779,0,0.004522998817265034
3780,0,0.0027183042839169502
3781,0,0.0037198017816990614
3782,0,0.00548099260777235
3783,0,0.003925028257071972
3784,0,0.0026612491346895695
3785,0,0.0044162035919725895
3786,0,0.0028972425498068333
3787,0,0.004757551942020655
3788,0,0.003918717615306377
3789,0,0.004341361578553915
3790,0,0.007891242392361164
3791,0,0.004154023714363575
3792,0,0.0051627918146550655
3793,0,0.003935554996132851
3794,0,0.0027676643803715706
3795,0,0.004494657274335623
3796,0,0.00569181377068162
3797,0,0.0029654286336153746
3798,0,0.0052294544875621796
3799,0,0.005269761197268963
3800,0,0.003364547621458769
3801,0,0.00473872059956193
3802,0,0.0028623873367905617
3803,0,0.0035468318965286016
3804,0,0.005191616248339415
3805,0,0.0029797533061355352
3806,0,0.008326040580868721
3807,0,0.0028894259594380856
3808,0,0.003730181837454438
3809,0,0.005105291493237019
3810,0,0.003403821960091591
3811,0,0.0033140257000923157
3812,0,0.0022767242044210434
3813,0,0.00379749434068799
3814,0,0.002639112761244178
3815,0,0.002668248489499092
3816,0,0.0022517668548971415
3817,0,0.004097295925021172
3818,0,0.002730056643486023
3819,0,0.0063573806546628475
3820,0,0.004240203648805618
3821,0,0.002432936104014516
3822,0,0.00553961331024766
3823,0,0.004023617133498192
3824,0,0.005669727921485901
3825,0,0.005834830459207296
3826,0,0.00388996209949255
3827,0,0.0058930483646690845
3828,0,0.003794437739998102
3829,0,0.006883470807224512
3830,0,0.007259157951921225
3831,0,0.0048110149800777435
3832,0,0.003627775004133582
3833,0,0.0018605801742523909
3834,0,0.0037993669975548983
3835,0,0.0042649609968066216
3836,0,0.0017686868086457253
3837,0,0.004420410841703415
3838,0,0.00468561053276062
3839,0,0.0032165790908038616
3840,0,0.004312562290579081
3841,0,0.0070681641809642315
3842,0,0.002660851925611496
3843,0,0.0024877481628209352
3844,0,0.0036293647717684507
3845,0,0.0051655275747179985
3846,0,0.0032161481212824583
3847,0,0.002241621958091855
3848,0,0.004703401122242212
3849,0,0.002418888034299016
3850,0,0.00392784271389246
3851,0,0.002817013533785939
3852,0,0.005570606328547001
3853,0,0.0036983538884669542
3854,0,0.0034303227439522743
3855,0,0.0018989660311490297
3856,0,0.008584963157773018
3857,0,0.002834274433553219
3858,0,0.004557348787784576
3859,0,0.0035436837933957577
3860,0,0.005269222892820835
3861,0,0.003379644826054573
3862,0,0.0028803262393921614
3863,0,0.004322383087128401
3864,0,0.003414517967030406
3865,0,0.004441677592694759
3866,0,0.00349363568238914
3867,0,0.0033054545056074858
3868,0,0.007272923365235329
3869,0,0.003284607781097293
3870,0,0.007429705932736397
3871,0,0.0058729927986860275
3872,0,0.0022896556183695793
3873,0,0.002399992663413286
3874,0,0.0044872150756418705
3875,0,0.00349095044657588
3876,0,0.0098649300634861
3877,0,0.005066320300102234
3878,0,0.0016594984335824847
3879,0,0.005070735700428486
3880,0,0.003915028180927038
3881,0,0.0056517054326832294
3882,0,0.0024081843439489603
3883,0,0.0044290972873568535
3884,0,0.0035510645247995853
3885,0,0.0036464061122387648
3886,0,0.0028160694055259228
3887,0,0.0045057679526507854
3888,0,0.004551613703370094
3889,0,0.005372884217649698
3890,0,0.0032719310838729143
3891,0,0.004337904043495655
3892,0,0.002973652444779873
3893,0,0.007682967931032181
3894,0,0.004739359486848116
3895,0,0.004773597698658705
3896,0,0.004427560139447451
3897,0,0.003306873142719269
3898,0,0.003715725149959326
3899,0,0.0020536098163574934
3900,0,0.004563682712614536
3901,0,0.002754420507699251
3902,0,0.0069468277506530285
3903,0,0.004433931317180395
3904,0,0.002470156876370311
3905,0,0.004355184733867645
3906,0,0.002633811440318823
3907,0,0.0018987890798598528
3908,0,0.0030394892673939466
3909,0,0.0026709234807640314
3910,0,0.0036660698242485523
3911,0,0.004018195439130068
3912,0,0.0051524885930120945
3913,0,0.003607056336477399
3914,0,0.0029292225372046232
3915,0,0.0022016221191734076
3916,0,0.0030280854552984238
3917,0,0.0023157906252890825
3918,0,0.008884127251803875
3919,0,0.002093338407576084
3920,0,0.00407636072486639
3921,0,0.0033554413821548223
3922,0,0.008259948343038559
3923,0,0.0034964783117175102
3924,0,0.001591142499819398
3925,0,0.004046821966767311
3926,0,0.002378667937591672
3927,0,0.007412062957882881
3928,0,0.009231643751263618
3929,0,0.005314329639077187
3930,0,0.002207506448030472
3931,0,0.006133552640676498
3932,0,0.0036382763646543026
3933,0,0.00526365777477622
3934,0,0.0036732403095811605
3935,0,0.004232218489050865
3936,0,0.003385193645954132
3937,0,0.004935980308800936
3938,0,0.006113960407674313
3939,0,0.004721260629594326
3940,0,0.00754583440721035
3941,0,0.0023245566990226507
3942,0,0.004362199921160936
3943,0,0.006668965797871351
3944,0,0.003383438801392913
3945,0,0.002050042152404785
3946,0,0.003321403171867132
3947,0,0.003572688205167651
3948,0,0.0025672123301774263
3949,0,0.0028841192834079266
3950,0,0.0044467877596616745
3951,0,0.0038547904696315527
3952,0,0.005121848080307245
3953,0,0.004577098414301872
3954,0,0.0026464827824383974
3955,0,0.002888280199840665
3956,0,0.0043817018158733845
3957,0,0.0049031926319003105
3958,0,0.004395294468849897
3959,0,0.001627836492843926
3960,0,0.00640534795820713
3961,0,0.0018712104065343738
3962,0,0.0035672516096383333
3963,0,0.005506886634975672
3964,0,0.003774487879127264
3965,0,0.004499603528529406
3966,0,0.002790597500279546
3967,0,0.00300038349814713
3968,0,0.004808440338820219
3969,0,0.0047443825751543045
3970,0,0.004500626586377621
3971,0,0.002765815705060959
3972,0,0.0024136982392519712
3973,0,0.006220213137567043
3974,0,0.002239622175693512
3975,0,0.0031874023843556643
3976,0,0.0021787912119179964
3977,0,0.0031546885147690773
3978,0,0.002419546013697982
3979,0,0.007446800824254751
3980,0,0.0034303979482501745
3981,0,0.0031866857316344976
3982,0,0.004332472570240498
3983,1,0.9807164072990417
