index,y_true,y_pred_oof
0,1,0.8987212181091309
1,1,0.90413498878479
2,1,0.6902437806129456
3,1,0.536564826965332
4,1,0.5919869542121887
5,1,0.08233515918254852
6,1,0.04986540973186493
7,1,0.3968485891819
8,1,0.8876845240592957
9,1,0.5943883657455444
10,1,0.6675379872322083
11,1,0.7850193381309509
12,1,0.6404600739479065
13,1,0.9874131679534912
14,1,0.9208366274833679
15,1,0.7795584797859192
16,1,0.7781441807746887
17,1,0.3345760405063629
18,1,0.9467183351516724
19,1,0.8784022331237793
20,1,0.8618778586387634
21,1,0.9655987024307251
22,1,0.8403216004371643
23,1,0.8479976058006287
24,1,0.8683074712753296
25,1,0.44174924492836
26,1,0.8617908954620361
27,1,0.3450143337249756
28,1,0.9818190336227417
29,1,0.9313607811927795
30,1,0.6940771341323853
31,1,0.8715269565582275
32,1,0.9361104965209961
33,1,0.664315402507782
34,1,0.8460184335708618
35,1,0.9385656714439392
36,1,0.8290616869926453
37,1,0.9230554699897766
38,1,0.9103564620018005
39,1,0.8013018369674683
40,1,0.9862704873085022
41,1,0.8317481875419617
42,1,0.0751807913184166
43,1,0.6153695583343506
44,1,0.8831886649131775
45,1,0.8190902471542358
46,1,0.7665224075317383
47,1,0.8000839948654175
48,1,0.6700979471206665
49,1,0.8092158436775208
50,1,0.8000614047050476
51,1,0.9481325149536133
52,1,0.8335901498794556
53,1,0.8678927421569824
54,1,0.7167356014251709
55,1,0.9271828532218933
56,1,0.7304129004478455
57,1,0.23527765274047852
58,1,0.174065962433815
59,1,0.7108719944953918
60,1,0.7379022836685181
61,1,0.8333510756492615
62,1,0.17914190888404846
63,1,0.8226238489151001
64,1,0.8501662015914917
65,1,0.8356623649597168
66,1,0.9053733348846436
67,1,0.8851138353347778
68,1,0.5812835693359375
69,1,0.8912072777748108
70,1,0.3404441773891449
71,1,0.9724639058113098
72,1,0.062349461019039154
73,1,0.40244001150131226
74,1,0.5882766246795654
75,1,0.7757634520530701
76,1,0.6737289428710938
77,1,0.9855652451515198
78,1,0.6544819474220276
79,1,0.15065181255340576
80,1,0.9944376945495605
81,1,0.923186182975769
82,1,0.7776309847831726
83,1,0.6643914580345154
84,1,0.8828268051147461
85,1,0.21608911454677582
86,1,0.8932913541793823
87,1,0.1392613798379898
88,1,0.8330734372138977
89,1,0.8569697737693787
90,1,0.6581898331642151
91,1,0.9532426595687866
92,1,0.8232701420783997
93,1,0.5514096021652222
94,1,0.9436711668968201
95,1,0.8151726126670837
96,1,0.9499807357788086
97,1,0.9930816292762756
98,1,0.971766471862793
99,1,0.9221152663230896
100,1,0.7113131284713745
101,1,0.8142524361610413
102,1,0.20774848759174347
103,1,0.6613024473190308
104,1,0.9197297692298889
105,1,0.94776850938797
106,1,0.9372227191925049
107,1,0.4443613290786743
108,1,0.6814376711845398
109,1,0.9697816967964172
110,1,0.9578053951263428
111,1,0.9689556956291199
112,1,0.9926019310951233
113,1,0.7927782535552979
114,1,0.7850937247276306
115,1,0.5134752988815308
116,1,0.3387061059474945
117,1,0.9364681243896484
118,1,0.09187940508127213
119,1,0.3686493933200836
120,1,0.8360471725463867
121,1,0.39512214064598083
122,1,0.9210367202758789
123,1,0.9093391299247742
124,1,0.917147696018219
125,1,0.49376726150512695
126,1,0.49611228704452515
127,1,0.4767194986343384
128,1,0.9037922024726868
129,1,0.9362169504165649
130,1,0.9665012955665588
131,1,0.8069732785224915
132,1,0.04923751577734947
133,1,0.8928085565567017
134,1,0.6228582859039307
135,1,0.18464472889900208
136,1,0.9183456301689148
137,1,0.9459875226020813
138,1,0.4245035648345947
139,1,0.9121228456497192
140,1,0.1524020880460739
141,1,0.9934919476509094
142,1,0.7272916436195374
143,1,0.7316546440124512
144,1,0.9778661131858826
145,1,0.6073105335235596
146,1,0.9843624830245972
147,1,0.926306426525116
148,1,0.9213623404502869
149,1,0.6581841111183167
150,1,0.7833113074302673
151,1,0.9548304080963135
152,1,0.4736286699771881
153,1,0.3850852847099304
154,1,0.9707735776901245
155,1,0.8427820205688477
156,1,0.940403938293457
157,1,0.9862012267112732
158,1,0.4733898341655731
159,1,0.7981658577919006
160,1,0.9438509345054626
161,1,0.6635143756866455
162,1,0.4502411186695099
163,1,0.3618668019771576
164,1,0.9056317806243896
165,1,0.9218650460243225
166,1,0.9971342086791992
167,1,0.9854680895805359
168,1,0.9829908609390259
169,1,0.6972005367279053
170,1,0.38268303871154785
171,1,0.9816607236862183
172,1,0.20364946126937866
173,1,0.861274242401123
174,1,0.11625320464372635
175,1,0.4406321048736572
176,1,0.9713581204414368
177,1,0.9521728754043579
178,1,0.828371524810791
179,1,0.988410234451294
180,1,0.5041895508766174
181,1,0.5995685458183289
182,1,0.9817461967468262
183,1,0.919242799282074
184,1,0.821169912815094
185,1,0.8558870553970337
186,1,0.9853113889694214
187,1,0.9858719706535339
188,1,0.03017066791653633
189,1,0.9178726673126221
190,1,0.9808247685432434
191,1,0.8671661615371704
192,1,0.9422706961631775
193,1,0.06661173701286316
194,1,0.8842331171035767
195,1,0.9817426204681396
196,1,0.7863888740539551
197,1,0.9510711431503296
198,1,0.738540768623352
199,1,0.9016299247741699
200,1,0.9566413164138794
201,1,0.8786497712135315
202,1,0.9221452474594116
203,1,0.3111772835254669
204,1,0.9507458209991455
205,1,0.09921920299530029
206,1,0.45134758949279785
207,1,0.8986315727233887
208,1,0.9113015532493591
209,1,0.8494749665260315
210,1,0.6076015830039978
211,1,0.018229788169264793
212,1,0.0323951281607151
213,1,0.9416157603263855
214,1,0.9921906590461731
215,1,0.9215943813323975
216,1,0.9302412867546082
217,1,0.07551811635494232
218,1,0.9427480697631836
219,1,0.9510616064071655
220,1,0.9035640954971313
221,1,0.9651097059249878
222,1,0.9291595816612244
223,1,0.9662522673606873
224,1,0.9635213613510132
225,1,0.8537779450416565
226,1,0.9109737277030945
227,1,0.6885206699371338
228,1,0.35565298795700073
229,1,0.9406521320343018
230,1,0.8467875719070435
231,1,0.06884124875068665
232,1,0.7367417812347412
233,1,0.44547027349472046
234,1,0.9114092588424683
235,1,0.9574586153030396
236,1,0.9114649295806885
237,1,0.9939771890640259
238,1,0.7168291211128235
239,1,0.8524171113967896
240,1,0.2879655063152313
241,1,0.9790867567062378
242,1,0.9672388434410095
243,1,0.7827825546264648
244,1,0.10268206149339676
245,1,0.9640317559242249
246,1,0.9750708937644958
247,1,0.2951981723308563
248,1,0.852124035358429
249,1,0.7332987785339355
250,1,0.9096132516860962
251,1,0.7550739049911499
252,1,0.8295471668243408
253,1,0.7361385822296143
254,1,0.269325852394104
255,1,0.9762671589851379
256,1,0.5839573740959167
257,1,0.9553669095039368
258,1,0.9332164525985718
259,1,0.8032326102256775
260,1,0.8898443579673767
261,1,0.981249988079071
262,1,0.7950783967971802
263,1,0.9886167645454407
264,1,0.9686245322227478
265,1,0.8857816457748413
266,1,0.10120706260204315
267,1,0.5622900724411011
268,1,0.9398878216743469
269,1,0.26758283376693726
270,1,0.38321080803871155
271,1,0.4649598300457001
272,1,0.5481485724449158
273,1,0.48510897159576416
274,1,0.4238552749156952
275,1,0.7747965455055237
276,1,0.8542051315307617
277,1,0.5497990846633911
278,1,0.5917744636535645
279,1,0.1180795356631279
280,1,0.12533240020275116
281,1,0.40588799118995667
282,1,0.5856662392616272
283,1,0.7661658525466919
284,1,0.8265944719314575
285,1,0.7569447159767151
286,1,0.6214853525161743
287,1,0.1838347464799881
288,1,0.9620764255523682
289,1,0.09710999578237534
290,1,0.6074885129928589
291,1,0.047575656324625015
292,1,0.4222642481327057
293,1,0.7559804916381836
294,1,0.20661002397537231
295,1,0.45406532287597656
296,1,0.9822836518287659
297,1,0.4449460506439209
298,1,0.9541710615158081
299,1,0.44802093505859375
300,1,0.9812899231910706
301,1,0.9543966054916382
302,1,0.23452924191951752
303,1,0.9788981676101685
304,1,0.9857190251350403
305,1,0.597052276134491
306,1,0.5717624425888062
307,1,0.9190022945404053
308,1,0.9896315932273865
309,1,0.082803875207901
310,1,0.34428662061691284
311,1,0.18187884986400604
312,1,0.31675195693969727
313,1,0.3973676860332489
314,1,0.9927449226379395
315,1,0.23487737774848938
316,1,0.9663691520690918
317,1,0.9463309645652771
318,1,0.9696551561355591
319,1,0.5085735321044922
320,1,0.8908793330192566
321,1,0.442226380109787
322,1,0.8975886106491089
323,1,0.9314007759094238
324,1,0.9382432699203491
325,1,0.9354349970817566
326,1,0.9825493097305298
327,1,0.9757793545722961
328,1,0.9932257533073425
329,1,0.896449625492096
330,1,0.9751601815223694
331,1,0.9499130249023438
332,1,0.9933364391326904
333,1,0.967373788356781
334,1,0.9413907527923584
335,1,0.9618362784385681
336,1,0.9755690693855286
337,1,0.976442277431488
338,1,0.9645440578460693
339,1,0.9583395719528198
340,1,0.972062885761261
341,1,0.9765529036521912
342,1,0.9922388195991516
343,1,0.9875352382659912
344,1,0.9861961603164673
345,1,0.8026658892631531
346,1,0.9833842515945435
347,1,0.9629063606262207
348,1,0.2831038534641266
349,1,0.9515476226806641
350,1,0.3227226138114929
351,1,0.8766717314720154
352,1,0.9300099611282349
353,1,0.6719496846199036
354,1,0.06361210346221924
355,1,0.31806880235671997
356,1,0.5411845445632935
357,1,0.8115519881248474
358,1,0.9007725119590759
359,1,0.8982516527175903
360,1,0.8042840361595154
361,1,0.9333233833312988
362,1,0.9917643666267395
363,1,0.9563440084457397
364,1,0.1291389912366867
365,1,0.8821024298667908
366,1,0.8325408697128296
367,1,0.9620388150215149
368,1,0.7926406264305115
369,1,0.9163227677345276
370,1,0.9754299521446228
371,1,0.9806929230690002
372,1,0.7931361794471741
373,1,0.9627211093902588
374,1,0.8424206376075745
375,1,0.891495943069458
376,1,0.9768954515457153
377,1,0.9781630635261536
378,1,0.9680390357971191
379,1,0.9812218546867371
380,1,0.9649161696434021
381,1,0.9757687449455261
382,1,0.8224322199821472
383,1,0.9104613065719604
384,1,0.9351468086242676
385,1,0.8483847379684448
386,1,0.6910581588745117
387,1,0.7965404987335205
388,1,0.9222232103347778
389,1,0.839398205280304
390,1,0.8075190186500549
391,1,0.8495646119117737
392,1,0.8091861009597778
393,1,0.16483287513256073
394,1,0.17934678494930267
395,1,0.12558802962303162
396,1,0.29524946212768555
397,1,0.5000535249710083
398,1,0.2403658926486969
399,1,0.6007484793663025
400,1,0.734311580657959
401,1,0.850273847579956
402,1,0.63065505027771
403,1,0.6971462368965149
404,1,0.8431293368339539
405,1,0.7642223238945007
406,1,0.5474780201911926
407,1,0.7997155785560608
408,1,0.010031397454440594
409,1,0.24775002896785736
410,1,0.24445316195487976
411,1,0.8622854948043823
412,1,0.936229944229126
413,1,0.15914204716682434
414,1,0.12792666256427765
415,1,0.5551947951316833
416,1,0.014551235362887383
417,1,0.469359815120697
418,1,0.6783840656280518
419,1,0.11870624870061874
420,1,0.7089971899986267
421,1,0.11369495093822479
422,1,0.7892659902572632
423,1,0.23944588005542755
424,1,0.8259727954864502
425,1,0.5062387585639954
426,1,0.5687220692634583
427,1,0.5031569600105286
428,1,0.8551311492919922
429,1,0.7820104360580444
430,1,0.28471726179122925
431,1,0.5555314421653748
432,1,0.5709785223007202
433,1,0.683099627494812
434,1,0.435672402381897
435,1,0.8070248961448669
436,1,0.9675596952438354
437,1,0.7312042117118835
438,1,0.9900732040405273
439,1,0.965205192565918
440,1,0.9514575004577637
441,1,0.986862063407898
442,1,0.9690406322479248
443,1,0.8779342174530029
444,1,0.8886534571647644
445,1,0.9243494272232056
446,1,0.6090414524078369
447,1,0.9320439696311951
448,1,0.9303354620933533
449,1,0.9125677347183228
450,1,0.7831164002418518
451,1,0.8389801979064941
452,1,0.9362119436264038
453,1,0.9892784953117371
454,1,0.9223091006278992
455,1,0.9574713706970215
456,1,0.9860125184059143
457,1,0.986174464225769
458,1,0.8806960582733154
459,1,0.9861198663711548
460,1,0.9246652126312256
461,1,0.9724136590957642
462,1,0.9976898431777954
463,1,0.9647247791290283
464,1,0.9947419166564941
465,1,0.9405490159988403
466,1,0.9887048602104187
467,1,0.9928975105285645
468,1,0.9632198214530945
469,1,0.8746826648712158
470,1,0.8523228764533997
471,1,0.9018337726593018
472,1,0.9538315534591675
473,1,0.9443543553352356
474,1,0.9389353394508362
475,1,0.9625911116600037
476,1,0.9904283285140991
477,1,0.9664072394371033
478,1,0.9176235198974609
479,1,0.8738176822662354
480,1,0.9133118987083435
481,1,0.905479371547699
482,1,0.9892428517341614
483,1,0.9333418011665344
484,1,0.9357607960700989
485,1,0.9267439246177673
486,1,0.9556341171264648
487,1,0.9829369187355042
488,1,0.7639833092689514
489,1,0.9574839472770691
490,1,0.9482998251914978
491,1,0.8749526143074036
492,1,0.9538952112197876
493,1,0.9480729103088379
494,1,0.8774817585945129
495,1,0.9855931401252747
496,1,0.5435826182365417
497,1,0.6113333702087402
498,1,0.07313643395900726
499,1,0.9860281944274902
500,1,0.8773260116577148
501,1,0.7479361295700073
502,1,0.07562868297100067
503,1,0.42068496346473694
504,1,0.4551889896392822
505,1,0.8216891288757324
506,1,0.7045513391494751
507,1,0.24989895522594452
508,1,0.7541928291320801
509,1,0.7065285444259644
510,1,0.5525763034820557
511,1,0.8768464922904968
512,1,0.4250293970108032
513,1,0.28574851155281067
514,1,0.1326437145471573
515,1,0.468879759311676
516,1,0.01869945228099823
517,1,0.8515612483024597
518,1,0.5882378816604614
519,1,0.7114408612251282
520,1,0.051237717270851135
521,1,0.10429932922124863
522,1,0.1743055135011673
523,1,0.726473331451416
524,1,0.944706916809082
525,1,0.08340159803628922
526,1,0.8589286208152771
527,1,0.3066624701023102
528,1,0.10948574542999268
529,1,0.622771143913269
530,1,0.07933276146650314
531,1,0.08695327490568161
532,1,0.6746642589569092
533,1,0.10019604861736298
534,1,0.9271483421325684
535,1,0.9051570296287537
536,1,0.6570342183113098
537,1,0.7552458643913269
538,1,0.8771432638168335
539,1,0.7779521346092224
540,1,0.6826270818710327
541,1,0.808070182800293
542,1,0.7002109885215759
543,1,0.5335388779640198
544,1,0.6155233383178711
545,1,0.7690756320953369
546,1,0.7677045464515686
547,1,0.6211481094360352
548,1,0.8684960603713989
549,1,0.9095505475997925
550,1,0.4570218026638031
551,1,0.615280270576477
552,1,0.4069176912307739
553,1,0.5519116520881653
554,1,0.7256736755371094
555,1,0.8911802768707275
556,1,0.9390965700149536
557,1,0.8726646900177002
558,1,0.09086477756500244
559,1,0.909179151058197
560,1,0.9633520841598511
561,1,0.5560649037361145
562,1,0.8190010190010071
563,1,0.8687825202941895
564,1,0.5511878728866577
565,1,0.9721383452415466
566,1,0.9439969658851624
567,1,0.9237589836120605
568,1,0.917542576789856
569,1,0.03727129101753235
570,1,0.8865750432014465
571,1,0.9158154726028442
572,1,0.9578056931495667
573,1,0.8249872922897339
574,1,0.9895706176757812
575,1,0.9694116711616516
576,1,0.11131604760885239
577,1,0.9895949363708496
578,1,0.9060387015342712
579,1,0.9409372210502625
580,1,0.9818267822265625
581,1,0.9859524965286255
582,1,0.9733320474624634
583,1,0.81875079870224
584,1,0.4293041229248047
585,1,0.02231725864112377
586,1,0.5933580994606018
587,1,0.993594229221344
588,1,0.8897342085838318
589,1,0.9531140327453613
590,1,0.12506963312625885
591,1,0.22647884488105774
592,1,0.9488545060157776
593,1,0.8658959865570068
594,1,0.9490996599197388
595,1,0.7285805344581604
596,1,0.9882829785346985
597,1,0.8923009634017944
598,1,0.9599202871322632
599,1,0.9155400395393372
600,1,0.9881473183631897
601,1,0.9841192364692688
602,1,0.8582961559295654
603,1,0.9439302682876587
604,1,0.9746314287185669
605,1,0.9584482312202454
606,1,0.9640406966209412
607,1,0.9225730299949646
608,1,0.9688476920127869
609,1,0.8992364406585693
610,1,0.8041470050811768
611,1,0.861785352230072
612,1,0.9686050415039062
613,1,0.9736097455024719
614,1,0.95389324426651
615,1,0.9202492237091064
616,1,0.9858235120773315
617,1,0.9121597409248352
618,1,0.7281651496887207
619,1,0.9418359398841858
620,1,0.4605347812175751
621,1,0.799735426902771
622,1,0.6510161757469177
623,1,0.6493666768074036
624,1,0.9117226600646973
625,1,0.8595091104507446
626,1,0.8703287839889526
627,1,0.7338747382164001
628,1,0.931195855140686
629,1,0.9688374400138855
630,1,0.9705957770347595
631,1,0.7809814810752869
632,1,0.893641471862793
633,1,0.7239487767219543
634,1,0.8981307744979858
635,1,0.7664772272109985
636,1,0.9695495963096619
637,1,0.6935288310050964
638,1,0.8833427429199219
639,1,0.6728421449661255
640,1,0.7579711079597473
641,1,0.951860249042511
642,1,0.9303107261657715
643,1,0.88775235414505
644,1,0.9437131881713867
645,1,0.9945101737976074
646,1,0.9709912538528442
647,1,0.9813995957374573
648,1,0.9843609929084778
649,1,0.9423995018005371
650,1,0.9241848587989807
651,1,0.976084291934967
652,1,0.8643951416015625
653,1,0.6921111941337585
654,1,0.48154211044311523
655,1,0.658126711845398
656,1,0.930059015750885
657,1,0.9447847008705139
658,1,0.962000846862793
659,1,0.9780445694923401
660,1,0.009916025213897228
661,1,0.9482884407043457
662,1,0.9651411175727844
663,1,0.8950368165969849
664,1,0.7046111822128296
665,1,0.9843281507492065
666,1,0.9045385122299194
667,1,0.9442349672317505
668,1,0.9466270208358765
669,1,0.6901472210884094
670,1,0.8148912787437439
671,1,0.6889562010765076
672,1,0.989963710308075
673,1,0.9847742915153503
674,1,0.9840314388275146
675,1,0.9867232441902161
676,1,0.9432535171508789
677,1,0.9938015341758728
678,1,0.9689921736717224
679,1,0.960224449634552
680,1,0.9573655128479004
681,1,0.9727773070335388
682,1,0.9554736614227295
683,1,0.8194577693939209
684,1,0.9546046853065491
685,1,0.9889722466468811
686,1,0.9915247559547424
687,1,0.9882850646972656
688,1,0.4693506360054016
689,1,0.18296533823013306
690,1,0.9759438037872314
691,1,0.9670913219451904
692,1,0.8836429119110107
693,1,0.9834876656532288
694,1,0.8984654545783997
695,1,0.7713841199874878
696,1,0.9221294522285461
697,1,0.8935866355895996
698,1,0.9816049933433533
699,1,0.9925665855407715
700,1,0.9939361214637756
701,1,0.9085788726806641
702,1,0.9636862277984619
703,1,0.7168958187103271
704,1,0.9693129658699036
705,1,0.9519715905189514
706,1,0.9691470265388489
707,1,0.5900183320045471
708,1,0.44782429933547974
709,1,0.9653404951095581
710,1,0.9878949522972107
711,1,0.9462395906448364
712,1,0.5373499989509583
713,1,0.2180328518152237
714,1,0.7668554782867432
715,1,0.030385088175535202
716,1,0.8284689784049988
717,1,0.623892068862915
718,1,0.25832024216651917
719,1,0.08441411703824997
720,1,0.45259740948677063
721,1,0.30654022097587585
722,1,0.03184729814529419
723,1,0.2600531578063965
724,1,0.21747875213623047
725,1,0.7719236016273499
726,1,0.9171109199523926
727,1,0.08794867992401123
728,1,0.33911988139152527
729,1,0.6077362895011902
730,1,0.27848535776138306
731,1,0.11250609904527664
732,1,0.3425138592720032
733,1,0.9083650708198547
734,1,0.7907831072807312
735,1,0.1724705547094345
736,1,0.8582689166069031
737,1,0.08559814095497131
738,1,0.8849826455116272
739,1,0.9223618507385254
740,1,0.3269016146659851
741,1,0.674095630645752
742,1,0.4864226281642914
743,1,0.2185492217540741
744,1,0.474714994430542
745,1,0.33709093928337097
746,1,0.1288599967956543
747,1,0.36891573667526245
748,1,0.7022286057472229
749,1,0.8334571719169617
750,1,0.912942111492157
751,1,0.8365830183029175
752,1,0.28200602531433105
753,1,0.5727630853652954
754,1,0.9113634824752808
755,1,0.8622614741325378
756,1,0.7586226463317871
757,1,0.8691889047622681
758,1,0.4197676479816437
759,1,0.6467743515968323
760,1,0.8549357056617737
761,1,0.7555913329124451
762,1,0.5002791285514832
763,1,0.8055044412612915
764,1,0.15825165808200836
765,1,0.7263802289962769
766,1,0.16050684452056885
767,1,0.940358579158783
768,1,0.4072345495223999
769,1,0.681132435798645
770,1,0.5672994256019592
771,1,0.6107258796691895
772,1,0.756040096282959
773,1,0.9757930636405945
774,1,0.5021589994430542
775,1,0.23620279133319855
776,1,0.7217552661895752
777,1,0.9112837910652161
778,1,0.1628803312778473
779,1,0.9319949746131897
780,1,0.8965194821357727
781,1,0.9744479060173035
782,1,0.9412997364997864
783,1,0.902450442314148
784,1,0.942274808883667
785,1,0.7639783024787903
786,1,0.6419102549552917
787,1,0.6293228268623352
788,1,0.8486448526382446
789,1,0.3268195390701294
790,1,0.8705781102180481
791,1,0.9884324669837952
792,1,0.8133139610290527
793,1,0.15996430814266205
794,1,0.9401484727859497
795,1,0.9964327812194824
796,1,0.7471655011177063
797,1,0.8870559930801392
798,1,0.7205355763435364
799,1,0.7018691301345825
800,1,0.9467923045158386
801,1,0.6963578462600708
802,1,0.9443519115447998
803,1,0.8637253642082214
804,1,0.9052140712738037
805,1,0.8624314665794373
806,1,0.9139807820320129
807,1,0.8815742135047913
808,1,0.8152897357940674
809,1,0.7479436993598938
810,1,0.7775020599365234
811,1,0.6031419634819031
812,1,0.8317292928695679
813,1,0.3715600073337555
814,1,0.1522790789604187
815,1,0.09742370247840881
816,1,0.9439026117324829
817,1,0.704594075679779
818,1,0.9832738637924194
819,1,0.9110429883003235
820,1,0.9895365238189697
821,1,0.9656628370285034
822,1,0.9832273721694946
823,1,0.8512324690818787
824,1,0.9649950265884399
825,1,0.790448009967804
826,1,0.7958793640136719
827,1,0.7513569593429565
828,1,0.921328067779541
829,1,0.9904356002807617
830,1,0.9538499116897583
831,1,0.9442736506462097
832,1,0.9607690572738647
833,1,0.5174724459648132
834,1,0.9842526316642761
835,1,0.9298971891403198
836,1,0.6597972512245178
837,1,0.32329362630844116
838,1,0.423263818025589
839,1,0.983352541923523
840,1,0.9536001682281494
841,1,0.908202588558197
842,1,0.9615650773048401
843,1,0.9726217985153198
844,1,0.9920859932899475
845,1,0.989716112613678
846,1,0.9571041464805603
847,1,0.9892669916152954
848,1,0.985607385635376
849,1,0.9607025980949402
850,1,0.8950828313827515
851,1,0.9692832827568054
852,1,0.9219785332679749
853,1,0.975609540939331
854,1,0.9802855253219604
855,1,0.9721699953079224
856,1,0.9553884863853455
857,1,0.9236716032028198
858,1,0.36153995990753174
859,1,0.5163266658782959
860,1,0.21567027270793915
861,1,0.9416106939315796
862,1,0.30438679456710815
863,1,0.1426243931055069
864,1,0.8101183772087097
865,1,0.5454175472259521
866,1,0.9608373641967773
867,1,0.6533861756324768
868,1,0.42559653520584106
869,1,0.7359453439712524
870,1,0.9526128768920898
871,1,0.5644689202308655
872,1,0.8567307591438293
873,1,0.887517511844635
874,1,0.7480484247207642
875,1,0.775641918182373
876,1,0.9377291202545166
877,1,0.856456995010376
878,1,0.8529255390167236
879,1,0.8676519989967346
880,1,0.7722518444061279
881,1,0.7147902250289917
882,1,0.5802037715911865
883,1,0.4006226062774658
884,1,0.6816367506980896
885,1,0.9077814817428589
886,1,0.9341312646865845
887,1,0.8710803985595703
888,1,0.8410487771034241
889,1,0.05321578308939934
890,1,0.9520699977874756
891,1,0.2194950431585312
892,1,0.7366113662719727
893,1,0.7319886088371277
894,1,0.5871161222457886
895,1,0.48513874411582947
896,1,0.5338017344474792
897,1,0.2179887294769287
898,1,0.30154111981391907
899,1,0.779572606086731
900,1,0.33491548895835876
901,1,0.4141124486923218
902,1,0.8181876540184021
903,1,0.8267761468887329
904,1,0.48952019214630127
905,1,0.6898391842842102
906,1,0.922149658203125
907,1,0.7480250000953674
908,1,0.54004967212677
909,1,0.5007044076919556
910,1,0.8250902891159058
911,1,0.704029381275177
912,1,0.12733033299446106
913,1,0.21355147659778595
914,1,0.8850816488265991
915,1,0.9465330839157104
916,1,0.9133833050727844
917,1,0.5484403967857361
918,1,0.9299962520599365
919,1,0.9350624680519104
920,1,0.9618033170700073
921,1,0.9198626279830933
922,1,0.5483953356742859
923,1,0.5121419429779053
924,1,0.8424866199493408
925,1,0.961107075214386
926,1,0.9395161271095276
927,1,0.979708731174469
928,1,0.8890022039413452
929,1,0.8885892033576965
930,1,0.9172431826591492
931,1,0.633277416229248
932,1,0.46823546290397644
933,1,0.9425740242004395
934,1,0.8801227807998657
935,1,0.91591477394104
936,1,0.8581569790840149
937,1,0.9574995040893555
938,1,0.8182513117790222
939,1,0.8970164656639099
940,1,0.9093647599220276
941,1,0.9114121198654175
942,1,0.8523936867713928
943,1,0.8597720861434937
944,1,0.9374690651893616
945,1,0.6605328917503357
946,1,0.7733397483825684
947,1,0.8535111546516418
948,1,0.8095980286598206
949,1,0.8742858171463013
950,1,0.6356611847877502
951,1,0.9012695550918579
952,1,0.8704536557197571
953,1,0.8774523735046387
954,1,0.9144233465194702
955,1,0.18335382640361786
956,1,0.4349985122680664
957,1,0.8131136298179626
958,1,0.9472796320915222
959,1,0.9598340392112732
960,1,0.9248095750808716
961,1,0.9405074715614319
962,1,0.9124297499656677
963,1,0.8250190615653992
964,1,0.8190553784370422
965,1,0.8840202689170837
966,1,0.6609686017036438
967,1,0.6492875218391418
968,1,0.9152447581291199
969,1,0.9493699073791504
970,1,0.961583137512207
971,1,0.8281206488609314
972,1,0.8622691035270691
973,1,0.8430209159851074
974,1,0.8394717574119568
975,1,0.9258244037628174
976,1,0.8695170879364014
977,1,0.7737197875976562
978,1,0.8196176290512085
979,1,0.7453199028968811
980,1,0.9219112396240234
981,1,0.8035523295402527
982,1,0.5778176784515381
983,1,0.9028360247612
984,1,0.8322787880897522
985,1,0.7669347524642944
986,1,0.7814272046089172
987,1,0.9105735421180725
988,1,0.8005525469779968
989,1,0.9078478813171387
990,1,0.8147290945053101
991,1,0.8770805597305298
992,1,0.8239938020706177
993,1,0.6835832595825195
994,1,0.909676194190979
995,1,0.8851961493492126
996,1,0.905188262462616
997,1,0.699017345905304
998,1,0.8658396005630493
999,1,0.9647063612937927
1000,1,0.9654509425163269
1001,1,0.8515908718109131
1002,1,0.782589852809906
1003,1,0.7642844915390015
1004,1,0.9533589482307434
1005,1,0.8891017436981201
1006,1,0.9524092078208923
1007,1,0.8672006726264954
1008,1,0.09499973058700562
1009,1,0.7765997648239136
1010,1,0.2023817002773285
1011,1,0.9172468781471252
1012,1,0.5896637439727783
1013,1,0.9826779961585999
1014,1,0.9676142334938049
1015,1,0.787828803062439
1016,1,0.9181842803955078
1017,1,0.8876204490661621
1018,1,0.8632657527923584
1019,1,0.8014345765113831
1020,1,0.7686874270439148
1021,1,0.471022367477417
1022,1,0.8350726366043091
1023,1,0.11973954737186432
1024,1,0.6594547033309937
1025,1,0.9305738806724548
1026,1,0.8430785536766052
1027,1,0.9262381196022034
1028,1,0.8936741352081299
1029,1,0.9135554432868958
1030,1,0.9873673915863037
1031,1,0.9558500647544861
1032,1,0.8828412294387817
1033,1,0.9877669811248779
1034,1,0.9772638082504272
1035,1,0.9585986733436584
1036,1,0.7486982345581055
1037,1,0.7788182497024536
1038,1,0.9361627697944641
1039,1,0.8236690759658813
1040,1,0.5972866415977478
1041,1,0.9851822257041931
1042,1,0.9714555740356445
1043,1,0.9363003373146057
1044,1,0.007141301408410072
1045,1,0.9388145804405212
1046,1,0.9286107420921326
1047,1,0.9830074310302734
1048,1,0.7808975577354431
1049,1,0.9783413410186768
1050,1,0.885046124458313
1051,1,0.8048067092895508
1052,1,0.9704344272613525
1053,1,0.9532700777053833
1054,1,0.9726169109344482
1055,1,0.1317013055086136
1056,1,0.22061221301555634
1057,1,0.6492476463317871
1058,1,0.9881318807601929
1059,1,0.811215341091156
1060,1,0.846252977848053
1061,1,0.981952965259552
1062,1,0.39929065108299255
1063,1,0.8733497262001038
1064,1,0.7108837962150574
1065,1,0.7631440758705139
1066,1,0.7704447507858276
1067,1,0.7206708788871765
1068,1,0.7908886075019836
1069,1,0.6465407013893127
1070,1,0.7772907018661499
1071,1,0.8532605767250061
1072,1,0.5044158697128296
1073,1,0.3200887143611908
1074,1,0.9089152812957764
1075,1,0.3828592598438263
1076,1,0.5454952716827393
1077,1,0.8653199672698975
1078,1,0.6718500256538391
1079,1,0.39943453669548035
1080,1,0.49852627515792847
1081,1,0.739434003829956
1082,1,0.6577158570289612
1083,1,0.3201315104961395
1084,1,0.8703258633613586
1085,1,0.7608769536018372
1086,1,0.7884522080421448
1087,1,0.8758147358894348
1088,1,0.6417319178581238
1089,1,0.5414713621139526
1090,1,0.5865766406059265
1091,1,0.8237335681915283
1092,1,0.7868122458457947
1093,1,0.0727807804942131
1094,1,0.21838559210300446
1095,1,0.5628370642662048
1096,1,0.655138373374939
1097,1,0.9186226725578308
1098,1,0.394738107919693
1099,1,0.8054048418998718
1100,1,0.7248596549034119
1101,1,0.8501288890838623
1102,1,0.8218804001808167
1103,1,0.46916618943214417
1104,1,0.8863838911056519
1105,1,0.6280401349067688
1106,1,0.5770146250724792
1107,1,0.719222903251648
1108,1,0.5411424040794373
1109,1,0.11982566118240356
1110,1,0.6840806007385254
1111,1,0.90815669298172
1112,1,0.9686536192893982
1113,1,0.8181928396224976
1114,1,0.6331571340560913
1115,1,0.8972828984260559
1116,1,0.22410517930984497
1117,1,0.7352144122123718
1118,1,0.5240068435668945
1119,1,0.7903028726577759
1120,1,0.8504988551139832
1121,1,0.1578737050294876
1122,1,0.9570461511611938
1123,1,0.8959029316902161
1124,1,0.9615497589111328
1125,1,0.968066394329071
1126,1,0.6129601001739502
1127,1,0.941838264465332
1128,1,0.9125701785087585
1129,1,0.8305238485336304
1130,1,0.9361369609832764
1131,1,0.7992872595787048
1132,1,0.9426220655441284
1133,1,0.41217800974845886
1134,1,0.778867781162262
1135,1,0.9058155417442322
1136,1,0.8081756830215454
1137,1,0.2064472883939743
1138,1,0.8792428374290466
1139,1,0.9025192856788635
1140,1,0.8658186793327332
1141,1,0.7458727955818176
1142,1,0.9270448088645935
1143,1,0.8497043251991272
1144,1,0.9151490926742554
1145,1,0.9528505802154541
1146,1,0.9523022770881653
1147,1,0.015814131125807762
1148,1,0.5184428095817566
1149,1,0.9952943921089172
1150,1,0.8456270098686218
1151,1,0.9154112339019775
1152,1,0.8686327338218689
1153,1,0.8500452637672424
1154,1,0.9440228939056396
1155,1,0.9928769469261169
1156,1,0.9073484539985657
1157,1,0.9796265959739685
1158,1,0.9542291164398193
1159,1,0.9894098043441772
1160,1,0.9777686595916748
1161,1,0.982858419418335
1162,1,0.9692630171775818
1163,1,0.9805522561073303
1164,1,0.9451844096183777
1165,1,0.9554823040962219
1166,1,0.9625319242477417
1167,1,0.9737078547477722
1168,1,0.9770217537879944
1169,1,0.9810614585876465
1170,1,0.32716095447540283
1171,1,0.9827917218208313
1172,1,0.980407178401947
1173,1,0.6013500094413757
1174,1,0.9839504957199097
1175,1,0.9621627330780029
1176,1,0.931537389755249
1177,1,0.8030334115028381
1178,1,0.8110620379447937
1179,1,0.9855058193206787
1180,1,0.4061751067638397
1181,1,0.961316704750061
1182,1,0.8443175554275513
1183,1,0.8563949465751648
1184,1,0.9797771573066711
1185,1,0.9714261889457703
1186,1,0.9687087535858154
1187,1,0.9392315149307251
1188,1,0.9680841565132141
1189,1,0.9659865498542786
1190,1,0.5349453091621399
1191,1,0.9558206796646118
1192,1,0.2312057763338089
1193,1,0.16531601548194885
1194,1,0.7204295992851257
1195,1,0.3155174255371094
1196,1,0.3888360857963562
1197,1,0.919020414352417
1198,1,0.06340993940830231
1199,1,0.2909148633480072
1200,1,0.07828035950660706
1201,1,0.11625320464372635
1202,1,0.9526293277740479
1203,1,0.9857228398323059
1204,1,0.9646540880203247
1205,1,0.7672508955001831
1206,1,0.7569810152053833
1207,1,0.7889125943183899
1208,1,0.5640764236450195
1209,1,0.710216224193573
1210,1,0.9534139633178711
1211,1,0.7035467624664307
1212,1,0.6414011716842651
1213,1,0.8479565978050232
1214,1,0.5398716926574707
1215,1,0.36492258310317993
1216,1,0.8284549117088318
1217,1,0.8336271047592163
1218,1,0.8029013276100159
1219,1,0.6138480305671692
1220,1,0.9197755455970764
1221,1,0.7285603284835815
1222,1,0.7779367566108704
1223,1,0.5102075338363647
1224,1,0.7758775949478149
1225,1,0.8115499019622803
1226,1,0.8238047957420349
1227,1,0.15698717534542084
1228,1,0.7816765308380127
1229,1,0.782179594039917
1230,1,0.4187121093273163
1231,1,0.6984722018241882
1232,1,0.6687071919441223
1233,1,0.5476433634757996
1234,1,0.8694164156913757
1235,1,0.8006348013877869
1236,1,0.6196041107177734
1237,1,0.7822822332382202
1238,1,0.8990716934204102
1239,1,0.5582324862480164
1240,1,0.800868570804596
1241,1,0.4068279266357422
1242,1,0.6186232566833496
1243,1,0.8718754053115845
1244,1,0.6369401216506958
1245,1,0.012415182776749134
1246,1,0.8100305199623108
1247,1,0.7292355298995972
1248,1,0.062349461019039154
1249,1,0.7744058966636658
1250,1,0.3792635202407837
1251,1,0.7244126796722412
1252,1,0.5517476797103882
1253,1,0.758421003818512
1254,1,0.7268363237380981
1255,1,0.7069753408432007
1256,1,0.3138294517993927
1257,1,0.8898380398750305
1258,1,0.7948107123374939
1259,1,0.19491437077522278
1260,1,0.8303012251853943
1261,1,0.26533228158950806
1262,1,0.7138323783874512
1263,1,0.07343351095914841
1264,1,0.8370962142944336
1265,1,0.5613407492637634
1266,1,0.14004366099834442
1267,1,0.921206533908844
1268,1,0.4651128649711609
1269,1,0.8101125955581665
1270,1,0.6543517112731934
1271,1,0.8754466772079468
1272,1,0.19316257536411285
1273,1,0.9380937814712524
1274,1,0.42840296030044556
1275,1,0.4446651339530945
1276,1,0.8521568179130554
1277,1,0.8157207369804382
1278,1,0.8979737758636475
1279,1,0.9121865630149841
1280,1,0.0783475860953331
1281,1,0.8027697801589966
1282,1,0.30927178263664246
1283,1,0.6678805947303772
1284,1,0.7237653136253357
1285,1,0.48259660601615906
1286,1,0.7491045594215393
1287,1,0.21421071887016296
1288,1,0.7446745038032532
1289,1,0.8043135404586792
1290,1,0.4719145596027374
1291,1,0.8975446820259094
1292,1,0.8967996835708618
1293,1,0.38464173674583435
1294,1,0.6145346760749817
1295,1,0.7965021729469299
1296,1,0.7316546440124512
1297,1,0.38962653279304504
1298,1,0.8212713003158569
1299,1,0.9536668658256531
1300,1,0.33315590023994446
1301,1,0.9153086543083191
1302,1,0.9080360531806946
1303,1,0.4550865590572357
1304,1,0.5900505185127258
1305,1,0.2948746383190155
1306,1,0.6931419968605042
1307,1,0.9038464426994324
1308,1,0.9744584560394287
1309,1,0.23862342536449432
1310,1,0.5832429528236389
1311,1,0.853994607925415
1312,1,0.47522515058517456
1313,1,0.8695223331451416
1314,1,0.03604910522699356
1315,1,0.24814696609973907
1316,1,0.6433969736099243
1317,1,0.9703720211982727
1318,1,0.7374899983406067
1319,1,0.4578521251678467
1320,1,0.6346791982650757
1321,1,0.7435372471809387
1322,1,0.9828160405158997
1323,1,0.7608412504196167
1324,1,0.959162712097168
1325,1,0.9775509238243103
1326,1,0.9312840104103088
1327,1,0.8521770238876343
1328,1,0.5424739122390747
1329,1,0.8033766746520996
1330,1,0.9082249402999878
1331,1,0.7809876799583435
1332,1,0.8431938886642456
1333,1,0.9204014539718628
1334,1,0.8349289298057556
1335,1,0.8906946182250977
1336,1,0.33375295996665955
1337,1,0.8018144369125366
1338,1,0.9728216528892517
1339,1,0.9546102285385132
1340,1,0.9419448971748352
1341,1,0.8758385181427002
1342,1,0.8851499557495117
1343,1,0.8568472862243652
1344,1,0.7004737854003906
1345,1,0.9033485054969788
1346,1,0.936332106590271
1347,1,0.6658183336257935
1348,1,0.729705274105072
1349,1,0.786382794380188
1350,1,0.8934029340744019
1351,1,0.9120845198631287
1352,1,0.774426281452179
1353,1,0.9677175283432007
1354,1,0.5953545570373535
1355,1,0.8326978087425232
1356,1,0.8346195816993713
1357,1,0.7755484580993652
1358,1,0.7651278972625732
1359,1,0.8439230918884277
1360,1,0.5623296499252319
1361,1,0.9532920718193054
1362,1,0.9891535639762878
1363,1,0.9467513561248779
1364,1,0.7700355648994446
1365,1,0.8951329588890076
1366,1,0.4663597047328949
1367,1,0.8036648035049438
1368,1,0.7963274121284485
1369,1,0.888093888759613
1370,1,0.9575936198234558
1371,1,0.5486023426055908
1372,1,0.7051393389701843
1373,1,0.9611039161682129
1374,1,0.7895981073379517
1375,1,0.9132375121116638
1376,1,0.8909964561462402
1377,1,0.9434900879859924
1378,1,0.6623795032501221
1379,1,0.7276082038879395
1380,1,0.3541027009487152
1381,1,0.9028369784355164
1382,1,0.9226845502853394
1383,1,0.7455319166183472
1384,1,0.9641108512878418
1385,1,0.8979522585868835
1386,1,0.9353805780410767
1387,1,0.9774954915046692
1388,1,0.6594914793968201
1389,1,0.9703933596611023
1390,1,0.9713779091835022
1391,1,0.9734260439872742
1392,1,0.985065758228302
1393,1,0.9002257585525513
1394,1,0.9677942991256714
1395,1,0.9683592915534973
1396,1,0.9518994092941284
1397,1,0.9372636675834656
1398,1,0.9152864813804626
1399,1,0.9861225485801697
1400,1,0.975666880607605
1401,1,0.8597872257232666
1402,1,0.980631947517395
1403,1,0.9077636003494263
1404,1,0.9866655468940735
1405,1,0.9909378290176392
1406,1,0.9882113337516785
1407,1,0.9948559999465942
1408,1,0.9678023457527161
1409,1,0.9586520195007324
1410,1,0.9940658807754517
1411,1,0.9629901051521301
1412,1,0.982175886631012
1413,1,0.8590477108955383
1414,1,0.707837700843811
1415,1,0.994152843952179
1416,1,0.9179143309593201
1417,1,0.9655249118804932
1418,1,0.8304609656333923
1419,1,0.9898165464401245
1420,1,0.973199725151062
1421,1,0.7232549786567688
1422,1,0.957862377166748
1423,1,0.08826902508735657
1424,1,0.9703144431114197
1425,1,0.9711280465126038
1426,1,0.9108714461326599
1427,1,0.965094804763794
1428,1,0.9083777666091919
1429,1,0.9554861783981323
1430,1,0.9272581934928894
1431,1,0.9773526191711426
1432,1,0.8792065382003784
1433,1,0.9867955446243286
1434,1,0.410716712474823
1435,1,0.9721146821975708
1436,1,0.9199279546737671
1437,1,0.12977631390094757
1438,1,0.17128659784793854
1439,1,0.7579337954521179
1440,1,0.4579085409641266
1441,1,0.9510353207588196
1442,1,0.967793881893158
1443,1,0.6516172885894775
1444,1,0.9566947817802429
1445,1,0.9748831391334534
1446,1,0.19647373259067535
1447,1,0.4154338538646698
1448,1,0.9907339811325073
1449,1,0.915726900100708
1450,1,0.9835445284843445
1451,1,0.9620234966278076
1452,1,0.9431650638580322
1453,1,0.4288232922554016
1454,1,0.9282066226005554
1455,1,0.9707196950912476
1456,1,0.9758033752441406
1457,1,0.9453771114349365
1458,1,0.8483547568321228
1459,1,0.9707475304603577
1460,1,0.2062111347913742
1461,1,0.9701287150382996
1462,1,0.9775872826576233
1463,1,0.9049908518791199
1464,1,0.9830783009529114
1465,1,0.9877826571464539
1466,1,0.9577063322067261
1467,1,0.98713219165802
1468,1,0.9303253889083862
1469,1,0.9925823211669922
1470,1,0.9856603145599365
1471,1,0.22232069075107574
1472,1,0.3151533603668213
1473,1,0.06450826674699783
1474,1,0.6890628337860107
1475,1,0.6957504749298096
1476,1,0.5160224437713623
1477,1,0.24546277523040771
1478,1,0.7883961200714111
1479,1,0.18209445476531982
1480,1,0.6372703909873962
1481,1,0.8240643739700317
1482,1,0.6478745341300964
1483,1,0.5960882306098938
1484,1,0.8903818726539612
1485,1,0.9101490378379822
1486,1,0.24985916912555695
1487,1,0.6365732550621033
1488,1,0.8364048600196838
1489,1,0.8329096436500549
1490,1,0.8829988837242126
1491,1,0.9118947982788086
1492,1,0.8920255899429321
1493,1,0.017504069954156876
1494,1,0.6850183010101318
1495,1,0.8887205123901367
1496,1,0.5623528361320496
1497,1,0.9815967679023743
1498,1,0.9585875272750854
1499,1,0.9889070987701416
1500,1,0.9771305322647095
1501,1,0.7653318047523499
1502,1,0.8778720498085022
1503,1,0.9610419869422913
1504,1,0.9171531200408936
1505,1,0.9327493906021118
1506,1,0.8448399901390076
1507,1,0.454471230506897
1508,1,0.9891827702522278
1509,1,0.9808423519134521
1510,1,0.961458146572113
1511,1,0.5341585278511047
1512,1,0.9489120244979858
1513,1,0.8615433573722839
1514,1,0.3248996436595917
1515,1,0.8196830153465271
1516,1,0.955741286277771
1517,1,0.9233465194702148
1518,1,0.9703330993652344
1519,1,0.9639106392860413
1520,1,0.993033766746521
1521,1,0.9968972206115723
1522,1,0.8630879521369934
1523,1,0.9661898612976074
1524,1,0.7091224193572998
1525,1,0.8237656354904175
1526,1,0.8135854601860046
1527,1,0.9484874606132507
1528,1,0.8281549215316772
1529,1,0.9660363793373108
1530,1,0.9016811847686768
1531,1,0.1968642622232437
1532,1,0.5429481267929077
1533,1,0.9515781998634338
1534,1,0.9265136122703552
1535,1,0.9663180708885193
1536,1,0.867455244064331
1537,1,0.44947439432144165
1538,1,0.6448764204978943
1539,1,0.14817166328430176
1540,1,0.9682996273040771
1541,1,0.5607858896255493
1542,1,0.9460501670837402
1543,1,0.8698694109916687
1544,1,0.9127191305160522
1545,1,0.9117959141731262
1546,1,0.788691520690918
1547,1,0.9865853786468506
1548,1,0.9046580195426941
1549,1,0.7117975950241089
1550,1,0.9000337719917297
1551,1,0.9269912242889404
1552,1,0.33694547414779663
1553,1,0.8840338587760925
1554,1,0.9762790203094482
1555,1,0.9118871092796326
1556,1,0.6988226771354675
1557,1,0.9472939372062683
1558,1,0.940701961517334
1559,1,0.9099724888801575
1560,1,0.9518399238586426
1561,1,0.9389752745628357
1562,1,0.800868034362793
1563,1,0.9532158374786377
1564,1,0.9662124514579773
1565,1,0.9822835326194763
1566,1,0.988446831703186
1567,1,0.9893788695335388
1568,1,0.9807366132736206
1569,1,0.9430473446846008
1570,1,0.7361016273498535
1571,1,0.9901708960533142
1572,1,0.9718843698501587
1573,1,0.8768786787986755
1574,1,0.8865559101104736
1575,1,0.9846367835998535
1576,1,0.9673909544944763
1577,1,0.8867034912109375
1578,1,0.920546293258667
1579,1,0.9702311754226685
1580,1,0.9668876528739929
1581,1,0.9417316913604736
1582,1,0.9952314496040344
1583,1,0.9577332139015198
1584,1,0.9508640170097351
1585,1,0.9270037412643433
1586,1,0.9696484208106995
1587,1,0.9683036208152771
1588,1,0.9672989249229431
1589,1,0.9625899791717529
1590,1,0.9932594895362854
1591,1,0.9951489567756653
1592,1,0.9883726239204407
1593,1,0.990119457244873
1594,1,0.9859036803245544
1595,1,0.9950384497642517
1596,1,0.61366206407547
1597,1,0.9861400127410889
1598,1,0.9832153916358948
1599,1,0.9536694288253784
1600,1,0.9740632176399231
1601,1,0.9757969379425049
1602,1,0.9804267883300781
1603,1,0.9616114497184753
1604,1,0.9916489124298096
1605,1,0.990622341632843
1606,1,0.26305997371673584
1607,1,0.9893952012062073
1608,1,0.6692244410514832
1609,1,0.9215896725654602
1610,1,0.9909969568252563
1611,1,0.692772388458252
1612,1,0.980712890625
1613,1,0.9818035364151001
1614,1,0.9720425009727478
1615,1,0.9639383554458618
1616,1,0.9515520930290222
1617,1,0.9946289658546448
1618,1,0.9687076210975647
1619,1,0.2444494664669037
1620,1,0.9568480849266052
1621,1,0.9350239038467407
1622,1,0.9693248271942139
1623,1,0.6581130623817444
1624,1,0.8213951587677002
1625,1,0.9635764956474304
1626,1,0.9694236516952515
1627,1,0.9755679368972778
1628,1,0.9176168441772461
1629,1,0.062349461019039154
1630,1,0.8149235844612122
1631,1,0.9298327565193176
1632,1,0.868928074836731
1633,1,0.9251726269721985
1634,1,0.5184528231620789
1635,1,0.9826763868331909
1636,1,0.8941516280174255
1637,1,0.6980643272399902
1638,1,0.17975221574306488
1639,1,0.6170862913131714
1640,1,0.9499499201774597
1641,1,0.9872151613235474
1642,1,0.2429308146238327
1643,1,0.7440792322158813
1644,1,0.9900529980659485
1645,1,0.980801522731781
1646,1,0.8818532824516296
1647,1,0.2414206862449646
1648,1,0.49553143978118896
1649,1,0.4073050916194916
1650,1,0.2850283086299896
1651,1,0.1153884306550026
1652,1,0.6822264194488525
1653,1,0.04886920750141144
1654,1,0.09646520763635635
1655,1,0.5562257766723633
1656,1,0.07527228444814682
1657,1,0.06661628931760788
1658,1,0.23288482427597046
1659,1,0.1625547558069229
1660,1,0.008383417502045631
1661,1,0.15927334129810333
1662,1,0.019362401217222214
1663,1,0.00689096562564373
1664,1,0.9893592596054077
1665,1,0.9687895178794861
1666,1,0.9813796877861023
1667,1,0.9821324348449707
1668,1,0.9492089748382568
1669,1,0.7868443131446838
1670,1,0.9579949378967285
1671,1,0.08540210127830505
1672,1,0.07833576947450638
1673,1,0.3585331439971924
1674,1,0.7503178715705872
1675,1,0.9602450132369995
1676,1,0.9829334616661072
1677,1,0.9840032458305359
1678,1,0.9369599223136902
1679,1,0.9878623485565186
1680,1,0.5770095586776733
1681,1,0.9673166871070862
1682,1,0.9759694933891296
1683,1,0.937614381313324
1684,1,0.9131437540054321
1685,1,0.5306264758110046
1686,1,0.7242748737335205
1687,1,0.9002590179443359
1688,1,0.6825480461120605
1689,1,0.8480413556098938
1690,1,0.9858130812644958
1691,1,0.9860011339187622
1692,1,0.9474698305130005
1693,1,0.6221858263015747
1694,1,0.896751880645752
1695,1,0.93717360496521
1696,1,0.8451049327850342
1697,1,0.9666456580162048
1698,1,0.9839534759521484
1699,1,0.2059607356786728
1700,1,0.9470435976982117
1701,1,0.984879195690155
1702,1,0.056583914905786514
1703,1,0.887024462223053
1704,1,0.9565119743347168
1705,1,0.8322458863258362
1706,1,0.509132444858551
1707,1,0.8431417942047119
1708,1,0.9638622403144836
1709,1,0.3377254605293274
1710,1,0.9451712965965271
1711,1,0.6390467286109924
1712,1,0.9747135639190674
1713,1,0.5686905384063721
1714,1,0.9033156037330627
1715,1,0.6492183208465576
1716,1,0.8708423972129822
1717,1,0.9503461122512817
1718,1,0.9814602136611938
1719,1,0.7112748622894287
1720,1,0.7891219854354858
1721,1,0.8490211367607117
1722,1,0.941614031791687
1723,1,0.9608759880065918
1724,1,0.982611894607544
1725,1,0.22196577489376068
1726,1,0.9764088988304138
1727,1,0.9559792280197144
1728,1,0.7785111665725708
1729,1,0.6188345551490784
1730,1,0.9581953287124634
1731,1,0.9894536733627319
1732,1,0.9726185202598572
1733,1,0.9379696846008301
1734,1,0.3689782917499542
1735,1,0.7075284123420715
1736,1,0.7303617000579834
1737,1,0.9282470941543579
1738,1,0.9758093953132629
1739,1,0.9465709924697876
1740,1,0.8636815547943115
1741,1,0.5044893026351929
1742,1,0.6338266730308533
1743,1,0.9781695604324341
1744,1,0.9307907223701477
1745,1,0.9401183128356934
1746,1,0.7780470848083496
1747,1,0.8656139969825745
1748,1,0.9500494599342346
1749,1,0.7609845399856567
1750,1,0.940125048160553
1751,1,0.4831800162792206
1752,1,0.9227765202522278
1753,1,0.9071121215820312
1754,1,0.9718732237815857
1755,1,0.11580633372068405
1756,1,0.8018215298652649
1757,1,0.91715008020401
1758,1,0.9866450428962708
1759,1,0.9928770661354065
1760,1,0.9782471060752869
1761,1,0.9455540776252747
1762,1,0.95224529504776
1763,1,0.8076965808868408
1764,1,0.9190483093261719
1765,1,0.09454576671123505
1766,1,0.9804224371910095
1767,1,0.9721564650535583
1768,1,0.9723859429359436
1769,1,0.975649356842041
1770,1,0.84048992395401
1771,1,0.9661188721656799
1772,1,0.19014829397201538
1773,1,0.9713674783706665
1774,1,0.8902065753936768
1775,1,0.9208091497421265
1776,1,0.951964795589447
1777,1,0.8328498601913452
1778,1,0.9018548130989075
1779,1,0.9935677647590637
1780,1,0.9161072373390198
1781,1,0.6525290608406067
1782,1,0.9849199056625366
1783,1,0.9879354238510132
1784,1,0.9887464642524719
1785,1,0.9907442927360535
1786,1,0.9679166078567505
1787,1,0.9772845506668091
1788,1,0.9629437923431396
1789,1,0.9839841723442078
1790,1,0.615506649017334
1791,1,0.9248285293579102
1792,1,0.9949070811271667
1793,1,0.9529776573181152
1794,1,0.9939629435539246
1795,1,0.607466459274292
1796,1,0.9566444158554077
1797,1,0.9661779403686523
1798,1,0.8287317156791687
1799,1,0.569882869720459
1800,1,0.7994874715805054
1801,1,0.8588476181030273
1802,1,0.2941606044769287
1803,1,0.8579227328300476
1804,1,0.7597935795783997
1805,1,0.9773905873298645
1806,1,0.9527916312217712
1807,1,0.9805631637573242
1808,1,0.5669047236442566
1809,1,0.25429221987724304
1810,1,0.5795555114746094
1811,1,0.7371388077735901
1812,1,0.896122395992279
1813,1,0.9612824320793152
1814,1,0.8835392594337463
1815,1,0.9104169011116028
1816,1,0.8617329001426697
1817,1,0.9300222396850586
1818,1,0.8158926963806152
1819,1,0.808236300945282
1820,1,0.8465479016304016
1821,1,0.8925473690032959
1822,1,0.9039582014083862
1823,1,0.8663188815116882
1824,1,0.9397865533828735
1825,1,0.9806555509567261
1826,1,0.9544551372528076
1827,1,0.9387120604515076
1828,1,0.8933563232421875
1829,1,0.5544139742851257
1830,1,0.9040083289146423
1831,1,0.5739932060241699
1832,1,0.9931522607803345
1833,1,0.8162066340446472
1834,1,0.9784306883811951
1835,1,0.9857263565063477
1836,1,0.1651533842086792
1837,1,0.1669619083404541
1838,1,0.9554916620254517
1839,1,0.19320735335350037
1840,1,0.5895746946334839
1841,1,0.11559151858091354
1842,1,0.8749562501907349
1843,1,0.8293577432632446
1844,1,0.7757404446601868
1845,1,0.9495077729225159
1846,1,0.7906490564346313
1847,1,0.8832842707633972
1848,1,0.48463812470436096
1849,1,0.6016585230827332
1850,1,0.6451554298400879
1851,1,0.8784775137901306
1852,1,0.9625734090805054
1853,1,0.8530491590499878
1854,1,0.8418859243392944
1855,1,0.9926422238349915
1856,1,0.7321868538856506
1857,1,0.9074077606201172
1858,1,0.8979249596595764
1859,1,0.7610726356506348
1860,1,0.9713016748428345
1861,1,0.9943186640739441
1862,1,0.3370995819568634
1863,1,0.6435770988464355
1864,1,0.8633403182029724
1865,1,0.5878233909606934
1866,1,0.8472626209259033
1867,1,0.9649211764335632
1868,1,0.9843610525131226
1869,1,0.7213454842567444
1870,1,0.9893513321876526
1871,1,0.8585180044174194
1872,1,0.9494398832321167
1873,1,0.9219503998756409
1874,1,0.9371318221092224
1875,1,0.44612443447113037
1876,1,0.8785704374313354
1877,1,0.726723313331604
1878,1,0.717893123626709
1879,1,0.7701609134674072
1880,1,0.2602039575576782
1881,1,0.7640861868858337
1882,1,0.8667932748794556
1883,1,0.7588306665420532
1884,1,0.841667115688324
1885,1,0.8453029990196228
1886,1,0.3628256320953369
1887,1,0.8898802399635315
1888,1,0.9754452705383301
1889,1,0.40641480684280396
1890,1,0.5902979373931885
1891,1,0.8771937489509583
1892,1,0.94150310754776
1893,1,0.9880337119102478
1894,1,0.9586909413337708
1895,1,0.9684816002845764
1896,1,0.1575450897216797
1897,1,0.9591404795646667
1898,1,0.10331767052412033
1899,1,0.9754008054733276
1900,1,0.8528242707252502
1901,1,0.4880067706108093
1902,1,0.2383546531200409
1903,1,0.9145484566688538
1904,1,0.9879246950149536
1905,1,0.9915310144424438
1906,1,0.761650025844574
1907,1,0.08151458948850632
1908,1,0.8824895024299622
1909,1,0.6858383417129517
1910,1,0.2006339579820633
1911,1,0.7538542747497559
1912,1,0.03565143048763275
1913,1,0.9051346778869629
1914,1,0.3850139379501343
1915,1,0.5979149341583252
1916,1,0.260969340801239
1917,1,0.9889739751815796
1918,1,0.9302935600280762
1919,1,0.9884926676750183
1920,1,0.9867173433303833
1921,1,0.822377622127533
1922,1,0.34840255975723267
1923,1,0.9563968181610107
1924,1,0.9718925952911377
1925,1,0.9806259870529175
1926,1,0.9734109044075012
1927,1,0.4544742703437805
1928,1,0.9671670198440552
1929,1,0.9676010012626648
1930,1,0.9839613437652588
1931,1,0.9762108325958252
1932,1,0.9655249118804932
1933,1,0.9653943777084351
1934,1,0.7391221523284912
1935,1,0.4172215461730957
1936,1,0.9022341966629028
1937,1,0.9575897455215454
1938,1,0.8761638402938843
1939,1,0.9389867186546326
1940,1,0.8638003468513489
1941,1,0.9513605237007141
1942,1,0.9871150255203247
1943,1,0.5460484623908997
1944,1,0.9774137735366821
1945,1,0.9367195963859558
1946,1,0.9908077120780945
1947,1,0.955932080745697
1948,1,0.20104274153709412
1949,1,0.8475603461265564
1950,1,0.9688931107521057
1951,1,0.6463450193405151
1952,1,0.7693496942520142
1953,1,0.7393585443496704
1954,1,0.9635794758796692
1955,1,0.8417332768440247
1956,1,0.9648506045341492
1957,1,0.9819320440292358
1958,1,0.9956669807434082
1959,1,0.9866772890090942
1960,1,0.9910780191421509
1961,1,0.972963273525238
1962,1,0.8579891324043274
1963,1,0.8743631839752197
1964,1,0.971563994884491
1965,1,0.9116608500480652
1966,1,0.9682899713516235
1967,1,0.9617094993591309
1968,1,0.6328957080841064
1969,1,0.9727463126182556
1970,1,0.9416614174842834
1971,1,0.6569898128509521
1972,1,0.967568039894104
1973,1,0.9909006357192993
1974,1,0.9580875039100647
1975,1,0.3363942801952362
1976,1,0.9932748079299927
1977,1,0.8738230466842651
1978,1,0.8731322884559631
1979,1,0.9480664134025574
1980,1,0.7133500576019287
1981,1,0.48261380195617676
1982,1,0.8706405758857727
1983,1,0.14906655251979828
1984,1,0.6642016768455505
1985,1,0.7423462271690369
1986,1,0.7075515985488892
1987,1,0.8262892365455627
1988,1,0.25134772062301636
1989,0,0.18311528861522675
1990,0,0.4836620092391968
1991,0,0.18912138044834137
1992,0,0.003930419683456421
1993,0,0.04213239997625351
1994,0,0.08540210127830505
1995,0,0.00877709686756134
1996,0,0.3139200210571289
1997,0,0.008353641256690025
1998,0,0.008693231269717216
1999,0,0.1676151007413864
2000,0,0.01987769827246666
2001,0,0.07827305048704147
2002,0,0.025075767189264297
2003,0,0.4646654427051544
2004,0,0.24631676077842712
2005,0,0.016252275556325912
2006,0,0.037944499403238297
2007,0,0.2422991842031479
2008,0,0.26401472091674805
2009,0,0.009895124472677708
2010,0,0.49308404326438904
2011,0,0.4232131540775299
2012,0,0.009833676740527153
2013,0,0.0019307183101773262
2014,0,0.49102982878685
2015,0,0.015418398194015026
2016,0,0.001374632935039699
2017,0,0.23944853246212006
2018,0,0.22655628621578217
2019,0,0.35480374097824097
2020,0,0.49587538838386536
2021,0,0.7376854419708252
2022,0,0.11443088948726654
2023,0,0.004289806354790926
2024,0,0.7618585228919983
2025,0,0.007319978438317776
2026,0,0.04533592239022255
2027,0,0.1283898949623108
2028,0,0.0935853123664856
2029,0,0.7064111232757568
2030,0,0.35517746210098267
2031,0,0.33822232484817505
2032,0,0.004939362872391939
2033,0,0.05566566437482834
2034,0,0.03168115392327309
2035,0,0.19589951634407043
2036,0,0.14236000180244446
2037,0,0.004068361595273018
2038,0,0.08311009407043457
2039,0,0.09672481566667557
2040,0,0.7270817756652832
2041,0,0.30531319975852966
2042,0,0.00585725624114275
2043,0,0.5105277895927429
2044,0,0.025528106838464737
2045,0,0.421231746673584
2046,0,0.04235301539301872
2047,0,0.15082867443561554
2048,0,0.2989482581615448
2049,0,0.06292563676834106
2050,0,0.00039676480810157955
2051,0,0.20883353054523468
2052,0,0.9884229302406311
2053,0,0.3329683840274811
2054,0,0.07169429957866669
2055,0,0.6903829574584961
2056,0,0.3287925124168396
2057,0,0.010543696582317352
2058,0,0.6264275908470154
2059,0,0.0054030935280025005
2060,0,0.35451585054397583
2061,0,0.23684963583946228
2062,0,0.24849535524845123
2063,0,0.05803057178854942
2064,0,0.2609366774559021
2065,0,0.021660512313246727
2066,0,0.06966259330511093
2067,0,0.0164484940469265
2068,0,0.2964143455028534
2069,0,0.21607010066509247
2070,0,0.2062111347913742
2071,0,0.9097237586975098
2072,0,0.11342475563287735
2073,0,0.8446248769760132
2074,0,0.010673844255506992
2075,0,0.08540210127830505
2076,0,0.3799712359905243
2077,0,0.01953773759305477
2078,0,0.005711030680686235
2079,0,0.017774520441889763
2080,0,0.17494098842144012
2081,0,0.11600878089666367
2082,0,0.8802726864814758
2083,0,0.006107635796070099
2084,0,0.023287471383810043
2085,0,0.009811262600123882
2086,0,0.04130486026406288
2087,0,0.0805179625749588
2088,0,0.008306318894028664
2089,0,0.19207628071308136
2090,0,0.4397566616535187
2091,0,0.9402545690536499
2092,0,0.6165347695350647
2093,0,0.15607969462871552
2094,0,0.1283172070980072
2095,0,0.05082319304347038
2096,0,0.2744735777378082
2097,0,0.7340382933616638
2098,0,0.9119060039520264
2099,0,0.020146071910858154
2100,0,0.19412001967430115
2101,0,0.36458349227905273
2102,0,0.682708203792572
2103,0,0.16056987643241882
2104,0,0.07153254002332687
2105,0,0.20151545107364655
2106,0,0.010630271397531033
2107,0,0.2552979588508606
2108,0,0.019435113295912743
2109,0,0.08526728302240372
2110,0,0.09226876497268677
2111,0,0.27151793241500854
2112,0,0.5592324733734131
2113,0,0.01780090481042862
2114,0,0.13156065344810486
2115,0,0.09223877638578415
2116,0,0.0017945186700671911
2117,0,0.01710972562432289
2118,0,0.17459282279014587
2119,0,0.40840891003608704
2120,0,0.007411031052470207
2121,0,0.011649567633867264
2122,0,0.0017265519127249718
2123,0,0.2275293916463852
2124,0,0.09579663723707199
2125,0,0.05186857283115387
2126,0,0.0026514753699302673
2127,0,0.13130532205104828
2128,0,0.08196389675140381
2129,0,0.5919148325920105
2130,0,0.5870431661605835
2131,0,0.23005437850952148
2132,0,0.0061085158959031105
2133,0,0.02155735343694687
2134,0,0.18585006892681122
2135,0,0.005915898829698563
2136,0,0.4751177132129669
2137,0,0.20700198411941528
2138,0,0.004860038869082928
2139,0,0.03717236965894699
2140,0,0.007691922131925821
2141,0,0.7139226198196411
2142,0,0.045069579035043716
2143,0,0.021963655948638916
2144,0,0.31655919551849365
2145,0,0.13493670523166656
2146,0,0.062349461019039154
2147,0,0.2959792912006378
2148,0,0.7570412755012512
2149,0,0.003146957140415907
2150,0,0.548959493637085
2151,0,0.7603724002838135
2152,0,0.11909399926662445
2153,0,0.6444719433784485
2154,0,0.15675252676010132
2155,0,0.46069109439849854
2156,0,0.042660314589738846
2157,0,0.013111279346048832
2158,0,0.7241599559783936
2159,0,0.00490570580586791
2160,0,0.005335871130228043
2161,0,0.8556698560714722
2162,0,0.01588289625942707
2163,0,0.754521369934082
2164,0,0.006173940375447273
2165,0,0.34648558497428894
2166,0,0.09742370247840881
2167,0,0.6848178505897522
2168,0,0.5664560794830322
2169,0,0.01090239454060793
2170,0,0.02308339625597
2171,0,0.0037554781883955
2172,0,0.12859965860843658
2173,0,0.02097758837044239
2174,0,0.06051763519644737
2175,0,0.035348713397979736
2176,0,0.1591642200946808
2177,0,0.003468332812190056
2178,0,0.29456326365470886
2179,0,0.044179949909448624
2180,0,0.7255463004112244
2181,0,0.00485377199947834
2182,0,0.8437413573265076
2183,0,0.010890759527683258
2184,0,0.14927515387535095
2185,0,0.026212507858872414
2186,0,0.37437593936920166
2187,0,0.9145557284355164
2188,0,0.39566323161125183
2189,0,0.41325002908706665
2190,0,0.5561472773551941
2191,0,0.24039851129055023
2192,0,0.0604068823158741
2193,0,0.0024941794108599424
2194,0,0.14423798024654388
2195,0,0.1391187459230423
2196,0,0.07712347060441971
2197,0,0.004676636774092913
2198,0,0.020223185420036316
2199,0,0.8302934765815735
2200,0,0.04029516875743866
2201,0,0.9577938914299011
2202,0,0.07803645730018616
2203,0,0.1530151665210724
2204,0,0.24888251721858978
2205,0,0.0018820551922544837
2206,0,0.08313383907079697
2207,0,0.07616370916366577
2208,0,0.2543121874332428
2209,0,0.4502435028553009
2210,0,0.09742370247840881
2211,0,0.4063158333301544
2212,0,0.09187940508127213
2213,0,0.34757497906684875
2214,0,0.5553526282310486
2215,0,0.812659740447998
2216,0,0.03803854063153267
2217,0,0.003951942548155785
2218,0,0.5603793859481812
2219,0,0.024202901870012283
2220,0,0.019205346703529358
2221,0,0.028221745043992996
2222,0,0.623181164264679
2223,0,0.0032286106143146753
2224,0,0.1013336107134819
2225,0,0.25068187713623047
2226,0,0.0062170312739908695
2227,0,0.022125808522105217
2228,0,0.7721632122993469
2229,0,0.17950308322906494
2230,0,0.24207919836044312
2231,0,0.005277310032397509
2232,0,0.010379905812442303
2233,0,0.27149128913879395
2234,0,0.2867189347743988
2235,0,0.4265769422054291
2236,0,0.010619944892823696
2237,0,0.019964167848229408
2238,0,0.4156236946582794
2239,0,0.044837210327386856
2240,0,0.010279041714966297
2241,0,0.010240677744150162
2242,0,0.9186030626296997
2243,0,0.6099308729171753
2244,0,0.8622300624847412
2245,0,0.00451644416898489
2246,0,0.11133211851119995
2247,0,0.008202307857573032
2248,0,0.052904676645994186
2249,0,0.009167062118649483
2250,0,0.13146160542964935
2251,0,0.08907731622457504
2252,0,0.17558938264846802
2253,0,0.23171557486057281
2254,0,0.009813245385885239
2255,0,0.7910125255584717
2256,0,0.09187940508127213
2257,0,0.015934249386191368
2258,0,0.2570810317993164
2259,0,0.6638030409812927
2260,0,0.3282432556152344
2261,0,0.3438599109649658
2262,0,0.014397289603948593
2263,0,0.1257176697254181
2264,0,0.020339976996183395
2265,0,0.120428167283535
2266,0,0.3937832713127136
2267,0,0.022141311317682266
2268,0,0.2765108048915863
2269,0,0.0071395025588572025
2270,0,0.08971945196390152
2271,0,0.1662929356098175
2272,0,0.038972802460193634
2273,0,0.014525179751217365
2274,0,0.057631559669971466
2275,0,0.6742005944252014
2276,0,0.12480597198009491
2277,0,0.01095589715987444
2278,0,0.04891829565167427
2279,0,0.0690990760922432
2280,0,0.007524068001657724
2281,0,0.768352746963501
2282,0,0.07357039302587509
2283,0,0.01509353332221508
2284,0,0.5581217408180237
2285,0,0.04748694598674774
2286,0,0.09846830368041992
2287,0,0.003920839633792639
2288,0,0.004320384468883276
2289,0,0.324970543384552
2290,0,0.09231396019458771
2291,0,0.5321636199951172
2292,0,0.27612000703811646
2293,0,0.05622466653585434
2294,0,0.004093946423381567
2295,0,0.5577642321586609
2296,0,0.026329129934310913
2297,0,0.2476765364408493
2298,0,0.23566031455993652
2299,0,0.24023936688899994
2300,0,0.19358192384243011
2301,0,0.9367033839225769
2302,0,0.013596832752227783
2303,0,0.013761949725449085
2304,0,0.37026697397232056
2305,0,0.05315146967768669
2306,0,0.01812811940908432
2307,0,0.006544195115566254
2308,0,0.0021275044418871403
2309,0,0.02096373587846756
2310,0,0.004544819239526987
2311,0,0.4525718688964844
2312,0,0.052080512046813965
2313,0,0.005985635798424482
2314,0,0.05876268446445465
2315,0,0.015549814328551292
2316,0,0.22521637380123138
2317,0,0.057937633246183395
2318,0,0.006415786221623421
2319,0,0.09062694758176804
2320,0,0.42425498366355896
2321,0,0.713705837726593
2322,0,0.044923264533281326
2323,0,0.37218764424324036
2324,0,0.7599168419837952
2325,0,0.6770937442779541
2326,0,0.4346507489681244
2327,0,0.31586208939552307
2328,0,0.011135977692902088
2329,0,0.0028658707160502672
2330,0,0.07366123795509338
2331,0,0.02338426001369953
2332,0,0.8403589725494385
2333,0,0.687717080116272
2334,0,0.009980040602385998
2335,0,0.0875619500875473
2336,0,0.43046948313713074
2337,0,0.06149192154407501
2338,0,0.0540502592921257
2339,0,0.738211452960968
2340,0,0.01345190778374672
2341,0,0.08425544202327728
2342,0,0.02168041095137596
2343,0,0.6587520241737366
2344,0,0.04321946203708649
2345,0,0.36295488476753235
2346,0,0.03119497001171112
2347,0,0.05807289108633995
2348,0,0.049327872693538666
2349,0,0.15289804339408875
2350,0,0.15281789004802704
2351,0,0.04546945169568062
2352,0,0.004344254266470671
2353,0,0.05514252930879593
2354,0,0.7216870784759521
2355,0,0.99222332239151
2356,0,0.03908514976501465
2357,0,0.6588336229324341
2358,0,0.09334124624729156
2359,0,0.011358371935784817
2360,0,0.07557038217782974
2361,0,0.04088333621621132
2362,0,0.3517829477787018
2363,0,0.16077359020709991
2364,0,0.08983687311410904
2365,0,0.4894888997077942
2366,0,0.0004412276903167367
2367,0,0.0050817509181797504
2368,0,0.11518734693527222
2369,0,0.31709709763526917
2370,0,0.019281581044197083
2371,0,0.20143741369247437
2372,0,0.1620987504720688
2373,0,0.7050808668136597
2374,0,0.176612988114357
2375,0,0.6527341604232788
2376,0,0.2741316854953766
2377,0,0.06232592090964317
2378,0,0.827445387840271
2379,0,0.24782603979110718
2380,0,0.46535199880599976
2381,0,0.08915252238512039
2382,0,0.04689909890294075
2383,0,0.01998939737677574
2384,0,0.3284848928451538
2385,0,0.20638151466846466
2386,0,0.01335875503718853
2387,0,0.041167378425598145
2388,0,0.0051439846865832806
2389,0,0.044607777148485184
2390,0,0.028583304956555367
2391,0,0.01114356704056263
2392,0,0.03200638294219971
2393,0,0.1934269517660141
2394,0,0.010378333739936352
2395,0,0.3551604151725769
2396,0,0.1681218445301056
2397,0,0.05895169451832771
2398,0,0.13636641204357147
2399,0,0.014722498133778572
2400,0,0.08190246671438217
2401,0,0.8635586500167847
2402,0,0.08915252238512039
2403,0,0.2350175678730011
2404,0,0.445238322019577
2405,0,0.048437267541885376
2406,0,0.0045087905600667
2407,0,0.0019612712785601616
2408,0,0.8152039647102356
2409,0,0.04373849183320999
2410,0,0.004361112602055073
2411,0,0.033191483467817307
2412,0,0.07252509891986847
2413,0,0.5553138852119446
2414,0,0.02962482161819935
2415,0,0.00967613235116005
2416,0,0.018933890387415886
2417,0,0.6556929349899292
2418,0,0.49132442474365234
2419,0,0.07798454910516739
2420,0,0.1632169932126999
2421,0,0.801175594329834
2422,0,0.004347546957433224
2423,0,0.008582173846662045
2424,0,0.00913023017346859
2425,0,0.7102147340774536
2426,0,0.6025872230529785
2427,0,0.08455521613359451
2428,0,0.12602457404136658
2429,0,0.7268306612968445
2430,0,0.155589297413826
2431,0,0.9482831954956055
2432,0,0.18480387330055237
2433,0,0.015477904118597507
2434,0,0.4448014199733734
2435,0,0.8584179878234863
2436,0,0.6603978872299194
2437,0,0.6175482273101807
2438,0,0.006474366877228022
2439,0,0.254012793302536
2440,0,0.11055994778871536
2441,0,0.007981376722455025
2442,0,0.029279498383402824
2443,0,0.3833995759487152
2444,0,0.05863390862941742
2445,0,0.6788681149482727
2446,0,0.027742378413677216
2447,0,0.04092758148908615
2448,0,0.013030199334025383
2449,0,0.006364040542393923
2450,0,0.17045119404792786
2451,0,0.21806862950325012
2452,0,0.14226026833057404
2453,0,0.021751221269369125
2454,0,0.5902161598205566
2455,0,0.02426326833665371
2456,0,0.5803368091583252
2457,0,0.20754580199718475
2458,0,0.07018736004829407
2459,0,0.18565933406352997
2460,0,0.3181459903717041
2461,0,0.008233592845499516
2462,0,0.120428167283535
2463,0,0.4908522367477417
2464,0,0.0025338479317724705
2465,0,0.22868311405181885
2466,0,0.018710488453507423
2467,0,0.06705757975578308
2468,0,0.1897038370370865
2469,0,0.2989503741264343
2470,0,0.4092101454734802
2471,0,0.02365945279598236
2472,0,0.07638683915138245
2473,0,0.2145387977361679
2474,0,0.022060707211494446
2475,0,0.4489751160144806
2476,0,0.007837506011128426
2477,0,0.0014729026006534696
2478,0,0.04789390787482262
2479,0,0.05589801073074341
2480,0,0.1283172070980072
2481,0,0.2955528199672699
2482,0,0.07541114091873169
2483,0,0.29595109820365906
2484,0,0.020572099834680557
2485,0,0.0022959960624575615
2486,0,0.05535389482975006
2487,0,0.0034121123608201742
2488,0,0.2587035298347473
2489,0,0.8624990582466125
2490,0,0.2950034737586975
2491,0,0.4041036069393158
2492,0,0.00479443185031414
2493,0,0.012804771773517132
2494,0,0.07850192487239838
2495,0,0.16717571020126343
2496,0,0.0366213358938694
2497,0,0.0465741902589798
2498,0,0.16145479679107666
2499,0,0.004778874106705189
2500,0,0.13700321316719055
2501,0,0.0773913636803627
2502,0,0.20243661105632782
2503,0,0.03905993327498436
2504,0,0.018260590732097626
2505,0,0.019892165437340736
2506,0,0.5925986170768738
2507,0,0.05749322101473808
2508,0,0.1369321048259735
2509,0,0.06118243560194969
2510,0,0.12093523889780045
2511,0,0.0035856750328093767
2512,0,0.045758508145809174
2513,0,0.3222118318080902
2514,0,0.030726665630936623
2515,0,0.5071154236793518
2516,0,0.24116061627864838
2517,0,0.880884051322937
2518,0,0.253001868724823
2519,0,0.5424066185951233
2520,0,0.05430983006954193
2521,0,0.0030048571061342955
2522,0,0.25726234912872314
2523,0,0.058314383029937744
2524,0,0.136591836810112
2525,0,0.009057121351361275
2526,0,0.9630966186523438
2527,0,0.004850249737501144
2528,0,0.28715789318084717
2529,0,0.0007310194196179509
2530,0,0.09096457064151764
2531,0,0.1839236170053482
2532,0,0.022234683856368065
2533,0,0.35232383012771606
2534,0,0.1283172070980072
2535,0,0.22676889598369598
2536,0,0.07214243710041046
2537,0,0.0864301323890686
2538,0,0.007147866301238537
2539,0,0.4282650053501129
2540,0,0.05090189725160599
2541,0,0.029625611379742622
2542,0,0.6395599842071533
2543,0,0.017454223707318306
2544,0,0.06188773363828659
2545,0,0.8344841003417969
2546,0,0.206879660487175
2547,0,0.046972695738077164
2548,0,0.01580236479640007
2549,0,0.05002554878592491
2550,0,0.07759589701890945
2551,0,0.05218522623181343
2552,0,0.07473867386579514
2553,0,0.18720059096813202
2554,0,0.6526956558227539
2555,0,0.6116159558296204
2556,0,0.120428167283535
2557,0,0.04366351664066315
2558,0,0.1376011073589325
2559,0,0.03967159613966942
2560,0,0.08046181499958038
2561,0,0.007622786331921816
2562,0,0.3925085961818695
2563,0,0.35538968443870544
2564,0,0.006074884440749884
2565,0,0.004500758834183216
2566,0,0.6823938488960266
2567,0,0.0638626292347908
2568,0,0.387199729681015
2569,0,0.4136401414871216
2570,0,0.4187605381011963
2571,0,0.9272421598434448
2572,0,0.264222651720047
2573,0,0.21875563263893127
2574,0,0.19786278903484344
2575,0,0.07610636949539185
2576,0,0.22149589657783508
2577,0,0.002780311508104205
2578,0,0.008689886890351772
2579,0,0.6727810502052307
2580,0,0.012700787745416164
2581,0,0.955934464931488
2582,0,0.09187940508127213
2583,0,0.4560748338699341
2584,0,0.25129833817481995
2585,0,0.009288390167057514
2586,0,0.005739613436162472
2587,0,0.14020651578903198
2588,0,0.054251037538051605
2589,0,0.1114959791302681
2590,0,0.08534543216228485
2591,0,0.24845699965953827
2592,0,0.010154534131288528
2593,0,0.32992491126060486
2594,0,0.3082902133464813
2595,0,0.08540210127830505
2596,0,0.26106855273246765
2597,0,0.5275334715843201
2598,0,0.011403649114072323
2599,0,0.035414110869169235
2600,0,0.004469593521207571
2601,0,0.09996990859508514
2602,0,0.32356536388397217
2603,0,0.11588340997695923
2604,0,0.15927673876285553
2605,0,0.2135363519191742
2606,0,0.2103494107723236
2607,0,0.33537325263023376
2608,0,0.587104082107544
2609,0,0.09187940508127213
2610,0,0.9175786972045898
2611,0,0.004347821697592735
2612,0,0.014987078495323658
2613,0,0.761370837688446
2614,0,0.5590957403182983
2615,0,0.04624946787953377
2616,0,0.10331767052412033
2617,0,0.012948684394359589
2618,0,0.9553728103637695
2619,0,0.08915252238512039
2620,0,0.0955880656838417
2621,0,0.0014595440588891506
2622,0,0.015225626528263092
2623,0,0.0305387694388628
2624,0,0.8080078363418579
2625,0,0.09159265458583832
2626,0,0.08540210127830505
2627,0,0.338572233915329
2628,0,0.024643201380968094
2629,0,0.06876212358474731
2630,0,0.06598299741744995
2631,0,0.9605812430381775
2632,0,0.5602733492851257
2633,0,0.20487117767333984
2634,0,0.2142866998910904
2635,0,0.010887734591960907
2636,0,0.822735607624054
2637,0,0.1450493186712265
2638,0,0.671427845954895
2639,0,0.005580825265496969
2640,0,0.011420674622058868
2641,0,0.4891531765460968
2642,0,0.2510232925415039
2643,0,0.5155019164085388
2644,0,0.507457435131073
2645,0,0.3149109184741974
2646,0,0.005982833448797464
2647,0,0.5314637422561646
2648,0,0.005639397073537111
2649,0,0.46391019225120544
2650,0,0.7990308403968811
2651,0,0.4609045386314392
2652,0,0.08908334374427795
2653,0,0.29944783449172974
2654,0,0.28762465715408325
2655,0,0.10331767052412033
2656,0,0.23363222181797028
2657,0,0.08463291078805923
2658,0,0.5165185332298279
2659,0,0.3661099970340729
2660,0,0.10798610746860504
2661,0,0.0061787995509803295
2662,0,0.33904939889907837
2663,0,0.0026938128285109997
2664,0,0.08540210127830505
2665,0,0.134670689702034
2666,0,0.051696907728910446
2667,0,0.10239467024803162
2668,0,0.19109255075454712
2669,0,0.8738497495651245
2670,0,0.027266040444374084
2671,0,0.26232749223709106
2672,0,0.1283172070980072
2673,0,0.23468907177448273
2674,0,0.0032329256646335125
2675,0,0.3663865625858307
2676,0,0.03411583602428436
2677,0,0.011101552285254002
2678,0,0.0986136794090271
2679,0,0.02224600315093994
2680,0,0.04658154770731926
2681,0,0.8998347520828247
2682,0,0.06759653240442276
2683,0,0.7090070247650146
2684,0,0.22883351147174835
2685,0,0.9488832354545593
2686,0,0.13265255093574524
2687,0,0.11746090650558472
2688,0,0.7705223560333252
2689,0,0.015361374244093895
2690,0,0.052311789244413376
2691,0,0.40696728229522705
2692,0,0.12344545125961304
2693,0,0.04757503792643547
2694,0,0.789612352848053
2695,0,0.016818100586533546
2696,0,0.0017714324640110135
2697,0,0.8221338391304016
2698,0,0.0060470751486718655
2699,0,0.9249837398529053
2700,0,0.16782903671264648
2701,0,0.11617455631494522
2702,0,0.0729639008641243
2703,0,0.00590096227824688
2704,0,0.31356552243232727
2705,0,0.24510346353054047
2706,0,0.0932239517569542
2707,0,0.07181937992572784
2708,0,0.06710982322692871
2709,0,0.016820065677165985
2710,0,0.26121413707733154
2711,0,0.03580508008599281
2712,0,0.7143304347991943
2713,0,0.2513348460197449
2714,0,0.0021589037496596575
2715,0,0.00855459738522768
2716,0,0.0020333263091742992
2717,0,0.08915252238512039
2718,0,0.6902927160263062
2719,0,0.003154453355818987
2720,0,0.1954296976327896
2721,0,0.7521133422851562
2722,0,0.2432853728532791
2723,0,0.2444494664669037
2724,0,0.3882005214691162
2725,0,0.25903069972991943
2726,0,0.0022618845105171204
2727,0,0.22037212550640106
2728,0,0.018612563610076904
2729,0,0.043378062546253204
2730,0,0.5227563977241516
2731,0,0.04781236872076988
2732,0,0.04473284259438515
2733,0,0.05395526438951492
2734,0,0.004397060256451368
2735,0,0.046557433903217316
2736,0,0.2718837857246399
2737,0,0.1283172070980072
2738,0,0.8648194670677185
2739,0,0.11895263195037842
2740,0,0.8791759610176086
2741,0,0.5514842867851257
2742,0,0.03582997992634773
2743,0,0.30730748176574707
2744,0,0.753606379032135
2745,0,0.09742370247840881
2746,0,0.28888973593711853
2747,0,0.09187940508127213
2748,0,0.021647000685334206
2749,0,0.08589403331279755
2750,0,0.479184091091156
2751,0,0.22395803034305573
2752,0,0.07471594214439392
2753,0,0.29361197352409363
2754,0,0.008060507476329803
2755,0,0.05816817283630371
2756,0,0.22136136889457703
2757,0,0.15529672801494598
2758,0,0.5823619961738586
2759,0,0.01373547688126564
2760,0,0.45767760276794434
2761,0,0.04432128369808197
2762,0,0.7751887440681458
2763,0,0.2823493182659149
2764,0,0.008605396375060081
2765,0,0.17899596691131592
2766,0,0.15592791140079498
2767,0,0.0017894147895276546
2768,0,0.737819254398346
2769,0,0.36366698145866394
2770,0,0.28807371854782104
2771,0,0.05372055247426033
2772,0,0.00979039166122675
2773,0,0.05198457092046738
2774,0,0.36845657229423523
2775,0,0.1283172070980072
2776,0,0.03855665400624275
2777,0,0.34496840834617615
2778,0,0.9463062882423401
2779,0,0.022505514323711395
2780,0,0.06992577761411667
2781,0,0.10794062912464142
2782,0,0.9632427096366882
2783,0,0.06770405173301697
2784,0,0.15991005301475525
2785,0,0.14430570602416992
2786,0,0.7349442839622498
2787,0,0.006473111920058727
2788,0,0.16047044098377228
2789,0,0.062349461019039154
2790,0,0.933080792427063
2791,0,0.05375498905777931
2792,0,0.16727221012115479
2793,0,0.00763710169121623
2794,0,0.062349461019039154
2795,0,0.14338290691375732
2796,0,0.10676759481430054
2797,0,0.3037552833557129
2798,0,0.05547744780778885
2799,0,0.04728725925087929
2800,0,0.4821905791759491
2801,0,0.05100880190730095
2802,0,0.1025107279419899
2803,0,0.0175778791308403
2804,0,0.026940498501062393
2805,0,0.07163265347480774
2806,0,0.004248391836881638
2807,0,0.0005625283811241388
2808,0,0.0073143779300153255
2809,0,0.5983830690383911
2810,0,0.18294090032577515
2811,0,0.3878304362297058
2812,0,0.34002798795700073
2813,0,0.008209137246012688
2814,0,0.96314936876297
2815,0,0.5912396311759949
2816,0,0.09742370247840881
2817,0,0.10225477814674377
2818,0,0.015834687277674675
2819,0,0.0032571926712989807
2820,0,0.03478764742612839
2821,0,0.03693443164229393
2822,0,0.0482008270919323
2823,0,0.4632897675037384
2824,0,0.0464026965200901
2825,0,0.008743024431169033
2826,0,0.03733684495091438
2827,0,0.08540210127830505
2828,0,0.00643538823351264
2829,0,0.736749529838562
2830,0,0.0014737878227606416
2831,0,0.17278924584388733
2832,0,0.11110760271549225
2833,0,0.003741893917322159
2834,0,0.01532928179949522
2835,0,0.7120994329452515
2836,0,0.7970073819160461
2837,0,0.0037543184589594603
2838,0,0.0032929512672126293
2839,0,0.07570736855268478
2840,0,0.05976434797048569
2841,0,0.06582341343164444
2842,0,0.1852724403142929
2843,0,0.957297146320343
2844,0,0.00395983224734664
2845,0,0.014460377395153046
2846,0,0.05455118417739868
2847,0,0.10331767052412033
2848,0,0.0013384472113102674
2849,0,0.6576617360115051
2850,0,0.0021572073455899954
2851,0,0.06368511915206909
2852,0,0.010714516043663025
2853,0,0.165556862950325
2854,0,0.16716139018535614
2855,0,0.8982293605804443
2856,0,0.013945936225354671
2857,0,0.05156126618385315
2858,0,0.017348552122712135
2859,0,0.20246431231498718
2860,0,0.961402416229248
2861,0,0.011768239550292492
2862,0,0.052825212478637695
2863,0,0.09520897269248962
2864,0,0.13116300106048584
2865,0,0.009698199108242989
2866,0,0.5301429033279419
2867,0,0.2545998990535736
2868,0,0.04446037858724594
2869,0,0.025089537724852562
2870,0,0.15084731578826904
2871,0,0.20943497121334076
2872,0,0.06412321329116821
2873,0,0.12195100635290146
2874,0,0.15460193157196045
2875,0,0.957797646522522
2876,0,0.22742842137813568
2877,0,0.934657096862793
2878,0,0.49403631687164307
2879,0,0.38653597235679626
2880,0,0.010055177845060825
2881,0,0.12815456092357635
2882,0,0.006318123545497656
2883,0,0.31202325224876404
2884,0,0.3102472126483917
2885,0,0.6282709240913391
2886,0,0.8338714838027954
2887,0,0.05762549489736557
2888,0,0.05266020819544792
2889,0,0.007868069224059582
2890,0,0.05512300133705139
2891,0,0.00768422894179821
2892,0,0.012704907916486263
2893,0,0.27719610929489136
2894,0,0.9686019420623779
2895,0,0.34109532833099365
2896,0,0.13568100333213806
2897,0,0.09247125685214996
2898,0,0.038666121661663055
2899,0,0.6792047023773193
2900,0,0.057708740234375
2901,0,0.062067385762929916
2902,0,0.8128718137741089
2903,0,0.06501781940460205
2904,0,0.5611566305160522
2905,0,0.013050802052021027
2906,0,0.023322144523262978
2907,0,0.7314324975013733
2908,0,0.01217643078416586
2909,0,0.00994318537414074
2910,0,0.009736684150993824
2911,0,0.29859933257102966
2912,0,0.144265279173851
2913,0,0.11720820516347885
2914,0,0.028473587706685066
2915,0,0.08540210127830505
2916,0,0.0222899429500103
2917,0,0.46089449524879456
2918,0,0.04762732982635498
2919,0,0.01341540552675724
2920,0,0.16565437614917755
2921,0,0.21137379109859467
2922,0,0.0055589089170098305
2923,0,0.317901611328125
2924,0,0.8051609992980957
2925,0,0.13772298395633698
2926,0,0.09399186819791794
2927,0,0.9578752517700195
2928,0,0.012717672623693943
2929,0,0.2052183300256729
2930,0,0.804883599281311
2931,0,0.01948797143995762
2932,0,0.22226016223430634
2933,0,0.0680391937494278
2934,0,0.12031242996454239
2935,0,0.6322851181030273
2936,0,0.4534928798675537
2937,0,0.9159014821052551
2938,0,0.5560340881347656
2939,0,0.15042783319950104
2940,0,0.04725045710802078
2941,0,0.13295811414718628
2942,0,0.1684105545282364
2943,0,0.007534946780651808
2944,0,0.020904144272208214
2945,0,0.004227010533213615
2946,0,0.09187940508127213
2947,0,0.08856549859046936
2948,0,0.7982532382011414
2949,0,0.004733773414045572
2950,0,0.006186147220432758
2951,0,0.17261406779289246
2952,0,0.35015442967414856
2953,0,0.009836564771831036
2954,0,0.005287329200655222
2955,0,0.006047702860087156
2956,0,0.011120565235614777
2957,0,0.7135018706321716
2958,0,0.019715234637260437
2959,0,0.16098064184188843
2960,0,0.03639259189367294
2961,0,0.2359490841627121
2962,0,0.4421398937702179
2963,0,0.0011878262739628553
2964,0,0.03333474323153496
2965,0,0.16242621839046478
2966,0,0.11572550982236862
2967,0,0.01220528595149517
2968,0,0.056353289633989334
2969,0,0.036448340862989426
2970,0,0.003022522432729602
2971,0,0.474479079246521
2972,0,0.42399463057518005
2973,0,0.2062111347913742
2974,0,0.6602323055267334
2975,0,0.005005736835300922
2976,0,0.05635464936494827
2977,0,0.13908876478672028
2978,0,0.008098362945020199
2979,0,0.4274439513683319
2980,0,0.6307359933853149
2981,0,0.4372073709964752
2982,0,0.7363566160202026
2983,0,0.11470334231853485
2984,0,0.450208455324173
2985,0,0.14995400607585907
2986,0,0.003878036979585886
2987,0,0.04683355614542961
2988,0,0.3721703588962555
2989,0,0.03591381758451462
2990,0,0.057622797787189484
2991,0,0.13421444594860077
2992,0,0.006030346266925335
2993,0,0.4205857515335083
2994,0,0.010427973233163357
2995,0,0.04894553869962692
2996,0,0.9258354306221008
2997,0,0.01293380931019783
2998,0,0.08635983616113663
2999,0,0.3251601755619049
3000,0,0.1252550184726715
3001,0,0.0947234109044075
3002,0,0.2307283729314804
3003,0,0.36686381697654724
3004,0,0.8744515776634216
3005,0,0.008409871719777584
3006,0,0.728173553943634
3007,0,0.017969777807593346
3008,0,0.3206740915775299
3009,0,0.07555877417325974
3010,0,0.46922481060028076
3011,0,0.011441851034760475
3012,0,0.014182082377374172
3013,0,0.204827219247818
3014,0,0.01725475676357746
3015,0,0.10511411726474762
3016,0,0.015619216486811638
3017,0,0.12807795405387878
3018,0,0.13488274812698364
3019,0,0.0911485031247139
3020,0,0.07012277096509933
3021,0,0.9629775285720825
3022,0,0.10331767052412033
3023,0,0.02294401079416275
3024,0,0.01128972414880991
3025,0,0.3243696987628937
3026,0,0.007825890555977821
3027,0,0.26488620042800903
3028,0,0.2323039025068283
3029,0,0.018579430878162384
3030,0,0.2062111347913742
3031,0,0.0847957581281662
3032,0,0.12782321870326996
3033,0,0.12782050669193268
3034,0,0.0034469671081751585
3035,0,0.07438383996486664
3036,0,0.009116087108850479
3037,0,0.5040730834007263
3038,0,0.1283172070980072
3039,0,0.003566204337403178
3040,0,0.7354068160057068
3041,0,0.06229351460933685
3042,0,0.10590938478708267
3043,0,0.0775434672832489
3044,0,0.876213788986206
3045,0,0.2821469008922577
3046,0,0.01264770608395338
3047,0,0.8136175274848938
3048,0,0.024821240454912186
3049,0,0.17333756387233734
3050,0,0.03819303587079048
3051,0,0.012461677193641663
3052,0,0.10985635221004486
3053,0,0.11451607197523117
3054,0,0.27983859181404114
3055,0,0.05036819726228714
3056,0,0.8524011969566345
3057,0,0.01127915270626545
3058,0,0.005306629464030266
3059,0,0.050284646451473236
3060,0,0.015337072312831879
3061,0,0.04666084796190262
3062,0,0.007406263146549463
3063,0,0.010118822567164898
3064,0,0.5595436096191406
3065,0,0.027186043560504913
3066,0,0.006618380080908537
3067,0,0.224654883146286
3068,0,0.019706038758158684
3069,0,0.4373409152030945
3070,0,0.004229411948472261
3071,0,0.0016635574866086245
3072,0,0.47780176997184753
3073,0,0.31860291957855225
3074,0,0.800919771194458
3075,0,0.4226209223270416
3076,0,0.014592242427170277
3077,0,0.17948651313781738
3078,0,0.015206404961645603
3079,0,0.019679725170135498
3080,0,0.7690504789352417
3081,0,0.062349461019039154
3082,0,0.3387027680873871
3083,0,0.4489084780216217
3084,0,0.4272814095020294
3085,0,0.009730055928230286
3086,0,0.12849114835262299
3087,0,0.01240632776170969
3088,0,0.012257383204996586
3089,0,0.0306532084941864
3090,0,0.005760429427027702
3091,0,0.11550074815750122
3092,0,0.38099461793899536
3093,0,0.47925645112991333
3094,0,0.8450353741645813
3095,0,0.1973000317811966
3096,0,0.7032894492149353
3097,0,0.454125314950943
3098,0,0.012008940801024437
3099,0,0.08356132358312607
3100,0,0.014394203200936317
3101,0,0.17877058684825897
3102,0,0.003333935048431158
3103,0,0.5488365888595581
3104,0,0.7585054636001587
3105,0,0.4871523678302765
3106,0,0.11274382472038269
3107,0,0.08499806374311447
3108,0,0.012783597223460674
3109,0,0.0038246014155447483
3110,0,0.012131165713071823
3111,0,0.3567412197589874
3112,0,0.26724040508270264
3113,0,0.13743194937705994
3114,0,0.345659464597702
3115,0,0.011282093822956085
3116,0,0.018880635499954224
3117,0,0.009854089468717575
3118,0,0.017178431153297424
3119,0,0.2501015365123749
3120,0,0.004600163083523512
3121,0,0.018559979274868965
3122,0,0.2884610593318939
3123,0,0.15732158720493317
3124,0,0.46658414602279663
3125,0,0.29970142245292664
3126,0,0.011181789450347424
3127,0,0.6067458987236023
3128,0,0.05466059222817421
3129,0,0.37447717785835266
3130,0,0.7561907172203064
3131,0,0.21289068460464478
3132,0,0.004929599817842245
3133,0,0.07687727361917496
3134,0,0.7285414934158325
3135,0,0.0005214098491705954
3136,0,0.2085089385509491
3137,0,0.012718738056719303
3138,0,0.007597099523991346
3139,0,0.11091315746307373
3140,0,0.7572855353355408
3141,0,0.08398140966892242
3142,0,0.1489342302083969
3143,0,0.23225323855876923
3144,0,0.059916380792856216
3145,0,0.06069258600473404
3146,0,0.06186339631676674
3147,0,0.04627728834748268
3148,0,0.055771373212337494
3149,0,0.6450280547142029
3150,0,0.02037280797958374
3151,0,0.2531280517578125
3152,0,0.00287707825191319
3153,0,0.003910227678716183
3154,0,0.22522678971290588
3155,0,0.21268393099308014
3156,0,0.5747542381286621
3157,0,0.32734963297843933
3158,0,0.24799905717372894
3159,0,0.5085551738739014
3160,0,0.038909684866666794
3161,0,0.37194156646728516
3162,0,0.1550195813179016
3163,0,0.120428167283535
3164,0,0.003428399795666337
3165,0,0.6103309988975525
3166,0,0.6432963013648987
3167,0,0.6977347135543823
3168,0,0.3433975577354431
3169,0,0.04819304123520851
3170,0,0.0060095167718827724
3171,0,0.08224891126155853
3172,0,0.4358491003513336
3173,0,0.002041859785094857
3174,0,0.8556665182113647
3175,0,0.3073747158050537
3176,0,0.19968803226947784
3177,0,0.7885681986808777
3178,0,0.030172159895300865
3179,0,0.4308728277683258
3180,0,0.011634194292128086
3181,0,0.1160997599363327
3182,0,0.12256884574890137
3183,0,0.004981281701475382
3184,0,0.0009763312409631908
3185,0,0.7625217437744141
3186,0,0.06306398659944534
3187,0,0.07237081229686737
3188,0,0.19892871379852295
3189,0,0.07452864944934845
3190,0,0.904392421245575
3191,0,0.10157208889722824
3192,0,0.3392486572265625
3193,0,0.6406354904174805
3194,0,0.07450691610574722
3195,0,0.6328654885292053
3196,0,0.062349461019039154
3197,0,0.26275116205215454
3198,0,0.059195321053266525
3199,0,0.006886874325573444
3200,0,0.6735509634017944
3201,0,0.013492238707840443
3202,0,0.11546383053064346
3203,0,0.5774123668670654
3204,0,0.5326259136199951
3205,0,0.0021767436992377043
3206,0,0.024403488263487816
3207,0,0.1701464205980301
3208,0,0.006941379513591528
3209,0,0.33244970440864563
3210,0,0.034660130739212036
3211,0,0.5179334282875061
3212,0,0.01131820771843195
3213,0,0.08915252238512039
3214,0,0.0038469599094241858
3215,0,0.6709612607955933
3216,0,0.1476673185825348
3217,0,0.11871840059757233
3218,0,0.5096820592880249
3219,0,0.4269042909145355
3220,0,0.5411688685417175
3221,0,0.5213653445243835
3222,0,0.18104340136051178
3223,0,0.006495478563010693
3224,0,0.027192184701561928
3225,0,0.3061869144439697
3226,0,0.014340367168188095
3227,0,0.5003085136413574
3228,0,0.22581107914447784
3229,0,0.0751931443810463
3230,0,0.0023127703461796045
3231,0,0.191493421792984
3232,0,0.025261199101805687
3233,0,0.3719438910484314
3234,0,0.6212998628616333
3235,0,0.0916294977068901
3236,0,0.032320089638233185
3237,0,0.055564623326063156
3238,0,0.8507698774337769
3239,0,0.0890084058046341
3240,0,0.046450816094875336
3241,0,0.6696067452430725
3242,0,0.01258923951536417
3243,0,0.012629330158233643
3244,0,0.31566163897514343
3245,0,0.39871031045913696
3246,0,0.7925812005996704
3247,0,0.08718258887529373
3248,0,0.18360145390033722
3249,0,0.07562387734651566
3250,0,0.5080315470695496
3251,0,0.959321141242981
3252,0,0.4155304729938507
3253,0,0.02317783422768116
3254,0,0.175216406583786
3255,0,0.9002175331115723
3256,0,0.0032993005588650703
3257,0,0.1283172070980072
3258,0,0.14029549062252045
3259,0,0.46999868750572205
3260,0,0.3006633520126343
3261,0,0.8365657925605774
3262,0,0.6290892362594604
3263,0,0.10536991059780121
3264,0,0.4421437680721283
3265,0,0.00980453286319971
3266,0,0.6808599829673767
3267,0,0.01240416057407856
3268,0,0.13159972429275513
3269,0,0.876224160194397
3270,0,0.0219268836081028
3271,0,0.8042827248573303
3272,0,0.04734782502055168
3273,0,0.014331855811178684
3274,0,0.4317910969257355
3275,0,0.056627266108989716
3276,0,0.11383086442947388
3277,0,0.248397558927536
3278,0,0.06012164056301117
3279,0,0.19906644523143768
3280,0,0.933349072933197
3281,0,0.4998151659965515
3282,0,0.2034880369901657
3283,0,0.04624733328819275
3284,0,0.0053196861408650875
3285,0,0.013051158748567104
3286,0,0.6814485788345337
3287,0,0.1819659173488617
3288,0,0.06096024811267853
3289,0,0.7167901992797852
3290,0,0.7557833790779114
3291,0,0.008977919816970825
3292,0,0.4206700325012207
3293,0,0.9342642426490784
3294,0,0.0342535562813282
3295,0,0.060528408735990524
3296,0,0.0006825894233770669
3297,0,0.018016230314970016
3298,0,0.062349461019039154
3299,0,0.005637833382934332
3300,0,0.09187940508127213
3301,0,0.7247324585914612
3302,0,0.008303518407046795
3303,0,0.1283172070980072
3304,0,0.6696470975875854
3305,0,0.29306259751319885
3306,0,0.011928468011319637
3307,0,0.09116031229496002
3308,0,0.8969384431838989
3309,0,0.003199394792318344
3310,0,0.010242624208331108
3311,0,0.16540859639644623
3312,0,0.6775931119918823
3313,0,0.8857506513595581
3314,0,0.11559975147247314
3315,0,0.0021307463757693768
3316,0,0.11174571514129639
3317,0,0.6148355603218079
3318,0,0.6690908670425415
3319,0,0.031212003901600838
3320,0,0.019597236067056656
3321,0,0.9636264443397522
3322,0,0.050355806946754456
3323,0,0.003991373814642429
3324,0,0.1533990353345871
3325,0,0.06589491665363312
3326,0,0.3177469074726105
3327,0,0.5903047919273376
3328,0,0.4065187871456146
3329,0,0.7334606647491455
3330,0,0.011457034386694431
3331,0,0.04095109552145004
3332,0,0.025454726070165634
3333,0,0.32878395915031433
3334,0,0.03275037556886673
3335,0,0.4666925370693207
3336,0,0.012256044894456863
3337,0,0.1804811656475067
3338,0,0.502022922039032
3339,0,0.037650641053915024
3340,0,0.059944093227386475
3341,0,0.1483588069677353
3342,0,0.027488669380545616
3343,0,0.3100705146789551
3344,0,0.3190816044807434
3345,0,0.0035678246058523655
3346,0,0.017267310991883278
3347,0,0.002140108495950699
3348,0,0.13005878031253815
3349,0,0.8692287802696228
3350,0,0.1711842566728592
3351,0,0.2206600308418274
3352,0,0.022943124175071716
3353,0,0.0019210285972803831
3354,0,0.02165965549647808
3355,0,0.10604237765073776
3356,0,0.33558398485183716
3357,0,0.0014499450335279107
3358,0,0.03949575126171112
3359,0,0.18280600011348724
3360,0,0.027682814747095108
3361,0,0.5305315852165222
3362,0,0.06624331325292587
3363,0,0.17372527718544006
3364,0,0.21102690696716309
3365,0,0.152799591422081
3366,0,0.15728576481342316
3367,0,0.9660525321960449
3368,0,0.1328369826078415
3369,0,0.004575058352202177
3370,0,0.013468439690768719
3371,0,0.09931726008653641
3372,0,0.05187906697392464
3373,0,0.14380238950252533
3374,0,0.19371230900287628
3375,0,0.10169516503810883
3376,0,0.16126032173633575
3377,0,0.0978863462805748
3378,0,0.24862153828144073
3379,0,0.1259329915046692
3380,0,0.019447684288024902
3381,0,0.14959849417209625
3382,0,0.003706682473421097
3383,0,0.6059122085571289
3384,0,0.006588492076843977
3385,0,0.013280227780342102
3386,0,0.1339866667985916
3387,0,0.13432839512825012
3388,0,0.03573815897107124
3389,0,0.48494601249694824
3390,0,0.0011690547689795494
3391,0,0.004440821707248688
3392,0,0.049791738390922546
3393,0,0.08718258887529373
3394,0,0.015606529079377651
3395,0,0.034934647381305695
3396,0,0.04106265679001808
3397,0,0.03740667179226875
3398,0,0.1465791016817093
3399,0,0.16497740149497986
3400,0,0.03561265766620636
3401,0,0.027320267632603645
3402,0,0.08191528171300888
3403,0,0.2242182195186615
3404,0,0.5476099252700806
3405,0,0.10208743810653687
3406,0,0.15565937757492065
3407,0,0.01454959437251091
3408,0,0.045926377177238464
3409,0,0.50658118724823
3410,0,0.0067518227733671665
3411,0,0.008204108104109764
3412,0,0.010519864968955517
3413,0,0.20336176455020905
3414,0,0.01089909952133894
3415,0,0.24635927379131317
3416,0,0.06263001263141632
3417,0,0.3148760199546814
3418,0,0.31282299757003784
3419,0,0.6305781602859497
3420,0,0.01511545293033123
3421,0,0.005167282186448574
3422,0,0.21504054963588715
3423,0,0.7822958827018738
3424,0,0.3750619888305664
3425,0,0.09187940508127213
3426,0,0.0006363998400047421
3427,0,0.5793386697769165
3428,0,0.03325176611542702
3429,0,0.005403413437306881
3430,0,0.05401094630360603
3431,0,0.7460753321647644
3432,0,0.0327160581946373
3433,0,0.10713283717632294
3434,0,0.9597024917602539
3435,0,0.3905130624771118
3436,0,0.02848544716835022
3437,0,0.05911392346024513
3438,0,0.8543446660041809
3439,0,0.0522272065281868
3440,0,0.07206583768129349
3441,0,0.01260890532284975
3442,0,0.0870978906750679
3443,0,0.00953700952231884
3444,0,0.007918637245893478
3445,0,0.9606639742851257
3446,0,0.005593345500528812
3447,0,0.0582268163561821
3448,0,0.06283590197563171
3449,0,0.6000276207923889
3450,0,0.4822027385234833
3451,0,0.06882458925247192
3452,0,0.020529618486762047
3453,0,0.07263436168432236
3454,0,0.3302867114543915
3455,0,0.12756183743476868
3456,0,0.07326196134090424
3457,0,0.07390274852514267
3458,0,0.026462972164154053
3459,0,0.0015537877334281802
3460,0,0.008618545718491077
3461,0,0.010518207214772701
3462,0,0.1545429229736328
3463,0,0.06796344369649887
3464,0,0.06050116941332817
3465,0,0.6207619309425354
3466,0,0.020930003374814987
3467,0,0.533514678478241
3468,0,0.0725749209523201
3469,0,0.005976331885904074
3470,0,0.7166135311126709
3471,0,0.18082170188426971
3472,0,0.20301921665668488
3473,0,0.020454388111829758
3474,0,0.0033375828061252832
3475,0,0.2698307931423187
3476,0,0.5976596474647522
3477,0,0.01172278169542551
3478,0,0.9122161865234375
3479,0,0.7229681611061096
3480,0,0.015418448485434055
3481,0,0.1105293482542038
3482,0,0.7380366325378418
3483,0,0.017716173082590103
3484,0,0.5729497075080872
3485,0,0.044653523713350296
3486,0,0.22769823670387268
3487,0,0.08259919285774231
3488,0,0.06885004788637161
3489,0,0.011189854703843594
3490,0,0.0009793163044378161
3491,0,0.05248450115323067
3492,0,0.11556260287761688
3493,0,0.002579418011009693
3494,0,0.120428167283535
3495,0,0.00034441507887095213
3496,0,0.0285203717648983
3497,0,0.028406159952282906
3498,0,0.009458797983825207
3499,0,0.008372250013053417
3500,0,0.5477980375289917
3501,0,0.00929500162601471
3502,0,0.7711716890335083
3503,0,0.34001490473747253
3504,0,0.014348321594297886
3505,0,0.8773680329322815
3506,0,0.0008859445806592703
3507,0,0.18915428221225739
3508,0,0.31140485405921936
3509,0,0.05318640172481537
3510,0,0.2426125407218933
3511,0,0.062057651579380035
3512,0,0.0982702299952507
3513,0,0.048915278166532516
3514,0,0.07914545387029648
3515,0,0.896083414554596
3516,0,0.0026468439027667046
3517,0,0.029136845842003822
3518,0,0.581921398639679
3519,0,0.6238054037094116
3520,0,0.33189621567726135
3521,0,0.7568926811218262
3522,0,0.017625628039240837
3523,0,0.07965460419654846
3524,0,0.05481806769967079
3525,0,0.9366965889930725
3526,0,0.7758767008781433
3527,0,0.002515356056392193
3528,0,0.04507375508546829
3529,0,0.4252810776233673
3530,0,0.33414265513420105
3531,0,0.5447374582290649
3532,0,0.7503731846809387
3533,0,0.5864313840866089
3534,0,0.0074763367883861065
3535,0,0.01722104661166668
3536,0,0.13544054329395294
3537,0,0.030686460435390472
3538,0,0.11206188052892685
3539,0,0.3101709485054016
3540,0,0.020062176510691643
3541,0,0.08540210127830505
3542,0,0.08093658089637756
3543,0,0.9069141745567322
3544,0,0.004943940322846174
3545,0,0.5579135417938232
3546,0,0.004133999347686768
3547,0,0.3331298232078552
3548,0,0.005594358779489994
3549,0,0.24117964506149292
3550,0,0.18923068046569824
3551,0,0.048955924808979034
3552,0,0.09742370247840881
3553,0,0.0962558463215828
3554,0,0.0922144204378128
3555,0,0.07321549952030182
3556,0,0.023150645196437836
3557,0,0.022347163408994675
3558,0,0.046082183718681335
3559,0,0.08718258887529373
3560,0,0.011589319445192814
3561,0,0.012820127420127392
3562,0,0.9144471883773804
3563,0,0.10903605818748474
3564,0,0.062349461019039154
3565,0,0.024437546730041504
3566,0,0.11244203895330429
3567,0,0.6937596201896667
3568,0,0.5781331658363342
3569,0,0.02916565164923668
3570,0,0.4359365403652191
3571,0,0.42299917340278625
3572,0,0.07536953687667847
3573,0,0.120428167283535
3574,0,0.9871982932090759
3575,0,0.35299527645111084
3576,0,0.30172693729400635
3577,0,0.003959186840802431
3578,0,0.14708617329597473
3579,0,0.6789008975028992
3580,0,0.1496870070695877
3581,0,0.18736501038074493
3582,0,0.06476248800754547
3583,0,0.38373056054115295
3584,0,0.025502752512693405
3585,0,0.047905661165714264
3586,0,0.48760896921157837
3587,0,0.26352185010910034
3588,0,0.0693681463599205
3589,0,0.09187940508127213
3590,0,0.7290709018707275
3591,0,0.010753016918897629
3592,0,0.05324685201048851
3593,0,0.03465266898274422
3594,0,0.7324925661087036
3595,0,0.013215918093919754
3596,0,0.005181892774999142
3597,0,0.4080824553966522
3598,0,0.23952363431453705
3599,0,0.1283172070980072
3600,0,0.4766421318054199
3601,0,0.03441375494003296
3602,0,0.3968948721885681
3603,0,0.37782952189445496
3604,0,0.009545491077005863
3605,0,0.007660232484340668
3606,0,0.23400741815567017
3607,0,0.25143030285835266
3608,0,0.1457153856754303
3609,0,0.3947851359844208
3610,0,0.005369442515075207
3611,0,0.8677077293395996
3612,0,0.4273795783519745
3613,0,0.012456796132028103
3614,0,0.09422595053911209
3615,0,0.6230114102363586
3616,0,0.10064738988876343
3617,0,0.0008224552730098367
3618,0,0.4435078203678131
3619,0,0.9255685210227966
3620,0,0.018950123339891434
3621,0,0.049274951219558716
3622,0,0.05796998366713524
3623,0,0.1283172070980072
3624,0,0.3733954131603241
3625,0,0.09742370247840881
3626,0,0.008292216807603836
3627,0,0.6890919208526611
3628,0,0.08488769829273224
3629,0,0.5063302516937256
3630,0,0.4617763161659241
3631,0,0.980635941028595
3632,0,0.005475651007145643
3633,0,0.003310327883809805
3634,0,0.24239157140254974
3635,0,0.30683040618896484
3636,0,0.08951389044523239
3637,0,0.10977967828512192
3638,0,0.2062111347913742
3639,0,0.47529473900794983
3640,0,0.6652460098266602
3641,0,0.16945576667785645
3642,0,0.43441304564476013
3643,0,0.9249905347824097
3644,0,0.06942903995513916
3645,0,0.03703385218977928
3646,0,0.02635381743311882
3647,0,0.09952287375926971
3648,0,0.11924035847187042
3649,0,0.004367332439869642
3650,0,0.004021406639367342
3651,0,0.5675390362739563
3652,0,0.5703067779541016
3653,0,0.3574317693710327
3654,0,0.018807563930749893
3655,0,0.9520546793937683
3656,0,0.025185465812683105
3657,0,0.1895671784877777
3658,0,0.1889083981513977
3659,0,0.38534989953041077
3660,0,0.010277590714395046
3661,0,0.8353878259658813
3662,0,0.13386587798595428
3663,0,0.023642033338546753
3664,0,0.5073584914207458
3665,0,0.41548651456832886
3666,0,0.5926744937896729
3667,0,0.008372987620532513
3668,0,0.3117247521877289
3669,0,0.026077283546328545
3670,0,0.18146508932113647
3671,0,0.9193916916847229
3672,0,0.22242017090320587
3673,0,0.5769200325012207
3674,0,0.2568802833557129
3675,0,0.1775858998298645
3676,0,0.63944011926651
3677,0,0.120428167283535
3678,0,0.0631304606795311
3679,0,0.16450972855091095
3680,0,0.04981248825788498
3681,0,0.0165848545730114
3682,0,0.3863617777824402
3683,0,0.6406553387641907
3684,0,0.5382083654403687
3685,0,0.29678115248680115
3686,0,0.8896682262420654
3687,0,0.14926239848136902
3688,0,0.1680661141872406
3689,0,0.05849282816052437
3690,0,0.013530938886106014
3691,0,0.24530331790447235
3692,0,0.6338174343109131
3693,0,0.03248937800526619
3694,0,0.057808391749858856
3695,0,0.2104385644197464
3696,0,0.057168956845998764
3697,0,0.10395187884569168
3698,0,0.08142109215259552
3699,0,0.0778757706284523
3700,0,0.027570409700274467
3701,0,0.02796490304172039
3702,0,0.08311688899993896
3703,0,0.9627451300621033
3704,0,0.10422684252262115
3705,0,0.1125350072979927
3706,0,0.004973589908331633
3707,0,0.011096073314547539
3708,0,0.1962394267320633
3709,0,0.8370146155357361
3710,0,0.5235899686813354
3711,0,0.01446096133440733
3712,0,0.12475636601448059
3713,0,0.31717243790626526
3714,0,0.010219631716609001
3715,0,0.054340723901987076
3716,0,0.08540210127830505
3717,0,0.02967602200806141
3718,0,0.15812930464744568
3719,0,0.9291826486587524
3720,0,0.18457911908626556
3721,0,0.006609676405787468
3722,0,0.8544701933860779
3723,0,0.1351483017206192
3724,0,0.5778427720069885
3725,0,0.30098628997802734
3726,0,0.08882000297307968
3727,0,0.010918772779405117
3728,0,0.03317061439156532
3729,0,0.08540210127830505
3730,0,0.6199019551277161
3731,0,0.04226261377334595
3732,0,0.15066957473754883
3733,0,0.013857144862413406
3734,0,0.015339327044785023
3735,0,0.028006449341773987
3736,0,0.05376715213060379
3737,0,0.006794267799705267
3738,0,0.3556572198867798
3739,0,0.01958838291466236
3740,0,0.19552816450595856
3741,0,0.004028381779789925
3742,0,0.08617841452360153
3743,0,0.2501800060272217
3744,0,0.8964628577232361
3745,0,0.647438108921051
3746,0,0.011182485148310661
3747,0,0.07009585946798325
3748,0,0.03489113599061966
3749,0,0.1252729594707489
3750,0,0.3490833342075348
3751,0,0.21765612065792084
3752,0,0.20776285231113434
3753,0,0.062349461019039154
3754,0,0.16509602963924408
3755,0,0.06294162571430206
3756,0,0.004235470667481422
3757,0,0.20885859429836273
3758,0,0.028354506939649582
3759,0,0.6679671406745911
3760,0,0.09854374825954437
3761,0,0.7106202840805054
3762,0,0.008224603720009327
3763,0,0.6896687746047974
3764,0,0.8057956099510193
3765,0,0.0277389045804739
3766,0,0.0024083424359560013
3767,0,0.022403260692954063
3768,0,0.06079431623220444
3769,0,0.14432978630065918
3770,0,0.2510628402233124
3771,0,0.10331767052412033
3772,0,0.012098971754312515
3773,0,0.8766589760780334
3774,0,0.34273356199264526
3775,0,0.9181920289993286
3776,0,0.27792561054229736
3777,0,0.06752188503742218
3778,0,0.9300616383552551
3779,0,0.003311396576464176
3780,0,0.01753014139831066
3781,0,0.10993634164333344
3782,0,0.08800090104341507
3783,0,0.4801867604255676
3784,0,0.010516594164073467
3785,0,0.9093356728553772
3786,0,0.010477803647518158
3787,0,0.006994231138378382
3788,0,0.021711979061365128
3789,0,0.10286755859851837
3790,0,0.2062111347913742
3791,0,0.21651478111743927
3792,0,0.09264128655195236
3793,0,0.120428167283535
3794,0,0.3014019727706909
3795,0,0.009981204755604267
3796,0,0.6363179683685303
3797,0,0.19500303268432617
3798,0,0.5133476257324219
3799,0,0.05252060666680336
3800,0,0.2500298023223877
3801,0,0.2519279420375824
3802,0,0.004444926045835018
3803,0,0.06861075013875961
3804,0,0.4871087074279785
3805,0,0.916597843170166
3806,0,0.9514910578727722
3807,0,0.8972254991531372
3808,0,0.9184457659721375
3809,0,0.10642765462398529
3810,0,0.120428167283535
3811,0,0.034726034849882126
3812,0,0.7942949533462524
3813,0,0.4894218444824219
3814,0,0.023998452350497246
3815,0,0.021548323333263397
3816,0,0.10331767052412033
3817,0,0.39840710163116455
3818,0,0.0025230497121810913
3819,0,0.015781864523887634
3820,0,0.5645818710327148
3821,0,0.028040893375873566
3822,0,0.29002708196640015
3823,0,0.004473872948437929
3824,0,0.13069570064544678
3825,0,0.19698753952980042
3826,0,0.9738593101501465
3827,0,0.2062111347913742
3828,0,0.4958862364292145
3829,0,0.0005222798208706081
3830,0,0.3372141420841217
3831,0,0.6634221076965332
3832,0,0.7055991888046265
3833,0,0.6299729943275452
3834,0,0.05748844891786575
3835,0,0.11615816503763199
3836,0,0.6957218647003174
3837,0,0.7359766960144043
3838,0,0.051776688545942307
3839,0,0.04236795753240585
3840,0,0.02425716258585453
3841,0,0.8122305274009705
3842,0,0.01832851767539978
3843,0,0.7054786086082458
3844,0,0.004363576881587505
3845,0,0.05598198622465134
3846,0,0.005399076733738184
3847,0,0.03872651606798172
3848,0,0.2347177267074585
3849,0,0.17901179194450378
3850,0,0.5156236886978149
3851,0,0.003470368916168809
3852,0,0.3155525326728821
3853,0,0.8490957021713257
3854,0,0.7343435883522034
3855,0,0.690432608127594
3856,0,0.01524549350142479
3857,0,0.2767087519168854
3858,0,0.5412486791610718
3859,0,0.20854993164539337
3860,0,0.6462894082069397
3861,0,0.4931744933128357
3862,0,0.8201248645782471
3863,0,0.0242745503783226
3864,0,0.006885547190904617
3865,0,0.22631925344467163
3866,0,0.11663736402988434
3867,0,0.6265581846237183
3868,0,0.6612422466278076
3869,0,0.9769888520240784
3870,0,0.05778205767273903
3871,0,0.07409984618425369
3872,0,0.7453213930130005
3873,0,0.2075527459383011
3874,0,0.31499430537223816
3875,0,0.028255080804228783
3876,0,0.0031953644938766956
3877,0,0.008129547350108624
3878,0,0.16046775877475739
3879,0,0.0019386967178434134
3880,0,0.6803357601165771
3881,0,0.007429761346429586
3882,0,0.13547398149967194
3883,0,0.0390990674495697
3884,0,0.1319952756166458
3885,0,0.038344599306583405
3886,0,0.47170355916023254
3887,0,0.062349461019039154
3888,0,0.09742370247840881
3889,0,0.650805652141571
3890,0,0.09742370247840881
3891,0,0.6658068895339966
3892,0,0.05624578520655632
3893,0,0.5706770420074463
3894,0,0.5758917927742004
3895,0,0.003745335154235363
3896,0,0.0037503610365092754
3897,0,0.03382408246397972
3898,0,0.06416995078325272
3899,0,0.9557014107704163
3900,0,0.4200442433357239
3901,0,0.120428167283535
3902,0,0.2966676354408264
3903,0,0.9173862934112549
3904,0,0.46543088555336
3905,0,0.09729798138141632
3906,0,0.05108942836523056
3907,0,0.07941322773694992
3908,0,0.7132760286331177
3909,0,0.5703993439674377
3910,0,0.13206323981285095
3911,0,0.8366954326629639
3912,0,0.09042222052812576
3913,0,0.060761820524930954
3914,0,0.1896047592163086
3915,0,0.44448983669281006
3916,0,0.05335843563079834
3917,0,0.15699538588523865
3918,0,0.011067979037761688
3919,0,0.4971824884414673
3920,0,0.3449357748031616
3921,0,0.33505532145500183
3922,0,0.05606987699866295
3923,0,0.7863824367523193
3924,0,0.07847844064235687
3925,0,0.03648439794778824
3926,0,0.04062780737876892
3927,0,0.08915252238512039
3928,0,0.0682891309261322
3929,0,0.006086911074817181
3930,0,0.2511371374130249
3931,0,0.007649167440831661
3932,0,0.5580660104751587
3933,0,0.04389895871281624
3934,0,0.14927418529987335
3935,0,0.09742370247840881
3936,0,0.6539401412010193
3937,0,0.9106239080429077
3938,0,0.002595152473077178
3939,0,0.4314565658569336
3940,0,0.5166128873825073
3941,0,0.7311968803405762
3942,0,0.0033627201337367296
3943,0,0.1694004088640213
3944,0,0.1090920940041542
3945,0,0.37642019987106323
3946,0,0.006779674906283617
3947,0,0.09520424157381058
3948,0,0.009697109460830688
3949,0,0.21101698279380798
3950,0,0.0028673317283391953
3951,0,0.09809218347072601
3952,0,0.007921927608549595
3953,0,0.08774953335523605
3954,0,0.4598657488822937
3955,0,0.24957378208637238
3956,0,0.0648312121629715
3957,0,0.27727606892585754
3958,0,0.10331767052412033
3959,0,0.003875814378261566
3960,0,0.8139892220497131
3961,0,0.01672271266579628
3962,0,0.2062111347913742
3963,0,0.5989989042282104
3964,0,0.9179799556732178
3965,0,0.9255022406578064
3966,0,0.00043986659147776663
3967,0,0.7494580149650574
3968,0,0.3872120678424835
3969,0,0.037281353026628494
3970,0,0.08540210127830505
3971,0,0.8982664942741394
3972,0,0.023172959685325623
3973,0,0.06740574538707733
3974,0,0.2927076518535614
3975,0,0.8030023574829102
3976,0,0.30341315269470215
3977,0,0.05512753501534462
3978,0,0.026384901255369186
3979,0,0.010623988695442677
3980,0,0.7702144980430603
3981,1,0.08718258887529373
3982,1,0.9578534960746765
3983,1,0.9774532318115234
