UniqueID,Longitude,Latitude,Status,Aspect,Slope,Elevation,TWI,Profile_Curvature,Plan_Curvature,NDVI,LULC,Max_Temperature,Precipitation,WS,Relative_Humidity,AET,DSI,Soil_Moisture,Distance_roads,Distance_rivers,Distance_households,prob_wildfire
1,-119.70909787713072,49.30142300053453,1,232.91873168945312,11.553669929504396,1061.4373779296875,5.686827182769775,-0.0472859814763069,0.0302361864596605,0.6586850881576538,11.0,11.73985767364502,368.2623291015625,2.5729289054870605,0.0041943173855543,28.274778366088867,-1.6376736164093018,42.98767852783203,585.8654174804688,8903.1708984375,605.4135131835938,0.9607532
2,-123.17701627879958,52.03513871280179,1,249.92404174804688,9.599071502685549,908.66455078125,7.740294456481934,-0.0168263763189315,0.0096814380958676,0.6284967064857483,2.0,11.496051788330078,324.164794921875,2.1202633380889893,0.0039803702384233,25.710474014282227,-0.9763259887695312,24.28274154663086,352.1404113769531,2624.878662109375,162.1631622314453,0.8328679
3,-120.07053315974268,53.28842315034834,1,227.07516479492188,9.575465202331545,811.853515625,6.911173343658447,0.0491435192525386,-0.0146982008591294,0.7833225727081299,2.0,8.98476791381836,738.1791381835938,2.0714499950408936,0.0037994752638041,33.29473114013672,0.0059668677859008,25.16435432434082,1080.9183349609375,2815.715087890625,1178.2774658203125,0.5238555
4,-120.83516594876215,52.25477301185358,1,180.02061462402344,4.455814361572266,1024.4742431640625,5.581934452056885,-0.0196960922330617,-0.0050867553800344,0.6678362488746643,2.0,9.763997077941896,784.6278686523438,2.220808267593384,0.00428963964805,38.18754196166992,-0.413157969713211,42.991485595703125,823.44091796875,1265.4683837890625,874.3638305664062,0.41664645
5,-122.24384831304698,49.311522712091616,1,,,415.10888671875,6.175055027008057,,,0.822314977645874,2.0,12.89446258544922,1934.646484375,2.484262704849243,0.0056005041114985,48.78505325317383,-0.9248070120811462,109.7751235961914,384.57421875,2563.96630859375,367.9273681640625,0.16628514
6,-121.98871531865858,49.48370574907071,1,277.7975158691406,18.6871395111084,513.9222412109375,6.87235689163208,0.0202174428850412,0.0060835094191133,0.8114209771156311,2.0,10.92177963256836,1541.3438720703125,2.3883659839630127,0.005259898956865,42.20882415771485,-1.0137596130371094,118.44510650634766,598.8906860351562,934.5543212890624,487.8890380859375,0.7164177
7,-121.92456779115302,56.53187301468664,1,190.6399688720703,1.7828987836837769,724.681640625,7.40766716003418,0.0024973570834845,0.0010675924131646,0.6409547328948975,2.0,7.185697078704834,531.2144165039062,2.552788496017456,0.0037548537366092,37.93369674682617,-0.0711558759212493,41.849891662597656,946.2921752929688,3729.91552734375,1279.56689453125,0.5284824
8,-119.70079849197454,51.46232311428287,1,238.0167388916016,13.536256790161133,1702.566162109375,5.837076187133789,-0.0476812273263931,0.003546037711203,0.6799954175949097,2.0,8.162689208984375,917.4920043945312,2.144822120666504,0.0038505613338202,36.1041259765625,-0.8704513907432556,53.72059631347656,1511.6739501953125,4716.87255859375,1721.2301025390625,0.97064036
9,-122.93451650028923,52.8138387702874,1,80.66559600830078,0.9082695245742798,1009.6566772460938,7.318163394927978,-0.0037437314167618,0.0034439617302268,0.5125160813331604,11.0,10.416300773620604,463.210693359375,2.2331483364105225,0.0040907245129346,35.03888702392578,-0.6765972375869751,48.02254104614258,724.8284912109375,14177.6708984375,809.5950927734375,0.94763476
10,-125.01704928882532,51.16788845464456,1,292.9633483886719,22.051023483276367,1015.4271850585938,5.5796074867248535,-0.0386108309030532,0.0448012091219425,0.7615189552307129,2.0,11.089786529541016,890.357177734375,2.0440573692321777,0.0041338275186717,32.622676849365234,-1.046288013458252,62.09089279174805,65291.359375,1474.4599609375,64724.6171875,0.70315945
11,-121.78538642725972,59.80510609950234,1,86.43677520751953,0.3920694291591644,452.5243835449219,7.087057590484619,-0.0038234824314713,0.0030607262160629,0.4578228592872619,2.0,4.817402362823486,460.3653259277344,2.146740198135376,0.0035682239104062,34.23099136352539,0.2504779398441314,61.343971252441406,48633.3828125,385.7571411132813,48857.79296875,0.6294511
12,-123.88468595966538,58.22257277289391,1,99.9191436767578,11.904013633728027,1367.7852783203125,6.746067047119141,0.0161506347358226,0.0547427646815776,0.6834893226623535,2.0,5.408918857574463,638.4552001953125,2.0836308002471924,0.0034761617425829,34.52949523925781,0.0769261643290519,54.09320068359375,49221.37109375,5914.90576171875,49080.75,0.32797706
13,-123.4067496593752,53.04190571742097,1,149.53904724121094,2.0515077114105225,1022.9122314453124,7.1927995681762695,0.0070972200483083,-0.0183343812823295,0.6357040405273438,11.0,10.15070629119873,457.8326110839844,2.1922786235809326,0.0039271879941225,33.895538330078125,-0.6340240836143494,41.41267395019531,625.5349731445312,7670.486328125,997.4010009765624,0.9685449
14,-125.17535058434724,54.735338529761385,1,58.69987869262695,7.845969200134277,1066.4488525390625,5.081306457519531,-0.0206853542476892,0.0232846923172473,0.6338199377059937,11.0,7.752386569976807,537.4254760742188,2.0460450649261475,0.0040460242889821,34.30487060546875,-0.4156825244426727,63.00934600830078,10918.998046875,5704.87744140625,10965.626953125,0.88358414
15,-123.98881598142296,50.66928856296549,1,,,,,,,0.7306900024414062,11.0,9.08210277557373,1100.2232666015625,1.9865895509719849,0.0038178653921931,33.42841339111328,-1.1094177961349487,65.7969741821289,38634.62890625,949.1554565429688,38728.09375,0.90661585
16,-122.14955220658425,59.2839390383829,1,153.77963256835938,0.1987182945013046,530.3529663085938,8.1649751663208,-0.0001947763958014,-0.0002374210307607,0.6865633726119995,11.0,5.199650764465332,483.9456176757813,2.117713451385498,0.0036036795936524,35.548805236816406,-0.1401388943195343,70.87846374511719,35778.80859375,5014.095703125,36037.35546875,0.95140064
17,-125.67201698699012,52.95712242345364,1,135.03558349609375,2.719689130783081,1168.43017578125,6.30439043045044,-0.0171526297926902,0.0081611648201942,0.6552620530128479,11.0,8.567787170410156,528.2182006835938,2.1187689304351807,0.0039764111861586,30.778533935546875,-1.348729133605957,54.936954498291016,5137.140625,2411.67919921875,4605.40869140625,0.9479179
18,-127.44756804026008,55.01038822542092,1,179.8788299560547,14.701048851013184,980.6515502929688,6.676225662231445,0.0023934876080602,-0.0211061518639326,0.8273102045059204,2.0,7.719758033752441,783.4578247070312,2.2583677768707275,0.003895686706528,33.634029388427734,-0.5853301286697388,75.2357406616211,5671.30712890625,2762.31201171875,5878.88623046875,0.8453903
19,-128.05910319533592,59.22693816601216,1,207.39837646484372,3.434788703918457,1448.3536376953125,5.513462066650391,-0.0242927875369787,0.0370091833174228,0.5787708163261414,11.0,4.754408836364746,562.1044921875,1.774562954902649,0.0032026469707489,30.93262481689453,0.457013875246048,70.01322937011719,62909.80859375,2386.006103515625,62865.59765625,0.7678573
20,-124.20509993770138,53.45413862698694,1,30.39379501342773,1.807340741157532,1056.859619140625,11.45945644378662,-0.0002380136866122,0.0052267601713538,0.6686180830001831,2.0,9.481611251831056,477.9265441894531,2.137657880783081,0.0039908536709845,34.0835075378418,-0.7200339436531067,49.68386459350586,6731.654296875,1265.7550048828125,6785.55810546875,0.71155936
21,-114.92079706839938,49.712756560383625,1,90.86053466796876,11.542420387268066,1578.33837890625,5.073876857757568,-0.0994343757629394,-0.0038285208866,0.7071916460990906,11.0,8.79720401763916,658.0597534179688,3.604779720306397,0.0039063459262251,34.47213363647461,-0.7510656714439392,51.97940826416016,1283.515625,948.3169555664062,1147.9393310546875,0.9862579
22,-123.712633752348,53.16607268207092,1,171.86758422851562,2.4134984016418457,922.9555053710938,6.908161163330078,-0.0034044424537569,0.0056646740995347,0.5586789846420288,11.0,10.588874816894531,442.2394104003906,2.08555269241333,0.0039742477238178,33.321495056152344,-0.7181822657585144,40.468780517578125,4120.61865234375,1883.7265625,4246.02392578125,0.96409655
23,-123.55190277824111,59.82650584019716,1,282.0424499511719,0.4298484325408935,426.6685180664063,8.592535972595215,0.0016312401276081,0.000362478516763,0.6733191013336182,11.0,4.484852313995361,500.4844665527344,1.6311113834381104,0.0035834889858961,34.67082977294922,-0.1097807213664054,93.57271575927734,23373.166015625,1823.0323486328125,23359.98046875,0.86373925
24,-125.24528414359489,53.56818849360421,1,155.99378967285156,2.0504956245422363,957.51611328125,9.06930160522461,-0.0008999385754577,0.0051227272488176,0.5824891328811646,2.0,8.957420349121094,483.2169494628906,2.1109282970428467,0.004010388161987,32.715484619140625,-1.0792855024337769,51.471153259277344,6974.9052734375,435.8298034667969,7144.32568359375,0.7353121
25,-124.90645196602236,53.22520452988904,1,133.0332794189453,3.7493529319763184,1398.693359375,7.671900749206543,0.0058223442174494,-0.0042725247330963,0.6393194198608398,11.0,8.330442428588867,479.9861450195313,2.300537347793579,0.003754090052098,32.088043212890625,-1.03056800365448,50.46983337402344,5465.41162109375,6385.365234375,5389.048828125,0.9209159
26,-123.6686337918644,53.29600569210723,1,152.9171600341797,0.6125568747520447,841.589111328125,7.812428951263428,0.0029822955839335,-0.0057637523859739,0.6790544390678406,2.0,10.3287992477417,458.6845397949219,2.07071852684021,0.0039939610287547,33.84476089477539,-0.5644118189811707,43.93566131591797,769.7948608398438,164.70428466796875,213.48211669921875,0.52249056
27,-120.98658635785912,59.96357321766868,1,164.2498321533203,2.298335552215576,624.054443359375,8.0752534866333,-0.0035711554810404,-0.0003744940913747,0.6781074404716492,11.0,4.225730895996094,452.710693359375,2.479172945022583,0.0034393535461276,33.71382522583008,0.4368908107280731,60.74705123901367,45139.8046875,1998.0264892578125,45013.4609375,0.8674994
28,-121.925698939981,51.63657285226911,1,56.09708023071289,2.685166120529175,1006.5673828125,8.364740371704102,0.0022160308435559,-0.0008030562312342,0.6055710911750793,11.0,10.024313926696776,383.4143371582031,2.4172401428222656,0.0040144305676221,30.36209487915039,-0.8545740842819214,38.24087905883789,911.0577392578124,7572.2890625,995.7050170898438,0.9257625
29,-121.89015215536244,59.283806076233496,1,226.4384613037109,0.4037282168865204,562.6022338867188,7.087582588195801,-0.0024140423629432,0.0029453334864228,0.6835341453552246,2.0,5.0787763595581055,478.6322326660156,2.226160764694214,0.0035674122627824,35.20951461791992,-0.0718974173069,67.09239959716797,45099.9453125,3156.521728515625,45246.69140625,0.7768808
30,-114.99496420285138,50.16170658298158,1,61.360572814941406,19.94719696044922,1717.8858642578125,6.239408493041992,-0.0019931448623538,-0.0069309528917074,0.6956520080566406,11.0,7.3483381271362305,614.1049194335938,3.725876808166504,0.0035612990614026,32.0462532043457,-0.785420298576355,37.58750915527344,785.2658081054688,2365.2373046875,813.231689453125,0.9943262
31,-126.64940008235251,52.81905529315932,1,244.5110626220703,27.157546997070312,1022.7642211914062,6.298843383789063,0.0355637148022651,-0.018629427999258,0.7473158836364746,2.0,8.17812728881836,1226.437255859375,2.385848999023437,0.0041876081377267,32.71109771728516,-0.9879876375198364,57.0086669921875,39581.9140625,1459.1761474609375,39828.12109375,0.84775925
32,-121.42758430896554,55.63192305702238,1,194.69810485839844,8.655305862426758,1081.2320556640625,7.0120530128479,-0.0627025365829467,0.0554484277963638,0.7043156623840332,2.0,8.617717742919922,540.2164916992188,2.730898141860962,0.003965625539422,38.01655578613281,0.2576041519641876,43.680782318115234,3591.79833984375,1871.963623046875,3569.361083984375,0.4494937
33,-125.58023390733504,52.77283843153148,1,87.75580596923828,2.168843030929565,1145.3323974609375,8.126816749572754,0.0017907492583617,0.001302791875787,0.6466231346130371,11.0,8.507735252380371,525.28759765625,2.142017364501953,0.0038792383857071,29.963626861572266,-1.327048659324646,48.83408737182617,3251.3046875,2991.04345703125,3293.764404296875,0.92604774
34,-124.33373403883029,53.67502261613536,1,272.2909851074219,2.8043763637542725,1224.8702392578125,6.1426310539245605,0.0001248836779268,0.0008239354356192,0.6774181723594666,2.0,8.652901649475098,515.7816772460938,2.192662715911865,0.003802673658356,34.7326545715332,-0.5690434575080872,62.240718841552734,434.26318359375,6134.62109375,549.36083984375,0.75609446
35,-122.62501951362296,59.66900597438304,1,50.305442810058594,0.6381757855415344,559.5590209960938,9.508350372314451,0.000372150709154,0.0005430824239738,0.6607847809791565,11.0,4.780178546905518,498.4229431152344,1.9366458654403689,0.003584960475564,34.75950241088867,0.0893459171056747,72.4029769897461,24941.2109375,4668.2080078125,24919.8203125,0.93447083
36,-124.84096776292418,55.30137258731408,1,81.54535675048828,0.931061625480652,1095.3736572265625,8.136247634887695,0.0083850948140025,-0.0012891428777948,0.5955148935317993,11.0,6.529025554656982,573.317138671875,2.0376458168029785,0.003720392473042,32.8139762878418,-0.1546180546283722,50.96685409545898,6154.6865234375,3056.6806640625,6187.83251953125,0.9331309
37,-121.91223551520056,58.06168905040782,1,97.22511291503906,0.9386165738105774,589.875,7.0680670738220215,-0.0006824465817771,0.0001164613859145,0.7202507257461548,11.0,6.7981672286987305,492.3167724609375,2.3878655433654785,0.0038318186998367,36.69935607910156,-0.0070957448333501,66.64708709716797,42258.50390625,3858.306884765625,27359.798828125,0.9016
38,-123.78434994230597,53.65900568764003,1,192.59246826171875,1.2508043050765991,1065.658203125,7.280278205871582,0.0033693776931613,0.0002570634533185,0.6161919236183167,11.0,9.351885795593262,511.0653991699219,2.1419918537139893,0.0039184344932436,35.424739837646484,-0.6581751108169556,58.39528274536133,3026.673095703125,5998.84765625,2964.595947265625,0.94750106
39,-125.43618393470342,52.911905452871885,1,75.29588317871094,0.8110594749450684,1128.1663818359375,8.020005226135254,-0.0010399935999885,-0.0017265052301809,0.6390619277954102,11.0,8.582170486450195,479.705322265625,2.1478676795959477,0.0039011959452182,30.37579727172852,-1.3272676467895508,46.97563171386719,8418.822265625,3438.55908203125,2377.577392578125,0.9443924
40,-126.40138525827976,55.87983838232668,1,232.6729736328125,2.28114914894104,1060.3626708984375,5.810046672821045,-0.034061387181282,0.0453609265387058,0.6800436973571777,2.0,7.417502403259277,589.552734375,1.88750684261322,0.0038110618479549,32.31366729736328,-0.207571193575859,44.82854843139648,36022.5703125,3852.048828125,36163.4296875,0.68976396
41,-126.37553520533756,55.76927238428997,1,44.3382453918457,1.336837887763977,734.5734252929688,7.114373683929443,-0.00368452235125,0.0058416607789695,0.6301640272140503,11.0,8.057099342346191,562.45947265625,1.8360427618026731,0.0038142041303217,32.14973449707031,-0.3101275563240051,46.70676803588867,27059.26171875,780.4150390625,27071.55859375,0.92900825
42,-127.71055287846858,58.75957221737978,1,167.55270385742188,13.853925704956056,1137.893310546875,5.038181304931641,0.0485865250229835,-0.0003672554448712,0.5674512386322021,11.0,5.188223838806152,566.1881713867188,1.707887887954712,0.0032019075006246,31.26521873474121,0.3953100740909576,51.8889274597168,103767.328125,4843.95458984375,100610.359375,0.81559265
43,-123.3252357724644,58.05172284963553,1,192.0304412841797,5.2003092765808105,863.6903076171875,6.811346530914307,0.0181768033653497,-0.0004885367816314,0.7374415397644043,2.0,6.342309474945068,590.2685546875,2.0651164054870605,0.0034681630786508,36.84228897094727,-0.0207014009356498,65.07166290283203,32294.552734375,2856.977294921875,32319.244140625,0.6598775
44,-123.64925021180515,54.421855727115,1,270.0164794921875,0.4804978370666504,785.4971313476562,9.616554260253906,0.0056420657783746,-0.0022416799329221,0.2964677810668945,1.0,9.332491874694824,549.962646484375,2.0427980422973637,0.004049779381603,34.988407135009766,-1.0343663692474363,52.4988899230957,23242.4609375,517.4506225585938,23326.359375,0.83605283
45,-120.66974997307712,55.15405614260088,1,97.35250091552734,2.450042486190796,950.9738159179688,7.3876142501831055,0.0023064340930432,-0.0091403247788548,0.6928464770317078,11.0,8.570952415466309,585.9664306640625,2.8597660064697266,0.0037610128056257,38.85958862304688,0.3271766602993011,48.8551025390625,10265.9423828125,6895.3193359375,10437.9560546875,0.60357434
46,-121.03065206312996,59.4272062017034,1,54.20023727416992,0.5937204957008362,587.3773803710938,11.728124618530272,0.0006293609621934,-0.0008193942485377,0.6822540163993835,11.0,5.071414947509766,452.8031311035156,2.4942715167999268,0.003542982507497,34.10160446166992,-0.0062152775935828,55.03813934326172,11509.490234375,4743.943359375,11460.3251953125,0.96883684
47,-125.03593381322916,52.740038500255096,1,149.44467163085938,2.517566680908203,1724.44921875,7.064131259918213,-0.0019385491032153,0.0072174933739006,0.5426796078681946,2.0,7.367117881774902,510.7470397949219,2.4684877395629883,0.0035457292106002,30.290876388549805,-1.1199661493301392,48.5900764465332,22579.5546875,20648.375,22476.673828125,0.6542322
48,-121.38298214327295,49.20880580542362,1,84.92758178710938,19.70677947998047,668.9340209960938,5.858901500701904,0.0791452378034591,-0.0103164352476596,0.8465767502784729,2.0,9.650882720947266,1286.115234375,2.5123181343078613,0.0046866284683346,38.15675735473633,-1.0250167846679688,134.53416442871094,664.3427124023438,2031.8458251953125,471.9075927734375,0.7380376
49,-126.72150109176754,55.386672331021074,1,133.02955627441406,3.087147951126098,897.8613891601562,8.597661972045898,-0.0047141844406723,0.0074826627969741,0.687383234500885,2.0,7.953446865081787,625.4369506835938,1.9965091943740845,0.00393544184044,33.94281768798828,-0.374895840883255,70.1825942993164,1648.125732421875,3270.828369140625,1609.78466796875,0.6204468
50,-126.73401820325957,55.63860533310767,1,145.4961700439453,2.302235841751098,907.1596069335938,8.722258567810059,0.0054488531313836,-0.000614707940258,0.6247851252555847,11.0,7.339668273925781,664.5288696289062,1.9995760917663572,0.0037335397209972,33.80229568481445,-0.0704234465956687,64.62355041503906,4938.14111328125,703.4579467773438,4830.23486328125,0.94830656
51,-124.82573423383748,53.98288855841663,1,113.624267578125,7.117551326751709,1167.488037109375,5.850115776062012,0.0092901857569813,-0.0032701347954571,0.5274228453636169,11.0,9.16208839416504,518.2052612304688,2.054502248764038,0.0040441062301397,35.372257232666016,-0.7110416889190674,61.003173828125,2401.10400390625,4025.6064453125,2744.12451171875,0.89450157
52,-128.59351773682863,53.85380505354361,1,,,,,,,,2.0,,,,,,,,,,,0.17682678
53,-127.76200356631766,59.93737221071759,1,205.8579864501953,1.4090042114257812,743.1278686523438,7.73118257522583,-0.0118897594511508,0.0109607297927141,0.7231062054634094,11.0,4.182385444641113,478.3013000488281,1.4865001440048218,0.0033661006018519,30.712507247924805,0.2318055629730224,52.95611953735352,7162.04150390625,2545.837890625,7122.0732421875,0.88196146
54,-123.93118581057568,57.91317276104736,1,94.13621520996094,8.942160606384277,966.4781494140624,5.397464275360107,-0.0034427070058882,0.0146776596084237,0.586322546005249,2.0,5.338539123535156,628.9081420898438,2.0579710006713867,0.0031611467711627,34.17841720581055,0.208648070693016,40.19610595703125,59787.1015625,751.6956787109375,59889.77734375,0.48074973
55,-122.24981631389396,52.60942284956997,1,184.852783203125,4.313026905059815,1213.06005859375,8.038150787353516,-0.008210620842874,0.001941047841683,0.7668318152427673,2.0,9.808926582336426,548.2943725585938,2.3888635635375977,0.0041162609122693,35.64205551147461,-0.3355985581874847,48.66260528564453,1209.1163330078125,6674.7333984375,1156.6077880859375,0.7576419
56,-124.42565009158328,53.775538608332255,1,160.2064208984375,1.807125210762024,1088.33056640625,6.945048809051514,6.780228432035074e-05,-0.000887363043148,0.6337920427322388,1.0,9.283666610717772,508.8781433105469,2.09839415550232,0.0039445529691874,35.07680130004883,-0.6305555701255798,60.39817428588867,4315.328125,1321.32958984375,4475.22998046875,0.70104593
57,-120.03459875664312,52.10603910453521,1,133.26365661621094,8.485625267028809,1737.48974609375,6.546029090881348,-0.0055659972131252,0.0010962928645312,0.6433455944061279,2.0,7.745115280151367,993.4490356445312,2.201068162918091,0.0041337651200592,35.833011627197266,-0.4967943429946899,39.17374038696289,10120.87109375,5365.06640625,10222.5927734375,0.89476603
58,-120.08268395217372,55.37917322738368,1,175.24334716796875,0.626151442527771,863.7329711914062,8.525614738464355,0.0020648206118494,-0.0079405941069126,0.7454118728637695,11.0,8.9280424118042,507.4154357910156,2.975884437561035,0.0039352769963443,38.195430755615234,0.3430586755275726,42.90510940551758,1850.0206298828125,3226.3115234375,1790.1220703125,0.71730894
59,-127.2702013230048,55.73030525932848,1,113.6816864013672,14.627495765686035,1002.0020141601562,7.0321550369262695,0.0250050984323024,0.0372228920459747,0.7690152525901794,2.0,6.78820276260376,728.5474243164062,2.075033187866211,0.0038629546761512,33.22689437866211,0.117867425084114,64.75444793701172,19737.59375,2320.439453125,19581.001953125,0.40455726
60,-119.96189875485231,52.14578911479427,1,262.0589294433594,11.490835189819336,1552.059326171875,6.018479824066162,-0.003349401988089,-0.0008886947762221,0.6456208229064941,11.0,7.400374412536621,1013.5439453125,2.170855760574341,0.0039512156508862,35.12833786010742,-0.4993476867675781,38.09969329833984,16101.6865234375,1556.9549560546875,16045.0244140625,0.97775465
61,-125.35144385630994,55.328828518442606,1,122.35578918457033,2.55090856552124,952.9114990234376,14.74079704284668,0.0123074799776077,0.0009226035326719,0.6217985153198242,2.0,6.755815505981445,564.159423828125,1.9990867376327517,0.0037846018094569,32.604923248291016,-0.1576703488826751,53.39511489868164,22604.099609375,254.57997131347656,22275.880859375,0.8130523
62,-121.64271877640788,58.67195610037553,1,167.11898803710938,0.1367145776748657,458.9324951171875,7.775323867797852,-9.99387339106761e-07,7.927021943032742e-05,0.6773833632469177,11.0,5.7615580558776855,461.0615234375,2.325965881347656,0.0037017480935901,35.49108123779297,-0.0370863527059555,59.05965042114258,5429.70849609375,1112.1136474609375,5327.4296875,0.9603764
63,-123.87085037503049,54.74850570534576,1,138.9720916748047,2.906696081161499,987.9341430664062,5.504435062408447,-0.0061901099979877,0.0126707470044493,0.8069551587104797,2.0,8.260791778564453,571.7088012695312,2.069191694259644,0.0039450796321034,34.52298355102539,-1.0111850500106812,53.69284057617188,9033.24609375,4660.72216796875,9177.173828125,0.6929748
64,-120.4118184446292,58.50212327133789,1,133.78582763671875,0.2970350682735443,392.05865478515625,7.097923278808594,0.0001743179454933,0.0006219061324372,0.636380136013031,11.0,6.18096399307251,423.6594543457031,2.74908709526062,0.0037403174210339,33.526397705078125,0.3170624673366546,43.78786087036133,41996.39453125,994.520263671875,33638.21484375,0.9026673
65,-123.65563656508732,59.42030582121033,1,283.5725402832031,0.5389366149902344,419.8594665527344,6.866207599639893,-0.0005327468388713,0.0013490236597135,0.7358056306838989,2.0,5.03186559677124,515.892333984375,1.632720112800598,0.003646126948297,35.79450988769531,-0.2684341967105865,84.62883758544922,20606.4375,3471.69970703125,20629.099609375,0.4729408
66,-121.36384918734694,52.69030596404743,1,165.93267822265625,16.47467613220215,1220.2039794921875,6.834261894226074,-0.0206426493823528,0.032293576747179,0.752081573009491,2.0,8.46766185760498,861.462646484375,2.4701106548309326,0.0040006791241467,37.21468353271485,-0.2420138865709304,43.68792343139648,3003.720703125,5335.96435546875,3130.964111328125,0.9204372
67,-124.33963299407078,50.53222251518455,1,,,510.7997741699219,4.990402698516846,0.0130819967016577,-0.0076871248893439,0.8312817811965942,2.0,10.069883346557615,1237.838134765625,2.611335515975952,0.0045409849844872,36.93367767333984,-1.3140654563903809,84.71154022216797,44925.87109375,1159.4227294921875,26190.41796875,0.06512463
68,-119.3283657123689,52.373873203125385,1,250.21275329589844,11.806239128112791,1618.23681640625,5.426143169403076,0.0050979158841073,-0.012059231288731,0.7024374604225159,2.0,5.729514598846436,1098.865234375,2.12935471534729,0.0037304828874766,32.85392379760742,-0.5437256097793579,34.50101852416992,9697.1904296875,10182.1982421875,9736.8125,0.76528674
69,-123.4914833377455,52.06122267409928,1,35.37158203125,2.675098657608032,943.2769165039062,9.72649383544922,0.0089113051071763,-0.0026239973958581,0.4280038475990295,11.0,11.186168670654297,339.89501953125,2.052752733230591,0.0038739684969186,26.94833755493164,-1.0135620832443235,27.34524726867676,1468.77978515625,3117.82666015625,1343.385498046875,0.95190394
70,-125.64105078844368,55.05520547307824,1,149.3988800048828,8.60981559753418,1132.0384521484375,8.057916641235352,0.0010202405974268,-0.0140318991616368,0.7257881760597229,2.0,7.358479976654053,560.9542236328125,2.101137399673462,0.0039953179657459,33.11008834838867,-0.6229861378669739,58.968528747558594,3083.249267578125,4164.94140625,3014.5634765625,0.84195507
71,-118.70211548823316,52.04508926285975,1,237.46034240722656,17.41809844970703,1395.7392578125,5.606433868408203,0.0183952860534191,-0.0267530772835016,0.6615995168685913,11.0,6.973083019256592,1125.6834716796875,1.8747466802597048,0.0037116818130016,34.03767395019531,-0.694209635257721,34.01838302612305,7321.03271484375,6644.63037109375,6971.0673828125,0.9778497
72,-124.73983370067543,52.54713853205427,1,61.522254943847656,3.413582801818848,1520.543701171875,6.572344779968262,0.0056298715062439,0.0087289698421955,0.4879340529441833,11.0,8.108858108520508,440.7890319824219,2.347101926803589,0.0036212299019098,29.64020538330078,-1.0074454545974731,41.54200744628906,16856.421875,4850.748046875,17002.46875,0.9606908
73,-116.37456472034542,51.01057348062856,1,123.80012512207033,18.430967330932617,2028.368896484375,5.086735725402832,-0.0451817326247692,-0.0004330570227466,0.5982214212417603,2.0,7.188812732696533,711.8421020507812,2.6328704357147217,0.0037768087349832,30.54300308227539,-1.1145710945129397,26.62029266357422,3635.416015625,4909.2314453125,3481.1337890625,0.97716117
74,-119.56939868024811,52.13808916321067,1,200.05604553222656,19.55785369873047,1532.140869140625,4.397974491119385,0.0389757193624973,0.0195322334766387,0.7048542499542236,11.0,7.466386318206787,1069.3009033203125,2.02970290184021,0.0038731428794562,35.162818908691406,-0.4990457892417907,38.184814453125,8512.126953125,2357.27392578125,8647.3388671875,0.9880383
75,-120.02564876631496,52.147173106559855,1,235.77169799804688,10.058783531188965,1447.86669921875,8.304549217224121,0.001529349014163,0.0011647200444713,0.6565048694610596,11.0,7.591256618499756,990.447265625,2.166777849197388,0.0040035163983702,35.431636810302734,-0.503333330154419,38.477500915527344,11420.87109375,1642.8360595703125,11394.435546875,0.9757032
76,-125.08243343163544,51.581055459684805,1,,,1340.25048828125,5.945262908935547,0.0013790804659947,0.0102093955501914,0.5483503937721252,11.0,6.641500949859619,695.590087890625,2.1379780769348145,0.0034749316982924,27.37862777709961,-1.1965845823287964,47.10346221923828,27599.59765625,3953.43896484375,27657.01171875,0.9097244
77,-120.40089831483132,50.44843898123158,1,167.7188262939453,4.746930122375488,1148.2764892578125,9.477187156677246,0.0179656948894262,-0.0100664794445037,0.7546988725662231,2.0,9.671878814697266,414.7369384765625,2.4249303340911865,0.003974309656769,30.533008575439453,-1.2302173376083374,43.26382064819336,293.1103210449219,3121.930419921875,116.20067596435548,0.66855824
78,-119.69676535501266,51.0113890928148,1,219.6770477294922,20.04264068603516,1323.869873046875,5.350843906402588,-0.0435041449964046,0.022010825574398,0.708197295665741,2.0,11.399145126342772,618.868408203125,2.0700511932373047,0.0044417176395654,34.745052337646484,-0.9836458563804626,56.2648811340332,2788.432861328125,2090.505615234375,2730.845458984375,0.9779287
79,-128.85130121004022,54.94942203119207,1,260.70263671875,6.742687702178955,333.6960754394531,6.410694599151611,0.0053155049681663,-0.0106350742280483,0.8377377986907959,11.0,9.772668838500977,1144.4542236328125,2.269631147384644,0.0042156409472227,34.24447250366211,-0.7368055582046509,41.496337890625,3055.662109375,330.9000549316406,3001.921142578125,0.6601593
80,-124.99401645163093,51.68083847413516,1,88.73006439208984,15.72725772857666,1300.8955078125,8.196820259094238,-0.0044562257826328,-0.001029327744618,0.7928135991096497,2.0,7.400371551513672,574.7659912109375,2.076221704483032,0.0033784541301429,26.97431945800781,-1.2111401557922363,44.463748931884766,17080.03515625,3518.7626953125,17233.43359375,0.32907355
81,-126.76620096836704,55.07608831975758,1,273.27197265625,6.7705078125,1015.9393920898438,6.144742012023926,-0.0181889757513999,-0.0033535258844494,0.7643182873725891,11.0,8.479315757751465,565.87548828125,2.054579019546509,0.0040000369772315,33.75738525390625,-0.6900072693824768,69.2899398803711,5348.08447265625,1882.607666015625,5320.21044921875,0.81019866
82,-124.15226697825337,53.59103863758322,1,144.59063720703125,2.082146406173706,1028.6494140625,7.145898342132568,-0.0042861932888627,0.0038418248295783,0.5266240835189819,11.0,9.281389236450195,494.2650451660156,2.110954999923706,0.0038086122367531,34.590423583984375,-0.6535634994506836,54.08975982666016,1883.4986572265625,5092.75537109375,1880.0299072265625,0.95295507
83,-121.79524996237063,54.6089559762345,1,175.77622985839844,13.604578018188477,930.5909423828124,6.807839393615723,0.0105455433949828,0.0025889233220368,0.7183138728141785,2.0,7.2954840660095215,905.6565551757812,2.611602783203125,0.0039422851987183,37.641727447509766,0.1735763847827911,43.05409240722656,36328.70703125,1721.5224609375,36368.4140625,0.58175075
84,-116.75423185101188,51.2003394468301,1,216.3048553466797,21.3919734954834,1804.8575439453125,5.489340305328369,0.0160808600485324,-0.0354161784052848,0.4435350596904754,11.0,6.7513861656188965,909.604248046875,2.5467453002929688,0.0038056843914091,31.95980262756348,-1.1136876344680786,28.422304153442383,3715.939453125,6120.61962890625,3660.017578125,0.98677653
85,-118.18286528520488,51.71392330748431,1,268.5853271484375,28.771392822265625,1630.3931884765625,4.588543891906738,-0.0061647836118936,0.0737062469124794,0.7504020929336548,11.0,4.694450378417969,1308.536865234375,2.1940269470214844,0.0035820351913571,32.30307388305664,-0.8611322045326233,32.792850494384766,22608.25390625,940.65625,22558.044921875,0.99173015
86,-118.431382145627,51.09612324702258,1,151.5484161376953,26.352317810058597,1632.5526123046875,5.149815082550049,-0.006514280103147,0.0263286512345075,0.6542583107948303,11.0,5.505528926849365,1430.07666015625,2.3002772331237797,0.003873819950968,32.87630844116211,-0.959680199623108,39.85543441772461,13392.494140625,7411.31396484375,13383.3115234375,0.9842115
87,-119.82549837558008,51.00350607708253,1,204.8395538330078,16.805522918701172,1293.5908203125,5.1057868003845215,-0.0145061314105987,0.0185060128569602,0.6985161304473877,11.0,9.08059024810791,692.7028198242188,2.2435436248779297,0.0042965426109731,36.18555068969727,-0.9432151317596436,62.00511169433594,1490.774169921875,5955.75244140625,1494.9649658203125,0.98350996
88,-119.37396568905814,52.27697319237234,1,202.1670837402344,22.215557098388672,1303.9027099609375,6.4053826332092285,0.0288778357207775,0.0187098495662212,0.714276909828186,2.0,5.546276092529297,1113.8360595703125,2.152776002883911,0.003698862157762,32.387725830078125,-0.5068694949150085,35.72160720825195,11512.25390625,3136.234375,11456.3955078125,0.93320805
89,-127.65205219869692,57.48010522098023,1,87.19779205322266,2.056852340698242,1347.0657958984375,5.9803147315979,-0.0011655363487079,-0.0024378322996199,0.6445438265800476,11.0,4.587973117828369,641.4611206054688,1.956960201263428,0.0031941947527229,29.51998519897461,0.4189236164093017,28.71539878845215,122141.4296875,3416.979248046875,122143.4140625,0.53770244
90,-129.02785733716178,57.35857802070113,1,203.6491851806641,11.780306816101074,1386.96875,6.386292934417725,0.009866427630186,0.0005170213407836,0.7508765459060669,11.0,4.151648998260498,773.2005615234375,2.041637897491455,0.0031372527591884,28.990896224975582,0.5164299607276917,39.83616256713867,68861.203125,593.8090209960938,68796.0,0.5644215
91,-126.19755001691308,52.82125535126723,1,330.9300231933594,2.459122657775879,898.447265625,6.371825218200684,0.0006987760425545,0.0007996708736754,0.6198486685752869,11.0,9.210397720336914,748.0606079101562,1.9778608083724976,0.0043419548310339,30.34756088256836,-1.1246527433395386,58.17041778564453,31105.30078125,1805.1807861328125,31087.88671875,0.82870865
92,-129.59377066201114,59.64210493216845,1,126.45399475097656,6.452122688293457,1134.7047119140625,5.692877292633057,0.0183273386210203,-0.0141521031036973,0.674646258354187,11.0,4.32166862487793,596.87060546875,1.8771950006484983,0.0032119855750352,30.48410987854004,0.5840019583702087,76.28494262695312,19271.9609375,1477.480224609375,19295.208984375,0.23672351
93,-126.4986340195107,52.70220531086128,1,178.13619995117188,14.174915313720703,1193.9227294921875,7.057515621185303,-0.013284059241414,-0.0007564522675238,0.6976658701896667,11.0,7.100400447845459,1112.6683349609375,2.279493570327759,0.0040583754889667,31.12923812866211,-0.92507004737854,58.615535736083984,29169.185546875,6083.744140625,29356.3359375,0.9383222
94,-125.7293837611134,52.28442239788341,1,,,1079.7022705078125,6.696500778198242,-0.0054070428013801,0.0408024452626705,0.5565222501754761,11.0,9.001562118530273,618.5300903320312,2.0747408866882324,0.0038630606140941,27.570724487304688,-1.200568914413452,41.89805603027344,18391.205078125,1459.8321533203125,18305.779296875,0.8603773
95,-126.33086711603026,53.04250533924122,1,122.4355926513672,8.930157661437988,1383.2325439453125,6.062628269195557,0.0047714547254145,0.0013199483510106,0.6481876969337463,11.0,7.176499843597412,832.133056640625,2.144903898239136,0.0040007247589528,31.204870223999023,-1.1378908157348633,69.45523071289062,38190.9765625,2774.198486328125,38186.61328125,0.9054893
96,-120.93715158918396,58.57863919932215,1,197.48753356933597,0.2323469668626785,418.5566711425781,8.678224563598633,0.000489113270305,-0.0006737599615007,0.6719177961349487,11.0,5.931564807891846,433.3230590820313,2.5737266540527344,0.0037276623770594,34.22418594360352,0.2000250518321991,52.069034576416016,29712.0078125,6755.76025390625,24521.87109375,0.9161426
97,-121.74436856448251,58.22038907720136,1,249.0157165527344,0.4419828057289123,466.5431823730469,7.186554431915283,-0.0014091028133407,0.0015718823997303,0.7462348341941833,2.0,6.474435806274414,464.0399475097656,2.343121290206909,0.0038436844479292,35.78011703491211,0.1121137663722038,58.600189208984375,49999.10546875,2270.26611328125,7824.88623046875,0.555853
98,-125.92716900731747,57.63243847167082,1,45.968143463134766,5.019721984863281,928.6665649414062,7.3190717697143555,0.0143990386277437,0.0022123341914266,0.5722983479499817,2.0,5.104787349700928,568.2593994140625,1.7887694835662842,0.0032867228146642,29.625194549560547,0.3081592321395874,23.57943725585937,27721.884765625,3063.2421875,27949.462890625,0.55855966
99,-123.13485073573162,55.91200583351299,1,191.92355346679688,15.921517372131348,1229.255859375,4.504515647888184,-0.0208759550005197,0.0099778370931744,0.6919268369674683,11.0,7.094657897949219,680.7651977539062,2.2588565349578857,0.003734809346497,35.305789947509766,0.2038786709308624,39.97987365722656,31013.21484375,1837.8250732421875,30952.0234375,0.9024412
100,-122.52848778212513,50.80204074487162,1,316.9750671386719,22.675683975219727,1835.1905517578125,5.8880767822265625,-0.0019712771754711,-0.003501049708575,0.5422964692115784,2.0,6.789928436279297,702.6710815429688,2.558873176574707,0.0037424978800117,29.07005882263184,-0.864701509475708,47.99781799316406,6010.26904296875,3326.927001953125,5863.6357421875,0.9066758
101,-117.61464777676328,50.35815629960957,1,305.7890319824219,16.977323532104492,1672.9254150390625,5.021364212036133,0.0315049700438976,-0.0398584678769111,0.7473846077919006,11.0,7.041213512420654,1282.7203369140625,2.4565329551696777,0.0039455299265682,33.334747314453125,-1.2590625286102295,42.633766174316406,4351.48193359375,1654.3587646484375,4404.03955078125,0.9936454
102,-124.28430023409548,54.211955637131375,1,99.90345001220705,0.281480073928833,884.224853515625,8.36070728302002,0.0017429830040782,0.0015409621410071,0.626386284828186,11.0,9.210806846618652,519.6376342773438,1.988084316253662,0.0039938404224812,35.16747283935547,-0.8958402872085571,61.04418563842773,400.0621643066406,1042.4696044921875,464.0625915527344,0.8921403
103,-132.86385397734736,59.45782143243128,1,213.98341369628903,7.756139278411865,1154.237060546875,5.387049674987793,-0.0009843125008046,-0.0123318061232566,0.714635968208313,11.0,4.162801742553711,590.5843505859375,2.483140468597412,0.0033395404461771,30.66158103942871,0.4635505676269531,92.31620025634766,37603.14453125,3508.17822265625,37321.8359375,0.04742278
104,-125.90573386593287,52.51205538269927,1,91.5197982788086,9.319863319396973,1351.41943359375,6.052679538726807,0.0066161449067294,0.0214740056544542,0.7281680703163147,11.0,6.594244956970215,751.1112670898438,2.248875379562378,0.0036532196681946,29.078311920166016,-1.1820138692855835,52.59664535522461,3759.5107421875,2093.3740234375,3810.630859375,0.91998374
105,-127.65002008247824,59.1395052268898,1,118.27891540527344,2.40387225151062,655.2506103515625,7.127017974853516,0.0025076726451516,-0.0067826001904904,0.6427868604660034,11.0,6.025315761566162,476.1774597167969,1.4225603342056274,0.0034803918097168,30.99375343322754,0.3708521425724029,50.65054321289063,63559.55078125,1072.99658203125,63596.96875,0.91385764
106,-122.01235131512335,57.618673027394735,1,95.9526824951172,2.6671385765075684,810.3787231445312,6.653997421264648,0.0031737661920487,0.0060588507913053,0.7007873058319092,11.0,6.873457431793213,526.0176391601562,2.513478279113769,0.0037120615597814,37.2448844909668,-0.0930010750889778,58.72499847412109,55770.18359375,1451.6964111328125,44279.7265625,0.88557553
107,-126.0644838134157,52.291572355914255,1,,,,,0.0217539332807064,0.0014445146080106,0.7182827591896057,2.0,7.953108310699463,879.0039672851562,2.1355018615722656,0.0039937342517077,28.70308303833008,-1.0660076141357422,46.57171630859375,8399.521484375,1671.8399658203125,8345.8603515625,0.475461
108,-125.73979968745128,52.06155539099526,1,,,1426.6497802734375,5.908101558685303,,,0.5643611550331116,11.0,6.646866798400879,805.0809326171875,2.3643927574157715,0.0037673120386898,27.98358726501465,-1.1581014394760132,44.50935363769531,33659.63671875,2808.777587890625,33763.16796875,0.92106414
109,-121.82584852040868,50.30467280682733,1,111.95773315429688,31.53928565979004,1139.7486572265625,5.538841724395752,0.0103144841268658,-0.0706992074847221,0.6961709260940552,11.0,7.692757606506348,754.6126098632812,2.433765172958374,0.0039468519389629,32.28750228881836,-0.8008931279182434,68.94136047363281,11854.5947265625,381.37542724609375,11828.6396484375,0.9898503
110,-123.54360066274674,55.57558877032356,1,241.74807739257807,1.9913804531097408,906.737060546875,6.405730724334717,-0.0129916425794363,0.0113354604691267,0.700685977935791,2.0,7.911236763000488,635.56884765625,2.0701708793640137,0.0040540504269301,33.656585693359375,-0.0983512103557586,38.85713577270508,5450.21826171875,4857.31640625,5310.9130859375,0.36672774
111,-116.84208159285116,50.23590638005957,1,,,1364.4832763671875,,,,0.7309495210647583,2.0,7.485747814178467,971.0364990234376,2.70289158821106,0.0041578160598874,31.691038131713867,-1.0927430391311646,40.92637634277344,4838.978515625,2223.7001953125,4746.6337890625,0.9175924
112,-126.93975034491513,53.428555267211685,1,136.03016662597656,6.686513900756836,927.7634887695312,9.72150707244873,-0.0076393140479922,0.0193565916270017,0.6120665073394775,11.0,8.293580055236816,1092.472900390625,2.202814102172852,0.0041460865177214,32.99531936645508,-1.2328819036483765,66.34080505371094,34834.06640625,679.10693359375,34753.96484375,0.9805666
113,-126.17763447949704,54.07747238184122,1,216.72756958007807,5.529437065124512,1008.8768310546876,8.484106063842773,0.00071257725358,0.00826898496598,0.6815796494483948,2.0,8.386900901794434,516.3370971679688,2.1241343021392822,0.003899410367012,33.19518280029297,-0.994257390499115,70.64055633544922,1007.57177734375,5352.92333984375,955.2803344726562,0.7000217
114,-116.7933915662596,50.17176138205207,1,72.1107177734375,19.98448181152344,2163.47265625,6.45016622543335,0.0354856625199317,-0.0768345892429351,0.3817857801914215,11.0,6.0166544914245605,1024.9227294921875,2.986466646194458,0.0040314733050763,29.982988357543945,-1.264479160308838,42.17989349365234,8427.375,7207.431640625,8595.056640625,0.98504585
115,-125.46748449571623,54.40040548415146,1,85.0661392211914,1.96623957157135,910.984619140625,7.093825817108154,0.0019241414265707,-0.0042966422624886,0.6993842720985413,11.0,8.175274848937988,503.3952026367188,2.023550510406494,0.0039770887233316,33.61703109741211,-0.9000347256660461,66.54887390136719,1363.6802978515625,3224.864990234375,1216.3402099609375,0.93399906
116,-117.13003179261987,50.74405637819278,1,207.056884765625,17.253934860229492,1336.026611328125,4.583287239074707,0.0126289576292037,-0.0353131853044033,0.732788622379303,11.0,7.521580696105957,1045.680419921875,2.3063135147094727,0.0037577787879854,31.746458053588867,-1.1608399152755735,31.975210189819336,1580.8240966796875,1737.171630859375,1479.9710693359375,0.9811267
117,-123.33201677255563,53.39650573990072,1,99.67940521240234,1.2611582279205322,853.7005615234375,8.231651306152344,0.0054181758314371,-0.0003319095121696,0.6342320442199707,2.0,10.304187774658203,501.5034790039063,2.1183290481567383,0.0040146308019757,35.77430725097656,-0.3718909621238708,55.19488143920898,421.420654296875,4115.2138671875,571.2278442382812,0.5408922
118,-124.08185093447106,55.994505706079366,1,102.30307006835938,0.2498988956212997,695.674072265625,8.423357009887695,-0.0008791762520559,0.0004922915832139,0.538450300693512,11.0,8.162421226501465,528.8864135742188,1.8413166999816892,0.0041203098371624,31.234786987304688,-0.0376682467758655,27.56184196472168,10500.765625,3047.3203125,10522.318359375,0.8928707
119,-117.55876510646296,51.52353937193436,1,,,1501.149658203125,5.236134052276611,,,0.701151430606842,11.0,5.8398213386535645,1279.6658935546875,2.1846280097961426,0.0037412045057862,33.21445083618164,-0.9894097447395324,32.42460250854492,6866.02490234375,4689.33837890625,6865.65966796875,0.975274
120,-122.622117249356,54.961388878018994,1,173.39512634277344,2.4863784313201904,763.0804443359375,10.047938346862791,0.0189942866563797,-0.0051370672881603,0.6921603679656982,2.0,8.10821533203125,782.8717041015625,2.317378282546997,0.0039602369070053,36.10991287231445,-0.0901973918080329,42.61970520019531,16890.220703125,653.6126098632812,17141.294921875,0.6987753
121,-125.85335021920986,53.519172412468016,1,220.40318298339844,1.6511446237564087,1153.094482421875,11.792160034179688,0.0059412973932921,-0.000626245571766,0.7174775004386902,11.0,7.950796127319336,537.5654296875,2.131054639816284,0.0039380514062941,32.7010498046875,-1.0804860591888428,66.75131225585938,14040.3583984375,5752.20361328125,13946.8232421875,0.8754141
122,-116.75696453684576,50.09025638064375,1,,,,,,,0.5509703755378723,11.0,7.707947731018066,911.0841064453124,2.6822423934936523,0.0040031317621469,31.12423515319824,-1.0971462726593018,41.54934310913086,7924.2978515625,795.7706298828125,8018.92724609375,0.9256886
123,-126.38396748619326,54.01512235278547,1,84.45140075683594,4.972603797912598,1147.0841064453125,5.213339805603027,-0.011193967424333,0.0272315517067909,0.6533552408218384,11.0,8.953272819519043,508.59954833984375,2.0704450607299805,0.0040479148738086,32.457271575927734,-1.0422691106796265,65.23668670654297,2212.267822265625,3081.152099609375,2207.126220703125,0.93519527
124,-122.02438257173138,50.364722785893655,1,116.8236083984375,11.029131889343262,1468.4293212890625,4.779249668121338,0.0221261270344257,-0.0260036792606115,0.7397136092185974,11.0,6.787671089172363,819.3955078125,2.5153207778930664,0.0037016374990344,31.45355987548828,-0.765381932258606,64.89411926269531,2228.300537109375,2287.033203125,2365.75634765625,0.9795823
125,-120.75401599717776,52.44533903005658,1,246.74337768554688,13.615896224975586,1528.418701171875,5.690234184265137,-0.0446441546082496,0.0195899344980716,0.6599904894828796,2.0,8.806740760803223,903.6189575195312,2.291318416595459,0.0041627651080489,37.42790222167969,-0.3495713770389557,40.66334915161133,10836.369140625,2225.713623046875,10829.666015625,0.83171386
126,-126.75348427200557,53.30208828993173,1,187.52735900878903,3.1568715572357178,906.06005859375,11.184366226196287,0.012376426719129,-0.0008042688132263,0.343959778547287,1.0,8.472550392150879,999.282470703125,2.1267857551574707,0.0041784839704632,32.71238708496094,-1.2275352478027344,67.54540252685547,49026.91015625,227.28160095214844,48992.140625,0.915388
127,-126.41530064443047,54.41015535608677,1,214.30587768554688,2.3452577590942383,856.2677001953125,7.58154821395874,-0.007607449311763,0.0120398895815014,0.6890825033187866,11.0,8.736547470092773,504.6790466308594,2.12100601196289,0.0040414691902697,33.03064727783203,-1.0860151052474976,64.796875,1410.26123046875,696.3720703125,1852.517333984375,0.94655156
128,-126.63081734111972,53.536505310707724,1,343.2279052734375,4.732600688934326,1272.395263671875,6.7233476638793945,-0.0053321430459618,-0.0005124093731865,0.7093217968940735,2.0,7.380614757537842,833.308837890625,2.1675703525543213,0.0040228264406323,32.35518264770508,-0.959655225276947,81.5744400024414,25851.185546875,5864.45166015625,25774.60546875,0.4727115
129,-127.6510173344555,53.12500516758704,1,220.97950744628903,24.08551979064941,274.1346130371094,7.695879459381103,0.0681135430932045,-0.0042142183519899,0.8677557110786438,8.0,7.835854053497314,2305.633056640625,2.958866834640503,0.0044273133389651,35.38753128051758,-1.0318257808685305,46.58845138549805,40876.61328125,318.1322326660156,40765.5390625,0.45848837
130,-117.12131477530528,50.69308937608993,1,92.64822387695312,21.86845970153809,,,0.0268680360168218,0.0070551983080804,0.7570508718490601,11.0,7.659038543701172,1026.115478515625,2.291672945022583,0.0037913953419774,31.454444885253903,-1.2299954891204834,31.90329360961914,1411.1328125,1458.9852294921875,1446.7938232421875,0.9925136
131,-122.3861987246448,50.6806227562678,1,158.2758331298828,23.57479286193848,776.15283203125,6.268202781677246,-0.0301381386816501,0.0030454692896455,0.5947686433792114,2.0,9.174556732177734,662.6920166015625,2.3617053031921387,0.0039213309064507,30.07400894165039,-0.8646408915519714,49.02149200439453,305.0372619628906,1139.9703369140625,632.7631225585938,0.8638394
132,-122.66563268807047,50.399088710974645,1,257.1236877441406,27.912919998168945,1480.426513671875,5.274211883544922,-0.0029499395750463,0.035640925168991,0.6672887802124023,11.0,9.88398551940918,886.9130249023438,2.1327056884765625,0.0042221513576805,31.11405372619629,-0.937438428401947,56.31143569946289,2835.84228515625,2636.835693359375,2859.60400390625,0.9971578
133,-115.4511471675329,49.67838950002662,1,81.65258026123047,14.027000427246094,1676.810791015625,6.593204021453857,0.079060785472393,-0.0282049309462308,0.6691035628318787,2.0,6.951514720916748,746.769775390625,3.775470495223999,0.0037076144944876,31.834030151367188,-0.914473295211792,52.32585906982422,797.95703125,3186.682861328125,794.37939453125,0.9632835
134,-117.4749818660176,50.767089339737616,1,201.7542266845703,25.31827735900879,1719.786865234375,5.909272193908691,-0.0223428830504417,0.0993446335196495,0.7681232690811157,11.0,5.354827880859375,1413.452392578125,2.4800591468811035,0.0038479305803775,31.727558135986328,-1.2308681011199951,33.267601013183594,9570.58984375,5383.8564453125,9673.05859375,0.993493
135,-125.03296748304102,54.54472254530712,1,299.43927001953125,6.251237392425537,903.0363159179688,6.653316020965576,0.0065154205076396,-0.001355561078526,0.6962459087371826,11.0,8.340473175048828,519.9891357421875,1.984080791473389,0.0040431823581457,34.944297790527344,-0.698589026927948,65.58763885498047,6790.435546875,2311.559326171875,7195.95068359375,0.8182541
136,-125.29296744545084,54.34205550605287,1,230.32667541503903,9.588983535766602,1270.234130859375,7.790356636047363,0.0185923259705305,0.0015759428497403,0.6503555774688721,2.0,7.680422306060791,549.8267822265625,2.153555393218994,0.0039231055416166,34.688655853271484,-0.7583732008934021,78.28319549560547,4483.43701171875,2603.846435546875,4621.2255859375,0.5763116
137,-121.88946567134184,50.78308882030375,1,159.7298583984375,27.44725799560547,828.2655639648438,5.170114517211914,0.0249996669590473,-0.0561609044671058,0.5543763637542725,11.0,11.982399940490724,372.32958984375,2.354804515838623,0.0041828644461929,27.56258583068848,-1.041235327720642,32.71770477294922,731.8960571289062,1601.88671875,704.6488037109375,0.98662275
138,-120.00041887248037,59.463006350113865,1,,,,,,,,11.0,,,,,,,,,,,0.51165277
139,-120.06073190481624,49.17258895398636,1,128.12120056152344,14.16757106781006,1838.79443359375,5.336662769317627,-0.0229120701551437,-0.0005772122531197,0.6691380143165588,2.0,9.62647819519043,508.3123168945313,2.720224142074585,0.0039932229556143,31.78428649902344,-1.2266695499420166,55.59654998779297,3419.685791015625,3686.810791015625,3338.76318359375,0.9847452
140,-122.9739328735916,50.85613869272073,1,214.81956481933597,28.144865036010746,1410.2010498046875,4.755485534667969,0.003267107065767,0.0113909542560577,0.5797497034072876,11.0,8.286931037902832,697.9531860351562,2.264883756637573,0.003682697424665,29.51469993591309,-1.0711458921432495,45.11121368408203,4467.1123046875,1537.46533203125,4426.7939453125,0.9944507
141,-124.54463499080472,55.94677264108073,1,225.87774658203125,4.342719554901123,916.5194702148438,8.09094524383545,-0.0071391854435205,0.0117983967065811,0.5766538977622986,11.0,6.862582206726074,547.44482421875,1.920757532119751,0.0036380363162606,32.80387115478516,-0.1155555546283721,45.06280517578125,14787.4111328125,2029.8304443359373,14714.09765625,0.92019993
142,-121.71513251420576,50.34742282137852,1,70.3258056640625,24.66520500183105,1499.9825439453125,6.361522197723389,0.0235489048063755,-0.0300190672278404,0.6096497774124146,11.0,8.776433944702148,673.9204711914062,2.4363460540771484,0.0040690265595912,31.601348876953125,-0.7432985901832581,66.5469970703125,2790.48681640625,3352.9150390625,2746.8369140625,0.9931375
143,-122.09218252381574,50.16667276897999,1,,,,,,,0.4746484160423279,11.0,7.382837772369385,912.35205078125,2.364397525787353,0.003908968064934,32.11981201171875,-0.8684588074684143,68.58025360107422,20695.76953125,2012.2271728515625,20608.892578125,0.79153913
144,-128.72243527625136,55.14617205017766,1,261.0552978515625,15.20396900177002,1084.7333984375,4.583072662353516,-0.0002746578247752,0.0201966855674982,0.6784475445747375,2.0,6.800933361053467,1232.5518798828125,2.3193359375,0.0039518871344625,32.02277755737305,-0.6311343312263489,54.59771728515625,17223.447265625,7253.3583984375,17205.291015625,0.40761277
145,-123.31593288462344,50.70780564553344,1,182.5523681640625,21.39329719543457,1633.0477294921875,6.966187000274658,0.0339039079844951,0.03938614949584,0.55461186170578,11.0,5.815945148468018,913.3956298828124,2.267069101333618,0.0036389580927789,27.71744155883789,-1.2206573486328125,51.24591064453125,10740.708984375,9197.31640625,10638.6025390625,0.9226494
146,-123.09288283442454,50.66157267085988,1,256.84771728515625,21.85103225708008,1494.297607421875,6.087998390197754,0.0187363047152757,0.0365293137729167,0.6334160566329956,2.0,6.23342227935791,860.8651123046875,2.262770891189575,0.0035712290555238,28.86221694946289,-1.158764123916626,55.09807205200195,3766.631591796875,2889.972900390625,3934.9140625,0.9019566
147,-125.17855048024094,54.47563852432186,1,134.2156982421875,13.188342094421388,1048.6558837890625,6.495394229888916,-0.005473899655044,0.0681558400392532,0.5981211066246033,11.0,8.323732376098633,516.9071655273438,2.013606309890747,0.0040220511145889,34.55649185180664,-0.8208627700805664,67.8138427734375,12401.0029296875,1518.8590087890625,12563.1884765625,0.92564964
148,-117.29564779298909,50.63233935196189,1,158.4746856689453,24.63430595397949,1759.9403076171875,5.083520412445068,-0.0052921674214303,0.0079914182424545,0.6523106694221497,11.0,5.461453437805176,1317.912841796875,2.6764137744903564,0.0038350310642272,31.14470863342285,-1.2781944274902344,34.64297103881836,9462.359375,2644.845458984375,9510.02734375,0.9940725
149,-116.21418023711128,49.360172394443566,1,222.2465667724609,17.88275909423828,1745.609130859375,4.76481819152832,-0.0565103031694889,0.0439268127083778,0.7038409113883972,11.0,8.060837745666504,791.6312255859375,3.064765453338623,0.003861327888444,33.29032897949219,-0.9632012248039246,72.97476959228516,3027.182861328125,10728.8623046875,3141.33203125,0.9563836
150,-125.7000159721308,49.76408832485983,1,72.294921875,12.15880012512207,566.5322875976562,7.320919036865234,-0.0185185763984918,0.0238062404096126,0.5055751800537109,2.0,9.612215995788574,1985.2796630859373,2.770580053329468,0.0049879113212227,38.21382522583008,-1.6765625476837158,97.2170181274414,7118.25732421875,2840.2607421875,7076.17822265625,0.19422951
151,-116.47953172162222,50.94367346500298,1,237.18792724609372,16.914045333862305,1565.031982421875,5.225467205047607,-0.0920449420809745,0.00871720071882,0.7149885296821594,2.0,10.007201194763184,509.7249755859375,2.019188404083252,0.0040160785429179,29.151708602905277,-1.0188888311386108,20.95857810974121,1575.1055908203125,2130.829345703125,1462.822998046875,0.95137626
152,-122.04396555825194,50.307888780894125,1,131.80215454101562,21.88877487182617,1460.85498046875,4.611853122711182,0.0006466128979809,0.0337881036102771,0.7779191732406616,11.0,7.513343334197998,807.3353881835938,2.4210007190704346,0.0038281488232314,31.86379051208496,-0.8037499785423279,64.02223205566406,4677.97900390625,4657.91357421875,4584.44091796875,0.9862986
153,-123.60466862239636,57.65097280320241,1,103.82660675048828,7.7087788581848145,1182.1951904296875,4.819077968597412,0.0165556799620389,-0.0614828914403915,0.6820890307426453,11.0,5.230014801025391,636.4703979492188,2.2392091751098637,0.0032812210265547,34.20228958129883,0.1175713986158371,44.972938537597656,35164.94140625,900.2561645507812,35151.890625,0.46931702
154,-117.06834777990196,50.74195638466549,1,171.81475830078125,30.80460929870605,1531.37353515625,6.849138259887695,-0.0203053839504718,0.0474993586540222,0.7353641986846924,2.0,6.904768466949463,1069.6756591796875,2.4157094955444336,0.0037203228566795,31.49933433532715,-1.1664930582046509,32.74651336669922,4521.40771484375,2819.177978515625,4448.6943359375,0.98038304
155,-125.57331588166576,49.50760533060362,1,226.7766876220703,16.915403366088867,1163.0899658203125,5.3124165534973145,0.0018589507089927,0.0146515714004635,0.4874476194381714,2.0,9.132076263427734,2154.73095703125,2.9616386890411377,0.0050354376435279,37.60338973999024,-1.7293140888214111,116.68399047851562,6987.17822265625,2184.468017578125,6841.02197265625,0.13500816
156,-115.00821395641044,49.20667351584935,1,71.57949829101562,15.05602741241455,1443.85546875,6.169334888458252,0.0598610080778598,-0.0547572933137416,0.7308658361434937,2.0,9.699726104736328,713.1065673828125,3.555130243301392,0.0042555364780128,36.58422088623047,-0.9906655550003052,69.11418151855469,2169.114013671875,2101.639404296875,2077.853271484375,0.740247
157,-116.24284755822616,50.53433946663033,1,312.4515686035156,18.03415870666504,1948.3157958984373,5.7213897705078125,-0.0219845417886972,0.0089319488033652,0.6322728991508484,11.0,7.1924147605896,712.2725219726562,2.9016003608703613,0.0039141229353845,30.59796142578125,-1.1775139570236206,35.39004898071289,3247.634521484375,3995.515869140625,3071.01318359375,0.9937495
158,-117.3171318466498,50.804589360066224,1,159.30868530273438,17.330894470214844,1478.9398193359375,6.708258152008057,0.012914266437292,0.0547310747206211,0.6658750176429749,11.0,6.182523727416992,1270.0081787109375,2.406369924545288,0.0037126960232853,32.14875411987305,-1.2333850860595703,33.19758224487305,8744.17578125,991.015869140625,8791.4130859375,0.99099827
159,-120.46611607723077,52.83735608233375,1,140.84564208984375,19.053525924682617,1120.4385986328125,7.322132587432861,0.0581554099917411,0.0134192248806357,0.730950653553009,11.0,6.7722272872924805,1013.5894775390624,2.3414230346679688,0.0036971669178456,34.68437576293945,-0.1544119864702224,36.96969223022461,26065.29296875,515.6090087890625,26065.51953125,0.9906662
160,-124.62909983043352,52.971022558697705,1,155.16075134277344,0.8092299699783325,1351.6478271484375,7.954793453216553,0.0022134142927825,-0.0035552287008613,0.4849392175674438,11.0,8.873208999633789,433.5976257324219,2.264454126358032,0.0038282293826341,31.59596443176269,-1.0536043643951416,44.16680145263672,15118.833984375,3401.2314453125,13278.3466796875,0.96671695
161,-126.78401819202742,55.59630532543038,1,225.38140869140625,2.1913304328918457,859.3626098632812,7.706852912902832,-0.0035829520784318,0.0017938463715836,0.6930850744247437,2.0,7.977837562561035,642.0167236328125,1.9409973621368408,0.0039001379627734,34.039512634277344,-0.1726849377155304,63.83636474609375,5022.32421875,3152.00244140625,5093.3486328125,0.45862314
162,-116.94188173204144,50.66047339486972,1,238.0440826416016,20.160531997680664,1476.7330322265625,4.3210883140563965,0.0652112439274787,0.002480111317709,0.8584764003753662,2.0,6.067507743835449,1060.5947265625,2.662053108215332,0.0037816204130649,30.802513122558597,-1.2438840866088867,34.60404968261719,7480.33935546875,1601.4915771484375,7494.00439453125,0.9844642
163,-127.5990173234001,53.11400517452027,1,,,271.5612487792969,7.976186752319336,,,0.8085416555404663,2.0,8.20846176147461,2281.531005859375,2.831760883331299,0.0043960236944258,35.9579963684082,-1.0018101930618286,47.0611572265625,43202.28515625,991.0467529296876,41926.83984375,0.09048688
164,-120.20013487421592,57.42902327442744,1,229.4826202392578,1.2547725439071655,844.7384643554688,6.934274673461914,0.0003215100732631,0.0004070778668392,0.6877995729446411,2.0,5.658799648284912,487.5084533691406,3.326945304870605,0.0036835223436355,35.91010665893555,0.2824185788631439,45.78899765014648,61781.84375,7954.24609375,49110.1796875,0.46016175
165,-123.84718388914736,53.481505674498,1,113.45244598388672,9.26328945159912,1262.578857421875,6.268592834472656,0.0174844302237033,-0.0095133567228913,0.7135331630706787,2.0,9.197010040283203,498.66546630859375,2.223152637481689,0.0039710979908704,34.94205474853516,-0.4508680701255798,55.57649230957031,1414.5887451171875,8278.5654296875,1467.458740234375,0.8611511
166,-125.64346745937996,54.23517245530991,1,205.2153167724609,5.576940536499023,918.9767456054688,6.26566219329834,0.0048208353109657,0.0057159336283802,0.6557416915893555,11.0,8.491218566894531,506.1804809570313,2.075601100921631,0.003973907791078,33.83769226074219,-1.0086805820465088,68.78363037109375,1365.554443359375,2331.236572265625,1360.62939453125,0.9586343
167,-123.48046638255975,52.20045568079647,1,92.3164520263672,2.113781452178955,1067.947265625,8.418586730957031,-0.0031774335075169,5.258022792986594e-05,0.5706570148468018,11.0,10.68898105621338,348.435791015625,2.118516683578491,0.00380335515365,27.569299697875977,-0.9553595781326294,26.752351760864254,1097.4219970703125,5697.5810546875,1126.6673583984375,0.7726851
168,-125.27618448849236,54.45470551049443,1,314.7267761230469,4.9737420082092285,940.6119384765624,6.261441707611084,0.0082671055570244,0.004214143846184,0.7022682428359985,2.0,8.429525375366211,510.7124633789063,2.014404535293579,0.0040055401623249,34.268733978271484,-0.7961783409118652,68.21196746826172,5522.02587890625,1766.8038330078125,5602.21484375,0.43875414
169,-126.65085314426372,59.52483837790298,1,195.97586059570312,2.1478826999664307,778.8209228515625,7.345242023468018,0.0004649741458706,-0.0040498659946024,-0.0970679596066474,2.0,5.411929130554199,494.259033203125,1.4536566734313965,0.0034564530942589,29.97223663330078,0.2430677115917205,35.291500091552734,8144.93994140625,1282.577880859375,7982.38916015625,0.10063338
170,-125.81423359155956,51.73473837195903,1,,,1205.827392578125,6.984896659851074,-0.0546389035880565,0.0496072433888912,0.687107264995575,11.0,6.495973110198975,952.8960571289062,2.2643253803253174,0.0036149006336927,28.91464233398437,-1.008611083030701,48.45128631591797,55899.09765625,1026.710205078125,55962.11328125,0.92022496
171,-117.76681481955492,50.40530628500237,1,114.79517364501952,22.528268814086918,1374.56494140625,4.313669681549072,-0.0774648115038871,0.1705353707075119,0.809865415096283,11.0,7.36572265625,1262.475341796875,2.355294942855835,0.0044683460146188,33.96929168701172,-1.2621874809265137,44.51975631713867,4403.86279296875,4099.41162109375,4571.2265625,0.98137146
172,-117.59739780293522,50.46200630769888,1,243.06895446777344,19.989126205444336,1671.1971435546875,5.333916187286377,-0.0099203251302242,0.0707754641771316,0.6491239666938782,8.0,7.125675678253174,1284.4632568359375,2.3527045249938965,0.0038742013275623,33.21995544433594,-1.236488938331604,38.99953079223633,3187.25634765625,1045.7984619140625,3140.433349609375,0.983986
173,-124.84355169012449,57.35338862272916,1,163.7532196044922,7.9125823974609375,1037.9642333984375,8.108732223510742,0.0650819614529609,-0.0290252324193716,0.6846551895141602,2.0,4.875271797180176,600.1183471679688,1.900991678237915,0.0032224426977336,30.73568153381348,0.3475137054920196,21.328523635864254,35934.515625,1246.940185546875,31892.431640625,0.324045
174,-122.7344327567524,50.59588871093943,1,221.1623077392578,16.268310546875,1770.6099853515625,5.904678821563721,-0.0309739056974649,0.0764290317893028,0.6310547590255737,11.0,6.9034929275512695,836.1815185546875,2.347007751464844,0.003610495943576,30.05253791809082,-1.0121785402297974,56.24281692504883,5551.5107421875,4840.40625,5682.91064453125,0.9852867
175,-117.10514766092496,50.29528935416162,1,278.3844909667969,24.89967155456543,1641.2501220703125,5.192088127136231,0.0777768418192863,-0.0106837637722492,0.6835386157035828,2.0,5.574374198913574,1173.56494140625,2.869668245315552,0.0040315575897693,30.248645782470703,-1.4176079034805298,40.13874816894531,3344.925048828125,7563.25439453125,3528.13525390625,0.9584582
176,-126.76116765444884,54.30527230747465,1,168.4725799560547,6.201498985290527,1163.47021484375,6.086964130401611,0.0153363645076751,0.0122355856001377,0.7049017548561096,11.0,7.854719638824463,647.093505859375,2.3125693798065186,0.0040607065893709,33.22727966308594,-0.9868605136871338,77.27079772949219,5431.931640625,5695.34130859375,5301.92724609375,0.92962575
177,-116.61488151834472,50.12300639885266,1,238.40635681152344,21.636449813842773,1846.5003662109373,4.470798492431641,0.0397662967443466,0.0275426525622606,0.6932723522186279,11.0,5.73009729385376,959.1934204101562,3.090522050857544,0.0035548121668398,29.19023704528809,-1.3708332777023315,40.589447021484375,18166.685546875,4496.84765625,18200.787109375,0.99297535
178,-125.89871776068982,54.893405435465766,1,77.29955291748047,8.608778953552246,1023.9661254882812,5.27859354019165,-0.0152466753497719,0.0044002020731568,0.7134283185005188,11.0,7.728932380676269,544.3029174804688,2.0790414810180664,0.0040741725824773,33.28285217285156,-0.8036458492279053,62.306976318359375,8442.271484375,1366.7696533203125,8520.6201171875,0.91701084
179,-119.95251487629032,49.13412296291892,1,308.2093200683594,18.0235538482666,1708.448486328125,5.283501625061035,0.0442809276282787,-0.0715750083327293,0.7101605534553528,11.0,8.544316291809082,560.9382934570312,2.870242118835449,0.0039189192466437,31.84492301940918,-1.3224409818649292,58.455413818359375,3791.17041015625,4851.595703125,3686.462158203125,0.9885261
180,-123.44926590256412,50.69783862960254,1,240.01564025878903,22.983030319213867,1670.6231689453125,5.367408752441406,0.0059461845085024,0.0155424959957599,0.4749472737312317,11.0,7.610204219818115,894.2717895507812,2.039602518081665,0.0037238879594951,29.10696792602539,-1.041321873664856,47.24265670776367,6384.77197265625,2972.56591796875,6297.57421875,0.99156815
181,-126.69080045127998,53.80763830787705,1,171.55422973632812,1.729031682014465,918.4710083007812,7.67106294631958,0.003419034415856,0.002071312861517,0.5560586452484131,2.0,8.426119804382324,709.400390625,2.1270148754119877,0.0039921938441693,33.09962463378906,-1.0390971899032593,77.73406982421875,409.3389892578125,4042.591552734375,225.39920043945312,0.79153824
182,-115.63431436370216,50.2736735192825,1,295.379638671875,13.152826309204102,1606.3614501953125,6.877632141113281,0.0148880686610937,-0.0149634797126054,0.6601611375808716,2.0,8.837814331054688,558.7788696289062,3.0348925590515137,0.0037563829682767,31.27272605895996,-0.9251388907432556,30.02814483642578,3915.15966796875,3547.360595703125,3956.4541015625,0.9477044
183,-123.22413660947154,59.64312288643299,1,275.8800964355469,0.960377871990204,558.8624267578125,8.030452728271484,0.002611183328554,-0.0011990171624347,0.7043354511260986,11.0,4.628787994384766,515.1134643554688,1.7720344066619873,0.0035773683339357,34.974098205566406,-0.079444445669651,88.24736022949219,6992.6142578125,7859.921875,6945.49853515625,0.898034
184,-121.26621509634764,49.1088558140856,1,132.0663604736328,22.799190521240234,1276.84130859375,5.31037187576294,0.0469807982444763,-0.0743747353553772,0.8388041257858276,2.0,8.72097110748291,1229.5611572265625,2.3826632499694824,0.0045199119485914,36.1559944152832,-1.0531597137451172,128.24253845214844,885.841796875,5766.625,890.5098876953125,0.76144856
185,-126.17370035279812,53.75035537592906,1,50.44817352294922,2.7907845973968506,901.0844116210938,11.304018020629885,0.0093866353854537,-0.006065571680665,0.603943407535553,2.0,8.801501274108887,466.8985595703125,2.0586376190185547,0.0041795652359724,31.38096237182617,-1.1046972274780271,61.29278564453125,8783.75,926.8109741210938,8722.9404296875,0.81559896
186,-123.55271563427668,49.71225557726689,1,,,,,,,0.8293460011482239,2.0,11.056490898132324,1792.5357666015625,2.840034008026123,0.0051432480104267,,-1.131493091583252,,,,,0.034518786
187,-120.91181794380816,57.27910617300724,1,104.63717651367188,0.2163510769605636,803.9147338867188,7.878116130828857,0.0004590982571244,9.386333113070576e-05,0.6392612457275391,2.0,5.406269550323486,480.8798522949219,3.021653413772583,0.0037135349120944,35.27057266235352,0.193544715642929,45.80177307128906,31112.515625,17593.17578125,31036.646484375,0.61771894
188,-127.50751730019851,53.08975518643833,1,249.33767700195312,21.21429443359375,281.7933959960937,5.607466220855713,0.0593522265553474,-0.0067772776819765,0.8112805485725403,11.0,8.554237365722656,2195.562744140625,2.6618006229400635,0.0043293084017932,36.58808898925781,-1.046215295791626,48.28713607788086,47134.22265625,1063.9154052734375,44382.125,0.26387167
189,-124.4426847257614,55.366505643642135,1,190.75384521484372,4.072348594665527,1182.40966796875,7.400675296783447,0.0201062932610511,0.0004225097072776,0.5476712584495544,11.0,6.336605072021484,597.7972412109375,2.1046364307403564,0.003632680280134,32.95222473144531,-0.253784716129303,49.49008941650391,780.5491943359375,9233.4736328125,933.9165649414062,0.9704357
190,-117.13896463062504,50.16192334176371,1,187.2890167236328,26.917430877685547,1538.5677490234375,5.577871322631836,-8.437014184892178e-05,0.1086044386029243,0.7556539177894592,2.0,6.876420974731445,1089.895263671875,2.6395480632781982,0.0038207748439162,31.353660583496094,-1.3334026336669922,43.25453186035156,11706.4130859375,8468.6884765625,11649.2314453125,0.9679233
191,-126.59936752879604,54.04542232524215,1,201.95399475097656,8.256391525268555,946.6174926757812,6.593531131744385,0.0196992494165897,-0.0045263464562594,0.7030380368232727,11.0,8.56450366973877,597.4271240234375,2.136963367462158,0.0039725615642964,33.14509201049805,-0.9535176157951356,74.7582778930664,820.646240234375,4175.11572265625,1088.9051513671875,0.97297376
192,-115.37423137217836,50.49558956234265,1,260.1001281738281,18.72713851928711,2087.598876953125,6.4612812995910645,-0.0466632880270481,0.0086040506139397,0.6138715744018555,11.0,6.432804584503174,631.6649169921875,3.650283098220825,0.0034995041787624,30.08202171325684,-0.9070796370506288,29.246919631958008,1914.8814697265625,2579.990966796875,2067.8935546875,0.99645776
193,-123.18735070713508,55.82550582439753,1,74.8341064453125,20.35697364807129,1108.357177734375,4.616476535797119,0.0109156370162963,0.0778769925236702,0.7540226578712463,11.0,6.023116111755371,728.5662231445312,2.365790843963623,0.0036023852881044,34.09522247314453,0.309123694896698,42.93986129760742,22700.115234375,3657.16259765625,22653.74609375,0.82284683
194,-126.10098423475516,53.461605378799085,1,67.86124420166016,0.9269438982009888,1301.5408935546875,8.15538215637207,0.0040803081355988,-0.0023875378537923,0.5942694544792175,1.0,7.263782501220703,620.8576049804688,2.181025505065918,0.0038387249223887,32.142906188964844,-1.1158286333084106,80.33145141601562,30729.865234375,856.6231689453125,30671.759765625,0.60817355
195,-126.68374871371374,56.78571835456113,1,278.82598876953125,2.7385706901550293,1303.7913818359375,8.013465881347656,-0.0007831008988432,0.000968515058048,0.5921282768249512,2.0,4.799007892608643,646.0574340820312,1.9889863729476929,0.0033399476669728,30.00599670410156,0.2813642621040344,27.70799827575684,90098.9375,6237.58203125,66583.0546875,0.55261534
196,-115.73684748329892,50.62978952975951,1,214.3285217285156,16.907808303833008,1847.5364990234373,6.232632637023926,0.0254926811903715,-0.0323322042822837,0.6567144989967346,11.0,7.703456401824951,583.0027465820312,3.1166675090789795,0.0035321395844221,30.24346351623535,-0.9821996092796326,26.432138442993164,3855.770751953125,4325.03173828125,3827.76025390625,0.9934956
197,-121.23243461049393,56.416073105464825,1,329.8324584960937,3.915971517562866,788.0836181640625,7.037497520446777,-0.0056325593031942,0.0076179169118404,0.7676701545715332,2.0,7.489058017730713,499.5959777832031,2.8795530796051025,0.0037487260997295,36.77375793457031,0.2204513847827911,36.61173248291016,1072.091796875,8596.255859375,929.6043090820312,0.46198943
198,-126.27736600602223,49.59193824926549,1,252.0980987548828,17.550716400146484,813.5035400390625,4.812473297119141,-0.0583019070327281,-0.0072722844779491,0.7987061738967896,2.0,10.918662071228027,2817.153076171875,3.9116697311401367,0.0057333949953317,44.52316284179688,-1.7450346946716309,70.46159362792969,14686.3984375,2187.807861328125,14883.607421875,0.11222254
199,-119.9618150491894,49.77103899738291,1,315.047119140625,15.05405044555664,1389.1270751953125,6.756263256072998,-0.0013252976350486,0.0178252179175615,0.695261538028717,2.0,9.23029899597168,509.9006652832031,2.5645506381988525,0.0041148862801492,33.278114318847656,-1.1621527671813965,58.451271057128906,833.7257690429688,1409.9967041015625,942.2902221679688,0.9262093
200,-115.7134312024331,49.61080646732746,1,76.72139739990234,1.2196133136749268,820.9859008789062,6.624639987945557,-0.0112361293286085,0.0149511182680726,0.5167309045791626,11.0,12.446977615356444,378.1707763671875,2.4552128314971924,0.0044146343134343,29.3431453704834,-1.7399780750274658,32.68236541748047,88.31147766113281,513.973876953125,279.8548278808594,0.9467043
201,-126.95318725450072,59.62800533259937,1,19.045061111450195,3.280294179916382,529.3204956054688,7.585117816925049,0.0078974366188049,-0.0013608202571049,0.5656928420066833,2.0,5.067096710205078,470.0507507324219,1.3684097528457642,0.0034394501708447,29.54913330078125,0.3442421853542328,38.34992980957031,3249.81884765625,1539.9505615234375,3190.84619140625,0.31373966
202,-134.25227128257552,59.704054212611545,1,105.09030151367188,1.9837268590927124,689.0036010742188,11.12906265258789,-0.0044653988443315,0.0091686267405748,0.3059929311275482,1.0,6.607665061950684,429.8782043457031,2.7581307888031006,0.003350960323587,28.13895797729492,-0.5633819699287415,51.71287536621094,27020.076171875,380.1779479980469,27002.7578125,0.509477
203,-124.61473267768211,49.283355434972655,1,36.69243621826172,25.95285987854004,417.3789367675781,6.345359802246094,0.034519076347351,-0.0171749237924814,0.6845436692237854,2.0,11.654109954833984,1697.377197265625,2.976219892501831,0.0061251753941178,43.201751708984375,-1.5063692331314087,154.72702026367188,415.613525390625,800.385498046875,323.5796203613281,0.41497096
204,-117.26684778326816,50.61767335477973,1,210.7199859619141,19.09558486938477,1967.4158935546875,6.748993873596191,0.0013530588475987,0.0186380725353956,0.6018261313438416,2.0,5.072846412658691,1326.3243408203125,2.7659480571746826,0.0038524477276951,30.738643646240234,-1.402841567993164,34.625003814697266,9812.548828125,5003.48583984375,9977.4091796875,0.95816666
205,-123.67031754356432,55.24018874473093,1,280.0616455078125,3.826330423355103,835.5757446289062,6.901870250701904,0.0276363845914602,0.0156359169632196,0.5992144346237183,11.0,7.74694299697876,624.7467041015625,2.098260402679444,0.0037198311183601,33.61448287963867,-0.3546430170536041,48.463653564453125,8413.5859375,40.59748458862305,8421.6962890625,0.90788245
206,-117.01309768711096,50.45153937392948,1,319.186279296875,16.807479858398438,1722.9276123046875,6.698157787322998,0.0201298296451568,-0.003923219628632,0.6630491614341736,11.0,7.923939228057861,1000.073486328125,2.3930184841156006,0.0041658254340291,31.791671752929688,-1.1906944513320925,34.15680694580078,5196.90478515625,2395.75390625,5077.93994140625,0.99060786
207,-121.07114911140236,52.61655599798989,1,153.17164611816406,14.44278335571289,1229.2108154296875,5.892798900604248,0.0240946561098098,-0.0088031888008117,0.6887883543968201,2.0,8.648200035095215,917.2442626953124,2.4067506790161133,0.0039064018055796,37.34154510498047,-0.2550688087940216,41.61603164672852,7924.4599609375,3303.111083984375,8020.51318359375,0.76658136
208,-125.20315010085676,53.47137249751604,1,195.6435394287109,2.891500949859619,1058.2064208984375,6.356970310211182,-0.0182836782187223,0.0177611764520406,0.5981987714767456,11.0,9.547788619995115,459.8199157714844,2.0757317543029785,0.0040977243334054,31.877405166625977,-1.0928819179534912,45.18424224853516,2285.645751953125,1783.4853515625,2110.911865234375,0.9498444
209,-126.92275060351004,54.11598828238671,1,73.22039794921875,8.30937385559082,1267.0704345703125,8.838610649108887,0.0230161175131797,-0.0224222484976053,0.6733167767524719,11.0,7.697035789489746,777.0357666015625,2.3443970680236816,0.00397514924407,33.579803466796875,-0.92048841714859,81.90408325195312,7084.85400390625,2706.717041015625,7127.26220703125,0.8877103
210,-127.07116738988512,53.49925525185817,1,85.43928527832031,5.266226291656494,937.09130859375,10.772085189819336,-0.0191254243254661,0.015763996168971,0.3203695118427276,2.0,7.827301979064941,1197.296875,2.2464609146118164,0.0040266551077365,32.49162292480469,-1.0876662731170654,64.82552337646484,24147.75,169.53390502929688,23991.640625,0.9359078
211,-119.4610650031516,49.934273063656825,1,192.65032958984372,11.075428009033203,588.0149536132812,5.525880336761475,-0.0421770401298999,0.0026058820076286,0.5451607704162598,7.0,14.93844223022461,341.1899719238281,2.198540210723877,0.0048302193172276,26.915197372436523,-1.6497472524642944,37.59687805175781,162.52500915527344,1147.958251953125,363.2649841308594,0.83327353
212,-121.22193465126124,56.51122310966442,1,63.08916473388672,1.488497972488403,830.0448608398438,6.969120025634766,-0.0024102935567498,0.0019321447471156,0.7182746529579163,2.0,7.086535930633545,508.2147216796875,2.9227547645568848,0.0037468671798706,36.86951446533203,0.185664102435112,37.66497421264648,629.1848754882812,4743.330078125,651.2057495117188,0.34571758
213,-119.63284802738411,49.90812304306546,1,92.70121002197266,11.812129020690918,1186.247314453125,6.265181064605713,0.0262329187244176,-0.0057555302046239,0.7061195969581604,11.0,10.304901123046877,490.6087341308594,2.4405298233032227,0.0044546788558363,31.98709297180176,-1.1958013772964478,51.076171875,3773.04638671875,4215.77685546875,2190.31396484375,0.983155
214,-119.44131502572188,50.02750607135526,1,167.3123016357422,1.093404769897461,565.892822265625,8.610042572021484,-0.0534472204744815,0.0226323399692773,0.2991455197334289,11.0,15.06395435333252,350.5879211425781,2.136319875717163,0.0047108107246458,27.46866226196289,-1.444233536720276,39.42201614379883,442.0365905761719,1112.21337890625,408.09906005859375,0.9787362
215,-123.55972134975003,52.062178666063446,1,251.9479522705078,3.926941156387329,815.0882568359375,7.276713371276855,0.0072074751369655,0.0053433324210345,0.5368773937225342,11.0,11.355550765991213,343.3900756835937,2.02839994430542,0.0038585329893976,27.19279670715332,-1.0321959257125854,28.29107666015625,290.9721374511719,887.0667114257812,438.8661804199219,0.9268284
216,-126.0436662003008,50.37087230318623,1,229.20127868652344,10.601689338684082,667.8624877929688,5.859054088592529,0.0121309980750083,-0.0149083621799945,0.5966708660125732,2.0,9.744977951049805,1947.55322265625,3.2310802936553955,0.0054827551357448,40.21816635131836,-1.3066898584365845,72.86450958251953,3463.643310546875,5279.99853515625,3294.333740234375,0.0672799
217,-119.5056807628656,49.00105600708979,1,,,,,,,,11.0,15.071743965148926,294.3722839355469,2.5468590259552,,,,,,,,0.95494395
218,-121.64001539698086,49.98150581339841,1,278.9446716308594,24.99262809753418,967.26416015625,4.36273193359375,0.0160286780446767,0.0160875767469406,0.6852676272392273,11.0,9.530491828918455,812.08935546875,2.216049194335937,0.0044594658538699,34.51579666137695,-0.6968749761581421,92.1733627319336,3109.94580078125,2206.951416015625,3248.892578125,0.8011776
219,-131.2842207406776,59.38550467552373,1,121.72615814208984,1.7878533601760864,1084.2509765625,6.916438102722168,0.0017755622975528,-0.0005207371432334,0.6383121609687805,2.0,4.37194299697876,569.2692260742188,2.140407085418701,0.0031775841489434,29.205745697021484,0.2979884147644043,50.80462646484375,57440.59375,1954.2681884765625,57282.53125,0.55109847
220,-129.45232071413912,59.76160495383576,1,282.9109802246094,4.396500587463379,1049.586181640625,6.784301280975342,0.0258979089558124,0.0001837590389186,0.6741952896118164,11.0,4.803535461425781,559.0192260742188,1.7734043598175049,0.0031676054932177,30.968307495117188,0.459288477897644,79.33433532714844,9489.33203125,1923.6842041015625,9605.1748046875,0.6462239
221,-127.81921933539738,57.70190519792615,1,190.87750244140625,1.696507215499878,1141.39697265625,6.98335599899292,-0.0035323088523,0.0057036057114601,0.5936525464057922,2.0,5.1072516441345215,621.6590576171875,1.8279348611831665,0.003272860776633,30.33427047729492,0.4932162463665008,30.66219139099121,123567.4765625,1090.414306640625,123694.5,0.79314744
222,-127.58821975944892,58.575805234946415,1,256.3711853027344,14.503371238708496,1064.876708984375,5.479944705963135,0.0350943058729171,0.0047819204628467,0.5863532423973083,2.0,4.974907398223877,576.668212890625,1.7136318683624268,0.0031357032712548,30.798051834106445,0.422825813293457,46.19332504272461,111066.953125,1892.857421875,111077.2265625,0.4268445
223,-127.04841740797325,53.55210525535216,1,171.270751953125,11.803987503051758,1272.1956787109375,5.544078826904297,0.0045731095597147,0.0055151735432446,0.7432569265365601,2.0,6.399581909179688,1209.4676513671875,2.380686521530152,0.0040071005932986,31.40519142150879,-1.0359375476837158,70.623046875,19166.77734375,4407.82568359375,19018.5390625,0.4567623
224,-126.6955203326704,59.83150537180168,1,140.96449279785156,2.7356343269348145,903.201416015625,12.307953834533691,0.011054603382945,0.0105695975944399,0.5961839556694031,11.0,4.999282836914063,510.2090148925781,1.527968168258667,0.0032010071445256,30.290956497192383,0.2485922276973724,36.80923843383789,12611.771484375,2950.455078125,12562.650390625,0.867723
225,-125.98491604304223,49.86650529419031,1,,,,,,,0.7358545660972595,11.0,9.334452629089355,2187.60693359375,3.07170844078064,0.0050711468793451,38.173118591308594,-1.5373578071594238,81.32018280029297,1480.922119140625,3912.79248046875,1408.1400146484375,0.45147043
226,-125.73001594702085,49.65590531745208,1,148.63685607910156,26.55962181091309,1247.36376953125,5.315710544586182,-0.1040638461709022,0.0929980725049972,0.7709298133850098,11.0,7.905181407928467,2113.55029296875,2.9728806018829346,0.0049508176743984,35.11966323852539,-1.6028317213058472,101.9952621459961,13610.7802734375,1036.1861572265625,13848.0927734375,0.7740253
227,-125.72021823905358,56.07750548098201,1,149.36578369140625,8.645042419433594,1319.17138671875,7.724976539611816,0.0385684855282306,-0.0181801002472639,0.660823404788971,2.0,4.890775203704834,646.7391357421875,2.185241222381592,0.0033259734045714,30.2562198638916,0.1946516185998916,43.3576774597168,24892.611328125,1925.4742431640625,25035.140625,0.17844309
228,-125.69801595377903,49.70110532277919,1,290.0990905761719,21.982667922973636,957.3697509765624,5.566488265991211,0.0465201400220394,-0.0223413202911615,0.8279350996017456,2.0,8.71706771850586,2040.183349609375,2.858459234237671,0.0049716350622475,36.31429290771485,-1.6529353857040403,101.6197509765625,10232.515625,3903.21923828125,10267.416015625,0.23365992
229,-124.73011615651797,50.87520547936637,1,56.54729080200195,14.328721046447754,89.59705352783203,9.733999252319336,0.0607591420412063,-0.0083661451935768,0.815791130065918,2.0,9.498573303222656,997.789306640625,2.527501106262207,0.0045766718685626,33.54127883911133,-1.25240159034729,72.5394058227539,74016.8828125,384.9165954589844,31798.451171875,0.3963639
230,-124.15481641704967,51.9749055884815,1,182.0526580810547,3.180148124694824,1169.471435546875,7.52281904220581,0.0050624068826437,-0.0037928398232907,0.638798713684082,2.0,10.856208801269531,362.8555908203125,1.9618867635726929,0.0037727463059127,28.27472877502441,-1.387102723121643,31.70987701416016,8516.90234375,6498.82421875,8684.287109375,0.17134275
231,-123.91001904007202,58.36980577121422,1,295.1093139648437,12.278334617614746,1028.853271484375,5.854738712310791,-0.0074698603712022,0.0475252382457256,0.6747584939002991,11.0,5.670994281768799,644.5797729492188,2.016975164413452,0.0034820181317627,35.250816345214844,-0.0068428753875195,59.12639236450195,32973.3125,7583.53466796875,33128.27734375,0.8241784
232,-123.6530185363049,57.45930579341462,1,203.67491149902344,17.527606964111328,1668.53759765625,4.549992084503174,-0.023466557264328,0.0280627980828285,0.5880622863769531,11.0,4.215875148773193,671.711181640625,2.41286563873291,0.0032051389571279,32.742881774902344,0.094201385974884,39.79002380371094,33676.73828125,1833.0726318359373,33861.1015625,0.1209837
233,-123.49911864186976,57.72960582058125,1,95.72917175292967,13.643024444580078,1448.6446533203125,4.52092170715332,-0.0504973009228706,0.0626174733042717,0.6631442904472351,11.0,5.406537055969238,642.6340942382812,2.2864255905151367,0.0033780471421778,34.65373611450195,0.0723462775349617,50.594486236572266,28960.61328125,4420.8916015625,28885.65625,0.6071551
234,-123.44811859612292,57.65570582555339,1,335.4389343261719,11.092748641967772,1014.6256103515624,7.4123382568359375,0.0681463032960891,0.0342552922666072,0.0963516235351562,2.0,5.898510456085205,618.7808837890625,2.193320035934448,0.0033390428870916,35.59493637084961,0.0753621309995651,48.35025405883789,25820.2890625,14.44647979736328,25792.630859375,0.09460336
235,-122.94071779895894,56.1373058649551,1,184.7301025390625,10.28919506072998,1266.5098876953125,5.211750030517578,0.002502565504983,0.0144033329561352,0.6973344683647156,2.0,6.608360290527344,690.2179565429688,2.413683652877808,0.0036421781405806,36.34205627441406,0.3488816916942596,44.71802520751953,33636.109375,3254.688720703125,33772.24609375,0.3881566
236,-122.71901770214951,56.004305892193074,1,67.14517974853516,9.67694854736328,756.9506225585938,8.744539260864258,0.006006212439388,0.0105231730267405,0.4923877120018005,2.0,7.163951873779297,669.8522338867188,2.3831732273101807,0.0037365951575338,36.85826873779297,0.1883680522441864,47.47799682617188,17848.92578125,796.2954711914062,17741.359375,0.261587
237,-122.49881752619486,55.68440591466226,1,129.0603790283203,14.952768325805664,1254.6363525390625,5.740697383880615,-0.0537196956574916,0.0411332920193672,0.7204902172088623,2.0,6.238423824310303,780.84521484375,2.5890796184539795,0.0035493848845362,36.238765716552734,0.2448897212743759,57.24089050292969,13321.3564453125,932.338134765625,13360.2255859375,0.31911868
238,-122.37731827564386,57.39720597178653,1,119.32818603515624,4.063779354095459,1035.9803466796875,7.932605743408203,-0.0109729720279574,0.0084854327142238,0.6472407579421997,2.0,6.653062343597412,575.0960083007812,2.481931447982788,0.0035432621371001,37.62735748291016,0.0040036085993051,53.831634521484375,26185.298828125,2930.7470703125,19157.83984375,0.49801284
239,-122.37541582257164,51.014705771785614,1,200.20852661132807,18.22858238220215,1590.333251953125,5.330875873565674,-0.0684830099344253,0.0926709994673729,0.6576801538467407,11.0,7.938423633575439,557.0429077148438,2.534940719604492,0.0035087917931377,30.27466583251953,-0.9472001791000366,39.54904174804688,1340.527099609375,18271.58203125,1307.5723876953125,0.9833809
240,-122.20951554262912,50.157305754611805,1,152.42642211914062,24.686424255371094,1329.1834716796875,5.860687255859375,0.0893918350338935,-0.0143784983083605,0.5253046154975891,2.0,6.632023334503174,976.1504516601562,2.4212400913238525,0.0039795623160898,31.32077980041504,-0.9284601211547852,68.60918426513672,14290.9921875,1195.4364013671875,14310.0927734375,0.89307964
241,-122.20861555371862,50.195405756461135,1,,,,,-0.0390469841659069,-0.0010154366027563,0.4332022964954376,11.0,6.695605754852295,951.4176025390624,2.4340076446533203,0.0039775683544576,31.447980880737305,-0.8998414278030396,67.70160675048828,15386.955078125,3779.68505859375,15361.982421875,0.8269111
242,-122.12341565261984,50.582805783489896,1,21.00726127624512,27.860595703125,,,-0.0530599541962146,0.0857144817709922,0.6156406998634338,11.0,8.395914077758789,647.4669799804688,2.479485034942627,0.0039170254021883,30.97526359558105,-0.7308502793312073,49.99599456787109,1760.2020263671875,2017.3814697265625,1783.259765625,0.98763984
243,-122.0370154900188,50.07100577119572,1,238.2227783203125,25.2489070892334,1599.1275634765625,6.386661529541016,0.0077496254816651,0.0036142382305115,0.6975482106208801,11.0,7.490806579589844,987.4102783203124,2.312865734100342,0.0038745598867535,32.53155517578125,-0.9151078462600708,74.38744354248047,16446.568359375,1569.90283203125,16588.34765625,0.9823308
244,-122.03671737905609,55.53120597260344,1,224.2735595703125,8.885177612304688,1249.097900390625,5.987435817718506,-0.0188140254467725,0.0017665062332525,0.6827598214149475,2.0,7.396722793579102,714.5333251953125,2.632267475128174,0.0037842970341444,38.35969161987305,0.2379466295242309,60.40689468383789,3969.831787109375,3429.307373046875,4073.30419921875,0.2059213
245,-122.03431555425168,50.29910578157845,1,147.34564208984375,17.287391662597656,1268.123291015625,5.911020755767822,0.0377011001110076,0.0277865286916494,0.686387300491333,11.0,7.904919147491455,788.9176025390625,2.388224840164185,0.0038411498535424,31.96195411682129,-0.7909329533576965,63.119136810302734,5627.18212890625,3576.455322265625,5826.26953125,0.9814027
246,-121.84201534923965,49.6862057757434,1,250.13526916503903,21.7222843170166,822.3453979492188,5.895161151885986,0.0090303523465991,0.0413209050893783,0.8336058259010315,2.0,11.759984016418455,1346.95361328125,2.24324369430542,0.004895239137113,41.90433120727539,-0.8981249928474426,109.30158996582033,1083.001708984375,1390.7548828125,1117.981689453125,0.8112092
247,-121.68941567839188,50.91980585068177,1,339.7519226074219,10.38075828552246,1563.3582763671875,5.032683372497559,-0.0373407937586307,0.0728474333882331,0.6570267677307129,2.0,7.854685306549072,546.5234985351562,2.6441123485565186,0.00388934626244,33.37050247192383,-1.0375694036483765,51.71529769897461,6218.08447265625,6382.4560546875,6209.62255859375,0.79890805
248,-121.6027154638947,50.24080582984245,1,91.95775604248048,18.56378555297852,363.168701171875,6.475385665893555,0.0473759099841117,0.0005178719875402,0.577792763710022,11.0,12.84963321685791,486.3168029785156,2.2179715633392334,0.0042807571589946,29.797298431396484,-1.0157792568206787,62.656620025634766,335.1013488769531,1176.3798828125,422.4393005371094,0.99078417
249,-121.51001520332174,49.35720579852805,1,93.50311279296876,21.61073112487793,655.5094604492188,,-0.0182319860905408,0.0323662385344505,0.7374073266983032,2.0,11.961640357971191,1460.2445068359375,2.856712818145752,0.0051580998115241,45.771121978759766,-1.0287847518920898,138.40121459960938,1030.7562255859375,1952.1082763671875,890.5265502929688,0.5252806
250,-121.318815087756,49.04340580430122,1,222.7532958984375,14.57126808166504,1771.1417236328125,4.523552894592285,-0.1380249708890915,0.0650407820940017,0.6656351685523987,11.0,8.324997901916504,1310.11083984375,2.383342027664185,0.0045002070255577,35.80172348022461,-0.9481378793716432,130.11639404296875,4761.4560546875,6730.57861328125,4689.61083984375,0.6247154
251,-121.256316942268,54.80540605368044,1,155.61288452148438,8.091057777404785,1432.1439208984375,6.098575115203857,0.0015091213863343,0.0472793653607368,0.6608656644821167,2.0,7.858443737030029,778.509033203125,2.71335244178772,0.0038299746811389,37.89199447631836,0.1719097197055816,48.88018035888672,7631.326171875,1986.329833984375,7634.13720703125,0.35680547
252,-121.15941506109264,49.0406058226182,1,334.1919860839844,13.292073249816896,1250.1171875,5.614264965057373,0.1689846217632293,-0.0511156842112541,0.7891398668289185,2.0,9.222463607788086,1179.8504638671875,2.333998680114746,0.0045767165720462,36.08472442626953,-0.8005157709121704,120.5811767578125,4155.71533203125,3912.413818359375,4074.57470703125,0.3954467
253,-121.01351506558136,49.15470584491854,1,197.1121826171875,20.517114639282227,1756.678466796875,4.815667629241943,0.0019875259604305,0.0106989163905382,0.658298134803772,11.0,8.40214729309082,985.4764404296876,2.330022096633911,0.004446153063327,34.69154357910156,-0.924894392490387,115.06022644042967,1783.0875244140625,6455.33544921875,1779.0989990234375,0.95602304
254,-120.99231686822168,54.73950608670154,1,93.07144165039062,10.892870903015137,1371.3150634765625,5.639426708221436,-0.0080740842968225,0.024862740188837,0.7280034422874451,2.0,7.473053455352783,785.5744018554688,2.8299293518066406,0.0038159885443747,38.26452255249024,0.1687894463539123,52.19589614868164,6417.16552734375,2355.59423828125,6265.5048828125,0.071119085
255,-120.73161497999618,49.0115058690247,1,,,1582.3629150390625,5.330209255218506,0.0203688740730285,0.0529362261295318,,11.0,8.643631935119629,836.843017578125,2.4643266201019287,0.004055290017277,33.56825637817383,-0.7283333539962769,91.44605255126952,5388.765625,,,0.893923
256,-120.54001689782254,55.02860615531929,1,228.05120849609372,3.663720846176148,1034.56787109375,6.512203216552734,-0.0005605689366348,0.0045864512212574,0.6919711232185364,11.0,8.39865493774414,599.1878051757812,2.864310503005981,0.0037552774883806,39.4940071105957,0.3138982951641083,53.92693328857422,15660.4189453125,7758.09619140625,15551.291015625,0.6859841
257,-120.53771544646266,50.81320598246233,1,261.3714904785156,17.61109733581543,924.4456176757812,5.672867774963379,0.0350500270724296,0.0320158526301384,0.7222719788551331,2.0,10.71420669555664,405.29736328125,2.392465591430664,0.0040735527873039,30.61795234680176,-1.222933292388916,37.97487258911133,1332.214111328125,5278.00390625,1299.54345703125,0.95039797
258,-120.0221191661148,59.981706357031214,1,,,,,0.000203208590392,0.0004834737046621,0.6407869458198547,2.0,4.2008795738220215,419.4914245605469,2.5782296657562256,0.0034730890765786,32.74919509887695,0.1414146721363067,56.527320861816406,,10248.21484375,,0.18236355
259,-119.85191550794748,51.42790609445077,1,277.8896789550781,15.527588844299316,1487.351806640625,6.471030235290527,-0.0550154335796833,0.005363083910197,0.6413182616233826,2.0,7.862964630126953,890.78125,2.256039619445801,0.0037218779325485,35.88420104980469,-0.8130902647972107,55.52891540527344,9234.201171875,4342.9130859375,9013.5126953125,0.83401245
260,-119.81731491367933,49.36970599293011,1,128.72703552246094,11.46857452392578,929.3329467773438,7.747537612915039,0.0751605480909347,0.0262792389839887,0.5017895102500916,11.0,10.587294578552246,406.5558776855469,2.596802234649658,0.0039561796002089,30.502309799194336,-1.4937396049499512,50.24738311767578,222.3983459472656,8913.259765625,115.64380645751952,0.9801876
261,-119.7315155039304,51.48010611213861,1,124.68961334228516,10.780157089233398,1159.53759765625,5.716804027557373,0.0046435613185167,-0.0494417138397693,0.6485058069229126,2.0,8.049286842346191,907.5292358398438,2.148380756378174,0.0038522109389305,35.71186447143555,-0.8075000047683716,53.30574417114258,763.06005859375,7227.4130859375,745.72314453125,0.83879644
262,-118.32611499318676,50.64100623431067,1,197.4795379638672,19.238920211791992,1406.06689453125,4.955892562866211,-0.0385464020073413,0.0552335567772388,0.7926554679870605,2.0,8.503981590270996,1146.537841796875,2.073315143585205,0.0041606430895626,35.924739837646484,-1.0572456121444702,44.57867431640625,2731.21826171875,2535.103759765625,2729.744873046875,0.9633779
263,-118.31081500675675,50.69970623866119,1,302.9202880859375,23.16507148742676,1458.4044189453125,6.217961311340332,-0.0281919240951538,0.0445110872387886,0.7903779149055481,11.0,7.771936416625977,1244.2198486328125,2.158172130584717,0.0041131358593702,35.71703338623047,-1.1011805534362793,44.37530517578125,2704.916259765625,2330.54052734375,2782.60498046875,0.9943954
264,-118.3054145473522,49.01060614142785,1,,,599.79638671875,10.8784761428833,-0.0188350304961204,0.0162373818457126,0.5485261082649231,2.0,13.066532135009766,512.6137084960938,2.538715362548828,0.0045507969334721,35.5815315246582,,75.5086441040039,394.4656066894531,492.6640319824219,826.0360107421875,0.8240393
265,-118.0950151190839,51.225206292583486,1,,,1755.196533203125,4.59581470489502,-0.0562161728739738,0.0273353215306997,0.5140544772148132,11.0,6.702720642089844,1480.1793212890625,2.1340091228485107,0.0039518866688013,35.1496696472168,-0.9333333373069764,33.93045425415039,7751.67333984375,5721.08740234375,7752.3447265625,0.96749216
266,-118.08511510487524,51.18300629121528,1,185.54856872558597,23.199819564819336,1524.9093017578125,6.565084457397461,-0.0195525139570236,-0.0036865680012851,0.7138033509254456,2.0,5.974420547485352,1538.02978515625,2.248296976089477,0.0039909994229674,34.02750015258789,-0.9534721970558168,34.09185028076172,8186.49755859375,8648.7578125,8220.1552734375,0.9600149
267,-117.8662149881035,50.92820630392141,1,267.14794921875,26.215476989746094,896.4495239257812,5.073124885559082,0.0954799279570579,0.0175553355365991,0.786683201789856,2.0,7.882312774658203,1359.2540283203125,2.0246341228485107,0.003899558680132,35.092124938964844,-1.080233812332153,32.774803161621094,14975.92578125,1824.6744384765625,14754.30859375,0.9311945
268,-117.8456149557327,50.831106299777495,1,110.72023010253906,23.177793502807617,1612.774658203125,4.273586750030518,0.0338038764894008,-0.0011785932583734,0.7141686081886292,2.0,6.44399356842041,1476.9083251953125,2.287336826324463,0.0041358885355293,33.93242263793945,-1.1359033584594729,35.962303161621094,8011.84814453125,7861.3701171875,8148.51220703125,0.943362
269,-117.8081146761422,49.85590624748311,1,164.17001342773438,15.630783081054688,1623.488525390625,5.717237949371338,0.0371596328914165,0.016190581023693,0.7324941158294678,11.0,6.892343997955322,1120.953369140625,2.74127459526062,0.0040625394321978,33.4290657043457,-1.2807985544204712,62.10958480834961,8688.9052734375,5946.61328125,8918.75,0.97746277
270,-117.31241452654002,49.64970629053904,1,165.20657348632812,7.867908000946045,2035.8985595703125,5.334448337554932,-0.0283313635736703,0.0384578257799148,0.6179844737052917,11.0,7.322884082794189,1044.5552978515625,2.7861032485961914,0.0040963725186884,33.24451446533203,-1.3210763931274414,67.78736877441406,2556.03125,6775.212890625,2632.217529296875,0.97746104
271,-117.130814413229,49.34870629212445,1,148.63653564453125,18.078161239624023,1646.5457763671875,4.630512237548828,0.0305444281548261,-0.0922378376126289,0.7373762130737305,2.0,8.155128479003906,963.0328369140624,2.804187536239624,0.0039452924393117,34.166507720947266,-1.154027819633484,77.76087188720703,1433.1148681640625,8132.74755859375,1418.6043701171875,0.8790559
272,-117.08421436251476,49.19170628788378,1,204.92144775390625,16.95480728149414,1620.0177001953125,6.065524101257324,0.0444176718592643,0.0028241586405783,0.495372325181961,2.0,7.8794989585876465,956.3899536132812,2.9352378845214844,0.0040563116781413,33.7651252746582,-1.0840481519699097,82.00677490234375,666.5576171875,9002.3681640625,827.5166625976562,0.8341637
273,-117.0758145440946,49.8900063327707,1,136.32546997070312,21.9521598815918,1746.6661376953125,6.567431926727295,0.0467877127230167,-0.0224962383508682,0.7303944230079651,2.0,7.280290126800537,1031.04052734375,2.71785569190979,0.0039896867237985,32.04133605957031,-1.3042668104171753,54.06264877319336,2016.279052734375,7605.4990234375,1929.65771484375,0.96234995
274,-116.89541462441714,50.30860637819552,1,225.2738494873047,16.008228302001953,978.486328125,6.138885498046875,0.0492700636386871,-0.0193979050964117,0.7741140723228455,11.0,10.544528007507324,806.10595703125,2.20714807510376,0.0043308539316058,31.77308654785156,-1.1260069608688354,35.13177490234375,376.8934631347656,887.3113403320312,587.43359375,0.96182644
275,-116.8587145443318,50.04570636689975,1,293.1405334472656,23.42103576660156,864.3204956054688,7.32446813583374,0.0469271168112754,-0.0248695742338895,0.6358569860458374,11.0,11.506393432617188,785.1018676757812,2.197547197341919,0.0043454347178339,32.30195999145508,-1.2098958492279053,38.81503677368164,1585.385009765625,1010.1485595703124,1568.8255615234375,0.9962256
276,-116.32371431003212,49.55750639521735,1,303.5462341308594,18.15670585632324,2048.97119140625,4.63071870803833,0.1038198545575141,-0.0607904531061649,0.2496712356805801,11.0,7.298761367797852,817.3236083984375,3.124150276184082,0.0038540696259588,31.37001609802246,-1.060254693031311,59.18968963623047,2625.93994140625,6084.564453125,2454.673828125,0.3720406
277,-115.7054145065891,50.73680654017494,1,143.3599395751953,21.1081600189209,1588.6630859375,6.39687442779541,0.0002837224456015,0.0110933696851134,0.581219494342804,11.0,6.9002203941345215,609.19775390625,3.1748597621917725,0.003423798829317,30.16896629333496,-1.0014495849609375,26.806291580200195,1513.639892578125,1617.99755859375,1514.670166015625,0.9837096
278,-115.67811406331845,49.09620643415329,1,48.63675308227539,9.530242919921877,1531.095458984375,5.802204608917236,-0.0123128136619925,-0.0277981106191873,0.7190775871276855,2.0,10.335976600646973,676.3599243164062,2.9763612747192383,0.0041990359313786,36.77529144287109,-1.0269792079925537,82.86256408691406,4358.10009765625,9611.2578125,4481.46728515625,0.62706184
279,-115.61651410590244,49.30860645656141,1,117.37660217285156,11.254929542541504,1732.238525390625,7.687123775482178,0.0392142087221145,-0.1103485450148582,0.6500154733657837,11.0,8.70424747467041,717.3961181640625,3.3140978813171387,0.0040334514342248,34.484031677246094,-1.0277667045593262,70.35826873779297,1099.558349609375,14892.283203125,1101.6802978515625,0.9471549
280,-114.71191384557127,49.00170653232455,1,,,,,,,,11.0,,,,,,,,,,2763.574951171875,0.6448784
281,-121.36085273193322,59.96167276650407,1,177.24949645996094,0.1688846498727798,566.2538452148438,9.422264099121094,0.0001374334970023,-0.000361994432751,0.5997335314750671,11.0,4.340232849121094,460.7082214355469,2.3197479248046875,0.0034608417190611,33.88093185424805,0.4438611268997192,64.87248229980469,47508.07421875,3042.43310546875,47438.91796875,0.9346433
282,-128.1500193607465,57.65000515038441,1,101.92189025878906,4.636151313781738,1066.1029052734375,6.935359001159668,0.0184149127453565,-0.0078078191727399,0.5409645438194275,11.0,5.3161797523498535,622.9890747070312,1.8321853876113887,0.0033320330549031,30.82989501953125,0.5846347808837891,34.36581039428711,104370.765625,628.3325805664062,104429.0078125,0.92592037
283,-120.23001752177238,56.64000624545484,1,269.938720703125,0.5216139554977417,773.5635986328125,8.130555152893066,-0.0002228547673439,0.0002367421984672,0.6564229130744934,2.0,6.834272861480713,481.5624694824219,3.266607999801636,0.0038348732050508,36.3257942199707,0.4290688335895538,40.97956466674805,3401.89306640625,4291.68505859375,3670.9892578125,0.1639525
284,-117.69334858459732,52.02133968592421,1,129.20379638671875,22.03143882751465,1196.9166259765625,8.045306205749512,0.0805275589227676,0.00448410352692,0.5606330037117004,2.0,5.927886962890625,916.7566528320312,2.06306529045105,0.0033229470718652,31.82587432861328,-0.6661805510520935,26.48957252502441,29962.509765625,571.7763671875,30125.732421875,0.70913285
285,-117.71334852063728,51.815006366371904,1,222.3432159423828,13.43966293334961,1015.8993530273438,4.422700881958008,0.0854878798127174,-0.0884265899658203,0.6839807629585266,2.0,7.90777063369751,966.9207153320312,1.874176859855652,0.0037528180982917,32.98699951171875,-0.797850489616394,27.792552947998047,11165.87109375,1368.3914794921875,11115.7841796875,0.41566107
286,-125.55018324635206,52.03333870973492,1,280.28790283203125,5.062150955200195,1512.35205078125,11.034097671508787,0.0221139509230852,-0.0064294473268091,0.4106967151165008,2.0,6.38178014755249,708.398681640625,2.3520452976226807,0.003601427655667,27.853715896606445,-1.1863164901733398,44.428409576416016,23317.541015625,403.6720275878906,23342.76953125,0.79432464
287,-115.54334761192308,50.1317065188467,1,172.5566864013672,21.48114776611328,1465.6041259765625,7.1269965171813965,0.0353251695632934,0.000479962589452,0.6735857725143433,2.0,8.321825981140137,599.1334838867188,3.2324869632720947,0.0038051714655011,31.177684783935547,-0.9064481854438782,33.0899658203125,659.4215698242188,1391.9007568359375,585.064208984375,0.85262924
288,-115.49669760886997,50.189089826707146,1,160.67813110351562,21.9721736907959,1849.4283447265625,5.119987487792969,0.0123519282788038,-0.0251485500484704,0.493022471666336,11.0,7.618961334228516,617.6499633789062,3.3444571495056152,0.0037010370288044,30.364866256713867,-0.8956633806228638,31.54964637756348,1942.9508056640625,2241.95068359375,1952.0074462890625,0.98786515
289,-115.43334761404554,50.25167314358887,1,270.7100524902344,23.18202209472656,1340.7088623046875,,0.0427976660430431,-0.0082139503210783,0.6946736574172974,2.0,7.922210216522217,592.7655029296875,3.323524236679077,0.0036016972735524,30.54265594482422,-0.9073678851127625,29.663583755493164,366.19720458984375,3032.454345703125,388.3312683105469,0.9516665
290,-114.90501398672345,49.43517324490166,1,223.2789001464844,7.541374206542969,1780.4375,5.726738929748535,-0.0260911621153354,-0.0440512895584106,0.6167646646499634,2.0,7.972148895263672,728.76220703125,3.878779649734497,0.0038850237615406,34.603145599365234,-0.9163649678230286,62.07541275024414,434.4488830566406,8637.3232421875,542.1036987304688,0.8130463
291,-116.71301453420566,50.09060638760887,1,,,1995.6781005859373,4.695418357849121,-0.0159895606338977,0.0172397214919328,0.4628938436508178,2.0,7.662662506103516,892.2503662109375,2.6986334323883057,0.0038762532640248,30.980058670043945,-1.0954911708831787,40.8331184387207,11015.94921875,1820.4727783203125,11119.3134765625,0.95024896
292,-117.55101485916782,50.687006329348286,1,181.4760284423828,14.25453281402588,1869.736572265625,6.460413932800293,0.0090507436543703,0.0004532345919869,0.6430105566978455,11.0,7.304516792297363,1300.465576171875,2.2966864109039307,0.0040003219619393,33.349609375,-1.1936458349227903,34.17665100097656,2997.650146484375,3591.8662109375,2962.650390625,0.9942444
293,-120.57633172536389,49.3000726054176,1,68.56648254394531,7.020468711853027,1143.6851806640625,5.912735462188721,0.0074009504169225,-0.0771698579192161,0.5730811953544617,11.0,10.668990135192873,540.1882934570312,2.323934555053711,0.0041816122829914,32.74186325073242,-1.0483019351959229,72.0002212524414,361.9031066894531,1832.47265625,513.4708251953125,0.96224594
294,-115.95001415334411,49.23333971272829,1,161.50120544433594,13.04571533203125,1504.9959716796875,7.329300880432129,-0.0439297333359718,0.0384490229189395,0.7352591753005981,11.0,9.818564414978027,673.061279296875,2.889572858810425,0.0041339746676385,35.7457389831543,-1.0313982963562012,81.8013916015625,1357.94970703125,2252.182861328125,1426.8702392578125,0.9772546
295,-115.6083474080122,49.315006462561136,1,128.38082885742188,10.619053840637209,1746.595703125,6.546623229980469,0.0162289924919605,-0.0429118834435939,0.6428062915802002,11.0,8.861737251281738,708.1956787109375,3.281258344650269,0.0040471549145877,34.66533660888672,-1.0260069370269775,69.57003784179688,576.1043090820312,15053.58203125,562.4511108398438,0.9708176
296,-120.2525149308306,49.16417253577411,1,205.68751525878903,22.992582321166992,1571.650390625,4.682576656341553,-0.037758495658636,0.072373479604721,0.4910380840301513,11.0,8.811585426330566,573.0042724609375,2.6787753105163574,0.0038295637350529,32.90365982055664,-1.308124542236328,63.8159065246582,1054.793701171875,2007.1859130859373,1104.8189697265625,0.96757597
297,-127.06202046824136,59.94867201825015,1,291.90252685546875,7.00175142288208,802.44189453125,7.964611053466797,-0.0022972289007157,0.0045091840438544,0.6228306889533997,11.0,4.464315414428711,510.4192199707031,1.4832710027694702,0.0032656239345669,30.54717445373535,0.2824652791023254,40.358699798583984,21208.359375,1789.814697265625,21190.873046875,0.6126958
298,-132.21197082631377,59.32885453469829,1,185.95620727539065,3.4032788276672363,906.0521240234376,6.979929447174072,-0.019138554111123,0.0147275319322943,0.4766508340835571,11.0,5.442587375640869,560.7824096679688,2.112365245819092,0.0034530907869338,31.109758377075195,0.3947121500968933,79.78811645507812,69010.5625,1304.1800537109375,69139.8046875,0.948952
299,-121.01668606767912,59.96667291773944,1,150.4221649169922,0.5686511397361755,649.2144165039062,7.521994590759277,-0.0029651389922946,0.0013328606728464,0.6285399198532104,11.0,4.204455852508545,454.3229370117188,2.4721124172210693,0.0034384969621896,33.71542739868164,0.4569444358348846,61.4717025756836,45088.9140625,2799.44921875,45180.671875,0.92208314
300,-120.89301891350829,59.21633952128836,1,166.24227905273438,0.1386453211307525,639.5787963867188,8.738276481628418,0.000930683047045,-0.0006194434245117,0.6234599947929382,11.0,4.810074329376221,457.873291015625,2.604362726211548,0.0035955109633505,34.21133041381836,0.0427110604941844,51.03271865844727,8218.4931640625,3540.65380859375,8229.7763671875,0.9652659
301,-121.5705524040083,59.31705612660628,1,87.78033447265625,0.3502925038337707,658.6619262695312,11.19325351715088,-0.000968049862422,0.001551772118546,0.643832802772522,11.0,4.753199577331543,481.5259704589844,2.388633728027344,0.0035328289959579,34.73324966430664,0.1209024488925933,67.29911041259766,39027.5546875,11871.3798828125,39111.21875,0.9405131
302,-121.43551912959306,59.402672840203365,1,86.73643493652344,0.7890169620513916,601.6476440429688,8.102187156677246,-0.0001757693389663,0.0007243556901812,0.6237514019012451,2.0,5.235926151275635,471.9033508300781,2.381960153579712,0.0035520563833415,34.767879486083984,0.0486111119389534,63.34086227416992,27004.3671875,4548.32373046875,26963.91796875,0.73362124
303,-120.81568550485471,59.04683952101282,1,276.0715026855469,0.1781893521547317,689.0494384765625,10.794224739074709,-3.694367842399515e-05,0.0005013195332139,0.6277385950088501,11.0,4.820243835449219,456.2334899902344,2.6944243907928467,0.0035885504912585,33.904541015625,-0.0061111110262572,43.12775421142578,5531.779296875,10809.0576171875,5587.8056640625,0.9639591
304,-120.77431918213018,59.72800624286845,1,225.3380889892578,0.7177982926368713,470.11517333984375,8.00414752960205,0.0011020613601431,4.241641727276146e-05,0.6329708099365234,2.0,4.677609443664551,435.5178833007813,2.4614369869232178,0.003531070658937,33.412933349609375,0.1415409445762634,52.678489685058594,22641.755859375,6934.6767578125,22567.47265625,0.7824414
305,-123.07501871176122,58.033339186101024,1,233.6102600097656,4.024430751800537,934.12744140625,7.304537773132324,-0.0194189045578241,-0.0066060679964721,0.6924819350242615,2.0,6.645768165588379,591.30810546875,2.1535120010375977,0.0035343535710126,37.12919235229492,-0.0850498601794242,78.04133605957031,18137.07421875,4796.5322265625,18183.279296875,0.61592096
306,-123.18168541744178,58.00000586632436,1,141.09808349609375,3.3274483680725098,837.3700561523438,6.880413055419922,0.0045641232281923,0.0024789578747004,0.7383115887641907,2.0,6.646061897277832,588.4688720703125,2.0963714122772217,0.0034915378782898,37.26449203491211,-0.0276068840175867,69.21037292480469,22282.8515625,5420.88134765625,22200.056640625,0.6558713
307,-123.28335206355035,58.05000585700571,1,179.479248046875,9.85778522491455,946.5091552734376,5.574523448944092,0.0142987556755542,0.0230310764163732,0.7072091102600098,11.0,6.3746442794799805,597.2810668945312,2.096339702606201,0.0034572489093989,36.8534049987793,0.0261133462190628,67.84143829345703,30053.71484375,5001.12841796875,29954.400390625,0.81882143
308,-132.366637455974,59.191637813695365,1,219.59896850585935,2.810675382614136,1193.3565673828125,7.806633949279785,-0.0015367803862318,0.0100696207955479,0.5330448150634766,2.0,4.819465637207031,639.3768920898438,2.241331100463867,0.0033276309259235,30.805517196655277,0.3997916579246521,89.37902069091797,71866.0,3338.921142578125,72077.6015625,0.6739299
309,-121.99135235716524,59.05650606162168,1,246.9901123046875,0.2203778177499771,475.6241760253906,9.310117721557615,-0.0005493510398082,0.0020894622430205,0.7008126974105835,2.0,5.46723747253418,475.6900024414063,2.1611480712890625,0.0036212515551596,35.56853103637695,-0.180011972784996,64.71134185791016,27036.7890625,1397.970703125,27086.837890625,0.77242476
310,-122.00356903759588,59.02103935461626,1,64.5350112915039,0.2208879292011261,482.8267211914063,9.209549903869627,-0.0004609485913533,-0.0001842682686401,0.7065672874450684,11.0,5.510468006134033,477.4964904785156,2.161715507507324,0.0036278287880122,35.676719665527344,-0.134307399392128,65.51698303222656,25731.890625,2551.204833984375,25782.86328125,0.9555563
311,-120.04168543991084,59.19000633544884,1,225.9259185791016,0.258368968963623,434.6097412109375,7.925883769989014,0.0001238478289451,-0.0004566882562357,0.6107718348503113,11.0,5.243215560913086,419.4607238769531,2.722867727279663,0.0036273926962167,33.03959274291992,-0.1917361170053482,45.95405960083008,39390.375,5947.54052734375,39394.5234375,0.9545843
312,-120.0613187032494,59.117206334841946,1,227.97039794921875,0.2349863946437835,407.83245849609375,8.695022583007812,0.0008829653379507,-0.0003781404811888,0.6073070764541626,2.0,5.307417392730713,420.0823974609375,2.720736026763916,0.0036424912977963,33.0759391784668,-0.1176737397909164,46.61597442626953,40864.19140625,3873.8408203125,40786.7109375,0.79660505
313,-122.7975194906571,59.5600059437737,1,195.434326171875,0.4147398471832275,529.5695190429688,9.514140129089355,0.0008019136730581,-0.0014500197721645,0.6223618984222412,11.0,4.542060375213623,506.0195007324219,1.8969258069992063,0.0035527513828128,35.09688949584961,-0.0776189565658569,78.44405364990234,18829.416015625,4407.36376953125,18871.82421875,0.95286155
314,-128.89310380799344,59.53698834138374,1,219.3260803222656,7.525051593780518,1121.3848876953125,6.696175575256348,-0.0033798576332628,-0.0083867274224758,0.6558578014373779,2.0,4.744469165802002,531.9539794921875,1.7707844972610474,0.0033116843551397,30.9035587310791,0.4081855118274688,77.25352478027344,19229.78515625,4727.08935546875,19248.8203125,0.40156594
315,-125.4583518049771,56.73660552446423,1,40.28377151489258,5.531639099121094,966.360595703125,7.848660469055176,0.0261548813432455,-0.0068199974484741,0.7064394950866699,2.0,6.150647640228272,512.5667114257812,1.815019488334656,0.0035076288040727,30.213777542114254,0.1243629902601242,31.207069396972656,20309.77734375,1678.2542724609375,20367.611328125,0.43384922
316,-126.15001892698491,57.41667203457273,1,138.4525604248047,4.307451725006104,993.418701171875,7.573663234710693,0.0159974731504917,-0.0138780316337943,0.4412539601325989,11.0,5.130205631256104,594.902587890625,1.879004716873169,0.0032708696089684,30.310720443725582,0.1245856955647468,28.311378479003903,30940.419921875,1300.3978271484375,30960.869140625,0.92379403
317,-128.77285322047865,58.55433836058054,1,284.8885803222656,1.3272767066955566,996.4321899414062,7.815185070037842,0.0134192015975713,0.0031868116930127,0.5797276496887207,11.0,4.383281230926514,575.3321533203125,1.7259548902511597,0.0031494596041738,28.851436614990234,0.7363194227218628,42.01119995117188,71029.9375,235.60983276367188,71013.7578125,0.9118964
318,-128.0122695735556,58.09872186812316,1,163.5924530029297,9.90388298034668,1434.3046875,5.7638750076293945,0.0186126641929149,0.0040086447261273,0.5015209913253784,11.0,3.731539249420166,669.1051635742188,1.9918564558029173,0.0031873327679932,29.117143630981445,0.3851388990879059,35.86941146850586,110372.2265625,4321.78271484375,110440.515625,0.3540321
319,-127.62540310001104,58.65387193311504,1,216.9248504638672,8.473809242248535,1211.744140625,6.807697296142578,-0.0286549869924783,0.0192523002624511,0.5507799386978149,2.0,5.075160026550293,579.99267578125,1.7061429023742676,0.0031723489519208,31.21819877624512,0.4145273864269256,49.15752410888672,111028.2890625,4193.7001953125,110302.0546875,0.5984729
320,-125.03516949492288,58.85042231111928,1,203.1640625,7.635974407196045,834.0963745117188,7.133528232574463,0.0007912606815807,-0.0002816463820636,0.5620874166488647,2.0,5.4229736328125,568.986572265625,1.6584664583206177,0.003362510818988,33.17967987060547,0.1169633269309997,41.2392578125,798.562744140625,375.2348327636719,687.6485595703125,0.49590617
321,-124.32585256303844,58.65417241051062,1,161.008544921875,4.541772842407227,932.7058715820312,6.209428787231445,0.0133948531001806,0.0235801562666893,0.4958279728889465,2.0,5.310989856719971,649.9183349609375,1.8468751907348635,0.0034115579910576,34.476715087890625,0.0720604807138443,57.01531600952149,403.93359375,376.57659912109375,465.8819274902344,0.5274253
322,-128.08335269314367,57.75000515927769,1,207.56842041015625,6.055718898773193,1362.0673828125,6.6404523849487305,-0.0041310372762382,0.0036746473051607,0.7154027819633484,2.0,5.394243240356445,607.7186279296875,1.7909828424453735,0.0032893617171794,30.609264373779297,0.5673179030418396,32.35761260986328,107169.7265625,2120.337890625,107320.6328125,0.12711763
323,-120.60118478173948,57.697839521375904,1,56.92985153198242,0.946568250656128,666.634521484375,7.467381954193115,0.0003803513245657,-0.000544031674508,0.6668041944503784,2.0,6.471273899078369,458.1476440429688,3.004568338394165,0.0038103838451206,35.382904052734375,0.1752118915319442,51.8891487121582,79867.6484375,2246.268798828125,13863.037109375,0.49326867
324,-124.81335141372234,56.134172308980936,1,196.5120391845703,7.702348709106445,894.429931640625,5.797027111053467,0.0322268009185791,-0.0088484259322285,0.646552562713623,11.0,6.044464111328125,566.2496337890625,1.9812999963760376,0.0034149077255278,31.882295608520508,0.0912500023841857,40.23157501220703,624.4251098632812,579.41064453125,290.795166015625,0.8925781
325,-123.58183372809592,53.993455722820286,1,219.73876953125,2.8231523036956787,672.8118286132812,6.188893795013428,-0.00627994351089,0.0058806627057492,0.5447238683700562,2.0,10.28292465209961,514.6680908203125,2.020383834838867,0.0040978942997753,35.4957275390625,-0.8153818845748901,53.90325164794922,1701.6092529296875,1155.997802734375,1594.6175537109375,0.5058893
326,-124.4836838663797,53.96767230134389,1,79.00154113769531,0.3181652426719665,736.5034790039062,8.757349967956543,0.003155714366585,-0.0028135566972196,0.6440251469612122,11.0,10.004777908325195,511.6838684082031,1.94615638256073,0.0041069849394261,35.54031753540039,-0.7662695050239563,57.86674880981445,2394.821533203125,1590.1611328125,2382.36181640625,0.9458492
327,-119.14249892357292,52.200722920573135,1,86.03390502929688,21.060028076171875,1309.5806884765625,4.79096269607544,-0.0013734234962612,-0.0703368484973907,0.6114575862884521,11.0,7.033014297485352,1092.64990234375,2.021803140640259,0.0039758095517754,34.6922492980957,-0.5067342519760132,34.403472900390625,5834.47509765625,3507.337646484375,5723.20751953125,0.9835481
328,-119.61241574619277,52.30572286934598,1,,,1388.39990234375,5.746204376220703,0.0548383519053459,0.0480074658989906,0.7303348183631897,11.0,6.459129333496094,1097.787841796875,2.09883975982666,0.0036097334232181,33.6298828125,-0.480188637971878,36.59553527832031,27424.552734375,1575.9815673828125,27582.0703125,0.9242753
329,-118.85746534441948,51.499572918480176,1,220.61083984375,16.80083465576172,1554.54931640625,8.136764526367188,0.0061351973563432,-0.019759863615036,0.615318775177002,11.0,8.463680267333984,1161.883056640625,1.8704091310501096,0.0038276007398962,36.46621322631836,-0.812347948551178,38.83078384399414,14827.5810546875,2925.31396484375,14681.7216796875,0.98007923
330,-118.61518187058154,51.065839520287135,1,269.9359741210937,12.195596694946287,1783.734619140625,5.302968502044678,0.0414450764656066,0.0138811441138386,0.5461021065711975,2.0,8.288545608520508,1205.20947265625,2.00056266784668,0.0040272586047649,36.25691604614258,-0.9444442987442015,42.66413116455078,4958.97900390625,4885.86767578125,5014.0703125,0.9670748
331,-124.48335024538068,53.36667219048502,1,92.6798858642578,0.5702798962593079,1099.0274658203125,8.430068016052246,-0.0057079205289483,0.0059226243756711,0.7348518967628479,11.0,9.248495101928713,465.9470825195313,2.145139455795288,0.003835825016722,33.265480041503906,-0.8400630950927734,47.00007629394531,1441.229736328125,753.849853515625,1564.4766845703125,0.9579165
332,-124.5789501550739,53.0691888688088,1,71.1493148803711,4.164605617523193,1055.9273681640625,10.368247032165527,0.0095191588625311,-0.0077258092351257,0.2167034894227981,2.0,9.67296314239502,419.1475830078125,2.125826597213745,0.0038679020944982,31.51657485961914,-1.0853464603424072,40.11074447631836,5533.1416015625,645.845947265625,5412.03759765625,0.93650347
333,-123.96668363247862,53.56667236199616,1,178.9200897216797,0.9621703028678894,956.2955322265624,6.941658020019531,-0.003006977494806,0.0017428699648007,0.5961709022521973,11.0,9.675981521606444,482.7750244140625,2.069979190826416,0.0038915080949664,34.480648040771484,-0.7442150115966797,50.01364135742188,866.413818359375,2136.62841796875,956.1771850585938,0.9542262
334,-120.42663261506743,52.37743937043259,1,151.5414581298828,15.758432388305664,1512.0811767578125,5.72923755645752,0.0157996397465467,-0.0543612875044345,0.6931864619255066,2.0,5.969064712524414,1071.9677734375,2.4118001461029053,0.0038303867913782,33.899662017822266,-0.466599553823471,42.7060432434082,21669.02734375,3701.543212890625,21749.78515625,0.8779227
335,-124.45818353196704,53.05267228013128,1,145.56121826171875,2.8379647731781006,1075.78173828125,7.23516321182251,-0.0020475226920098,0.0017944906139746,0.4405396282672882,11.0,9.828387260437012,415.09283447265625,2.132728099822998,0.0038706217892467,31.55929183959961,-1.0111111402511597,39.89990234375,4415.578125,4127.84619140625,4834.9140625,0.95761013
336,-118.30278170825224,50.72118953702762,1,197.1928253173828,30.669172286987305,1614.6632080078125,6.841833114624023,0.0310695841908454,-0.0358835160732269,0.7353893518447876,2.0,7.420399665832519,1284.1728515625,2.213622093200684,0.004103731829673,35.322025299072266,-1.0574214458465576,44.26570510864258,3264.507568359375,2680.635009765625,3205.048583984375,0.9670588
337,-119.00101557681906,52.13567292781213,1,,,1660.5081787109375,6.074561595916748,,,0.5071972608566284,11.0,4.955323696136475,1163.7623291015625,2.182899475097656,0.0036593105178326,32.04451370239258,-0.7387111186981201,34.39177703857422,14790.1923828125,694.4481201171875,14723.4130859375,0.9143259
338,-119.7760154784487,51.37233939940997,1,204.6748962402344,16.73174476623535,1348.71484375,,0.0063124066218733,0.0110886516049504,0.6290801763534546,11.0,8.750015258789062,844.9498901367188,2.1801905632019043,0.0037947751116007,35.795501708984375,-0.8914713263511658,54.96995162963867,1789.965576171875,2308.779052734375,1940.072998046875,0.9935322
339,-118.73373188929618,51.0466395067548,1,121.6620864868164,18.688304901123047,1348.143798828125,6.248251914978027,0.0070695891045033,0.0168250445276498,0.6065688133239746,2.0,8.566082954406738,1138.956298828125,1.9747604131698608,0.0044055813923478,36.02176284790039,-0.9490624666213988,45.55509185791016,2039.7034912109373,2593.5849609375,2063.581787109375,0.9814339
340,-118.92201534820718,51.48417290706645,1,85.54969024658203,24.693771362304688,983.6119384765624,5.553606986999512,0.0580566637217998,0.0041047278791666,0.6746234893798828,11.0,8.112874984741211,1182.164306640625,1.9394052028656008,0.0039422833360731,36.12593078613281,-0.8036823868751526,40.62971115112305,13076.986328125,1338.6253662109375,12904.16796875,0.98471004
341,-118.83978188170312,50.97810619421176,1,144.60800170898438,10.86683464050293,1584.9122314453125,5.6294708251953125,0.0085468841716647,0.0525514893233776,0.7075384855270386,2.0,8.067012786865234,1138.9105224609375,2.1376962661743164,0.0046677784994244,36.057708740234375,-1.0165972709655762,50.23483276367188,3528.772216796875,4822.82763671875,3744.739501953125,0.9202372
342,-118.83156528179175,51.29225621331516,1,261.6395263671875,22.684385299682617,1394.904052734375,7.86008882522583,0.0014383128145709,-0.0048489137552678,0.5792098045349121,2.0,8.628291130065918,1138.248291015625,1.9075287580490112,0.0044576954096555,36.63433837890625,-0.8935069441795349,42.62543869018555,2010.7203369140625,905.623291015625,1968.448974609375,0.9825514
343,-118.87778188981424,50.95430619084176,1,96.9888687133789,7.971327304840088,1674.6962890625,6.850069046020508,-0.0144238239154219,-0.0030184171628206,0.721631646156311,2.0,8.373664855957031,1092.5364990234375,2.1118063926696777,0.0047303885221481,36.28629684448242,-1.0523375272750854,51.2977294921875,2647.740478515625,5228.3427734375,2703.214599609375,0.9278394
344,-118.28234827644012,50.6016729337406,1,257.249755859375,20.071611404418945,1662.797119140625,5.767876625061035,-0.0319550521671772,0.0306933112442493,0.715583860874176,11.0,7.580333232879639,1248.1114501953125,2.233927965164185,0.0040556006133556,35.51311492919922,-1.0869311094284058,46.62202072143555,7879.81640625,7150.5712890625,7942.6416015625,0.9849433
345,-118.46834835782488,50.78833952082748,1,287.0439147949219,13.378503799438477,1585.9913330078125,4.577121734619141,0.008430597372353,-0.0729259103536605,0.6393406391143799,2.0,7.041772365570068,1297.7818603515625,2.290257215499878,0.004328291863203,34.9616813659668,-1.000656008720398,45.13407897949219,4661.841796875,7166.42041015625,4725.00341796875,0.6191981
346,-119.77781532790884,50.8598060718111,1,106.28653717041016,13.067867279052734,919.1524658203124,7.452106475830078,0.0145651428028941,-0.0035842976067215,0.7496994137763977,2.0,9.991036415100098,622.943115234375,2.2109529972076416,0.0043197413906455,35.01677322387695,-0.986388862133026,61.8746337890625,544.046630859375,2840.966552734375,700.2281494140625,0.93478537
347,-115.73334753414518,49.73333977053767,1,123.0440444946289,4.423094272613525,819.5252075195312,5.951010704040527,-0.0114319939166307,0.0074155200272798,0.7417374849319458,2.0,12.244279861450195,374.23291015625,2.425745725631714,0.0043530631810426,29.01984977722168,-1.7038888931274414,29.849971771240234,173.32247924804688,542.9647827148438,324.52789306640625,0.71891224
348,-121.3350155262742,50.59500588081724,1,66.02906799316406,10.42762565612793,537.8621215820312,5.813835620880127,-0.0477696023881435,0.0254431832581758,0.4035362601280212,11.0,12.525962829589844,297.3969116210937,2.3212122917175293,0.0040356745012104,23.26634407043457,-1.579231023788452,24.77476692199707,140.38999938964844,1143.27294921875,188.16685485839844,0.9577353
349,-121.93834896438676,50.73917251610038,1,99.55936431884766,10.685168266296388,356.3763732910156,7.710771560668945,0.027264853939414,-0.0870158746838569,0.2216348499059677,11.0,11.138895988464355,416.5831909179688,2.3594329357147217,0.0042755547910928,28.900848388671875,-0.912951409816742,35.94377517700195,374.0872497558594,540.4859008789062,397.5318908691406,0.96256536
350,-121.5313487688779,50.2780058430245,1,232.39077758789065,24.047224044799805,794.6021118164062,5.781213283538818,-0.0090981675311923,-0.0101822987198829,0.4161147773265838,11.0,12.868128776550291,454.50006103515625,2.243652582168579,0.0044192583300173,30.741840362548828,-1.106619954109192,60.97021484375,1226.2281494140625,1357.4598388671875,1440.6435546875,0.98546624
351,-122.2455157158367,50.71083907255528,1,334.52301025390625,21.934814453125,521.9876098632812,8.231193542480469,0.0646631121635437,0.0061662974767386,0.3487235307693481,11.0,10.415448188781738,550.1669921875,2.3637194633483887,0.0040607308037579,29.18319320678711,-0.7208578586578369,43.80976867675781,1756.9639892578125,577.7605590820312,1810.6434326171875,0.9800362
352,-122.09918237909096,50.66900578944868,1,138.23069763183594,20.187671661376957,657.18017578125,6.411523818969727,0.0107556711882352,-0.0062007843516767,0.8276897668838501,2.0,10.885302543640137,509.7308044433594,2.3538742065429688,0.0041773151606321,29.13483047485352,-0.8856401443481445,43.87718200683594,3075.04833984375,1451.719970703125,2961.65869140625,0.9742184
353,-122.4166824521526,50.73417245763801,1,109.63926696777344,19.5549430847168,1421.080078125,5.305262565612793,-0.0370982326567173,-0.0134341288357973,0.5867772698402405,2.0,7.184816837310791,701.3759155273438,2.5163614749908447,0.0037978580221533,30.043678283691406,-0.872334897518158,49.62969970703125,5697.666015625,2699.79638671875,5916.53271484375,0.93914104
354,-121.83428220996277,50.271405802201,1,87.92768096923828,8.18427848815918,2212.2412109375,5.300660610198975,-0.0038673738017678,0.0521009415388107,0.4560657143592834,8.0,6.63828706741333,811.9761962890625,2.486747026443481,0.0039414325729012,31.424203872680664,-0.9080626368522644,72.95711517333984,13251.001953125,3632.22509765625,13259.943359375,0.81383014
355,-120.21703216976633,51.05510602988875,1,287.4993591308594,16.160852432250977,558.5784912109375,8.310524940490723,0.0238823760300874,0.0058478834107518,0.5420212149620056,5.0,11.752585411071776,482.6600341796875,2.187026023864746,0.0044679846614599,33.09321975708008,-0.7992708086967468,46.85292053222656,571.2225341796875,917.8973388671876,645.6591186523438,0.93966
356,-120.32144868464314,50.72305600067244,1,219.29400634765625,10.6558198928833,553.5910034179688,5.884308338165283,0.0117765525355935,0.0080247381702065,0.2539541721343994,11.0,13.866297721862791,320.587890625,2.2568259239196777,0.004483716096729,25.226709365844727,-1.4104167222976685,28.647706985473636,852.2785034179688,2613.009521484375,812.1158447265625,0.96436745
357,-120.5238987119242,50.68888928296679,1,143.232421875,5.519021511077881,694.2633056640625,5.675560474395752,-0.0252670049667358,0.0394707843661308,0.300376683473587,11.0,13.302043914794922,287.50946044921875,2.314072370529175,0.0043281884863972,22.74553680419922,-1.562256932258606,23.185441970825195,1404.2587890625,2222.595947265625,1811.5244140625,0.9086047
358,-115.07959737117504,49.62203983445802,1,84.06160736083984,12.615947723388672,1544.2523193359375,5.721736431121826,-0.0215963330119848,0.083197683095932,0.838485062122345,2.0,8.069750785827637,707.8029174804688,3.6717023849487305,0.0039137164130806,33.972511291503906,-0.8418601751327515,56.39118576049805,511.1655578613281,7040.6552734375,600.4711303710938,0.919297
359,-123.55401581892806,50.35550560206808,1,281.0084228515625,24.14371681213379,933.0,6.184055328369141,0.0002254181163152,0.0087505597621202,0.4775644540786743,11.0,8.986595153808594,1230.583984375,2.0593576431274414,0.004046737216413,32.961647033691406,-1.1021875143051147,61.82001495361328,6158.6728515625,1625.3197021484375,6118.0087890625,0.98055214
360,-120.91276519834466,49.71957248365312,1,72.2306900024414,10.130448341369627,1462.083984375,6.528862476348877,0.0443986542522907,-0.0174964200705289,0.7334272265434265,2.0,8.31541919708252,654.8590087890625,2.260967493057251,0.0042153531685471,33.41652297973633,-1.153190851211548,91.4892807006836,942.9300537109376,7932.9150390625,1086.9239501953125,0.86785436
361,-121.65458214306594,50.14607252239468,1,143.7241973876953,24.96217918395996,1689.2344970703125,4.877381801605225,0.0206716917455196,-0.053359892219305,0.7128008008003235,9.0,7.892827987670898,773.7061767578125,2.3368449211120605,0.0041303387843072,33.13065719604492,-0.7624879479408264,82.84294128417969,4591.95263671875,4631.60888671875,4615.6494140625,0.89452904
362,-121.6750487400276,50.11438911813013,1,51.82058334350586,20.02777099609375,1562.0399169921875,4.776143550872803,0.0183932688087224,-0.0258695725351572,0.5409618616104126,2.0,7.827483654022217,785.5642700195312,2.314350128173828,0.0041389307007193,33.15843200683594,-0.8823263645172119,83.38890838623047,6433.95068359375,4580.474609375,6457.07470703125,0.63859266
363,-119.44851514525368,50.451022792004366,1,204.30389404296875,20.47913932800293,687.2569580078125,6.36095142364502,0.034031119197607,0.0006005727918818,0.6151772141456604,11.0,11.362984657287598,524.379150390625,2.1489005088806152,0.0044626244343817,34.715843200683594,-1.0468403100967407,66.44340515136719,484.4009704589844,6731.4560546875,314.8749694824219,0.97696733
364,-119.68751498661732,49.70933932150418,1,242.5407257080078,15.298758506774902,600.3192138671875,5.152020454406738,0.0169560201466083,0.0073591228574514,0.1944825798273086,11.0,14.401135444641112,336.92950439453125,2.323120355606079,0.0047779651358723,26.4959716796875,-1.6443471908569336,40.75289535522461,3737.47216796875,960.3098754882812,3690.477294921875,0.97286123
365,-118.38784819533576,50.2513395049364,1,260.6178894042969,18.83981132507324,1660.6790771484375,5.400025844573975,0.0132702523842453,0.0122955776751041,0.685498058795929,2.0,8.469087600708008,1041.4656982421875,2.3172683715820312,0.0043856943957507,35.96686935424805,-1.0840582847595217,55.13155746459961,8625.4814453125,9300.580078125,8693.8818359375,0.8532417
366,-122.9411320746508,49.10562232219185,1,236.00538635253903,0.1019859015941619,1.0702604055404663,14.649718284606934,0.0007544856052845,-0.000293357821647,0.5143948197364807,5.0,14.992950439453123,1366.4879150390625,3.0195116996765137,0.0062475865706801,47.20428085327149,-1.0152777433395386,87.89091491699219,173.72030639648438,2016.4228515625,137.09002685546875,0.19823858
367,-119.51934813942096,49.28067272490647,1,222.2144317626953,9.08274745941162,536.4481201171875,6.379091739654541,0.008370897732675,-0.0049351588822901,0.4593918621540069,11.0,14.499404907226562,288.2235412597656,2.434457778930664,0.0044332067482173,22.926176071166992,-1.8020250797271729,35.04851531982422,581.1115112304688,926.8746948242188,517.0222778320312,0.98002875
368,-119.34379804061486,49.00793932685455,1,,,1157.0128173828125,6.140689849853516,-0.0277218613773584,0.0054803192615509,,7.0,,,,0.0041723446920514,27.837743759155277,,46.36726379394531,185.3701171875,,,0.50943077
369,-120.21468573612964,59.67050632373826,1,273.5145263671875,0.4088716804981231,471.36236572265625,9.678716659545898,-0.0011308758985251,-0.0007325142505578,0.596328854560852,2.0,4.665462970733643,421.3893737792969,2.597824811935425,0.0035210873465985,32.77766418457031,0.0272098053246736,47.37946319580078,39773.80078125,1404.02978515625,39740.48828125,0.7589767
370,-120.00835238931614,59.84000635687657,1,,,,,,,,,,,,0.0034781729336827,,,,,,,0.26166555
371,-120.01901908381387,59.84967305613756,1,,,,,-0.0002990734938066,-0.000331408024067,0.6007757186889648,11.0,4.328432559967041,418.360107421875,2.6019515991210938,0.0034779927227646,32.6790657043457,0.0573958344757556,51.352333068847656,,3262.04296875,,0.75203294
372,-121.83701814881654,57.347172744349365,1,26.699708938598636,1.875035285949707,894.0712280273438,8.360396385192871,-0.0081655168905854,0.0050120525993406,0.7357082366943359,11.0,6.037482738494873,526.8281860351562,2.63722562789917,0.0036381317768245,36.76313781738281,-0.0695138871669769,51.18007659912109,29631.708984375,5659.3095703125,22632.34765625,0.82047933
373,-121.7961849072678,57.48050605222807,1,44.90776443481445,0.9665372967720032,999.72412109375,7.049149513244629,-0.0032564168795943,4.0173887100536376e-05,0.6483469009399414,2.0,6.380342483520508,531.3726806640625,2.686387538909912,0.0036364218685775,36.61308288574219,0.0040486510843038,57.888797760009766,41130.00390625,7251.599609375,36362.52734375,0.5756306
374,-122.88701847506896,57.62117260691888,1,65.66832733154297,3.1040682792663574,1095.6732177734375,6.029610633850098,0.0025210822932422,0.0004552529717329,0.6121340394020081,2.0,6.064268589019775,612.4761962890625,2.335655450820923,0.0034924319479614,36.62321853637695,0.0475802458822727,61.31247329711914,6023.00146484375,2359.44677734375,6005.572265625,0.44897127
375,-121.88335158459329,57.61200604934375,1,162.5731201171875,2.455498456954956,841.829345703125,7.361555576324463,-0.0084128640592098,0.0009262263192795,0.7239997386932373,2.0,6.839484214782715,519.989013671875,2.571558713912964,0.0036869139876216,36.92744064331055,-0.0698127821087837,59.028594970703125,56619.09765625,7748.2578125,46433.6796875,0.683597
376,-123.56330230713324,58.431472424934086,1,239.8719482421875,6.041195869445801,892.978759765625,7.029692649841309,-0.003632029518485,0.0126869855448603,0.5782443881034851,2.0,6.033900737762451,598.4201049804688,1.9255932569503784,0.0035854564048349,36.626441955566406,-0.1376028656959533,74.61563110351562,28784.2109375,5010.59033203125,28919.67578125,0.6696048
377,-124.20001940069253,58.94167233156508,1,67.1314926147461,6.774392127990723,1092.56103515625,6.262148857116699,0.0014560694107785,-0.0183324534446001,0.5026225447654724,11.0,5.243035793304443,622.4720458984375,1.833925485610962,0.0035213637165725,35.37485885620117,-0.0020218873396515,73.85420227050781,30073.7421875,5253.90234375,29916.5859375,0.88937885
378,-131.45558775620975,59.88430464184994,1,170.04180908203125,2.3679490089416504,850.0125122070312,11.610502243041992,0.0038780265022069,0.000999784679152,0.4434874653816223,1.0,4.70790958404541,522.9168701171875,2.021510124206543,0.0032871670555323,29.92713737487793,0.2639678418636322,54.56929016113281,868.1564331054688,288.65631103515625,1064.2923583984375,0.6181055
379,-130.63385398213023,59.44033807835843,1,230.12376403808597,2.2587385177612305,1239.457763671875,7.454078197479248,0.0029120198450982,0.0005657380679622,0.5144455432891846,9.0,3.778975009918213,623.7166748046875,2.096991062164306,0.0031014294363558,29.370481491088867,0.5267017483711243,50.69815826416016,48465.10546875,477.9039916992188,48613.3671875,0.50549614
380,-130.6413540708753,59.59033807596071,1,334.024658203125,0.8468727469444275,1196.2950439453125,10.216845512390137,-0.0014563521835952,0.0009971825638785,0.5138407945632935,4.0,3.775537490844727,604.8099365234375,2.042008638381958,0.0030934172682464,29.17367553710937,0.4568402767181396,54.64684295654297,52516.515625,2253.244384765625,52662.6640625,0.25170502
381,-130.8593542317232,59.79167143959974,1,65.89674377441406,0.925243616104126,1112.634521484375,8.790914535522461,0.0046413922682404,-0.0018188775284215,0.5739694237709045,1.0,3.9565861225128174,589.65869140625,2.0952725410461426,0.0030998110305517,29.70720672607422,0.3719488084316253,62.04439163208008,27760.21875,598.7879638671875,27617.63671875,0.39605817
382,-120.57035159255614,58.130506240151085,1,310.1545104980469,0.2471811175346374,501.473876953125,6.735015392303467,0.0016287628095597,-0.0005632449174299,0.6066016554832458,11.0,6.487921714782715,435.374267578125,2.83017373085022,0.0038295648992061,34.508914947509766,0.3454697132110595,55.313255310058594,52265.86328125,3214.653564453125,32516.890625,0.89249253
383,-126.11685200188565,56.9506721373784,1,206.2787933349609,11.366525650024414,1648.52587890625,7.495320320129394,0.0300320424139499,0.0053699482232332,0.5845710635185242,2.0,3.9522647857666016,663.72900390625,2.1730499267578125,0.0031920317560434,29.326358795166016,0.0663598328828811,27.919086456298828,50717.7265625,2543.14306640625,50717.37109375,0.028189873
384,-129.68718690558876,58.83333822029775,1,217.3116912841797,6.694619178771973,1032.49267578125,5.399736881256104,0.0206665769219398,-0.0007297397241927,0.7145478129386902,2.0,4.695483684539795,592.5487060546875,1.78385591506958,0.0031175171025097,29.42656707763672,0.7555958032608032,48.29660034179688,16687.44140625,610.224853515625,16529.8828125,0.12947139
385,-126.70638540965984,56.7598053496318,1,89.9640884399414,2.43241810798645,1321.71240234375,8.038277626037598,0.0008812721353024,0.0004273127706255,0.6473469138145447,2.0,4.708817481994629,655.2098388671875,2.035421133041382,0.0033438105601817,29.978479385375977,0.2852627635002136,28.340206146240234,92628.5,6618.40185546875,63465.59765625,0.40922713
386,-126.42585259321577,58.03333869856779,1,226.4897003173828,5.941044330596924,1318.440185546875,6.835969924926758,0.0211512222886085,-0.004398641642183,0.5821491479873657,11.0,4.3981242179870605,597.5747680664062,1.834155559539795,0.0032721902243793,29.93465614318848,0.3174820840358734,25.451156616210938,81790.3203125,5428.3427734375,81795.4921875,0.78395796
387,-127.71313652646263,58.65900521548955,1,167.7781219482422,7.710740566253662,790.5825805664062,8.888179779052734,0.0426257513463497,-0.0069299982860684,0.4129185080528259,11.0,5.461032867431641,540.4786376953125,1.588088035583496,0.0032262979075312,30.994251251220703,0.3960204124450683,47.27436065673828,113970.59375,420.243896484375,106724.8046875,0.907704
388,-127.11668629802756,58.58333860480421,1,159.74459838867188,12.69644260406494,992.709716796875,4.849349021911621,0.0532470680773258,0.0083614652976393,0.5381065011024475,11.0,5.246181011199951,549.1023559570312,1.6454743146896362,0.0032439082860946,30.605224609375,0.3660853207111358,37.67048263549805,84182.53125,964.7724609375,84159.9609375,0.9073111
389,-125.00501942388294,58.73000561733805,1,141.58653259277344,8.35046100616455,1356.0816650390625,6.823465347290039,-0.0404327511787414,0.0134779196232557,0.4910930693149566,11.0,4.664182186126709,612.9108276367188,1.8197274208068848,0.0032024402171373,32.55229949951172,0.3221291601657867,38.05574798583984,3633.369384765625,3364.8447265625,3571.88134765625,0.61231136
390,-132.78285374491568,58.54917116047452,1,258.4269714355469,22.197694778442383,1054.519287109375,7.209296703338623,0.060560293495655,0.0009458708227612,0.496622771024704,2.0,4.844476222991943,1118.083251953125,2.2540054321289062,0.0034924233332276,31.129610061645508,0.5103821158409119,62.890724182128906,103787.0078125,897.8984985351562,103755.6953125,0.13951842
391,-128.90835297678623,58.068005042694,1,50.37525939941406,5.596756935119629,1187.9862060546875,6.819082260131836,-0.0105856293812394,0.0202190838754177,0.5206080675125122,2.0,5.014997005462647,592.5150756835938,1.8054770231246948,0.0031790451612323,30.02761650085449,0.8580746650695801,41.73264694213867,57331.19140625,6710.99658203125,57257.859375,0.51536787
392,-128.9244699137696,58.49318833386341,1,233.28759765625,7.760379791259766,1311.0469970703125,7.805047035217285,0.0123144425451755,-0.0052513368427753,0.6628236770629883,2.0,3.928508043289185,627.1668701171875,1.912483811378479,0.0032033135648816,29.19244766235352,0.7416154146194458,41.07795333862305,60372.95703125,5228.89306640625,60343.2265625,0.034789752
393,-129.3550194953191,57.57383826832007,1,283.9654846191406,24.93655586242676,1323.2261962890625,5.446874141693115,0.0520811453461647,-0.0139944097027182,0.514377236366272,2.0,6.156280040740967,616.9987182617188,1.817777395248413,0.0033328612335026,30.9317684173584,0.7741473317146301,48.65863800048828,38115.546875,1636.3929443359375,38318.21484375,0.44890553
394,-125.66998564785813,57.59017220720678,1,304.45166015625,9.326032638549805,1125.7147216796875,5.919431686401367,0.012887880206108,0.0014714859426021,0.444730132818222,11.0,5.399735450744629,565.8062744140625,1.7761939764022827,0.0033124412875622,29.734188079833984,0.2642361223697662,20.15646171569824,17404.376953125,7237.6796875,17613.28125,0.85109687
395,-125.8078525851504,58.20250549627462,1,115.20140838623048,1.9109480381011963,927.3428955078124,6.6754655838012695,0.014438347890973,0.0009485608316026,0.5657181143760681,11.0,5.002246379852295,578.6109619140625,1.6793774366378784,0.0031978660263121,30.659034729003903,0.4069604873657226,20.594675064086918,64670.55078125,494.799560546875,64514.7578125,0.9421844
396,-120.19846749093035,56.6052062495985,1,314.0322265625,0.5426232218742371,799.0618896484375,10.124155044555664,-0.0007161882822401,0.0010258922120556,0.6277556419372559,11.0,6.839463233947754,482.91510009765625,3.289201498031616,0.0038272195961326,36.45200729370117,0.4305221140384674,41.71710586547852,4400.18603515625,5331.453125,4500.115234375,0.68174535
397,-127.77835190490336,56.20833849527392,1,199.89610290527344,18.84473419189453,1004.3856201171876,4.768665790557861,0.0051127686165273,0.0594938285648822,0.5894193649291992,11.0,7.3038649559021,734.8553466796875,1.941312313079834,0.003912353888154,33.07646560668945,0.2302900850772857,47.622650146484375,57189.98828125,828.51806640625,22709.708984375,0.9117986
398,-121.4500180255276,57.22025609669216,1,124.52045440673828,1.0518474578857422,806.4404296875,11.95325756072998,-0.0039698900654911,0.0029958165250718,0.7157260775566101,2.0,6.071634292602539,489.1227416992188,2.7748446464538574,0.0037062573246657,35.64950180053711,0.1263705939054489,43.50707244873047,9372.4306640625,3428.127197265625,9621.46484375,0.43731856
399,-121.87001796572152,56.95333932880878,1,78.25588989257812,2.135571002960205,926.6085815429688,11.035103797912598,-0.0044748336076736,-0.0039808480069041,0.7219973206520081,2.0,6.507535934448242,557.6907958984375,2.6983025074005127,0.0036270518321543,37.317142486572266,-0.0063651292584836,44.11438751220703,10575.240234375,10979.1591796875,10507.1435546875,0.25407568
400,-121.90751787396763,56.73700602179133,1,203.01739501953125,2.0607614517211914,796.0028076171875,11.020427703857422,0.0160677228122949,-0.0011884551495313,0.5579783320426941,2.0,6.913900375366211,550.2639770507812,2.654712915420532,0.0036451469641178,37.8632926940918,0.0278476141393184,44.64800643920898,2648.56494140625,10204.189453125,2573.244384765625,0.3355829
401,-121.71765075717194,55.84153932636683,1,225.9381866455078,5.309186935424805,755.601318359375,7.252279758453369,0.0180490333586931,-0.0061555569991469,0.6691279411315918,2.0,8.145739555358887,546.189208984375,2.677788496017456,0.003825593739748,38.39637756347656,0.3375234603881836,49.20494079589844,373.8590698242188,1181.611083984375,726.6887817382812,0.284004
402,-120.4616837833058,55.53667287883849,1,107.09708404541016,1.543094515800476,783.7464599609375,6.393693447113037,0.006409662310034,-0.02191649004817,0.6806837320327759,11.0,8.99841594696045,517.9859619140625,2.951056480407715,0.0038640522398054,37.78720474243164,0.2316882312297821,35.31964111328125,845.9795532226562,3940.7197265625,765.85498046875,0.6985446
403,-120.78228372864989,55.24412283193363,1,183.01736450195312,1.811497926712036,1123.859619140625,7.04525899887085,-0.0025040747132152,0.0033577952999621,0.6121017336845398,2.0,8.097057342529297,624.1720581054688,2.934267520904541,0.0038003050722181,38.824554443359375,0.4367203116416931,50.75362014770508,3751.674560546875,1539.8521728515625,3792.47314453125,0.44024456
404,-120.43426677589946,54.783172862295366,1,95.0918197631836,1.1462838649749756,1265.056640625,7.895577430725098,-0.0015396322123706,0.0009365789010189,0.5631387829780579,11.0,7.793328762054443,661.3402709960938,2.8403687477111816,0.0037370624486356,39.499786376953125,0.2672916650772095,55.22464370727539,9559.0595703125,2985.970703125,9423.2080078125,0.49643877
405,-128.73335120419185,54.250005043937016,1,211.47471618652344,17.47172737121582,378.510498046875,5.127635478973389,0.0290584359318017,-0.0070161730982363,0.8016350269317627,2.0,8.441566467285156,1844.8189697265625,3.0254616737365723,0.0044250832870602,35.61299514770508,-1.103864669799805,43.07798004150391,939.9270629882812,976.9712524414062,847.6990966796875,0.14695814
406,-125.84315049600218,53.44512211033273,1,114.89065551757812,2.055150270462036,1047.61181640625,9.264142036437988,-0.002908200956881,0.005676407366991,0.6602041125297546,11.0,8.185997009277344,526.3845825195312,2.1033473014831543,0.0039303824305534,32.23247146606445,-1.131672501564026,63.677276611328125,20663.736328125,2375.19091796875,20548.572265625,0.9478465
407,-126.50001760208688,54.26250534255823,1,264.6969299316406,1.6458877325057983,1262.3682861328125,8.81321907043457,0.000669456727337,-0.0026431023143231,0.5582696199417114,2.0,7.550900936126709,624.7720947265625,2.283362627029419,0.0038443009834736,33.75397491455078,-0.9596304297447203,85.65579986572266,4330.96044921875,6476.79541015625,4221.92578125,0.5282403
408,-124.91585041175122,53.636172242666376,1,216.10699462890625,2.417438268661499,877.616455078125,8.159995079040527,-0.0042214086279273,0.0045058755204081,0.7198380827903748,2.0,9.758764266967772,479.7207946777344,2.0201661586761475,0.0041158846579492,33.36116409301758,-0.9295077323913574,46.83534622192383,895.1470947265625,1747.299072265625,831.8284912109375,0.5097754
409,-126.26668377323593,52.966672049050544,1,130.2406768798828,10.005270957946776,1096.0341796875,7.101712703704834,0.0170230623334646,-0.0018494584364816,0.5278328061103821,11.0,8.105116844177246,790.391357421875,2.064905405044556,0.0040456159040331,31.264476776123047,-1.1396973133087158,65.03235626220703,34028.0625,2542.90283203125,34030.08984375,0.90603185
410,-126.63335048217232,53.10000530096975,1,154.3316192626953,10.220366477966309,1344.7744140625,6.646330833435059,0.0668052807450294,-0.0002304702502442,0.5204230546951294,2.0,6.25816822052002,1047.7679443359375,2.3210599422454834,0.0039509921334683,30.491195678710938,-1.1021631956100464,67.06948852539062,59743.79296875,3842.413330078125,59816.12109375,0.68126905
411,-127.4331843178296,53.95133850982726,1,235.771484375,10.78854274749756,1226.9197998046875,6.325455665588379,-0.0372348092496395,0.0181654375046491,0.7294920682907104,2.0,7.593177318572998,1181.67919921875,2.3289639949798584,0.0039729098789393,32.57253646850586,-1.1302083730697632,61.19171524047852,11078.5546875,891.7020874023438,11366.0107421875,0.8993395
412,-119.23501585483945,52.86333953620419,1,309.9048767089844,14.641801834106444,1146.7554931640625,5.342381954193115,0.0568037815392017,-0.0232352335005998,0.7274275422096252,2.0,8.248270988464355,786.4412841796875,1.9098451137542725,0.0037933967541903,32.386112213134766,-0.2438822537660598,24.38015556335449,2815.7373046875,2772.4814453125,2738.79931640625,0.62630737
413,-118.83334915083292,53.05000629740215,1,,,2179.094970703125,5.002495288848877,,,0.1885681748390197,11.0,4.493259906768799,850.5152587890625,2.3208227157592773,0.0032954695634543,31.65415573120117,-0.1021527796983718,24.79211807250977,10880.94140625,2947.59326171875,10731.5478515625,0.22603394
414,-117.81801501497723,51.06517301869089,1,141.2423095703125,32.24034881591797,1546.638427734375,4.573467254638672,-0.0003943432238884,-0.014331541955471,0.7048031091690063,11.0,5.904636383056641,1533.5404052734375,2.2883732318878174,0.0038372713606804,33.61228561401367,-1.056944489479065,31.914770126342773,8115.03369140625,3724.27001953125,7948.45458984375,0.99397063
415,-118.28068198258298,51.65350629240197,1,108.3746566772461,16.735166549682617,1820.29443359375,5.200382709503174,0.0006426316685974,-0.0506888777017593,0.519837498664856,2.0,5.945211410522461,1300.36328125,2.0262675285339355,0.0038324501365423,33.7173957824707,-0.8763034343719482,33.776878356933594,13739.5517578125,5367.869140625,13738.025390625,0.9173043
416,-118.21453201312016,51.78852300766442,1,226.5777282714844,13.106782913208008,2420.55322265625,6.224539756774902,-0.0101830884814262,0.0487765073776245,0.0842543393373489,9.0,3.9825479984283447,1280.5775146484375,2.29207444190979,0.0035574771463871,31.27936363220215,-0.9401512742042542,32.08060836791992,24694.759765625,5978.8623046875,24581.935546875,0.588993
417,-118.67638203775503,51.56782294060769,1,,,1856.803466796875,,,,0.548309862613678,11.0,6.919029235839844,1233.331298828125,1.9816819429397583,0.004007619805634,34.24388885498047,-0.8275808095932007,36.79262161254883,5903.73486328125,5352.31787109375,5972.328125,0.98984724
418,-118.05301530855245,51.860006330851306,1,,,887.0535888671875,6.640172958374023,0.1248302683234214,-0.005270900670439,0.7014160752296448,2.0,5.534018039703369,1145.2239990234375,2.05873441696167,0.0037526485975831,32.18589401245117,-0.7540632486343384,30.41236114501953,34739.94921875,501.3230285644531,34749.4453125,0.6046534
419,-117.81399852776914,51.77658965433852,1,134.64674377441406,25.949893951416016,1682.91650390625,4.840846061706543,-0.0205230023711919,-0.0013878814643248,0.6329134702682495,11.0,5.408032417297363,1143.0355224609375,2.2070252895355225,0.0036775176413357,31.972166061401367,-0.894444465637207,29.19023323059082,16546.361328125,5714.09716796875,16627.849609375,0.98889446
420,-118.74009877805052,51.98765625378062,1,203.4270782470703,14.433267593383787,1748.3172607421875,5.836719036102295,-0.0890640765428543,0.0655626133084297,0.6454302072525024,11.0,6.918646335601807,1150.02880859375,1.8964661359786987,0.0037363192532211,34.10730743408203,-0.6497368216514587,34.97738265991211,11490.947265625,2510.867919921875,11471.875,0.9878928
421,-118.73741546316128,51.94798955600547,1,321.42706298828125,17.027807235717773,1713.47900390625,4.811915397644043,-0.0268604215234518,0.0162415467202663,0.6993524432182312,2.0,6.668418884277344,1161.7515869140625,1.9268699884414675,0.0038060073275119,33.82511901855469,-0.7323765158653259,35.32857894897461,11275.1904296875,1937.5992431640625,11255.7021484375,0.8905242
422,-118.06834856645932,51.72883962027554,1,,,,,-0.029619600623846,-0.0155739840120077,0.2514192461967468,8.0,3.196201801300049,1347.544921875,2.466299295425415,0.0035191006027162,30.55207061767578,-0.995571494102478,31.080814361572266,30291.109375,4435.60595703125,30332.822265625,0.11569589
423,-118.61501529703732,51.49233954291805,1,,,,,,,0.53380286693573,2.0,5.709476470947266,1314.6180419921875,2.164726972579956,0.0040537966415286,32.99901580810547,-0.847986102104187,37.16702651977539,7748.15625,7302.0849609375,7780.32080078125,0.33949125
424,-118.66668212397371,51.85000625330425,1,166.14418029785156,24.233383178710938,1184.0159912109375,5.709653377532959,0.0137266498059034,0.0072256294079124,0.6263414025306702,11.0,8.355193138122559,1170.6849365234375,1.781652569770813,0.00402607396245,35.67556381225586,-0.6773263812065125,34.54975128173828,2687.437255859375,1840.7933349609373,2804.247802734375,0.99368274
425,-118.01469848512671,51.48742301315508,1,,,1699.1241455078125,4.921202182769775,-0.0005753216682933,-0.0251008886843919,0.6486888527870178,2.0,4.832097053527832,1440.7474365234375,2.271700859069824,0.0036969466600567,32.75032043457031,-0.9607986211776732,33.36000061035156,25378.56640625,1965.73095703125,25384.03515625,0.64633507
426,-117.56584827423612,51.07983964890059,1,272.2821044921875,26.24232482910156,2129.087646484375,4.595402240753174,-0.124865137040615,0.0886288434267044,0.1855221539735794,8.0,5.48973560333252,1469.802001953125,2.3920085430145264,0.003777316538617,33.039405822753906,-1.0996602773666382,31.580307006835938,18130.392578125,1700.104736328125,17970.28515625,0.69493145
427,-120.37904922037832,52.41328937972012,1,72.83560180664062,6.495349407196045,1157.3614501953125,10.487627029418944,0.0389296114444732,0.0087396465241909,0.7196121215820312,2.0,7.798891544342041,956.3492431640624,2.204113245010376,0.0038990443572402,35.58432388305664,-0.3825989961624145,38.42780303955078,26768.123046875,2932.53857421875,26785.943359375,0.49183473
428,-119.58468250622448,52.52283947585112,1,224.2518768310547,30.290563583374023,,,-0.0064325742423534,0.0305548850446939,0.6228644251823425,2.0,4.725666999816895,1100.650390625,2.2528181076049805,0.0036112135276198,31.63008689880371,-0.5301920175552368,33.321624755859375,28437.21875,4752.67529296875,28403.548828125,0.80738616
429,-120.16334919784808,52.483339403367225,1,185.3610992431641,14.57540798187256,1200.8038330078125,5.544273376464844,0.1347070783376693,-0.017129186540842,0.7844984531402588,2.0,6.267609596252441,1067.560791015625,2.339409828186035,0.0038546330761164,33.43706130981445,-0.3574980497360229,35.21591567993164,35975.41015625,506.9236755371094,36115.91796875,0.91076297
430,-119.8583490996961,52.34167283685232,1,174.507080078125,8.158470153808594,1312.175048828125,7.317718029022217,-0.006244190968573,-0.0194210037589073,0.6849861145019531,1.0,7.178552150726318,1051.6231689453125,2.1470909118652344,0.0037851775996387,34.70863723754883,-0.388359010219574,35.29831314086914,31219.890625,807.4091796875,31290.54296875,0.9281597
431,-120.2963326318262,52.47912278784764,1,193.07406616210935,16.776412963867188,1435.888671875,5.168790817260742,0.0199992135167121,0.0045505138114094,0.6216350793838501,2.0,8.220888137817383,956.301025390625,2.207134962081909,0.0039818412624299,36.40642929077149,-0.3195355534553528,35.10905075073242,35494.70703125,2900.590576171875,35477.375,0.8661049
432,-120.12718259535484,52.47717281220365,1,,,1565.5718994140625,,,,0.5154017210006714,2.0,6.045379638671875,1079.3583984375,2.331902027130127,0.0037818681448698,33.39372253417969,-0.397362470626831,34.9230842590332,35294.86328125,2547.821044921875,35494.6796875,0.69984096
433,-117.08276475489347,50.65565637856137,1,84.79937744140625,30.0774040222168,1121.4556884765625,5.8686957359313965,0.0143889570608735,0.0402915067970752,0.6722595691680908,11.0,8.09763240814209,972.5010986328124,2.266538619995117,0.0038256687112152,31.147947311401367,-1.3736567497253418,31.07955741882324,1099.7037353515625,1920.735595703125,1151.5908203125,0.99438655
434,-117.07271473526532,50.59372307411206,1,39.35246276855469,21.08992958068848,1333.8717041015625,8.306952476501465,0.1318489462137222,-0.0157848317176103,0.6313111186027527,2.0,7.138276100158691,1061.2615966796875,2.437795162200928,0.0039035938680171,31.25759696960449,-1.1559375524520874,32.52840805053711,3342.974853515625,2225.544189453125,3224.65087890625,0.9329811
435,-117.04966477185413,50.74173969100416,1,180.8952789306641,27.921483993530277,1381.5118408203125,8.347234725952148,0.0144174126908183,0.0042656506411731,0.7231876850128174,11.0,6.578674793243408,1083.3896484375,2.4638328552246094,0.0037026756908744,31.2672061920166,-1.168617606163025,33.12553787231445,5842.806640625,1278.4322509765625,5806.37939453125,0.99115235
436,-117.11523143901994,50.56573966866882,1,,,1683.4522705078125,6.3099365234375,0.0378800295293331,0.0372067838907241,0.5819502472877502,11.0,5.444924831390381,1211.346923828125,2.708891630172729,0.003941093571484,30.570858001708984,-1.3817670345306396,33.970088958740234,7146.53759765625,5797.41650390625,7149.99462890625,0.94108737
437,-117.1404147298312,50.51167306036604,1,287.4835205078125,19.01831817626953,1915.79833984375,7.282372951507568,0.0394701473414897,-0.0756575688719749,0.4824937582015991,2.0,6.108649730682373,1179.1016845703125,2.62949538230896,0.0040091970004141,30.91255187988281,-1.3610069751739502,34.124080657958984,6405.41064453125,5370.57470703125,6493.5400390625,0.9355285
438,-118.7663487887718,52.03300625663643,1,,,,,,,0.5922732949256897,11.0,6.109694004058838,1147.8668212890625,1.9778635501861568,0.0035962157417088,33.299434661865234,-0.6643470525741577,34.69003677368164,11624.2900390625,7761.4091796875,11390.1376953125,0.8548162
439,-118.2934652771644,51.6104229872533,1,,,1221.866943359375,4.82421875,0.0775506943464279,0.0207378827035427,0.7616130113601685,11.0,8.2007474899292,1175.275634765625,1.777114987373352,0.0039279479533433,35.29738235473633,-0.831427276134491,32.81064987182617,12727.0947265625,500.0,12999.7724609375,0.94261533
440,-118.08434842027872,51.22350629365296,1,,,1816.375732421875,4.588151931762695,-0.0967504680156707,0.0728205516934394,0.5823153257369995,11.0,6.511321067810059,1499.294189453125,2.16286301612854,0.0039415564388036,34.98931121826172,-0.9333333373069764,33.97837829589844,8250.1455078125,6227.17578125,8239.97265625,0.97532165
441,-118.76893212355404,51.80215624030016,1,205.77947998046875,19.258514404296875,1173.9820556640625,5.253794193267822,0.0274912044405937,-0.0159535594284534,0.7145459055900574,2.0,7.313729763031006,1191.1064453125,1.894066333770752,0.0038827676326036,34.68700408935547,-0.6816672682762146,36.30572128295898,7293.22412109375,2408.6806640625,7272.744140625,0.9306716
442,-117.8858149475377,50.76723958969567,1,175.60171508789062,21.731948852539062,1925.4541015625,6.087785720825195,-0.0764024555683136,0.0636358931660652,0.5746728777885437,11.0,6.697225570678711,1472.244140625,2.361863613128662,0.0044289226643741,34.56893539428711,-1.1114215850830078,38.21620178222656,5217.6044921875,6551.00732421875,5381.97607421875,0.9789064
443,-121.00614955551436,53.05317272534485,1,,,1079.8916015625,5.132091999053955,,,0.6444001793861389,11.0,7.243206977844238,1021.9169921875,2.535588026046753,0.0039291083812713,36.78070831298828,-0.0505317635834217,37.50219345092773,8486.2744140625,769.4328002929688,8570.4384765625,0.87501794
444,-124.21758367662343,53.55283893235364,1,204.6868133544922,1.3585468530654907,952.45947265625,9.131882667541504,-0.0018171991687268,0.0004455674206838,0.6424105763435364,2.0,9.656819343566896,480.3014831542969,2.0677733421325684,0.0038904042448848,34.22835159301758,-0.7711458206176758,48.98443603515625,4604.49951171875,1298.81494140625,4755.591796875,0.74113244
445,-124.358183664329,53.46583891008094,1,45.0555305480957,1.0743448734283447,1014.3306274414062,10.594488143920898,-0.002651123329997,-0.0041712527163326,0.628836989402771,2.0,9.4066162109375,472.25970458984375,2.092388868331909,0.0039102109149098,33.7142448425293,-0.7879860997200012,46.82551193237305,289.4073791503906,1092.1046142578125,125.26039123535156,0.46921775
446,-125.5566836381742,52.88167213408239,1,237.6889190673828,0.9709967374801636,1107.78466796875,7.844886779785156,0.0003805499291047,0.0009902731981128,0.5362942218780518,2.0,8.654990196228027,501.6940002441406,2.113417387008667,0.00395432068035,30.09522247314453,-1.308850646018982,48.49910354614258,4118.70849609375,2514.209228515625,4250.32568359375,0.63108873
447,-125.52001695056776,52.93667214195845,1,163.18734741210938,1.0825872421264648,1173.15869140625,7.2859625816345215,-0.0005412001628428,-0.0029387730173766,0.6061757802963257,2.0,8.498003005981445,497.8056640625,2.14516830444336,0.0039383987896144,30.55608940124512,-1.3283333778381348,50.036598205566406,9986.6474609375,3525.291748046875,7484.47314453125,0.7028964
448,-123.37291665376976,53.05372242063813,1,207.0996551513672,2.3243541717529297,1044.0726318359375,6.810723304748535,-0.0001605195720912,0.0072816992178559,0.54360032081604,2.0,10.037062644958496,464.4741821289063,2.206728458404541,0.0038916633930057,34.26755905151367,-0.5690624713897705,43.67956161499024,2189.558837890625,9498.0888671875,2358.521728515625,0.6918974
449,-124.11668350784748,53.14833893109637,1,247.5538330078125,0.8788447976112366,1049.37841796875,8.734541893005371,0.0031211606692522,-0.0015928401844576,0.6135762929916382,11.0,9.878259658813477,435.0832824707031,2.109585285186768,0.0038544554263353,32.774017333984375,-0.845458984375,41.531436920166016,18941.419921875,4315.50048828125,15146.455078125,0.9501908
450,-123.9884167147219,52.946572342642334,1,106.14630889892578,3.470776081085205,1244.4573974609375,7.338512420654297,-0.0197882540524005,0.001461844658479,0.6290241479873657,2.0,9.782793998718262,430.0904235839844,2.2109625339508057,0.0038018338382244,32.52924346923828,-0.8565278053283691,41.26268005371094,6469.5078125,7710.76611328125,6348.48583984375,0.4990947
451,-120.78718271888654,52.47267272515017,1,142.1787109375,26.3514347076416,1117.3341064453125,5.2601399421691895,0.02398132532835,0.0093198027461767,0.6447482705116272,11.0,9.612003326416016,844.6312255859375,2.217803955078125,0.0042276736348867,37.9008903503418,-0.2959776818752289,38.65287399291992,12151.2109375,819.343017578125,12062.7255859375,0.9695877
452,-120.68851603893242,52.58917274074649,1,142.17811584472656,22.593324661254883,1389.435546875,6.743827819824219,-0.0031407075002789,-0.0044912486337125,0.6215391159057617,2.0,7.659495830535889,1001.177490234375,2.392010450363159,0.0038818677421659,36.30002975463867,-0.3384578227996826,39.42916488647461,25535.455078125,1886.76123046875,25579.6171875,0.9391015
453,-120.49204934270466,52.740056076044674,1,129.28680419921875,26.81011199951172,1464.9781494140625,5.943019390106201,-0.0259081292897462,0.0238225348293781,0.6578247547149658,2.0,7.008573532104492,1006.599365234375,2.323305368423462,0.0037206467241048,35.03463363647461,-0.1986891627311706,37.50333404541016,26887.41796875,1174.542724609375,27054.0546875,0.93893504
454,-125.13751661264936,52.12767216469037,1,64.3726577758789,1.4974753856658936,1203.2584228515625,6.868165969848633,0.0014241066528484,-0.0057347565889358,0.4673442840576172,11.0,8.915337562561035,411.7114562988281,2.0704057216644287,0.0038675793912261,26.893110275268555,-1.2978910207748413,31.64236259460449,6411.51708984375,829.4448852539062,6444.5146484375,0.90021425
455,-124.3311831630767,52.025672271969086,1,318.916259765625,3.4647467136383057,952.775390625,9.050203323364258,0.0136775011196732,-0.0002671899273991,0.5173579454421997,1.0,11.202503204345703,344.3350524902344,1.8927456140518188,0.0037962633650749,27.01988983154297,-1.218672752380371,28.85190773010254,1089.1162109375,816.3442993164062,1117.0911865234375,0.39424077
456,-124.1169495971578,51.643605584093976,1,136.85693359375,1.7927852869033811,1222.7532958984375,6.514030933380127,-0.0051995618268847,0.0063507547602057,0.647361695766449,2.0,10.266642570495604,426.7243347167969,1.9254001379013064,0.0037948873359709,28.56988525390625,-1.3795608282089231,38.07506561279297,1068.9427490234375,214.2209014892578,1195.01318359375,0.6043732
457,-117.13514837187788,51.681773128679055,1,162.8190155029297,27.59201431274414,1706.859130859375,4.481214046478272,-0.0194684676826,0.0385464131832122,0.5887962579727173,11.0,4.637049198150635,1022.6691284179688,2.4673469066619877,0.003317778930068,30.9499568939209,-1.012951374053955,25.169164657592773,10072.96875,800.2550048828125,10076.0986328125,0.9798645
458,-118.13451541256826,52.16567303484272,1,281.8205871582031,19.204158782958984,1922.8206787109373,4.302967548370361,-0.0518588311970233,0.0306012369692325,0.5291295647621155,11.0,5.69200325012207,995.9653930664062,2.086890935897827,0.0036371070891618,31.7691593170166,-0.660411536693573,28.590320587158203,30872.095703125,2772.360107421875,30881.1015625,0.96744823
459,-125.74668345293354,52.24833869909677,1,116.22049713134766,10.45095157623291,1033.0452880859375,5.641322135925293,-0.010290989652276,0.0037507570814341,0.5411393642425537,2.0,8.828350067138672,645.4578247070312,2.0783705711364746,0.0038355712313205,27.821929931640625,-1.164559245109558,42.15190124511719,21076.130859375,588.85546875,21189.373046875,0.4512385
460,-125.32589984065451,51.81258873429999,1,276.7610168457031,27.20333671569824,1313.1826171875,7.819264411926269,-0.0317667350172996,0.0384637787938118,0.5240868926048279,11.0,8.371707916259766,588.4923706054688,2.005587339401245,0.003621463663876,26.590211868286133,-1.1622655391693115,40.70773315429688,23410.81640625,1227.6856689453125,23575.23046875,0.9271625
461,-126.02581678988253,52.22512205545024,1,80.86133575439453,21.380599975585938,460.1611328125,6.66812801361084,0.0653194263577461,-0.0489652119576931,0.516815185546875,11.0,7.684811115264893,892.5892944335938,2.1646618843078613,0.0039006513543426,28.536779403686523,-0.9592708349227904,45.48868560791016,15137.2158203125,1050.858154296875,15003.0263671875,0.97765654
462,-118.57936500735686,50.513572901453855,1,185.57342529296875,7.239414215087891,1828.4224853515625,7.766794204711914,-0.0133426198735833,0.0168930348008871,0.628172755241394,2.0,6.630971431732178,1217.4715576171875,2.474398374557495,0.0046439189463853,34.183258056640625,-1.143279194831848,55.1596794128418,962.2921142578124,5100.533203125,864.5040893554688,0.87130725
463,-119.8168487896469,51.39362279893203,1,236.94883728027344,11.63662052154541,1675.142578125,9.577526092529297,-0.0242604278028011,0.0045578102581202,0.5727972388267517,11.0,8.001468658447266,893.1244506835938,2.263718366622925,0.0037556660827249,35.796470642089844,-0.8742361068725586,56.17226028442383,4630.693359375,4451.84423828125,4790.4697265625,0.95955944
464,-119.73934888526573,51.73533941909337,1,133.66270446777344,19.428512573242188,1059.61328125,4.717772483825684,0.0344147868454456,-0.0029673639219254,0.7436610460281372,11.0,9.087227821350098,871.18505859375,1.9831218719482424,0.0040551223792135,35.84295654296875,-0.6709436774253845,44.19118881225586,953.8441162109376,1742.56982421875,895.5230712890625,0.9789747
465,-119.68901547791324,51.435339411604666,1,,,1491.7667236328125,6.644477367401123,,,0.7095195651054382,11.0,8.462153434753418,898.2822875976562,2.1187744140625,0.0038043982349336,36.423336029052734,-0.8300694227218628,54.168758392333984,1099.43798828125,2009.0086669921875,1149.2227783203125,0.9867474
466,-118.76101512709675,50.80567289286337,1,153.4745330810547,8.944464683532715,1534.8125,5.035067081451416,0.0978675931692123,-0.01841526851058,0.7004436254501343,2.0,7.139282703399658,1185.3209228515625,2.2847790718078613,0.0043188109993934,35.21977996826172,-1.086180567741394,55.55976486206055,4908.90625,11449.0517578125,5070.45703125,0.5509548
467,-122.65146613685,51.88625577309218,1,214.22885131835935,4.245068073272705,1168.0291748046875,6.542514801025391,0.0149381216615438,0.005961243994534,0.5757497549057007,11.0,11.115726470947266,349.509521484375,2.309977769851685,0.0038175557274371,27.77047348022461,-1.0545880794525146,30.88813591003418,3025.2841796875,3970.88134765625,2977.582763671875,0.869614
468,-120.5693155759857,51.22252269418937,1,227.1075134277344,3.317845582962036,1456.428466796875,8.246623992919922,-0.0058020316064357,0.0035880112554877,0.7007213830947876,2.0,8.589568138122559,610.6338500976562,2.4369704723358154,0.0041677197441458,36.150760650634766,-0.7178506255149841,58.08858871459961,5005.42333984375,3060.7109375,5073.94482421875,0.6761968
469,-115.17553100972496,50.437656577820064,1,252.5193023681641,19.795000076293945,1876.62744140625,5.686473846435547,-0.0464851036667823,0.0121258506551384,0.4480234086513519,2.0,5.75959062576294,649.654541015625,3.7722458839416495,0.0033582407049834,30.202150344848636,-0.7866666913032532,33.82550430297852,11072.3857421875,1231.2606201171875,11209.6357421875,0.9159825
470,-115.75901453770544,50.79983984285676,1,61.346778869628906,21.83503150939941,1691.93115234375,6.196457862854004,0.0318236723542213,0.0197563413530588,0.3397142291069031,11.0,4.940816879272461,717.477294921875,3.633756637573242,0.0034050149843096,29.02679443359375,-1.0799278020858765,28.84160423278809,5976.3984375,5539.47509765625,6047.65771484375,0.97337556
471,-116.42301473653728,51.02283977231914,1,225.5027618408203,17.743871688842773,1723.4234619140625,5.099955081939697,0.0516178719699382,-0.0326989740133285,0.460674375295639,11.0,7.655755996704102,690.8770751953125,2.5094709396362305,0.0038410427514463,30.463468551635746,-1.1092753410339355,25.991966247558597,3554.553466796875,4440.3857421875,3535.885498046875,0.98720086
472,-115.23636429159826,50.3296898704529,1,79.60440063476562,15.668920516967772,1723.807373046875,9.982596397399902,0.0583345293998718,-0.0281441584229469,0.5818625092506409,11.0,6.478649139404297,648.170166015625,3.74796462059021,0.0034266451839357,30.8942813873291,-0.8797422647476196,34.23624038696289,4545.4638671875,1472.291015625,4680.44775390625,0.99598604
473,-115.03603082593176,49.84582325718295,1,118.26624298095705,22.454574584960938,,,-0.1604253053665161,0.2135408520698547,0.3487905859947204,8.0,6.156622886657715,716.8248291015625,4.217917442321777,0.0037557976320385,31.165245056152344,-0.9198867082595824,46.34698867797852,7219.39697265625,7371.86181640625,7290.37109375,0.26541778
474,-115.28176437142253,50.55167327978759,1,193.20635986328125,14.000946044921877,1995.9271240234373,6.078147411346436,-0.0006290049059316,0.0334868133068084,0.3872272670269012,2.0,5.681728839874268,653.1864013671875,3.8775031566619873,0.0034506754018366,29.54192543029785,-0.8317635655403137,30.56688499450684,9026.001953125,2307.423095703125,9060.6123046875,0.81613725
475,-116.2350146885184,50.9837231964701,1,150.06466674804688,3.309332847595215,1265.8431396484375,8.38892936706543,-0.0003749596362467,0.0108328983187675,0.628834068775177,2.0,7.660948753356934,581.4476318359375,2.470746755599976,0.0035484011750668,29.637752532958984,-0.99985009431839,23.88437271118164,1119.058837890625,3953.990234375,672.9737548828125,0.61708945
476,-121.5137154621722,50.29030584112367,1,213.09397888183597,14.72740364074707,1024.87109375,7.535517692565918,0.024683965370059,-0.1157961189746856,0.5211719274520874,11.0,11.426031112670898,496.0338745117188,2.2803311347961426,0.0044046738184988,31.927875518798828,-1.0697684288024902,62.29829025268555,1766.9759521484375,3260.221435546875,1859.7451171875,0.98693305
477,-121.37134875459296,50.33067256408919,1,280.1212463378906,11.75141716003418,880.1643676757812,6.915173530578613,-0.0430938452482223,0.0150369452312588,0.3963134884834289,11.0,12.805095672607422,365.1246643066406,2.2553515434265137,0.0043686754070222,27.610021591186523,-1.4113187789916992,43.61511993408203,1623.335205078125,1488.2139892578125,1696.326171875,0.98084944
478,-114.73083059225102,49.155889846831045,1,233.9179534912109,9.8681640625,1941.164794921875,5.76038122177124,-0.002567087765783,0.0096148774027824,0.6914808750152588,2.0,7.480304718017578,758.4758911132812,4.08588457107544,0.0037892947439104,34.3946533203125,-0.9860764145851136,65.62883758544922,1104.0306396484375,6529.052734375,694.4063110351562,0.87969416
479,-117.75344813364988,50.476439587051104,1,254.7286071777344,11.186755180358888,1583.739990234375,4.643119812011719,-0.0570622831583023,0.0545669496059417,0.5779264569282532,11.0,8.191696166992188,1202.6673583984375,2.1947619915008545,0.004356418736279,34.80986785888672,-1.2467126846313477,41.15124130249024,3882.18701171875,3710.08056640625,3712.43115234375,0.98367834
480,-117.80409799542842,49.95152295499364,1,182.80816650390625,23.938495635986328,1419.218505859375,4.606255531311035,0.0117057431489229,0.0078843301162123,0.6384317278862,2.0,9.510981559753418,967.6634521484376,2.3203907012939453,0.0043053459376096,35.17150115966797,-1.2094039916992188,55.01688766479492,4439.74951171875,5021.65478515625,4522.03466796875,0.95785457
481,-117.552031418056,50.21065629483164,1,57.10405731201172,25.774738311767575,1647.0528564453125,4.869314193725586,-0.0722740590572357,0.1110114529728889,0.4659548699855804,2.0,7.923418045043945,1146.0467529296875,2.396228551864624,0.0041689691133797,33.68299865722656,-1.258550047874451,43.73297882080078,952.949462890625,2209.19921875,1087.3021240234375,0.8909573
482,-117.6295148746756,50.70750631780138,1,247.1702880859375,16.081851959228516,1735.3665771484375,5.800471305847168,-0.0403637215495109,0.0287231095135211,0.723223090171814,11.0,7.365700721740723,1317.1263427734375,2.2742276191711426,0.0041853878647089,33.60023498535156,-1.1604526042938232,34.91136932373047,2722.42822265625,2723.482177734375,2832.372802734375,0.99585116
483,-117.1048978313602,49.79800632528303,1,128.5686492919922,18.712203979492188,1795.1953125,4.920023918151856,0.029714772477746,0.0195443835109472,0.4090254604816437,11.0,5.267242431640625,1114.1424560546875,3.155008554458618,0.0037710312753915,30.26744079589844,-1.5706998109817505,58.39105987548828,3304.42236328125,2267.15673828125,3333.732177734375,0.8507182
484,-116.86851459856086,50.23883967818952,1,268.39703369140625,18.808582305908203,1089.3031005859375,6.41341495513916,0.0970145314931869,0.0075087836012244,0.6916744112968445,2.0,8.306493759155273,933.4181518554688,2.5734901428222656,0.0042315041646361,31.913354873657227,-1.0984456539154053,39.55527877807617,3121.3232421875,3354.02294921875,3142.519775390625,0.96178335
485,-116.4684311122992,49.847089696381865,1,,,1443.7474365234375,7.636935710906982,0.0439005680382251,-0.0341657660901546,0.540724515914917,11.0,6.78438663482666,860.08935546875,3.003730297088623,0.0036888048052787,29.838850021362305,-1.104660153388977,46.044212341308594,643.324462890625,915.5572509765624,694.23681640625,0.9649522
486,-118.27733177956308,50.980639557946326,1,20.87903594970703,24.92304229736328,761.7872314453125,7.001698017120361,-0.097768135368824,0.0306184776127338,0.7995133399963379,2.0,9.595244407653809,1089.049072265625,1.784828782081604,0.0043881544843316,34.788970947265625,-0.9622569680213928,34.968353271484375,1204.513427734375,3743.220458984375,1367.9808349609375,0.9490064
487,-117.03651460198328,50.11535634871912,1,190.18614196777344,19.50638198852539,1445.15576171875,5.135360240936279,-0.0022079665213823,-0.0079533578827977,0.791283130645752,2.0,6.882334232330322,1059.2618408203125,2.708122968673706,0.0040115728043019,31.3147029876709,-1.3846875429153442,44.21639633178711,6301.57958984375,6576.923828125,6273.8623046875,0.9573103
488,-116.80339783640564,50.062339672273055,1,327.1412658691406,25.612388610839844,1422.5205078125,5.991438388824463,0.0117870364338159,0.0171765200793743,0.6415629386901855,11.0,8.882684707641602,875.2962646484375,2.5621485710144043,0.0041593126952648,31.67367172241211,-1.1003124713897705,40.7388801574707,5157.81982421875,789.207763671875,5368.7900390625,0.99319345
489,-116.28811438131764,49.83085641863994,1,128.6175994873047,26.383867263793945,1552.4560546875,5.299569129943848,-0.0017348586115986,-0.0029110719915479,0.5978269577026367,11.0,6.623873233795166,824.4444580078125,3.1791439056396484,0.003669814672321,30.4420223236084,-1.1420396566390991,52.16931915283203,4066.44873046875,3189.118408203125,4284.85009765625,0.99411714
490,-121.4680153064935,49.74967252454797,1,102.74954223632812,11.01578426361084,976.0997314453124,6.281293869018555,0.0513538420200347,-0.0173048302531242,0.802075982093811,2.0,10.311593055725098,961.31201171875,2.271984577178955,0.0047032735310494,36.690086364746094,-0.8988165855407715,117.43029022216795,2559.97900390625,2203.205810546875,2692.41064453125,0.41668692
491,-121.64039869814576,49.96035581161559,1,240.44464111328125,11.116650581359863,1576.8460693359375,5.548483848571777,0.0008219967130571,0.0939775928854942,0.7441685199737549,11.0,8.712727546691895,844.7136840820312,2.238124370574951,0.0044681509025394,34.23026657104492,-0.8481923937797546,95.56861114501952,5596.41162109375,2718.602783203125,5738.4658203125,0.8968083
492,-120.5598320683428,50.53250596454518,1,144.90496826171875,6.64919900894165,1660.223388671875,5.669124603271484,-6.890645454404876e-05,0.0030762001406401,0.4916640222072601,11.0,8.263792037963867,517.3643798828125,2.5306975841522217,0.0039893216453492,32.19181060791016,-1.0329861640930176,49.53065490722656,548.7319946289062,3783.305908203125,567.5347900390625,0.97821987
493,-118.77401490964748,50.03475614675772,1,126.0580825805664,3.0369439125061035,1844.3431396484373,7.0139875411987305,-0.0012012018123641,0.0004292198573239,0.6416670680046082,2.0,7.024839878082275,983.9296875,2.6526095867156982,0.0039562550373375,34.23617935180664,-1.1539818048477173,72.02202606201172,7126.26953125,4833.09814453125,6976.42529296875,0.80301434
494,-118.0441647552262,49.98018952687422,1,212.8604736328125,11.069135665893556,884.1373291015625,8.103399276733398,0.0114428233355283,0.0088775372132658,0.6094855070114136,2.0,10.816648483276367,853.2689819335938,2.190960168838501,0.0046962602064013,35.67327880859375,-1.158307433128357,56.15563583374024,566.5717163085938,2553.165283203125,668.7879028320312,0.810742
495,-116.6428476471705,49.44277305376951,1,111.64085388183594,14.980732917785645,1821.0799560546875,6.3414154052734375,0.0880607813596725,0.0213917456567287,0.4760554134845733,11.0,7.032838821411133,929.3623657226562,3.142690896987915,0.0042279157787561,31.308185577392575,-1.0667623281478882,65.68383026123047,610.4893188476562,8324.8623046875,674.5697631835938,0.9641039
496,-116.29748093594232,49.27355638418484,1,162.4121551513672,17.642358779907227,1606.539794921875,5.404751777648926,-0.0337171517312526,0.0630092620849609,0.6673927307128906,11.0,9.849509239196776,733.1177368164062,2.7606122493743896,0.0040292898193001,34.869136810302734,-0.9529861211776732,75.185791015625,1627.66259765625,3685.15771484375,1541.6483154296875,0.98868644
497,-116.03896416750064,49.20778970674033,1,90.73458862304688,19.340654373168945,1178.6036376953125,8.463676452636719,-0.0044030705466866,-0.0352743677794933,0.7736856937408447,2.0,9.99356460571289,690.76171875,2.8401811122894287,0.0041766357608139,35.923458099365234,-1.0817172527313232,84.65574645996094,963.7139282226562,2729.399169921875,867.7937622070312,0.90311956
498,-117.07121442351892,49.44705630841061,1,203.54586791992188,13.971467971801758,1666.0792236328125,5.666244029998779,0.0273432862013578,-0.0008192873210646,0.6427209973335266,11.0,6.95806360244751,1015.4298095703124,2.9793617725372314,0.0040134508162736,32.660179138183594,-1.3101000785827637,75.2995834350586,5627.25732421875,7789.95703125,5760.5263671875,0.941961
499,-116.30834746990222,49.02550636196405,1,149.9079132080078,9.831926345825195,1763.6480712890625,8.3658447265625,-0.0433352850377559,-0.022645266726613,0.6681976318359375,11.0,9.63771915435791,794.31640625,2.8714523315429688,0.0044287061318755,36.44207763671875,-1.0571094751358032,93.9482421875,2823.08544921875,6987.83251953125,2936.03857421875,0.79540753
500,-116.6586810087129,49.30970633932731,1,238.37857055664065,24.295408248901367,964.4324951171876,6.030458927154541,0.0024327421560883,0.0445578806102275,0.5501480102539062,2.0,11.59418773651123,721.0172729492188,2.53376841545105,0.0045393044129014,33.76408386230469,-1.0879638195037842,69.58255767822266,858.8991088867188,1118.748779296875,801.5908203125,0.9312436
501,-116.02951418132405,49.302173110932266,1,38.88327026367188,8.160665512084961,1792.9639892578125,5.404666423797607,0.0003801115672104,0.0203113295137882,0.7673964500427246,2.0,8.342904090881348,750.1177368164062,3.1108956336975098,0.0039927661418914,34.27264404296875,-1.0317126512527466,79.69422149658203,699.3333740234375,8608.669921875,306.7426147460937,0.835152
502,-115.49398075474124,49.2138731585532,1,173.9198760986328,3.3000407218933105,1269.6787109375,6.77055549621582,0.0089817605912685,-0.0097378641366958,0.6713669300079346,2.0,10.975824356079102,624.2758178710938,2.9210205078125,0.0041713779792189,36.32865524291992,-1.0500271320343018,68.23844909667969,2768.4013671875,5369.1533203125,2923.335693359375,0.63060874
503,-120.38416491763876,49.021822612188906,1,91.9294891357422,5.964576721191406,1998.980712890625,6.392873287200928,-0.0024642075877636,-0.0051141297444701,0.4490967392921448,11.0,7.334832668304443,772.497802734375,2.798302412033081,0.0038810961414128,32.603782653808594,-1.0744686126708984,76.7391128540039,4107.71044921875,6557.30419921875,4173.02685546875,0.90639895
504,-120.56668165517875,49.01667258450579,1,81.65959167480469,10.526469230651855,1339.8458251953125,6.553754806518555,0.00035379268229,0.0499168448150157,0.4098358452320099,11.0,9.122435569763184,721.5198974609375,2.530066967010498,,33.27654266357422,-0.9214583039283752,77.99724578857422,1067.80517578125,947.0175170898438,1110.2689208984375,0.9292435
505,-126.42487052866625,59.5471054086797,1,198.56048583984372,1.931166172027588,476.7868957519531,9.503973960876465,-0.0010032028658315,-0.0013543145032599,0.4932448267936706,11.0,5.436692237854004,483.0587768554688,1.3582929372787476,0.0033823861740529,29.502538681030277,0.3564732670783996,31.49843406677246,743.3856201171875,1556.3604736328125,694.158203125,0.88134617
506,-130.68050426936006,59.893138063766095,1,238.9542694091797,6.417521953582764,1235.416015625,7.772051811218262,0.0098506473004817,0.0174060259014368,0.6131433248519897,2.0,3.605279684066773,616.9412841796875,2.1424429416656494,0.0030471212230622,29.229053497314453,0.4019629955291748,72.34490203857422,32044.85546875,1300.3203125,32071.533203125,0.05905797
507,-122.6090046621878,58.27365705646198,1,258.77813720703125,0.9638931155204772,643.1530151367188,7.529769420623779,0.0041575911454856,-0.0017267692601308,0.6674798727035522,2.0,6.403871059417725,536.4389038085938,2.128026008605957,0.0037715516518801,37.71432495117188,-0.082604169845581,83.11920166015625,3372.1630859375,1399.953857421875,3345.033447265625,0.4646408
508,-128.00001993689835,58.78333847398829,1,177.8623504638672,3.3675780296325684,974.2664794921876,9.119715690612791,0.0024176349397748,-0.0133297061547636,0.7438223958015442,2.0,4.941925048828125,576.0399780273438,1.739538550376892,0.0032326728105545,30.802082061767575,0.4133707582950592,54.6811408996582,92223.0234375,5968.68408203125,85002.9296875,0.261656
509,-126.16666745365151,56.83332222720367,1,169.3335418701172,13.197084426879885,1453.248046875,7.037307262420654,0.0433205850422382,-0.0074883596971631,0.4425387680530548,2.0,4.890210151672363,631.7041015625,2.0692827701568604,0.0032618818804621,29.70199012756348,0.109370082616806,27.4572696685791,61666.30078125,3982.13671875,61721.83203125,0.30271053
510,-126.67618901046822,56.79367215963572,1,274.28387451171875,3.370950937271118,1346.038330078125,7.975091934204102,0.0014823086094111,0.0028369845822453,0.5692723393440247,2.0,4.741074085235596,651.7996826171875,2.008338689804077,0.0033374635968357,30.00005340576172,0.2635326683521271,27.596078872680664,89101.375,5588.30810546875,67395.7421875,0.5159085
511,-127.13798933274026,58.09839009934472,1,277.28717041015625,20.864301681518555,1315.148193359375,4.707690238952637,0.0183654855936765,0.0072019482031464,0.5384518504142761,11.0,4.5163984298706055,618.3358764648438,1.8509035110473635,0.0031615996267646,30.15426445007324,0.3329630196094513,33.56892013549805,113140.59375,1259.7247314453125,113217.703125,0.6470504
512,-127.69805594705764,58.71092361957344,1,261.28387451171875,4.146911144256592,1011.604248046875,6.1503424644470215,0.012098666280508,0.0045098927803337,0.4905126690864563,11.0,5.324808120727539,561.3870239257812,1.6677581071853638,0.0032097327057272,31.316272735595703,0.3507291674613952,50.08000183105469,108505.140625,3444.953125,104240.8203125,0.9193791
513,-131.75002041323975,58.716671208469066,1,78.38204193115234,3.249595880508423,1007.0905151367188,9.54440975189209,0.0161997433751821,-0.0014280889881774,0.5155996680259705,2.0,5.65164041519165,649.1217651367188,2.09147310256958,0.0033955848775804,30.95848846435547,0.5995898842811584,60.063289642333984,84241.2109375,3141.05615234375,84128.875,0.57876045
514,-130.19283649897912,58.137254850253605,1,208.4184417724609,5.222284317016602,1115.7763671875,9.20305633544922,-0.0022429435048252,-0.0021269251592457,0.624163031578064,2.0,6.121283531188965,528.0938110351562,1.886258244514465,0.0032185474410653,30.771276473999023,0.984144389629364,50.78562545776367,17186.142578125,4142.33154296875,17025.09375,0.07352012
515,-131.63623713865664,58.94762122695446,1,167.0825958251953,0.8692232370376587,889.9744262695312,6.811342716217041,0.0052259438671171,-0.0014157415134832,0.5341819524765015,11.0,5.501513481140137,566.2197265625,2.0155835151672363,0.0034869988448917,30.21539306640625,0.3267478048801422,52.08771514892578,91912.8515625,3519.930419921875,91921.421875,0.9575441
516,-128.82151960049356,57.934505052689566,1,37.04477310180664,3.209127426147461,907.09375,7.774928569793701,0.0020749338436871,-0.0091848261654376,0.4965788125991821,2.0,6.039252758026123,521.4290161132812,1.6171506643295288,0.0033747770357877,29.98632431030273,0.6515972018241882,37.63007736206055,65009.36328125,932.4745483398438,64923.046875,0.6154632
517,-129.4000195278061,57.64067156201436,1,247.07717895507807,3.539257764816284,983.4843139648438,7.650906562805176,0.0220804922282695,-0.0059352833777666,0.7340192198753357,2.0,6.183090686798096,623.111572265625,1.8350480794906616,0.0033024649601429,30.83812713623047,0.7436040043830872,48.91343307495117,31624.662109375,1447.04296875,31753.103515625,0.28144392
518,-127.61305249997216,57.49775522338616,1,90.18241119384766,2.98964786529541,1151.257080078125,12.329582214355469,0.029348861426115,-0.0052765100263059,0.485106885433197,11.0,4.811173439025879,634.1971435546875,1.9130109548568728,0.0031967316754162,29.93044853210449,0.3822198510169983,27.996206283569336,119647.9765625,407.6029968261719,119726.109375,0.9130511
519,-121.26935088603685,57.44084012879613,1,199.2435302734375,0.6500594615936279,814.0780639648438,7.019240856170654,0.0006543439812958,0.0004299092688597,0.5873563289642334,11.0,5.663605690002441,475.5390930175781,2.8469626903533936,0.0037125763483345,34.91937255859375,0.1821527779102325,49.70091247558594,36682.75,3628.752685546875,36666.41796875,0.93443555
520,-120.3833334977247,56.5096726224803,1,253.15606689453125,1.661646008491516,705.974609375,8.216662406921387,-0.0039249919354915,0.0044584339484572,0.6479098796844482,11.0,7.2148237228393555,479.6378173828125,3.1753153800964355,0.0038473010063171,36.20884704589844,0.4010298550128937,39.103633880615234,1568.3642578125,2026.0484619140625,1615.0118408203125,0.6836329
521,-128.12621875239452,56.42103844658981,1,171.17514038085938,15.011317253112791,1568.049560546875,4.912526607513428,-0.0222164113074541,-0.0237562991678714,0.5537866950035095,11.0,5.477022171020508,830.109375,2.0593502521514893,0.0037547966931015,31.055849075317383,0.3075283169746399,44.217079162597656,73073.3125,9298.443359375,25376.58203125,0.23107967
522,-122.37998450801516,56.40000744814501,1,101.75416564941406,4.968042373657227,953.2467041015624,7.111725807189941,-0.0062051499262452,0.0231267213821411,0.6488448977470398,11.0,7.528055667877197,594.58349609375,2.4615042209625244,0.0036843761336058,38.64977264404297,0.1704276502132415,49.35762023925781,5009.8759765625,4175.30908203125,5184.75,0.6584393
523,-127.30395071154692,56.35982276187533,1,192.73553466796875,5.792011737823486,789.1470947265625,7.805019378662109,0.0211847629398107,-0.0144325215369462,0.6323700547218323,2.0,6.795971870422363,668.0530395507812,1.868191123008728,0.0037131200078874,31.557640075683597,0.212881937623024,39.478458404541016,75592.0546875,3819.078125,33255.484375,0.672448
524,-127.06856866671004,56.32695529319736,1,247.1980743408203,6.0589518547058105,775.1275634765625,7.834097385406494,-0.0066022365354001,0.0144121516495943,0.6046311259269714,2.0,7.179824352264404,624.9337768554688,1.808053493499756,0.003690542653203,31.720895767211918,0.1017877236008644,39.55812072753906,77626.9140625,834.926025390625,19464.591796875,0.479739
525,-123.18050129956764,56.47743914346477,1,300.4173583984375,13.302928924560549,1248.4130859375,6.586911678314209,0.0076480181887745,0.0122633064165711,0.7229092121124268,2.0,5.719920158386231,679.7068481445312,2.4237356185913086,0.0034762809518724,34.79370880126953,0.3349875807762146,39.46994400024414,43508.68359375,3975.2841796875,18468.76171875,0.2676164
526,-124.92523485133454,56.17897228902816,1,181.5810089111328,15.09980010986328,1179.317626953125,6.033689022064209,0.0262263901531696,-0.0352399386465549,0.5980069041252136,2.0,5.457045555114746,597.4891357421875,2.065033435821533,0.0034293262287974,31.30592918395996,0.3192360997200012,40.885772705078125,1643.92431640625,1647.898681640625,1542.09619140625,0.38158542
527,-124.92751815565695,56.17833889543075,1,182.2478179931641,14.863107681274414,1169.8282470703125,6.051538467407227,0.0248120371252298,-0.0405313931405544,0.5983793139457703,11.0,5.46217679977417,597.1639404296875,2.0640757083892822,0.0034294370561838,31.306135177612305,0.3192360997200012,40.874267578125,1559.0379638671875,1553.544677734375,1467.5352783203125,0.8695407
528,-125.35885146282337,56.02917222606881,1,30.598087310791016,4.443732261657715,958.0626220703124,7.756621837615967,0.0140731753781437,-0.0006624978268519,0.4976595938205719,11.0,5.975275993347168,568.0125122070312,1.9824860095977783,0.0034399065189063,31.348806381225582,0.0780769735574722,41.47124862670898,2874.9091796875,502.5740051269531,2715.5859375,0.8469176
529,-125.58000457642169,55.7577225964316,1,322.3075866699219,1.828835248947144,855.726318359375,6.534832000732422,0.0297360867261886,-0.0033777472563087,0.6670005917549133,11.0,6.78378438949585,560.1768188476562,1.9343992471694944,0.003622350282967,31.989864349365234,0.0223818756639957,45.76109313964844,4770.37109375,4526.34326171875,4755.5888671875,0.9155863
530,-125.45749947050687,56.01562281229383,1,187.1885986328125,4.153742790222168,1093.9525146484375,6.020421981811523,-0.0057994639500975,0.0077715758234262,0.655281126499176,11.0,5.773548603057861,583.7637329101562,2.020915508270264,0.0033753460738807,31.221210479736328,0.1658892631530761,43.80582427978516,6958.85302734375,1054.22998046875,6963.08349609375,0.9171393
531,-127.5925848640749,55.50307181422275,1,236.1630706787109,19.27427291870117,887.5341796875,6.34450626373291,0.0688101574778556,-0.0219010859727859,0.7753185629844666,2.0,8.550161361694336,759.8777465820312,2.092658281326294,0.0039556925185024,34.70909881591797,-0.1593443006277084,66.58949279785156,2491.6201171875,3044.36376953125,2472.0859375,0.83955276
532,-127.64593517495528,56.17083850720494,1,149.94931030273438,10.70657730102539,820.6166381835938,6.7344255447387695,0.0180713851004838,0.0186601895838975,0.5317855477333069,2.0,7.160471439361572,715.5367431640625,1.9046969413757324,0.0038549762684851,32.75108337402344,0.2318235486745834,48.56290435791016,52032.15234375,725.392822265625,31132.78125,0.6904552
533,-125.2950179114274,55.48833882746329,1,250.41749572753903,21.46652603149414,1311.8349609375,5.295447826385498,0.0021213302388787,0.0122052421793341,0.608056902885437,11.0,6.467341899871826,582.0457153320312,2.0511600971221924,0.0036660702899098,32.4822883605957,-0.0678125023841857,51.600074768066406,6271.7021484375,1643.355224609375,6406.72607421875,0.9623656
534,-124.58386777814856,55.42217232183874,1,253.52655029296875,1.959518790245056,1099.894287109375,7.801275730133057,0.0120047610253095,-0.0125424405559897,0.41981241106987,11.0,6.31452751159668,592.0513916015625,2.061187028884888,0.0036169260274618,32.89810562133789,-0.1753872483968734,48.90072250366211,917.3887329101562,890.5071411132812,765.7605590820312,0.9490884
535,-124.63592027242696,55.62598972306787,1,83.00200653076172,3.319439172744751,1177.655029296875,6.405389308929443,0.0325318500399589,-0.0454041585326194,0.6409936547279358,2.0,5.908056259155273,598.9825439453125,2.1339757442474365,0.0036911289207637,32.656253814697266,-0.0297979265451431,49.645118713378906,5526.5126953125,6227.5322265625,5436.8056640625,0.5005488
536,-120.62818343832862,54.597839425657234,1,272.436767578125,9.30730152130127,1342.495361328125,7.187317848205566,-0.0008714864379726,0.0040736314840614,0.5460290312767029,11.0,7.346292972564697,752.1387329101562,2.8293533325195312,0.0035828675609081,38.223365783691406,0.2101041674613952,53.08791732788086,24137.84765625,1201.9835205078125,24394.265625,0.7172552
537,-120.47134999380704,54.53717285101321,1,338.98321533203125,7.1931867599487305,1396.7412109375,7.168072700500488,-0.0057575199753046,0.0216615479439497,0.6952269673347473,11.0,7.676055908203125,726.9685668945312,2.781811475753784,0.0036180904135107,38.63039016723633,0.3208169341087341,51.68428421020508,32012.2734375,1915.1424560546875,31981.23828125,0.7015663
538,-120.65286669322562,54.440289419250114,1,68.89966583251953,4.910282611846924,1198.5914306640625,7.511134147644043,0.021358598023653,-0.0088845379650592,0.5454616546630859,11.0,6.464317798614502,840.8789672851562,2.800666570663452,0.0035795888397842,37.08298873901367,0.2885279953479767,49.76204681396485,41847.28125,921.8424072265624,41801.75390625,0.87959355
539,-123.70891740173356,54.86090573135149,1,273.29473876953125,4.471922397613525,1040.4923095703125,6.764381408691406,0.0146131850779056,0.0003531732654664,0.6876994371414185,2.0,7.760667324066162,612.6110229492188,2.1724507808685303,0.003850381122902,34.999420166015625,-0.8571913838386536,56.38010025024414,1099.1402587890625,7272.8203125,989.9374389648438,0.66749185
540,-124.00540071692632,54.79488898563672,1,212.29428100585935,0.6129610538482666,856.9710083007812,12.78224754333496,0.0089003192260861,0.000376916170353,0.5935928821563721,11.0,8.248489379882812,562.7277221679688,2.027533769607544,0.0039455844089388,34.35965347290039,-0.9456244707107544,51.94806289672852,1499.968994140625,1177.7127685546875,1422.933837890625,0.9779628
541,-123.22301724238376,54.67483909114623,1,102.85857391357422,3.021071195602417,947.7230834960938,8.109749794006348,-0.0037698200903832,0.0034025248605757,0.705460786819458,11.0,8.505504608154297,644.9495239257812,2.192968845367432,0.0039898958057165,35.73167419433594,-0.4602083265781402,55.67545318603516,18413.171875,4932.35888671875,18460.70703125,0.66451305
542,-123.46150059771296,54.73357246194036,1,85.1416244506836,0.3047411739826202,881.9536743164062,7.588581562042236,-2.065936314465944e-05,6.653286254731938e-05,0.632781445980072,11.0,8.492138862609863,611.5330810546875,2.118222236633301,0.0039839725941419,35.111873626708984,-0.7320932149887085,53.98908233642578,9088.1982421875,840.5072631835938,9193.0673828125,0.92332035
543,-126.53716451588316,52.68152380531742,1,140.69300842285156,22.245925903320312,1127.86279296875,6.238118171691895,0.0344406440854072,0.0144335115328431,0.6501705646514893,11.0,6.018362998962402,1194.0601806640625,2.409396171569824,0.0040064062923192,30.246850967407227,-0.9371094107627868,60.038795471191406,26196.64453125,8693.904296875,26138.76171875,0.9114057
544,-124.9428503827022,53.52783883108671,1,275.0487365722656,2.0597376823425293,906.451416015625,7.3312907218933105,6.908629438839853e-05,1.028920723911142e-05,0.6413750052452087,2.0,9.97750759124756,469.4303283691406,2.0431690216064453,0.0041598081588745,32.890193939208984,-0.9950346946716307,44.72794342041016,5374.0927734375,1208.731201171875,5236.27197265625,0.7298459
545,-125.4525172576415,53.78540547310688,1,237.88351440429688,2.637983798980713,931.2279052734376,6.566058158874512,-0.0112642794847488,-0.001679690903984,0.6169873476028442,11.0,8.894827842712402,501.9513854980469,2.073167324066162,0.0039950357750058,33.68891143798828,-0.94052654504776,60.8698616027832,8024.27490234375,1290.5196533203125,7595.22021484375,0.9192812
546,-125.83661721358426,53.49517201892747,1,148.73475646972656,2.3071272373199463,1238.1182861328125,6.678074359893799,-0.0049210120923817,0.0083185480907559,0.5405056476593018,11.0,8.076403617858887,533.1489868164062,2.123897790908813,0.0039371927268803,32.62400436401367,-1.095500349998474,64.9588851928711,15692.6123046875,3589.553466796875,15612.67578125,0.93875474
547,-126.22713391819184,53.6357553660197,1,122.07463836669922,3.203746795654297,1093.918212890625,7.666804313659668,0.0028787131886929,0.0006007618503645,0.6724820733070374,2.0,7.881267547607422,572.2283935546875,2.1241910457611084,0.0039546275511384,32.57061767578125,-1.0607283115386963,74.20321655273438,21544.53515625,1887.0042724609373,21427.33203125,0.56051445
548,-126.42603379317067,53.23717193275442,1,143.32028198242188,1.0101982355117798,874.818115234375,11.456588745117188,0.0045209806412458,0.0033401101827621,0.1913143992424011,1.0,8.919976234436035,759.4234619140625,1.997336268424988,0.00411859434098,31.69699478149414,-1.1258680820465088,69.76349639892578,51839.7421875,255.43792724609372,51927.88671875,0.7902117
549,-127.08001763724884,54.12667186554203,1,268.7205505371094,9.411181449890137,1030.4752197265625,5.917257308959961,0.0197600182145833,-0.0161062534898519,0.5630694627761841,2.0,8.535170555114746,780.1441650390625,2.2136268615722656,0.0040229517035186,33.249507904052734,-0.9925324320793152,73.09342193603516,2724.8154296875,6417.0517578125,2638.050048828125,0.5283828
550,-126.94751764720048,54.201671881572985,1,200.30902099609372,8.032245635986328,753.8598022460938,6.299252986907959,0.0082501834258437,0.0112253865227103,0.6831852793693542,11.0,9.051846504211426,634.96875,2.1555652618408203,0.0039891419000923,32.5791130065918,-1.08549165725708,69.96624755859375,1045.4100341796875,59.33525848388672,788.9757690429688,0.9666559
551,-120.66088294352016,53.510222689000685,1,177.47254943847656,1.311392307281494,872.1966552734375,7.399778366088867,0.0005165378679521,-0.0041595962829887,0.7786633372306824,11.0,9.958641052246094,855.3201293945312,2.1798417568206787,0.0041261985898017,39.70397186279297,0.2528341710567474,31.92269897460937,265.9656066894531,2953.055908203125,284.1709899902344,0.3840689
552,-120.16168308561171,53.85217285983872,1,198.96536254882807,14.35006618499756,1493.6953125,7.244058132171631,0.0052868109196424,0.0024637000169605,0.599811315536499,11.0,5.406975746154785,882.3890380859375,2.6449785232543945,0.0034745829179883,34.03778839111328,0.1197352856397628,33.77236557006836,43212.3203125,1916.557861328125,27497.361328125,0.92886114
553,-119.48016580212766,52.55235618721035,1,207.16966247558597,21.829421997070312,,,0.0195281095802783,0.0194358993321657,0.5905073881149292,2.0,6.862731456756592,1033.7271728515625,2.0430822372436523,0.0035483438987284,33.86101531982422,-0.3455175459384918,32.696285247802734,22147.4375,2418.835693359375,22066.2421875,0.8708074
554,-125.16668362031588,52.97183879120886,1,267.2884826660156,0.4373954236507416,1067.9647216796875,10.74284839630127,0.0022879957687109,-0.0012685096589848,0.645541250705719,11.0,8.758842468261719,436.9996948242188,2.148146867752075,0.0039397734217345,30.26026153564453,-1.2894138097763062,42.75918197631836,12119.3671875,117.05970764160156,330.9378662109375,0.93075097
555,-123.96736689233909,53.45517236208616,1,166.44960021972656,1.806970715522766,1059.3729248046875,8.463743209838867,-0.0065684057772159,0.0037681027315557,0.1510936915874481,11.0,9.692723274230955,478.9519958496094,2.118156671524048,0.0039736437611281,34.36497497558594,-0.6715134382247925,49.54240798950195,1630.554443359375,4548.29296875,1693.9586181640625,0.9445924
556,-125.4550170627126,53.25833876045313,1,310.5214233398437,2.098053216934204,971.7759399414062,9.031986236572266,0.0030990769155323,0.0051294933073222,0.4006556570529938,11.0,9.072370529174805,475.1218872070313,2.09661078453064,0.0040064360946416,31.253633499145508,-1.1514368057250977,49.69505310058594,14268.74609375,1315.59765625,14292.5986328125,0.98161316
557,-123.62808339693883,53.03497238793775,1,133.40960693359375,4.490501403808594,897.8441772460938,8.233658790588379,-0.0022308269981294,-0.0018155637662857,0.5975450873374939,2.0,10.629551887512209,432.2380676269531,2.107895851135254,0.0039754128083586,32.792274475097656,-0.7946416735649109,36.46893310546875,821.1768188476562,1020.7101440429688,780.106201171875,0.61813486
558,-125.61231698395478,52.97613872813688,1,63.03018569946289,1.2233995199203491,1211.295166015625,8.011123657226562,-0.0063959709368646,0.0053607034496963,0.6015841364860535,11.0,8.581348419189453,512.0222778320312,2.133180856704712,0.0039535453543066,30.74302101135254,-1.3543740510940552,53.52568817138672,9527.6337890625,4759.0478515625,7776.05908203125,0.9321268
559,-124.3461837382205,53.66700561063949,1,179.76649475097656,1.6751158237457275,1207.7747802734375,7.822726249694824,0.0009467214695177,-0.0007113895844668,0.6525239944458008,11.0,8.679239273071289,514.6800537109375,2.187628984451294,0.0038101687096059,34.726844787597656,-0.5682805776596069,61.68661117553711,503.3364562988281,5941.5224609375,379.3909606933594,0.97078013
560,-124.28718362734716,53.40233891723233,1,96.97325897216795,4.19119930267334,956.8584594726562,7.063956260681152,0.011392930522561,-0.0123390099033713,0.5454690456390381,11.0,9.572096824645996,467.0714111328125,2.1015172004699707,0.0039289267733693,33.708431243896484,-0.7793846726417542,47.13002014160156,704.864990234375,1340.8544921875,537.7782592773438,0.929627
561,-123.46000005486854,53.28898902046677,1,147.81431579589844,3.897948026657105,1060.1710205078125,8.08114242553711,0.0035766146611422,0.0073663908988237,0.5693886280059814,2.0,10.24648380279541,479.9046936035156,2.140230417251587,0.0039567365311086,34.781551361083984,-0.3977216184139251,48.22273254394531,847.8303833007812,2492.63818359375,423.2567443847656,0.72378945
562,-123.46720009792476,53.40248902151839,1,149.1414794921875,4.461359977722168,1271.2056884765625,7.025604724884033,-0.023263931274414,0.0066082440316677,0.6218907237052917,11.0,9.744728088378906,503.3201293945313,2.198690891265869,0.0039668530225753,35.54262924194336,-0.324338287115097,55.35686874389648,4383.888671875,6647.5419921875,4391.31689453125,0.89553493
563,-125.2865007385344,53.28287287664733,1,289.247314453125,2.1449127197265625,1161.4840087890625,7.166451930999756,0.0014390193391591,0.0013136051129549,0.6091915369033813,2.0,8.780101776123047,480.5128479003906,2.164368152618408,0.0039341743104159,31.98596954345703,-1.1851154565811155,51.17353820800781,2973.319091796875,3413.80615234375,3030.16650390625,0.5754302
564,-126.4375319658476,52.00995400493765,1,,,,,,,0.6326821446418762,2.0,6.764610290527344,1360.98779296875,2.678072690963745,0.004258522298187,31.16388702392578,-0.9921180605888368,50.76667022705078,13292.52734375,1420.630126953125,6876.7275390625,0.2722155
565,-126.63298191749033,52.363038488217896,1,247.3218688964844,29.084386825561523,359.1095275878906,5.193113803863525,0.0578368976712226,0.0137508111074566,0.7723157405853271,2.0,9.44223403930664,1423.4483642578125,2.7159056663513184,0.0044558439403772,34.92862319946289,-0.9259761571884156,49.444374084472656,879.0576782226562,2518.98486328125,784.26708984375,0.37055823
566,-124.41490251208126,50.88277221711759,1,179.37901306152344,27.40073013305664,463.1557922363281,4.860918045043945,-0.0142443981021642,0.0775559172034263,0.7485109567642212,2.0,8.677343368530273,949.7869262695312,2.032690525054932,0.0038649004418402,31.47858619689941,-1.045660376548767,64.76953887939453,62984.19921875,1206.546875,43928.8203125,0.797474
567,-118.84199861099326,51.40762281370529,1,229.81008911132807,12.658202171325684,1314.431396484375,6.362821102142334,0.0360705554485321,-0.0324575006961822,0.6753159165382385,2.0,8.465448379516602,1157.20849609375,1.8769322633743288,0.0041114850901067,36.90242004394531,-0.8430776000022888,40.4279899597168,4089.60693359375,3984.36962890625,4254.470703125,0.9603678
568,-119.30001537365553,51.32167275991764,1,121.5466766357422,19.12140655517578,592.3400268554688,5.103277683258057,0.0270341355353593,0.0277755726128816,0.546733021736145,11.0,9.754249572753906,901.55517578125,1.9097344875335691,0.0043650884181261,36.859519958496094,-0.8354731798171997,50.4559440612793,356.4656677246094,685.5635375976562,439.7257080078125,0.79146576
569,-119.35753203641328,51.46863945264036,1,140.35255432128906,12.53863525390625,1163.75439453125,13.21462631225586,0.0029384472873061,0.0219176150858402,0.6397374272346497,2.0,9.18528652191162,937.3279418945312,1.910107374191284,0.0043027563951909,36.89213562011719,-0.831727147102356,48.014251708984375,930.8456420898438,883.0206298828125,844.849853515625,0.8513969
570,-119.37511539471112,51.322172750391445,1,179.0751190185547,8.868240356445312,796.369384765625,8.737990379333496,0.0289278887212276,-0.0284241214394569,0.5211424231529236,1.0,10.234662055969238,838.1602172851562,1.8990302085876465,0.0044643585570156,36.52904891967773,-0.8378881216049194,50.41518020629883,1197.55712890625,894.4976806640625,1026.877197265625,0.6710322
571,-120.6796823327604,51.687122604824445,1,272.38824462890625,7.808608531951904,1200.6531982421875,5.822330951690674,-0.0126998256891965,0.0207940973341465,0.5655753016471863,1.0,8.824716567993164,696.1119995117188,2.348186016082764,0.0042311842553317,37.55386352539063,-0.7602788805961609,55.59732818603516,259.4869689941406,969.146728515625,306.6732177734375,0.50668585
572,-120.43153229887582,51.69273934093134,1,132.14280700683594,3.693780183792114,1178.5465087890625,5.841770172119141,0.0406354628503322,-0.0160872898995876,0.6326594352722168,2.0,8.627806663513184,761.6414184570312,2.275259256362915,0.0039919670671224,37.57220458984375,-0.664027750492096,56.20832824707031,782.2406005859375,2981.004150390625,831.9925537109375,0.66884625
573,-120.0206486794288,50.8966060465966,1,67.34882354736328,19.923974990844727,1052.458984375,3.691847085952759,-0.02100714109838,-0.0080905053764581,0.7377793192863464,11.0,9.455755233764648,603.9892578125,2.321481227874756,0.0041662631556391,35.330806732177734,-0.9569791555404664,59.54977035522461,1091.0120849609375,5795.9765625,1169.023193359375,0.89391524
574,-119.73619854041029,50.601606067877135,1,155.6602020263672,8.710318565368652,1633.4952392578125,6.0076093673706055,-0.0351367928087711,0.0476115047931671,0.5927587151527405,11.0,9.83037281036377,569.6845703125,2.291324615478516,0.0045694918371737,35.15358352661133,-1.0269155502319336,64.17919158935547,1576.8751220703125,6015.4296875,1526.5128173828125,0.9857934
575,-121.23501562534824,50.991339210672464,1,166.3506622314453,6.181187152862549,1494.7421875,6.066531181335449,0.0020285213831812,0.0015586836962029,0.4608568549156189,11.0,8.601103782653809,467.7911376953125,2.54237699508667,0.004120897501707,33.324180603027344,-1.2572569847106934,49.70010757446289,1982.91455078125,6268.92578125,1824.8131103515625,0.9455819
576,-119.4916818523995,50.80267270880778,1,137.21981811523438,19.167949676513672,1139.8189697265625,5.077206134796143,0.0253155846148729,-0.012931739911437,0.6832733750343323,11.0,10.7860689163208,643.6375732421875,2.073695421218872,0.0048541622236371,35.7767219543457,-1.0129860639572144,64.20085144042969,395.5298461914063,3197.8876953125,333.7760314941406,0.9798024
577,-115.20051425031431,50.203973158783086,1,245.05812072753903,10.297401428222656,2114.24462890625,7.043998718261719,-0.0397340767085552,0.0542056374251842,0.4136156737804413,11.0,7.120054721832275,625.7373657226562,3.6764016151428223,0.0035482498351484,31.416852951049805,-0.8477539420127869,34.647010803222656,3089.87890625,3125.323486328125,2762.84619140625,0.9930633
578,-116.20158096674916,49.87753972657842,1,235.04867553710935,16.39545249938965,2027.7926025390625,5.485373973846436,0.0456359609961509,-0.0259365383535623,0.4917177855968475,2.0,5.594219207763672,855.5178833007812,3.487900257110596,0.0034546188544481,29.572284698486328,-1.2400003671646118,53.06851959228516,10570.974609375,11240.185546875,10719.701171875,0.56962365
579,-121.3886821640021,50.34750585730268,1,271.0258178710937,14.85848331451416,554.11865234375,5.245250225067139,0.0372438989579677,0.0240641217678785,0.3552342057228088,11.0,12.966489791870115,354.4615173339844,2.252631425857544,0.0043532443232834,26.91058349609375,-1.447118043899536,41.9279670715332,643.4767456054688,376.0546569824219,461.5801086425781,0.98006135
580,-121.21373216078774,50.81897249921501,1,172.45108032226562,9.721430778503418,1029.9293212890625,6.169084072113037,-0.0499598532915115,0.0267962720245122,0.4375811219215393,11.0,12.02692413330078,319.6407165527344,2.4009432792663574,0.0042197150178253,25.433637619018555,-1.36455500125885,24.30689239501953,1690.5797119140625,3588.15380859375,1571.8802490234375,0.9513522
581,-116.99068117359184,50.05850635494009,1,214.95367431640625,18.82027053833008,1787.684326171875,5.0280961990356445,-0.0380530506372451,0.0776820853352546,0.685684084892273,2.0,6.855198860168457,1052.9661865234375,2.7799620628356934,0.0041440757922828,31.118480682373047,-1.3192044496536257,45.48731231689453,5305.46826171875,5407.263671875,5092.990234375,0.97515327
582,-116.98733113382922,49.88785634280559,1,39.84674072265625,25.185531616210938,1620.8133544921875,5.774560451507568,-0.0414467714726924,0.0515408292412757,0.5194870829582214,2.0,8.273606300354004,963.1605834960938,2.6119344234466557,0.0041029024869203,32.699920654296875,-1.2319501638412476,52.05608367919922,2795.591552734375,2853.35791015625,2967.515869140625,0.94097775
583,-117.23984781101034,49.6288395994478,1,198.2977752685547,23.125179290771484,1764.04638671875,6.31249475479126,-0.0533565878868103,0.0066760717891156,0.6191344857215881,2.0,8.673914909362793,993.232421875,2.6051814556121826,0.0039728255942463,34.74064254760742,-1.240453004837036,67.46541595458984,2653.31494140625,5114.18994140625,2758.482666015625,0.94712925
584,-117.19291455682664,49.85082291491631,1,97.5030517578125,19.09246063232422,1957.32568359375,5.207469940185547,0.0363018661737442,-0.0093312747776508,0.5367498993873596,11.0,6.1399431228637695,1114.8709716796875,2.939833402633667,0.0039650490507483,31.308406829833984,-1.5127413272857666,57.19099426269531,2767.931396484375,3345.7587890625,2731.7734375,0.98697644
585,-116.9203978938488,50.20217296440825,1,156.4202117919922,9.731237411499023,856.0585327148438,4.787818431854248,0.0891853421926498,-0.1632211059331894,0.7312653064727783,11.0,10.837150573730469,805.3057861328125,2.158886194229126,0.0042938897386193,32.323421478271484,-1.228912353515625,36.37598037719727,925.1453247070312,1803.8695068359373,1412.0955810546875,0.8935694
586,-117.4413478893718,49.80633958677316,1,292.01617431640625,15.364734649658203,1376.3204345703125,4.379580497741699,0.0008017341606318,0.0210839174687862,0.6825430393218994,2.0,10.38472843170166,935.4471435546876,2.3370590209960938,0.004322113469243,35.2704963684082,-1.181262493133545,56.363224029541016,177.3094024658203,2239.77587890625,287.6296691894531,0.8658182
587,-117.35051456206088,49.74167289495048,1,306.0487060546875,12.151567459106444,1646.974853515625,6.43134880065918,0.0055280397646129,0.0168582592159509,0.7320317029953003,2.0,7.696595668792725,1061.261962890625,2.7109663486480717,0.0041469144634902,33.940147399902344,-1.2811925411224363,63.10105895996094,307.0697937011719,5231.87255859375,619.6724853515625,0.89439553
588,-122.99829906730275,50.498323377593856,1,58.700801849365234,16.161603927612305,238.97071838378903,9.665897369384766,0.0902999192476272,-0.0241005029529333,0.7429363131523132,11.0,11.087930679321287,892.4749145507812,1.942950963973999,0.0040317811071872,30.6624755859375,-0.9016200304031372,54.76188659667969,325.3871765136719,727.6244506835938,249.7527313232422,0.9337855
589,-122.60856654379458,49.94779009665024,1,255.6458282470703,26.67534446716309,1417.8253173828125,6.79087495803833,0.0285376589745283,0.0390745624899864,0.4779099524021148,11.0,7.289184093475342,1268.5404052734375,2.188063621520996,0.0042776791378855,32.62739944458008,-1.0056333541870115,70.47039031982422,8781.7626953125,2335.461181640625,1027.576171875,0.9867617
590,-120.94068181851738,49.760239185581945,1,187.2040863037109,5.426713943481445,1553.794189453125,5.456884384155273,0.0309106688946485,-0.0142724653705954,0.5300710201263428,11.0,8.807626724243164,614.1417236328125,2.2419443130493164,0.0042170938104391,33.46027374267578,-1.103216528892517,88.06004333496094,880.2552490234375,4034.857177734375,1090.6412353515625,0.96840835
591,-121.07429869229456,50.27925589645272,1,278.3083801269531,10.432014465332031,1260.8231201171875,6.740157604217529,-0.0278227534145116,0.0255383104085922,0.6535731554031372,11.0,11.138529777526855,377.9434814453125,2.3043038845062256,0.0041839415207505,27.953161239624023,-1.3067348003387451,37.82928085327149,2194.531982421875,3423.534423828125,2244.691650390625,0.8878929
592,-126.35368434939753,50.04033795611443,1,248.48130798339844,9.59640407562256,451.114501953125,5.538145542144775,0.0353167615830898,-0.00519694481045,0.8216671347618103,2.0,10.445859909057615,2627.488525390625,3.1175522804260254,0.0051603019237518,42.5869369506836,-1.3888335227966309,68.73926544189453,1516.5791015625,925.85302734375,1395.8890380859375,0.38635942
593,-118.77899812888072,49.76242272949323,1,175.10389709472656,6.773693561553955,1292.872802734375,6.581047534942627,0.0022927932441234,-0.0040126568637788,0.7058398127555847,2.0,9.527318000793455,720.2939453125,2.453943252563477,0.0040900418534874,35.60631561279297,-1.0716521739959717,65.09322357177734,972.84130859375,1522.140625,803.3096923828125,0.822725
594,-125.70262977460504,49.75597142518971,1,,,467.90728759765625,7.325535297393799,-0.0032879223581403,-0.0252967458218336,0.6815410256385803,11.0,9.53023910522461,1991.6397705078125,2.780891180038452,0.0049842037260532,38.012638092041016,-1.6753973960876465,97.7052230834961,7563.890625,2779.384033203125,7607.97314453125,0.3143375
595,-118.04173134077598,49.9385728293844,1,94.47455596923828,7.809944152832031,531.7425537109375,11.795287132263184,0.0307146850973367,0.0020232344977557,0.1088413968682289,1.0,11.801636695861816,774.07421875,2.124713897705078,0.0047564255073666,35.64534378051758,-1.1610400676727295,55.11264419555664,1718.642822265625,208.07708740234372,1588.136962890625,0.93443376
596,-117.44118098767744,49.00683953898454,1,,,1375.906005859375,6.001163482666016,,,0.6313102841377258,0.0,,,,0.0044920276850461,,,,3225.24365234375,4142.10009765625,,0.6230872
597,-119.55001481686736,49.1800060090845,1,203.28323364257807,4.340957164764404,333.2896423339844,6.313351154327393,0.0044472594745457,0.0082894526422023,0.3927109539508819,7.0,15.023028373718262,283.9001770019531,2.453372001647949,0.0044709448702633,22.505578994750977,-1.718945026397705,35.84212875366211,48.54691696166992,974.1594848632812,47.1187744140625,0.8969345
598,-129.17235342804105,59.85882299810359,1,84.72981262207031,0.9851498007774352,854.8133544921875,6.678998947143555,0.0030079798307269,0.0004371714603621,0.5367354154586792,11.0,4.791958332061768,510.4287109375,1.6645281314849854,0.0031681342516094,31.534236907958984,0.3743892312049866,80.31027221679688,849.8447875976562,1703.8941650390625,992.0761108398438,0.88627714
599,-129.0875295660362,59.44190330796009,1,271.9197692871094,1.810754656791687,688.1616821289062,7.61262321472168,0.007074739318341,-0.0046181487850844,0.6491455435752869,2.0,5.933438777923584,491.2892761230469,1.5507665872573853,0.00334587180987,31.179039001464844,0.3599815666675567,66.23957061767578,6177.91650390625,871.3244018554688,6196.5703125,0.49570426
600,-127.66648582360637,59.220220028375074,1,142.36383056640625,1.3848494291305542,637.9315795898438,7.267898559570312,0.0095398165285587,-0.0169299282133579,0.5692413449287415,2.0,6.030838489532471,480.7883911132813,1.430572271347046,0.0034626894630491,31.194454193115234,0.3013987243175506,53.95603561401367,56331.33203125,1836.2308349609373,56334.71484375,0.72122496
601,-128.20500680412326,59.38145574150537,1,96.58583068847656,7.586260318756103,848.7608032226562,7.281801700592041,-0.0130932899191975,0.008202907629311,0.538806140422821,11.0,5.407040596008301,511.8069152832031,1.5955718755722046,0.0033332202583551,31.536365509033203,0.3549903631210327,69.70341491699219,52142.55859375,1033.5252685546875,52117.89453125,0.8642836
602,-131.46493726347452,59.0409879501056,1,349.0879211425781,4.084347248077393,1123.1639404296875,7.012974739074707,0.0013176302891224,0.0104070762172341,0.5511406064033508,2.0,4.813165187835693,584.0214233398438,2.1227025985717773,0.0033620519097894,29.9909782409668,0.3940445184707641,48.41670989990234,84310.8984375,2467.573486328125,84224.34375,0.6286154
603,-121.66178545101648,59.896257720867474,1,223.8069610595703,0.194502905011177,471.2940979003906,8.405393600463867,-6.00454441155307e-05,-0.0005424836999736,0.5621201395988464,11.0,4.575692176818848,462.261474609375,2.1769728660583496,0.0035320653114467,34.04380798339844,0.328125,63.16690826416016,49938.9296875,3057.8935546875,50184.234375,0.94781196
604,-121.23546950086715,58.88385616531778,1,205.37307739257807,0.2269908934831619,584.0704345703125,8.924233436584473,0.0006402526632882,-0.0006250783335417,0.55787593126297,11.0,5.23610258102417,460.4836120605469,2.503472089767456,0.0036103390157222,34.94291687011719,-0.0177777782082557,56.38694763183594,9947.6669921875,2228.56005859375,10052.9755859375,0.96646166
605,-123.67323736431224,59.58942232078851,1,113.7814712524414,1.5872480869293213,553.8948364257812,7.184947967529297,0.0011753316503018,-0.0066474708728492,0.5813215970993042,2.0,4.948868751525879,522.6422119140625,1.6712602376937866,0.0035870871506631,35.50480651855469,-0.2802843749523163,88.93541717529297,29416.341796875,10835.369140625,29346.65234375,0.70727754
606,-123.73618753554042,59.52045631362712,1,244.0375823974609,1.4742263555526731,432.2174377441406,10.540791511535645,-0.0001234437804669,0.0008971855859272,0.5719393491744995,11.0,5.1138787269592285,517.4104614257812,1.61640465259552,0.0036299752537161,35.866939544677734,-0.2870833277702331,83.9020767211914,28709.029296875,6578.94921875,28774.5078125,0.9293405
607,-120.62558325181102,58.994139148822974,1,170.0189208984375,0.851934015750885,675.718505859375,7.257105827331543,-0.0007881675846874,-0.0006270991289056,0.5622256398200989,11.0,5.148015975952148,449.5261840820313,2.7473080158233643,0.0035536829382181,33.148193359375,-0.0967241376638412,30.36838150024414,18003.138671875,9012.4521484375,17898.46484375,0.94111615
608,-127.01050315123692,59.960172220194536,1,106.33118438720705,8.040332794189453,837.4173583984375,8.042661666870117,0.0171616151928901,-0.016466487199068,0.5224530696868896,11.0,4.378933429718018,526.6931762695312,1.5699925422668457,0.0032423578668385,30.74579429626465,0.2212167531251907,40.28289031982422,24320.49609375,4308.9658203125,24297.9296875,0.66011006
609,-120.8308526307656,59.80884023818931,1,130.8091278076172,0.6195167303085327,499.7933654785156,8.847436904907227,-0.0001489938440499,0.002891951939091,0.531377911567688,11.0,4.568827629089356,438.7544555664063,2.463932752609253,0.0034965984523296,33.491554260253906,0.2731660902500152,54.64069366455078,30646.919921875,1364.5970458984375,30495.576171875,0.94028103
610,-121.54673409356592,59.84030763573774,1,170.0004425048828,0.252816379070282,467.92388916015625,8.1647367477417,0.0022458466701209,-0.0010517543414607,0.5827253460884094,11.0,4.6916184425354,457.6300354003906,2.2231931686401367,0.0035361046902835,34.105186462402344,0.2438736855983734,63.16276168823242,41009.1171875,2164.10400390625,40995.609375,0.9528835
611,-124.790089527377,59.87537185721212,1,108.71004486083984,1.8729982376098635,550.4682006835938,8.082331657409668,0.0023136944510042,-0.0008544953307136,0.6335920691490173,2.0,5.461724281311035,528.7239990234375,1.514351725578308,0.0034061218611896,33.1168098449707,0.1886219382286071,47.35143661499024,71086.5234375,2178.086669921875,71154.0390625,0.6514368
612,-129.36826092670364,59.63060486403295,1,95.58892822265624,7.065148830413818,1080.6754150390625,6.36644458770752,0.0086359996348619,-0.0100443866103887,0.6166869401931763,11.0,4.74826192855835,559.3310546875,1.7821917533874512,0.0032589184120297,30.69415283203125,0.4356001615524292,77.6783218383789,6464.84130859375,4977.513671875,6498.10693359375,0.7125622
613,-120.9617186927772,57.97395558085928,1,318.1122436523437,0.4062226414680481,492.6340637207031,11.72178554534912,0.0006757795345038,0.0007826336659491,0.579750657081604,2.0,6.643500328063965,440.4391784667969,2.71627140045166,0.0038437277544289,34.52976608276367,0.3173263967037201,51.80387878417969,80194.2265625,42.33610534667969,30543.90234375,0.35508654
614,-122.06402159045344,58.36267303805972,1,75.40901184082031,0.4340566396713257,465.40869140625,8.086996078491211,-0.0061501720920205,0.0043434677645564,0.6669524908065796,11.0,6.369735240936279,483.1676635742188,2.2105066776275635,0.0038143524434417,36.55376815795898,-0.1127083301544189,66.34210968017578,36623.34375,2105.494140625,21202.21875,0.9382699
615,-127.66463919752542,58.631406226470624,1,259.2961120605469,6.285234451293945,881.5484008789062,7.678860664367676,-0.0196735654026269,0.0392206721007823,0.3822599053382873,11.0,5.528509140014648,543.544677734375,1.581764578819275,0.0031966245733201,31.119611740112305,0.3580405414104461,46.41057586669922,113860.28125,1023.9537963867188,110694.5,0.8486917
616,-127.28578627915284,58.51793808225832,1,302.8934020996094,18.44631767272949,1070.0909423828125,5.2869391441345215,0.0486378967761993,0.0192822031676769,0.2947911620140075,11.0,4.301946640014648,614.551513671875,1.85032856464386,0.0031063349451869,30.29661750793457,0.4839930534362793,43.175323486328125,95790.1328125,932.2306518554688,95776.171875,0.5117937
617,-128.22780347598416,59.331506141545,1,171.97781372070312,2.811988353729248,858.3427124023438,5.9687042236328125,0.0772380828857421,-0.0242402218282222,0.4926742017269134,11.0,5.264316082000732,516.7655029296875,1.6166192293167114,0.0033171982504427,31.32016372680664,0.3330093026161194,68.88542175292969,51112.765625,426.0316467285156,51177.75,0.95197874
618,-126.53638884182926,58.47918848990565,1,204.64132690429688,20.403600692749023,1116.7142333984375,5.259891510009766,-0.0056928326375782,0.040635410696268,0.456831157207489,2.0,5.058533191680908,577.5198364257812,1.6733301877975464,0.0033044009469449,29.83834648132324,0.4616319537162781,22.5420036315918,58301.73828125,1232.603759765625,58360.5703125,0.5846339
619,-123.95238852197168,58.13660616347658,1,207.19705200195312,9.349251747131348,1304.113037109375,7.662078380584717,0.0150893228128552,0.0148133523762226,0.6301183104515076,11.0,4.915890693664551,656.5975341796875,2.1698923110961914,0.0033422515261918,33.585350036621094,0.1284722238779068,48.01847457885742,58974.09375,6523.9013671875,58880.6171875,0.7547389
620,-123.94776498022732,57.85033985858817,1,259.38934326171875,12.915572166442873,1197.52099609375,6.758135318756104,0.0070409085601568,0.0016410587122663,0.6744969487190247,11.0,5.492039680480957,623.4049072265625,2.084892988204956,0.0031682623084634,34.02220916748047,0.2104166597127914,38.11024475097656,58223.83984375,2438.129638671875,58139.44140625,0.68620735
621,-131.92593685379916,58.21675458885876,1,129.85726928710938,5.393731594085693,748.59228515625,7.151083946228027,0.0609300956130027,-0.0687425583600997,0.503375768661499,11.0,5.478511333465576,894.6548461914062,2.085731267929077,0.0034151005093008,31.147390365600582,0.7197403311729431,53.05659103393555,49420.65234375,1504.08740234375,49503.11328125,0.9025468
622,-130.6870698960936,57.998154778821984,1,274.9078369140625,14.56637191772461,873.885009765625,5.882572174072266,-0.0111109754070639,0.0306926444172859,0.5239886045455933,11.0,7.851573944091797,502.8926696777344,1.8544384241104128,0.0035544321872293,31.221803665161133,0.6496251225471497,60.6431770324707,10815.8701171875,1714.87939453125,10966.783203125,0.6951951
623,-130.3111032262282,58.17638813044736,1,197.7700653076172,2.658393621444702,1080.595703125,7.796372890472412,0.0005743774236179,-0.0307204592972993,0.5917056202888489,2.0,5.930915832519531,547.5126342773438,1.9466768503189087,0.0032441120129078,30.72182273864746,1.0011365413665771,57.58634948730469,18460.091796875,4996.06689453125,18442.716796875,0.57589036
624,-126.21696883411444,58.37038963896096,1,141.1570587158203,1.8326960802078247,820.066162109375,9.80951690673828,-0.0072317835874855,0.0128921987488865,0.6229548454284668,2.0,5.163329601287842,551.3092041015625,1.5847223997116089,0.0031879383604973,29.97797966003418,0.404432088136673,21.993846893310547,54315.921875,393.3389587402344,54197.875,0.63859606
625,-120.78869888663522,57.22579048735763,1,234.23846435546875,0.6106400489807129,784.8090209960938,8.389387130737305,-0.0018776259385049,0.0011431765742599,0.6360638737678528,11.0,5.481818199157715,480.6335754394531,3.060899257659912,0.0037287049926817,35.44278717041016,0.1662681400775909,43.44026947021485,26229.431640625,12396.9873046875,26470.005859375,0.7978017
626,-120.07371780561402,57.55934009689319,1,96.38108825683594,1.6881167888641355,927.394287109375,6.834967613220215,-0.0006329480675049,0.0005226645735092,0.6210343837738037,2.0,5.769493579864502,487.487548828125,3.37333345413208,0.0036941349972039,36.13582611083984,0.3058767020702362,47.90203857421875,78493.3671875,7344.59228515625,48260.98046875,0.601792
627,-122.79588567650254,56.13160528454405,1,126.0260772705078,13.294631958007812,1051.5067138671875,7.37900972366333,0.0063701411709189,0.0535563789308071,0.6051055788993835,11.0,7.253579139709473,645.0133056640625,2.3363325595855717,0.0036374202463775,36.78125,0.2340340614318847,42.858642578125,24676.52734375,1270.732177734375,24771.33203125,0.880741
628,-121.42083207482612,56.25867297927569,1,204.7469940185547,0.2537216246128082,632.466552734375,11.844911575317385,0.0019136893097311,9.324940765509382e-05,0.6806044578552246,11.0,7.907154083251953,481.0875854492188,2.690953731536865,0.0038535986095666,36.47043991088867,0.1870508790016174,35.730743408203125,1291.3406982421875,2578.45361328125,1168.1712646484375,0.8107712
629,-122.50308333429147,52.54448891365311,1,74.5267105102539,5.404734134674072,636.5516357421875,6.838289260864258,-0.0067794905044138,0.0083329398185014,0.6803268194198608,11.0,11.658016204833984,445.5914611816406,2.1731793880462646,0.0042805094271898,33.80221176147461,-0.5736287236213684,45.15262985229492,222.8659210205078,1373.873291015625,286.6387634277344,0.88873917
630,-126.58143025353948,52.77987049895624,1,,,826.977783203125,6.554350852966309,-0.0004076644545421,0.0167507398873567,0.5438786149024963,11.0,7.805700302124023,1170.4097900390625,2.3283843994140625,0.0041780229657888,32.06909942626953,-0.959177553653717,58.03093719482422,35999.8828125,922.1976318359376,36131.6875,0.8864288
631,-127.70656817622184,54.03143827554458,1,213.5085906982422,10.674324035644531,949.2425537109376,8.437633514404297,0.0036480145063251,0.0045939306728541,0.699855625629425,2.0,6.727619647979736,1372.1265869140625,2.460700511932373,0.0039320904761552,31.61393547058105,-1.0781948566436768,57.07387924194336,18335.322265625,1756.489501953125,18298.623046875,0.8493934
632,-126.25335101128172,52.800004545349815,1,218.21954345703125,6.643791675567627,777.066162109375,5.812358856201172,0.017768133431673,-0.0079021342098712,0.6678943037986755,11.0,9.266231536865234,796.4025268554688,1.984412670135498,0.0043229009024798,30.559324264526367,-1.0462826490402222,57.32178115844727,35764.0390625,976.3340454101562,35792.0,0.8999986
633,-127.7191644115353,54.11163847851397,1,171.41696166992188,14.286815643310549,1259.5078125,5.9886250495910645,0.0167635940015316,0.0043267798610031,0.6289825439453125,11.0,6.110101222991943,1331.8778076171875,2.482765913009644,0.0039256149902939,31.3288631439209,-0.9776621460914612,60.31152725219727,17732.048828125,1746.9139404296875,17782.494140625,0.9600877
634,-126.81506574644374,54.01318879153847,1,166.15899658203125,11.008625984191896,968.2216186523438,7.021852016448975,0.0237628333270549,0.0144734475761652,0.673640787601471,11.0,8.57742691040039,687.834228515625,2.1699812412261963,0.0038938841316848,33.33291244506836,-1.020034670829773,77.30592346191406,970.784423828125,1793.9451904296875,833.8931274414062,0.97692376
635,-126.68668587848514,54.14307171242983,1,106.39134216308594,4.335023403167725,1006.8988647460938,11.83359146118164,0.0311971828341484,-0.0225344859063625,0.6502735614776611,2.0,8.20773696899414,628.0018310546875,2.207542896270752,0.0039512105286121,33.60464859008789,-0.9507291913032532,77.19627380371094,5323.07568359375,2846.918212890625,5181.04833984375,0.757889
636,-124.39081750425292,53.832738715095374,1,157.12542724609375,2.121384382247925,905.54150390625,5.97791862487793,-0.0080333882942795,0.0049589816480875,0.6144667267799377,11.0,9.88430118560791,506.8078308105469,2.0163185596466064,0.0040091387927532,35.394622802734375,-0.8301830291748047,57.781959533691406,4067.603515625,4642.64013671875,3842.08154296875,0.9364533
637,-124.857934865423,53.78525714642561,1,189.0282287597656,2.95137095451355,838.8771362304688,11.53777313232422,0.0134724006056785,-0.0029593028593808,0.6011623740196228,11.0,9.399703025817873,504.84466552734375,2.0359489917755127,0.0039271633140742,34.6155891418457,-0.7851238250732422,53.32061767578125,1026.1036376953125,630.57763671875,877.1709594726562,0.92252284
638,-125.36885267261546,53.85062188696047,1,168.35324096679688,3.568315029144287,1011.9557495117188,6.917137622833252,-0.0071641891263425,0.0097793107852339,0.4908709228038788,11.0,8.770278930664062,503.7121887207031,2.071237564086914,0.0039757140912115,33.88618469238281,-0.9224841594696044,62.2618408203125,1262.8424072265625,2708.6708984375,1076.5147705078125,0.958661
639,-126.29668396413682,53.47000535489968,1,31.95232963562012,2.6568939685821533,1382.41748046875,11.068780899047852,0.0088290777057409,-0.0103241745382547,0.7083951830863953,11.0,6.602144718170166,728.097900390625,2.2303030490875244,0.0037064065691083,31.61007308959961,-1.0544829368591309,86.9139633178711,39204.9921875,2407.206787109375,39166.2734375,0.6055166
640,-127.1904472711463,54.19537114842486,1,153.68499755859375,4.604103088378906,771.8699340820312,7.70318078994751,-0.0039350055158138,0.0139859048649668,0.5894210934638977,11.0,8.733742713928223,783.96240234375,2.188472032546997,0.0040268171578645,32.610713958740234,-0.9848312139511108,68.97156524658203,1172.9844970703125,319.75946044921875,1250.3746337890625,0.9518193
641,-126.217767584133,53.0078063499038,1,100.93148040771484,5.749353408813477,852.3838500976562,6.7137770652771,0.0234205108135938,-0.0246598478406667,0.6078276038169861,2.0,8.735742568969727,715.5467529296875,1.9948055744171145,0.0040572779253125,31.136383056640625,-1.2397565841674805,64.75909423828125,30120.69921875,1708.469970703125,30180.955078125,0.51628435
642,-126.17001522153204,53.13500365777856,1,219.5171813964844,5.820154190063477,1092.8131103515625,7.237208843231201,0.0126619394868612,-0.0052489028312265,0.4863193333148956,2.0,8.219922065734863,682.5166015625,2.0433967113494877,0.0040390416979789,31.856569290161133,-1.2382690906524658,70.69413757324219,30960.291015625,4050.944091796875,31022.416015625,0.6522848
643,-120.20568141314176,52.48117290220385,1,,,,,0.0417746193706989,-0.0329009518027305,0.7111180424690247,2.0,6.612795829772949,1055.5302734375,2.345844984054565,0.0039401859976351,34.05276107788086,-0.3462026417255401,35.75227737426758,35611.24609375,2164.332763671875,35679.3515625,0.48985675
644,-118.70901499996262,51.783506848362585,1,,,788.1217651367188,6.406444072723389,,,0.6647499799728394,2.0,8.922487258911133,1148.85400390625,1.6992658376693726,0.0039881649427115,36.004356384277344,-0.6725302338600159,34.72206497192383,3018.880615234375,993.7685546875,2971.943115234375,0.60186553
645,-118.47156521866356,51.65927366555137,1,,,1040.30859375,4.578710079193115,,,0.7683545351028442,11.0,8.336824417114258,1174.5260009765625,1.7952836751937866,0.0041797743178904,35.34930419921875,-0.7810335159301758,33.382896423339844,2295.209228515625,1196.7490234375,2217.16162109375,0.9290501
646,-122.8934336452331,52.38670535860776,1,70.97417449951172,4.300087928771973,1214.32958984375,8.956048965454102,0.0215373821556568,-0.0150368213653564,0.5951035618782043,11.0,9.845314979553224,414.392822265625,2.3576200008392334,0.0039287400431931,32.10759353637695,-0.960277795791626,39.07891082763672,4049.912841796875,3770.228515625,4132.9287109375,0.9818303
647,-122.73053081579292,52.35399057843501,1,68.66128540039062,1.0208797454833984,1079.006591796875,7.246665000915527,-0.0046871076337993,0.0054989689961075,0.4841085374355316,2.0,10.075186729431152,405.5015258789063,2.3091208934783936,0.0040198541246354,31.744518280029297,-0.8735305070877075,38.33182144165039,1275.4263916015625,3754.936279296875,1059.320068359375,0.6373057
648,-122.95700175544737,52.359140352801376,1,139.8594512939453,0.8292192220687866,1233.8839111328125,7.4347243309021,-0.0053390976972877,0.0025940046180039,0.4220973551273346,11.0,9.843585014343262,401.93951416015625,2.3439295291900635,0.0038821240887045,31.265140533447266,-0.9621214866638184,36.03693771362305,1490.0792236328125,493.594970703125,1521.5596923828125,0.9542097
649,-122.96321973626472,52.33305544983117,1,126.9520263671875,0.5274829268455505,1230.0400390625,8.747908592224121,-0.0002428099396638,0.0004569534794427,0.651456356048584,11.0,9.838045120239258,394.5407104492188,2.3336098194122314,0.0038601094856858,30.83016967773437,-0.9655625820159912,34.62010955810547,646.345947265625,3038.123779296875,493.6086120605469,0.94724035
650,-124.01435253101408,53.507757050174455,1,21.68479347229004,3.047543525695801,887.39697265625,6.671048641204834,0.0018556680297479,-0.0023166886530816,0.6068811416625977,2.0,9.809986114501951,473.6581115722656,2.065262079238892,0.0039368560537695,34.1505126953125,-0.7432639002799988,47.93532180786133,1184.060546875,2102.218017578125,1382.6317138671875,0.52130747
651,-124.96903390043808,53.037038520172544,1,189.6000518798828,5.048892974853516,1180.747802734375,5.923412322998047,-0.0016572142485529,-0.0031583672389388,0.638038158416748,11.0,8.94785213470459,441.9288940429688,2.2204511165618896,0.0038302417378872,31.291736602783203,-1.2144100666046145,44.166107177734375,11765.66015625,2645.560546875,5487.078125,0.95676804
652,-124.6808868817276,53.08252125613875,1,167.6499786376953,2.305290699005127,1032.33349609375,7.977699279785156,-0.0007598589872941,0.0037499396130442,0.6591382026672363,2.0,9.604856491088867,417.5249328613281,2.122692108154297,0.0038585187867283,31.246183395385746,-1.1130446195602417,39.92073059082031,12295.2666015625,1366.9534912109375,1586.8768310546875,0.47593918
653,-123.57831676671746,53.27500570192407,1,106.4235382080078,1.076046586036682,848.3348999023438,8.251069068908691,-0.0028389322105795,-0.0003564875514712,0.4434259533882141,11.0,10.349923133850098,461.1401672363281,2.0819365978240967,0.0039863977581262,34.039424896240234,-0.5431354641914368,44.00593185424805,1537.037353515625,716.6723022460938,1519.25634765625,0.9766585
654,-122.80189613843422,52.42114066943931,1,222.2382354736328,2.7483184337615967,1137.3292236328125,8.750046730041504,0.0226918254047632,-0.0032372761052101,0.5383694171905518,11.0,10.045130729675291,415.6194458007813,2.333923578262329,0.0039752130396664,32.23514938354492,-0.8252778053283691,38.69025039672852,603.29833984375,3439.218994140625,725.5391845703125,0.97871816
655,-122.86008555610412,52.40795706230191,1,91.85169982910156,1.0508995056152344,1163.90771484375,7.878875255584717,-0.0014375760219991,0.0049820505082607,0.5506156086921692,11.0,9.932413101196287,413.8130798339844,2.3448703289031982,0.0039477637037634,32.11220169067383,-0.903307855129242,38.63573455810547,862.7625732421875,4115.0927734375,987.3735961914062,0.9588071
656,-123.11737942390212,52.80332374282284,1,73.45985412597656,2.334827184677124,1131.0316162109375,7.898648738861084,-0.0001688919437583,-0.0013009433168917,0.5432753562927246,11.0,10.176451683044434,449.7389831542969,2.264559030532837,0.0039910702034831,34.0909538269043,-0.7810327410697937,46.16723251342773,482.1293029785156,14050.8447265625,485.9202270507813,0.96513534
657,-123.5198531853618,53.33567230954003,1,230.75872802734372,4.383648872375488,964.6806640625,5.655618667602539,0.0025874071288853,0.0044022351503372,0.5571823120117188,2.0,10.163907051086426,479.4568786621094,2.124561548233032,0.0039600664749741,34.74115753173828,-0.4699158370494842,49.04072952270508,5059.75048828125,1722.9063720703125,5329.65771484375,0.57153356
658,-123.55050049700458,53.34383960520195,1,238.68597412109372,0.8708695769309998,879.55126953125,6.998533725738525,-0.0044917925260961,0.0006294326740317,0.5705700516700745,2.0,10.231212615966797,474.2591857910156,2.094415664672852,0.0039626881480216,34.49711990356445,-0.4721180498600006,47.782005310058594,5354.28759765625,2135.078369140625,5355.42236328125,0.50548375
659,-123.59301906307846,53.261655701119366,1,190.8784027099609,0.9047500491142272,849.4534912109375,12.184831619262695,-0.0006654471508227,0.0007827727822586,0.5042168498039246,11.0,10.369611740112305,459.3159484863281,2.082738161087036,0.0039938343688845,33.95850372314453,-0.5753931999206543,43.48652648925781,1656.0687255859375,1846.72802734375,1531.1041259765625,0.98062813
660,-123.59635303462096,53.18033779915973,1,165.1002655029297,0.5112183094024658,879.5617065429688,7.000401496887207,0.0046681663952767,-0.0012378658866509,0.4686919152736664,11.0,10.616546630859377,451.4284057617188,2.088423490524292,0.004009788390249,33.703392028808594,-0.6556597352027893,41.38445663452149,1012.4359130859376,3853.015625,1076.86279296875,0.95695466
661,-123.35011413409424,52.71957201782194,1,128.81161499023438,2.126723527908325,1219.8934326171875,6.761077880859375,0.0018044260796159,0.0106057440862059,0.52043217420578,11.0,10.09213161468506,418.1697692871094,2.259128332138061,0.003854387672618,32.09017562866211,-0.9855530261993408,37.033447265625,6456.90234375,1289.3597412109375,6335.82080078125,0.9627976
662,-122.67513371068866,52.39929009228735,1,135.02198791503906,0.7727757692337036,978.2561645507812,6.4814324378967285,0.0013695487286895,-0.0002927065361291,0.645121693611145,2.0,10.402050971984863,412.64642333984375,2.285092830657959,0.0040797889232635,32.2551155090332,-0.8214471340179443,39.83750534057617,357.2088623046875,2870.296630859375,373.2693481445313,0.6623922
663,-125.87501705517067,53.07000500303954,1,215.0606689453125,2.3255441188812256,1047.8541259765625,6.084438323974609,-0.0030151517130434,0.0131265288218855,0.5408146381378174,11.0,8.85527515411377,556.571044921875,2.027949571609497,0.0039768405258655,30.744932174682617,-1.3025825023651123,60.806766510009766,10451.4794921875,3727.60986328125,10414.99609375,0.94120234
664,-124.02453007026044,53.33758724917696,1,284.77252197265625,3.935908079147339,998.6115112304688,6.635012626647949,0.0040743937715888,-0.0146710257977247,0.4876099228858948,2.0,9.900059700012209,458.1949462890625,2.1045758724212646,0.0038899497594684,33.74846267700195,-0.7206382155418396,45.74429321289063,3937.2919921875,1302.84912109375,3869.32080078125,0.6238096
665,-124.29336703265336,53.14042070644922,1,258.1201171875,1.0766819715499878,1071.1624755859375,7.85918664932251,-0.0021358970552682,-0.0006343431887216,0.5850764513015747,11.0,9.87508487701416,427.9450378417969,2.100910186767578,0.003857406321913,32.32078170776367,-0.9051367044448853,40.8112678527832,10866.4033203125,2236.190185546875,3738.7900390625,0.95467705
666,-125.58999806684504,53.198487936586766,1,150.5184783935547,1.3914891481399536,930.8209838867188,9.971871376037598,-0.0008273919811472,0.0041884509846568,0.5071309804916382,11.0,8.911212921142578,487.9051513671875,2.0736773014068604,0.0039822645485401,30.82235717773437,-1.191493034362793,50.994117736816406,24919.78515625,957.2149047851562,24848.33984375,0.97119755
667,-125.06085012054513,52.74818880027932,1,245.59613037109372,2.147008419036865,1650.52099609375,7.041965961456299,0.00227627530694,0.0011761107016354,0.5769107937812805,2.0,7.411792278289795,506.96881103515625,2.455711603164673,0.0035452838055789,30.25131607055664,-1.16127347946167,47.981101989746094,23066.185546875,19733.375,23262.99609375,0.66049236
668,-125.0633483931243,52.68167279363184,1,166.97483825683594,1.0129050016403198,1543.167236328125,6.523673534393311,0.0011841785162687,-0.0022321953438222,0.4587831795215606,11.0,7.446542263031006,497.51849365234375,2.407371282577514,0.0034988035913556,29.75708770751953,-1.0887846946716309,45.22349548339844,15831.763671875,19136.1953125,15731.953125,0.9500779
669,-125.78668366367567,52.551671596887374,1,149.1012420654297,3.18682074546814,1538.5443115234375,7.792912483215332,0.0040238304063677,-0.0033453737851232,0.4926865696907043,11.0,6.5448408126831055,711.13525390625,2.313155174255371,0.0035263497848063,29.260400772094727,-1.2551872730255127,54.01689147949219,894.9122924804688,2277.6650390625,509.4158020019531,0.9507988
670,-125.03468469664668,52.67517250203354,1,136.9132537841797,1.4971617460250854,1503.8829345703125,7.893258094787598,0.0027491224464029,-0.0128503758460283,0.5051004886627197,11.0,7.551912307739258,489.7939758300781,2.3984832763671875,0.003509858623147,29.85913848876953,-1.0648398399353027,45.02872085571289,15558.7685546875,18736.564453125,15716.904296875,0.91975904
671,-124.30268251230584,53.06533990017692,1,73.54476165771484,1.5751503705978394,1087.9306640625,9.933356285095217,0.010359089821577,-0.0010628215968608,0.5128162503242493,11.0,9.92926788330078,419.90924072265625,2.125786781311035,0.0038775904104113,32.02106857299805,-1.0081249475479126,39.75695037841797,13268.494140625,3315.96875,6845.126953125,0.9892887
672,-124.97834928128472,52.67877360616918,1,176.53343200683594,4.723790645599365,1662.41015625,6.63698673248291,-0.0058272900059819,-0.0021352544426918,0.4472318887710571,11.0,7.396514415740967,504.0172119140625,2.4479074478149414,0.0035224212333559,30.143503189086918,-1.070069432258606,47.559791564941406,17287.7109375,20434.201171875,17418.552734375,0.9232985
673,-125.81829987136992,52.55130539808297,1,167.1770477294922,3.0400662422180176,1615.4688720703125,7.74245023727417,-0.0023002647794783,-0.0037353953812271,0.5131927728652954,1.0,6.449479579925537,738.7262573242188,2.3194611072540283,0.0035313046537339,29.30477905273437,-1.213265895843506,55.01383972167969,1253.3922119140625,4135.89453125,1322.567626953125,0.6577959
674,-125.23176722196315,52.687005671631965,1,155.01004028320312,3.5528934001922607,1750.4014892578125,10.459755897521973,-0.0041162082925438,-0.0001021335265249,0.6019642949104309,2.0,6.710881233215332,588.01025390625,2.5477962493896484,0.0035612012725323,29.94375228881836,-1.1242361068725586,55.08774185180664,13945.8291015625,14443.849609375,13889.84375,0.3400102
675,-120.96385248621246,51.97933788501878,1,236.8843688964844,3.4668116569519043,1179.47412109375,5.879542350769043,-0.0012894975952804,0.0056638526730239,0.615395188331604,2.0,9.49526023864746,703.428955078125,2.3302013874053955,0.0040686358697712,37.23875427246094,-0.4572222232818603,46.19607162475586,2927.66015625,2568.43701171875,3047.764404296875,0.5155615
676,-123.47335156413254,52.13500398342531,1,124.36052703857422,3.890872001647949,1014.5208129882812,7.510341644287109,-0.0174074135720729,0.0093496376648545,0.4699605405330658,11.0,11.09038257598877,342.7840270996094,2.082366704940796,0.0038467496633529,27.11191749572754,-0.9512847065925598,26.632139205932617,1805.2879638671875,4267.1640625,1678.2203369140625,0.8185222
677,-123.42835341807525,52.31333728903687,1,262.6899108886719,0.6534978151321411,1152.111572265625,6.705366134643555,-0.0019147653365507,0.0032213795930147,0.456873744726181,11.0,10.433271408081056,356.7033386230469,2.176576852798462,0.0037949362304061,28.149662017822266,-0.956041693687439,27.024507522583008,6172.7724609375,3700.316162109375,6328.2041015625,0.9372252
678,-123.50184733911333,52.060506676673626,1,41.43499755859375,4.1982102394104,947.5025634765624,7.943751335144043,0.0131043512374162,-0.0021634709555655,0.5029614567756653,11.0,11.201048851013184,340.2986755371094,2.0503082275390625,0.0038724231999367,26.978036880493164,-1.0242127180099487,27.457319259643555,1532.975830078125,2890.053466796875,1398.978271484375,0.7235552
679,-123.6266795567438,52.035337358652825,1,143.57289123535156,7.511872291564941,915.7791748046876,7.165063858032227,-0.0114400908350944,0.000302560365526,0.5054979920387268,11.0,11.403529167175291,348.8160400390625,2.0149343013763428,0.0038608605973422,27.583690643310547,-1.070528268814087,29.304323196411133,508.3574523925781,1209.241943359375,326.7434387207031,0.9457401
680,-123.795518006791,51.83584012614136,1,334.2176513671875,0.4028936326503753,1185.55615234375,12.13835334777832,0.0032398148905485,-0.0036533165257424,0.5066776871681213,2.0,10.950448989868164,381.7422790527344,2.018185615539551,0.0038296249695122,29.19024085998535,-1.403830885887146,32.99916076660156,8604.5068359375,6982.3720703125,8478.318359375,0.8269017
681,-123.20884784754944,51.62587159034533,1,264.286376953125,3.7587289810180655,1508.6358642578125,8.071617126464844,-0.0035612722858786,0.0056661083362996,0.5205151438713074,2.0,9.864025115966797,414.6053161621094,2.3000144958496094,0.0036950397770851,30.67149543762207,-1.372970461845398,36.74041748046875,1365.18408203125,6137.33935546875,986.259033203125,0.48301387
682,-122.78385234070788,51.5125064391141,1,182.9130706787109,4.39796257019043,1630.97705078125,6.704631805419922,-0.0147560955956578,0.007147051859647,0.5116304755210876,11.0,8.833050727844238,454.8564453125,2.462235927581787,0.0036533782258629,31.46086311340332,-0.9307420253753662,40.34716796875,479.5822448730469,4375.61181640625,904.3150634765624,0.9766668
683,-122.53016756606554,52.33127410601597,1,126.76789855957033,0.3588050901889801,939.748779296875,6.73626708984375,0.002983700716868,-0.001338244182989,0.5118045806884766,11.0,10.417784690856934,404.40179443359375,2.275987148284912,0.0041759144514799,31.819839477539062,-0.7564678192138672,41.70866775512695,3700.4130859375,3612.401611328125,3846.621337890625,0.96304244
684,-122.55961705929072,52.28672219664676,1,220.5825653076172,0.343434065580368,952.7481079101562,6.340298175811768,0.0049824123270809,-0.011133074760437,0.5949511528015137,11.0,10.336211204528809,394.5953979492188,2.278062105178833,0.0041208183392882,31.125362396240234,-0.8047822117805481,40.4621467590332,2351.4287109375,971.605224609375,2421.534912109375,0.9561051
685,-122.51501558930605,52.40600400707703,1,253.68157958984372,0.5347176194190979,909.8045043945312,9.303740501403809,-0.0003289334126748,-0.0039382483810186,0.5547391176223755,11.0,10.61992359161377,420.4222717285156,2.269638061523437,0.0042374157346785,32.80682373046875,-0.7500243782997131,43.51456069946289,823.7320556640625,1094.9937744140625,513.2861938476562,0.981282
686,-122.4161843836971,52.13555721029722,1,166.53988647460938,2.0504419803619385,914.5582885742188,7.252751350402832,-0.001927051343955,-0.0019094644812867,0.5029054284095764,2.0,10.685821533203123,377.0466003417969,2.292581081390381,0.0041374880820512,29.85104751586914,-0.830075204372406,39.916542053222656,2853.432861328125,3646.63818359375,2937.868408203125,0.52286893
687,-122.74081517704896,52.259656872979605,1,106.48766326904295,1.6671984195709229,1125.224365234375,8.28537654876709,0.0003471017698757,0.0039504850283265,0.5733566284179688,2.0,10.025437355041504,392.236572265625,2.32742977142334,0.0039705601520836,30.82140350341797,-0.9053841829299928,37.644527435302734,2955.767333984375,3445.08447265625,3099.24658203125,0.7580963
688,-122.29998108506784,52.20320702672251,1,67.23235321044922,8.930145263671875,822.4229736328125,8.072786331176758,-0.0148264309391379,0.0281982570886611,0.6118860244750977,11.0,11.3982515335083,389.9300231933594,2.2516977787017822,0.0042621036991477,30.74061584472656,-0.6159090399742126,40.46089172363281,1053.077392578125,1812.3046875,873.7765502929688,0.97719496
689,-122.06323306577949,51.662923836187325,1,161.70960998535156,1.9518288373947144,1028.842529296875,9.073418617248535,2.215291169704869e-05,-0.0033691357821226,0.4467483162879944,11.0,10.035273551940918,374.823486328125,2.408635139465332,0.0040140231139957,29.73601531982422,-0.9594423174858092,37.02277374267578,1496.3814697265625,8117.51123046875,1483.3599853515625,0.97361326
690,-121.39168595071357,51.301672099862095,1,86.66151428222656,0.2905883193016052,1084.4161376953125,6.742313861846924,0.0039758230559527,-0.002074034884572,0.5185285210609436,11.0,10.12282657623291,387.8150634765625,2.448254108428955,0.0042034117504954,30.732501983642575,-1.082534670829773,36.96565246582031,405.8923034667969,2181.036865234375,323.0447692871094,0.936339
691,-117.11353282298587,51.87655514332822,1,,,1946.2261962890625,,,,0.2444962412118911,2.0,3.4686760902404785,993.7771606445312,2.777799367904663,0.0033134787809103,29.237253189086918,-1.0469000339508057,21.75248908996582,23006.541015625,2528.004150390625,22961.32421875,0.17426331
692,-125.73001995365924,51.98333888692351,1,113.76548767089844,6.951127052307129,632.6699829101562,17.780559539794922,0.0460365675389766,-0.0039779092185199,0.1250780969858169,1.0,8.592659950256348,719.9569091796875,2.076004981994629,0.0036879850085824,27.174884796142575,-1.0189930200576782,39.53311920166016,36417.3046875,27.35580444335937,36454.87890625,0.9236872
693,-125.88718555422504,52.174172978416095,1,131.28903198242188,10.055535316467283,1215.4400634765625,7.268160820007324,0.0344913713634014,-0.0201750621199607,0.4259823560714721,11.0,6.466663360595703,849.123291015625,2.313004732131958,0.0038502886891365,28.51693344116211,-1.1542009115219116,46.29948425292969,22926.189453125,1232.4544677734375,23071.826171875,0.9293828
694,-118.55341508635536,50.81332281718946,1,294.84136962890625,29.13058090209961,887.0020751953125,5.268116474151611,-0.0254089944064617,0.0303737595677375,0.7559097409248352,2.0,10.300575256347656,983.9674682617188,1.873254418373108,0.0043809483759105,36.26568984985352,-0.9540339708328248,42.76095199584961,1597.0386962890625,704.0320434570312,1582.875244140625,0.9681925
695,-122.10061583881595,51.20340581519079,1,187.67567443847656,19.478302001953125,769.9949340820312,4.963892936706543,0.0808889344334602,0.0114207426086068,0.3660746812820434,11.0,12.009713172912598,343.8948669433594,2.345327377319336,0.004019012209028,27.133251190185547,-1.126410722732544,27.985668182373047,346.0607604980469,2796.306884765625,307.2519836425781,0.96635467
696,-122.579499135585,51.89170648099224,1,164.6454315185547,0.9722217917442322,1052.3082275390625,9.156539916992188,-0.0015628960682079,0.0034393107052892,0.4524451196193695,11.0,10.9606294631958,349.8602294921875,2.305172204971313,0.0038536295760422,27.84475517272949,-1.0187615156173706,32.492271423339844,3232.3115234375,1085.8768310546875,3204.76708984375,0.97024554
697,-122.07723298065775,51.373056424495175,1,188.8350830078125,4.466338157653809,1122.9169921875,7.40418529510498,-4.435290247783996e-05,0.0069072591140866,0.6369758248329163,11.0,9.721250534057615,392.0732421875,2.469057321548462,0.0040507288649678,30.83109664916992,-1.1634607315063477,37.78632736206055,1960.0963134765625,8362.69921875,1893.4696044921875,0.95128745
698,-122.52016537133092,52.03300669857261,1,34.63063049316406,0.6584972143173218,996.08349609375,10.41382884979248,-0.0015324949054047,-0.0012286271667107,0.487334281206131,11.0,10.518794059753418,363.54888916015625,2.319764375686645,0.0039074080996215,28.914459228515625,-0.8845486044883728,37.83952713012695,472.2809143066406,532.1669311523438,314.6600952148437,0.9568114
699,-122.35984881514489,51.96595581606597,1,88.2768783569336,0.989700973033905,946.7606201171876,7.529593467712402,-0.0021748635917901,-0.0011880543315783,0.3517764806747436,11.0,10.930253982543944,354.0716247558594,2.310152769088745,0.0040136608295142,28.16896247863769,-0.9232985973358154,34.82087707519531,808.1630859375,1039.257080078125,341.6697082519531,0.9613288
700,-122.46885003239942,51.95743749816699,1,230.06251525878903,3.802668571472168,983.9490966796876,6.515415191650391,-0.0040046502836048,0.0119429612532258,0.5853375792503357,2.0,10.839012145996094,350.8076171875,2.295633554458618,0.003925718832761,27.864606857299805,-0.9134696125984192,34.130615234375,458.0744934082031,1031.5234375,321.733154296875,0.62751836
701,-123.16001603791118,51.310005683948674,1,180.3084716796875,3.815672636032105,1902.399169921875,8.512835502624512,-0.0009437442058697,0.0142000531777739,0.5230037569999695,2.0,7.257514953613281,585.5317993164062,2.473243236541748,0.0035281728487461,29.880016326904297,-1.0497781038284302,44.25722122192383,6682.98486328125,6060.71923828125,6760.85009765625,0.7537976
702,-124.2066811957704,51.27483916233349,1,285.69512939453125,18.08208656311035,1822.558837890625,5.408689022064209,0.0445609241724014,-0.034750010818243,0.377334326505661,8.0,6.270569324493408,711.6708984375,2.132865190505981,0.003645708085969,28.06586456298828,-1.3653310537338257,59.77270126342773,16681.19921875,1743.760498046875,16699.927734375,0.47655213
703,-115.66318080541534,49.664006474870575,1,265.56689453125,2.2799863815307617,834.2378540039062,8.107634544372559,-0.011513253673911,0.0004666270688176,0.5965799689292908,2.0,12.430996894836426,387.8935546875,2.463113784790039,0.0043185809627175,30.02420997619629,-1.6440969705581665,31.75889205932617,136.2272186279297,1125.687744140625,269.1182556152344,0.80861354
704,-116.53001343204625,50.95000716141664,1,201.60690307617188,5.3173441886901855,997.3910522460938,5.829347610473633,0.0325827896595001,-0.009885094128549,0.671532928943634,11.0,9.848657608032228,527.1561279296875,2.007954835891724,0.0040598018094897,29.151029586791992,-1.123313307762146,21.41254425048828,1468.7235107421875,1677.868896484375,1655.306884765625,0.89851373
705,-121.87968485122086,51.02935603411006,1,184.0725250244141,11.272945404052734,1427.05224609375,5.978234767913818,0.0283441990613937,-0.0493460595607757,0.5468724370002747,11.0,10.05813694000244,444.5714111328125,2.518641471862793,0.0037786781322211,30.824443817138672,-0.9837499856948853,35.702396392822266,5092.37939453125,3048.02490234375,4096.8828125,0.98768395
706,-122.26204726925772,50.90530587924371,1,89.98599243164062,17.668272018432617,1076.0076904296875,5.536387920379639,-0.0197340436279773,0.039973210543394,0.6235456466674805,11.0,8.94741439819336,513.4277954101562,2.4527437686920166,0.0036824038252234,29.656681060791016,-0.9782546758651732,36.55512619018555,812.2422485351562,7368.451171875,985.2979125976562,0.9781211
707,-122.77889915440198,50.9134390161262,1,109.2986297607422,6.138635158538818,806.0098266601562,8.10594654083252,0.013017090037465,-0.0066153137013316,0.5168406963348389,11.0,10.140772819519045,539.8253784179688,2.1759870052337646,0.0038971414323896,28.18226432800293,-0.8858968615531921,36.945648193359375,815.0740966796875,712.0369873046875,519.1262817382812,0.9194337
708,-121.97084895032592,50.67917240909612,1,138.92413330078125,31.81116485595703,787.2958374023438,4.136525630950928,0.0212835110723972,0.0090367030352354,0.518410861492157,11.0,11.11782169342041,459.7493286132813,2.361252546310425,0.0042646629735827,28.947980880737305,-0.9249652624130248,40.01675796508789,722.357421875,931.3646850585938,714.7726440429688,0.98157
709,-121.7765821593114,50.45920582307341,1,60.48104476928711,21.27775001525879,1461.767578125,7.434797763824463,-0.0057527520693838,-0.0319900549948215,0.5164415240287781,11.0,8.540325164794922,645.7578125,2.4885919094085693,0.0039290850982069,32.380367279052734,-1.077760100364685,58.91647338867188,4033.407470703125,4757.748046875,4097.0224609375,0.986889
710,-122.22303234783284,50.84892238615061,1,105.18824768066406,29.9715518951416,1149.742919921875,5.397252082824707,-0.0001285551988985,-0.0487496107816696,0.5158304572105408,11.0,8.630654335021973,564.9503173828125,2.5263025760650635,0.003823862876743,30.13925552368164,-1.012465238571167,40.59543228149414,941.9590454101562,1341.0107421875,889.9689331054688,0.99223536
711,-122.48226584548162,51.03635576052778,1,86.27272033691406,10.72014617919922,1497.3499755859375,6.049614906311035,0.0057706092484295,-0.0075274682603776,0.4245848655700683,11.0,7.00558614730835,611.5515747070312,2.620459794998169,0.003530447371304,29.25091552734375,-0.859618067741394,41.378360748291016,196.3132476806641,10944.6328125,414.235595703125,0.91091985
712,-122.48339915225765,51.03400575803363,1,75.31524658203125,10.161052703857422,1499.0426025390625,5.997152805328369,0.0127501944079995,-0.0186161994934082,0.4268132150173187,11.0,6.963106155395508,615.2203979492188,2.624842643737793,0.0035324932541698,29.21955108642578,-0.859618067741394,41.48869705200195,284.2379455566406,11162.3984375,503.97991943359375,0.9022795
713,-122.27034901256188,50.70618907036184,1,222.9290771484375,17.33523941040039,297.73199462890625,6.401540279388428,0.0100029129534959,0.0444497242569923,0.2198973894119262,11.0,10.272028923034668,568.1640014648438,2.3614723682403564,0.0040304237045347,29.30534172058105,-0.7275508046150208,44.091583251953125,548.6906127929688,796.9854125976562,794.0745849609375,0.842094
714,-118.22671484432333,50.87162256157672,1,186.9750061035156,26.201393127441406,1543.36767578125,5.702893733978272,0.0134785315021872,-0.023163802921772,0.5997831225395203,11.0,6.646821022033691,1361.353271484375,2.2344841957092285,0.0043163057416677,33.72074890136719,-1.0477447509765625,39.59165954589844,3919.90234375,4106.87451171875,4041.57666015625,0.9907657
715,-117.69801292208572,50.78467421148361,1,163.5437469482422,31.11629295349121,1123.294677734375,10.420072555541992,-0.0282944217324256,0.0245137512683868,0.6339569091796875,2.0,9.270122528076172,1153.845703125,1.9806921482086184,0.0041083763353526,33.82438278198242,-1.0973480939865112,32.49928665161133,1217.900390625,1118.8819580078125,1191.9134521484375,0.915609
716,-117.85694839286032,50.59782268653445,1,304.51202392578125,17.914554595947266,931.4111328125,7.194971084594727,0.0253581162542104,-0.0001687132753431,0.5067494511604309,2.0,11.407410621643066,960.5235595703124,1.8620842695236208,0.0047807730734348,34.921634674072266,-1.094652771949768,36.80076217651367,1183.622802734375,2295.974365234375,1321.25537109375,0.92538065
717,-122.1433488301256,50.13167236495247,1,145.3815460205078,27.211729049682617,1598.67041015625,4.782076358795166,0.032094869762659,0.0620640330016613,0.1701595038175583,11.0,6.702591896057129,972.3160400390624,2.4073739051818848,0.0039289933629333,31.61288070678711,-0.9430902600288392,70.37034606933594,19308.890625,2287.161865234375,19415.21875,0.5376598
718,-122.93163347015076,50.54253948921286,1,177.84605407714844,11.486095428466797,1748.5394287109375,5.334142208099365,0.0646975636482238,0.0115144737064838,0.3508211374282837,2.0,7.038524150848389,893.6372680664062,2.257352828979492,0.003911514300853,29.986631393432617,-1.1364339590072632,58.57686233520508,5076.10400390625,1252.7264404296875,5184.5087890625,0.5059351
719,-122.7532353670724,50.60433760617931,1,183.9152374267578,6.025328159332275,1285.4420166015625,7.962135791778564,0.1296675205230713,-0.0090996092185378,0.788570761680603,2.0,6.473114013671875,849.3601684570312,2.382805824279785,0.0035830158740282,29.81606101989746,-1.000069499015808,56.895450592041016,7390.09326171875,4579.845703125,7284.66796875,0.6309448
720,-121.20159908304213,49.86165435731861,1,197.2826995849609,11.045190811157228,1139.55419921875,6.345469951629639,-0.0025285321753472,-0.0316142104566097,0.5544725656509399,11.0,8.65713119506836,683.929443359375,2.2186107635498047,0.0042979889549314,33.907474517822266,-0.9815624952316284,96.9621810913086,736.0363159179688,7516.232421875,669.8404541015625,0.9730539
721,-121.9794821464587,50.28358908347564,1,258.62274169921875,19.700788497924805,1070.6771240234375,6.574012756347656,-0.0123786302283406,0.0488970577716827,0.7206190228462219,2.0,8.992798805236816,732.7032470703125,2.3071634769439697,0.0038722744211554,31.953588485717773,-0.7539162635803223,61.31503677368164,9228.61328125,711.3302612304688,9182.0751953125,0.97440547
722,-122.00656553710222,50.27258908027914,1,165.1434326171875,13.433767318725586,724.0106201171875,8.527368545532227,0.0637882724404335,-0.0115652307868003,0.7458505630493164,2.0,8.800140380859375,755.0372314453125,2.3120479583740234,0.0038771713152527,32.02447891235352,-0.7875093817710876,61.65575408935547,9003.8837890625,598.4297485351562,9185.67578125,0.900066
723,-119.77158172279896,50.14032263503902,1,13.772947311401367,5.479794025421143,1458.7841796875,7.635322570800781,-0.0034006903879344,-0.0071605253033339,0.6344203948974609,2.0,8.662874221801758,607.719970703125,2.52532172203064,0.003976868931204,34.28163146972656,-0.9793055653572084,63.32151794433594,8995.4150390625,6822.24853515625,9129.69921875,0.62267554
724,-119.65899831268506,49.82732273113244,1,96.05484771728516,6.070017814636231,548.9657592773438,10.191265106201172,0.0036473465152084,0.0008466461440548,0.60085129737854,7.0,13.556523323059082,348.28076171875,2.2942631244659424,0.0046131159178912,27.185382843017575,-1.4759384393692017,40.67471694946289,327.5785217285156,2435.572998046875,260.9872436523437,0.94869137
725,-119.57353171276613,49.89162275313944,1,181.3006896972656,5.528204441070557,633.3889770507812,6.11111307144165,0.0116504300385713,0.0102631943300366,0.5893046855926514,11.0,12.75591278076172,382.0882873535156,2.294736623764038,0.0046919113956391,28.53318214416504,-1.324315071105957,42.493289947509766,652.6373901367188,675.0633544921875,636.5328979492188,0.9585746
726,-125.63748236302936,49.77700573498922,1,,,658.2373046875,6.9034342765808105,,,0.5995110869407654,2.0,10.415987968444824,1923.2657470703125,2.6864140033721924,0.0050891824066638,39.56745529174805,-1.6605207920074463,97.8460464477539,2605.57177734375,1386.33642578125,2548.97412109375,0.31654185
727,-118.14061471948388,49.76553950658664,1,114.64176177978516,0.7117634415626526,450.7101745605469,13.523061752319336,0.0008201681193895,-0.0027308277785778,0.0133987525478005,1.0,12.716690063476562,650.3467407226562,2.1523876190185547,0.0046411752700805,34.767539978027344,-1.131067991256714,56.98698806762695,1056.7073974609375,118.28703308105467,1104.846435546875,0.87744194
728,-116.487997588902,49.32757296282583,1,172.5663604736328,11.231325149536133,1837.9720458984373,5.136597156524658,0.0031094581354409,-0.0306340772658586,0.5847489237785339,11.0,8.130837440490723,842.31103515625,2.9467642307281494,0.0041737393476068,32.63813781738281,-0.9755664467811584,68.57894134521484,723.2484130859375,4651.6806640625,965.7906494140624,0.9828247
729,-119.95661118775548,49.18973746504917,1,139.9838409423828,12.946722984313965,1901.4183349609373,5.14045000076294,-0.0804624557495117,0.0552902445197105,0.6047005653381348,11.0,10.512476921081545,429.0695190429688,2.666273355484009,0.0040320693515241,29.904281616210938,-1.305228352546692,50.35242462158203,3006.390869140625,2991.2001953125,2855.448486328125,0.99627846
730,-121.91990320078024,59.8938391845159,1,248.4056854248047,0.1894445121288299,443.1980285644531,9.230270385742188,-0.0017235487466678,0.0014958981191739,0.6797106862068176,2.0,4.680291652679443,465.3240661621094,2.068510770797729,0.0035647843033075,34.08616256713867,0.2540724277496338,61.03447341918945,56653.72265625,1857.7044677734373,56652.58984375,0.7187972
731,-121.19636897222894,59.20322267737927,1,178.6935577392578,0.2391120344400406,637.96142578125,8.849717140197754,-0.0009117828449234,0.0010317817796021,0.5719053745269775,2.0,4.826948642730713,463.7649841308594,2.505483627319336,0.0035786239895969,34.40273666381836,0.0384340286254882,57.93642425537109,22219.591796875,3703.279296875,22312.359375,0.8371164
732,-121.92613608101664,59.31632456936728,1,173.96694946289062,0.7255393266677856,588.896484375,7.774107456207275,0.0030423153657466,-0.0008304524235427,0.6416754126548767,2.0,5.100150108337402,486.11956787109375,2.2385458946228027,0.0035556480288505,35.3348503112793,-0.0551724545657634,69.9173583984375,45961.15625,5146.90869140625,45975.4609375,0.8107735
733,-121.00120157420513,59.45348970817254,1,29.913330078125,0.6435831785202026,558.2509765625,8.582292556762695,0.0006875647814013,0.0005393915344029,0.6233818531036377,11.0,5.167579650878906,448.8469543457031,2.48315167427063,0.0035422353539615,34.03516387939453,-0.0128288101404905,53.458309173583984,9233.603515625,2028.5191650390625,9132.2880859375,0.9532116
734,-120.38981997644024,59.50397349740416,1,172.82437133789062,0.2647581696510315,464.8777465820313,12.285701751708984,0.0019663074053823,-0.0011127589968964,0.611848771572113,2.0,4.9534831047058105,423.2903137207031,2.592003107070923,0.0035598364192992,32.95405197143555,-0.108454443514347,45.09001541137695,24454.140625,2665.162841796875,24503.853515625,0.85096025
735,-120.86563499673764,59.72005703196518,1,304.4069519042969,0.1166426986455917,461.0342712402344,10.45802879333496,8.217905269702896e-05,-7.178267696872354e-05,0.5094152688980103,2.0,4.797772407531738,436.0979614257813,2.4243829250335693,0.0035346674267202,33.411251068115234,0.1187627390027046,52.12492752075195,20601.693359375,6632.626953125,20558.61328125,0.7637875
736,-121.88551824437916,57.517889342148,1,30.687679290771484,3.6885483264923096,962.4345092773438,7.382716655731201,0.0080892611294984,-0.0229840856045484,0.6947241425514221,2.0,6.388931274414063,537.5205688476562,2.6440789699554443,0.0036460559349507,36.79093170166016,-0.0111316610127687,59.89833450317383,47493.03515625,6239.70458984375,37359.58984375,0.5178194
737,-125.71885187103392,56.80067218675576,1,160.42324829101562,9.692646026611328,1054.086669921875,6.007294654846191,0.0075416360050439,-0.0072397738695144,0.4312800467014313,11.0,6.07761287689209,547.0142211914062,1.8414281606674197,0.0034667318686842,30.335508346557617,0.1769786477088928,30.846031188964844,37250.828125,1337.1514892578125,37189.04296875,0.9273364
738,-128.47856624672383,59.03403980174142,1,101.33858489990234,9.719605445861816,1297.960205078125,5.532520771026611,-0.0089502967894077,0.0242328718304634,0.6078621745109558,11.0,4.051187992095947,588.4884643554688,1.8822968006134035,0.003165308618918,29.64256477355957,0.5027782320976257,59.17506408691406,52553.9453125,2958.681640625,46767.51171875,0.14507183
739,-126.6278505684498,59.395837383802565,1,67.46395111083984,9.433470726013184,922.1681518554688,5.940737247467041,0.0122172636911273,0.0001577567163622,0.6251014471054077,11.0,5.450711727142334,522.9181518554688,1.5493921041488647,0.0033495391253381,30.581966400146484,0.2091937959194183,36.808895111083984,19493.5625,1813.0440673828125,19572.65234375,0.8045787
740,-130.9292798178525,57.401303239560974,1,192.54721069335935,7.56896162033081,855.2536010742188,5.412642955780029,0.0193121582269668,-0.0020124693401157,0.5776282548904419,2.0,6.188483715057373,968.8851318359376,2.0236904621124268,0.0034639618825167,31.222064971923828,0.4798190593719482,59.17441940307617,40105.7109375,321.86688232421875,40094.32421875,0.69698286
741,-120.42750115672207,57.31050624319419,1,232.3069305419922,0.8515186905860901,799.1845092773438,6.80772876739502,-0.0060969991609454,-0.0151174878701567,0.5131052732467651,2.0,5.549488544464111,481.7160949707031,3.224038600921631,0.0037013164255768,35.68279266357422,0.2696875035762787,44.63766098022461,44816.7890625,5387.46240234375,45036.04296875,0.63173467
742,-120.43281751324731,56.52290621504881,1,156.1575164794922,0.5691479444503784,678.0771484375,11.65201187133789,0.0004325872287154,-0.0010174633935093,0.5902811884880066,5.0,7.16595458984375,480.833251953125,3.147339105606079,0.003850381122902,36.20906829833984,0.3842013776302337,38.73220443725586,803.4124755859375,1309.7952880859375,490.926025390625,0.3218479
743,-121.78876776444623,56.52528933217472,1,105.1772232055664,4.058504581451416,606.1581420898438,8.645739555358887,0.0308466330170631,-0.01537009421736,0.6879228353500366,1.0,7.22258996963501,520.3067626953125,2.5975584983825684,0.003740431042388,37.64195251464844,-0.0822468101978302,40.078495025634766,187.31961059570312,666.7163696289062,316.3125915527344,0.28334972
744,-121.19510097865938,56.59370611296655,1,160.97817993164062,1.2313241958618164,790.6347045898438,8.235932350158691,-0.0033857356756925,0.0015081639867275,0.616117537021637,11.0,7.222844123840332,499.5765380859375,2.922907829284668,0.0037831412628293,36.54464340209961,0.1719858944416046,36.43743896484375,593.032470703125,5748.8408203125,499.6378479003906,0.89094573
745,-121.0884879235808,56.28388821708632,1,184.4244537353516,3.7133047580718994,743.5457763671875,6.642597675323486,-0.0069466074928641,0.0096882889047265,0.63665771484375,2.0,7.70925760269165,498.7554626464844,2.908372163772583,0.0038593201898038,36.93794250488281,0.2549520432949066,36.35725784301758,755.8580322265625,5109.61474609375,966.7451782226562,0.4065965
746,-121.48091792812228,57.00095609113864,1,247.04421997070312,0.797681450843811,810.3073120117188,8.515151977539062,0.0037970282137393,-0.0084630819037556,0.6583999991416931,2.0,6.1465373039245605,509.5809020996094,2.798327684402466,0.0037060214672237,36.25622177124024,0.0773043856024742,40.528594970703125,1131.1353759765625,8822.0595703125,1035.53857421875,0.5058418
747,-123.64731861300874,56.12178996772229,1,260.2084350585937,20.23161506652832,1395.4755859375,5.031055927276611,-0.0321897119283676,0.0676078051328659,0.6213982105255127,11.0,5.581918239593506,698.1451416015625,2.2860231399536133,0.0034897548612207,33.093990325927734,0.2816752195358276,35.779052734375,16260.033203125,2204.85546875,16479.341796875,0.81718767
748,-123.5115687455224,56.01178928317441,1,5.142282009124756,20.26393699645996,980.6613159179688,8.787383079528809,0.0161985829472541,-0.053469605743885,0.5412185788154602,11.0,6.447707176208496,676.0831298828125,2.212759494781494,0.0035485490225255,33.46617889404297,0.1078507676720619,36.91373443603516,16858.095703125,1067.177001953125,16905.54296875,0.74510366
749,-124.03869906594504,56.29987141668832,1,174.29647827148438,11.364834785461426,813.7791137695312,8.437908172607422,0.0061897784471511,0.0632362887263298,0.53093421459198,11.0,6.75457763671875,572.8713989257812,1.965981721878052,0.0037436110433191,31.9945068359375,0.1782998144626617,26.39808464050293,23346.056640625,550.6688232421875,23388.22265625,0.93929046
750,-123.46073417493167,56.34315679928685,1,255.25799560546875,12.83241081237793,1240.5738525390625,5.907017230987549,0.0356697365641593,0.0009200513013638,0.4913874864578247,11.0,4.557506561279297,742.824951171875,2.489763021469116,0.0033202716149389,32.4614372253418,0.4266666769981384,36.15368270874024,43499.48046875,4200.44287109375,38330.0078125,0.6313036
751,-122.48968428441108,55.81783922023574,1,302.334228515625,6.700136661529541,1190.927978515625,7.050044536590576,0.0142266880720853,-0.0054958760738372,0.4945187568664551,11.0,5.831286430358887,766.2025146484375,2.73897647857666,0.0035634455271065,35.99304962158203,0.2905809879302978,59.72119522094727,9492.0126953125,3058.533447265625,9714.68359375,0.7605748
752,-122.8426845739125,56.3496225880716,1,145.61541748046875,6.692134380340576,1171.148193359375,6.816380500793457,0.0112320063635706,0.0180457532405853,0.7388328909873962,11.0,6.522259712219238,655.8709106445312,2.430358648300171,0.0034255709033459,36.64809036254883,0.2493619918823242,45.52561950683594,28720.35546875,2669.232421875,11948.2080078125,0.7410664
753,-123.02541797244484,56.50750586610572,1,257.4299621582031,13.963001251220703,1201.295166015625,5.392257213592529,0.0217470005154609,-0.04201165959239,0.5505247116088867,11.0,6.324575424194336,654.0192260742188,2.383142709732056,0.0034877005964517,36.07709884643555,0.2504000961780548,40.55234909057617,34392.55078125,1165.7037353515625,10449.630859375,0.7732586
754,-120.63885070733272,56.19990618338645,1,211.8104705810547,1.302151799201965,667.760009765625,7.891091346740723,-0.0020149829797446,-0.0013331491500139,0.5484079718589783,5.0,7.535468101501465,483.9748840332031,3.0135514736175537,0.0038963314145803,36.5947380065918,0.3126572966575622,35.52867889404297,492.5694885253906,6686.60546875,412.9329528808594,0.2962626
755,-121.4304842607315,56.22322277706925,1,216.8312530517578,6.22941780090332,478.0099792480469,8.771854400634766,-0.0097712557762861,0.0068867057561874,0.3090229332447052,5.0,8.282575607299805,477.0423583984375,2.687346935272217,0.0038750765379518,36.38190460205078,0.217361107468605,35.42280197143555,705.6309814453125,326.6586303710937,544.2348022460938,0.20595722
756,-121.63748431985005,56.256422743819,1,127.8294906616211,9.704299926757812,536.4483642578125,6.3550567626953125,0.0305251739919185,-0.043301872909069,0.6578925848007202,1.0,8.100326538085938,492.48638916015625,2.6352264881134038,0.0038447722326964,37.118900299072266,0.123991273343563,38.15826034545898,5181.7890625,317.79351806640625,5330.03173828125,0.3097118
757,-120.49746754153048,56.58545620519723,1,166.61016845703125,1.1488605737686155,655.3361206054688,8.482897758483887,0.0055829319171607,-0.0022328062914311,0.6337838768959045,11.0,7.082512855529785,477.55511474609375,3.120443344116211,0.00384480971843,35.995994567871094,0.3627548217773437,37.79497909545898,678.5979614257812,265.8675842285156,563.3392944335938,0.84607744
758,-121.42668429273289,56.28672277801402,1,91.43683624267578,2.242237091064453,565.345947265625,6.403016567230225,0.0091251041740179,-0.0235838964581489,0.5246501564979553,2.0,7.64572286605835,486.3595581054688,2.7065682411193848,0.0038348720408976,36.640472412109375,0.1863136142492294,36.36459732055664,3766.24169921875,3048.2734375,3613.52734375,0.35915422
759,-125.28776825560844,56.285955542663935,1,340.67657470703125,4.2567009925842285,1093.3603515625,7.176745891571045,-0.0046535278670489,0.0017892147880047,0.4826899170875549,1.0,6.043392658233643,543.0411987304688,1.9369295835494995,0.0034681786783039,31.36610221862793,0.0051518050022423,36.18835067749024,4163.3017578125,3999.340576171875,4297.62548828125,0.5666722
760,-125.0880848685209,56.14145556836069,1,186.87570190429688,13.642295837402344,975.8707275390624,9.204747200012209,0.0300309471786022,0.0036172922700643,0.3959997296333313,11.0,6.01045560836792,564.334228515625,1.9612181186676023,0.0034899611491709,31.46014213562012,0.0413188710808754,38.6612663269043,504.4233703613281,1027.58251953125,214.27381896972656,0.91632366
761,-120.40798340362316,54.57722285608913,1,139.42002868652344,11.260894775390623,1121.44580078125,7.433341026306152,0.0188827887177467,0.0105284163728356,0.6045485138893127,2.0,8.158710479736328,674.459716796875,2.7387959957122803,0.0036725215613842,39.0655632019043,0.2957502901554107,50.09043884277344,29009.90234375,572.8792724609375,29152.791015625,0.5400102
762,-122.50937096489088,55.29778869993161,1,265.0207824707031,11.103829383850098,1097.9404296875,5.987851619720459,0.0350216850638389,-0.0067676934413611,0.688800036907196,2.0,5.994498252868652,858.1329345703125,2.567049026489258,0.0036648109089583,35.596683502197266,0.2763252258300781,50.22124481201172,8782.662109375,1077.1563720703125,8875.373046875,0.22863282
763,-122.16445357515504,55.21825614966146,1,140.40530395507812,6.365116119384766,1147.9820556640625,5.951590061187744,-0.010792925953865,0.0068749315105378,0.6561527252197266,2.0,6.149978160858154,870.31982421875,2.6792104244232178,0.0035813318099826,36.0644416809082,0.2936725318431854,55.628692626953125,30822.6796875,909.1790771484376,28686.388671875,0.51351684
764,-124.83341734892788,54.280122264118674,1,247.9070281982422,0.938258171081543,891.312255859375,14.174663543701172,0.0106376837939023,-0.0215899553149938,0.4870080053806305,11.0,8.445509910583496,541.7986450195312,2.031736135482788,0.0038419188931584,35.69899368286133,-0.692493200302124,71.19959259033203,811.1769409179688,4756.1787109375,990.6216430664062,0.9559343
765,-123.83338381914882,54.87850761777606,1,151.98098754882812,1.8487175703048704,923.4132080078124,10.234309196472168,0.0062960726208984,-0.0047884183004498,0.6557861566543579,11.0,7.929758548736572,587.14990234375,2.0735604763031006,0.0038252617232501,34.36759567260742,-0.8281481266021729,53.28203201293945,4421.51806640625,516.5872192382812,4568.880859375,0.97128797
766,-125.73459806232374,53.39817202946325,1,242.18826293945312,4.6387553215026855,1205.0052490234375,8.815775871276855,0.001327883801423,0.0019577932544052,0.5198397636413574,11.0,8.472554206848145,511.5671081542969,2.105600357055664,0.0040053133852779,31.84609603881836,-1.1163069009780884,58.91816329956055,23418.66015625,4208.89599609375,23302.572265625,0.93183565
767,-126.42973562418146,54.36960365104606,1,305.06964111328125,10.1170072555542,1321.5147705078125,6.241444110870361,-0.0479030348360538,0.0264150705188512,0.7287497520446777,2.0,8.229900360107422,545.4703369140625,2.186070919036865,0.0040085283108055,33.299522399902344,-0.9901940822601318,74.39100646972656,2295.237060546875,5128.79736328125,2271.23046875,0.76135296
768,-126.88993272204269,53.38277197248313,1,106.02639770507812,2.788836479187012,922.4269409179688,5.77777910232544,0.0014039368834346,-0.0028403077740222,0.5014718770980835,11.0,8.481650352478027,1067.4373779296875,2.1776158809661865,0.0041859722696244,32.9722900390625,-1.252879977226257,66.0651626586914,40262.78125,766.0009155273438,40131.87890625,0.91379154
769,-126.21733278720689,53.27178726102355,1,193.4385986328125,3.640755891799927,957.553955078125,6.687701225280762,0.0036854159552603,-0.0082371346652507,0.5585411787033081,11.0,7.979698657989502,672.0509033203125,2.0589072704315186,0.0039160912856459,31.403148651123047,-1.2372570037841797,74.5269546508789,42879.23046875,999.4002075195312,42842.92578125,0.952521
770,-120.18693610799376,52.78605491789183,1,269.6973571777344,14.438941955566406,1155.58447265625,5.372045040130615,0.0288351401686668,-0.0162010937929153,0.6698347926139832,2.0,5.416163444519043,1031.340576171875,2.311312198638916,0.0035008850973099,32.67521286010742,-0.1822916716337204,33.81102752685547,35648.29296875,1003.6590576171876,34148.890625,0.30969548
771,-116.96593410930394,50.54605738638668,1,242.54098510742188,20.947139739990234,960.3939208984376,4.7132978439331055,0.0341424755752086,-0.0033827105071395,0.6976071000099182,2.0,8.891833305358887,901.1849975585938,2.247328281402588,0.0040084375068545,31.439266204833984,-1.1849877834320068,31.51079559326172,1126.3724365234375,1447.3328857421875,1121.7664794921875,0.8638953
772,-120.00446393831751,52.956472744625934,1,,,,,0.0472707226872444,0.029944073408842,0.6387898921966553,11.0,4.329497337341309,1047.3173828125,2.5514466762542725,0.0033634153660386,31.184600830078125,-0.3082839846611023,30.913206100463867,13203.3662109375,756.7529907226562,13183.138671875,0.88168514
773,-124.3816168564662,53.143072293929066,1,168.86105346679688,3.449848175048828,1023.95361328125,6.2754225730896,0.0114853885024786,-0.0040812958031892,0.5275916457176208,11.0,9.804237365722656,430.4734802246094,2.115944623947144,0.0038505410775542,32.31053924560547,-0.9219573140144348,41.19281005859375,7942.73046875,1292.494873046875,3753.14794921875,0.95534897
774,-121.85060244817596,53.45605673539117,1,249.0393218994141,21.324451446533203,1227.5535888671875,5.719859600067139,0.0574217736721038,0.0035139222163707,0.5386783480644226,2.0,8.740324020385742,909.5262451171876,2.4465463161468506,0.004174742847681,39.39690399169922,0.3178836405277252,56.02154159545898,2865.294921875,3540.872802734375,2725.355712890625,0.11123437
775,-124.27666609617572,52.72833809597016,1,172.9155731201172,2.916936159133911,1499.21533203125,6.691558361053467,-0.0102650411427021,0.0123016638681292,0.4906569421291351,11.0,8.816003799438477,430.88482666015625,2.3234729766845703,0.0036519702989608,31.40213394165039,-1.013819456100464,43.81400680541992,9836.26953125,8252.14453125,9907.48828125,0.9516385
776,-125.1000152126849,52.72932219543405,1,118.61675262451172,2.6575968265533447,1672.702392578125,6.91612720489502,0.0043510301038622,0.0038139973767101,0.567302405834198,11.0,7.1781768798828125,521.5170288085938,2.474694967269897,0.0035208698827773,30.041147232055664,-1.147777795791626,49.53067779541016,21115.076171875,21829.220703125,21012.255859375,0.90821904
777,-123.58509937168994,52.10115616713898,1,171.4601287841797,4.472938060760498,867.7783203125,6.454074382781982,-0.0076285623945295,-0.0038513489998877,0.4270561933517456,11.0,11.35679531097412,344.840087890625,2.038721799850464,0.0038385693915188,27.288354873657227,-1.008243441581726,28.1074333190918,460.9858093261719,4335.45556640625,308.87310791015625,0.9539259
778,-121.8624960893018,51.82595646674741,1,23.650938034057617,1.253602385520935,1035.2000732421875,10.039280891418455,-0.0035794719588011,0.0024722979869693,0.6711846590042114,11.0,10.142114639282228,407.1583557128906,2.4048120975494385,0.0041642603464424,31.941001892089844,-0.8366080522537231,42.08811950683594,5972.2822265625,4165.064453125,6077.306640625,0.96396184
779,-122.08754784396623,51.21997261727421,1,313.3184509277344,13.631714820861816,791.0518188476562,4.994358539581299,0.0296474751085042,0.0516970790922641,0.5647692680358887,2.0,11.500738143920898,351.58709716796875,2.3717751502990723,0.0040355608798563,27.780746459960938,-0.9563734531402588,28.597864151000977,352.52117919921875,4178.53369140625,674.3591918945312,0.6014245
780,-122.5300835359441,51.91405678990323,1,84.65605926513672,4.991151332855225,1004.5906982421876,6.848291873931885,-0.0079593071714043,0.0108291935175657,0.5695939064025879,11.0,10.810890197753906,349.7273864746094,2.3024725914001465,0.0038719628937542,27.76559066772461,-0.9385915398597716,33.07203674316406,524.9749755859375,4186.2314453125,379.2594909667969,0.9029576
781,-122.47674644704789,52.0067387005472,1,141.71791076660156,0.4136897325515747,984.4021606445312,9.270822525024414,0.0002258115418953,-0.0005386379198171,0.4066064357757568,11.0,10.556272506713867,359.7972717285156,2.3122997283935547,0.0039439843967556,28.616268157958984,-0.8586111068725586,37.11732864379883,523.14208984375,1003.5938720703124,196.7230224609375,0.96613467
782,-115.85323258902775,50.93190653740909,1,199.65626525878903,22.41932678222656,1806.9552001953125,6.541947364807129,0.0174872633069753,-0.0128750978037714,0.3864636421203613,11.0,5.848839282989502,644.6693115234375,3.263274669647217,0.003398876171559,28.96101951599121,-1.0478124618530271,26.399259567260746,8008.36328125,3191.5908203125,7967.8916015625,0.97352827
783,-115.4505145786728,49.70067480194983,1,178.82603454589844,20.78546714782715,1986.301025390625,6.067602157592773,0.0083969114348292,-0.0348144546151161,0.5679032206535339,11.0,7.005183219909668,739.5763549804688,3.745999574661255,0.0036738335620611,31.74449348449707,-0.9095692038536072,51.13021087646485,1968.82861328125,4999.212890625,2127.540771484375,0.98727036
784,-115.6755971421388,50.17297250503385,1,230.08059692382807,10.868003845214844,1178.5579833984375,6.214097023010254,-0.0071112671867012,0.0283150188624858,0.4584207832813263,11.0,10.014480590820312,505.1717529296875,2.749772787094116,0.0039723147638142,31.70021247863769,-1.117702841758728,29.54816055297852,561.2689208984375,4541.0595703125,587.647216796875,0.95929873
785,-115.15364734272728,50.17892346846774,1,,,2005.5208740234373,5.474632263183594,,,0.3737377524375915,11.0,6.196030616760254,669.7373046875,3.9884285926818848,0.0035311707761138,30.72937393188477,-0.8572517037391663,36.4508171081543,1205.9874267578125,5504.01220703125,1053.2408447265625,0.9704056
786,-115.62329774001512,50.555006835255526,1,201.1143493652344,23.321733474731445,1830.59912109375,7.077966690063477,-0.025351395830512,-0.014367813244462,0.4300642311573028,2.0,7.652422904968262,590.7494506835938,3.18447494506836,0.0036470249760895,30.05757141113281,-1.003381371498108,26.15210723876953,2598.260498046875,2498.60302734375,2729.336669921875,0.9229412
787,-115.42063039814668,50.17504003403789,1,226.66510009765625,22.72879219055176,1769.401123046875,5.304813385009766,-0.0240276660770177,0.0723221525549888,0.4926111698150635,11.0,7.698647975921631,610.2059326171875,3.447810411453247,0.0036449956241995,30.62484359741211,-0.9001616835594177,31.2406063079834,1402.9310302734375,1626.4775390625,1257.53857421875,0.989593
788,-115.08118330724338,50.11090736669589,1,227.4979553222656,23.26791381835937,1978.2943115234373,5.104728698730469,0.0291173942387104,0.0314414128661155,0.2179316878318786,11.0,6.425756454467773,666.4578247070312,3.961528778076172,0.0035571549087762,31.028884887695312,-0.8379119038581848,38.52647399902344,1588.51220703125,3606.854248046875,1633.199951171875,0.9437008
789,-116.9166636221859,51.01202261679664,1,116.69119262695312,24.42116928100586,1777.276611328125,5.297520637512207,0.0393143408000469,-0.001799623016268,0.429294228553772,11.0,5.925105571746826,1024.2196044921875,2.5445897579193115,0.0035088649019598,30.936298370361328,-1.308204174041748,32.652130126953125,1094.442626953125,1330.820556640625,1184.998291015625,0.981028
790,-121.5607835626659,50.26964003420668,1,175.34600830078125,13.287693977355955,504.7766418457031,5.146903038024902,0.0255928244441747,-0.0178036019206047,0.3551210165023803,11.0,13.432110786437988,444.8963012695313,2.229555130004883,0.004384942818433,29.894405364990234,-1.0685416460037231,60.37926483154297,570.553955078125,1414.8153076171875,422.9362182617188,0.86932516
791,-121.28234880503332,50.57357228380118,1,262.05194091796875,10.96296501159668,593.9854125976562,7.546359062194824,0.0251328311860561,-0.0360663756728172,0.5578575730323792,11.0,12.621367454528809,297.3901672363281,2.331129550933838,0.004030954092741,23.573740005493164,-1.6224223375320437,23.62067604064941,386.77001953125,1352.1767578125,243.19163513183597,0.97919434
792,-123.5565496187284,50.33398990559873,1,272.7849426269531,26.48042297363281,1107.5343017578125,4.729805946350098,-0.0347626842558383,0.0284344982355833,0.5392959117889404,11.0,9.249083518981934,1284.3470458984375,2.085719347000122,0.0041100694797933,33.627079010009766,-1.101441502571106,62.90950393676758,3672.48486328125,1616.1644287109375,3619.530029296875,0.9894103
793,-123.55573322155848,50.377523308056425,1,291.0467529296875,15.047856330871582,738.2073974609375,5.781888484954834,0.0123348124325275,-0.0007126525160856,0.6176271438598633,11.0,8.826497077941895,1184.520263671875,2.031403064727783,0.0039996420964598,32.42774200439453,-1.139305591583252,60.889644622802734,8480.6552734375,906.2874145507812,8645.53125,0.95908576
794,-123.3676152878414,50.678655538873,1,206.01646423339844,18.74196052551269,1189.9102783203125,5.075052261352539,0.0595097653567791,0.014026366174221,0.693276584148407,11.0,7.241643905639648,890.6815795898438,2.0749757289886475,0.0037876842543482,29.0621337890625,-1.0504167079925537,49.45488739013672,5507.857421875,5677.02490234375,5398.36181640625,0.9764034
795,-121.88943492364552,49.91545678009622,1,274.8158569335937,26.266748428344727,1241.7220458984375,4.856186866760254,-0.0113686732947826,0.0287866108119487,0.3776423633098602,11.0,9.791130065917969,1004.2561645507812,2.172914505004883,0.0042975409887731,34.82075500488281,-0.8371056318283081,86.46624755859375,3358.96337890625,3541.38232421875,3195.541015625,0.55899704
796,-121.95964823947986,49.94432257527768,1,199.68927001953125,23.54526710510254,809.5518188476562,5.612918376922607,0.0381475090980529,-0.0133505444973707,0.4078387022018432,2.0,9.427346229553224,1045.837646484375,2.1831424236297607,0.0042038136161863,34.33488464355469,-0.7820485830307007,80.39268493652344,1535.5751953125,1025.2427978515625,1678.1796875,0.25734642
797,-121.81134801283171,49.57554057082507,1,261.7357482910156,29.45071220397949,427.0057678222656,5.6253275871276855,0.0266793612390756,0.0345505625009536,0.8320204615592957,2.0,13.399030685424805,1537.83154296875,2.417721748352051,0.0053512025624513,47.831146240234375,-0.9601041674613952,119.16731262207033,640.7575073242188,646.3923950195312,780.2218017578125,0.7382634
798,-121.06269833922173,49.75935566573576,1,98.30492401123048,10.616950988769531,1614.654052734375,7.712530612945557,-0.0390611514449119,0.0335714519023895,0.4527977108955383,11.0,8.326958656311035,686.626953125,2.24721360206604,0.004254593513906,33.527809143066406,-1.1460371017456057,99.0495376586914,2953.93212890625,3832.3798828125,2971.568603515625,0.92991346
799,-120.4226987996847,49.64545643668093,1,176.8131561279297,4.273806095123291,1415.2906494140625,6.625001907348633,-0.0098486430943012,0.0131481550633907,0.6586092710494995,11.0,9.906517028808594,460.1337585449219,2.3868167400360107,0.0041714734397828,31.944265365600582,-1.180248498916626,59.47187423706055,3563.630859375,6478.34619140625,3469.50927734375,0.972009
800,-119.7444836169638,49.808439522035165,1,120.08170318603516,11.557084083557127,713.5057983398438,6.268316268920898,0.0375227108597755,0.0126429898664355,0.5707410573959351,7.0,13.01360034942627,352.75262451171875,2.340687990188598,0.0044737830758094,27.859769821166992,-1.400507926940918,41.46002960205078,724.354736328125,3053.661865234375,356.1156616210937,0.9014388
801,-119.8209301238139,49.41892069168956,1,155.55545043945312,11.908019065856934,1017.7459106445312,6.053759574890137,0.0212679430842399,-0.0501365922391414,0.4892627596855163,2.0,9.834938049316406,442.6944580078125,2.641146659851074,0.0039583425968885,32.11735153198242,-1.5324974060058594,55.1568489074707,224.9186553955078,6369.986328125,509.83831787109375,0.7483586
802,-119.6554181143208,49.85748893461499,1,158.39019775390625,8.640260696411133,652.8457641601562,6.731473445892334,-0.0053012701682746,0.0116467326879501,0.5454249382019043,2.0,12.42973518371582,380.67041015625,2.330857038497925,0.0045551122166216,28.35942268371582,-1.3669791221618652,42.33749771118164,218.0518035888672,3057.625244140625,81.29176330566406,0.8894541
803,-124.98473402688768,49.25872188886043,1,51.17332458496094,3.447856903076172,161.5361328125,7.858270168304443,-0.0640377849340438,0.0210525728762149,0.7053878903388977,2.0,13.380331039428713,2096.259765625,3.026167631149292,0.0060141440480947,45.4710578918457,-1.5183404684066772,139.489013671875,917.9853515625,337.0939025878906,1178.8155517578125,0.22917408
804,-124.23863235143574,48.62817154986626,1,159.7371368408203,11.281291007995604,148.53175354003906,7.435473918914795,0.01808937266469,0.0300926323980093,0.5450036525726318,11.0,12.72057056427002,2614.96923828125,3.092202663421631,0.0057784686796367,46.99024200439453,-1.290382981300354,171.7747344970703,306.0634765625,552.2695922851562,158.9679718017578,0.5017493
805,-118.90101569242644,49.53830560503304,1,156.10475158691406,5.477306365966797,1184.7864990234375,7.70296049118042,-0.0007040040218271,-0.0021231551654636,0.6176267266273499,2.0,10.089746475219728,597.5274658203125,2.5229480266571045,0.0044265673495829,34.42364883422852,-1.2261778116226196,58.468597412109375,542.0617065429688,2344.3759765625,724.6383056640625,0.7771733
806,-121.8727340958904,49.4618053650051,1,72.41167449951172,13.336100578308104,234.39212036132807,6.644416332244873,0.0018294705078005,0.0051723052747547,0.7292746305465698,2.0,13.043745994567873,1641.296875,2.5469839572906494,0.0054470701143145,48.1282844543457,-0.9982911348342896,123.20958709716795,452.5443420410156,1167.5118408203125,498.2405700683594,0.37577295
807,-123.81503232660351,49.521122234761,1,,,,,,,,11.0,,,,,,,,,,,0.51165277
808,-127.86542253544864,59.51770529824002,1,137.17701721191406,1.688349962234497,701.1922607421875,6.660469055175781,0.0090717785060405,-0.0072774272412061,0.5702527761459351,2.0,5.379748344421387,485.787841796875,1.4805455207824707,0.0033933084923774,31.52182006835937,0.2985524535179138,64.41254425048828,34823.94921875,2841.223876953125,34979.796875,0.72347593
809,-129.34860772023598,59.80143846935082,1,106.33045959472656,1.479202151298523,915.656494140625,8.312817573547363,0.0008593235397711,0.0056602717377245,0.4363453388214111,11.0,4.963697910308838,536.4627685546875,1.712416172027588,0.0031442064791917,31.02188491821289,0.4375,80.66096496582031,4798.22216796875,1130.468505859375,4720.2197265625,0.82654893
810,-127.43528724759275,59.98007195756748,1,320.4698791503906,4.566652297973633,780.150146484375,6.858575820922852,0.0051665320061147,0.0256787296384573,0.4320665597915649,2.0,4.299243927001953,497.3809814453125,1.5003628730773926,0.0033393641933798,30.762042999267575,0.2816666662693023,48.20078659057617,3927.534912109375,1417.611328125,3901.208984375,0.41737378
811,-128.63575377878252,59.571088375923416,1,86.502685546875,1.9612350463867188,1005.86279296875,7.728486061096191,0.0055625052191317,-0.0022073553409427,0.6138535737991333,11.0,5.002526760101318,523.5972900390625,1.6784065961837769,0.003204678883776,31.303449630737305,0.3872634172439575,78.42005920410156,26616.416015625,6898.6240234375,26674.138671875,0.9014343
812,-127.65627024381692,59.41785522526595,1,217.90660095214844,10.830914497375488,665.5653076171875,8.854437828063965,0.0009184672380797,0.0110384356230497,0.5552998781204224,11.0,5.829677581787109,479.3477478027344,1.4468656778335571,0.0034161841031163,31.270307540893555,0.2960238456726074,57.7528076171875,38912.7890625,421.0315246582031,38830.3984375,0.7756242
813,-128.66995775501076,59.85595447183008,1,278.7835998535156,2.2572426795959477,652.0369262695312,6.680209636688232,0.0125228920951485,-0.0098267737776041,0.5552400946617126,2.0,5.069955348968506,458.9439697265625,1.5201362371444702,0.0032883156090974,31.082338333129883,0.2493302524089813,66.57093048095703,11671.939453125,335.0428466796875,11730.255859375,0.50037724
814,-129.13002531305585,59.515004300108,1,277.061279296875,6.111385822296143,848.2548828125,8.144081115722656,-0.0149632114917039,-0.0012975098798051,0.5962560772895813,11.0,5.871575355529785,493.4346618652344,1.5945242643356323,0.0033905224408954,31.460899353027344,0.3131099343299866,68.6823959350586,6961.3330078125,2374.588623046875,6925.43896484375,0.8379785
815,-131.93588727441673,59.12988788260779,1,49.06423568725586,4.808294296264648,1016.5970458984376,7.419565677642822,-0.0002838901418726,0.0030128885991871,0.6267645359039307,11.0,5.189445018768311,587.5398559570312,2.145128965377808,0.0034476604778319,30.51669692993164,0.2807986140251159,69.33837127685547,89230.3046875,3747.84814453125,89358.140625,0.8941571
816,-125.2800186396902,59.56360418047185,1,247.6736297607422,7.475890159606934,715.9586791992188,7.131817817687988,0.0229156501591205,-0.0024195767473429,0.6867024898529053,2.0,5.453362941741943,538.96728515625,1.556790828704834,0.0032772328704595,32.55132293701172,0.2075981646776199,41.863040924072266,44144.00390625,1178.342529296875,44297.30859375,0.35725182
817,-125.6094710720757,59.35110642771832,1,166.48973083496094,5.506882190704346,426.15325927734375,11.791600227355955,0.0248876307159662,-0.0391984954476356,0.6424012780189514,1.0,5.471371173858643,487.4600830078125,1.3977349996566772,0.0034760239068418,31.15152931213379,0.0546455234289169,32.06190490722656,19358.015625,913.8829345703124,19350.05078125,0.26766416
818,-121.34090065587712,59.853605663070816,1,248.9408416748047,0.159177616238594,491.8618469238281,10.153836250305176,0.0009120625327341,-0.000478967471281,0.5567727088928223,11.0,4.564833641052246,451.7591552734375,2.3003571033477783,0.0035073198378086,33.84889602661133,0.2784092426300049,61.20747375488281,36019.859375,5143.10595703125,35963.703125,0.95883
819,-121.16733928826348,59.43189088552218,1,346.0180358886719,0.831246554851532,605.0860595703125,8.382776260375977,-0.0001784749038051,0.0010218559764325,0.6108154654502869,2.0,5.034373760223389,460.0398864746094,2.457685708999634,0.003557531395927,34.40345001220703,0.0508165210485458,58.068138122558594,14585.904296875,9733.1318359375,14748.6826171875,0.6571584
820,-121.0830725329226,59.35527269256623,1,172.28048706054688,0.4620950520038605,616.0073852539062,8.995991706848145,0.0003635559987742,-0.0008500111871398,0.6809595823287964,2.0,4.801476955413818,460.604736328125,2.506838321685791,0.0035531057510524,34.24041748046875,0.0806257650256156,57.75984573364258,17619.8515625,12235.9736328125,17719.203125,0.7264039
821,-123.822652972438,59.553905793779535,1,165.94180297851562,0.4811458587646484,345.8069152832031,9.57987117767334,-0.0006246680859476,0.0025844764895737,0.6390892267227173,2.0,4.974438667297363,508.3703308105469,1.558326244354248,0.0036445064470171,35.510066986083984,-0.3241550922393799,81.48294067382812,34949.375,6967.06298828125,34854.3671875,0.7013437
822,-120.70051873702644,58.94450623591589,1,184.5821533203125,0.8359083533287048,615.7966918945312,7.461180210113525,0.0001920242211781,-0.0008519045077264,0.732440710067749,11.0,5.392126560211182,446.5201110839844,2.704784154891968,0.0035742938052862,33.64753341674805,-0.0765780210494995,36.21858215332031,17049.650390625,3639.28515625,17007.98828125,0.93615407
823,-121.84701898949196,59.008339373658615,1,255.25634765625,0.4380945563316345,513.8512573242188,9.894923210144045,0.0020640082657337,-0.0017588000046089,0.6937949061393738,2.0,5.487571716308594,475.2944030761719,2.239102363586426,0.0036180003080517,35.562339782714844,-0.1245700716972351,61.55430603027344,25393.82421875,873.0963134765625,25448.689453125,0.75610137
824,-122.9825695965268,59.70407262667176,1,55.35179901123047,1.469594955444336,551.7158813476562,6.476388454437256,-0.0024989210069179,0.0020226489286869,0.6572045683860779,11.0,4.954472064971924,506.1470642089844,1.8310198783874512,0.0036030183546245,34.9033203125,-0.0141515815630555,80.9812240600586,5110.54345703125,8419.568359375,5084.10009765625,0.9119707
825,-126.6922733112918,59.632188367439134,1,162.09829711914062,1.1999849081039429,590.3224487304688,7.748479843139648,0.0203408394008874,-0.0021718190982937,0.569732666015625,11.0,5.305950164794922,485.462890625,1.3998875617980957,0.0034033374395221,29.70194435119629,0.3557638823986053,34.916282653808594,3749.786865234375,273.04180908203125,3827.9580078125,0.9189988
826,-121.4204522595242,59.62838975306133,1,155.98037719726562,0.1853589415550232,447.4047546386719,12.351550102233888,-0.0005501179257407,0.0005993102677166,0.3777109682559967,11.0,5.003808975219727,451.6339416503906,2.276327848434448,0.0035823539365082,34.11703109741211,0.0342852957546711,59.006797790527344,21071.705078125,1123.264404296875,21126.341796875,0.9650428
827,-120.8206215698998,59.6903557367144,1,162.3493194580078,0.1922855079174041,459.1708679199219,9.2764310836792,-0.0006343722343444,0.0007041456410661,0.5765032768249512,11.0,4.787588119506836,434.5566711425781,2.4387826919555664,0.0035448940470814,33.37916564941406,0.108114942908287,51.54955673217773,17623.125,4360.404296875,17790.654296875,0.9654969
828,-121.00458924933132,59.77343981383392,1,188.18356323242188,0.3714557886123657,478.5943298339844,10.096308708190918,-7.529806316597387e-05,-0.0007886420353315,0.5858030319213867,11.0,4.659434795379639,439.875244140625,2.405442953109741,0.0035134435165673,33.511436462402344,0.1378147006034851,53.957767486572266,23779.05078125,6368.4052734375,23654.326171875,0.9614736
829,-120.02212126378852,59.63512285117544,1,,,,,,,,11.0,,,,0.0035035968758165,,,,,,,0.68717563
830,-120.33958811451062,59.766855807860345,1,195.4195251464844,0.1420081257820129,487.333740234375,9.023608207702637,6.15141325397417e-05,0.0001924014795804,0.5888797044754028,2.0,4.507608890533447,423.2859191894531,2.5682177543640137,0.0035091750323772,32.95704650878906,0.1335730403661728,50.04970932006836,39848.9609375,3802.614990234375,39744.49609375,0.7756834
831,-120.41176899328686,59.53372299134777,1,176.8716583251953,0.1576446592807769,473.4136657714844,9.936779975891112,-0.0003363771538715,-0.0004555839695967,0.6859833002090454,11.0,4.924448490142822,424.4453430175781,2.5835649967193604,0.00355771696195,33.0306510925293,-0.0907724723219871,46.285552978515625,24238.57421875,4595.4150390625,24273.072265625,0.9615024
832,-122.2565196370026,59.99490603492938,1,,,,,-0.0024026613682508,0.0042132656089961,0.6112319827079773,11.0,4.618815898895264,461.79205322265625,1.924513578414917,,33.676570892333984,0.1496401727199554,55.71480941772461,,,36605.2265625,0.82202095
833,-121.50933379570633,57.96067271036832,1,336.306640625,0.4308784604072571,523.862548828125,13.022497177124023,0.0025871393736451,-0.0006564149516634,0.5949374437332153,11.0,6.844944953918457,455.9875793457031,2.499335289001465,0.0038371209520846,35.25297164916992,0.2746118307113647,53.43685531616211,68369.53125,1182.46484375,38731.24609375,0.8339332
834,-122.46834891415388,58.065004569210224,1,87.04401397705078,2.095678329467773,740.6903686523438,8.383933067321777,0.0082989856600761,-0.0094778155907988,0.7174370884895325,11.0,7.020086765289307,552.5547485351562,2.316103935241699,0.0037345963064581,37.59792709350586,0.0159027781337499,74.92125701904297,13651.423828125,7587.39453125,13654.986328125,0.82382244
835,-124.29685622077136,58.960039126350445,1,260.146240234375,2.2749011516571045,656.4247436523438,6.420933723449707,-0.0021898185368627,0.0037932859268039,0.5265817642211914,2.0,5.031367301940918,590.8453979492188,1.6635375022888184,0.0035328604280948,35.59415817260742,0.0162664018571376,68.55675506591797,33073.625,1356.280029296875,32975.234375,0.63273257
836,-124.446652161557,59.67755690666257,1,103.3350067138672,0.8919227719306946,420.0019226074219,9.124841690063477,-0.000918865960557,-0.000130785323563,0.6198097467422485,11.0,5.26650333404541,518.072265625,1.501106023788452,0.0036181574687361,34.49626159667969,-0.0804513916373252,63.15695190429688,72594.4453125,4614.7763671875,72483.5625,0.9479411
837,-124.27301992127222,59.85617233064352,1,282.15069580078125,5.195784568786621,398.3236083984375,6.566017150878906,-0.0170566830784082,-0.0001281236181966,0.6932607293128967,2.0,4.9173197746276855,503.27197265625,1.5089340209960938,0.0035509683657437,34.20560836791992,-0.0825363099575042,64.20221710205078,64327.63671875,1067.4991455078125,64292.6328125,0.43128726
838,-122.8420184087643,57.492822606395954,1,97.74675750732422,4.830633640289307,1097.6513671875,6.792567729949951,0.0011042698752135,-0.0075617316178977,0.6152563691139221,11.0,6.094017028808594,614.0415649414062,2.384155035018921,0.0034104315564036,36.54586791992188,0.0792013853788375,55.858985900878906,4764.68603515625,5626.3837890625,4762.06689453125,0.80070645
839,-120.95473774905518,57.910574380456985,1,81.66747283935547,0.273089200258255,526.586669921875,10.596880912780762,0.0016478050965815,8.041300316108391e-05,0.6749734282493591,11.0,6.832679271697998,442.2461242675781,2.738971710205078,0.0038429605774581,34.64787292480469,0.3161243498325348,50.98120880126953,82898.703125,2960.00048828125,23294.189453125,0.6908749
840,-123.66016901545912,58.41693911269369,1,150.14697265625,4.816736698150635,691.1784057617188,7.462788581848144,-0.007565526291728,-0.0007924953242763,0.6583259105682373,2.0,5.95406436920166,582.1961669921875,1.8293232917785645,0.0035989908501505,36.787574768066406,-0.1459843814373016,67.71881866455078,28913.611328125,1037.685302734375,29071.279296875,0.69014245
841,-123.5451857286397,58.45533912359048,1,236.2859039306641,7.943697929382324,805.9949340820312,6.601143836975098,0.0006354105425998,0.0174375642091035,0.6091254353523254,11.0,6.303723812103272,596.926513671875,1.9215996265411377,0.0036004979629069,36.76239013671875,-0.1411395967006683,76.32584381103516,26326.162109375,6837.65283203125,26476.3984375,0.88120073
842,-123.71720234576102,58.45913910037671,1,183.1583251953125,5.878499507904053,589.7410888671875,6.8815789222717285,0.0469975695013999,-0.0123045453801751,0.6909632682800293,2.0,6.14470100402832,586.745849609375,1.8172639608383176,0.0036065503954887,36.72498321533203,-0.1220138892531395,67.56632232666016,23891.876953125,498.17193603515625,23741.443359375,0.63201374
843,-124.06125310148428,59.69973906617997,1,118.54076385498048,1.0305488109588623,364.6013488769531,7.326488971710205,-0.0051581696607172,0.0031079445034265,0.6685914397239685,2.0,5.159608364105225,509.3355407714844,1.53037691116333,0.0035960976965725,34.97403717041016,-0.1631786674261093,76.35868835449219,53181.13671875,6595.42724609375,53171.7421875,0.6771628
844,-132.44988041108036,59.26228780196983,1,190.03952026367188,3.869319200515747,864.5908203125,7.991070747375488,0.0011235873680561,0.0021889288909733,0.6066370606422424,11.0,5.154958248138428,611.3593139648438,2.2071919441223145,0.0032970320899039,31.167259216308597,0.398310124874115,91.73045349121094,64942.7578125,1354.42578125,65132.39453125,0.9138128
845,-132.0044608765972,58.93855356929004,1,121.44213104248048,5.001528739929199,775.0530395507812,7.191239356994629,0.0101170502603054,0.0032747769728302,0.7211257219314575,2.0,5.650502681732178,629.5220336914062,2.050384044647217,0.0033282111398875,30.816320419311523,0.4952066242694855,69.98043060302734,102571.453125,1224.6937255859375,102576.1875,0.5869715
846,-134.37150442239084,59.43007080036238,1,,,,,,,-0.0064083440229296,11.0,4.314752101898193,732.6387939453125,2.984569549560547,0.0033403174020349,28.050691604614254,-0.5340133309364319,121.44485473632812,40985.90625,493.825439453125,40966.81640625,0.07539842
847,-120.02530246318229,59.078089340295534,1,253.028076171875,0.177304595708847,404.7686462402344,8.207582473754883,0.0005887888837605,0.0003777640813495,0.59974205493927,2.0,5.357457637786865,418.6605529785156,2.7259678840637207,0.0036430123727768,33.05281066894531,-0.0724577158689498,48.26985168457031,42814.36328125,6748.39013671875,42871.47265625,0.77751285
848,-122.36460499218391,59.18448850499888,1,217.94630432128903,0.2029581815004348,431.335693359375,11.703880310058594,0.00044136273209,-0.0005822526873089,0.7067661881446838,2.0,5.391244411468506,485.75341796875,2.008312225341797,0.003641621209681,35.821659088134766,-0.1949230283498764,73.38739776611328,20695.478515625,1079.754150390625,20976.6015625,0.70359045
849,-120.00003394408772,59.23333984908648,1,,,,,,,,,,,,,,,,,,,0.17682678
850,-121.95749984117298,58.07967214739472,1,334.0154113769531,0.7718759775161743,597.1265869140625,8.56606674194336,-0.001364373601973,0.0005530510679818,0.6020153164863586,11.0,6.756213188171387,495.2420349121094,2.3628523349761963,0.0038387298118323,36.77217483520508,-0.0256212092936038,67.60367584228516,38986.65234375,1081.50927734375,26804.16796875,0.87223715
851,-123.12418740387402,58.74278839046256,1,238.3101043701172,1.2636404037475586,532.4788208007812,7.067643642425537,-0.0051434333436191,0.0016112059820443,0.6490881443023682,2.0,5.950124263763428,527.1851196289062,1.840895652770996,0.0038016536273062,37.39527893066406,-0.2617612183094024,92.2455062866211,15721.7294921875,3675.322265625,15818.099609375,0.6202856
852,-122.02693551539312,58.985056252953854,1,143.9248809814453,0.1091954484581947,484.8804016113281,9.23950481414795,-0.000727875623852,0.0002357902558287,0.6849240064620972,2.0,5.611812591552734,479.3246154785156,2.1555182933807373,0.0036363203544169,35.78341293334961,-0.1108092665672302,66.44242095947266,24340.85546875,5887.677734375,24406.876953125,0.8118999
853,-122.75416910083474,58.32450693324314,1,290.50567626953125,0.9469687938690186,538.1555786132812,7.224836826324463,0.0006492482498288,-0.0012187260435894,0.6556548476219177,2.0,6.387291431427002,525.929443359375,2.015298366546631,0.0038633733056485,37.57416534423828,-0.1175943836569786,81.60369110107422,3338.5439453125,7441.58544921875,3327.75634765625,0.54429615
854,-121.40861839541914,58.414171529331405,1,27.549448013305664,0.1900032460689544,472.4837036132813,6.753396034240723,0.0014109086478129,-0.0003953396517317,0.668566107749939,11.0,6.107159614562988,450.9133605957031,2.45181655883789,0.0037287042941898,35.16376495361328,0.128950610756874,59.69939804077149,32813.046875,4199.28857421875,23739.302734375,0.8972409
855,-120.42935159460713,58.20483956576362,1,349.81256103515625,0.1974441707134246,484.2853088378906,9.494340896606444,-0.0032451672013849,-0.0020364755764603,0.6424993872642517,2.0,6.43093204498291,433.9468078613281,2.862373113632202,0.0038155303336679,34.341583251953125,0.3851095139980316,51.88231658935547,42108.75390625,1788.9732666015625,33173.171875,0.29861215
856,-128.57803852130098,59.49182248391693,1,230.5997314453125,7.237426280975342,1020.708740234375,7.338272571563721,0.0145629271864891,0.0054186061024665,0.5272327065467834,2.0,4.919149875640869,536.77099609375,1.696935772895813,0.0031410213559865,31.2098445892334,0.3613888919353485,79.26522827148438,33598.17578125,557.5475463867188,33667.54296875,0.5131923
857,-126.86906845676762,58.22305444131609,1,191.06175231933597,7.748950004577637,1113.044677734375,6.623687744140625,0.0521609000861644,-0.0177560672163963,0.5079094767570496,2.0,4.855781555175781,578.2809448242188,1.732264280319214,0.0031595909968018,30.142356872558597,0.3214883208274841,30.23796844482422,92263.046875,528.002197265625,92341.4140625,0.7956713
858,-127.71668695974162,58.7333387154984,1,155.87863159179688,15.692709922790527,1193.59130859375,5.242309093475342,0.0302887428551912,-0.0361335687339305,0.5215927958488464,11.0,5.349826335906982,556.0430908203125,1.6638342142105105,0.0032137199304997,31.26367950439453,0.3544421195983886,50.45751953125,106539.0390625,3513.81396484375,101833.9609375,0.8776789
859,-130.0460870107788,58.91127157110618,1,137.77952575683594,7.467586994171143,842.89404296875,6.354714870452881,0.0404618009924888,-0.0199613813310861,0.6589727997779846,2.0,4.878688812255859,592.3444213867188,1.8561190366744995,0.0032073745969682,29.80608367919922,0.7016255259513855,45.51994705200195,1453.910400390625,1208.13134765625,1507.208251953125,0.2842066
860,-128.65125370602186,59.44517177967838,1,110.5876235961914,2.284672260284424,1035.1546630859375,10.028765678405762,-0.0008116759127005,-0.0046153850853443,0.6111419200897217,11.0,4.886117935180664,536.353271484375,1.7243140935897827,0.0030710112769156,30.880046844482425,0.4268074333667755,77.5559310913086,27655.23828125,2701.675048828125,27702.494140625,0.80769414
861,-129.49532054913016,59.48837164820978,1,218.8809509277344,6.368405818939209,1077.828125,7.157322883605957,0.0313466228544712,-0.0087502691894769,0.5736766457557678,2.0,3.879993915557861,628.166748046875,1.939892292022705,0.0031581060029566,30.116146087646484,0.593971848487854,74.35270690917969,14139.2333984375,6317.419921875,14096.943359375,0.40787157
862,-126.12535220861506,57.37650544428558,1,204.2138519287109,11.829049110412598,1326.6011962890625,8.263867378234863,0.0239210519939661,0.0005205553025007,0.5737948417663574,11.0,5.515057563781738,563.20068359375,1.7801867723464966,0.0032608418259769,30.05108642578125,0.2206162214279174,27.063011169433597,29536.125,2131.84521484375,29521.892578125,0.68114686
863,-127.38298652001411,58.93495526496421,1,47.84141159057617,2.241096973419189,680.358154296875,7.81974458694458,-0.0019628803711384,0.0028694062493741,0.5022901296615601,11.0,6.135223388671875,494.8587951660156,1.440361499786377,0.0034815636463463,30.894847869873047,0.4310517609119415,44.69881439208984,79455.125,1683.3907470703125,79320.421875,0.9024782
864,-124.9953045639428,58.987787117969305,1,214.83319091796875,2.1661596298217773,657.612548828125,6.145213603973389,0.0340516977012157,-0.007909445092082,0.6346369981765747,2.0,5.821928977966309,560.6270751953125,1.5871973037719729,0.0033179048914462,33.967491149902344,0.080286718904972,47.95358276367188,15843.271484375,304.0332336425781,15682.927734375,0.66205335
865,-123.79038548775252,57.903072477193,1,219.4426422119141,11.039361000061035,1079.9964599609375,6.084787368774414,-0.0342743583023548,0.0058475420810282,0.6109612584114075,11.0,5.88676118850708,602.2952270507812,2.033896923065185,0.0033034337684512,34.73869323730469,0.1682532280683517,43.5484733581543,51997.66796875,1893.67626953125,52104.87109375,0.9022407
866,-132.92680891040223,58.82420403137733,1,204.94046020507807,22.51966667175293,481.1266174316406,6.052468776702881,0.0329746454954147,0.0415557511150836,0.5415555238723755,2.0,6.826043605804443,975.1145629882812,2.074438095092773,0.0035933023318648,33.392425537109375,0.5366959571838379,69.97860717773438,72433.1953125,563.1009521484375,72410.7578125,0.45061198
867,-133.17032392470892,58.78977259778312,1,230.56524658203125,18.73879814147949,551.754638671875,7.019283771514893,0.0026351867709308,-0.0112287765368819,0.578336238861084,11.0,7.485278129577637,1107.7381591796875,2.110368013381958,0.0035679889842867,34.10515213012695,0.4223467707633972,68.61927795410156,69780.125,1192.0693359375,69742.40625,0.8570308
868,-132.0230302820545,57.86892017709113,1,255.7308654785156,11.882132530212402,793.4375610351562,8.273784637451172,0.0502748526632785,0.0071306973695755,0.5640485286712646,11.0,4.743977546691895,1157.6048583984375,2.041242837905884,0.003115247702226,29.39457130432129,0.5120810866355896,42.5096435546875,35155.375,1237.7147216796875,37553.421875,0.064693555
869,-131.0148970201288,57.601872425687134,1,87.72492980957031,2.483579635620117,803.6956787109375,6.495927810668945,0.0080595286563038,-0.0095146326348185,0.6121479868888855,11.0,6.445327281951904,792.8717651367188,1.9661043882369995,0.0033625152427703,30.785669326782227,0.6823611259460449,68.73477935791016,34222.7734375,707.1068115234375,34118.3359375,0.8978931
870,-130.92130009445015,58.49268813841592,1,89.43932342529297,3.079747438430786,1068.8270263671875,8.100016593933105,0.0036313734017312,-0.0020168360788375,0.5928372740745544,2.0,5.232937335968018,558.4149780273438,2.044421672821045,0.0034378559794276,30.355121612548828,0.733534038066864,58.47492980957031,31127.2109375,4693.97119140625,30990.845703125,0.58262336
871,-131.25204931718886,57.90063948933351,1,152.20184326171875,4.3559184074401855,356.6981201171875,9.172951698303224,0.0388137102127075,-0.0151394559070467,0.5579574108123779,11.0,8.21575927734375,515.9597778320312,1.7948625087738037,0.0034006570931524,27.82319450378418,0.4116600453853607,51.18147277832031,855.24462890625,1405.904541015625,712.095703125,0.6577421
872,-130.62850313135593,57.91003808350364,1,36.90032196044922,7.675655364990234,914.8046875,6.281243324279785,-0.003665774827823,-0.0048189726658165,0.5075932145118713,11.0,7.127978801727295,551.5518798828125,1.900420904159546,0.0034593883901834,31.77148056030273,0.7473915815353394,66.74217987060547,21307.99609375,3108.610107421875,21133.166015625,0.79011506
873,-125.77656947564792,58.2016732002592,1,209.2419586181641,7.284725666046143,926.1104736328124,8.49377727508545,0.0074809631332755,0.0179841239005327,0.481681078672409,11.0,4.814785003662109,592.8193969726562,1.7308483123779297,0.0032045394182205,30.69830322265625,0.4509893655776977,20.648527145385746,64733.5,231.70970153808597,64571.9296875,0.95409507
874,-121.1905011583866,57.617823039323966,1,282.630615234375,0.6034178733825684,733.9976806640625,7.794935703277588,0.0008262359187938,-0.0003738065715879,0.6472617983818054,11.0,6.601168155670166,464.7710266113281,2.811619997024536,0.0037908547092229,35.223331451416016,0.2033818364143371,52.13663864135742,56583.30078125,2695.02294921875,24128.642578125,0.8948957
875,-120.15301789118338,57.90467319010734,1,262.5785217285156,0.6726255416870117,698.5965576171875,7.146103382110596,-0.0006089863018132,-0.0008327590185217,0.6435001492500305,2.0,6.038303852081299,460.9281311035156,3.143572330474853,0.0037633809261024,35.90571594238281,0.3163886964321136,63.6068115234375,47268.43359375,8093.6923828125,45669.0703125,0.6359419
876,-120.8050184021845,57.651007097682,1,217.1153564453125,1.2860602140426636,740.5408935546875,6.664982318878174,-0.0054023442789912,0.0057263202033936,0.6825255155563354,2.0,6.334852695465088,461.038818359375,2.959207534790039,0.0038289087824523,35.36200714111328,0.2233796417713165,52.652957916259766,71103.9375,4132.2294921875,7134.88720703125,0.56311655
877,-120.55118825712418,57.469156723541126,1,42.680572509765625,2.86841344833374,892.8090209960938,7.461703777313232,-0.0134893916547298,0.0077182906679809,0.7229886054992676,2.0,6.349730491638184,483.5530395507813,3.18229341506958,0.0037403162568807,35.978729248046875,0.2203379422426223,47.49047088623047,56880.25,9761.330078125,31844.08984375,0.5130737
878,-121.1231182682158,57.448706047425176,1,228.0146331787109,0.9233025908470154,866.6931762695312,9.68075180053711,0.0008201107848435,0.0020426188129931,0.6472436785697937,11.0,5.7871294021606445,478.1731872558594,2.9398562908172607,0.0037320640403777,35.15945816040039,0.1695865839719772,50.7607421875,41990.69921875,11668.4677734375,34263.22265625,0.7564538
879,-121.66288429746224,56.44513934697476,1,241.43402099609372,6.070085525512695,768.4841918945312,7.1080522537231445,-0.007711942307651,0.014603060670197,0.7116628885269165,11.0,7.576903820037842,516.4243774414062,2.671491861343384,0.0037586705293506,37.698768615722656,0.0323472283780574,39.73191833496094,6693.92822265625,1707.2457275390625,6830.796875,0.7203058
880,-121.75151805503036,57.16350605259816,1,29.355377197265625,0.7352830767631531,858.8060913085938,8.544953346252441,0.0027895341627299,0.002521727932617,0.5664032101631165,11.0,6.308495998382568,521.0371704101562,2.6825196743011475,0.0036799476947635,36.72183609008789,-0.0045993560925126,44.999881744384766,13768.5986328125,2287.718017578125,13757.0673828125,0.8797273
881,-121.61968469875976,57.10717276750751,1,161.142333984375,1.338518500328064,863.33642578125,8.043280601501465,-0.0001467067777412,-0.0010399472666904,0.6657567024230957,11.0,6.465938568115234,513.96630859375,2.745650053024292,0.0036892897915095,36.488372802734375,0.062193464487791,43.61386489868164,5678.94921875,8879.615234375,5631.7841796875,0.8932733
882,-123.866686760635,56.366655347326365,1,182.0035858154297,22.118358612060547,1178.9229736328125,6.232985496520996,0.0693128481507301,-0.0649857297539711,0.5577041506767273,11.0,5.614500522613525,636.53564453125,2.171293973922729,0.0035405503585934,32.497127532958984,0.2991957664489746,28.318023681640625,36245.76171875,3211.121337890625,36298.2890625,0.90214217
883,-121.3513507509172,55.97937277345476,1,133.8383026123047,0.5342063903808594,693.42822265625,8.006521224975586,-0.0006488190265372,-0.0004273593076504,0.7108503580093384,5.0,8.539424896240234,491.2012634277344,2.753896713256836,0.0038619099650532,37.14729309082031,0.2671527862548828,39.93739700317383,527.80615234375,5878.83203125,583.1480102539062,0.26183823
884,-120.6906673692922,56.09938947203255,1,155.9037628173828,4.244604110717773,658.2051391601562,8.051454544067383,-0.0193031169474124,0.006536039058119,0.662962019443512,2.0,8.18951416015625,482.6517333984375,2.968915700912476,0.0039296140894293,36.5466194152832,0.2458847910165786,35.2816047668457,1122.3394775390625,4195.6845703125,1229.3653564453125,0.26004323
885,-121.99930091817198,56.10305599524695,1,77.47926330566406,1.1156206130981443,696.4588012695312,6.951150894165039,-0.005738771520555,0.0029919606167823,0.6596787571907043,2.0,8.586397171020508,540.1309814453125,2.5091261863708496,0.0038544056005775,38.51758193969727,0.1062809973955154,44.56467056274414,1483.5386962890625,5050.52197265625,1417.278076171875,0.41442227
886,-121.96133659362812,56.05015779390602,1,112.59136199951172,0.6602116227149963,683.5700073242188,8.427671432495117,0.0004575062775984,0.0006964500644244,0.7069964408874512,2.0,8.856240272521973,525.6241455078125,2.491969585418701,0.00392512883991,38.2212028503418,0.1032941564917564,42.89521789550781,1025.2139892578125,3796.36279296875,940.4260864257812,0.24737398
887,-121.21763401074708,55.72637278727085,1,208.9903717041016,2.8251140117645264,591.9777221679688,8.297478675842285,0.0113271120935678,-0.052859827876091,0.5115755796432495,11.0,9.092529296875,481.5531005859375,2.731397151947021,0.003963585011661,36.43142318725586,0.2563194334506988,35.08683776855469,452.3146057128906,520.0709228515625,228.11351013183597,0.7633124
888,-127.80603502648762,55.56253847896971,1,214.80169677734372,3.906590223312378,610.9218139648438,7.225661754608154,-4.254481609677896e-05,-0.0036406291183084,0.7648947238922119,11.0,9.935843467712402,676.25244140625,1.896725296974182,0.004205834120512,34.339332580566406,-0.2210686057806015,59.00994491577149,3774.437255859375,3441.42626953125,3704.46923828125,0.59820974
889,-121.32686773825,54.75573944257175,1,200.66868591308597,12.545791625976562,1185.143798828125,5.560898780822754,0.004273616708815,0.0305328350514173,0.591091513633728,11.0,6.922481536865234,852.6901245117188,2.775634765625,0.0038078753277659,37.44570541381836,0.1203779205679893,49.60881042480469,14930.1220703125,1059.79345703125,15016.224609375,0.87327665
890,-120.32343410449946,54.09125744875036,1,,,1555.3560791015625,5.933204174041748,,,0.7431809902191162,2.0,4.781400203704834,896.2443237304688,2.825158834457397,0.0034513133578002,33.696929931640625,0.2605583965778351,40.009544372558594,35544.640625,671.7700805664062,8405.875,0.4748664
891,-120.71235049578122,55.668989449605945,1,145.39085388183594,1.7843823432922363,805.7555541992188,10.294111251831056,-0.0003455633413977,0.0008547820616513,0.7093668580055237,7.0,8.652094841003418,521.8235473632812,2.957529306411743,0.0038612182252109,37.7308235168457,0.2507653832435608,37.18297576904297,403.6542053222656,12250.65234375,527.9822387695312,0.3788074
892,-121.40460409247744,55.61313855499276,1,191.7355194091797,3.3857407569885254,788.06005859375,7.90861701965332,0.0035487974528223,-0.0014530485495924,0.6683514714241028,2.0,8.554738998413086,545.56787109375,2.740763902664185,0.0039529353380203,38.06005096435547,0.2359311878681183,44.318756103515625,1165.8475341796875,1546.77392578125,940.5139770507812,0.31528533
893,-124.5565505663806,54.16407229863936,1,184.5608673095703,1.3112293481826782,849.8250122070312,7.314763069152832,0.0061912327073514,-0.0031158602796494,0.531783938407898,11.0,9.205113410949709,526.8270874023438,1.9974627494812007,0.0039270566776394,35.77590560913086,-0.7919872403144836,63.82974624633789,3312.036865234375,2360.920654296875,3387.20849609375,0.94296384
894,-128.122734920706,55.203755132413,1,110.84902954101562,17.297422409057617,,,0.0674000009894371,0.0232838504016399,0.7161490321159363,11.0,8.311326026916504,886.4033813476562,2.202138662338257,0.004098461009562,33.37546920776367,-0.4826078414916992,63.32054138183594,4520.05859375,2891.473388671875,4554.1318359375,0.9490185
895,-127.9303346692166,54.67560515891588,1,,,853.2229614257812,5.6700286865234375,0.0122665297240018,-0.0133640663698315,0.591516375541687,2.0,7.158597469329834,1068.30517578125,2.350860118865967,0.0039479038678109,32.826805114746094,-0.7514235973358154,65.81439208984375,10963.2744140625,893.4598388671875,10833.013671875,0.3707419
896,-123.43341689388213,53.69085573200133,1,285.0880126953125,6.528753757476807,1120.8779296875,7.140595436096191,0.00354880746454,0.0148086203262209,0.5802881121635437,2.0,9.61392879486084,534.247802734375,2.184671401977539,0.0039863139390945,36.2131233215332,-0.4959374964237213,62.8194580078125,2906.4931640625,4933.01025390625,3073.126220703125,0.44991532
897,-127.45846757824948,53.038873090008295,1,156.94403076171875,28.46101188659668,824.0454711914062,5.615667343139648,-0.006987708620727,-0.0101424772292375,0.5029429793357849,11.0,7.977755069732666,2130.32177734375,2.6219494342803955,0.0042944122105836,35.934425354003906,-1.068695068359375,48.95984649658203,53785.03125,690.3387451171875,43417.796875,0.49185434
898,-125.11233699780654,53.50013901127942,1,38.17139434814453,5.358466148376465,1000.2750854492188,5.328702926635742,-0.0332967042922973,0.0257993508130311,0.4616602063179016,11.0,9.356825828552246,464.3208618164063,2.082475185394287,0.0041278558783233,32.19660186767578,-1.0445877313613892,44.35555267333984,3579.6416015625,745.913818359375,3531.8505859375,0.9139692
899,-124.79426774894954,54.04322226868976,1,144.9235382080078,2.707105875015259,744.139892578125,6.572875499725342,0.0005013773334212,0.0084378784522414,0.6752155423164368,2.0,9.708623886108398,517.3505249023438,1.953958868980408,0.0041056545451283,35.49394226074219,-0.7179373502731323,59.67311096191406,974.6137084960938,1105.319091796875,1043.5068359375,0.4560717
900,-126.72331447061993,53.582070803512366,1,142.39981079101562,0.6764805316925049,895.3048095703125,9.198773384094238,-0.0015852942597121,0.0030621630139648,0.7142143249511719,2.0,8.625962257385254,807.1800537109375,2.071175575256348,0.0041456804610788,32.72346115112305,-1.0375808477401731,74.86804962158203,18421.04296875,2323.8583984375,18582.720703125,0.38161698
901,-119.34059971169786,52.97622152918958,1,178.1881103515625,16.408613204956055,984.6474609375,6.090697765350342,0.0304517205804586,0.002393898088485,0.6570141315460205,2.0,8.456415176391602,750.8591918945312,1.9264732599258425,0.0036246676463633,32.39012908935547,-0.1895295530557632,23.280200958251957,785.734375,13.392394065856934,200.57485961914065,0.82781744
902,-117.57678188277374,51.0805727499187,1,266.6810913085937,18.571176528930664,1552.6705322265625,5.987227916717529,-0.0523012354969978,0.0088910143822431,0.4187184572219848,8.0,5.44852352142334,1473.0947265625,2.3937108516693115,0.0037908561062067,32.89352798461914,-1.0884768962860107,31.596534729003903,17400.349609375,1039.5958251953125,17248.30078125,0.7801161
903,-117.54474604032688,50.99512344797377,1,329.3381652832031,22.859758377075195,1767.3223876953125,4.991150856018066,0.0049492535181343,-0.0381709858775138,0.6835334897041321,2.0,7.041061878204346,1359.7529296875,2.2099106311798096,0.0037420256994664,34.01503372192383,-1.0792845487594604,30.586557388305664,21503.126953125,1681.041748046875,11936.625,0.9333567
904,-117.55421427944528,51.446623466184256,1,,,1649.0657958984375,4.235695838928223,-0.0229573938995599,0.0272115934640169,0.6516494154930115,11.0,5.879465579986572,1345.321533203125,2.2163188457489014,0.0036779218353331,33.41517639160156,-1.0328121185302734,33.040191650390625,5241.87109375,1289.08740234375,5219.787109375,0.9827983
905,-117.97533406272449,51.45484021676362,1,207.5367431640625,27.378826141357425,1717.5775146484375,5.479348182678223,-0.0020749510731548,0.0421285964548587,0.662436306476593,9.0,4.137862205505371,1486.357666015625,2.385748147964477,0.0036220420151948,31.76630401611328,-0.9867560863494872,33.04804611206055,27304.46875,3088.852783203125,27196.5,0.924204
906,-117.93296808521808,51.88240684700288,1,40.2343635559082,24.75884246826172,918.3505249023438,4.5681586265563965,0.0392160080373287,-0.0126283522695302,0.4162574708461761,2.0,8.352197647094727,950.7756958007812,1.7563016414642334,0.0038840328343212,32.780609130859375,-0.745520830154419,27.456398010253903,28210.072265625,855.1995239257812,28178.54296875,0.440847
907,-120.10607980395244,52.83052292613491,1,234.4778594970703,16.625219345092773,1531.0157470703125,6.300070762634277,0.0774619728326797,-0.0124410819262266,0.6102378368377686,2.0,3.840935468673706,1096.497802734375,2.5667312145233154,0.0033869065809994,30.88479232788086,-0.3775988817214966,32.911556243896484,28627.82421875,7614.31005859375,28343.275390625,0.10609584
908,-119.87371880773289,52.34308853257888,1,181.337646484375,12.170287132263184,1195.189697265625,7.716531276702881,0.0430688075721263,-0.0086773820221424,0.7369707226753235,2.0,7.1963067054748535,1047.117919921875,2.1536574363708496,0.0037874390836805,34.77627944946289,-0.3916209936141968,35.14053726196289,30824.37109375,783.6242065429688,30843.357421875,0.94324553
909,-123.60163337079786,52.97553898900421,1,235.9737091064453,1.5817753076553345,866.875,9.193997383117676,-0.0019046163652092,-0.0004519419162534,0.5809819102287292,11.0,10.737281799316406,424.28314208984375,2.104982376098633,0.0040191472508013,32.37046813964844,-0.7876054644584656,34.87187194824219,899.703125,1609.82958984375,1103.1136474609375,0.97341657
910,-124.70881694610532,53.263422256339794,1,74.39019775390625,1.0484731197357178,1029.0535888671875,10.64618968963623,-0.0008371532312594,-0.0038278624415397,0.6367911696434021,2.0,9.65725326538086,446.3488159179688,2.0994656085968018,0.0038789086975157,32.30724334716797,-1.0597569942474363,42.91801071166992,6249.712890625,2599.952392578125,6407.86865234375,0.9046217
911,-124.9045503278909,53.398172230613824,1,237.1693572998047,1.7865580320358276,909.3282470703124,7.294424533843994,0.0094800312072038,-0.0024764731060713,0.4798332750797272,1.0,9.824068069458008,450.7696228027344,2.0705785751342773,0.0040832008235156,32.12431716918945,-1.0276042222976685,43.48603057861328,12393.8623046875,5189.4990234375,12544.861328125,0.76535594
912,-124.5113847918034,53.490205589362894,1,170.42149353027344,2.455917358398437,1002.1724243164062,6.2490339279174805,0.0109511530026793,-0.0027512698434293,0.558005154132843,11.0,9.416136741638184,473.8865356445313,2.0955796241760254,0.0038740194868296,33.565879821777344,-0.8475325107574463,47.10331344604492,992.2548828125,3489.92431640625,1185.67041015625,0.96069705
913,-123.75318299188729,53.541089885463954,1,166.80032348632812,1.6640567779541016,827.7102661132812,7.576272964477539,-0.0083148460835218,0.005871292669326,0.5212142467498779,11.0,10.154088973999023,480.3819580078125,2.063042640686035,0.0039964625611901,34.7110595703125,-0.6959019303321838,50.051048278808594,2505.7373046875,6719.92578125,2422.56201171875,0.95458263
914,-123.82398336283008,53.12392226824869,1,194.57102966308597,2.613748073577881,1063.240234375,7.11811637878418,0.0013735584216192,-0.0042580589652061,0.5829235315322876,11.0,10.439970016479492,436.606689453125,2.109436511993408,0.0038884698878973,33.07185745239258,-0.7624948024749756,40.25886154174805,807.5462646484375,4757.0712890625,819.8765869140625,0.9651501
915,-122.81013307503925,52.78300578333161,1,122.96543884277344,6.890109062194824,1227.988037109375,6.357853889465332,-0.0155430072918534,0.0115028833970427,0.5486209988594055,11.0,9.988622665405272,487.4789123535156,2.3260140419006348,0.0040055681020021,35.6148681640625,-0.4918055534362793,51.98924255371094,3120.544677734375,13652.76953125,2970.095703125,0.90476215
916,-123.5254000195043,53.1731390102446,1,279.8375549316406,2.6602070331573486,851.9098510742188,8.545479774475098,0.0029268690850585,-0.0017508614109829,0.5385652780532837,11.0,10.664499282836914,456.2236633300781,2.098771095275879,0.0039755846373736,33.97519302368164,-0.5756973624229431,41.79055404663086,1928.971923828125,882.2329711914062,1329.8037109375,0.9853727
917,-123.89831676722352,53.10882235703588,1,53.9876594543457,6.174656867980957,1187.1512451171875,8.463874816894531,0.018720531836152,-0.0120541555806994,0.5377047657966614,11.0,9.962312698364258,443.5433044433594,2.1809890270233154,0.0038382383063435,33.247318267822266,-0.7560069561004639,43.33160781860352,4948.58349609375,5247.7783203125,4909.7587890625,0.9484571
918,-120.45594855183822,52.49087366820411,1,210.6576232910156,9.153393745422363,1359.4195556640625,5.105627059936523,0.0894747078418731,-0.03963278606534,0.6963139176368713,2.0,6.304567813873291,1060.355712890625,2.3995256423950195,0.0038939400110393,34.17213439941406,-0.3957664668560028,39.23948287963867,28327.96484375,6819.7412109375,28276.978515625,0.61973006
919,-121.10351644480346,52.402822783786256,1,108.3869400024414,6.7965407371521,972.4391479492188,6.629506587982178,0.0241936650127172,-0.0002372408780502,0.6309676766395569,11.0,10.511627197265623,730.4996337890625,2.2413973808288574,0.0044691050425171,37.90937042236328,-0.2671638429164886,40.8115463256836,3461.335205078125,1231.4990234375,3593.795166015625,0.68571883
920,-120.85318063215064,52.49657271896931,1,243.63818359375,14.785043716430664,1005.8131103515624,6.470816612243652,0.0080514894798398,0.0481020882725715,0.4487446546554565,2.0,10.302191734313965,796.396240234375,2.184849739074707,0.0043159634806215,37.79606246948242,-0.2794305384159088,37.28975677490234,10861.509765625,592.1240234375,10983.15625,0.42868122
921,-120.72001720526208,52.50100543233609,1,232.8400115966797,6.213171005249023,858.6578979492188,8.100595474243164,0.020807659253478,0.0073022940196096,0.3664399087429046,1.0,9.817769050598145,831.736083984375,2.177856683731079,0.0040148347616195,37.25543594360352,-0.2972729802131653,37.18188095092773,17386.9140625,495.5291137695313,17320.3359375,0.67508525
922,-120.63753581135931,52.54272295297846,1,215.0078582763672,17.436433792114258,1429.8212890625,4.714386463165283,-0.0113608138635754,0.0116071337834,0.7860660552978516,2.0,9.494525909423828,855.7300415039062,2.1684792041778564,0.0038808453828096,36.883419036865234,-0.2940319776535034,36.48567199707031,24169.48828125,2002.1859130859373,24375.390625,0.8851654
923,-120.66114885208556,52.662721950167786,1,,,1361.7886962890625,7.048892498016357,0.055196825414896,0.0146840764209628,0.5598316788673401,2.0,5.938878059387207,1089.70654296875,2.5419070720672607,0.0037796143442392,34.14496994018555,-0.3141201734542846,40.55360412597656,23561.2109375,7115.255859375,23727.478515625,0.550232
924,-120.68395285326092,52.03372412502822,1,126.2027587890625,6.708274841308594,1560.37353515625,7.067049026489258,-0.0285711754113435,0.0312631502747535,0.726893961429596,2.0,7.982409000396728,895.0892333984375,2.353412628173828,0.0041072419844567,37.43902587890625,-0.5188740491867065,51.88980865478516,4168.52880859375,5237.544921875,4243.28271484375,0.7056462
925,-120.66258296255396,52.06312392722228,1,181.3266448974609,13.132047653198242,1569.4755859375,5.7622389793396,-0.0013372475514188,0.0042331204749643,0.6988343000411987,2.0,7.739516735076904,923.85107421875,2.3647713661193848,0.0040784338489174,37.32450485229492,-0.5411054491996765,51.78290557861328,3812.137939453125,2181.03515625,3733.220458984375,0.9436115
926,-120.44501541631982,52.06759095524868,1,275.6872253417969,8.63546371459961,1829.133056640625,5.774497985839844,-0.0216267835348844,0.0428472682833671,0.5904074311256409,2.0,6.918813705444336,999.9959716796876,2.389631986618042,0.003878126386553,36.087520599365234,-0.5620949864387512,51.78683853149414,16266.3828125,6217.978515625,16342.5244140625,0.59056616
927,-120.69349728198522,52.14802382836592,1,206.2209930419922,12.306100845336914,1194.01416015625,6.390315055847168,0.030140409246087,0.0073342793621122,0.6998994946479797,2.0,8.028482437133789,906.87646484375,2.3391566276550293,0.004111882764846,37.29137420654297,-0.4696935415267944,48.93424224853516,1610.225830078125,1057.053955078125,1584.9923095703125,0.8053621
928,-125.20185020640312,52.92050548035261,1,34.74794387817383,2.388439655303955,1185.575439453125,6.57803201675415,-0.0050643407739698,-8.461702236672863e-05,0.4855543971061706,11.0,8.60383415222168,446.5855712890625,2.189284324645996,0.0038853238802403,30.321025848388672,-1.2967472076416016,43.89384841918945,18440.091796875,4966.2724609375,6322.92333984375,0.93335944
929,-124.51211673590753,52.75362216810125,1,145.83944702148438,2.4769716262817383,1578.0379638671875,7.623212814331055,0.0112110087648034,-0.0043540876358747,0.47247114777565,2.0,8.061097145080566,454.3151550292969,2.37807297706604,0.0035876522306352,30.980836868286133,-0.9294837713241576,46.60036849975586,12268.3505859375,4549.60107421875,12226.2939453125,0.8230225
930,-120.94176535961104,51.93082258195772,1,314.3998107910156,5.07196855545044,941.37158203125,7.494045257568359,0.0109508698806166,0.0026536176446825,0.5926659107208252,11.0,10.49329948425293,608.0257568359375,2.256781578063965,0.0041798534803092,36.6471061706543,-0.4410779178142547,42.78199768066406,1413.0279541015625,1503.8873291015625,1309.4716796875,0.88794035
931,-120.8582995414518,51.269289162228944,1,218.7010803222656,4.397902488708496,1166.405029296875,6.642668724060059,-0.0012603107606992,0.0002773437299765,0.6475797891616821,11.0,9.785027503967283,474.7395629882813,2.4013915061950684,0.0041902433149516,34.79753494262695,-0.8759375214576721,45.94057083129883,1789.985107421875,2942.20556640625,1971.1065673828125,0.98045534
932,-121.05480249553548,51.985056175111126,1,192.62893676757807,5.11506986618042,1012.8876342773438,6.77045488357544,-0.0126567371189594,0.0105531197041273,0.4861806333065033,11.0,10.107341766357422,631.2942504882812,2.308203935623169,0.0040700929239392,36.48223876953125,-0.4181597232818603,43.17890930175781,1889.283935546875,1126.26416015625,1899.742431640625,0.9390408
933,-123.9900829826903,52.27020441818329,1,159.41627502441406,0.2462563812732696,1059.1820068359375,8.2802734375,0.0015526058850809,0.0019940310157835,0.6292741894721985,2.0,10.86699676513672,352.7843933105469,2.0224392414093018,0.0038347213994711,27.759353637695312,-1.0892283916473389,28.05227279663086,3327.938232421875,4494.79541015625,3147.93505859375,0.2366116
934,-124.1347972916787,52.21552069907266,1,33.50993347167969,1.925015926361084,1052.1129150390625,7.112695217132568,0.0020045503042638,0.0043304790742695,0.5232049226760864,11.0,10.790919303894045,352.8934631347656,2.0058107376098637,0.0037942361086606,27.71616744995117,-1.1806597709655762,28.162124633789062,448.39794921875,1411.5711669921875,570.4369506835938,0.7871049
935,-122.22536547512588,51.888506027570365,1,230.11297607421875,2.831977605819702,1166.2813720703125,8.891809463500977,-0.0042427931912243,0.0075546586886048,0.6815000772476196,2.0,10.433771133422852,369.2212829589844,2.3739326000213623,0.0040254490450024,29.231658935546875,-0.9835764169692992,36.97648239135742,3520.017822265625,5585.2353515625,3669.372314453125,0.43086582
936,-121.91168266825272,51.42978864105867,1,196.42616271972656,3.5433542728424072,1243.79052734375,9.63156795501709,0.0160668082535266,-0.0060420306399464,0.5504985451698303,2.0,9.622314453125,407.1177673339844,2.4911041259765625,0.0039710146375,31.910165786743164,-1.1131688356399536,42.09839630126953,2348.988525390625,3145.552001953125,2087.336181640625,0.90130824
937,-121.29118390944996,51.25073830985976,1,166.09661865234375,0.8434426188468933,1082.1707763671875,7.134268283843994,0.0002415127819404,0.0004410557157825,0.601923406124115,11.0,10.23592472076416,384.7603759765625,2.434983491897583,0.0042884000577032,30.56088638305664,-1.1015541553497314,35.80154037475586,3855.64208984375,6080.45654296875,3868.381591796875,0.92320055
938,-118.37049880436535,52.31367351757493,1,306.7001342773437,25.234447479248047,1565.396240234375,4.25812578201294,-0.0142140798270702,0.0079117752611637,0.6405449509620667,2.0,4.585778713226318,997.160400390625,2.1706135272979736,0.0035756893921643,30.821287155151367,-0.5331381559371948,28.596006393432617,29374.236328125,10204.1826171875,29343.126953125,0.7539041
939,-125.78178550141452,52.3679557907693,1,128.02511596679688,12.948504447937012,598.9628295898438,7.032090663909912,0.1610804945230484,-0.0367912799119949,0.6024082899093628,11.0,9.391518592834473,614.1551513671875,2.034968614578247,0.0039370791055262,27.39914321899414,-1.1212948560714722,42.8472900390625,8826.412109375,1107.8963623046875,8833.8740234375,0.84510356
940,-125.54189993216563,51.97367201745055,1,189.0717315673828,6.53756046295166,1756.738037109375,7.634949684143066,0.0055757826194167,0.0101474970579147,0.559598445892334,11.0,5.931936740875244,737.825927734375,2.370980024337769,0.0035563204437494,27.405834197998047,-1.242701292037964,45.32490921020508,27083.314453125,519.944580078125,27227.146484375,0.9597811
941,-124.14413527665272,50.90395525327341,1,180.3290557861328,27.88940048217773,1376.494384765625,5.318214416503906,0.0267336890101432,-0.0189034976065158,0.7249627113342285,11.0,7.1700825691223145,837.0357666015625,1.975383162498474,0.0036857246886938,28.829015731811523,-1.115208387374878,56.47151565551758,51843.1484375,963.3037109375,51801.8515625,0.9856515
942,-124.68661584690042,50.880139984349576,1,,,,,0.0705828443169593,-0.0639273077249527,0.7702256441116333,11.0,9.467883110046388,994.1182861328124,2.4176809787750244,0.0044098566286265,33.251224517822266,-1.259108304977417,71.33519744873047,71772.3984375,1158.5474853515625,33293.84375,0.790401
943,-124.73041610071624,50.69997187191902,1,,,569.0952758789062,6.260355949401856,,,0.7857695817947388,11.0,8.941954612731934,1093.746826171875,2.4835870265960693,0.004747487604618,34.02333450317383,-1.2717013359069824,82.9245376586914,65036.0078125,695.7514038085938,13794.5361328125,0.66529274
944,-122.48236929796424,51.84993939348455,1,299.7685546875,3.404676914215088,1041.297607421875,6.35619592666626,0.007098447997123,-0.0026772150304168,0.4117585122585296,11.0,11.407478332519531,336.8988342285156,2.287058115005493,0.0039079231210052,26.780014038085938,-0.9253125190734864,29.99567985534668,362.0394592285156,4677.8447265625,376.3338012695313,0.8946963
945,-122.67918485956956,51.90350536910955,1,292.7275390625,9.619327545166016,1305.47021484375,6.336221218109131,0.0062776156701147,-0.0058964528143405,0.5060977935791016,2.0,10.637303352355955,363.6277465820313,2.3572843074798584,0.0037962738424539,28.71674919128418,-1.0284721851348877,32.65362548828125,2657.70654296875,5290.36767578125,2685.897705078125,0.53194374
946,-120.25421927415316,51.39710454350482,1,68.82630157470703,5.8886542320251465,1111.959716796875,5.517400741577148,0.01621675491333,0.0235293358564376,0.6646559834480286,2.0,10.16305923461914,624.0194091796875,2.1772265434265137,0.0043616634793579,35.60686111450195,-0.6682291626930237,50.73464584350586,1472.9556884765625,2789.734130859375,1555.802490234375,0.7079385
947,-120.15663177094667,51.46915655686544,1,204.3641357421875,15.056004524230955,575.466064453125,5.69132137298584,0.070468783378601,0.006964071188122,0.6301155686378479,2.0,12.246859550476074,542.9454956054688,2.0113227367401123,0.0044301794841885,33.7662467956543,-0.6154751777648926,42.407752990722656,614.49853515625,661.1474609375,402.0414123535156,0.61030346
948,-119.56714619436522,50.52690728111023,1,252.4275054931641,15.464200019836426,1357.6429443359375,6.5150017738342285,-0.0498681776225566,0.065991498529911,0.790966808795929,11.0,10.152066230773926,591.3202514648438,2.2544643878936768,0.0042567602358758,35.903499603271484,-1.0066319704055786,72.22620391845703,134.76602172851562,7108.73681640625,294.5308532714844,0.9753513
949,-124.03401260701418,51.064504473917886,1,48.39099884033203,18.086332321166992,1365.026611328125,9.294997215270996,0.0416699014604091,0.029203874990344,0.1719390004873275,1.0,7.855861663818359,728.2584228515625,1.9638820886611936,0.0036441758275032,28.49181365966797,-1.1297564506530762,49.12117767333984,33064.16796875,406.7016906738281,33193.71875,0.35098666
950,-115.82976460112332,50.98929103813563,1,98.7482452392578,8.729411125183105,1519.622314453125,8.256179809570312,0.0208465009927749,0.0080593721941113,0.4130158126354217,11.0,5.69887113571167,644.9678955078125,3.295495986938477,0.0033793705515563,29.10084342956543,-1.0032775402069092,26.22661781311035,8585.173828125,848.5460815429688,8586.2919921875,0.9460662
951,-115.34709829391302,50.21297344334522,1,103.74200439453124,18.923974990844727,1921.05810546875,4.883875846862793,-0.0537503436207771,0.0347273685038089,0.4987413883209228,11.0,6.206252574920654,677.4783325195312,3.8813669681549072,0.003599906573072,29.727352142333984,-0.8743107914924622,34.18660354614258,3798.559814453125,4993.19921875,3768.39892578125,0.9908292
952,-115.3324956747451,50.55520517262971,1,128.86952209472656,14.580408096313477,1888.8179931640625,6.0350213050842285,-0.0903854817152023,0.0525024496018886,0.6263563632965088,11.0,6.480173587799072,620.9822998046875,3.570326089859009,0.0034668394364416,30.38762664794922,-0.8686476349830627,29.891735076904297,6601.75830078125,1115.452392578125,6567.7236328125,0.99361444
953,-115.31901438937868,49.871474026183606,1,278.7802429199219,17.379974365234375,1942.010986328125,5.283045291900635,0.0364120565354824,0.0044295014813542,0.5555997490882874,2.0,6.269445419311523,720.9120483398438,3.860228538513184,0.0034729703329503,30.749061584472656,-0.9582934975624084,43.96110153198242,2429.965087890625,3377.2607421875,2386.1904296875,0.9585161
954,-115.70066720153488,49.62207286938726,1,146.871826171875,2.130401611328125,781.9448852539062,8.173879623413086,0.0111103439703583,-0.0066879475489258,0.3851753771305084,11.0,12.52142333984375,376.7038879394531,2.447747707366944,0.0044228960759937,29.33231735229492,-1.7300347089767456,32.101619720458984,220.3973846435547,1075.5836181640625,204.1387176513672,0.97312254
955,-115.7528676155118,50.01648979241579,1,289.6112060546875,6.4378275871276855,917.20849609375,6.725071907043457,0.0279308892786502,-0.0057087172754108,0.6172177195549011,11.0,11.43089199066162,423.66156005859375,2.4665896892547607,0.0042600580491125,30.83273696899414,-1.3626275062561035,28.21828269958496,275.8428039550781,2311.59912109375,316.3055419921875,0.9250734
956,-121.29761555094544,50.69978918342017,1,263.898193359375,4.396862506866455,382.7540283203125,7.176218986511231,-0.0021517532877624,0.0192562192678451,0.4229359030723572,11.0,13.77322006225586,260.5147399902344,2.32195782661438,0.0042509385384619,20.678232192993164,-1.4952105283737185,17.365617752075195,962.7399291992188,646.4656372070312,863.7240600585938,0.9697603
957,-121.22623460253811,50.58625618909229,1,234.0061492919922,5.188309669494629,1353.6707763671875,6.240060329437256,-0.001226435531862,0.0018707034178078,0.713443398475647,2.0,10.63487434387207,370.1915283203125,2.405716180801392,0.0040579019114375,27.10345268249512,-1.250302791595459,29.4011287689209,629.6475830078125,4328.89599609375,606.2033081054688,0.7741583
958,-120.87994878377552,50.75637254213527,1,147.11154174804688,5.520391464233398,388.3767700195313,6.51178503036499,0.0388740673661232,-0.0343487113714218,0.215983048081398,11.0,13.31722927093506,281.36151123046875,2.3473012447357178,0.0042682606726884,22.09315490722656,-1.5501362085342407,17.61134147644043,357.149169921875,673.4935302734375,411.33056640625,0.9731862
959,-114.76634843343513,49.283339347121206,1,301.3829040527344,11.820904731750488,1704.0198974609375,4.645723819732666,-0.0859439149498939,0.1313226670026779,0.7494197487831116,11.0,7.88312816619873,732.1464233398438,4.001819133758545,0.0038260722067207,34.66768264770508,-0.91847825050354,63.56067657470703,1055.4227294921875,10930.9619140625,1212.7208251953125,0.9261069
960,-114.93928394694188,49.2195575227396,1,255.6237335205078,21.50068473815918,1693.1796875,5.880990505218506,0.0200202912092208,0.0250317882746458,0.577946662902832,11.0,9.906685829162598,710.0618896484375,3.511112689971924,0.0040541286580264,36.862083435058594,-0.9434722065925598,68.50282287597656,1197.338623046875,1300.880859375,1234.333251953125,0.9842799
961,-114.59616711942428,49.37048987430813,1,239.45640563964844,16.8602294921875,1736.415771484375,5.450867652893066,0.0315626189112663,0.0069237588904798,0.6815106272697449,11.0,7.6274027824401855,735.6748046875,4.168934345245361,0.0037547252140939,34.83076095581055,-0.8528371453285217,61.28413009643555,1802.7529296875,2238.82373046875,1754.582275390625,0.98670655
962,-114.4116119860206,49.00437436623944,1,,,,,,,,,,,,,,,,,,,0.17682678
963,-117.79146538704104,50.63687379449922,1,321.1441650390625,21.625097274780277,1560.225830078125,5.529028415679932,-0.0097715854644775,0.0366768054664135,0.5431962609291077,11.0,9.669995307922363,1097.9739990234375,1.9996538162231443,0.0047552087344229,34.35460662841797,-1.168655276298523,36.3548583984375,3162.476318359375,4651.28271484375,3142.194580078125,0.9908308
964,-116.25167756638956,49.829924320399854,1,273.12994384765625,12.548115730285645,1926.4814453125,5.682163715362549,-0.0082386210560798,-0.05915979295969,0.4529886245727539,11.0,6.8446245193481445,796.9374389648438,3.137324094772339,0.0036214652936905,30.609973907470703,-1.155982255935669,52.9320182800293,4244.7451171875,5535.53173828125,4515.03955078125,0.970447
965,-117.97669912522,49.52830741194294,1,295.2150573730469,15.231517791748049,1587.4010009765625,5.685934543609619,0.0075219422578811,0.0074734780937433,0.5370240211486816,11.0,7.688387393951416,962.7952270507812,2.79374623298645,0.0042559499852359,33.277347564697266,-1.2372570037841797,68.0489273071289,5408.2060546875,10258.333984375,5335.330078125,0.9337554
966,-117.19218380067048,50.36202484797808,1,,,1667.974853515625,5.177512645721436,,,0.7637210488319397,2.0,6.956141948699951,1127.75732421875,2.5209288597106934,0.0038722122553735,31.615798950195312,-1.3117361068725586,37.967864990234375,7128.25732421875,1083.1087646484375,7247.79150390625,0.95137864
967,-116.30493070078258,49.89712402072498,1,249.7442169189453,27.15895271301269,1957.0960693359373,4.516333103179932,0.016993224620819,-0.018926803022623,0.4758418500423431,11.0,5.126195430755615,886.293212890625,3.4246108531951904,0.0036079832352697,28.83648109436035,-1.1583333015441897,47.96455764770508,11165.2744140625,3418.035888671875,11147.76171875,0.9882592
968,-116.59355064651412,49.508589363786506,1,261.2928466796875,18.070520401000977,2064.512451171875,5.32592248916626,-0.0350546427071094,0.0481596626341342,0.5899229049682617,2.0,6.4227070808410645,928.9293212890624,3.190289258956909,0.0040095997974276,30.227054595947266,-1.0501388311386108,60.27120590209961,4139.17626953125,5698.75634765625,4265.97119140625,0.94708335
969,-116.57231806041732,49.55030686438007,1,207.3758544921875,20.88162422180176,1964.2412109375,4.342386245727539,0.0652814209461212,-0.00749501446262,0.6950930953025818,11.0,6.493022918701172,915.616943359375,3.1661627292633057,0.0039285076782107,30.121767044067383,-1.1023560762405396,57.60555267333984,1795.4287109375,6170.8720703125,1804.09130859375,0.99040693
970,-121.54444880726103,49.692140611567865,1,211.97352600097656,27.92704200744629,957.613037109375,4.583324432373047,0.0207231119275093,0.024905415251851,0.6736092567443848,11.0,9.635309219360352,1019.8311767578124,2.284782648086548,0.0046485681086778,37.2975959777832,-0.8536591529846191,123.0009994506836,803.2110595703125,7606.859375,716.2428588867188,0.8203281
971,-121.6701812125617,49.31475638110513,1,241.2738800048828,8.318389892578125,125.8972625732422,6.255125522613525,-0.0014571166830137,-0.0001880089112091,0.5201791524887085,8.0,13.038870811462402,1624.4312744140625,2.886514663696289,0.0055924383923411,50.14663696289063,-1.1055128574371338,132.18588256835938,407.9336242675781,351.0194091796875,340.4268798828125,0.31166318
972,-121.58616655649196,50.2018223272471,1,187.41293334960935,15.476285934448242,343.83404541015625,6.593205451965332,0.0028083031065762,0.0032979263924062,0.672257661819458,2.0,12.056597709655762,531.7011108398438,2.218608856201172,0.0042741657234728,30.87231063842773,-0.9081794023513794,67.69367980957031,213.0941467285156,947.8229370117188,332.3861083984375,0.64426863
973,-121.58484663683946,50.16378982525567,1,112.6104736328125,17.115692138671875,244.9196929931641,6.283169269561768,0.0800949111580848,-0.0122056128457188,0.5984206199645996,2.0,11.59837532043457,579.48876953125,2.2149674892425537,0.0042403251864016,31.7192325592041,-0.8783673644065857,72.44003295898438,227.1905212402344,585.3914184570312,221.40737915039065,0.70734847
974,-120.57819840934258,49.57437261635041,1,109.39173889160156,10.015093803405762,1169.635498046875,6.479693412780762,0.0226031299680471,-0.0187598206102848,0.6493195295333862,2.0,10.502540588378906,462.50396728515625,2.2895941734313965,0.0042496868409216,31.719575881958008,-1.189567804336548,66.13839721679688,1178.3045654296875,3713.311767578125,1229.68603515625,0.8618352
975,-121.07196819282304,50.32845509888195,1,232.22152709960935,4.620769023895264,1485.5390625,5.873542785644531,-0.0123871834948658,-0.0068146986886858,0.5366610884666443,11.0,9.830986976623535,435.1575317382813,2.3617663383483887,0.0041234013624489,29.10904884338379,-1.2256741523742676,38.79192352294922,389.9524230957031,6541.64111328125,437.9672546386719,0.9838635
976,-120.40380100557304,50.39703957749848,1,213.1453857421875,4.551834583282471,1028.36767578125,7.225692749023437,0.0108706606552004,-0.0212213341146707,0.4788964092731476,11.0,10.584012031555176,373.8326110839844,2.3912134170532227,0.0040473714470863,28.510761260986328,-1.1534141302108765,37.0960578918457,1721.418701171875,3769.0556640625,1916.22998046875,0.91063803
977,-119.8290478145498,49.72977280935185,1,154.62802124023438,6.333827495574951,867.5994262695312,7.917665958404541,0.0139888441190123,0.0111997285857796,0.6363416910171509,11.0,11.77292251586914,367.2554626464844,2.4131643772125244,0.0044490015134215,28.467927932739254,-1.3942270278930664,43.0044059753418,2851.800537109375,4851.14208984375,2834.03564453125,0.7905491
978,-119.5099179423792,50.04597316841875,1,95.75122833251952,18.964147567749023,620.6854248046875,6.678008556365967,0.0043230783194303,0.0347890146076679,0.4678545296192169,11.0,12.658473014831545,431.9016418457031,2.2667934894561768,0.0045213792473077,31.00157928466797,-1.2481249570846558,48.23184967041016,519.2188720703125,908.2698974609376,458.086181640625,0.992246
979,-119.19326743257773,49.864057887024615,1,197.28929138183597,3.911799907684326,867.4955444335938,5.997898578643799,0.0654413625597953,-0.0051532881334424,0.7938039302825928,2.0,10.224807739257812,596.07373046875,2.403590679168701,0.0042112739756703,34.38611602783203,-1.2586631774902344,58.79216384887695,367.0646057128906,2282.0009765625,540.1988525390625,0.58073586
980,-117.34981446750062,49.02673954828929,1,191.2755584716797,5.700579643249512,830.499267578125,5.739200592041016,-0.016865761950612,0.0191486869007349,0.6812564730644226,2.0,12.472649574279783,736.6721801757812,2.462662696838379,0.0044775148853659,37.37736892700195,-0.990833342075348,87.73037719726562,1118.563720703125,1123.2974853515625,991.8145141601562,0.52343094
981,-117.92964848896978,49.05030668351559,1,269.658447265625,19.28388023376465,977.395751953125,6.93695068359375,-0.0139343813061714,0.030422082170844,0.6396054625511169,2.0,11.941047668457031,630.3174438476562,2.54020357131958,0.0041430722922086,36.99175643920898,-1.34014630317688,85.0804672241211,569.1128540039062,1920.01953125,508.2081604003906,0.9472515
982,-118.41384823973478,49.27410734176304,1,149.80191040039062,14.95173168182373,1169.1634521484375,5.238282203674316,-0.0262332186102867,0.045714396983385,0.6284644603729248,11.0,12.176477432250977,549.6572265625,2.473486423492432,0.0041224677115678,35.185791015625,-1.4932420253753662,66.32856750488281,2653.84423828125,2721.70947265625,2620.67578125,0.9834415
983,-118.11814804808829,49.155973868145054,1,147.47796630859375,16.372821807861328,1125.3470458984375,5.166112422943115,0.0974131971597671,-0.0229565035551786,0.6047154664993286,11.0,10.352757453918455,686.4771118164062,2.6557047367095947,0.0041849291883409,36.23160934448242,-1.4392731189727783,80.82099914550781,414.90625,10093.0849609375,527.6864624023438,0.9510001
984,-118.46814672788634,49.61308895784882,1,64.30792999267578,12.56103801727295,1997.3978271484373,4.627834796905518,0.0481594763696193,0.0116624375805258,0.5050382018089294,11.0,8.048293113708496,865.7366333007812,2.704943895339966,0.0038967886939644,34.6563720703125,-1.3141584396362305,73.67692565917969,8435.814453125,2902.265869140625,8362.701171875,0.905495
985,-118.28633054569734,49.38255536969678,1,260.2702331542969,9.32224464416504,1760.7581787109375,7.626829624176025,0.0418864898383617,-0.028289258480072,0.718998908996582,2.0,7.768028736114502,848.295654296875,2.852264642715454,0.0042493701912462,34.02839279174805,-1.4642329216003418,77.14178466796875,11021.6796875,11166.8876953125,11112.7890625,0.35170054
986,-115.87834815239384,49.31665672825841,1,266.5281982421875,15.057926177978516,1534.4847412109375,5.490646362304688,-0.0171838421374559,0.0267821494489908,0.5835700035095215,11.0,10.613709449768066,587.2234497070312,2.7770535945892334,0.0039997221902012,34.68318557739258,-1.173622488975525,68.60089111328125,1249.8983154296875,2555.694091796875,1311.8780517578125,0.9895325
987,-117.14596467193012,49.19640588249833,1,44.04961395263672,6.401768207550049,1743.1058349609375,5.221606731414795,0.0050187278538942,0.010072074830532,0.6771029829978943,2.0,8.6295747756958,925.707763671875,2.8210809230804443,0.0041560758836567,34.6015625,-1.0677777528762815,82.0331802368164,3327.18212890625,8349.9228515625,3560.570556640625,0.74089354
988,-117.23110119813605,49.62089020159233,1,153.83616638183594,18.113237380981445,1675.2830810546875,6.132301330566406,-0.0629763230681419,0.0292498990893363,0.6258301138877869,2.0,9.163376808166504,972.7824096679688,2.5490050315856934,0.0039996500127017,34.96084976196289,-1.1705740690231323,67.47222137451172,2840.408935546875,3862.296875,3280.870361328125,0.96803546
989,-116.67026416935369,49.1594072321959,1,136.9755859375,24.75926971435547,1143.2081298828125,6.787731170654297,0.019412325695157,-0.0013179060770198,0.6161059737205505,2.0,11.503301620483398,728.506103515625,2.5291247367858887,0.0044957180507481,34.737850189208984,-1.0078710317611694,76.47947692871094,551.8355712890625,2288.795654296875,591.7572631835938,0.9356225
990,-115.59368006835224,49.18700665295292,1,203.56643676757807,9.636775016784668,1483.2408447265625,6.169887542724609,0.0134459203109145,-0.0068118888884782,0.7066405415534973,11.0,9.92601490020752,682.3953247070312,3.072862148284912,0.0040755728259682,36.1942024230957,-1.038576364517212,75.43816375732422,492.5665283203125,3202.95361328125,395.6326599121094,0.96744764
991,-120.44181783460726,49.00350770109296,1,,,1829.291015625,5.7280707359313965,,,,0.0,,,,0.0039418614469468,,,,945.5462036132812,,,0.9628984
992,-119.90528062801413,49.00322166090709,1,,,,,,,,,,,,,,,,,,,0.17682678
993,-119.62356520919082,49.1227553041763,1,129.96966552734375,15.65093231201172,996.4894409179688,6.19356632232666,-0.0050303465686738,0.0272138770669698,0.5463588237762451,11.0,12.383235931396484,358.4684753417969,2.629006862640381,0.0044234348461031,27.295778274536133,-1.6369777917861938,44.0651969909668,1526.2884521484375,3584.20458984375,1528.9368896484375,0.97292703
994,-119.69239811172584,49.06808928793393,1,168.1127471923828,14.482569694519045,969.2240600585938,5.262874603271484,0.015701301395893,0.0257916040718555,0.5044219493865967,2.0,13.442497253417969,325.61920166015625,2.581418037414551,0.0041526150889694,25.29852104187012,-1.6037462949752808,40.90680694580078,742.5991821289062,1309.67724609375,780.1068115234375,0.8032671
995,-114.30249637291875,49.05974088100313,1,237.622314453125,21.4027042388916,1487.6763916015625,7.358773708343506,0.0441539771854877,0.0288659706711769,0.5515148639678955,11.0,8.257478713989258,785.7390747070312,4.281073093414307,0.0040219114162027,36.80636978149414,-0.8275694251060486,67.7683334350586,643.354736328125,661.3741455078125,888.5169677734375,0.9667185
996,-119.57156323285533,49.20128850953415,1,76.89852142333984,8.865950584411621,460.3143615722656,6.808835506439209,0.0216500852257013,-0.0106854410842061,0.2508037686347961,11.0,14.580416679382324,288.7572326660156,2.458611011505127,0.0044716009870171,22.867950439453125,-1.749421238899231,35.97612380981445,240.2213592529297,1500.562255859375,300.0277404785156,0.9814865
997,-119.64984809688072,49.04012259106607,1,201.6168365478516,22.52601623535156,632.328125,6.629497051239014,0.0589688941836357,-0.0104724690318107,0.2158533185720443,11.0,13.993127822875977,315.142822265625,2.580055952072144,0.0042533865198493,24.718130111694336,-1.6481173038482666,39.21171188354492,680.5474243164062,1262.976318359375,634.24169921875,0.98464257
998,-119.505181427257,49.25630602217812,1,269.099853515625,11.992144584655762,683.1188354492188,5.554798126220703,0.0663343146443367,0.0231342017650604,0.4334995150566101,11.0,14.240310668945312,305.6097106933594,2.46985936164856,0.0044283736497163,23.94217109680176,-1.8313462734222408,37.37309646606445,1202.71728515625,1779.072265625,1129.8682861328125,0.96204144
999,-118.32944415504642,49.016291040499816,1,,,759.8312377929688,6.606471538543701,0.0004094697651453,0.0229938235133886,0.3392638862133026,11.0,13.284015655517578,503.5508728027344,2.5274574756622314,0.0045427037402987,,-1.4941182136535645,,586.672119140625,593.81201171875,,0.96161556
1000,-119.0086510944709,49.07243946223553,1,93.7681655883789,10.450769424438477,682.944091796875,9.75683307647705,0.0463701598346233,0.0071563692763447,0.451882004737854,11.0,12.729948043823242,381.4779968261719,2.571699619293213,0.00426019821316,29.78217315673828,-1.729965329170227,48.64992141723633,182.0835723876953,362.2162170410156,122.05538177490234,0.9853499
1001,-127.851801908182,56.18255517992545,1,133.1898651123047,13.028863906860352,1121.622314453125,5.094138622283936,0.0118696372956037,0.0148821724578738,0.6609298586845398,2.0,7.185861110687256,750.08837890625,1.9510267972946167,0.0039287889376282,32.82001495361328,0.2914659678936004,49.1760139465332,55452.2265625,1588.5594482421875,17935.7421875,0.45519835
1002,-124.28200155241802,56.61583898680908,1,205.5741424560547,14.72048568725586,1146.5186767578125,5.273685932159424,0.0376387126743793,-0.0332923978567123,0.7521519064903259,2.0,5.135748386383057,643.225341796875,2.1518566608428955,0.0035069836303591,32.04110336303711,0.2465807199478149,26.928192138671875,21491.80078125,8591.3037109375,21434.259765625,0.053274587
1003,-124.84201795394326,55.75948889756173,1,140.35450744628906,14.940958023071287,1420.84130859375,5.852252960205078,-0.0308202747255563,-0.0043564275838434,0.5756447911262512,11.0,6.116192817687988,581.9227905273438,2.085656881332397,0.0036580532323569,32.389404296875,0.0340597070753574,45.67994689941406,5800.85888671875,3291.861083984375,5647.51513671875,0.89081645
1004,-125.07351803052946,55.848005568960765,1,210.70970153808597,10.752562522888184,1346.1488037109375,6.970898151397705,-0.0351037196815013,0.0627197250723838,0.6305195093154907,11.0,6.311203479766846,566.7183227539062,2.010137796401977,0.0035193683579564,31.88709831237793,-0.0035666248295456,41.62630844116211,4647.685546875,5506.01220703125,4692.6767578125,0.88531655
1005,-125.65518495438172,56.14058878718873,1,232.97023010253903,17.642749786376953,1258.128662109375,7.134062767028809,0.0347223654389381,0.0017907448345795,0.6698511242866516,11.0,4.721886157989502,652.1345825195312,2.213771343231201,0.003291439730674,30.09798240661621,0.2286458313465118,43.75543975830078,24079.337890625,940.8432006835938,24159.06640625,0.475749
1006,-127.25650157961512,55.61987195621033,1,204.90789794921875,8.799527168273926,733.1763305664062,6.670047760009766,-0.016257120296359,0.0187862180173397,0.6328744888305664,2.0,7.991400241851807,691.14501953125,1.9723185300827024,0.0039117536507546,34.135433197021484,-0.1041889116168022,64.49958038330078,10130.38671875,1312.6368408203125,9995.5986328125,0.6018642
1007,-127.8296850824841,55.69350517785008,1,182.8641662597656,14.583325386047363,993.4785766601562,6.0235443115234375,0.009553232230246,-0.0122507289052009,0.6199667453765869,11.0,7.981153964996338,790.8794555664062,2.07346773147583,0.0040663392283022,34.19271469116211,-0.0052673909813165,63.57942199707031,6577.4072265625,4981.5810546875,6613.88232421875,0.8976254
1008,-125.3604510951338,55.19238881660478,1,267.26287841796875,2.914993524551392,1034.237548828125,9.180230140686035,-0.0004485497483983,0.0013211503392085,0.6355997323989868,2.0,6.953092575073242,556.8678588867188,2.0085906982421875,0.0038541110698133,32.829551696777344,-0.3444810509681701,53.72116470336914,10458.2294921875,2372.177978515625,10619.4580078125,0.6030984
1009,-125.33021790333812,55.43682222030998,1,231.6664581298828,1.039841651916504,900.9453735351562,10.155316352844238,0.0064432537183165,-4.3499658204382285e-05,0.6654642224311829,2.0,7.027134418487549,550.1656494140625,1.947232842445373,0.0037673041224479,32.45016860961914,-0.2296862155199051,48.91254425048828,11239.6044921875,461.1758117675781,11084.947265625,0.74954194
1010,-125.8108514142906,55.74617216176939,1,113.11824035644533,11.718561172485352,1210.2681884765625,5.460288047790527,0.0059326863847672,0.0273171197623014,0.6393269896507263,2.0,6.424779891967773,592.078857421875,2.0304834842681885,0.0036180191673338,32.024024963378906,-0.0346885845065116,47.814552307128906,17172.8984375,2162.697021484375,17072.046875,0.48996302
1011,-125.20638407314942,54.20200551272204,1,155.84100341796875,6.545071601867676,936.44140625,6.750209331512451,-0.0017884505214169,0.0003832084767054,0.5979480147361755,11.0,8.326340675354004,523.0111083984375,2.0615339279174805,0.0039392956532537,34.62676239013672,-0.8550771474838257,69.93836975097656,1154.077392578125,2198.7412109375,780.1883544921875,0.9589296
1012,-126.17883461772034,55.15783870447611,1,139.1703643798828,9.904744148254396,1133.601318359375,6.079233169555664,0.0113199604675173,0.0145071949809789,0.6739756464958191,11.0,7.907214164733887,550.58642578125,2.0360326766967773,0.0040038242004811,33.04036331176758,-0.6662847399711609,61.517608642578125,2954.726806640625,2929.760498046875,2923.09326171875,0.9468517
1013,-126.82783487567168,55.53053862223618,1,137.1256866455078,5.405620098114014,967.2149658203124,6.6536946296691895,0.0246170908212661,-0.0037167866248637,0.6558020710945129,2.0,7.922889232635498,649.76806640625,2.0015668869018555,0.0040473327971994,34.2554817199707,-0.2508462369441986,67.85787200927734,9979.1181640625,2830.652099609375,9905.9111328125,0.41761458
1014,-126.65301796847808,55.11145533492849,1,204.696044921875,9.092086791992188,1079.0218505859375,5.700361251831055,-0.0606585517525672,0.0327468551695346,0.6883342266082764,2.0,8.579556465148926,546.1082763671875,2.0402512550354004,0.0041161575354635,33.35506820678711,-0.6607205867767334,67.21955108642578,1344.427001953125,3233.02001953125,1248.7081298828125,0.7114791
1015,-124.46335053517906,54.14483891249253,1,301.3103942871094,1.3802160024642944,796.7698974609375,6.499965190887451,0.0083259735256433,-0.0020860154181718,0.5721964836120605,11.0,9.49911117553711,516.1202392578125,1.9652122259140012,0.0039345999248325,35.40157699584961,-0.859545111656189,60.039329528808594,731.9993896484375,2992.2490234375,841.2194213867188,0.9079077
1016,-125.00858440125418,55.07373885573664,1,150.98658752441406,1.5206177234649658,961.2571411132812,7.962504863739014,-0.0095124235376715,0.0090932212769985,0.546535074710846,11.0,7.304337501525879,545.3787841796875,1.975330829620361,0.0039670090191066,33.099151611328125,-0.4614378213882446,50.21236801147461,2984.194091796875,3600.101806640625,3111.55224609375,0.9612076
1017,-124.63828424449474,54.84140560885978,1,173.2135009765625,0.9500364661216736,846.2302856445312,8.301712989807129,0.0016514505259692,-0.0010657156817615,0.5867743492126465,11.0,8.271309852600098,531.9287109375,1.942363739013672,0.0039648520760238,34.013126373291016,-0.7036166787147522,50.41071701049805,5011.64404296875,5171.31591796875,5055.7119140625,0.9609362
1018,-125.79876783967175,55.10267215326094,1,302.43609619140625,6.131720066070557,1031.4979248046875,6.348687648773193,-0.0079947477206587,0.0284946914762258,0.6586852669715881,11.0,7.982905864715576,543.0645141601562,1.9990044832229612,0.0040799705311656,33.03715896606445,-0.7480695247650146,56.31869888305664,3697.882080078125,2318.111083984375,3850.49853515625,0.87671673
1019,-123.82260043161264,54.15450569716938,1,291.1732177734375,1.4324464797973633,821.6400146484375,6.478472709655762,0.0091460272669792,-0.0022517438046634,0.6172456741333008,11.0,9.72384262084961,516.6455688476562,2.022035598754883,0.0039980909787118,35.26620101928711,-1.050069808959961,54.89551162719727,2887.772216796875,2739.4853515625,2826.150634765625,0.93530786
1020,-125.32578393124231,53.75482218904442,1,215.11643981933597,4.228413105010986,922.915771484375,11.703431129455566,-0.0072076311334967,0.0039291651919484,0.5094783902168274,11.0,8.969223976135254,499.0582275390625,2.0926215648651123,0.003938625101,33.614990234375,-0.9234938621520996,58.484130859375,5654.2197265625,762.8777465820312,5826.0673828125,0.9877181
1021,-125.98715066833556,53.847305399477214,1,157.23158264160156,4.271979808807373,1045.0450439453125,7.130871295928955,0.0168689079582691,-0.0082158986479043,0.6423682570457458,11.0,8.545969009399414,493.3309326171875,2.1001532077789307,0.0041552931070327,32.899391174316406,-1.0788366794586182,64.34233093261719,1228.4337158203125,2017.719482421875,1320.96728515625,0.9667358
1022,-125.36358400117284,53.930238783274014,1,98.73416137695312,5.274092674255371,1224.4041748046875,5.632791519165039,0.0138178961351513,-0.0409617498517036,0.7021137475967407,11.0,8.334290504455566,525.5894165039062,2.159686326980591,0.0040691215544939,34.550270080566406,-0.8219497203826904,70.09471893310547,4404.24951171875,1338.8006591796875,4504.03076171875,0.9344724
1023,-125.603433857208,53.473455447008895,1,230.7247772216797,4.211866855621338,964.9076538085938,6.49202823638916,-5.700570545741357e-05,0.0051417797803878,0.5637060403823853,11.0,8.907185554504395,491.8912048339844,2.081522226333618,0.00399911403656,32.07866668701172,-1.1423611640930176,54.55387496948242,14091.763671875,892.5428466796875,14035.8349609375,0.9421961
1024,-126.40021766516276,54.47213866152936,1,301.6998291015625,2.8997914791107178,924.5751342773438,6.094437122344971,-0.0287221539765596,0.0215020105242729,0.7153239250183105,11.0,9.127716064453123,480.5995178222656,2.0681803226470947,0.0040587559342384,32.85273742675781,-1.216882824897766,59.40738296508789,405.4952087402344,2442.77685546875,338.8562316894531,0.8946496
1025,-124.81631664186034,53.994687861353626,1,60.19081497192383,9.854748725891112,1086.1962890625,5.856182098388672,0.0222597196698188,-0.0111893601715564,0.7092798948287964,2.0,9.230928421020508,517.8151245117188,2.039377450942993,0.0040606576949357,35.40867233276367,-0.7126759886741638,60.845401763916016,1619.267333984375,2727.743408203125,1807.8385009765625,0.60653985
1026,-126.74673398539151,53.360571995018056,1,222.0126190185547,10.175357818603516,1094.616455078125,6.863414287567139,0.0091191176325082,0.0055308486334979,0.71983802318573,11.0,8.172598838806152,962.0294799804688,2.1275501251220703,0.0041884803213179,32.63059616088867,-1.154897928237915,70.28921508789062,42420.6484375,1516.644775390625,42581.50390625,0.9346262
1027,-126.56140049047474,53.15065530747066,1,124.51636505126952,3.008294582366944,1008.4409790039062,9.112430572509766,0.0128144845366477,0.01432113815099,0.4288239777088165,11.0,7.941596031188965,919.2538452148438,2.1232306957244877,0.0041066850535571,31.909860610961918,-1.150937557220459,66.72013854980469,56204.13671875,94.40857696533205,56250.84765625,0.98114955
1028,-127.06595074622004,53.90670535980285,1,150.06349182128906,11.046269416809082,1133.8360595703125,6.182526111602783,0.0067567569203674,0.0103761823847889,0.4914028346538543,11.0,7.848330497741699,919.7590942382812,2.275728702545166,0.0038954117335379,33.553558349609375,-0.9550360441207886,74.97516632080078,4290.53125,1276.7037353515625,4547.39013671875,0.94447553
1029,-118.74911534484748,52.49045807880979,1,259.0390930175781,26.423561096191406,1362.56689453125,4.951924800872803,0.0179041568189859,0.0147676970809698,0.5295738577842712,2.0,7.463553428649902,920.499755859375,1.941378593444824,0.0036922944709658,33.09861373901367,-0.4560137987136841,27.50360679626465,24931.84765625,1842.86962890625,24904.958984375,0.9151477
1030,-119.0515657898765,52.77278955511397,1,243.15626525878903,14.611568450927734,1293.453857421875,5.357955455780029,0.0553440190851688,0.0164897628128528,0.5755417943000793,2.0,7.287065505981445,852.5374145507812,1.9769847393035889,0.0035525700077414,32.58665466308594,-0.2048263847827911,25.60980033874512,4107.42529296875,4672.40625,4191.001953125,0.62571603
1031,-118.59521556915142,52.36782299294004,1,218.7720642089844,22.073768615722656,1524.2672119140625,6.732976913452148,-0.032934334129095,-0.0034865862689912,0.553640604019165,11.0,8.268316268920898,891.3195190429688,1.7731481790542605,0.0037779477424919,33.63814163208008,-0.5021618604660034,28.03426742553711,31879.865234375,1655.793212890625,31899.380859375,0.98466265
1032,-120.84964844880434,53.121206542369606,1,52.1280517578125,19.08702087402344,1511.513427734375,4.289783477783203,-0.0273599661886692,0.0872293338179588,0.6176722645759583,11.0,6.972993850708008,1015.9379272460938,2.465825080871582,0.0038130113389343,36.01454162597656,-0.0525959208607673,37.514766693115234,20555.125,1239.8046875,20646.51953125,0.9010108
1033,-120.82106874997147,53.145189547023314,1,189.2371063232422,19.610071182250977,1360.6510009765625,5.151573181152344,-0.009626904502511,0.024274319410324,0.7769739627838135,2.0,7.0977888107299805,1011.4536743164062,2.466585159301758,0.0037821070291101,36.24058151245117,0.0006183837540447,37.36529541015625,23830.015625,791.8326416015625,23704.125,0.905014
1034,-120.70818411526838,52.79882264954743,1,174.86849975585938,11.250514030456545,933.802978515625,6.101244926452637,0.0452790446579456,-0.0050387191586196,0.7708826661109924,2.0,8.327219009399414,963.5303955078124,2.32019591331482,0.0038930899463593,37.243309020996094,-0.1820960193872451,37.41856384277344,10477.171875,1036.6783447265625,10671.9619140625,0.8412532
1035,-119.53261627269508,52.73898929217111,1,218.27952575683597,14.8436918258667,1232.504638671875,6.756965637207031,0.0492394305765628,0.0268671065568923,0.6415267586708069,2.0,4.811949729919434,1054.833740234375,2.3059732913970947,0.0031745929736644,30.9420166015625,-0.2114354819059372,29.700929641723636,11278.9482421875,720.5038452148438,10859.4580078125,0.352891
1036,-118.72658227287418,52.29448957193813,1,155.64842224121094,18.173585891723636,1799.7777099609375,6.186671733856201,-0.001698290114291,0.0073658009059727,0.5874765515327454,11.0,4.488448619842529,1081.5732421875,2.2310166358947754,0.0035573297645896,30.69291114807129,-0.6415719389915466,30.347959518432617,26420.599609375,6240.37158203125,26246.14453125,0.88755554
1037,-119.8150660318622,53.04000617029188,1,136.4532470703125,4.479028701782227,1151.3629150390625,5.101068496704102,0.0001465553359594,-0.0611033663153648,0.7100563049316406,2.0,7.104433059692383,896.268798828125,2.208275556564331,0.0036851179320365,33.7011833190918,-0.0993660017848014,27.76339340209961,119.80995178222656,3045.768798828125,638.6128540039062,0.55539227
1038,-119.1990323671302,52.29092291693777,1,118.81849670410156,21.40334701538086,911.79931640625,5.664604663848877,0.0514627248048782,-0.0431885011494159,0.7436081171035767,2.0,9.10068702697754,976.5972290039062,1.7063839435577393,0.0039012709166854,35.5934944152832,-0.4720383286476135,32.121734619140625,635.469970703125,1340.7236328125,577.6958618164062,0.9024477
1039,-118.4137649043299,51.640841076610656,1,232.9063262939453,23.48063850402832,986.1260986328124,4.917662620544434,0.0595848709344863,0.008336778730154,0.6979160904884338,2.0,8.358476638793945,1177.9078369140625,1.78764545917511,0.0041443915106356,35.995689392089844,-0.7907450795173645,33.00637435913086,4529.18408203125,645.6039428710938,4535.32177734375,0.9056747
1040,-118.53179934319398,51.6692910682753,1,,,1038.6116943359375,5.9955878257751465,,,0.6553758978843689,11.0,8.96557903289795,1144.845947265625,1.7303941249847412,0.0042278072796761,35.96596145629883,-0.7519264221191406,33.279518127441406,2382.155517578125,843.8013916015625,2396.812744140625,0.93898875
1041,-122.58686933465717,52.48040580354839,1,143.9127197265625,0.4754827618598938,891.543212890625,6.914346218109131,0.0032367662061005,-0.0020146630704402,0.6397996544837952,2.0,10.733114242553713,427.6624755859375,2.2544846534729004,0.0042012608610093,33.19413757324219,-0.7036111354827881,42.270301818847656,726.3251953125,1826.524169921875,468.1959533691406,0.61317766
1042,-123.0847331254981,52.50338903731409,1,102.25336456298828,4.096298694610596,1381.22412109375,6.316727161407471,-0.0359202660620212,0.0453796721994876,0.5429733395576477,11.0,9.990540504455566,410.1358337402344,2.344210386276245,0.0038656897377222,31.623023986816406,-0.9382785558700562,36.89792251586914,8529.904296875,5850.48681640625,8551.7646484375,0.97210836
1043,-123.96451720112712,53.17897214885684,1,90.66033935546876,5.212038516998291,1284.5181884765625,6.197234630584717,-0.0204196795821189,0.017330938950181,0.559929609298706,2.0,9.850473403930664,446.0786437988281,2.175978899002075,0.0038504139520227,33.34560775756836,-0.6858333349227905,44.39760971069336,10174.865234375,4836.66796875,10358.603515625,0.73307854
1044,-124.03776702897017,53.22764004619368,1,158.03334045410156,1.7480791807174685,996.2367553710938,7.210381507873535,-0.0026371208950877,0.015068344771862,0.6389455795288086,11.0,10.10998249053955,442.0025939941406,2.0963191986083984,0.0038530421443283,33.179500579833984,-0.7405409216880798,42.79315185546875,14219.3583984375,687.328125,14215.369140625,0.9631958
1045,-124.02553361040084,53.44493895421019,1,125.4113311767578,1.5571140050888062,1053.3436279296875,9.537664413452148,0.001188040478155,0.0020887362770736,0.6186050176620483,11.0,9.682657241821287,476.8318786621094,2.1162660121917725,0.0039772461168468,34.24885559082031,-0.6612493395805359,49.761474609375,3060.0908203125,5317.3935546875,2993.5673828125,0.9657467
1046,-124.5841669624412,53.37157227334367,1,295.6274108886719,4.89048957824707,1338.0897216796875,5.900147914886475,0.0189279876649379,-0.0222925897687673,0.5527901649475098,11.0,9.022671699523926,473.7198791503906,2.1974494457244877,0.0038695465773344,33.12156677246094,-0.8440175652503967,48.50144577026367,2801.68701171875,4258.41943359375,2691.633056640625,0.9681894
1047,-124.476083709554,53.53612229519664,1,65.5100326538086,2.344304323196411,1067.2393798828125,6.906507015228272,0.0107972789555788,0.0055481269955635,0.3654280304908752,11.0,9.253077507019045,480.5085144042969,2.1003663539886475,0.0038879055064171,33.75810623168945,-0.8243674635887146,48.98994445800781,4446.07470703125,2374.389892578125,4599.201171875,0.9660385
1048,-121.55256746047505,52.82958814885936,1,101.07323455810548,1.7192561626434326,1321.6541748046875,8.387876510620117,0.0068687000311911,-0.0235542841255664,0.7080034017562866,2.0,7.684038162231445,870.0840454101562,2.528749465942383,0.0039589498192071,36.1645393371582,-0.2263910323381424,45.54087448120117,4508.82958984375,12540.099609375,4513.4404296875,0.320626
1049,-121.720581871088,52.434839409988975,1,190.23873901367188,3.939921617507935,924.3080444335938,5.579655170440674,0.0118475295603275,-0.0197132024914026,0.7335419654846191,2.0,10.67722511291504,590.5208740234375,2.316389799118042,0.004296408034861,35.80144500732422,-0.1048958301544189,43.50480270385742,2068.897216796875,2329.110107421875,1967.634521484375,0.44885212
1050,-121.33944785646608,52.61250516524696,1,236.09808349609372,8.46179485321045,1458.111572265625,7.4415998458862305,-0.0228044427931308,0.0230946391820907,0.69259113073349,11.0,8.379181861877441,861.0030517578125,2.4826085567474365,0.0040313890203833,37.17757415771485,-0.2151504606008529,44.54369354248047,1622.1016845703125,4206.2529296875,1560.28662109375,0.9724885
1051,-121.03903279900469,52.60017229913616,1,111.39832305908205,4.545729637145996,805.1317138671875,7.736940383911133,0.0027631716802716,0.0073020393028855,0.7402382493019104,2.0,10.571642875671388,810.4002685546875,2.210740804672241,0.0039770421572029,38.28456878662109,-0.1516903787851333,38.531715393066406,9378.4443359375,509.25335693359375,9599.8056640625,0.5143858
1052,-121.05751886766124,52.80667330734959,1,230.9770050048828,10.083961486816406,1415.9940185546875,6.178342342376709,0.0407785139977932,-0.0498639829456806,0.6591905951499939,2.0,8.122135162353516,958.5557861328124,2.4183497428894043,0.0040245833806693,37.3467903137207,-0.1786787062883377,39.47585678100586,2292.239990234375,3772.48828125,2371.463623046875,0.9071021
1053,-121.172219127441,52.61168878357263,1,116.47239685058594,10.67772102355957,1381.98388671875,7.089218616485596,0.0169380586594343,-0.012831462547183,0.705320417881012,2.0,8.203506469726562,916.6882934570312,2.4443650245666504,0.0038661786820739,36.85195541381836,-0.2231083661317825,43.73826599121094,2575.75537109375,6886.4931640625,2815.81494140625,0.838267
1054,-121.206353019607,52.566839377862046,1,125.09489440917967,8.479656219482422,1180.7685546875,5.40535831451416,0.0230499394237995,-0.0171232167631387,0.6533862948417664,11.0,9.496548652648926,832.6030883789062,2.3564698696136475,0.0040127816610038,37.71697616577149,-0.1805931329727172,41.6349983215332,1158.085205078125,2869.377197265625,1295.3160400390625,0.9330011
1055,-120.5582359159854,52.61810525950375,1,258.5909729003906,13.570879936218262,1501.5604248046875,5.094371795654297,-0.0322655439376831,0.0644326284527778,0.6782658696174622,2.0,8.108526229858398,982.498046875,2.3129286766052246,0.003783285850659,36.42721939086914,-0.1753819435834884,37.65237808227539,31740.740234375,2082.283203125,31990.28125,0.7257469
1056,-120.71904826334624,52.66108924650548,1,219.1045379638672,13.436792373657228,1279.566650390625,5.311227321624756,0.0331090874969959,0.0079485336318612,0.6643179655075073,2.0,6.160491466522217,1070.822998046875,2.523467540740967,0.0038335665594786,34.489158630371094,-0.2362499982118606,40.91576766967773,21595.072265625,9613.81640625,21751.904296875,0.5617951
1057,-120.30826576179484,51.95640606504961,1,198.16778564453125,7.6929521560668945,1228.282958984375,6.113683700561523,0.0020089610479772,0.0066503910347819,0.5392499566078186,11.0,9.694374084472656,773.5648193359375,2.115232467651367,0.0043197902850806,36.36740493774414,-0.5432358980178833,44.25414657592773,7612.24560546875,1228.11083984375,7817.8623046875,0.95844656
1058,-122.30363309238844,52.81028914864165,1,140.68666076660156,9.83395290374756,1102.25,5.749564170837402,0.0079999668523669,0.000809907913208,0.7050825357437134,2.0,10.3420991897583,571.5691528320312,2.311067581176758,0.0043061911128461,36.28193664550781,-0.234722226858139,48.28533172607422,791.400146484375,6285.34912109375,740.2201538085938,0.65125626
1059,-121.83345109122514,52.17642418879811,1,203.47537231445312,2.151740074157715,997.409912109375,8.318977355957031,-0.0021996456198394,0.0060058403760194,0.6828548312187195,11.0,10.339028358459473,480.4065246582031,2.3627734184265137,0.0041774683631956,34.558692932128906,-0.2870557904243469,44.85170364379883,1974.6517333984373,3052.03857421875,2036.986328125,0.97002023
1060,-120.85184890582303,51.14923926594997,1,268.2060241699219,2.4697611331939697,1086.2000732421875,7.289337635040283,-0.0049438397400081,-0.0025473008863627,0.5566779971122742,11.0,10.000712394714355,435.3681335449219,2.400975465774536,0.0042677549645304,33.23841094970703,-0.9712236523628236,41.81327819824219,708.524658203125,920.0418090820312,505.5021362304688,0.94889545
1061,-123.16864874109312,51.94400590900315,1,72.49934387207031,2.0964877605438232,709.544677734375,10.944427490234377,-0.017148457467556,-0.007393293082714,0.4976284205913543,11.0,11.683830261230469,321.924072265625,2.0914881229400635,0.0039781434461474,25.539697647094727,-1.077706217765808,24.514799118041992,849.1588745117188,1293.6488037109375,913.9632568359376,0.98122245
1062,-125.01600005143752,51.96083997749837,1,132.0067596435547,6.772701263427734,1077.3726806640625,5.856062889099121,0.0040023638866841,0.0153027912601828,0.442985862493515,11.0,9.690296173095703,353.69384765625,1.95150089263916,0.0038589180912822,24.734153747558597,-1.2730532884597778,28.880001068115234,2502.145751953125,1338.0313720703125,2466.489013671875,0.81349593
1063,-122.0039833059858,52.133222666053065,1,172.37159729003906,5.554233074188232,812.58203125,5.720067501068115,0.0112108187749981,-0.0023299425374716,0.5274838209152222,11.0,11.075736045837402,414.8444213867188,2.307939291000366,0.0042600184679031,32.286582946777344,-0.6530516743659973,41.77253341674805,421.1835632324219,2174.906982421875,366.20697021484375,0.9438745
1064,-122.05526814083164,52.20863926300538,1,267.2844543457031,0.9589428305625916,927.4712524414062,8.105021476745605,-0.0004488111590035,-0.0003834578092209,0.58552086353302,11.0,10.62761402130127,430.3177185058594,2.330694913864136,0.0042471452616155,33.0570182800293,-0.5771874785423279,43.38737487792969,708.94677734375,1175.3504638671875,918.4830932617188,0.9740718
1065,-122.3403863048382,52.22795682035249,1,142.28070068359375,1.4121761322021484,922.1497192382812,8.363919258117676,-0.0029934893827885,-0.0046513341367244,0.6026530861854553,11.0,10.88615608215332,396.39752197265625,2.284600019454956,0.0042459047399461,31.23920440673828,-0.6903511881828308,41.780574798583984,1593.975830078125,2021.553955078125,1297.735595703125,0.9746962
1066,-122.22541901236272,52.30134013799793,1,224.62384033203125,7.037540912628174,790.5586547851562,5.884887218475342,0.0076772035099565,0.023842180147767,0.6607478857040405,11.0,11.316814422607422,419.6237182617188,2.263843774795532,0.0042553441599011,32.64348602294922,-0.6115236878395081,42.50179672241211,415.3058166503906,3797.83740234375,465.1136169433594,0.95993906
1067,-121.39871265648998,51.65412341855279,1,151.85345458984375,2.582270383834839,1034.577880859375,7.096767425537109,-0.0002853692567441,0.002129771746695,0.5823976397514343,2.0,10.52443790435791,420.816650390625,2.4087512493133545,0.0042913076467812,32.77383041381836,-0.8751357793807983,41.71618270874024,178.21897888183594,3322.082275390625,268.0126647949219,0.78454304
1068,-116.89241495960594,51.45570645088312,1,240.8350372314453,22.5202579498291,2076.64501953125,4.974678039550781,0.012918721884489,-0.0040304106660187,0.3987169861793518,2.0,5.579621315002441,986.7276000976562,2.5841288566589355,0.003685011761263,31.49813842773437,-1.1417016983032229,25.821239471435547,4960.84814453125,5909.01513671875,5103.8154296875,0.9007049
1069,-117.51863088394283,51.78305689018388,1,202.4026031494141,29.006175994873047,1303.4359130859375,7.896426200866699,0.039924930781126,-0.0405523404479026,0.6685601472854614,2.0,7.92867374420166,908.8391723632812,1.9073383808135984,0.0039188051596283,32.19838333129883,-0.9119719862937928,26.893373489379883,3421.07275390625,2036.0631103515625,3436.351806640625,0.96670634
1070,-119.073448813317,51.90623950770989,1,265.6360778808594,17.256427764892578,1446.108154296875,5.205905914306641,0.0415076464414596,-0.0227463245391845,0.6142380833625793,11.0,8.18631649017334,1126.38134765625,1.8870800733566284,0.0039580799639225,36.46563720703125,-0.5859337449073792,37.204498291015625,15302.1171875,1893.47607421875,15486.4794921875,0.9859542
1071,-118.45694825486166,50.42377290264914,1,243.5854949951172,14.932334899902344,1174.575439453125,6.217347145080566,0.0174874868243932,-0.0162519998848438,0.6635476350784302,11.0,9.585379600524902,961.2844848632812,2.107590675354004,0.0044470829889178,35.83003616333008,-1.0845659971237185,47.80940628051758,2607.982666015625,3304.616455078125,2569.795654296875,0.99019635
1072,-118.59881504211464,50.62123949891112,1,188.8004302978516,24.50256729125977,1201.6737060546875,5.686318397521973,-0.0222574546933174,-0.0039245490916073,0.6897595524787903,11.0,8.714282989501953,1049.4688720703125,2.1572718620300293,0.0046345526352524,36.2357177734375,-1.1229982376098633,50.79726791381836,824.3065185546875,998.337646484375,351.2884521484375,0.96928024
1073,-118.56648172912536,50.59343949940497,1,67.53044891357422,13.045639991760254,1617.2696533203125,7.18666934967041,-0.016810143366456,0.0146588366478681,0.5407035946846008,2.0,7.820822715759277,1130.3466796875,2.262647151947021,0.0047052758745849,35.610816955566406,-1.0959796905517578,50.88027191162109,2418.658935546875,4205.71923828125,2266.91552734375,0.9345367
1074,-118.70188156009122,50.287756168579264,1,251.3843536376953,8.372164726257324,1375.3541259765625,6.640078067779541,-0.0071159685030579,0.0195262096822261,0.5835672616958618,2.0,10.341910362243652,804.2957153320312,2.166523694992065,0.0046239444054663,36.34035873413086,-1.1142200231552124,58.1921272277832,697.0228271484375,3323.16552734375,475.8821411132813,0.9242084
1075,-115.1699283977714,50.02972295175466,1,172.21571350097656,14.982048988342283,1753.1458740234375,4.68412446975708,0.1091738864779472,-0.026406517252326,0.6047820448875427,11.0,5.778855800628662,711.6942138671875,4.111486434936523,0.003473755903542,29.707143783569336,-0.8704900145530701,39.50021743774414,3801.778564453125,3620.702880859375,3773.208984375,0.9866316
1076,-115.7630149023677,50.67088963105558,1,291.10675048828125,22.76399040222168,1804.6575927734373,5.731608867645264,-0.0033273259177803,-0.0414420813322067,0.5801416039466858,11.0,7.998040676116943,561.3563842773438,2.9881410598754883,0.0034814539831131,30.27630043029785,-0.9502133727073668,25.475631713867188,1476.89111328125,1703.8121337890625,1584.5753173828125,0.9949018
1077,-116.14566736133452,50.98094060651188,1,185.40798950195312,9.68415069580078,1727.92333984375,7.582338333129883,-0.019301950931549,0.0963585451245307,0.6008897423744202,11.0,6.81720495223999,640.0492553710938,2.7861900329589844,0.0034722897689789,29.364421844482425,-1.0303399562835691,25.55909919738769,3759.623291015625,2949.17626953125,3811.69091796875,0.967395
1078,-116.74108076793968,51.28029125681167,1,152.2026824951172,14.72635555267334,1363.1400146484375,4.698671340942383,0.0831421539187431,-0.0224349964410066,0.7257193326950073,2.0,7.1255364418029785,837.3496704101562,2.4205431938171387,0.0036715096794068,31.837974548339844,-1.09272301197052,26.20011138916016,1321.802978515625,1974.57958984375,1066.9195556640625,0.80157006
1079,-116.3900139433066,50.70999026313156,1,247.9621124267578,21.322450637817383,2221.609130859375,6.243378162384033,0.0383816435933113,-0.0638689696788787,0.3846214115619659,2.0,6.097682952880859,806.0773315429688,2.9987716674804688,0.003693131962791,29.622005462646484,-1.2773642539978027,34.70354461669922,3653.71484375,6998.83935546875,3537.58740234375,0.9126948
1080,-117.25508084725702,51.16890588611268,1,21.144540786743164,15.220536231994627,1902.370361328125,8.541614532470703,0.015329984948039,-0.0069088404998183,0.6411571502685547,11.0,5.30916690826416,1298.3895263671875,2.4681951999664307,0.0034180446527898,32.06156921386719,-1.1675504446029663,31.623180389404297,4176.3828125,3276.88427734375,4320.0693359375,0.9841235
1081,-115.94380090185948,49.82927195228718,1,113.29845428466795,7.179174423217773,1519.4591064453125,9.47350025177002,0.0174894705414772,0.0226246453821659,0.5826185941696167,11.0,8.342903137207031,650.1369018554688,3.019172430038452,0.0036941447760909,32.76665115356445,-1.0854939222335815,53.286251068115234,5749.6474609375,7431.955078125,5779.51953125,0.9564741
1082,-120.230931949821,50.68018931692988,1,222.93264770507807,2.335226535797119,364.43206787109375,7.812430381774902,0.0097162770107388,-0.0052594374865293,0.3561255037784576,11.0,13.356626510620115,334.2707824707031,2.250272274017334,0.0044696936383843,26.51637458801269,-1.452326416969299,31.86482048034668,155.0088653564453,548.6577758789062,362.0685729980469,0.9730496
1083,-119.75061530046376,50.7712726751652,1,101.85627746582033,4.874540328979492,451.9512939453125,7.763916969299316,-0.0116549953818321,0.0014915916835889,0.3245847225189209,1.0,13.176140785217283,439.2401428222656,2.0435869693756104,0.0045613953843712,31.603139877319336,-0.9867048263549804,50.316856384277344,84.14812469482422,590.0794067382812,240.7808837890625,0.7576526
1084,-114.86109789973948,49.49187354841759,1,242.1948089599609,13.310920715332031,1984.845703125,5.761422157287598,0.0060782474465668,-0.0116950403898954,0.521149218082428,2.0,7.715264797210693,712.0216064453125,3.980461835861206,0.0038765496574342,34.103519439697266,-0.9327430725097656,59.080020904541016,2138.384521484375,5339.24072265625,2299.3505859375,0.72898877
1085,-115.1110293233356,49.40585592100815,1,193.807861328125,15.62557888031006,1550.688720703125,5.140073299407959,0.0572863258421421,-0.0458025820553302,0.6360414028167725,11.0,9.52410125732422,738.6674194335938,3.409263849258423,0.0041220420971512,36.337703704833984,-0.9231217503547668,67.21890258789062,981.3704833984376,4342.09130859375,813.6732788085938,0.9524622
1086,-114.73490011770868,49.68375667897845,1,121.9188461303711,23.60019874572754,1599.3358154296875,7.50304365158081,0.0491413064301013,-0.0015148805687204,0.6239116787910461,2.0,9.007610321044922,646.1642456054688,3.786334991455078,0.0038563015405088,35.816261291503906,-0.5995833277702332,54.634273529052734,1359.7373046875,3267.368408203125,1273.5855712890625,0.9490493
1087,-117.2228309614538,49.85228971579613,1,,,2145.194580078125,5.945464134216309,,,0.4429936408996582,2.0,5.893741130828857,1135.831298828125,2.995852470397949,0.0040641506202518,31.041234970092773,-1.4910069704055786,57.49536895751953,3786.72412109375,966.0000610351562,4060.175537109375,0.8497359
1088,-117.1555474493886,50.23275624372687,1,175.23544311523438,24.192142486572266,1487.027099609375,5.868792533874512,0.0358519852161407,0.0156474057585001,0.5784528255462646,11.0,6.269802570343018,1135.9410400390625,2.73025131225586,0.0037859422154724,30.836782455444336,-1.2876389026641846,41.61723709106445,8838.435546875,579.6824951171875,8896.7744140625,0.9916099
1089,-118.13404805386035,50.27430583280996,1,146.17123413085938,21.935211181640625,1636.947509765625,6.2882466316223145,-0.098647803068161,0.1067217737436294,0.7288488745689392,2.0,8.151605606079102,1102.619873046875,2.288563966751098,0.004269725177437,35.4374885559082,-1.17145836353302,53.45287322998047,1764.512451171875,6305.59912109375,1780.779541015625,0.96113646
1090,-118.18109849475226,50.39510583384592,1,184.9540557861328,21.47195053100586,1483.013916015625,5.103890419006348,0.0150593109428882,0.0066473740153014,0.4932161867618561,11.0,7.274822235107422,1213.605712890625,2.347431182861328,0.004133035428822,34.50407028198242,-1.1138888597488403,51.44368743896485,2406.399169921875,3706.581787109375,2592.0458984375,0.97830236
1091,-118.1721110221622,50.11212391940333,1,48.243499755859375,16.329151153564453,1654.7298583984375,5.548974514007568,-0.0093252584338188,0.0234936345368623,0.6184534430503845,11.0,7.613502502441406,1104.237548828125,2.474201202392578,0.0039642942138016,34.8010139465332,-1.1363193988800049,59.379390716552734,4039.663818359375,5340.7822265625,4118.36474609375,0.97655475
1092,-117.65695150694503,50.79565672296365,1,225.89035034179688,10.826173782348633,579.7897338867188,6.938035488128662,0.0675056278705596,-0.0191655401140451,0.8729432225227356,2.0,9.723840713500977,1069.56298828125,1.8735191822052,0.0040302081033587,33.67196273803711,-1.0957400798797607,31.16888999938965,3891.293212890625,533.0614013671875,3811.0078125,0.60140955
1093,-118.17199663191548,50.19060752212427,1,204.95399475097656,21.744705200195312,1714.693603515625,5.381654262542725,0.0395762026309967,-0.0617200769484043,0.587118923664093,11.0,6.9900736808776855,1185.0396728515625,2.5280308723449707,0.0040358584374189,34.166290283203125,-1.1306759119033811,58.12693786621094,1478.8173828125,6238.95556640625,1433.199462890625,0.98849505
1094,-117.82524825458918,50.47593927912777,1,311.6042785644531,23.720422744750977,1306.095703125,6.056976318359375,0.038824301213026,-0.0167794208973646,0.5853625535964966,2.0,10.025073051452637,1041.8480224609375,2.012927532196045,0.0045727635733783,35.049564361572266,-1.1548069715499878,40.39762496948242,2649.361083984375,2530.616943359375,2491.57666015625,0.9696632
1095,-117.60240109451829,50.08043908524858,1,236.29791259765625,14.547016143798828,1833.205810546875,4.463677883148193,0.0151293566450476,0.087039016187191,0.6933513879776001,11.0,6.367065906524658,1212.6893310546875,2.727781295776367,0.0041911108419299,31.92180633544922,-1.2954308986663818,49.28307723999024,7272.96044921875,6429.87841796875,7186.00537109375,0.9764406
1096,-117.47361685564368,50.03387309670305,1,60.59150695800781,19.59003448486328,1293.6717529296875,5.322346210479736,-0.0605954751372337,0.0616558790206909,0.6720256209373474,2.0,8.929012298583984,1032.5792236328125,2.374330282211304,0.0042813676409423,33.56744766235352,-1.2408580780029297,45.43560028076172,3205.159423828125,1481.0738525390625,3210.254150390625,0.96053404
1097,-122.42953231404827,50.62375574866697,1,147.7803955078125,10.875718116760254,301.32879638671875,13.290366172790527,0.0341711565852165,-0.0005544170853681,0.2506871521472931,2.0,10.385562896728516,655.0157470703125,2.214750289916992,0.0039174808189272,28.966211318969727,-0.7577725052833557,48.13750076293945,1109.1224365234375,0.0,977.4920654296876,0.86835015
1098,-122.49958231813493,50.58788903690608,1,131.8434295654297,27.153249740600582,1433.248779296875,5.341329574584961,-0.0093143992125988,0.0284305624663829,0.5693027973175049,11.0,9.008759498596191,726.35498046875,2.276071786880493,0.0038911900483071,30.123687744140625,-0.804330587387085,50.84675216674805,1432.61279296875,2406.061279296875,1621.12353515625,0.99601704
1099,-121.2167815513789,49.73870664915674,1,238.3919677734375,9.461620330810549,1583.213134765625,6.523580551147461,-0.025008613243699,0.0066807996481657,0.5850803852081299,11.0,8.552020072937012,786.4476928710938,2.257886409759521,0.0045322948135435,34.59311294555664,-0.9668179750442504,110.73851013183594,2998.166748046875,10207.3046875,3100.99560546875,0.8945062
1100,-119.94761510223252,49.98653930823434,1,331.8563537597656,3.474156618118286,1427.36376953125,9.597896575927734,0.0038628876209259,0.0034863133914768,0.5440730452537537,2.0,8.80479907989502,566.0938720703125,2.549504280090332,0.0039563099853694,33.3278923034668,-0.9378868937492372,58.32779693603516,103.37687683105467,1995.5941162109373,398.0972595214844,0.70633996
1101,-119.68891499605886,49.753656026761305,1,311.813232421875,13.174160957336426,674.898681640625,6.686057090759277,-0.03103650175035,0.0316077955067157,0.4193914532661438,11.0,14.624672889709473,339.02325439453125,2.2962241172790527,0.0047381636686623,26.57685852050781,-1.4991822242736816,41.52223205566406,4125.50146484375,1373.51025390625,3464.794677734375,0.9841971
1102,-119.76464830003222,49.71345601442692,1,135.90679931640625,7.710466861724853,521.06201171875,9.460404396057127,0.0348569452762603,-0.0129339201375842,0.2797034382820129,1.0,13.753741264343262,331.41571044921875,2.332735061645508,0.0046265008859336,26.256765365600582,-1.3883333206176758,39.53642654418945,799.1766967773438,668.377685546875,806.16162109375,0.91571665
1103,-118.89551495103484,50.125272838659285,1,164.0812530517578,13.436756134033203,1386.334228515625,6.650940895080566,0.0084801875054836,-0.0164396949112415,0.6438444256782532,2.0,9.50849723815918,759.5594482421875,2.317972421646118,0.0042227650992572,35.83082580566406,-1.1412675380706787,66.09979248046875,2666.9990234375,5697.669921875,2825.029052734375,0.9491639
1104,-117.88161395609036,49.37742471411056,1,147.59056091308594,23.459402084350582,1498.08203125,6.824455738067627,-0.0374891199171543,0.0374623648822307,0.6743223071098328,11.0,10.304571151733398,792.4093017578125,2.564682483673096,0.0043578813783824,35.300228118896484,-1.2604326009750366,73.4057846069336,2790.47705078125,3064.579345703125,2669.7236328125,0.983725
1105,-118.15586790618498,49.70700689694982,1,105.3342514038086,17.942424774169922,549.415283203125,12.195218086242676,0.0690126866102218,0.0005509175825864,0.3276883363723755,2.0,12.746700286865234,642.4984130859375,2.196328639984131,0.0045642489567399,34.65495681762695,-1.147283911705017,58.121917724609375,2973.36962890625,342.5599975585937,3255.92431640625,0.9783723
1106,-118.05556409769702,49.00470586479441,1,,,,,,,,11.0,,,,,,,,,,,0.51165277
1107,-118.21784907966104,49.558290887071976,1,87.54069519042969,15.853963851928713,1151.38720703125,5.167921543121338,0.0115470392629504,-0.0117676779627799,0.645857036113739,2.0,9.883764266967772,780.8840942382812,2.518099784851074,0.0044400761835277,34.636844635009766,-1.234861135482788,66.35865783691406,3460.56591796875,4293.974609375,3370.51123046875,0.78879887
1108,-118.06438383162754,49.489706498628905,1,211.85031127929688,8.015575408935547,826.6882934570312,6.532657623291016,0.0640778914093971,0.0012688344577327,0.5955511331558228,11.0,12.171060562133787,652.5714111328125,2.3490936756134038,0.0044918567873537,34.55145263671875,-1.343072772026062,61.44099044799805,5193.2724609375,2794.054443359375,5323.51513671875,0.95081437
1109,-118.09548121516008,49.40422288806212,1,146.18167114257812,22.916696548461918,959.7830200195312,5.862640380859375,0.0017186958575621,0.0336053147912025,0.6288069486618042,2.0,12.468429565429688,612.0890502929688,2.3677237033843994,0.0044653466902673,34.79990768432617,-1.3704513311386108,65.31843566894531,3455.5791015625,1881.0672607421875,3338.45068359375,0.95886767
1110,-118.35903106574864,49.45430606497169,1,247.22593688964844,9.726312637329102,1192.2440185546875,9.394420623779297,0.0229103881865739,-0.0209816563874483,0.6787263751029968,2.0,10.716209411621094,651.8555297851562,2.471775770187378,0.0041332673281431,34.920257568359375,-1.2828258275985718,64.6339340209961,3036.1630859375,3336.435302734375,3068.161376953125,0.89305437
1111,-116.51084802489156,49.480005872459614,1,161.3260498046875,10.580987930297852,1946.5567626953125,6.742264747619629,0.0115922791883349,0.0149513473734259,0.6094287633895874,2.0,5.953996658325195,941.025634765625,3.3320672512054443,0.0038250559009611,29.82723426818848,-1.2170486450195312,60.344181060791016,6234.3349609375,1266.30419921875,6230.638671875,0.94471234
1112,-116.86046501159538,49.13118990542425,1,161.36016845703125,11.324830055236816,1666.5953369140625,6.009393692016602,0.0068033277057111,-0.0107206190004944,0.6169431209564209,11.0,8.71569538116455,886.6393432617188,2.8298585414886475,0.0039790258742868,34.42068862915039,-1.0620996952056885,80.23335266113281,964.250244140625,13615.7490234375,787.9361572265625,0.9782613
1113,-117.13143064945984,49.11998987593032,1,47.012943267822266,14.73916244506836,1747.08056640625,6.580094814300537,-0.053636360913515,0.0691533908247947,0.5392065048217773,11.0,8.958270072937012,903.4602661132812,2.7935233116149902,0.0042338562197983,35.10269927978516,-1.0170832872390747,83.8191909790039,2960.258544921875,9512.462890625,3037.686767578125,0.9422964
1114,-115.45711390628624,49.07229105787106,1,183.70779418945312,13.71315097808838,1584.2149658203125,6.525242805480957,0.0168006103485822,-0.0048075732775032,0.6252291202545166,11.0,10.116768836975098,672.7274780273438,3.1195852756500244,0.004221377428621,36.29280853271485,-0.916479229927063,76.08301544189453,1000.0731811523438,9914.166015625,932.62109375,0.9605365
1115,-115.89506408264354,49.00203960222058,1,,,,,,,,,,,,,,,,,,,0.17682678
1116,-120.31053155034616,49.18293922567186,1,117.75653076171876,7.783638477325439,1831.784423828125,6.522133827209473,-0.0252175275236368,0.014426814392209,0.4788237810134887,11.0,8.11115837097168,633.30322265625,2.698666572570801,0.0038282310124486,33.24673843383789,-1.2103819847106934,69.59049224853516,4474.2783203125,5350.72119140625,4363.22998046875,0.8907403
1117,-121.18598148828426,49.14314082732165,1,140.23648071289062,16.652124404907227,808.2796020507812,6.150940895080566,0.0819573253393173,-0.0111781861633062,0.6809716820716858,2.0,9.656205177307127,1169.47265625,2.348796129226685,0.0045448574237525,37.02606964111328,-0.9376853108406068,125.59130859375,1504.05908203125,1334.895263671875,1658.9925537109375,0.68360513
1118,-119.86948144162234,49.08463927381801,1,42.40096664428711,9.702923774719238,2158.459228515625,5.886682510375977,-0.00294058653526,-0.0009746133000589,0.5678033828735352,11.0,6.973114490509033,689.29638671875,3.0901787281036377,0.0038192027714103,32.2116584777832,-1.3086519241333008,67.66563415527344,4406.78271484375,9368.1455078125,4509.57861328125,0.9042809
1119,-114.3607468000017,49.133139477644704,1,270.7584228515625,20.411212921142575,1637.7242431640625,5.873515605926514,0.0191739220172166,-0.0058170538395643,0.7074310779571533,2.0,8.025091171264648,768.6638793945312,4.315053462982178,0.0040121492929756,36.06859588623047,-0.8377430438995361,64.96399688720703,6637.19140625,804.2556762695312,6666.095703125,0.8779508
1120,-126.22355058919132,52.71350624700455,1,293.3804931640625,9.959922790527344,873.489990234375,7.585793018341064,-0.0084267137572169,0.0015739833470433,0.5878032445907593,11.0,8.916765213012695,807.7467041015625,2.020857334136963,0.004287198651582,30.581409454345703,-1.0494686365127563,55.71598434448242,30226.39453125,2372.060546875,30355.763671875,0.80461496
1121,-126.40121638950258,52.92525632599352,1,138.89952087402344,11.824592590332031,1189.2130126953125,5.638318061828613,0.0190563090145587,-0.0119896223768591,0.6025298833847046,11.0,7.40496301651001,912.7327880859376,2.1526763439178467,0.0039795846678316,30.9462890625,-1.1537327766418457,62.813961029052734,43791.87890625,3658.249267578125,43774.2578125,0.9217114
1122,-125.86438123133088,51.830289472254776,1,229.7781524658203,27.22318458557129,1310.4405517578125,4.653015613555908,0.0354308485984802,0.0149671668186783,0.5043767094612122,2.0,5.403785705566406,988.6655883789062,2.433936834335327,0.0035374599974602,28.087350845336918,-1.058184027671814,48.65275573730469,51894.390625,5448.9609375,50997.9765625,0.77297217
1123,-125.41928224716068,51.76170502658049,1,47.47692489624024,30.886741638183597,1216.2900390625,6.214751243591309,0.0049182903021574,0.0479742735624313,0.4788862466812134,11.0,7.444714546203613,709.5211181640625,2.12505316734314,0.0037996082101017,27.308744430541992,-1.008888840675354,42.6985969543457,32084.3984375,1980.44580078125,32217.18359375,0.9711355
1124,-116.71388171262448,50.37165700209484,1,,,1458.672119140625,5.987155437469482,0.0165659822523593,-0.0227076802402734,0.7267798781394958,2.0,5.3241472244262695,996.9673461914062,2.9710865020751958,0.0035827597603201,29.54905891418457,-1.2531591653823853,40.73640441894531,9176.7421875,619.7763671875,9276.3916015625,0.7739237
1125,-116.79831614817309,50.12535727706927,1,188.6900787353516,12.25983715057373,1987.642822265625,5.4781904220581055,0.0249743107706308,0.0016503927763551,0.5340568423271179,11.0,6.404368877410889,1013.01220703125,2.9660913944244385,0.0040740189142525,30.21807098388672,-1.4121285676956177,42.15324401855469,6621.01123046875,3861.342041015625,6732.40283203125,0.9865329
1126,-117.20079741210996,50.42272434939621,1,309.3153991699219,28.38629531860352,1425.4326171875,5.792584896087647,-0.0600258447229862,0.0837102979421615,0.6447164416313171,2.0,8.109053611755371,1058.953369140625,2.3436412811279297,0.0039422311820089,32.31950759887695,-1.2863003015518188,35.026119232177734,3501.4619140625,3439.933349609375,3531.893310546875,0.9699009
1127,-117.22741647834516,50.604872360905205,1,145.97691345214844,17.15981674194336,1451.259521484375,5.517904281616211,-0.0384315215051174,0.0419919937849044,0.6277628540992737,11.0,5.2076520919799805,1289.1646728515625,2.722275257110596,0.0038706769701093,30.754688262939453,-1.3326388597488403,34.45685577392578,10437.7822265625,3122.38427734375,10305.625,0.97870195
1128,-121.1584652606169,49.777305858584434,1,308.5879821777344,12.28857135772705,1586.2725830078125,5.928885459899902,-0.00598428491503,0.0427353531122207,0.6091645359992981,2.0,7.782454967498779,762.9793090820312,2.256289005279541,0.0043464046902954,33.57813262939453,-0.9772444367408752,105.910400390625,8131.6826171875,10564.5693359375,8166.697265625,0.65380657
1129,-126.87014865629176,50.1867879998425,1,106.09830474853516,18.671937942504883,456.8096923828125,7.185863494873047,0.020969932898879,-0.0141169941052794,0.7092780470848083,2.0,9.65863800048828,2688.362548828125,3.5601067543029785,0.0055139097385108,42.05729675292969,-1.1863291263580322,63.24900436401367,790.229248046875,1619.1741943359375,770.19140625,0.44595525
1130,-127.19020186396878,50.365640062395634,1,256.1778259277344,18.50124168395996,676.6084594726562,5.386025428771973,-0.0224463697522878,-0.0012241607764735,0.6004164218902588,11.0,10.020341873168944,2654.4296875,3.7458577156066895,0.0055387089960277,42.80518341064453,-1.0700013637542725,67.85577392578125,1831.465087890625,931.702392578125,1852.158447265625,0.60538435
1131,-126.48138516878578,50.07667293798482,1,89.13907623291016,5.752345561981201,433.2887878417969,6.753066539764404,-0.0271608550101518,0.0085202939808368,0.8019505739212036,11.0,10.211759567260742,2698.116943359375,3.243344783782959,0.0052242903038859,41.963863372802734,-1.374446988105774,65.6517333984375,769.8169555664062,745.0399169921875,799.0765380859375,0.5137214
1132,-127.10868172448872,50.28683986921823,1,256.4626770019531,11.563535690307615,543.2103881835938,5.77748441696167,0.0029789791442453,-0.0064697684720158,0.7414379715919495,11.0,9.860769271850586,2694.6796875,3.836739301681519,0.0055444440804421,42.55632019042969,-1.1162465810775757,65.36752319335938,5384.4287109375,2987.227783203125,5572.8623046875,0.15636998
1133,-126.92966555746594,50.16260658756526,1,240.75799560546875,16.01889991760254,497.1246948242188,6.283278465270996,0.0147167714312672,0.0198475550860166,0.7338442206382751,2.0,10.004812240600586,2768.66015625,3.726321458816528,0.0055529191158711,43.169734954833984,-1.202863693237305,61.86741256713867,3988.57763671875,2066.53271484375,4042.794189453125,0.14188573
1134,-126.97896670605957,49.95293938071363,1,108.6595687866211,11.17837142944336,504.8650817871094,5.289088726043701,-0.0288679059594869,0.01076565310359,0.5984113812446594,11.0,11.217554092407228,3166.22314453125,4.3193039894104,0.0058445055037736,46.85065460205078,-1.2960913181304932,55.786903381347656,4635.92431640625,5075.56396484375,4769.47900390625,0.14626703
1135,-126.96485229129271,49.912873576519054,1,140.31260681152344,14.822659492492676,501.078857421875,5.420565128326416,-0.0123583041131496,0.0555070266127586,0.7854478359222412,11.0,11.65647792816162,3255.64892578125,4.40025520324707,0.0059124291874468,47.47002410888672,-1.3171521425247192,56.30894470214844,8941.01171875,9319.7724609375,4466.326171875,0.121511675
1136,-118.52238402754172,49.54200595260206,1,138.35858154296875,15.521244049072266,1779.2789306640625,6.216115474700928,0.010413197800517,4.376076685730368e-05,0.7030442357063293,11.0,9.194165229797363,752.1130981445312,2.602600336074829,0.0039022909477353,35.00064849853516,-1.2999184131622314,70.67485809326172,2224.89599609375,2935.564697265625,2340.972412109375,0.99182945
1137,-116.51356409891858,49.37969076071845,1,148.75485229492188,9.249185562133787,1785.02685546875,6.579605579376221,0.0311321411281824,-0.0255983658134937,0.6768775582313538,11.0,7.132839679718018,895.9046630859375,3.1181740760803223,0.0040438589639961,31.4904842376709,-1.0641717910766602,66.32112884521484,2621.905029296875,5798.48486328125,2828.508056640625,0.9886332
1138,-117.0287314435401,49.52902471489482,1,52.37425994873047,15.118281364440918,1666.992919921875,5.479155540466309,0.0735809803009033,-0.0573653914034366,0.6103327870368958,11.0,7.420882225036621,984.8518676757812,2.920004606246948,0.0042614983394742,33.0206413269043,-1.3028407096862793,70.73479461669922,7772.298828125,1466.1668701171875,7943.421875,0.9647131
1139,-119.90898150522946,49.253939271346354,1,147.07180786132812,9.58005714416504,1703.13916015625,7.008695125579834,0.0066054677590727,-0.0118673099204897,0.6274914741516113,2.0,9.548439979553224,471.14404296875,2.72757625579834,0.0039992425590753,31.083833694458008,-1.4269027709960938,55.66781997680664,3438.66748046875,4044.00830078125,3671.275146484375,0.9192803
1140,-120.36624825283434,49.128572514045416,1,116.96537017822266,11.418477058410645,1779.47705078125,5.886772155761719,-0.0295139830559492,-0.0266938339918851,0.5111120939254761,11.0,7.687548160552978,701.5490112304688,2.726645469665528,0.0038630263879895,33.00769805908203,-1.0894908905029297,74.17589569091797,891.9807739257812,4570.58544921875,947.4478759765624,0.9748659
1141,-124.71571418552428,50.28982326340957,1,,,,,,,,,,,,,,,,,,,0.17682678
1142,-123.26153233726951,49.888955618479024,1,160.68092346191406,7.48827600479126,76.80748748779297,10.7861909866333,0.0182752404361963,0.0074537904001772,0.7320486903190613,2.0,12.12259578704834,1941.6490478515625,2.325451135635376,0.0048414538614451,43.62891006469727,-0.9842708110809326,77.22914123535156,391.7445068359375,763.0594482421875,262.3574523925781,0.26824275
1143,-117.0297844163813,49.81522243357953,1,76.23970031738281,13.428250312805176,1413.662841796875,6.864739418029785,0.0973241403698921,-0.0136137790977954,0.6062275767326355,2.0,6.400729656219482,1054.275634765625,2.904070854187012,0.0039292117580771,31.29054450988769,-1.3991855382919312,58.27812576293945,722.8973999023438,4416.044921875,1009.6824951171876,0.88138294
1144,-116.1429282092879,50.06795764868624,1,186.95001220703125,13.491183280944824,1926.7266845703125,6.100965023040772,0.0791458562016487,-0.0060708243399858,0.4808703064918518,11.0,5.357694149017334,826.1431884765625,3.5460760593414307,0.0035287702921777,29.11406135559082,-1.0891319513320925,47.08009719848633,1136.8021240234375,9266.697265625,1136.2791748046875,0.9510391
1145,-124.53644651782972,50.84765410232691,1,,,,,,,0.6795826554298401,11.0,9.444986343383787,991.90966796875,2.1411867141723637,0.0040730070322752,33.18889236450195,-1.1688154935836792,69.25650787353516,70038.453125,1606.7508544921875,35147.3046875,0.8598089
1146,-117.69618158145671,49.58167124433533,1,216.60162353515625,27.639509201049805,1547.6279296875,4.4085307121276855,-0.0251198709011077,0.0068461121991276,0.6275047063827515,2.0,10.83839988708496,845.7593383789062,2.3824398517608643,0.0040785754099488,35.69496154785156,-1.0740785598754885,65.0262680053711,1877.479248046875,2450.00048828125,1733.8883056640625,0.96582484
1147,-122.50383030483091,50.2067051225077,1,100.82242584228516,10.8717622756958,288.0591735839844,7.166346549987793,0.0095839081332087,0.0238083656877279,0.5751970410346985,2.0,10.927021980285645,1063.1871337890625,2.080629110336304,0.0042486591264605,33.50510787963867,-0.858234167098999,58.03618621826172,2002.250732421875,539.1124877929688,1974.4381103515625,0.5591914
1148,-119.55136837715912,49.4100211249906,1,252.25604248046875,15.793561935424805,674.2227783203125,7.180012702941895,0.0199112631380558,-0.0185063928365707,0.4029245674610138,7.0,13.739938735961914,325.3090515136719,2.448342084884644,0.004519092850387,25.5045223236084,-1.8120005130767824,39.25605773925781,549.5797729492188,1572.340087890625,842.7627563476562,0.940697
1149,-121.5656654412145,50.17758883051716,1,294.31549072265625,18.788597106933597,568.6089477539062,9.806437492370604,0.0149271134287118,-0.0203486513346433,0.7804054021835327,11.0,11.380931854248049,567.9058227539062,2.233916759490967,0.0042831096798181,31.84626197814941,-0.9214930534362792,71.98401641845703,507.763671875,1367.631103515625,616.568115234375,0.98276067
1150,-121.58621536731567,49.90672281670134,1,182.62405395507807,18.908344268798828,1458.1558837890625,6.8924407958984375,0.031315878033638,-0.0447882935404777,0.7285386323928833,11.0,7.4796929359436035,895.749755859375,2.269915819168091,0.0045114657841622,33.748878479003906,-0.9641940593719482,105.04005432128906,6350.169921875,7171.21484375,6353.8291015625,0.8627878
1151,-121.79271533998195,49.682672781842776,1,280.58349609375,18.770347595214844,643.5030517578125,7.259544849395752,0.0648638233542442,0.0152584668248891,0.7962228655815125,11.0,10.57334041595459,1221.985595703125,2.25927996635437,0.0048527275212109,39.54830551147461,-0.9507650136947632,113.49522399902344,3692.625,5022.0283203125,3605.139404296875,0.7118013
1152,-119.71979859912882,51.79395612780047,1,92.7519760131836,10.348014831542969,838.4705200195312,5.769834041595459,0.0223912093788385,0.0034658638760447,0.7463945746421814,2.0,8.866334915161133,909.6668090820312,1.9760884046554563,0.0038674939423799,36.51751708984375,-0.6610990762710571,43.51200485229492,707.4697875976562,2263.165283203125,673.3035278320312,0.541732
1153,-123.73863390828052,53.58192269166255,1,158.87380981445312,2.3696656227111816,864.6338500976562,7.651839256286621,-0.0078980959951877,0.0124568464234471,0.5876297950744629,11.0,9.976863861083984,488.2195129394531,2.0776498317718506,0.0039973338134586,34.95478057861328,-0.7053170204162598,52.43936538696289,1729.7005615234375,5228.06005859375,1662.1973876953125,0.9619481
1154,-120.98565209390684,59.39225620800785,1,21.12519645690918,0.2581704556941986,597.537841796875,10.087142944335938,0.0004251813224982,-0.0001035055029205,0.638998806476593,11.0,4.89782190322876,455.15716552734375,2.5163559913635254,0.0035428402479737,34.09327697753906,0.0611828751862049,55.68523406982422,10754.30078125,7106.87841796875,10834.4228515625,0.9470976
1155,-119.4053393118442,51.409412256939845,1,260.9838256835937,16.50250816345215,874.79736328125,7.252292633056641,0.0110820643603801,0.001457687234506,0.677703857421875,11.0,11.00830078125,795.0300903320312,1.810745358467102,0.004391134250909,36.350223541259766,-0.8377321362495422,47.07466506958008,1286.5811767578125,1910.22314453125,1259.0093994140625,0.9926973
1156,-118.42583207895336,50.87085623448821,1,129.8555908203125,19.245088577270508,1298.9091796875,6.211971282958984,0.0323108844459056,-0.0715102404356002,0.7119525074958801,2.0,7.874866008758545,1248.296630859375,2.10909104347229,0.0043336227536201,35.642086029052734,-1.0160937309265137,41.99933242797852,2417.3193359375,7556.44482421875,2306.71337890625,0.96260667
1157,-120.51333389549208,55.03557315980728,1,35.41505813598633,2.139979124069214,1037.6619873046875,5.754127502441406,-0.0052996627055108,-0.0009961420437321,0.6171366572380066,11.0,8.41040325164795,594.8936767578125,2.873704195022583,0.0037569694686681,39.57125854492188,0.3127642273902893,53.88658905029297,15389.4052734375,8634.0068359375,15240.7158203125,0.7977969
1158,-125.55729996561416,52.94317243773096,1,173.7416534423828,0.718098521232605,1180.274169921875,7.226239681243896,-0.0002764563832897,0.002701279008761,0.5701689124107361,11.0,8.459837913513184,507.1036987304688,2.144587516784668,0.0039476444944739,30.667272567749023,-1.328611135482788,51.509254455566406,9866.2431640625,4676.5703125,8117.158203125,0.9476429
1159,-122.4928004594318,55.52933891088652,1,208.18435668945312,8.834586143493652,696.8530883789062,6.559338092803955,0.0095192734152078,0.0257684215903282,0.7526306509971619,11.0,7.389452934265137,811.3067626953125,2.4350974559783936,0.0037007343489676,37.28878021240234,0.1051041632890701,53.72563934326172,776.6107788085938,172.62228393554688,512.1654663085938,0.86422104
1160,-120.89549822841926,49.82923889317896,1,217.4605712890625,7.311800479888916,1055.093505859375,5.698209285736084,0.0209606867283582,-0.0490128993988037,0.7289872765541077,11.0,9.96644401550293,503.61322021484375,2.2230241298675537,0.0042605376802384,32.15143585205078,-1.0461889505386353,72.63387298583984,176.5177001953125,2161.628173828125,411.23486328125,0.9710241
1161,-119.65239790558084,49.44875601560617,1,94.88272094726562,12.81281280517578,928.9287719726562,6.159489631652832,-0.0116269560530781,0.01639642752707,0.6128100752830505,11.0,12.96702766418457,339.2191162109375,2.4646663665771484,0.0045856116339564,26.768543243408203,-1.7020597457885742,40.0351448059082,465.5426330566406,3015.217529296875,350.2548828125,0.9831539
1162,-124.81398408811842,53.59953855162514,1,268.4900207519531,2.969909429550171,903.1266479492188,9.197229385375977,-0.0014685329515486,0.0089975874871015,0.5343692898750305,11.0,9.874043464660645,475.94537353515625,2.037818193435669,0.0041198986582458,33.541439056396484,-0.9438145756721495,46.48532485961914,2398.6123046875,2633.437744140625,2556.783935546875,0.9879941
1163,-117.46439755129649,49.63237327320039,1,250.98745727539065,13.281445503234863,1621.689697265625,4.747067451477051,0.0770927220582962,0.0004791460232809,0.7395198345184326,11.0,9.259358406066896,965.122314453125,2.553879737854004,0.0044195763766765,35.14008331298828,-1.1844370365142822,66.69001770019531,1200.49853515625,5044.01708984375,998.8171997070312,0.98360586
1164,-121.84134830214109,49.51550576899695,1,69.77238464355469,5.401232719421387,63.79988479614258,7.467628479003906,-0.0275363493710756,0.0221664067357778,0.3642945289611816,2.0,14.347570419311523,1680.5125732421875,2.512819766998291,0.0054347557015717,51.29570007324219,-0.9626389145851136,121.90779876708984,2249.4921875,155.7942657470703,2487.7451171875,0.24219613
1165,-120.99274887182976,51.93303897917786,1,217.35821533203125,5.488799571990967,919.99609375,6.270626068115234,0.0138368802145123,-0.0148484008386731,0.6857744455337524,2.0,10.727476119995115,582.0487060546875,2.2550742626190186,0.0041638426482677,36.22254180908203,-0.3699899017810821,41.57898712158203,2022.38134765625,297.6903381347656,2162.007568359375,0.5176068
1166,-121.0420830958646,52.58408899999353,1,30.373186111450195,3.3304388523101807,826.4756469726562,10.524895668029783,-0.000936460099183,0.0082354918122291,0.4236361682415008,1.0,10.772245407104492,792.4110717773438,2.1981072425842285,0.0040373275987803,38.290618896484375,-0.1721385866403579,37.68268203735352,7581.9501953125,472.9901123046875,7479.44384765625,0.65795016
1167,-120.70818242148442,50.62317295339283,1,276.9590759277344,7.496160984039307,1382.177001953125,6.016899585723877,-0.0004985932609997,0.0047108489088714,0.6325844526290894,11.0,9.065828323364258,439.2591552734375,2.48500394821167,0.0042308722622692,30.25784111022949,-1.253555417060852,36.2125358581543,709.2105712890625,975.715576171875,702.0985107421875,0.9759459
1168,-123.9222168226648,53.26608865851897,1,181.5167694091797,1.8852572441101076,984.7355346679688,9.526999473571776,0.0022966659162193,-0.0037155617028474,0.6440871357917786,2.0,10.158544540405272,447.9304809570313,2.097569942474365,0.0038806484080851,33.536109924316406,-0.6939287185668945,43.97947311401367,8980.890625,2822.256591796875,8881.423828125,0.757145
1169,-120.42324899857653,52.62935607902167,1,152.1903076171875,8.010696411132812,1232.271728515625,5.107171535491943,-0.0192537847906351,0.0552717223763465,0.7043257355690002,11.0,8.98599910736084,910.2261352539062,2.15810489654541,0.0038658264093101,36.50120544433594,-0.2435247749090194,34.74987030029297,37361.60546875,1246.9210205078125,37579.1640625,0.95124334
1170,-118.18623167635144,49.586523189018,1,49.67241668701172,8.680159568786621,795.1388549804688,5.022452354431152,-0.0049064992927014,0.0349588580429554,0.6645394563674927,11.0,11.516366004943848,688.9669189453125,2.352367162704468,0.0044875303283333,34.77259063720703,-1.1826539039611816,62.12112045288086,295.3372802734375,1570.9207763671875,506.3624267578125,0.76465905
1171,-118.82319821528384,51.08110619905831,1,208.45933532714844,17.31396484375,1503.6890869140625,5.876108169555664,0.048938151448965,0.0120521457865834,0.5333732962608337,11.0,7.949573993682861,1159.9390869140625,2.10453200340271,0.0046113072894513,36.04365158081055,-0.9431394338607788,47.33999252319336,498.0392150878906,5404.5771484375,522.45263671875,0.9818942
1172,-123.01568544103154,57.49717288360591,1,124.0162124633789,1.0252445936203003,1016.0880126953124,6.753744125366211,0.0014949314063414,0.0022770576179027,0.6150161623954773,2.0,6.527606964111328,600.898193359375,2.2435858249664307,0.0033973874524235,36.80297470092773,-0.0185001362115144,51.44022750854492,5005.95849609375,4220.55810546875,5021.4404296875,0.53592074
1173,-119.9537328060819,52.30375612278298,1,272.8358764648437,10.701616287231444,1733.162841796875,6.094961166381836,-0.047832790762186,-0.0010834616841748,0.6256749033927917,2.0,6.700234889984131,1067.69287109375,2.2218174934387207,0.0038652461953461,34.18955993652344,-0.4722222089767456,36.03300476074219,23688.548828125,4818.013671875,23754.072265625,0.81779
1174,-125.0223182672758,56.387672582682455,1,293.7690734863281,4.736034393310547,926.23291015625,6.678496360778809,0.005278315860778,-0.0040306518785655,0.4415293335914612,11.0,6.2706828117370605,531.0934448242188,1.887998461723328,0.003460070118308,31.5466365814209,0.0309269092977046,33.85065841674805,23930.11328125,1027.6146240234375,23811.48046875,0.92081916
1175,-125.0823835879115,52.05395547422446,1,135.57354736328125,2.9849839210510254,1136.7083740234375,7.289055824279785,0.0018805402796715,-0.0021004313603043,0.7394713759422302,2.0,9.229044914245604,394.2797546386719,2.036801338195801,0.0038723812904208,26.122119903564453,-1.293762445449829,30.963632583618164,430.0393371582031,4215.14404296875,405.4814453125,0.55642843
1176,-120.85993279410638,51.75928898777518,1,312.7819519042969,6.487054824829102,1367.9151611328125,6.751644611358643,0.0017791487043723,0.0120459338650107,0.6249561309814453,2.0,9.782025337219238,625.549560546875,2.326699733734131,0.0043554003350436,37.19057083129883,-0.5595945715904236,49.208961486816406,2183.968505859375,2230.27978515625,2289.452392578125,0.6552056
1177,-120.92289863505724,51.21247295590238,1,253.5522003173828,4.753367424011231,1153.0582275390625,6.267327308654785,-0.0063196984119713,-0.0039613479748368,0.5889648199081421,2.0,9.838621139526367,447.3704833984375,2.4150919914245605,0.0042210123501718,33.675559997558594,-0.9833154678344728,42.61549377441406,304.05938720703125,3201.988037109375,171.43626403808594,0.815616
1178,-120.71493300040432,52.47800603658116,1,235.3189697265625,20.56411361694336,1242.2847900390625,5.773735523223877,0.0162770990282297,0.0270211603492498,0.7108363509178162,2.0,8.722128868103027,906.7098388671876,2.2890350818634038,0.0040351143106818,36.88540267944336,-0.3299243152141571,39.63834381103516,15302.1435546875,2257.9208984375,15298.7861328125,0.8802812
1179,-116.88133135625368,49.31625631818899,1,165.73992919921875,23.35125541687012,1466.761962890625,6.075202941894531,0.0290296338498592,0.0491158589720726,0.7141768932342529,11.0,8.806421279907227,893.0689086914062,2.768892765045166,0.0041542639955878,34.24607467651367,-1.1090277433395386,74.23989868164062,826.5882568359375,6534.7490234375,539.1776733398438,0.98386407
1180,-120.04331509096902,49.87402299404329,1,195.4347076416016,6.669600009918213,1703.5252685546875,6.16745138168335,0.0088232457637786,0.000695347902365,0.6417893171310425,11.0,8.032158851623535,616.5157470703125,2.646810293197632,0.0039420309476554,33.17655944824219,-0.95664644241333,64.1317138671875,641.6103515625,2769.666259765625,663.6681518554688,0.9878824
1181,-120.86779873836082,51.57928897858024,1,255.7441253662109,2.099751234054565,1128.834228515625,7.142765998840332,-0.0072902138344943,0.0040759043768048,0.5906614065170288,11.0,9.767754554748535,546.516845703125,2.3400349617004395,0.0041649402119219,36.61869430541992,-0.7495822310447693,49.24150085449219,565.9575805664062,2277.458984375,339.7861022949219,0.9394067
1182,-125.73288541088912,56.45447248467013,1,236.9197235107422,6.182674407958984,1125.993896484375,7.169127941131592,-0.0207871347665786,0.00561010139063,0.5679655075073242,2.0,5.418145656585693,599.067626953125,2.016652584075928,0.0033216727897524,30.575668334960938,0.1481774896383285,34.780635833740234,34679.16015625,744.6121215820312,21445.439453125,0.579009
1183,-119.71343201622298,49.81438902865143,1,177.94760131835938,7.449223518371582,730.4656372070312,6.922780513763428,0.0448321886360645,-0.1051162928342819,0.4962456226348877,11.0,13.222017288208008,354.25213623046875,2.3284029960632324,0.0045127957127988,27.812578201293945,-1.442395806312561,41.531368255615234,945.4480590820312,2451.05126953125,910.4452514648438,0.9749853
1184,-118.67896503743678,50.56280618842653,1,270.4927673339844,18.28227806091309,1466.95703125,5.245849609375,-0.0547783821821212,0.0449557676911354,0.7350799441337585,2.0,10.443970680236816,884.4321899414062,2.0644826889038086,0.0046176468022167,35.604209899902344,-1.0737847089767456,52.38262176513672,2237.806396484375,3257.169189453125,2227.2822265625,0.9813261
1185,-121.5832324570996,50.22605583144108,1,252.41116333007807,14.192676544189451,356.7893371582031,5.352778911590576,0.0178765580058097,-0.0110334707424044,0.5714004635810852,8.0,12.471217155456545,499.8668823242188,2.2226362228393555,0.004310455173254,30.41590881347656,-1.008747696876526,64.28884887695312,334.67059326171875,560.8063354492188,271.819091796875,0.70558447
1186,-124.54335092178104,55.78817263780756,1,204.0689392089844,6.372815608978272,1028.9647216796875,6.766236305236816,0.0031926340889185,0.0069087450392544,0.5871272683143616,2.0,6.841451168060303,549.754638671875,1.943493127822876,0.0037007280625402,32.6320915222168,-0.1134689301252365,44.24836349487305,8102.65380859375,4756.44482421875,7954.8779296875,0.5791503
1187,-121.21054930734496,53.11805600030708,1,184.35171508789065,4.795455455780029,1162.19775390625,7.053725719451904,-0.0106547530740499,-0.0065607540309429,0.5303058624267578,2.0,9.582873344421388,938.6624145507812,2.3061795234680176,0.0040214224718511,39.91147232055664,0.0471991561353206,37.87373352050781,4314.208984375,1303.7840576171875,4345.41357421875,0.43399152
1188,-118.45721510530323,50.94255623478071,1,181.28082275390625,26.89945602416992,767.4774169921875,7.21761417388916,0.10061576962471,-0.0078615527600049,0.7177926301956177,2.0,9.80020236968994,1074.03466796875,1.8404055833816528,0.0043024201877415,36.11384582519531,-0.9554585814476012,38.64106750488281,724.4869995117188,1163.129638671875,619.5086669921875,0.8948574
1189,-120.02683220897212,50.30582301806583,1,178.68011474609375,2.400117874145508,1032.7301025390625,7.293842315673828,0.001564685953781,-0.002859263215214,0.6284478902816772,11.0,10.578710556030272,408.6832580566406,2.361693382263184,0.0041609588079154,30.624855041503903,-0.995972216129303,44.91918563842773,301.182373046875,2118.15478515625,247.49887084960935,0.9641711
1190,-120.90894898143172,52.31293900593031,1,266.6322631835937,16.85936737060547,1196.574951171875,6.368920803070068,-0.0128041375428438,0.0623786114156246,0.6386415362358093,2.0,8.958991050720215,849.6318359375,2.3140251636505127,0.0043874317780137,37.90449142456055,-0.3714248239994049,44.20455551147461,2623.2333984375,2735.9560546875,2455.55126953125,0.7547827
1191,-125.7108515617176,56.78700549085668,1,251.46517944335935,6.579327583312988,819.1417236328125,7.81404972076416,0.0089707178995013,-0.0044087716378271,0.4131254255771637,2.0,6.331753730773926,533.3208618164062,1.7973545789718628,0.003461628453806,30.2622013092041,0.1747128516435623,30.255464553833008,36366.41015625,49.980255126953125,36424.99609375,0.6118861
1192,-123.97401691600884,53.50045565782328,1,300.2670288085937,3.269427537918091,911.925048828125,6.890209674835205,0.0039645237848162,0.0039409263990819,0.6385452151298523,11.0,9.8446044921875,474.7009582519531,2.074934720993042,0.003949174657464,34.24249649047852,-0.7131555676460266,47.85612869262695,642.9913940429688,808.4598999023438,779.1249389648438,0.89082557
1193,-118.71194818164264,51.03852321006455,1,148.4556121826172,16.398540496826172,697.4719848632812,6.355632781982422,0.0229048710316419,-0.0185872577130794,0.6831175088882446,11.0,9.27466106414795,1084.8760986328125,1.8835660219192505,0.0043633221648633,36.42982482910156,-0.9231452941894532,44.06834411621094,492.77099609375,876.3795776367188,438.5059814453125,0.948316
1194,-120.34734911170858,53.00145610393986,1,256.407958984375,19.89673614501953,1479.794677734375,6.539822101593018,0.0365545116364955,0.0044259056448936,0.6743001937866211,2.0,5.893940448760986,998.9032592773438,2.37956976890564,0.0033611867111176,33.23615264892578,-0.0873956307768821,35.022159576416016,29019.49609375,1699.351806640625,28854.65234375,0.680076
1195,-119.52379846427084,51.47658913666334,1,160.3229217529297,16.820337295532227,1050.82763671875,5.3311614990234375,-0.0690840855240821,0.0347401797771453,0.7291415929794312,11.0,10.084025382995604,820.7377319335938,1.88602077960968,0.0041557648219168,36.122928619384766,-0.7772916555404663,47.8499641418457,724.9843139648438,3785.12744140625,609.4926147460938,0.9752721
1196,-121.2017985187698,50.66217289719236,1,301.3922119140625,10.030226707458496,1493.4453125,6.569937229156494,-0.0009810721967369,-0.0048065413720905,0.6391635537147522,11.0,10.04216766357422,392.1219787597656,2.454259157180786,0.0042370329611003,27.58513641357422,-1.1623873710632324,30.704065322875977,3005.572021484375,5014.47314453125,2943.58837890625,0.95649844
1197,-115.45084704044996,49.18670646605336,1,201.9651031494141,2.9274020195007324,1098.3505859375,6.021470546722412,0.0008901339024305,0.0061706989072263,0.7080748677253723,2.0,11.4417724609375,595.65869140625,2.866774797439575,0.0042879302054643,36.42255401611328,-1.176338791847229,66.13140869140625,433.0380554199219,2793.392822265625,155.56614685058594,0.5822471
1198,-121.91768172579825,50.94558882405893,1,145.51895141601562,7.191016674041748,968.4888305664062,6.647412300109863,0.000248242606176,-0.0089618172496557,0.4568585753440857,11.0,10.684564590454102,376.7766418457031,2.403777599334717,0.0038675558753311,27.74958038330078,-1.2518179416656494,29.021320343017575,393.2952270507813,2848.40185546875,564.0955200195312,0.947934
1199,-116.71509786487958,51.27205645710183,1,230.8142242431641,20.39157485961914,1590.7369384765625,5.40350341796875,-0.0611650682985782,0.1061406880617141,0.5643406510353088,2.0,7.399972438812256,802.5335693359375,2.348777532577514,0.0036603438202291,31.94116973876953,-1.069236159324646,26.152149200439453,1394.8570556640625,1440.7357177734375,1244.9512939453125,0.920314
1200,-126.97051979910592,58.82367232630609,1,172.654296875,8.628793716430664,1297.354248046875,6.296952247619629,-0.0165670346468687,0.0106283798813819,0.6926872134208679,2.0,4.789356708526611,579.3491821289062,1.740598440170288,0.0033663373906165,30.99884605407715,0.3982171416282654,40.85393905639648,69713.640625,5954.3388671875,69717.3984375,0.082337275
1201,-120.59351670245944,54.50417313027134,1,198.29444885253903,4.01410722732544,1098.4832763671875,6.102235317230225,0.0151197453960776,-0.0146807758137583,0.6342377662658691,1.0,7.222999572753906,792.2955322265625,2.786044120788574,0.0035684702452272,38.02508163452149,0.3075248301029205,50.80546188354492,34460.66796875,489.6648254394531,34416.76953125,0.7014995
1202,-118.0476146861154,49.72448921264377,1,65.30879211425781,12.647238731384276,1686.903564453125,5.058135509490967,-0.0046808584593236,0.0880569964647293,0.6062681078910828,11.0,8.973053932189941,907.8388061523438,2.520364999771118,0.0045357272028923,34.4005241394043,-1.151882886886597,63.5513916015625,3239.63427734375,5475.357421875,3251.024169921875,0.9749962
1203,-119.01434841351347,51.62107320433021,1,264.4908142089844,31.208724975585938,1504.8892822265625,4.033360004425049,0.0401927940547466,0.0136355413123965,0.5204339027404785,11.0,6.582098007202148,1220.5367431640625,2.131966352462769,0.0038849951233714,34.64519119262695,-0.7574396729469299,41.2929801940918,8152.91455078125,2217.59375,8130.85400390625,0.9867126
1204,-117.35163175901016,50.47680633646343,1,200.87319946289065,11.76759433746338,1545.076904296875,5.2481842041015625,0.0103190150111913,0.0135288191959261,0.5957369804382324,11.0,7.127987861633301,1193.6092529296875,2.429393529891968,0.0038861036300659,32.24207305908203,-1.2759722471237185,34.941951751708984,5745.59033203125,865.6851196289062,5604.6328125,0.9825607
1205,-118.33798235464876,51.84193929648322,1,170.06431579589844,26.38080406188965,1233.6055908203125,6.176654815673828,0.0138352597132325,0.0164973586797714,0.5003193020820618,11.0,6.111712455749512,1200.5924072265625,2.039832830429077,0.0036772079765796,33.5178108215332,-0.7565277814865112,33.06484603881836,17374.529296875,1190.2530517578125,17371.009765625,0.9769543
1206,-122.86468550010636,57.79567285096263,1,68.5976791381836,2.497328519821167,757.7830200195312,6.917438507080078,0.0153352692723274,-0.0027382096741348,0.6017500758171082,11.0,6.345738887786865,560.0159301757812,2.151772737503052,0.0036565258633345,37.52206039428711,-0.0308281630277633,62.36843490600586,1714.33544921875,2092.466064453125,1744.8829345703125,0.90749884
1207,-120.5157482331944,50.08342294982259,1,201.509765625,3.497867584228516,772.4150390625,7.761369228363037,0.0122697334736585,-0.0195944160223007,0.5050371885299683,11.0,11.558246612548828,347.8428955078125,2.3398706912994385,0.0042816353961825,26.57223892211914,-1.2658514976501465,31.9300479888916,493.0671997070313,7062.8603515625,419.436767578125,0.97467446
1208,-120.2466819376518,49.16897293290553,1,190.5894775390625,17.19339370727539,1675.1256103515625,4.938887596130371,-0.0286641959100961,0.0543236471712589,0.5984224081039429,11.0,8.667603492736816,581.2488403320312,2.6964776515960693,0.0038419652264565,32.999046325683594,-1.2805960178375244,64.75865936279297,1600.2564697265625,2552.79296875,1755.7939453125,0.9868519
1209,-118.27394796423128,50.57288923603453,1,191.9917755126953,25.463703155517575,1449.6278076171875,6.065410137176514,0.0241079311817884,-0.0046201688237488,0.7034322023391724,11.0,7.259252071380615,1268.5064697265625,2.3000173568725586,0.0040385290049016,35.03860092163086,-1.0860698223114014,47.56917572021485,9178.81640625,7446.4716796875,9183.5068359375,0.9852985
1210,-118.25453197126394,50.61033923960719,1,229.2971954345703,19.581865310668945,1413.4102783203125,6.1664628982543945,0.0591029040515422,0.0043260040692985,0.7203314304351807,2.0,7.151730060577393,1296.7916259765625,2.2906460762023926,0.0039927856996655,34.94784927368164,-1.0830554962158203,46.70903778076172,9006.1484375,7530.64208984375,8915.7880859375,0.9491678
1211,-120.4051326832001,51.66672303941526,1,190.4728546142578,9.04603385925293,1353.9398193359375,6.146202087402344,0.0292077641934156,0.0027783976402133,0.6636399030685425,11.0,8.517840385437012,769.0013427734375,2.28230619430542,0.00393523927778,37.499290466308594,-0.6842751502990723,56.84632873535156,2355.025390625,1597.2696533203125,2356.76806640625,0.9822624
1212,-121.10409823906328,49.74198886421728,1,55.58699035644531,10.115246772766112,1223.81396484375,6.60387659072876,0.1037993431091308,-0.0045663327910006,0.7295520901679993,2.0,7.855489730834961,745.5702514648438,2.257575035095215,0.0042974692769348,33.59999465942383,-1.067420482635498,105.82649993896484,5427.87646484375,6733.7431640625,5590.26123046875,0.59774387
1213,-120.8122325238231,50.90955595542404,1,136.4613494873047,7.336677551269531,1057.83935546875,7.350959777832031,-0.0152552351355552,0.0095784673467278,0.5591176152229309,11.0,10.230890274047852,402.2228698730469,2.4206550121307373,0.0041547361761331,30.978439331054688,-1.1024959087371826,36.264286041259766,160.40274047851562,826.2163696289062,419.57611083984375,0.9542636
1214,-126.94825058566158,54.06038827789637,1,165.3365478515625,13.376486778259276,1345.4754638671875,6.199436664581299,-0.0172137357294559,0.0215260684490203,0.6258363127708435,2.0,7.630784511566162,814.7421875,2.343130111694336,0.0039407373405992,33.56483840942383,-0.89836186170578,82.8900146484375,1790.71728515625,3407.32861328125,1749.57958984375,0.89067423
1215,-117.28684754390336,49.73163929879062,1,195.0979156494141,21.19879722595215,1890.29638671875,4.675021648406982,-0.0329152904450893,0.0356159843504428,0.5592673420906067,11.0,7.430476665496826,1070.2005615234375,2.7479379177093506,0.0039743743836879,33.58673477172852,-1.289293646812439,63.94503784179688,1480.3302001953125,7019.72119140625,1332.807861328125,0.97811615
1216,-117.81809820677968,51.687873350282985,1,177.28065490722656,22.92074203491211,1751.6920166015625,5.069173336029053,0.046424001455307,-0.0707120820879936,0.6697462797164917,11.0,3.530632495880127,1304.5384521484375,2.543490171432495,0.0034672848414629,30.550193786621094,-0.9946527481079102,30.07500267028809,18367.841796875,6616.853515625,18329.69921875,0.97994757
1217,-118.58254836036632,51.71177326075186,1,235.8709259033203,18.82674789428711,1190.7088623046875,5.121386528015137,-0.0002462978591211,0.0423731319606304,0.7110766768455505,2.0,8.897326469421387,1142.8992919921875,1.7193093299865725,0.0042576515115797,36.13875579833984,-0.7269089818000793,33.7244987487793,3002.10888671875,4049.27685546875,2928.978759765625,0.9584807
1218,-118.63708185224787,49.93145615840588,1,289.06256103515625,15.725327491760254,1523.4169921875,6.112738609313965,-0.0138845136389136,0.0123612890020012,0.7069766521453857,11.0,8.68863296508789,844.6318969726562,2.4389071464538574,0.0039886478334665,35.39755630493164,-1.084290862083435,64.84647369384766,1336.5869140625,3621.4912109375,1285.2056884765625,0.99103445
1219,-120.00193236703817,50.86433904883612,1,105.7389144897461,20.129409790039062,1307.1785888671875,5.654704570770264,-0.0171324051916599,0.0368000976741313,0.6661139130592346,2.0,10.030874252319336,555.6574096679688,2.274475574493408,0.0040514981374144,34.72650909423828,-0.9972222447395324,56.39723587036133,1272.3604736328125,4070.290283203125,1027.8887939453125,0.9794915
1220,-116.80808161465754,50.33710639052503,1,298.5746154785156,26.22117042541504,1871.439697265625,5.653743743896484,0.0833771526813507,-0.0387680754065513,0.5995349287986755,2.0,7.017952919006348,978.4298706054688,2.7435057163238525,0.0039527583867311,31.10659408569336,-1.2309197187423706,39.98689651489258,2876.9619140625,1224.1907958984375,3077.0390625,0.97848684
1221,-123.38988351815266,52.64520570679274,1,259.0054016113281,8.017410278320312,1088.1656494140625,6.368902206420898,-0.0198361575603485,0.004688998684287,0.67029869556427,11.0,10.483609199523926,393.2772216796875,2.182055950164795,0.0038503787945955,30.67097282409668,-0.923472225666046,31.76698875427246,1022.1043090820312,2085.474609375,835.2679443359375,0.9069347
1222,-119.42306583235582,52.6854732052405,1,179.6409912109375,27.107959747314453,1896.6614990234373,5.072399139404297,-0.0420725718140602,0.0280000884085893,0.5057350397109985,11.0,5.722321510314941,1034.16259765625,2.1833384037017822,0.0034413647372275,32.75492477416992,-0.3545792400836944,30.502647399902344,7273.435546875,4142.2060546875,7494.2001953125,0.9833772
1223,-118.90801525366427,51.15943919288633,1,232.63702392578125,9.913601875305176,458.1112060546875,7.387662887573242,0.01695535518229,0.0042345821857452,0.7122617959976196,2.0,11.464378356933594,930.5593872070312,1.727726697921753,0.0047676302492618,37.70125198364258,-0.8514058589935303,43.048336029052734,3818.312744140625,821.9898071289062,3914.193359375,0.73733777
1224,-116.51029741429608,49.81580639165183,1,279.9555358886719,17.986534118652344,1870.5489501953125,7.063982963562012,0.072721280157566,0.001906877849251,0.596698522567749,2.0,6.673859596252441,885.4373168945312,3.059438467025757,0.0037393132224678,29.733312606811523,-1.1647568941116333,46.74480056762695,3727.04296875,3644.560302734375,3723.034912109375,0.97056985
1225,-115.4299311568704,49.65562350073085,1,,,1933.1434326171875,4.755558013916016,,,0.6990882158279419,11.0,7.158916473388672,735.3052368164062,3.6878950595855713,0.0037018312141299,32.12497329711914,-0.9851388931274414,53.16205978393555,828.0006713867188,1157.2056884765625,856.6686401367188,0.9887368
1226,-118.56996535047412,51.68580626105856,1,221.52687072753903,27.502723693847656,1107.76416015625,4.614233493804932,0.0181170850992202,-0.0007037839386612,0.6739163994789124,11.0,9.242314338684082,1131.7904052734375,1.688689947128296,0.0042654848657548,36.19570159912109,-0.7372093200683594,33.333045959472656,2083.62353515625,1393.6002197265625,2134.617431640625,0.9905563
1227,-121.22553230683964,49.91122285846287,1,187.71080017089844,9.656926155090332,1475.8463134765625,8.30087947845459,-0.0018930780934169,-0.0072538116946816,0.7327149510383606,11.0,8.15658950805664,695.6690063476562,2.2328033447265625,0.0042134909890592,33.44016647338867,-1.0230902433395386,95.73625946044922,5589.2265625,10842.8837890625,5460.3740234375,0.77667785
1228,-119.48618178139904,49.08920601377539,1,231.7116241455078,13.501484870910645,607.97607421875,4.902474403381348,0.0295812860131263,-0.0049764108844101,0.3451640605926513,11.0,15.262794494628906,284.6913757324219,2.4869980812072754,0.0044666207395493,22.6141300201416,-1.7212215662002563,36.61199188232422,175.92572021484375,2262.627685546875,337.90509033203125,0.9868977
1229,-118.98276515984124,50.79520616529681,1,289.8515930175781,14.929715156555176,586.0427856445312,7.560553550720215,0.0298764687031507,-0.0270194616168737,0.567779541015625,11.0,12.015100479125977,743.275390625,1.8655519485473635,0.0047116708010435,35.981544494628906,-1.027885675430298,53.52701950073242,768.5569458007812,689.5942993164062,835.904541015625,0.989081
1230,-124.58435075776354,55.38917262414435,1,236.2460479736328,2.8926100730896,1022.4613647460938,6.695107460021973,0.0158415809273719,-0.001640255912207,0.5673659443855286,11.0,6.399353504180908,583.4721069335938,2.061887264251709,0.0036425406578928,32.776493072509766,-0.204965278506279,48.62550735473633,3008.3017578125,132.32327270507812,2904.3330078125,0.93126285
1231,-121.25149999671687,54.94327305951921,1,193.1194610595703,7.6440582275390625,1319.3935546875,6.754910469055176,-0.0127635337412357,0.031142484396696,0.6951653957366943,11.0,7.467350959777832,781.4788208007812,2.8285224437713623,0.0037036761641502,37.85591125488281,0.2188968360424041,52.23408508300781,10705.544921875,3133.11376953125,10624.140625,0.56403774
1232,-121.24116692682404,54.77248905495997,1,118.1613998413086,5.262377262115479,927.329833984375,7.335122585296631,0.0137793403118848,0.0040152035653591,0.526951014995575,2.0,8.063931465148926,766.1411743164062,2.67993712425232,0.0038585611619055,38.0380744934082,0.0949652791023254,47.65142822265625,9462.0703125,217.52395629882807,9358.6884765625,0.46682802
1233,-120.67458201513836,49.18583888534568,1,287.1730651855469,11.779159545898438,1459.863037109375,5.930300235748291,0.0086223036050796,0.0039225104264914,0.6612001657485962,11.0,9.239048957824709,687.7896118164062,2.377908945083618,0.0040746973827481,33.80268096923828,-1.033506989479065,85.1440200805664,5923.11279296875,6749.06982421875,6119.65380859375,0.9433545
1234,-125.00851746417928,54.497305547764014,1,122.24798583984376,3.1325523853302,979.7780151367188,7.6416239738464355,0.0001944485848071,0.0112186819314956,0.5823489427566528,11.0,8.121146202087402,533.1328735351562,2.045013904571533,0.0040190150029957,35.31755065917969,-0.6704994440078735,71.84164428710938,12218.1103515625,1639.66259765625,12465.0263671875,0.8466633
1235,-121.05106625580086,53.051089018042745,1,,,952.3133544921876,8.909516334533691,-0.010814213193953,0.0150534585118293,0.729852557182312,2.0,8.27975845336914,984.4684448242188,2.4348337650299072,0.0039612036198377,38.09642028808594,-0.0629553645849227,36.8847541809082,7198.2451171875,413.78607177734375,7335.80908203125,0.81277823
1236,-116.62593135994013,49.52292335972376,1,129.30027770996094,14.775667190551758,2022.2196044921875,6.131864070892334,-0.0260750483721494,0.0670114457607269,0.6607325673103333,2.0,6.690840721130371,929.4529418945312,3.1642050743103027,0.0041108862496912,30.6807918548584,-1.072595477104187,60.54586410522461,2959.5126953125,8525.0830078125,3243.419189453125,0.95030236
1237,-116.61264752990496,50.16982340220391,1,200.7646026611328,24.523517608642575,1709.0748291015625,4.940851211547852,0.0963727459311485,-0.0335479862987995,0.5673785209655762,11.0,5.531789779663086,968.2493286132812,3.1180217266082764,0.0035018960479646,29.13680648803711,-1.3457136154174805,40.82462692260742,19784.123046875,3630.34619140625,19818.47265625,0.9836128
1238,-119.53401486240294,49.361573023774646,1,211.37838745117188,10.271367073059082,584.99560546875,6.465415954589844,0.0595037788152694,-0.0366283729672431,0.4326456189155578,11.0,14.012574195861816,305.9265441894531,2.434440851211548,0.004475540947169,24.39639663696289,-1.8721500635147093,37.02848434448242,1057.1669921875,2906.230712890625,862.504638671875,0.97442436
1239,-121.86501805977218,57.14283903733734,1,122.79937744140624,2.14424729347229,839.5228881835938,10.508399963378906,-0.0009984612697735,0.004412324167788,0.7124609351158142,2.0,6.589496612548828,538.7716674804688,2.654003620147705,0.0036514855455607,37.22354888916016,-0.0582032352685928,45.72729110717773,20476.98046875,2988.6650390625,13271.45703125,0.2676051
1240,-129.29313663359184,57.86678798105793,1,143.0115966796875,2.7417004108428955,1201.859375,7.117269992828369,-0.0065210680477321,0.0024597877636551,0.6441044807434082,2.0,5.459803581237793,567.328125,1.808166027069092,0.0033962989691644,30.13863182067871,0.8126972317695618,42.92953872680664,36041.12109375,6196.6103515625,36181.1171875,0.53233165
1241,-120.89553296468954,52.268456005581655,1,250.6302795410156,7.086856365203857,933.8712768554688,8.993464469909668,0.0190699100494384,-0.0061881486326456,0.6888531446456909,11.0,9.753886222839355,778.18115234375,2.2451980113983154,0.004300813190639,38.03393173217773,-0.4446261525154114,42.54463577270508,2063.6103515625,1237.420654296875,1993.3717041015625,0.95248276
1242,-125.6744868218762,52.48624941102639,1,123.88760375976562,7.574313640594482,1590.4613037109375,7.530640602111816,0.0050181038677692,0.001411386183463,0.6678885221481323,2.0,7.197630405426025,638.0399780273438,2.30092716217041,0.0037354419473558,28.77200698852539,-1.37221360206604,48.04048156738281,5982.775390625,3900.865478515625,5815.05810546875,0.55957055
1243,-121.43451462019384,51.23479700547227,1,216.65711975097656,0.4816927313804626,1103.41796875,9.384239196777344,0.0031401207670569,-0.0008866962161846,0.6527531147003174,11.0,10.174570083618164,376.2137145996094,2.449397087097168,0.0042751980945467,29.918689727783203,-1.1798263788223269,35.15216827392578,780.5469970703125,5282.77197265625,649.79931640625,0.97435445
1244,-122.2370829282836,51.43000580606304,1,80.58728790283203,15.197543144226074,624.5214233398438,5.436008453369141,0.0349809229373931,-0.012081398628652,0.4167832732200622,11.0,12.118854522705078,321.2845153808594,2.2878007888793945,0.0040915734134614,25.46512222290039,-1.1049485206604004,26.37335968017578,1805.7435302734373,1129.33056640625,1823.3203125,0.9789773
1245,-120.78139876322928,51.70555599493467,1,179.4950714111328,6.183121681213379,1246.0306396484375,6.748696327209473,0.0187387000769376,0.0060032973997294,0.6368634104728699,2.0,9.327559471130373,643.3268432617188,2.337610244750977,0.0042934454977512,37.50154876708984,-0.7508701086044312,51.690372467041016,1247.3203125,1171.0201416015625,1409.7469482421875,0.7055945
1246,-126.03109978265792,52.21148835732293,1,,,,,0.0352975204586982,-0.087515614926815,0.7335132360458374,11.0,7.3294196128845215,910.2008056640624,2.199902296066284,0.0038735701236873,28.73073387145996,-0.9627186059951782,46.04432678222656,16827.37109375,705.8191528320312,16987.1484375,0.92834806
1247,-118.90888189988644,49.92053912620537,1,256.3028564453125,3.251784563064575,1848.40673828125,7.88466215133667,-0.0060882559046149,0.0029868958517909,0.6998939514160156,11.0,7.220289707183838,904.107421875,2.701333999633789,0.003821384627372,34.188819885253906,-1.1660442352294922,75.12998962402344,1222.0418701171875,5864.703125,938.5150756835938,0.97331977
1248,-117.24393180211888,50.70012336189562,1,,,,,,,0.6618754267692566,11.0,4.970975875854492,1306.3800048828125,2.6952812671661377,0.0037645401898771,30.888578414916992,-1.3763742446899414,33.95760726928711,7636.3837890625,695.7518310546875,7552.86669921875,0.89257765
1249,-118.1099816814176,49.66623920248424,1,303.744384765625,14.498578071594238,853.32666015625,7.545886516571045,0.0370894633233547,0.0191649086773395,0.6660199761390686,2.0,11.779879570007324,706.13623046875,2.302245855331421,0.0046532996930181,34.69667434692383,-1.191383957862854,60.15749740600586,6136.9873046875,1659.41845703125,6151.03076171875,0.8912544
1250,-125.5020182999982,56.28933851391148,1,50.0074348449707,3.921383857727051,1065.1427001953125,8.005086898803711,0.0109087945893406,-0.0017701833276078,0.4004788398742676,2.0,5.732364177703857,566.1342163085938,1.999280571937561,0.003464929992333,31.118661880493164,0.0624519363045692,39.10375595092773,12632.796875,842.1200561523438,10298.517578125,0.4906488
1251,-121.61696584300908,51.49372288416776,1,229.56614685058597,0.6555815935134888,1154.273193359375,8.270957946777344,-0.0049476977437734,0.0014340209309011,0.4961958825588226,2.0,9.785287857055664,408.8406677246094,2.473684787750244,0.0040698051452636,32.183387756347656,-1.0203728675842283,43.35450744628906,7580.24267578125,2532.89208984375,7533.23291015625,0.92203176
1252,-125.64368389528325,52.712838420199446,1,96.20580291748048,4.051837921142578,1536.816650390625,6.893577575683594,-0.0007407602970488,0.006124457810074,0.6118393540382385,11.0,7.173490047454834,619.4924926757812,2.3097994327545166,0.0037429220974445,29.969152450561523,-1.3397797346115112,56.42316436767578,9289.0869140625,6227.70068359375,8536.21484375,0.93256515
1253,-117.54383212221056,51.588123377870986,1,64.61030578613281,14.288546562194824,1607.1024169921875,5.76336145401001,0.0255929008126258,0.1186471134424209,0.5934114456176758,2.0,6.54953145980835,1172.1771240234375,2.151439905166626,0.0038872668519616,33.10159683227539,-0.9879999160766602,31.155601501464844,6403.6689453125,3649.901611328125,6417.91162109375,0.9082088
1254,-120.89674885035532,51.91790599004848,1,288.0134582519531,2.877033472061157,1041.5816650390625,7.322348117828369,-0.0088447304442524,0.0093552209436893,0.7134347558021545,2.0,10.430843353271484,616.4478759765625,2.2505974769592285,0.0042204903438687,36.73048782348633,-0.4454720318317413,43.13450241088867,982.5704956054688,2466.720947265625,1056.0902099609375,0.5177555
1255,-118.47003198427544,50.51585621065833,1,116.93656158447266,11.577043533325195,961.8187255859376,8.850963592529297,-0.0054126190952956,0.0457352884113788,0.6095665693283081,2.0,8.987160682678223,1016.8545532226562,2.1019439697265625,0.0045183743350207,35.29513168334961,-1.1548610925674438,46.85514831542969,852.5621337890625,628.4415283203125,785.28271484375,0.8239531
1256,-118.57218202864723,50.60333920285169,1,114.61507415771484,16.685928344726562,1371.3509521484375,6.809774875640869,-0.0142978932708501,0.0317503623664379,0.7093105316162109,2.0,8.14387035369873,1101.939697265625,2.214172840118408,0.0046923067420721,35.83467483520508,-1.1016042232513428,50.762332916259766,1483.44189453125,3333.78271484375,1630.540771484375,0.9697491
1257,-120.25996519412344,50.10462298024973,1,223.0690460205078,3.762392282485962,1140.969970703125,7.06313419342041,-0.0092082107439637,0.0086162369698286,0.4548910558223724,11.0,11.205289840698242,366.89990234375,2.386974811553955,0.0042434860952198,28.090436935424805,-1.0248512029647827,35.54246139526367,928.273681640625,3683.813720703125,891.7897338867188,0.9664243
1258,-119.39334840056618,51.34853914583639,1,291.8752136230469,10.877907752990724,673.9061279296875,9.07765293121338,0.0474763251841068,0.0039092428050935,0.540799081325531,11.0,11.27968978881836,773.4825439453125,1.8063461780548096,0.0044806054793298,36.39728164672852,-0.8269444704055786,48.3214225769043,521.8397216796875,1086.689208984375,799.2510986328125,0.97711575
1259,-121.45271538535096,50.04945583844497,1,176.81759643554688,17.501300811767578,929.2882080078124,4.752941131591797,0.0303151085972785,0.0290011949837207,0.7504671812057495,2.0,9.592032432556152,682.4798583984375,2.225630521774292,0.0043312585912644,34.40210723876953,-0.8207374215126038,89.31632232666016,400.35540771484375,4828.5283203125,272.3146057128906,0.5510935
1260,-118.35448163982409,49.33498915514876,1,225.18881225585935,16.352785110473633,1377.6162109375,5.665079116821289,-0.0116877602413296,0.0107473349198699,0.5351786613464355,11.0,10.270174980163574,665.1856689453125,2.589906454086304,0.004139503929764,35.320735931396484,-1.3833130598068235,70.24462890625,7766.5048828125,8043.15478515625,7738.2333984375,0.91044205
1261,-126.13153425572264,53.506255375454685,1,24.549732208251957,1.3008521795272827,1288.156005859375,7.019879817962647,0.0134667549282312,-0.0070329797454178,0.5417950749397278,11.0,7.573890686035156,595.5357666015625,2.1499288082122803,0.0038625295273959,32.3591423034668,-1.04729163646698,78.14981842041016,28800.822265625,3740.28955078125,28960.2421875,0.9019926
1262,-119.76168256879326,51.67397311716306,1,316.05712890625,8.887226104736328,820.6212158203125,6.943624496459961,0.0348644442856311,-0.0089861480519175,0.7760886549949646,2.0,9.74671745300293,797.822021484375,1.9418108463287356,0.0041965469717979,35.87239456176758,-0.6937770247459412,43.57337188720703,574.0892333984375,1100.82666015625,741.9237060546875,0.31969738
1263,-116.67639735360112,49.461589349844935,1,216.10366821289065,15.196645736694336,1881.252197265625,6.616865158081055,-0.0730778276920318,0.0152646740898489,0.6486726403236389,11.0,8.081830978393555,893.436279296875,2.9819886684417725,0.0042894151993095,32.19188690185547,-1.067152738571167,64.7324447631836,1329.162353515625,6487.9345703125,1410.37353515625,0.98792994
1264,-115.62781422089353,49.74603948589907,1,273.510009765625,25.42539596557617,1736.1573486328125,5.076073169708252,-0.0333252288401126,0.0022465498186647,0.4584847688674927,11.0,9.460110664367676,589.282958984375,3.1858184337615967,0.0041139707900583,32.14131546020508,-1.232049822807312,43.03609848022461,2048.31005859375,6315.97607421875,2316.69482421875,0.9896208
1265,-116.29151425275784,49.360473386244266,1,202.78016662597656,10.36198616027832,1759.4443359375,5.753778457641602,-0.015892244875431,-0.0134352156892418,0.6115710139274597,11.0,8.525754928588867,782.5496826171875,2.963759660720825,0.0038694746326655,33.47978591918945,-0.9575469493865968,70.6279525756836,1932.00341796875,5120.02685546875,1943.6917724609373,0.9855972
1266,-128.24998506779332,54.80115511241873,1,,,509.0416259765625,6.333186626434326,,,0.8748817443847656,2.0,9.455341339111328,986.4622802734376,2.182274103164673,0.0042182989418506,33.03046417236328,-0.8696150779724121,53.75643157958984,1585.565185546875,1365.3043212890625,1538.9554443359375,0.55189973
1267,-122.17484930126552,52.60983885920798,1,46.7729606628418,3.810863256454468,954.4423828125,6.232543468475342,0.0089405914768576,-0.0042639016173779,0.720673143863678,2.0,10.120455741882324,557.0872192382812,2.3389663696289062,0.0040990118868649,35.7161979675293,-0.2885387539863586,48.50899505615234,4334.5810546875,3631.69921875,4181.2353515625,0.3061496
1268,-118.38693236533584,51.84612329119194,1,208.91275024414065,23.847335815429688,1219.8863525390625,5.835918426513672,0.0152189256623387,0.014872670173645,0.6391600966453552,2.0,6.950582027435303,1181.10498046875,1.9336415529251096,0.0038123028352856,34.432029724121094,-0.7088146209716797,33.27560806274414,13886.5234375,853.9562377929688,13815.1650390625,0.9393057
1269,-122.97558613631134,58.86892291287688,1,218.7954559326172,4.107145309448242,510.3314208984375,6.333662033081055,0.0074682980775833,-0.0001235815143445,0.6924538612365723,2.0,5.761724948883057,521.980712890625,1.8800143003463743,0.003676515771076,37.13190841674805,-0.3116913735866546,97.9034423828125,584.980712890625,4370.6640625,571.17529296875,0.41675517
1270,-120.48610054366048,56.58738921193558,1,232.5514373779297,1.2792857885360718,675.95458984375,7.295714378356934,-0.0108895329758524,0.0033148527145385,0.6876922249794006,2.0,7.079802513122559,477.4428405761719,3.1236813068389893,0.0038443168159574,35.99198532104492,0.3797667920589447,37.825927734375,1008.6799926757812,596.1754760742188,925.6676635742188,0.32111952
1271,-116.7272319770112,51.63988947704131,1,220.8038330078125,25.723722457885746,1652.2401123046875,5.6094970703125,-0.0484121218323707,0.0235892683267593,0.7321970462799072,11.0,6.021355152130127,766.022216796875,2.3314647674560547,0.0032476638443768,31.329809188842773,-0.951979160308838,23.25230407714844,1650.635009765625,1497.262939453125,1600.2130126953125,0.9877367
1272,-126.02351719390032,53.38483838735193,1,120.13910675048828,1.6894075870513916,1412.4920654296875,8.350181579589844,-0.0030128771904855,-0.0115524008870124,0.6775698065757751,11.0,7.112634658813477,630.4710693359375,2.209670066833496,0.0038596419617533,31.929420471191406,-1.167880892753601,80.9618148803711,33112.5078125,8398.4169921875,33143.6796875,0.85017604
1273,-126.72816739339706,53.63882229932594,1,184.56089782714844,1.3482179641723633,882.79150390625,7.807455539703369,-0.0018285739934071,-0.0008372046868316,0.6374834179878235,2.0,8.677754402160645,781.9828491210938,2.07320499420166,0.0041444073431193,32.911590576171875,-1.0262500047683716,75.22319030761719,12676.609375,610.608642578125,12815.7587890625,0.79039264
1274,-124.14565046198894,54.84530567100423,1,222.77867126464844,2.1168317794799805,902.170166015625,9.417839050292969,0.0108999321237206,-0.0001864699006546,0.7090791463851929,2.0,8.160540580749512,556.6389770507812,2.0010082721710205,0.0038930510636419,34.174922943115234,-0.9106338024139404,51.190826416015625,760.930419921875,4317.3349609375,394.8450622558594,0.5179442
1275,-126.06001791231714,55.20000541866624,1,117.73133850097656,4.272409915924072,837.3326416015625,7.356993675231934,-0.0114202257245779,-0.0032127648591995,0.6988198161125183,2.0,8.146303176879883,535.068115234375,1.952664494514465,0.0040126545354723,32.67030715942383,-0.8263541460037231,55.30462265014648,316.1334533691406,4787.58544921875,507.1746520996094,0.6734072
1276,-124.3523997676206,52.915888592951966,1,191.66696166992188,1.8600512742996216,1479.296142578125,8.826354026794434,0.0005862000398337,0.0001043061056407,0.6108490824699402,11.0,8.962227821350098,444.9365539550781,2.300006628036499,0.003742333035916,32.21953582763672,-0.959124743938446,46.41202926635742,20866.595703125,6363.67626953125,21147.220703125,0.90304995
1277,-121.46734887469106,51.68037290998864,1,219.65774536132807,2.2521862983703613,1065.8992919921875,8.313942909240723,0.0066086933948099,0.009982050396502,0.6751801371574402,2.0,10.467171669006348,421.0518493652344,2.4080474376678467,0.0042977482080459,32.90348434448242,-0.8438888788223267,42.584869384765625,1030.0482177734375,999.4860229492188,1112.296630859375,0.76630175
1278,-121.28473270407837,51.234305913046825,1,158.01541137695312,1.1261000633239746,1052.815185546875,7.939890384674072,-0.0016595926135778,0.0026152704376727,0.6476237773895264,2.0,10.30890941619873,380.8599548339844,2.4306862354278564,0.0043127532117068,30.11771011352539,-1.0766364336013794,34.43783950805664,2856.241943359375,6426.00048828125,2762.79150390625,0.40816957
1279,-117.00506465821611,50.35430636908495,1,181.19708251953125,19.828340530395508,1155.958740234375,4.778120994567871,-0.009192488156259,-0.0092438431456685,0.7538906931877136,11.0,11.00308895111084,789.4905395507812,2.0169644355773926,0.0042812223546206,31.82216453552246,-1.267430543899536,32.0899772644043,1288.64599609375,1437.2652587890625,1383.232421875,0.9855033
1280,-124.62026692101624,53.23100556647079,1,278.3486328125,5.389362812042236,1266.74462890625,7.717053890228271,-0.0123137766495347,0.0029131015762686,0.7047210335731506,2.0,9.371065139770508,455.0353393554688,2.180785655975342,0.0038520225789397,32.83279037475586,-0.9555751085281372,45.79640197753906,11899.451171875,2349.3037109375,11888.51953125,0.60146236
1281,-124.49734986863024,53.13617257994774,1,128.58486938476562,7.04567289352417,1303.304443359375,5.981902599334717,-0.0355923287570476,0.0321347154676914,0.6583763360977173,2.0,9.528915405273438,438.1575927734375,2.1719915866851807,0.0038618622347712,32.37255096435547,-0.9546115398406982,42.73690032958984,5179.53369140625,2159.172119140625,5151.64404296875,0.858955
1282,-124.69001699073044,53.39045556209577,1,238.0384521484375,7.947520732879639,1276.362548828125,7.621860980987549,0.0080359298735857,-0.0032270564697682,0.6938722133636475,2.0,8.876972198486328,482.9289855957031,2.225338220596313,0.003934743348509,33.08879470825195,-0.8526389002799988,50.873966217041016,6172.23828125,7318.8828125,6322.04443359375,0.652497
1283,-119.97654912682302,53.24545616097532,1,268.9689636230469,18.900671005249023,1076.374755859375,6.536356925964356,-0.0318572036921978,0.0662029534578323,0.7719072103500366,2.0,8.832015037536621,768.9490356445312,2.1218130588531494,0.0037600742653012,33.93841552734375,0.0063097113743424,25.341428756713867,2220.837158203125,3472.22802734375,2294.727294921875,0.9669585
1284,-125.24029997608764,53.11095548329106,1,287.60504150390625,2.931631565093994,1094.9332275390625,6.962596416473389,0.0009794055949896,0.0041407532989978,0.765021026134491,2.0,8.806365013122559,457.4400634765625,2.161818027496338,0.0038122027181088,30.96689224243164,-1.2995833158493042,46.36256408691406,7846.759765625,4118.85107421875,7875.5673828125,0.5338492
1285,-125.88151784897634,55.11167244179611,1,138.04721069335938,13.053455352783203,1036.7318115234375,6.752281188964844,0.0283963605761528,-0.0041798916645348,0.6879369020462036,2.0,7.858669757843018,550.3748779296875,2.0065038204193115,0.0041274442337453,33.05314636230469,-0.725537121295929,57.57522964477539,2291.994384765625,976.4696044921876,2423.014892578125,0.82731175
1286,-121.383351333375,57.90000612124073,1,313.2987976074219,0.862698495388031,582.92138671875,9.102396965026855,0.0009291469468735,-0.0024586943909525,0.7281923890113831,2.0,6.692488193511963,455.7021179199219,2.596003532409668,0.0038216430693864,35.19097137451172,0.2291348129510879,55.11163711547852,78184.96875,5223.48388671875,39185.234375,0.36637726
1287,-121.40713329716768,52.98753896995296,1,228.34007263183597,12.826251029968262,1413.07177734375,5.9553046226501465,0.0223913602530956,-0.0192608721554279,0.6789113879203796,11.0,7.499796867370605,943.2514038085938,2.542757034301758,0.0038033712189644,36.4144287109375,-0.1829400211572647,40.835819244384766,2130.802978515625,11493.0302734375,2235.905029296875,0.97540593
1288,-121.13934929882916,53.12945600843608,1,306.340087890625,20.6157283782959,1375.836181640625,6.267798900604248,0.0193193666636943,0.012720656581223,0.6126390099525452,2.0,8.825916290283203,964.7491455078124,2.392395496368408,0.0040076915174722,39.19893264770508,0.0437335334718227,38.29253768920898,8841.462890625,5198.01953125,8889.7880859375,0.41444033
1289,-117.92629832805494,52.011173354262525,1,294.417724609375,28.78516387939453,1437.965576171875,5.471654415130615,0.0120391622185707,0.0071037434972822,0.68648761510849,2.0,6.757184028625488,982.1641235351562,1.9533418416976929,0.0036682938225567,32.771873474121094,-0.6068065166473389,28.022506713867188,36730.2578125,1095.0445556640625,36897.421875,0.90770066
1290,-120.13978491203171,57.53402328571225,1,66.58455657958984,2.568501710891724,905.75439453125,7.816373348236084,-0.0041730413213372,0.0057285772636532,0.686963677406311,2.0,5.954661846160889,487.4397583007813,3.346182107925415,0.0037025746423751,36.124210357666016,0.2720043957233429,46.70491409301758,74154.3828125,5792.54345703125,46045.67578125,0.4828882
1291,-117.54496483763036,50.6213393233973,1,23.305288314819336,20.04457092285156,1212.557861328125,5.712375640869141,-0.0199947338551282,0.0274952221661806,0.8264109492301941,2.0,8.729307174682617,1121.5074462890625,2.096473932266236,0.0039927335456013,33.221214294433594,-1.1811810731887815,33.104949951171875,1371.6162109375,1168.674560546875,1405.1129150390625,0.89091253
1292,-126.6430501784926,53.0910552996512,1,108.1648406982422,8.278960227966309,1527.14404296875,8.169110298156738,0.0299046766012907,-0.0179787669330835,0.3793589174747467,11.0,5.971137523651123,1075.212646484375,2.3641903400421143,0.0039219902828335,30.112977981567383,-1.1003907918930054,67.20862579345703,60079.49609375,4504.8447265625,60175.171875,0.8825351
1293,-126.28540030983388,53.5915223571894,1,137.36148071289062,1.6576380729675293,1128.685546875,9.185970306396484,-0.0008097656536847,-0.0013222154229879,0.641206681728363,2.0,7.737837314605713,608.6328735351562,2.1251351833343506,0.0038525755517184,32.40532302856445,-1.0138280391693115,78.15879821777344,26775.02734375,2178.31298828125,27045.46875,0.63859415
1294,-117.9429653396368,52.0389733539907,1,133.8960418701172,20.842849731445312,1562.69677734375,5.019526481628418,-0.0360886640846729,0.076825626194477,0.641919732093811,2.0,5.3923163414001465,1021.13623046875,2.099453926086426,0.003593178698793,31.47319984436035,-0.6825978755950928,27.856351852416992,40056.3984375,1425.2857666015625,40222.41796875,0.73453176
1295,-125.56240055815188,54.51978847359022,1,254.79595947265625,3.1256799697875977,1150.7899169921875,6.670088768005371,-0.0216312296688556,0.019038276746869,0.6432716250419617,2.0,8.080172538757324,521.3092041015625,2.0771522521972656,0.0040388354100286,33.891754150390625,-0.8191319704055786,70.24561309814453,6736.986328125,1904.9888916015625,6621.1806640625,0.3377086
1296,-124.09018680935532,59.70933875949997,1,117.18289184570312,4.04820442199707,432.3149719238281,8.228684425354004,0.0015792199410498,-0.0016358881257474,0.7545807361602783,2.0,5.155520439147949,513.8890991210938,1.5550512075424194,0.003585867350921,34.90849685668945,-0.1246265918016433,76.4702377319336,54429.875,7686.74365234375,54440.1875,0.47723502
1297,-125.7998178523852,55.152022454279226,1,127.31533813476562,13.386591911315918,917.0040283203124,5.148595809936523,-0.0071996664628386,0.0306662824004888,0.7022441625595093,2.0,8.195928573608398,543.3696899414062,1.976682186126709,0.004047071095556,32.88740539550781,-0.6775482296943665,55.38287734985352,1118.98779296875,949.1694946289062,983.9432983398438,0.59068316
1298,-123.56379882360558,50.36892260293917,1,262.4822692871094,19.976152420043945,741.1429443359375,5.443839550018311,-0.0057640499435365,0.0130736576393246,0.5831000804901123,11.0,9.09193515777588,1221.4456787109375,2.037769556045532,0.0040247947908937,32.96147155761719,-1.1246681213378906,61.48257064819336,7215.7578125,929.1506958007812,7473.15673828125,0.98095256
1299,-120.3492328697239,52.278473073914434,1,44.34053802490234,19.73443984985352,1193.203369140625,5.15458869934082,-0.0287116449326276,0.0606887526810169,0.7275753021240234,2.0,8.29361343383789,918.6971435546876,2.171391248703003,0.0039189457893371,35.83297348022461,-0.4556175470352173,41.00728988647461,15922.666015625,2811.650390625,16162.2138671875,0.7740377
1300,-120.10777555325431,51.420043063247306,1,187.83493041992188,20.755990982055664,944.8435668945312,5.614264011383057,-0.0355019904673099,0.1792221665382385,0.5442874431610107,11.0,10.553174018859863,649.8245849609375,2.1374316215515137,0.0043352269567549,35.0172233581543,-0.6971960067749023,47.97383880615234,1615.985107421875,1262.54248046875,1433.1524658203125,0.9731759
1301,-120.12518280945686,52.218073097589645,1,224.5961456298828,10.232928276062012,1376.6265869140625,5.818092346191406,-0.0054071620106697,-0.0161168333142995,0.7420443892478943,2.0,8.701502799987793,907.6514892578124,2.0963940620422363,0.0040712631307542,35.863040924072266,-0.4993353486061096,37.23869705200195,8555.7861328125,3758.70361328125,8463.6357421875,0.89967585
1302,-119.72069878176744,52.36097315377118,1,245.1187438964844,15.686527252197266,1791.9769287109375,6.23230504989624,-0.0260650031268596,0.0266450867056846,0.6827459931373596,2.0,6.946712017059326,1070.826904296875,2.117818117141724,0.0037113376893103,34.54864501953125,-0.4050150215625763,35.386024475097656,35520.44921875,2390.73828125,35456.88671875,0.88480616
1303,-119.9217156844164,51.94650611085645,1,334.7422180175781,6.504380702972412,1832.274658203125,5.727759838104248,-0.0047709853388369,0.0017929741879925,0.6740447878837585,2.0,7.048819065093994,1010.0693359375,2.26033353805542,0.0041948133148252,34.55537414550781,-0.6456725597381592,42.17739486694336,7381.0185546875,6935.240234375,7488.3427734375,0.7730948
1304,-117.95881492117198,50.63455627616059,1,67.64041900634766,20.730100631713867,725.5916748046875,5.548560619354248,0.0627297908067703,0.0205946471542119,0.7464169263839722,2.0,11.083545684814451,965.1888427734376,1.824068307876587,0.0047008716501295,34.73105239868164,-1.0811458826065063,37.64768600463867,487.0299682617188,1103.618408203125,716.8182983398438,0.94251484
1305,-118.8839811398594,50.78563917636756,1,211.5923767089844,12.581256866455078,1642.91162109375,5.37794303894043,-0.0089057311415672,-0.0289721619337797,0.7419165372848511,2.0,7.321308135986328,1098.5731201171875,2.304903745651245,0.004378218203783,35.16130828857422,-1.1506768465042114,59.6603889465332,3731.240478515625,7534.9345703125,4099.6005859375,0.8842866
1306,-121.85521949364234,59.8979560905913,1,197.6524353027344,0.4214284420013428,454.94482421875,8.193592071533203,-0.0016898952890187,-0.0003251662419643,0.6485192775726318,11.0,4.5754218101501465,463.2867126464844,2.101296186447144,0.003559103468433,34.03238677978516,0.2837044894695282,61.42258071899414,58075.578125,3647.98193359375,58126.55078125,0.9430624
1307,-123.9886028245907,59.765872775526894,1,134.7088623046875,0.918700873851776,355.4974060058594,7.702489852905273,0.0011613426031544,-0.0008590734796598,0.7364822030067444,2.0,5.060804843902588,505.0693054199219,1.5335972309112549,0.0035744032356888,34.77411651611328,-0.1219791695475578,78.24922943115234,47815.42578125,6023.29345703125,47819.8046875,0.59640837
1308,-127.9342871189572,59.12600518477681,1,235.52215576171875,10.973761558532717,1202.30029296875,7.487719535827637,0.0411780066788196,-0.0359601229429245,0.6897519826889038,2.0,5.127516746520996,547.842041015625,1.7115541696548462,0.003198298625648,31.29431915283203,0.4094115197658539,64.62870788574219,73049.2578125,2996.75146484375,73163.0,0.2702811
1309,-119.68643276688076,52.33247315695325,1,,,,,,,0.4014980494976043,11.0,6.030544757843018,1113.2127685546875,2.2082486152648926,0.0036867924500256,33.45403289794922,-0.5667798519134521,36.29515838623047,31829.755859375,2576.539794921875,31816.75,0.910664
1310,-120.10094879212517,52.17837309919463,1,332.1479187011719,4.993274688720703,1422.9296875,6.545863628387451,-0.0208181180059909,0.0040500555187463,0.6336544752120972,11.0,8.737293243408203,898.8211059570312,2.0724689960479736,0.0040599317289888,35.92995071411133,-0.5315971970558167,37.34244537353516,7506.1865234375,3961.065185546875,7558.2822265625,0.9214614
1311,-123.75188618813384,58.70228879790064,1,110.66880798339844,13.668121337890623,877.6832885742188,5.372955799102783,0.0357208400964736,-0.0589217208325862,0.7065399885177612,2.0,6.226060390472412,601.3203125,1.8217480182647705,0.0036416454240679,36.78084182739258,-0.0928148180246353,79.12350463867188,1797.177978515625,5236.2568359375,1857.454345703125,0.24886039
1312,-119.73531573322742,52.206906144972095,1,210.49136352539065,13.262027740478516,1350.09033203125,7.508011817932129,0.0252885892987251,-0.0275114178657531,0.7051286697387695,11.0,7.427302837371826,1053.553466796875,2.047264337539673,0.0038116264622658,34.85143280029297,-0.4946613609790802,37.39228439331055,20330.638671875,2255.27685546875,20491.41015625,0.9802101
1313,-122.34270212581843,59.07212300753449,1,242.98361206054688,0.5898381471633911,401.40771484375,9.571189880371094,-0.0010429573012515,0.0002316349127795,0.6914916634559631,2.0,5.809562206268311,475.6159362792969,2.013057231903076,0.0036657098680734,35.83634185791016,-0.2640286684036255,69.5282974243164,9704.2529296875,1664.6175537109375,9954.28515625,0.7683788
1314,-127.22583724498658,59.53838829180046,1,318.2358703613281,5.041454792022705,623.4028930664062,6.315625190734863,-0.0060618999414145,0.0067386073060333,0.7219988107681274,2.0,5.624625205993652,478.6831665039063,1.4450430870056152,0.0034414038527756,30.62633514404297,0.3091852366924286,47.180320739746094,12495.40625,805.9636840820312,12442.91015625,0.27845702
1315,-128.19090221115383,59.22144914660925,1,134.92117309570312,6.503000736236572,938.836181640625,7.132998466491699,0.0015226955292746,0.0052941348403692,0.6823065876960754,2.0,5.074004173278809,531.2284545898438,1.6521637439727783,0.0032284241169691,30.798540115356445,0.4046180546283722,66.21251678466797,55254.39453125,1149.2076416015625,55347.15234375,0.5241414
1316,-124.523636051799,58.18422267967912,1,313.3626708984375,26.037107467651367,1507.0179443359375,5.158092498779297,-0.0063549005426466,0.0504032000899314,0.3297106027603149,2.0,4.026854991912842,660.1691284179688,2.165027618408203,0.0029747439548373,31.076311111450195,0.3437170088291168,29.67618179321289,52519.8203125,1866.3973388671875,52363.5,0.031768933
1317,-119.70549871411993,52.166123147867,1,64.49891662597656,14.444872856140137,1180.561279296875,10.280208587646484,0.064219057559967,-0.0147247510030865,0.5769416093826294,2.0,8.206611633300781,1019.544921875,1.992990493774414,0.0038446253165602,35.86463928222656,-0.5121874213218689,37.18523406982422,15516.169921875,664.5801391601562,15706.01171875,0.9292792
1318,-124.59368370462144,52.62580555344893,1,95.73705291748048,1.0382542610168457,1415.8599853515625,8.053143501281738,-0.0003012850647792,0.0010979217477142,0.6584192514419556,11.0,8.644230842590332,414.1778259277344,2.2716064453125,0.0036260497290641,30.243501663208008,-1.125892162322998,40.29946517944336,12879.619140625,13894.419921875,12990.6220703125,0.8357468
1319,-119.1985153979346,51.45667317454513,1,113.59973907470705,24.55036354064941,1166.3062744140625,5.561716079711914,-0.0053088623099029,0.0237854085862636,0.7476224899291992,2.0,8.333815574645996,1055.2886962890625,1.959064245223999,0.0042899544350802,36.56437683105469,-0.8529444336891174,46.8776741027832,3212.90283203125,7417.8017578125,3203.572509765625,0.9119775
1320,-120.33934898730487,52.63567308947798,1,200.07565307617188,17.95120620727539,1319.6396484375,6.372488975524902,-0.0345626845955848,0.0462203286588192,0.7719535827636719,2.0,8.783370971679688,923.5568237304688,2.1352791786193848,0.0038631067145615,36.30598068237305,-0.2144791632890701,34.01565933227539,41459.6484375,2109.97802734375,41658.84765625,0.88820636
1321,-120.46478285951706,52.1822390545454,1,209.20892333984372,10.934142112731934,1791.152099609375,4.962895393371582,-0.0731652304530143,0.0376503020524978,0.6672433018684387,2.0,6.2397780418396,1046.1761474609375,2.4525580406188965,0.0038329474627971,34.75000762939453,-0.5026648044586182,49.61240768432617,16654.58984375,5865.51025390625,16786.591796875,0.7706058
1322,-121.33198316437682,52.636388966467344,1,148.09921264648438,6.570038318634033,1614.5570068359375,6.345800399780273,-0.0177793875336647,0.0119393495842814,0.6985554099082947,11.0,7.942326545715332,883.4329223632812,2.526918888092041,0.0040039839223027,36.62772750854492,-0.2906836569309234,45.18841171264648,4038.300537109375,6678.92822265625,3984.40185546875,0.9588602
1323,-115.95293133196552,49.91828946115445,1,134.90347290039062,18.856529235839844,1848.2366943359373,4.972851276397705,0.0077156797051429,-0.0091876061633229,0.68263840675354,2.0,7.602482318878174,692.0465698242188,3.199385166168213,0.0036736747715622,32.27033615112305,-1.0232871770858765,52.868011474609375,2709.5068359375,5749.9921875,2639.0556640625,0.9534375
1324,-117.5298145920487,49.74070627268007,1,164.32859802246094,15.0900239944458,923.9457397460938,12.0319242477417,0.0207977518439292,0.0282462667673826,0.6529647707939148,11.0,10.120643615722656,958.1719360351562,2.3659987449646,0.0042226407676935,35.829769134521484,-1.164812445640564,60.95650100708008,3243.6416015625,3839.84375,3140.85791015625,0.96404815
1325,-117.44088156823592,49.71708928048623,1,244.02639770507807,24.073165893554688,1147.5977783203125,6.657154560089111,0.0013411386171355,0.0078708957880735,0.7567233443260193,2.0,10.508652687072754,924.7589111328124,2.349548578262329,0.0043299295939505,35.858524322509766,-1.1681944131851196,60.89973831176758,1219.3936767578125,1651.83056640625,1550.3203125,0.9732876
1326,-122.36754854916636,50.088672733442486,1,250.36167907714844,11.275053024291992,960.8374633789062,5.1823248863220215,0.0108027644455432,-0.0569902174174785,0.856480598449707,2.0,7.73883581161499,1079.3140869140625,2.278233766555786,0.0043255491182208,32.64041519165039,-0.961528778076172,66.45095825195312,7237.23779296875,1872.149658203125,7209.20556640625,0.45015076
1327,-117.70971482081882,50.44938929436119,1,53.657745361328125,7.489867687225342,1942.21826171875,4.802390098571777,0.019707765430212,0.0813037902116775,0.6149218678474426,11.0,7.032403945922852,1316.3206787109375,2.404257774353028,0.0041662324219942,33.74629592895508,-1.2239017486572266,42.3093147277832,6943.5693359375,6632.6142578125,6880.865234375,0.9704037
1328,-117.49418184764323,50.68995633245266,1,180.72756958007807,19.813161849975582,1570.479248046875,5.790999412536621,-0.0216445438563823,0.075397178530693,0.8057218194007874,11.0,7.251758575439453,1291.286376953125,2.302579879760742,0.0039169183000922,33.192481994628906,-1.2035069465637207,33.576507568359375,1565.635009765625,1824.2017822265625,1470.7835693359375,0.98886174
1329,-116.98176434763562,49.20692330003658,1,88.63813781738281,9.496928215026855,1905.2886962890625,6.963233947753906,0.0057102306745946,-0.0124052558094263,0.5163292288780212,11.0,7.298839092254639,958.8155517578124,3.0092456340789795,0.0039747450500726,32.7301139831543,-1.1369699239730835,79.29130554199219,1967.9136962890625,7294.5751953125,1907.64501953125,0.9715124
1330,-121.36801549741676,50.49212286984604,1,107.9029769897461,17.713825225830078,1137.1448974609375,4.438992977142334,-0.0196615159511566,0.0222674403339624,0.7932353615760803,11.0,9.89953327178955,411.2264709472656,2.3616600036621094,0.0039714537560939,29.495872497558597,-1.20071280002594,40.82865524291992,1176.505615234375,5068.9150390625,1130.4859619140625,0.9907644
1331,-116.77579782451066,51.095423438819815,1,52.114654541015625,21.056468963623047,1535.9019775390625,5.585414409637451,-0.0327957011759281,0.0199655927717685,0.7353355288505554,11.0,8.444189071655273,724.66748046875,2.1461665630340576,0.0038276698905974,30.644683837890625,-1.1186110973358154,26.66910171508789,3922.994140625,3221.637939453125,3671.79052734375,0.99440455
1332,-127.43306805802912,55.05747222761818,1,197.06036376953125,12.46695041656494,927.5501708984376,5.300125598907471,0.0526913441717624,-0.0031143927481025,0.7551213502883911,2.0,7.821862697601318,761.7885131835938,2.21776819229126,0.003891079686582,33.519649505615234,-0.4589236080646515,74.15664672851562,2609.255859375,2835.88037109375,2752.992919921875,0.66526324
1333,-127.0698510867956,55.25117228102428,1,154.0573272705078,6.855220794677734,920.6433715820312,5.954652786254883,-0.0001600174000486,-0.0007200579857453,0.7230368256568909,2.0,8.363658905029297,684.0354614257812,2.091975688934326,0.0038174691144376,34.8544807434082,-0.4685420393943786,74.19229888916016,6732.94140625,1225.734619140625,6610.75927734375,0.5566727
1334,-117.3817822337797,52.05032342182323,1,136.0300750732422,31.087345123291016,1651.229736328125,5.444837093353272,-0.0018510350491851,0.0043240804225206,0.7217718362808228,11.0,4.956590175628662,850.3569946289062,2.2748420238494877,0.0031466512009501,30.691293716430664,-0.8205406069755554,24.11860656738281,21481.732421875,1257.9603271484375,21604.970703125,0.9746869
1335,-122.10058247400065,49.97345575898858,1,235.94386291503903,29.80088806152344,1501.296630859375,4.629881381988525,-0.0117647731676697,-0.0160729195922613,0.7231782674789429,2.0,7.480025291442871,1071.67529296875,2.2747817039489746,0.0040994905866682,32.87488555908203,-0.9498958587646484,76.86636352539062,10084.90234375,1550.0369873046875,10195.1865234375,0.9207126
1336,-121.91681752945262,55.93712299950727,1,133.28895568847656,0.7030977606773376,735.545166015625,7.485696315765381,0.0029500192031264,-0.0014436204219236,0.7595638632774353,11.0,8.443521499633789,544.7244873046875,2.5559394359588623,0.0039643375203013,38.533016204833984,0.2153517007827758,46.75290298461914,765.1563110351562,2579.123291015625,738.7493896484375,0.6356326
1337,-116.78618159068638,50.26503938852696,1,,,1755.8922119140625,,-0.0608279891312122,0.0543222948908805,0.7481380105018616,11.0,6.384299755096436,1013.31689453125,2.919417381286621,0.0039146402850747,30.69864845275879,-1.2517627477645874,41.82733154296875,8750.2275390625,1499.5103759765625,8818.01953125,0.99491775
1338,-118.38993193021284,50.380223211765895,1,321.72576904296875,12.841246604919434,1756.6212158203125,6.0663251876831055,-0.0120795471593737,-0.0198512338101863,0.7530676126480103,2.0,8.600544929504395,1051.1021728515625,2.225836992263794,0.0043529323302209,35.706565856933594,-1.1006219387054443,51.09344482421875,4553.12060546875,5423.80810546875,4644.43994140625,0.8814796
1339,-115.38623119790346,49.84388951770617,1,317.7398986816406,8.462411880493164,2192.376953125,6.901330471038818,0.012543655000627,-0.0095332264900207,0.5474711656570435,11.0,5.7955498695373535,748.0541381835938,4.0377607345581055,0.0034814563114196,29.789661407470703,-0.9935764074325562,44.77217102050781,7422.40869140625,4701.748046875,7763.82177734375,0.98693407
1340,-123.73061532716248,48.46683850264721,1,273.44561767578125,12.555051803588867,360.283447265625,5.273115634918213,0.0274949520826339,-0.0046881134621798,0.7924872636795044,2.0,13.007532119750977,1508.5792236328125,3.11340069770813,0.0059644463472068,42.91144561767578,-1.0649040937423706,157.86561584472656,823.8099975585938,783.303466796875,966.5428466796876,0.40722126
1341,-115.6586144178018,50.45375652772281,1,93.74874114990234,0.6343382000923157,971.2596435546876,9.061605453491213,0.0037849189247936,-0.0209138505160808,0.4661180377006531,11.0,10.102240562438965,471.7002258300781,2.5870606899261475,0.0037640237715095,30.61186408996582,-1.050532341003418,21.991437911987305,927.3719482421876,410.5169982910156,984.0947875976562,0.9700753
1342,-120.53306496492436,49.08717289617088,1,255.0667724609375,5.136960506439209,1564.6488037109375,9.270564079284668,0.0252626445144414,-0.0434704460203647,0.6975402235984802,2.0,9.270363807678224,663.8875732421875,2.504199743270874,0.0040595536120235,33.10870742797852,-0.94156414270401,75.82734680175781,640.2196655273438,2453.041259765625,659.0800170898438,0.90567684
1343,-122.79710242752851,59.46468894729463,1,181.93118286132807,0.2189966142177581,465.9973754882813,9.334897994995115,0.0010967425769194,-0.0004215173830743,0.6354100704193115,2.0,4.778182506561279,500.9487609863281,1.8656409978866575,0.0035810496192425,35.41022109985352,-0.1165891140699386,78.59242248535156,22536.064453125,9642.888671875,22435.35546875,0.7624116
1344,-121.40008248983908,50.44903886345046,1,161.75205993652344,24.744802474975582,1013.1513061523438,5.339020252227783,-0.0388135090470314,0.021434174850583,0.4901299774646759,11.0,10.247949600219728,417.056640625,2.3350000381469727,0.0040454538539052,29.724483489990234,-1.2130792140960691,44.460227966308594,3619.3125,4623.6650390625,3480.439697265625,0.98853916
1345,-122.68981573888608,50.561388714914806,1,175.26095581054688,21.12287712097168,945.237548828125,6.355678558349609,0.0651561692357063,0.0032355005387216,0.746698260307312,2.0,8.256586074829102,795.3375854492188,2.2258613109588623,0.0037175244651734,30.566144943237305,-0.9321554899215698,53.84231185913086,1315.9635009765625,1062.910888671875,1319.322021484375,0.9309004
1346,-117.42376462531088,49.93808929657215,1,116.34332275390624,18.203256607055664,979.4288330078124,5.888225555419922,0.0178955979645252,0.0172044858336448,0.5858939290046692,2.0,10.057138442993164,960.0218505859376,2.297367572784424,0.004374268464744,34.42700958251953,-1.218115210533142,48.90567398071289,3560.354248046875,1266.58642578125,3549.330078125,0.9591225
1347,-116.88059758445712,50.17187337091703,1,260.9757385253906,23.331579208374023,1703.994384765625,4.874499320983887,0.0253960974514484,-0.0473656952381134,0.7339544892311096,2.0,9.61733055114746,865.3246459960938,2.397335290908813,0.0042909770272672,32.02138900756836,-1.147407293319702,38.80257415771485,2397.1708984375,3190.855712890625,2584.886962890625,0.9916078
1348,-117.3648816007504,49.88900629973126,1,314.5087585449219,27.763261795043945,1400.429931640625,6.696283340454102,-0.0243195127695798,0.0943863317370414,0.6683801412582397,11.0,9.986802101135254,964.5413818359376,2.374464273452759,0.0043657491914927,34.958251953125,-1.232658863067627,52.03108215332031,1057.0240478515625,3011.388427734375,1208.988037109375,0.99066496
1349,-117.5359646425879,49.92307328308837,1,107.75680541992188,22.889144897460938,1825.158447265625,4.940759181976318,-0.0663457661867141,0.0438766553997993,0.7339046597480774,11.0,5.6942877769470215,1200.6802978515625,2.9175970554351807,0.0040237791836261,31.214326858520508,-1.364656686782837,54.33389663696289,10324.6298828125,6198.16748046875,10364.3154296875,0.99006736
1350,-117.63546490544314,50.79675632217285,1,290.85955810546875,19.77428436279297,742.5684204101562,5.30167293548584,0.0633670091629028,-0.0678259208798408,0.7433657646179199,2.0,9.36509132385254,1103.4921875,1.924439787864685,0.0040095164440572,33.685874938964844,-1.096135497093201,31.41213607788086,4835.29833984375,683.3775024414062,4789.09423828125,0.93312293
1351,-119.21159784562111,49.516473068842686,1,278.1529235839844,11.126646995544434,1191.521240234375,8.46488094329834,-0.0023209231439977,0.0112391002476215,0.7205852270126343,2.0,10.062244415283203,530.330078125,2.5647635459899902,0.0038906757254153,33.419315338134766,-1.4514236450195312,54.90254592895508,2971.510009765625,3048.263671875,2840.416748046875,0.748507
1352,-122.692848637629,50.21350570026487,1,156.0842742919922,30.531951904296875,1217.8489990234375,6.774063587188721,0.0760046020150184,-0.021986560896039,0.7753200531005859,2.0,6.392371654510498,1060.4246826171875,2.2579493522644043,0.0043143848888576,30.384258270263672,-0.9937586784362792,65.31529235839844,10484.3388671875,849.3889770507812,10409.5791015625,0.9655911
1353,-117.59581486948515,50.69583932110895,1,211.1755828857422,17.378673553466797,1708.2271728515625,6.027583599090576,-0.0252877064049243,-0.0114667974412441,0.7210487127304077,2.0,7.09879207611084,1326.9908447265625,2.3220503330230717,0.004110078793019,33.507110595703125,-1.208397626876831,34.58740234375,2800.45556640625,3850.4599609375,2672.756591796875,0.97565526
1354,-127.91880157959692,56.09492217167704,1,192.60482788085935,23.56119728088379,1168.454833984375,5.35888671875,-0.0512514784932136,0.064211256802082,0.7973321080207825,2.0,8.137032508850098,730.8241577148438,1.865252494812012,0.0039427890442311,33.469215393066406,0.183715283870697,50.46859359741211,47374.75390625,860.6344604492188,17890.34765625,0.71760815
1355,-119.33699114458308,50.51470310970067,1,267.9569091796875,20.335847854614254,667.7537231445312,5.870071887969971,0.0349632874131202,0.0030682089272886,0.687468945980072,2.0,12.145998001098633,545.4840698242188,2.05036735534668,0.0045994636602699,34.468406677246094,-0.8755555748939514,66.14764404296875,205.9106903076172,9336.994140625,204.5126800537109,0.9101124
1356,-122.66869883450376,50.8912887309641,1,23.7070255279541,24.61824989318848,805.794677734375,7.388112068176269,0.0689774453639984,0.0192028041929006,0.3232784271240234,2.0,10.044189453125,517.794677734375,2.1882143020629883,0.0039136526174843,27.65431785583496,-0.8047254681587219,37.68069076538086,1587.092041015625,243.59353637695312,1683.1729736328125,0.6322348
1357,-131.41888802632022,59.83553765075544,1,288.14776611328125,5.821856021881104,1052.184814453125,7.618551731109619,-0.005918092560023,0.0137349534779787,0.5877639651298523,11.0,4.5232930183410645,537.2405395507812,2.061645746231079,0.003265822539106,29.990724563598636,0.2972801327705383,54.37621688842773,6101.61865234375,2278.539306640625,5959.234375,0.87886375
1358,-121.56886807298488,57.28787308238492,1,37.33126831054688,2.634722948074341,727.2581787109375,8.557047843933105,0.0256039649248123,-0.0001684377348283,0.7175843715667725,2.0,5.831089973449707,494.1451110839844,2.7191355228424072,0.0036718130577355,35.81978988647461,0.0871893018484115,45.96393585205078,16209.2783203125,211.71841430664065,16349.3515625,0.3620557
1359,-121.70045156123123,58.2328560837896,1,122.7441635131836,2.7416937351226807,451.887939453125,7.544435024261475,0.0062502101063728,0.0031319027766585,0.7163193821907043,11.0,6.599056720733643,458.48333740234375,2.349489212036133,0.0038354087155312,35.56212615966797,0.1447534412145614,55.58578872680664,52541.0546875,974.2249145507812,6348.3994140625,0.8615257
1360,-125.5228022215382,58.184222535679424,1,184.06832885742188,8.84534740447998,1159.8052978515625,5.301202297210693,0.0109348129481077,-0.0083785103633999,0.72171550989151,2.0,3.631425142288208,655.913818359375,1.9379887580871584,0.0031046026851981,29.74599266052246,0.5941319465637207,20.67972755432129,67096.078125,399.4221801757813,67117.1640625,0.30350426
1361,-120.36943523867696,58.11140626860984,1,347.2373352050781,0.4627083539962768,535.55712890625,10.482470512390137,-0.0003904523036908,0.000959568482358,0.6843888163566589,2.0,6.584305286407471,439.8523864746094,2.925662040710449,0.0038122574333101,34.813663482666016,0.405806303024292,54.39183044433594,41989.55859375,1419.18115234375,41694.71484375,0.18693523
1362,-121.62688583912129,58.79397310518442,1,198.2660369873047,0.3634286522865295,533.8148803710938,8.026628494262695,0.0026233622338622,-0.0009554474381729,0.666254460811615,11.0,5.680542469024658,469.68463134765625,2.347874641418457,0.0036475181113928,35.577728271484375,-0.0405282415449619,58.62841033935547,6539.533203125,2829.642822265625,6389.7197265625,0.96074265
1363,-120.68151898054894,59.40573925181608,1,19.35489845275879,0.7009548544883728,585.874267578125,10.297933578491213,0.0002117961412295,-3.032576569239609e-05,0.6950435042381287,11.0,4.9815216064453125,441.16357421875,2.6038005352020264,0.0035339563619345,33.65021133422852,0.0184966661036014,48.23892974853516,5178.53125,2852.477294921875,5206.34423828125,0.9570174
1364,-123.88865290960145,59.94608879227382,1,79.52758026123047,1.5633405447006226,237.14439392089844,9.64604949951172,0.0103927655145525,0.0004900578642264,0.7309250831604004,11.0,4.775781154632568,487.31201171875,1.4944536685943604,0.0035998839884996,34.47888946533203,-0.1427430510520935,76.87944793701172,45273.87890625,1735.564697265625,45206.4921875,0.88771325
1365,-123.28251943396305,59.310322874421296,1,113.9720458984375,1.4088951349258425,427.3134765625,13.368483543395996,0.0054871123284101,0.0028251309413462,0.7847208976745605,2.0,5.604250907897949,511.03265380859375,1.7291746139526367,0.0036526941694319,36.39466857910156,-0.2564583420753479,85.38117980957031,687.3106689453125,7528.326171875,546.84033203125,0.29564038
1366,-132.51070172325365,59.86825679059502,0,128.6212921142578,1.4409656524658203,786.0302124023438,11.130248069763184,0.0005304604419507,0.0003739325620699,0.2560475766658783,2.0,5.165525913238525,447.0042419433594,2.1799771785736084,0.0034036731813102,28.30562400817871,0.2778972685337066,34.55311965942383,25909.001953125,230.40386962890625,25961.486328125,0.44142953
1367,-134.48521393076317,59.89601245160156,0,188.121337890625,8.040094375610352,1370.7242431640625,5.119263172149658,-0.0093812011182308,0.0208888873457908,0.6416396498680115,11.0,4.318422794342041,535.3377075195312,3.0388424396514893,0.0031728802714496,26.462862014770508,-0.8197048306465149,35.445858001708984,14217.4873046875,4974.98095703125,14138.4765625,0.12657054
1368,-129.38906816060378,54.4839806738089,0,,,,,,,0.5967416763305664,11.0,5.870040893554688,2067.551513671875,3.194983959197998,0.0042652143165469,31.12822151184082,-0.8933077454566956,34.22735595703125,17840.814453125,5707.765625,17695.873046875,0.07657832
1369,-125.51412016979113,59.70130227642628,0,317.4716491699219,6.9769439697265625,1588.2664794921875,6.131476402282715,-0.0021454270463436,0.0111425006762146,0.4798566699028015,11.0,3.40125036239624,632.5220336914062,1.904119849205017,0.0031974094454199,30.57197952270508,0.4149861633777618,41.601295471191406,27515.14453125,7596.224609375,27625.72265625,0.057619803
1370,-127.18610351547709,52.1878896743739,0,,,995.0209350585938,6.573410511016846,-0.0251747518777847,0.0546912103891372,0.3640823662281036,11.0,7.448838710784912,2219.528076171875,3.328557014465332,,35.49544143676758,-0.7957985997200012,45.64293670654297,33729.21875,7728.951171875,33954.8046875,0.058165405
1371,-127.63845609145986,56.82199174348377,0,183.441650390625,14.596701622009276,1824.9368896484373,4.9815521240234375,-0.0533884428441524,0.0791860297322273,,11.0,3.637351274490357,802.8496704101562,2.2928593158721924,0.0033247673418372,28.484468460083008,0.4646294713020324,35.82254409790039,115085.65625,6532.216796875,77004.6328125,0.029644245
1372,-126.8925391921781,51.52207825076123,0,119.21662902832033,22.46030044555664,1022.5792236328124,5.496357440948486,-0.0124557558447122,-0.0501277223229408,0.604033887386322,2.0,7.074374198913574,1952.25927734375,3.02392578125,0.0046559097245335,33.4197883605957,-0.8961223363876343,51.57644271850586,16031.734375,1818.3515625,15980.4267578125,0.025272189
1373,-131.96211812031092,59.83236288534472,0,199.75379943847656,4.526020526885986,1015.084228515625,6.929830074310303,0.009728486649692,-0.0053047812543809,0.7447494268417358,2.0,5.120500564575195,477.8662109375,2.1121294498443604,0.0034021213650703,30.60236358642578,0.3549602925777435,69.77044677734375,10208.5634765625,4717.22900390625,10073.4677734375,0.36640748
1374,-127.82725786112556,55.335977438304816,0,116.00990295410156,16.568546295166016,1270.976806640625,5.359389781951904,-0.0030095623806118,0.0272533558309078,0.5231665968894958,2.0,7.256464958190918,873.5945434570312,2.2819952964782715,0.0040449863299727,33.350059509277344,-0.3402617871761322,71.50721740722656,6617.48876953125,3531.433837890625,6835.640625,0.47728324
1375,-130.15140371535094,54.35637840881117,0,206.61119079589844,24.559356689453125,580.650390625,4.806527614593506,-0.0250269342213869,0.0260751340538263,0.5424949526786804,2.0,9.295146942138672,2387.801513671875,4.451730251312256,0.0050640595145523,39.80192184448242,-0.9440972208976746,27.57193374633789,9169.640625,812.3114624023438,7449.15087890625,0.04107592
1376,-123.80032706157203,52.48723049251686,0,178.30780029296875,3.752238512039185,1434.59375,6.904723167419434,-0.0036399238742887,0.003750305622816,0.4526658952236175,11.0,10.002666473388672,395.0478210449219,2.269370079040528,0.0037045141216367,30.5122013092041,-0.9406944513320924,34.535396575927734,2823.98681640625,4462.19287109375,2748.816162109375,0.9573638
1377,-129.77597000467225,56.28581192742662,0,153.29576110839844,24.437105178833008,1392.1416015625,4.598668575286865,-0.0496634468436241,0.0516619533300399,0.6225700974464417,9.0,4.929581165313721,1490.3427734375,1.9914740324020384,0.0035986460279673,28.050254821777344,-0.2407029569149017,43.7674560546875,18959.21875,1080.31201171875,18939.68359375,0.12162869
1378,-132.31848289271568,53.65375409018181,0,272.31201171875,0.7725297808647156,43.36326599121094,9.26870059967041,-0.0006021064473316,0.0001138969819294,0.7651967406272888,2.0,11.804925918579102,1496.80908203125,5.977513790130615,0.0056490609422326,43.10215759277344,-2.248037338256836,34.987693786621094,827.7695922851562,4870.30029296875,949.9124755859376,0.07872512
1379,-127.29900261067402,54.82100001762028,0,,,1454.404052734375,4.765793800354004,0.0235472209751606,-0.0509711764752864,0.3622659146785736,2.0,6.031235218048096,864.373046875,2.5614137649536133,0.0040163327939808,30.516706466674805,-0.7030895948410034,80.9915542602539,1508.2835693359375,6415.1953125,1632.506103515625,0.078927964
1380,-132.56650489528656,53.33916186688121,0,,,,,,,,,,,,,,,,,,,0.17682678
1381,-122.55795087736522,58.86949536656952,0,110.56753540039062,3.052186965942383,329.179931640625,9.177416801452637,0.0167033206671476,-0.0008893085177987,0.1831198334693908,2.0,6.180892467498779,487.1734313964844,1.9397568702697756,0.0037276181392371,36.62752532958984,-0.2289810180664062,77.05665588378906,1800.5511474609375,769.0242309570312,1920.72705078125,0.084556326
1382,-125.84786275657206,55.52547976113722,0,306.3697204589844,5.821974277496338,1112.032958984375,8.103569030761719,0.0154890390112996,-0.0004693873925134,0.6381248831748962,2.0,6.87590217590332,590.1466674804688,2.071096181869507,0.0038958934601396,32.76922607421875,-0.2205208390951156,54.14067077636719,1506.62451171875,5421.43359375,1614.45947265625,0.6146483
1383,-124.19514162291296,57.69579396587643,0,85.03038787841797,6.680624485015869,1754.87060546875,6.290863037109375,0.0399785302579402,-0.0097810616716742,0.3052659928798675,2.0,2.5199742317199707,726.2511596679688,2.5281851291656494,0.0030747463461011,28.40456199645996,0.2578819394111633,29.876544952392575,69779.0703125,7288.1083984375,69918.1171875,0.003605677
1384,-128.19458462945792,54.13929316448366,0,149.63641357421875,18.867225646972656,626.5462036132812,4.572012424468994,0.0191570315510034,0.0366595983505249,0.8548250198364258,2.0,7.259012222290039,1599.662109375,2.628352642059326,0.0041164932772517,32.63282775878906,-1.020602822303772,49.93634033203125,23880.21875,988.1842041015624,23989.544921875,0.031830233
1385,-132.9401371039851,53.662032123192645,0,,,,,,,,4.0,,,,,,,,,3403.43603515625,,0.1787867
1386,-127.95153474931122,52.20581513202126,0,345.7057189941406,17.346803665161133,203.4801177978516,5.061468124389648,-0.0053818519227206,0.0755262449383735,0.7509245872497559,1.0,10.688969612121582,3174.09521484375,4.123251914978027,0.0055731306783854,48.21246337890625,-0.9379082322120668,35.379364013671875,10867.005859375,9875.2841796875,10836.685546875,0.055220366
1387,-121.84775917181358,49.1001037157486,0,225.31549072265625,7.749755859375,394.7381591796875,7.101473808288574,0.0014975790400058,0.0063529754988849,0.7515630125999451,2.0,13.328588485717772,1598.302734375,2.6900081634521484,0.0057618906721472,49.18904495239258,-1.0702911615371704,123.8017349243164,206.36019897460935,2692.174072265625,201.38162231445312,0.10971376
1388,-127.93915994899096,56.7008121363724,0,113.7323760986328,16.632221221923828,1393.1923828125,5.36160135269165,-0.0159225612878799,0.0090391701087355,0.542671263217926,2.0,5.484851360321045,731.676513671875,1.943236231803894,0.0035139434039592,30.513376235961918,0.435973584651947,34.76588821411133,92321.421875,4680.06201171875,57965.58984375,0.29942358
1389,-133.24905925224405,58.564635008203325,0,225.24380493164065,21.71261405944824,,,0.0045708450488746,-0.0223482716828584,0.1458527743816375,8.0,4.203886985778809,1289.04052734375,2.470676898956299,0.0034364366438239,28.501056671142575,0.2802668511867523,63.88228225708008,93518.4140625,1603.11474609375,93785.2109375,0.006530337
1390,-127.64846393337076,52.18425067039073,0,,,606.2483520507812,5.760659217834473,,,0.6774193644523621,2.0,8.900062561035156,3023.3349609375,3.793070554733277,0.0053465496748685,41.43871307373047,-0.6973263621330261,38.77081680297852,19613.51953125,10096.498046875,19481.46484375,0.017978413
1391,-126.32669241515497,50.78573612778755,0,337.4363098144531,7.958962440490723,148.5503387451172,6.3337721824646,0.0332434959709644,-0.0264938399195671,0.787345826625824,2.0,10.7664213180542,1870.324951171875,3.324671983718872,0.0054126833565533,43.68902587890625,-1.0865657329559326,67.25776672363281,22157.15625,,22152.927734375,0.044603832
1392,-121.81795795215764,54.05574801587199,0,169.76255798339844,0.5604816675186157,607.67578125,10.94713020324707,0.0023098676465451,-0.0033007941674441,0.4595508277416229,2.0,10.657782554626465,915.952880859375,2.251366138458252,0.0044342502951622,40.388301849365234,0.5203046798706055,53.70216751098633,1094.7620849609375,310.70098876953125,1055.3648681640625,0.13147232
1393,-122.62220611087828,54.34310688950173,0,248.14944458007807,0.9447389245033264,833.1320190429688,8.016656875610352,-0.0103463754057884,0.0065424535423517,0.7873066663742065,2.0,9.499608993530272,714.7703247070312,2.2428903579711914,0.0042087226174771,37.70366287231445,-0.2620033323764801,59.11592864990234,1611.739013671875,1197.1279296875,1468.2955322265625,0.32570848
1394,-126.63875736551148,58.75334916061428,0,235.5608673095703,6.297287464141846,1301.98876953125,5.880518436431885,0.0275643803179264,-0.0461021400988101,0.6883506774902344,2.0,4.281748294830322,626.2669677734375,1.8595566749572756,0.0030961981974542,30.25737190246582,0.5140587687492371,32.34894180297852,52618.4921875,6542.5107421875,52569.9375,0.018070148
1395,-124.55934233389304,54.51161881348106,0,27.340879440307617,0.0966032147407531,678.0,13.951295852661133,0.0013488484546542,0.0,0.1103580445051193,1.0,9.573930740356444,516.0560302734375,1.9153587818145752,0.0042419442906975,35.1927375793457,-0.8224373459815979,57.18666076660156,1525.5499267578125,0.0,1460.59521484375,0.100210965
1396,-133.25117076899676,59.62369593115181,0,178.39341735839844,7.717207431793213,1303.632080078125,7.611700534820557,0.0264792926609516,-0.0012263592798262,0.6203255653381348,2.0,4.000870704650879,531.0070190429688,2.6614701747894287,0.0031861735042184,29.268404006958008,-0.1788059920072555,66.92977905273438,9659.21484375,4040.627685546875,9797.5263671875,0.04070521
1397,-120.85492634009218,54.92566350347669,0,88.929931640625,1.9713000059127808,1276.2850341796875,7.198580741882324,-0.0045122504234313,0.0035633591469377,0.7335600852966309,2.0,7.831328392028809,686.7533569335938,2.860970258712769,0.0037769505288451,38.88024139404297,0.2785763740539551,55.5946159362793,4077.563720703125,4176.98046875,4204.56982421875,0.12762934
1398,-123.30947721370484,57.05308307948425,0,220.12843322753903,8.620148658752441,1698.9139404296875,5.374349594116211,0.0057741818018257,0.0226595886051654,0.6191762685775757,2.0,4.442521572113037,704.842529296875,2.5826845169067383,0.003198079066351,33.06977462768555,0.125954121351242,37.450313568115234,2535.383544921875,6130.55078125,2615.119873046875,0.035067137
1399,-125.98614456022588,59.76175764854377,0,250.34927368164065,4.894592761993408,1192.6873779296875,7.844241619110107,0.0079696364700794,0.0026354503352195,0.7058016061782837,2.0,3.4866297245025635,573.3258666992188,1.7073348760604858,0.0031448150984942,30.37548828125,0.4528097212314605,35.26301574707031,4993.1728515625,4484.048828125,5095.38720703125,0.02859863
1400,-126.78824935919415,54.78436538577347,0,296.15740966796875,7.873904228210449,1169.7320556640625,5.95288610458374,-0.0167046915739774,0.0117164738476276,0.7665379643440247,2.0,7.598513126373291,638.3072509765625,2.297011375427246,0.0037503920029848,33.47544479370117,-0.8438969254493713,79.55122375488281,1724.388671875,7615.9501953125,1798.1063232421875,0.6335783
1401,-131.84655794796217,59.44770445660598,0,263.0165710449219,2.624420404434204,971.1998291015624,6.535880565643311,0.0085744755342602,0.0027117698919028,0.5767714381217957,2.0,5.221207141876221,540.6105346679688,2.145369529724121,0.0034276703372597,30.630836486816406,0.3125432729721069,65.39173889160156,53193.40625,1255.903076171875,53331.63671875,0.6380681
1402,-128.06431937514043,51.51179713474967,0,106.20642852783205,1.006940484046936,43.82397079467773,10.892830848693848,-0.0002183750912081,0.0026201363652944,0.6518048644065857,4.0,11.07717514038086,2742.65625,4.608355045318604,0.0058110379613935,47.29470443725586,-0.8802469372749329,38.84233474731445,59988.76953125,,60133.53125,0.04924065
1403,-121.93244486344234,53.8668414971516,0,224.5646209716797,4.905520439147949,782.9161987304688,8.051965713500977,0.015689667314291,-0.0026369309052824,0.7896727919578552,2.0,10.243910789489746,914.8231201171876,2.305548906326294,0.0043067028746008,41.016056060791016,0.3808582723140716,59.798248291015625,397.7514343261719,504.5620727539063,847.0134887695312,0.09662293
1404,-123.76651116494016,59.1163134689815,0,219.0874481201172,1.730912685394287,714.1351318359375,7.862432956695557,-0.0001103742979466,0.0059020658954977,0.7052570581436157,2.0,5.65925407409668,575.2958374023438,1.7699224948883057,0.0035243870224803,36.05764389038086,-0.1071947142481803,92.5082015991211,29796.435546875,5694.841796875,29770.560546875,0.6433246
1405,-128.5886838556107,57.31866999311385,0,167.21885681152344,14.654284477233888,1805.5401611328125,6.399604320526123,-0.0097024161368608,0.0170180369168519,0.5381464958190918,11.0,4.007582187652588,779.4666137695312,2.1327927112579346,0.0032856217585504,29.31485748291016,0.5423966646194458,40.7138671875,92468.9375,2768.582275390625,92547.1171875,0.076567926
1406,-125.30295074882164,52.28052127849859,0,83.1646957397461,2.768277168273926,1296.622802734375,7.867411136627197,0.0008975558448582,0.0002904680150095,0.6615283489227295,2.0,8.44061279296875,468.0413818359375,2.173895359039306,0.0037524621002376,27.816762924194336,-1.312215805053711,35.876686096191406,3437.33154296875,1958.1448974609373,3405.80517578125,0.40220863
1407,-127.89048590769784,50.37571245890964,0,222.43386840820312,15.531516075134276,452.97857666015625,5.015372753143311,0.0438442416489124,-0.0319510847330093,0.8152902722358704,11.0,11.178155899047852,2859.08984375,4.986668586730957,,47.24599838256836,-1.005757451057434,55.224456787109375,18711.408203125,3070.44921875,18724.0234375,0.14784986
1408,-125.65503576389926,51.12417166632024,0,,,,,,,0.5222744345664978,2.0,9.038812637329102,1225.47998046875,2.799314260482788,0.0046128840185701,34.043006896972656,-1.147303819656372,64.5125732421875,40691.6484375,2744.32861328125,40873.0234375,0.15108691
1409,-129.04326195427146,56.52260582883736,0,,,,,,,0.4899844527244568,2.0,4.964298725128174,1015.3762817382812,1.9416584968566892,0.0035543870180845,29.372459411621094,-0.011763485148549,40.58395004272461,22617.845703125,5521.236328125,22601.302734375,0.49253744
1410,-120.13818771209358,58.735034631614056,0,77.28926086425781,0.0922001525759697,354.612060546875,12.559574127197266,0.0019479526672512,-0.0009670586441643,0.7072229981422424,11.0,5.940356731414795,418.6192321777344,2.758058786392212,0.0037052242550998,32.59280776977539,0.0459722205996513,33.19977951049805,40730.73046875,408.9620666503906,40962.875,0.8087867
1411,-128.43016676829308,58.74891841873932,0,137.13526916503906,10.809979438781738,1905.827392578125,4.778191089630127,-0.172523945569992,0.1163747534155845,0.1137056872248649,8.0,3.043586254119873,679.6236572265625,2.097786664962769,0.0030715691391378,27.81377410888672,0.4634956419467926,56.40908050537109,78433.6640625,5645.451171875,67758.140625,0.0043203705
1412,-126.21259912180378,51.36051957613446,0,,,1799.0614013671875,4.605425357818604,-0.0283300299197435,0.0042479811236262,-0.0320729352533817,8.0,7.287717342376709,1416.6424560546875,2.494107246398926,0.0040035140700638,32.0944938659668,-0.9572988152503968,62.15979766845703,43047.98828125,2722.68310546875,12021.939453125,0.0050491807
1413,-127.14016909399128,53.17628406145101,0,167.197021484375,13.988809585571287,1737.2548828125,5.631558418273926,-0.029961971566081,0.0253106672316789,0.1531705260276794,11.0,6.783527374267578,1561.6304931640625,2.575457096099853,0.0041182092390954,32.53329849243164,-1.100243091583252,58.35350799560547,51955.66796875,4871.53369140625,52102.31640625,0.024154931
1414,-124.6325879786691,48.810051113213085,0,270.8545837402344,4.7699294090271,178.31065368652344,6.066261291503906,0.0035258284769952,-0.0143088595941662,0.8896436095237732,2.0,12.634119033813477,2854.11962890625,2.943395137786865,0.0059901559725403,47.66875076293945,-1.3646990060806274,169.39198303222656,2422.505126953125,906.5651245117188,2556.7001953125,0.21521737
1415,-130.25315028339546,57.849265853296,0,98.82341003417967,7.149505615234375,1429.8702392578125,6.5572829246521,0.0157054755836725,-0.0112091237679123,0.7284859418869019,2.0,5.556897163391113,635.0203247070312,2.067451000213623,0.0034610549919307,30.235414505004883,0.8369975090026855,63.79253768920898,13236.3798828125,5360.98095703125,13221.3251953125,0.022946112
1416,-132.14525792837614,53.262127592176256,0,221.92784118652344,2.873481512069702,,,0.0083645218983292,-0.0023964631836861,0.8467798233032227,2.0,10.907679557800291,2054.25341796875,6.3019208908081055,,42.53059005737305,-2.474722146987915,38.985958099365234,,29232.884765625,113.4334716796875,0.09869388
1417,-123.41719301167925,55.03280068153606,0,51.44813537597656,3.246070384979248,1172.138427734375,6.565463066101074,0.0108052594587206,-0.0085787270218133,0.6787895560264587,2.0,7.0967116355896,677.85986328125,2.2907845973968506,0.0037734485231339,34.702091217041016,-0.3330837488174438,55.352989196777344,19364.78125,8771.3310546875,19489.302734375,0.48907965
1418,-124.59387675025604,51.660854185664256,0,217.49606323242188,15.84583854675293,2383.296875,6.202425956726074,-0.0617482587695121,0.0270686578005552,0.0640011578798294,11.0,5.794545650482178,682.0482177734375,2.3115246295928955,0.0035297849681228,27.853797912597656,-1.2740718126296997,69.78313446044922,11650.7998046875,6364.4677734375,11670.73828125,0.1313472
1419,-121.36355342130057,53.60348103017489,0,280.3673095703125,10.62938404083252,1565.709716796875,6.837284564971924,-0.0585770793259143,0.052431683987379,0.7108033895492554,2.0,7.584309101104736,999.8435668945312,2.5608816146850586,0.0039352723397314,38.17839431762695,0.2823611199855804,47.3012809753418,2263.317138671875,6037.57958984375,2247.889892578125,0.48522198
1420,-125.00181166223511,48.734695024407024,0,231.36013793945312,6.264811992645264,253.3152313232422,5.697670936584473,-0.0313069522380828,0.0458006151020526,0.8297334909439087,2.0,12.228346824645996,2781.120361328125,3.6687331199646,0.0063241110183298,48.42339324951172,-1.418925404548645,151.0722198486328,2168.146484375,3243.170654296875,2314.40380859375,0.068239994
1421,-128.21488306417183,50.6121494620869,0,220.5027313232422,6.9516282081604,150.11923217773438,5.728025436401367,-0.0489621572196483,0.0759016796946525,0.7829256653785706,2.0,11.590705871582031,2548.8701171875,5.222096920013428,0.0060698767192661,46.98485565185547,-1.0698479413986206,52.271705627441406,6763.10595703125,2182.498779296875,6921.81005859375,0.03489079
1422,-128.42222554242977,54.63361171626909,0,193.85626220703125,3.2139711380004883,106.4096450805664,6.020853042602539,0.0299368873238563,0.0002918174432124,0.6052616834640503,2.0,9.141786575317385,1177.3121337890625,2.3047685623168945,0.0043076612055301,32.98921203613281,-0.9646527767181396,50.49592971801758,222.1947784423828,650.0863037109375,437.3986511230469,0.2536958
1423,-123.71341950688004,51.177098964755714,0,198.035888671875,11.158117294311523,2555.74951171875,4.961551189422607,-0.0383864268660545,0.1276255249977111,0.0878647416830062,8.0,6.098354816436768,723.1029052734375,2.3546788692474365,0.0034893569536507,27.43535041809082,-1.269273281097412,46.23829650878906,10899.4775390625,2487.392578125,11163.162109375,0.35012856
1424,-128.90964646039671,57.69538919669966,0,156.231201171875,8.727896690368652,1522.287353515625,5.443671703338623,0.0132560906931757,0.0018567545339465,0.5738887786865234,2.0,4.129063129425049,696.6250610351562,2.0747978687286377,0.0031598145142197,29.085281372070312,0.5003892779350281,43.71645736694336,58479.1640625,2066.47705078125,58642.5078125,0.03487311
1425,-122.76645141796948,53.53989017534759,0,88.34857177734375,5.577141761779785,753.4113159179688,6.496591567993164,-0.0123326079919934,0.003648797981441,0.6820741295814514,2.0,10.663515090942385,612.09033203125,2.1655678749084477,0.0042473259381949,37.99424743652344,-0.2353914529085159,66.7303695678711,3538.489990234375,2414.34716796875,3601.136474609375,0.08823102
1426,-127.93373634849658,51.560125187269065,0,109.32168579101562,8.178790092468262,335.2024841308594,6.246006011962891,-0.0040320307016372,-0.0059368908405303,0.6342519521713257,11.0,10.22130012512207,2895.2099609375,4.428070068359375,0.0057690883986651,46.15972137451172,-0.8467361330986023,38.747337341308594,49864.30859375,,49982.140625,0.08604168
1427,-122.87291690098134,53.369723015048926,0,135.33970642089844,2.3577189445495605,671.51904296875,9.99762725830078,-0.0020701684989035,-0.0005368729471229,0.7617107033729553,2.0,10.848416328430176,554.9324340820312,2.135009527206421,0.0041823494248092,37.20146179199219,-0.2391012012958526,62.97500991821289,356.9750366210937,2042.5948486328125,316.99957275390625,0.16083337
1428,-130.24791090517664,54.48205917780702,0,,,,,,,,,,,,,,,,,,,0.17682678
1429,-126.74078686284388,49.714290692948566,0,270.0638732910156,12.198691368103027,271.8563537597656,8.455256462097168,0.0238505899906158,0.005060794763267,0.8582395315170288,2.0,11.27302074432373,3220.33935546875,4.109940528869629,0.0060124066658318,46.99760818481445,-1.5704751014709473,60.96652603149414,19226.39453125,22116.201171875,16174.365234375,0.07868532
1430,-120.71568198281848,54.09660594768569,0,238.86782836914065,14.006342887878418,1966.825439453125,5.536169052124023,0.045048639178276,-0.0136825190857052,0.259998470544815,8.0,5.401544570922852,966.5436401367188,2.846096992492676,0.0036505591124296,34.64662170410156,0.1437327861785888,38.95685958862305,17042.30859375,4922.2177734375,16964.509765625,0.010689501
1431,-130.2152434308138,57.50170892130073,0,289.7142028808594,1.585881590843201,868.0538330078125,7.083396911621094,-0.0066273058764636,0.0040012733079493,0.7403518557548523,2.0,7.749946117401123,538.8911743164062,1.7693939208984375,0.0037191328592598,30.801931381225582,0.7733237743377686,57.737117767333984,389.5343017578125,968.3338623046876,535.0675048828125,0.15695661
1432,-129.85402159107662,58.332525803758514,0,73.62769317626953,3.0429928302764893,1061.1209716796875,6.340639114379883,0.017357163131237,-0.0053697559051215,0.7037891745567322,2.0,5.316958427429199,543.9268188476562,1.8357239961624143,0.0033737225458025,30.44561004638672,1.004674196243286,45.62154769897461,3313.2529296875,343.5236511230469,3206.01904296875,0.12278698
1433,-132.20587365203417,59.984247381608405,0,,,1012.1423950195312,6.704586029052734,-0.0003451697120908,0.0074400990270078,0.7041424512863159,2.0,5.142867088317871,440.9619140625,2.125572204589844,,29.40735244750977,0.331794798374176,46.20524978637695,4744.97802734375,6123.81884765625,4812.53173828125,0.11040051
1434,-128.4046958058516,52.84410931866013,0,,,,,,,0.8348028659820557,2.0,9.724526405334473,3749.62548828125,4.09476375579834,0.0052206623367965,43.07376480102539,-1.0149086713790894,33.603736877441406,,2027.923095703125,29042.357421875,0.031937223
1435,-126.00435424060367,58.01760691324271,0,187.88314819335935,7.872796058654785,1309.1746826171875,10.699883460998535,0.0295900274068117,-0.0001505389809608,0.699824869632721,2.0,3.731525659561157,641.0576171875,1.9458227157592771,0.0030971076339483,29.43871116638184,0.3635763823986053,21.08515930175781,68969.4453125,8912.6572265625,69026.28125,0.013440508
1436,-120.50129414693554,59.1842537842771,0,89.93546295166016,0.6254141926765442,687.070556640625,8.292265892028809,-8.471530600218102e-05,-0.000143680270412,0.7190044522285461,2.0,4.839490413665772,447.792236328125,2.7655951976776123,0.0035195522941648,33.14548873901367,-0.097777634859085,34.89451217651367,14442.5546875,9508.7900390625,14487.5791015625,0.6441851
1437,-130.0799310692013,57.044070051011175,0,206.74810791015625,19.157161712646484,1732.95703125,,0.0439334399998188,-0.0105849681422114,0.1623365432024002,9.0,3.8250069618225098,1208.2452392578125,2.2027177810668945,0.0034361777361482,27.360597610473636,0.2553911805152893,41.77676773071289,11560.5576171875,9081.88671875,11572.9501953125,0.004756545
1438,-127.3653877078468,50.17850260820229,0,224.49302673339844,17.58589744567871,375.6736755371094,6.542102813720703,-0.0193935129791498,0.0679710209369659,0.821223795413971,2.0,11.00703239440918,3028.066650390625,4.484364032745361,0.0057584275491535,46.457481384277344,-1.1138546466827393,59.64104461669922,2394.60205078125,3477.60986328125,2365.369140625,0.09600343
1439,-127.4810610230965,53.65745813324496,0,64.70301818847656,9.978318214416504,1443.1453857421875,6.292603015899658,-0.012382430024445,0.0726599693298339,0.3518988192081451,2.0,6.61395263671875,1520.3057861328125,2.459012269973755,0.0039192321710288,31.30838203430176,-1.1108956336975098,56.20403289794922,13155.171875,2145.716552734375,13286.3330078125,0.50515896
1440,-123.89479323304576,57.27826662570602,0,,,,,0.0027087049093097,-0.0123578812927007,0.216992899775505,11.0,2.7649292945861816,740.5691528320312,2.624386548995972,0.0030679225455969,28.472715377807617,0.1762847155332565,31.36803436279297,22589.21484375,2473.7490234375,22576.5703125,0.04034858
1441,-129.37126630639955,54.10885904714696,0,,,,,-0.1037450581789016,0.0155632961541414,0.5096455812454224,2.0,7.831883430480957,2463.1396484375,3.5754191875457764,0.0045699514448642,35.75807189941406,-1.1901137828826904,33.21168899536133,17315.599609375,2580.4423828125,17270.044921875,0.011193917
1442,-132.14467587981315,58.72532454444912,0,153.74485778808594,17.324777603149414,714.06103515625,5.08751916885376,0.0102582639083266,-0.00256412406452,0.6127057075500488,2.0,6.939357757568359,721.6220703125,1.9472250938415527,0.0034567071124911,32.783016204833984,0.5896424651145935,65.46821594238281,99444.046875,1122.9189453125,99394.4765625,0.40597847
1443,-122.14955981251518,53.89752411745419,0,182.55935668945312,1.5152013301849363,743.6685180664062,6.046272277832031,0.0087787676602602,-0.0028066064696758,0.7666210532188416,2.0,10.420660018920898,847.25634765625,2.261393547058105,0.0042368755675852,40.45981597900391,0.1053819432854652,64.98558044433594,1115.1951904296875,2377.642333984375,903.5739135742188,0.11627963
1444,-128.6816036280897,55.99849781339998,0,234.1094512939453,4.716895580291748,1074.0938720703125,5.4334635734558105,-0.0103412065654993,0.0174383670091629,0.7282187342643738,2.0,7.696746349334717,965.2095336914062,1.8655688762664795,0.0039661251939833,32.87905502319336,-0.2231731712818145,49.41147994995117,23967.4296875,4169.1494140625,23932.23046875,0.4255391
1445,-134.77202608056666,59.55522508872061,0,282.416748046875,16.647903442382812,1000.0820922851562,5.456101417541504,0.0244828946888446,0.0005149019998498,0.4599118828773498,2.0,4.064245700836182,823.9685668945312,3.028815507888794,0.0032128756865859,27.378711700439453,-0.5578789114952087,105.85753631591795,23664.5703125,1094.8258056640625,23506.294921875,0.009637583
1446,-129.98250038777684,59.57555233583379,0,159.70191955566406,12.004188537597656,1924.77001953125,4.886863708496094,0.0156796481460332,-0.001733525772579,0.1668974459171295,11.0,2.798386335372925,695.4319458007812,2.33057713508606,0.0030505580361932,27.47467422485352,0.4720833301544189,75.7186508178711,33521.69921875,7237.37353515625,33485.54296875,0.0074272025
1447,-130.03969775982782,53.2776475685401,0,172.97409057617188,1.1071003675460815,70.06871795654297,7.237523078918457,0.0089341243728995,-0.005391804035753,0.6993507146835327,4.0,11.106934547424316,2763.764892578125,5.349789619445801,0.0056456960737705,45.01688766479492,-1.8108680248260496,27.142698287963867,54737.640625,32336.390625,54733.72265625,0.013237344
1448,-121.98086604503588,53.03120711583741,0,299.9244384765625,7.880742073059082,1043.139404296875,7.09573221206665,0.0040009221993386,0.0052150469273328,0.8028268814086914,2.0,9.565292358398438,755.3349609375,2.377950668334961,0.0040584495291113,37.7701301574707,0.0427635759115219,46.5931282043457,705.780517578125,1542.91552734375,946.6675415039062,0.1848544
1449,-133.68259737625334,59.82770145268635,0,241.6309051513672,4.690212726593018,970.3980102539062,6.289191246032715,0.0205992422997951,0.0003956548171117,0.6152175664901733,2.0,5.352590084075928,380.4254760742188,2.670867919921875,0.0033986535854637,26.58222961425781,-0.4118701219558716,28.50417900085449,6995.1064453125,5793.34033203125,7060.2900390625,0.29243404
1450,-127.61826679620368,50.56290516345566,0,,,50.35668563842773,10.093206405639648,,,,2.0,12.065389633178713,2479.78662109375,4.689699649810791,,45.88003158569336,-1.070138931274414,62.62264633178711,1421.8990478515625,,1414.5831298828125,0.2655159
1451,-129.41248936560604,53.762798960587325,0,270.6255798339844,15.156774520874023,214.6234893798828,6.971189498901367,0.0030640587210655,-0.0102085070684552,0.7535225749015808,2.0,9.522971153259276,3216.3544921875,3.943739652633667,0.0048222700133919,39.82715606689453,-1.2937462329864502,30.67194175720215,39465.234375,988.2244262695312,39338.8984375,0.06090459
1452,-138.33562300269628,59.92899998022762,0,53.66193389892578,19.69666862487793,,,-0.0061097485013306,0.0755088999867439,0.0561960078775882,9.0,3.59297251701355,1176.3404541015625,2.7389161586761475,0.0028693787753582,24.750024795532227,-1.055227518081665,35.64593505859375,84906.828125,5405.95654296875,84874.921875,0.005683939
1453,-121.17280098478946,54.582619811766286,0,294.4262390136719,12.185681343078612,1419.3831787109375,6.392261028289795,-0.0070431400090456,0.0006380211561918,0.7656341195106506,2.0,6.585425853729248,887.0536499023438,2.77133584022522,0.003662995994091,36.82833099365234,0.45339235663414,46.99943161010742,25215.40625,2158.416015625,25282.947265625,0.26490554
1454,-129.27950702678788,58.91105659989242,0,120.08038330078124,17.168582916259766,1261.74560546875,5.067843914031982,0.0016648466698825,-0.0072022718377411,0.7959206104278564,2.0,4.2542266845703125,610.0474243164062,1.8455479145050049,0.0031529562547802,29.375978469848636,0.7279967665672302,51.34846878051758,31989.61328125,1695.8287353515625,31458.1796875,0.015227448
1455,-124.22684764643658,57.20731701786082,0,310.9775390625,14.105859756469728,1822.1934814453125,7.09919023513794,0.0357444621622562,-0.0786280333995819,0.1660514324903488,11.0,2.933070659637451,730.1775512695312,2.3903138637542725,0.0031862386967986,29.579721450805664,0.3428509533405304,26.103979110717773,38989.59765625,3234.91943359375,27741.65625,0.00699994
1456,-129.09044402238854,58.93012862580708,0,233.2030792236328,16.38971519470215,1697.95361328125,6.3467326164245605,0.0826229974627494,-0.0505269691348075,0.5344754457473755,9.0,3.415825366973877,665.300048828125,2.039236307144165,0.0031237744260579,28.523975372314453,0.5996180772781372,54.60649871826172,40440.6171875,3334.103515625,30039.455078125,0.0066127423
1457,-127.01661234400297,51.93224034927297,0,188.44009399414065,11.010538101196287,519.4530639648438,4.564472198486328,0.1889018714427948,-0.0132132824510335,0.8134849667549133,2.0,7.071812629699707,2029.8997802734373,2.944326639175415,0.0044552832841873,33.980472564697266,-0.8595138788223267,48.53581619262695,31370.576171875,1745.081298828125,31329.33984375,0.0084323725
1458,-129.54790188611935,58.5151826391236,0,145.81661987304688,7.056024074554443,1831.2464599609373,6.314353942871094,-0.0221140496432781,-0.0021980910096317,0.2921312749385834,11.0,3.991201162338257,642.2391357421875,2.041717052459717,0.0031972900032997,29.2985954284668,0.7219070792198181,43.45358657836914,27028.97265625,4629.57958984375,27040.892578125,0.041393798
1459,-124.99264458429668,50.14154555734861,0,,,,,,,0.826532781124115,2.0,13.291104316711426,1297.5655517578125,3.1098077297210693,,46.56760025024414,,99.14319610595705,,,2782.455322265625,0.09995276
1460,-126.23023435912866,51.58032707284848,0,,,1032.599609375,6.01268482208252,0.1220888718962669,-0.0450815111398696,0.7465822100639343,11.0,6.139793395996094,1330.9949951171875,2.5365562438964844,0.0038760907482355,30.85047149658203,-1.0302540063858032,58.32988739013672,61801.015625,1069.07470703125,36364.671875,0.8585663
1461,-128.62062223755686,55.501790291470336,0,136.74429321289062,9.375444412231444,635.3020629882812,4.308201789855957,0.0469164811074733,-0.0918076634407043,0.8102449774742126,2.0,7.536184787750244,1041.010498046875,2.078293800354004,0.0041974075138568,32.69929504394531,-0.5056890845298767,59.770606994628906,7277.63330078125,7944.54736328125,7416.9775390625,0.037640594
1462,-123.16559886476315,50.09991978716329,0,108.85907745361328,12.88560676574707,1387.0380859375,5.476774215698242,-0.0335846841335296,0.0256205759942531,0.5593678951263428,11.0,8.23269271850586,1280.5350341796875,2.0790822505950928,0.004468826111406,33.27100372314453,-1.0044543743133545,72.11449432373047,2165.554443359375,2904.175537109375,2118.356689453125,0.9645193
1463,-127.86545663870406,55.07234886486646,0,9.995135307312012,12.927669525146484,576.66259765625,5.900333881378174,0.0030463973525911,-0.0056889224797487,0.8305439352989197,2.0,9.390310287475586,756.4380493164062,2.104623794555664,0.0043177185580134,33.71369171142578,-0.6614246964454651,64.3064956665039,1544.474365234375,1432.8052978515625,1689.4150390625,0.2301494
1464,-132.7197141953721,53.71152812236373,0,159.35574340820312,9.093775749206545,142.23902893066406,7.763238430023193,0.0261693280190229,-0.020576249808073,0.5615057349205017,2.0,10.132749557495115,1980.3289794921875,5.548081874847412,0.005476243328303,43.11914825439453,-1.8302021026611328,33.75558853149414,25642.607421875,14413.34375,25625.3828125,0.0145039745
1465,-123.14838562094478,57.26650704015896,0,174.26820373535156,12.51683521270752,1236.982421875,5.960201740264893,0.0063754832372069,-0.0402442663908004,0.7290825843811035,11.0,5.8402862548828125,633.3267822265625,2.389875650405884,0.0032855845056474,35.67976760864258,0.0938458442687988,44.010887145996094,18971.96484375,2724.140869140625,18977.984375,0.60439646
1466,-125.97703743210762,59.02871702209168,0,172.3535614013672,13.0516357421875,1640.80810546875,5.161728858947754,0.0079678241163492,0.0544542074203491,0.6713155508041382,11.0,3.057941436767578,662.394775390625,1.9843467473983765,0.0030883918516337,28.873964309692383,0.4986458420753479,36.92340087890625,10869.369140625,6300.67138671875,10831.3046875,0.017219594
1467,-127.3835231917829,50.64705935453448,0,159.14923095703125,3.2770588397979736,109.27037811279295,6.346173286437988,0.0154505837708711,0.0027926557231694,0.7925958037376404,2.0,12.052420616149902,2088.79052734375,4.295101642608643,,44.957550048828125,-1.0260069370269775,62.92385482788086,712.53466796875,6660.666015625,959.6142578125,0.06493764
1468,-129.87023625647362,56.38495693773083,0,183.3901824951172,11.11096477508545,446.7001953125,7.2436370849609375,0.0066650845110416,0.0113841108977794,0.5816572308540344,2.0,6.601943016052246,1388.8751220703125,1.72651469707489,0.0035737687721848,30.77012634277344,-0.2617157399654388,40.10618591308594,26158.40234375,799.1183471679688,26187.423828125,0.0858526
1469,-130.5208016957063,53.93229673799305,0,263.882568359375,2.527068853378296,130.22706604003906,7.920682907104492,0.0025214485358446,-0.0079382779076695,0.7093526124954224,2.0,10.297941207885742,2059.951904296875,5.285760879516602,,42.54201889038086,-1.6241986751556396,24.645309448242188,14440.078125,9413.3671875,14605.638671875,0.024843814
1470,-132.3686279880809,53.15008987347163,0,,,,,0.0181979704648256,-0.0021657589823007,0.8230251669883728,0.0,10.263574600219728,2530.2373046875,6.4087419509887695,,,,,,,,0.0455889
1471,-129.821115206019,57.37841287376988,0,92.21873474121094,12.044776916503906,1673.2108154296875,5.169998645782471,-0.0083950972184538,-0.0013898253673687,0.0074584046378731,9.0,3.5559329986572266,938.2116088867188,2.2481024265289307,0.0030722974333912,27.21590232849121,0.5555208325386047,59.12912368774414,25582.419921875,7319.77001953125,25486.263671875,0.001727166
1472,-124.40800352676024,51.71200058129703,0,287.8572998046875,4.960161685943604,1168.5504150390625,6.27158260345459,-0.0123110506683588,0.0258391071110963,0.6243312358856201,2.0,10.79380226135254,396.3499755859375,1.8255616426467896,0.0037509652320295,27.809261322021484,-1.2997244596481323,42.45014190673828,940.4935913085938,3350.34326171875,625.7254028320312,0.3033066
1473,-128.55164452913917,57.47608964228482,0,196.5903167724609,9.52004623413086,1282.2540283203125,8.495431900024414,0.0106146689504385,-0.0303051564842462,0.67116379737854,2.0,4.73137092590332,687.0848999023438,1.9415693283081052,0.003276017261669,30.05889320373535,0.6043360233306885,43.16525650024414,86335.0546875,2754.450439453125,86384.984375,0.06544234
1474,-129.14912565754412,59.03923021015529,0,299.9312744140625,6.803263187408447,925.0260620117188,8.017107963562012,0.0343459360301494,-0.0064613195136189,0.7542130351066589,2.0,4.817110061645508,578.2620239257812,1.7436364889144895,0.0031927525997161,30.267314910888672,0.6433134078979492,54.09806060791016,28647.505859375,1194.50146484375,17530.9375,0.05074555
1475,-126.54047213859856,50.6832650453261,0,178.2828826904297,3.220017910003662,83.583740234375,8.109823226928711,0.0054932725615799,0.0218482855707407,0.7916204333305359,2.0,11.863917350769045,1945.2161865234373,3.627976179122925,0.0057318564504384,46.2324447631836,-1.1187503337860107,65.12542724609375,4455.71875,,4455.33056640625,0.040232684
1476,-133.48409054060252,59.37030395531315,0,,,,,-0.0254622790962457,0.0257737953215837,0.7307499051094055,2.0,5.605605125427246,589.0772705078125,2.478070020675659,0.0034418082796037,30.71125221252441,-0.0879833698272705,84.80268859863281,4071.065673828125,3739.4404296875,4116.57568359375,0.13579239
1477,-133.91936746832442,58.91372419413527,0,,,1504.68310546875,,0.0475227870047092,-0.0409825034439563,,9.0,2.7885448932647705,1110.3731689453125,2.949136257171631,0.0030701532959938,24.86116981506348,0.0694146603345871,83.22540283203125,56252.2734375,2909.916748046875,56424.859375,0.0052342433
1478,-132.42468397589755,53.41839465627791,0,225.73866271972656,9.37130641937256,425.708251953125,5.930686950683594,-0.0212251953780651,0.0430430509150028,0.7129818201065063,2.0,10.27873706817627,2055.819580078125,5.896376132965088,0.0055472468957304,43.11650085449219,-2.215249538421631,41.37255096435547,2744.0126953125,6687.39794921875,3016.094482421875,0.0357195
1479,-120.3405525069329,56.81451858180981,0,276.19952392578125,0.460858553647995,732.505126953125,8.530935287475586,0.0003791129274759,-0.000734602974262,0.6345177888870239,2.0,6.4777021408081055,478.3318786621094,3.213874101638794,0.0038068979047238,35.924800872802734,0.3243715167045593,39.2165412902832,13902.703125,5451.2724609375,14115.1328125,0.18662329
1480,-121.32299625386128,54.520385377220194,0,73.60906219482422,18.221942901611328,1775.98486328125,6.0169219970703125,0.0294594280421733,0.0071293651126325,0.1444059759378433,8.0,4.609938144683838,1003.1634521484376,2.9295265674591064,0.0036294125020503,33.35664367675781,0.3400505781173706,45.485836029052734,33638.69921875,4061.154296875,27981.693359375,0.003204531
1481,-128.49607774546507,58.06331819552038,0,154.56581115722656,0.4589933454990387,1180.8193359375,12.173851013183594,0.0005417027859948,-0.0032953438349068,0.6361486911773682,1.0,4.799199104309082,592.6173095703125,1.769709825515747,0.0032248180359601,30.066850662231445,0.7339800596237183,39.306884765625,81949.4921875,8863.3017578125,81888.8515625,0.2132414
1482,-121.29095717123845,58.64931071171167,0,173.20208740234375,0.1887544393539428,420.3868713378906,10.1577787399292,-4.032139258924872e-05,0.0009365725563839,0.68025141954422,2.0,5.891495227813721,450.5335998535156,2.432051181793213,0.0037235079798847,35.01820755004883,0.1166089922189712,55.116641998291016,9255.6103515625,1491.6943359375,9115.7333984375,0.6945753
1483,-134.06831734976956,58.861179508930725,0,224.72686767578125,6.479444980621338,1859.15380859375,6.69360876083374,-0.0096646239981055,0.0201369114220142,-0.0832090824842453,9.0,1.4543722867965698,1186.037353515625,3.175377607345581,0.002907631220296,23.19771385192871,0.0417908169329166,77.94356536865234,65748.3125,12297.7509765625,65900.0390625,0.002187887
1484,-127.03033630675154,59.13975285479637,0,170.57325744628906,1.760274887084961,940.6864013671876,9.001773834228516,-0.002477872185409,-0.0090667232871055,0.6920059323310852,2.0,5.077430725097656,539.3649291992188,1.6179264783859253,0.0032937743235379,30.930086135864254,0.2720511853694916,45.40186309814453,54788.75390625,5526.6513671875,54658.765625,0.5531256
1485,-123.07617335521712,54.51616492754973,0,140.7255401611328,2.1712586879730225,913.7550048828124,6.10617733001709,0.0034879115410149,-0.0029740422032773,0.7299264669418335,2.0,9.027481079101562,643.0577392578125,2.18005919456482,0.0040666246786713,36.35603713989258,-0.522778332233429,58.68856048583984,14501.0751953125,4173.98583984375,14652.3095703125,0.33980834
1486,-123.70718677352266,51.62562915679453,0,297.1744384765625,1.8273603916168213,1345.1357421875,7.075626850128174,0.0021843153517693,-0.008520133793354,0.6063756346702576,2.0,10.40526008605957,423.2138366699219,2.074420690536499,0.0037674466148018,29.733251571655277,-1.4330562353134155,36.0908203125,1233.518798828125,1789.2381591796875,1399.673583984375,0.34265906
1487,-126.4468390576707,51.31748738862792,0,,,605.76513671875,5.415368556976318,,,0.8509567379951477,2.0,7.881104946136475,1606.3958740234375,2.7559852600097656,0.0044358265586197,33.51205825805664,-0.9270851016044616,59.479454040527344,42167.44921875,446.8047790527344,16044.7294921875,0.12884064
1488,-127.73964546215458,50.63678241506526,0,190.7866668701172,12.095839500427246,385.4124450683594,5.960659027099609,-0.0127091212198138,0.022013509646058,0.6941295862197876,2.0,11.120088577270508,2608.31884765625,4.662614822387695,0.0057822847738862,46.112525939941406,-0.9461920261383056,58.85107421875,7141.99658203125,2885.834228515625,7315.5625,0.028504794
1489,-126.78476734675668,49.6106041053554,0,,,,,-0.0019966925028711,0.0018586368532851,,0.0,12.087504386901855,3241.186279296875,4.459859371185303,,,,,,,,0.01821874
1490,-121.07633918791456,51.44729368396356,0,198.07449340820312,3.620466709136963,1110.035400390625,7.386181354522705,0.0088650435209274,0.0033996193669736,0.5803319811820984,11.0,10.06014633178711,459.15338134765625,2.408853054046631,0.004179673269391,34.644588470458984,-1.0122997760772705,45.159576416015625,233.4110107421875,1005.4066162109376,266.8002624511719,0.9509012
1491,-122.61277485080552,54.25252043013272,0,129.91712951660156,1.269813895225525,703.2855834960938,8.562541961669922,0.0070874411612749,-0.0045513580553233,0.7516475915908813,2.0,9.807703018188477,702.7640380859375,2.2221851348876958,0.0042389538139104,37.96599197387695,-0.2378939092159271,60.93836975097656,502.5771789550781,2173.636962890625,539.51416015625,0.17687455
1492,-125.91447928700028,50.58660020980064,0,148.33299255371094,7.295389175415039,45.21603775024414,11.297399520874023,0.032970018684864,0.0009219144121743,0.7376569509506226,1.0,11.435675621032717,1938.0140380859373,3.1774442195892334,0.0054889698512852,44.98932266235352,-1.232833981513977,72.04762268066406,940.4124145507812,691.2059326171875,833.8446044921875,0.25544846
1493,-125.34880439214636,54.93604122581554,0,52.20491027832031,8.286471366882324,857.33349609375,6.703685760498047,0.0134680550545454,-0.0102121206000447,0.6102997064590454,11.0,7.449800968170166,539.371826171875,2.007928371429444,0.0039278119802474,32.89324951171875,-0.393021821975708,58.184513092041016,1578.05517578125,3221.2939453125,1656.3658447265625,0.882928
1494,-121.16664745086211,54.42555488464043,0,111.83385467529295,15.80918025970459,2031.0113525390625,6.743556022644043,0.0282816160470247,-0.019306942820549,-0.0120014650747179,9.0,5.325161933898926,991.6265869140624,2.9129652976989746,0.0037132448051124,35.38836669921875,0.4536259770393371,45.26747894287109,27528.833984375,4745.39453125,25207.35546875,0.0031380604
1495,-126.90265857505572,59.21432024230094,0,250.2808074951172,5.475447177886963,1036.707763671875,6.4529948234558105,-0.0064385123550891,0.0162604041397571,0.6759045124053955,2.0,5.2378339767456055,533.771484375,1.5671148300170898,0.0033050142228603,31.06596946716309,0.1873432546854019,42.78730010986328,44886.69140625,2957.54052734375,44748.125,0.42344052
1496,-128.0582546334509,51.99042213291196,0,268.9853210449219,16.23589324951172,360.9538269042969,7.664401054382324,0.0527098849415779,-0.0086124427616596,0.6072585582733154,2.0,10.749957084655762,2872.47265625,4.210140228271484,0.0057516805827617,47.98848724365234,-0.871874988079071,34.658050537109375,16895.640625,,16735.35546875,0.06889415
1497,-132.97017795281317,59.72096431213678,0,85.23367309570312,13.138734817504885,1457.5799560546875,7.097175598144531,0.0571862496435642,-0.0805166587233543,0.2416725605726242,9.0,3.3704986572265625,558.5387573242188,2.767025947570801,0.0032268110662698,28.33198928833008,-0.4357078969478607,56.63114929199219,26627.203125,6138.896484375,26781.20703125,0.0071943463
1498,-131.0958840338366,56.49153588122005,0,282.4427490234375,22.536182403564453,592.7117309570312,5.447548389434815,0.0687019005417823,-0.0104076815769076,0.6560789346694946,2.0,5.7040300369262695,2132.816162109375,2.112279176712036,0.0037824481260031,29.24691772460937,-0.0290277786552906,40.912353515625,73829.3515625,534.5220336914062,73973.890625,0.04400232
1499,-127.5669324197624,56.638572206911135,0,145.58001708984375,23.02814674377441,1399.572265625,4.885406017303467,0.0073838382959365,-0.0011624559992924,0.5733533501625061,2.0,5.582401752471924,728.103515625,1.9991000890731807,0.0035407915711402,31.1616268157959,0.4674652814865112,35.06086349487305,104895.671875,6093.58837890625,61103.15234375,0.44182584
1500,-127.62166905795532,54.45465506021802,0,243.29183959960935,7.414372444152832,1455.434814453125,7.285886764526367,0.0096183260902762,-0.0045456811785697,0.6705985069274902,2.0,5.486228466033936,1094.4171142578125,2.5332553386688232,0.0037712147459387,30.78357696533203,-0.7656953930854797,73.98483276367188,14964.34765625,3107.9384765625,15036.9921875,0.57995075
1501,-130.3223052272266,56.445890336826864,0,284.5406494140625,18.83180427551269,1530.8900146484375,6.054373741149902,0.0602814108133316,-0.0394549407064914,0.0600574426352977,9.0,4.546499252319336,1831.50439453125,2.115188837051392,0.0036078165285289,27.757890701293945,-0.1491775065660476,42.9434928894043,35503.87109375,3319.976806640625,35693.11328125,0.010116277
1502,-130.76924583660684,56.69931445706056,0,174.5991973876953,9.150738716125488,373.1785278320313,5.490958690643311,0.0479489266872406,-0.0730019658803939,0.7459828853607178,2.0,8.228777885437012,1619.2275390625,1.742936372756958,0.0037195333279669,32.95880126953125,-0.1442013829946518,40.68282699584961,42670.14453125,403.5083312988281,42673.69140625,0.04998331
1503,-125.06403464415185,58.072749735265866,0,49.26565933227539,12.803189277648926,1985.8409423828125,5.961576461791992,0.0716624557971954,-0.1217376217246055,0.1346136331558227,8.0,2.0053703784942627,715.2614135742188,2.271754741668701,0.0029084456618875,27.73708152770996,0.2893654406070709,21.17276763916016,67224.96875,2452.16455078125,67248.2421875,0.0054852464
1504,-123.43561293130982,59.03862120167527,0,281.3529968261719,1.94577431678772,517.0120849609375,6.273026466369629,-0.0018235656898468,0.0049630952998995,0.7366741299629211,2.0,5.743438720703125,548.523681640625,1.7540013790130615,0.0035961975809186,36.86912536621094,-0.2568122446537018,99.38682556152344,12613.474609375,9666.5859375,12645.703125,0.5017818
1505,-126.51159479416798,57.279725299969854,0,275.7727966308594,15.72592830657959,1682.9736328125,5.797075271606445,-0.0277514494955539,0.0388039201498031,0.4892520010471344,2.0,4.769960403442383,625.576904296875,1.9609328508377075,0.0033150892704725,29.920913696289062,0.1516744792461395,26.998804092407227,54344.15234375,2835.7197265625,54338.234375,0.058934107
1506,-122.17005552671704,58.58824021749529,0,65.75642395019531,0.6567422747612,428.5385437011719,8.15079116821289,0.0017252721590921,-0.0021201665513217,0.6856815814971924,2.0,6.021627902984619,483.2963562011719,2.1316843032836914,0.0037602498196065,36.48667144775391,-0.1678874492645263,70.90283203125,18229.30859375,5976.73193359375,18348.916015625,0.5954148
1507,-123.36307500246927,58.91792658624432,0,113.80750274658205,1.259216547012329,473.15045166015625,8.421714782714844,0.0051510925404727,-0.0075607439503073,0.7378425002098083,2.0,5.625534534454346,548.0599975585938,1.778137445449829,0.0036545400507748,37.11363220214844,-0.2669958174228668,97.73918151855467,3106.4326171875,3211.313232421875,3017.09521484375,0.19190094
1508,-126.28962750605928,59.17790729864985,0,193.01828002929688,6.653347969055176,1567.6126708984375,5.711326122283936,-0.0039265360683202,0.0036978984717279,0.6606833338737488,2.0,3.740236282348633,624.3119506835938,1.8604620695114136,0.0030604051426053,29.76796531677246,0.4047899842262268,36.22140121459961,18674.90625,2591.241943359375,18672.283203125,0.017625859
1509,-129.72276746073177,57.18839172761256,0,139.79281616210938,13.230549812316896,1715.873291015625,4.937891006469727,-0.0500086210668087,0.0912102460861206,0.0920570567250251,8.0,3.89026403427124,962.5819091796876,2.1170504093170166,0.0032581014093011,27.72772979736328,0.4049278497695923,45.62331008911133,31330.48046875,5285.556640625,31352.99609375,0.0026403025
1510,-117.7367991173366,51.246592925065286,0,171.89842224121094,16.30674934387207,2091.410888671875,4.346705913543701,0.0294550936669111,-0.0353347472846508,0.4820362329483032,2.0,5.673381805419922,1574.7108154296875,2.2424166202545166,0.003792215604335,33.75953674316406,-1.0163813829421997,32.792972564697266,4173.53759765625,3707.042724609375,4043.6552734375,0.8118878
1511,-124.96570168935696,48.92730907855363,0,118.70587158203124,11.55629539489746,158.28591918945312,6.514474868774414,0.0480207093060016,-0.0357341989874839,0.8652850389480591,2.0,12.874260902404783,2665.13330078125,3.5741305351257324,,49.15985870361328,-1.4718908071517944,166.01620483398438,2569.70166015625,2000.429443359375,2536.88037109375,0.13338383
1512,-125.24958033392434,49.19371797048279,0,,,,,-0.1199041083455085,-0.0146692199632525,0.4213090538978576,2.0,10.177094459533691,2340.355712890625,3.2067577838897705,0.005710738711059,41.3407096862793,-1.6437885761260986,139.25665283203125,9090.4267578125,3698.957275390625,8985.72265625,0.073520035
1513,-128.6525708636817,55.60284882249244,0,57.2888298034668,9.848126411437988,450.2544860839844,6.137793064117432,-0.0106390444561839,0.0153628103435039,0.7929361462593079,2.0,10.330638885498049,863.1659545898438,1.771491765975952,0.0043528852984309,33.352108001708984,-0.3526408672332763,50.52835464477539,551.549072265625,2921.3916015625,556.948974609375,0.106078394
1514,-126.38709929420406,56.34153076139313,0,152.11227416992188,13.914920806884766,1319.8160400390625,5.528468132019043,0.0340230502188205,-0.015385759063065,0.7746903896331787,2.0,5.282773494720459,665.460693359375,2.09021544456482,0.0034065262880176,30.507976531982425,0.2359828352928161,33.300254821777344,68006.5546875,6082.90966796875,33178.82421875,0.054172948
1515,-122.40381164300602,54.67048112030502,0,145.21066284179688,2.771773338317871,842.8944091796875,6.737969398498535,-0.0045156059786677,0.0160625856369733,0.6690006256103516,2.0,8.623977661132812,791.3827514648438,2.352430582046509,0.0040638553909957,37.31657028198242,-0.2268391698598861,47.91384506225586,11840.337890625,4906.14111328125,11823.125,0.36781937
1516,-138.63869738253885,59.96214182250505,0,103.29403686523438,0.760287344455719,1132.294921875,9.653157234191896,-0.0006503123440779,0.0002308279799763,-0.1237508803606033,9.0,1.615524411201477,1229.0452880859375,2.9498677253723145,0.0026150944177061,22.01788330078125,-1.0386253595352173,23.92954635620117,102003.3046875,,102079.109375,0.010790037
1517,-127.22116117597224,50.93577967987832,0,215.4797515869141,2.567232847213745,129.3394012451172,6.033084392547607,0.0153746400028467,-0.0071135009638965,0.7554491758346558,2.0,11.849967956542969,1916.1214599609373,4.038166999816895,0.0057211564853787,44.94049835205078,-0.84354168176651,51.802833557128906,27201.6484375,693.2716674804688,15597.3251953125,0.042543165
1518,-130.35790484671475,58.73954370304152,0,79.78314208984375,5.95998477935791,1363.117919921875,6.367404460906982,0.0159843675792217,0.0038732085376977,0.6576219201087952,2.0,4.0771074295043945,631.20849609375,2.142246961593628,0.003160303691402,29.343305587768555,0.6823958158493042,52.71268844604492,15184.806640625,4729.564453125,15167.16015625,0.010170936
1519,-123.68713238188607,48.78037041324416,0,192.739501953125,0.2951418757438659,23.314353942871094,6.872656345367432,0.0049528912641108,0.0016247732564806,0.7219273447990417,2.0,14.76821231842041,1169.10693359375,3.184393405914306,0.0060016978532075,41.66573715209961,-1.015126347541809,127.0156021118164,267.5646667480469,979.8051147460938,185.82278442382807,0.10700723
1520,-122.36503087903716,53.87842128657665,0,108.74895477294922,4.6879754066467285,936.4140014648438,7.3382744789123535,-0.0064256875775754,0.0066618332639336,0.7592543363571167,2.0,9.771410942077637,754.4639282226562,2.3152172565460205,0.0041813435964286,39.23808288574219,-0.0662791728973388,69.05793762207031,3033.5595703125,5081.21435546875,3059.684326171875,0.08146909
1521,-125.62935154307482,55.52281293847422,0,296.9399108886719,1.8895307779312132,1242.223876953125,6.739640712738037,0.0065522720105946,-0.0027445030864328,0.6507702469825745,2.0,6.363091468811035,598.2286376953125,2.097697496414185,0.003657134482637,32.4536018371582,-0.0487006083130836,54.77204513549805,4106.58935546875,4601.2822265625,4016.551513671875,0.5190845
1522,-121.11336468540362,56.86345656118712,0,111.6690902709961,1.4958139657974243,688.2896118164062,7.284555435180664,0.0023665805347263,0.00419527804479,0.5621688961982727,5.0,6.1242356300354,486.19183349609375,2.9039127826690674,0.0037797901313751,35.52584457397461,0.1085733920335769,35.0235481262207,1789.22998046875,4931.45458984375,1601.7724609375,0.41737434
1523,-127.66428807480008,55.23495984757908,0,279.6472473144531,2.1839828491210938,285.2360534667969,7.882728099822998,-0.0021913705859333,-0.0023896864149719,0.5658318400382996,7.0,10.5795316696167,597.6105346679688,1.897814393043518,0.0041943429969251,32.75025939941406,-0.5318981409072876,58.631778717041016,307.5352783203125,1072.952880859375,278.4286499023437,0.1181114
1524,-120.73880316149965,56.917414253362686,0,111.18661499023438,0.7763481736183167,716.1854248046875,9.093423843383787,-0.0007857109303586,-0.0003689759469125,0.4707329869270324,5.0,5.951540470123291,476.1365966796875,3.0581400394439697,0.0037871859967708,35.31862258911133,0.2009881734848022,34.961387634277344,6486.958984375,3339.843994140625,6469.2900390625,0.28265128
1525,-126.18008771938902,56.18931431908722,0,194.8721466064453,9.114234924316406,1173.0880126953125,6.213810920715332,0.0332530811429023,-0.006249907426536,0.7355417013168335,2.0,5.745985507965088,632.8912353515625,2.02880334854126,0.0034668815787881,30.940092086791992,0.110754981637001,36.49542999267578,54931.23046875,1232.43994140625,42220.56640625,0.3971732
1526,-124.14212063174452,55.11760583644075,0,255.4820251464844,1.4471676349639893,1034.4847412109375,8.14889144897461,0.0138586675748229,-0.0043992069549858,0.7041569352149963,2.0,7.336518287658691,585.4735717773438,2.082679033279419,0.0038374338764697,33.676513671875,-0.5402324795722961,52.158912658691406,5078.517578125,4870.85205078125,5020.81884765625,0.42018858
1527,-122.69037909671206,53.09739674432645,0,80.73214721679688,2.467878580093384,682.9396362304688,7.205320835113525,0.0095522217452526,-0.0055128098465502,0.733112633228302,2.0,10.972577095031738,527.0425415039062,2.1496946811676025,0.0041600367985665,36.16762161254883,-0.1730916202068328,54.427467346191406,506.6549377441406,4334.64453125,361.3284912109375,0.22742112
1528,-123.45068005417528,51.10238760188965,0,107.44810485839844,13.658215522766112,1973.0267333984373,5.394097328186035,0.0207276958972215,0.0014688574010506,0.5568050742149353,2.0,6.5349321365356445,696.5988159179688,2.3582098484039307,0.0034363761078566,27.50751495361328,-1.1461580991744995,39.88322448730469,6618.0673828125,2222.37939453125,6640.26171875,0.81365997
1529,-130.01383586064446,53.68992113479794,0,179.0317840576172,13.368743896484377,254.68870544433597,4.979751586914063,0.0724316462874412,-0.0268890690058469,0.7654966115951538,2.0,9.934285163879396,2880.44482421875,4.959772109985352,0.0054072667844593,42.85844421386719,-1.6303472518920898,25.99562263488769,29966.22265625,11647.240234375,30054.443359375,0.010257748
1530,-129.8087183356824,54.43291924144063,0,,,,,,,0.4389708638191223,2.0,7.926847457885742,2314.5263671875,3.6983742713928223,0.0046104774810373,35.6771240234375,-0.8746528029441833,29.725313186645508,18593.431640625,3378.16357421875,18741.52734375,0.011096392
1531,-120.36990966129726,56.98168050360564,0,231.21380615234372,0.3802834749221802,733.1054077148438,8.016519546508789,0.0030677968170493,-0.0012796246446669,0.6580023765563965,2.0,6.058077335357666,471.83984375,3.210754632949829,0.0037813480012118,35.4559440612793,0.3276672065258026,37.87848281860352,15506.974609375,1112.1275634765625,15600.30859375,0.32695428
1532,-128.26934680474994,53.54220744743181,0,,,,,,,0.4148731827735901,11.0,6.684062957763672,2371.511474609375,3.5682601928710938,0.00443667313084,33.548553466796875,-1.0319833755493164,41.61669158935547,11484.6923828125,5010.9482421875,11692.2578125,0.018943302
1533,-131.7550595167769,58.42723077238258,0,332.2713928222656,7.39133882522583,1172.0306396484375,6.915715217590332,0.0084227612242102,0.0017219634028151,0.6488027572631836,11.0,5.393418788909912,753.7643432617188,2.145390272140503,0.0033554630354046,31.49329376220703,0.7970486283302307,60.38301849365234,58524.81640625,2536.338134765625,58551.359375,0.69574255
1534,-131.00752176101275,56.59634649014513,0,,,1405.2728271484375,7.208134651184082,0.1030176132917404,-0.0424133241176605,-0.0860213711857795,9.0,4.436699390411377,1986.3837890625,2.406717538833618,0.0038961207028478,27.196409225463867,-0.0613302886486053,40.87146759033203,61699.31640625,5668.9365234375,61778.703125,0.004403511
1535,-131.86066334871765,53.862987342438046,0,160.58432006835938,0.8279121518135071,36.04225540161133,8.576096534729004,-0.003582299221307,0.008820273913443,0.635285496711731,4.0,11.320074081420898,1218.4166259765625,5.6609978675842285,0.0056677912361919,39.23854064941406,-2.2045228481292725,30.191627502441406,15191.234375,13906.9326171875,15148.90625,0.01056036
1536,-122.8040854940989,52.97603424947208,0,175.57847595214844,1.6835190057754517,859.194091796875,8.140172004699707,0.0133206462487578,0.0009428138728253,0.7273292541503906,2.0,10.62801456451416,502.7038879394531,2.2077412605285645,0.0041105155833065,36.41634750366211,-0.4402544200420379,53.81959915161133,523.1087646484375,9131.0498046875,326.5796813964844,0.35939425
1537,-132.3614177562436,58.50546810913262,0,291.1214904785156,4.5515007972717285,710.7887573242188,8.057294845581055,0.0283198226243257,0.0003005973994731,0.712628185749054,2.0,5.62351131439209,921.85205078125,2.0447590351104736,0.0034100702032446,31.734272003173828,0.6995839476585388,60.798587799072266,89253.703125,920.7881469726562,89461.921875,0.43641898
1538,-122.259884791439,53.26794150058242,0,110.23440551757812,1.5570244789123535,969.1229858398438,7.258626937866211,0.0024400842376053,0.00048041989794,0.6825112104415894,2.0,9.6428861618042,703.5303955078125,2.296592235565185,0.0041321665048599,37.89219665527344,0.0550347231328487,56.8585205078125,1530.185302734375,2350.68115234375,1460.4105224609375,0.2755417
1539,-123.26308705138734,53.902653862001536,0,70.88829040527344,4.3694167137146,736.8021240234375,7.737391471862793,0.007495991885662,-0.0013813883997499,0.7155560851097107,2.0,10.269455909729004,547.3408813476562,2.08910870552063,0.004069325979799,36.50429534912109,-0.5273958444595337,59.32410430908203,326.078125,1929.2213134765625,169.87664794921875,0.26643112
1540,-127.81639590718302,53.567689974375305,0,236.42416381835935,26.26379776000977,,,0.0275407303124666,0.0034145566169172,0.4820052087306976,11.0,6.096683502197266,1943.8228759765625,2.8930063247680664,0.0041130450554192,31.615907669067383,-1.0410982370376587,49.92119216918945,7076.4287109375,4985.099609375,6968.16015625,0.25378975
1541,-123.05738204642526,53.96535154146557,0,185.16261291503903,0.758063554763794,773.8782348632812,7.317497730255127,0.0021744235418736,0.0004085260152351,0.7554886341094971,2.0,9.98545265197754,577.238525390625,2.1470277309417725,0.00411048065871,36.87166213989258,-0.4689370989799499,60.877220153808594,604.5023803710938,2292.4833984375,583.3200073242188,0.3043823
1542,-120.30827892469333,53.47367141658177,0,329.4100341796875,13.22426986694336,1813.34912109375,5.660222053527832,0.0365921147167682,-0.0209819041192531,0.5345619916915894,2.0,6.915168762207031,912.867919921875,2.4641764163970947,0.0036678565666079,35.05651092529297,0.1404861062765121,28.617868423461918,4492.95458984375,5949.4921875,4553.580078125,0.67966956
1543,-128.00070631731631,52.712035047716206,0,,,550.3712158203125,4.7432942390441895,-0.102775402367115,0.0773859471082687,0.7274570465087891,11.0,9.54689121246338,3402.98291015625,3.836874723434448,0.0050801588222384,42.32805633544922,-0.9112658500671388,36.57320022583008,38614.10546875,1983.0106201171875,11672.087890625,0.09457122
1544,-114.8811639903632,50.36509891029319,0,183.40435791015625,17.768802642822266,1897.9749755859373,6.086094856262207,0.048285786062479,-0.0230021476745605,0.7126082181930542,11.0,6.554348945617676,630.5343017578125,4.057395935058594,0.0034559131599962,32.56719207763672,-0.7156597375869751,39.47517776489258,1862.0037841796875,2560.223388671875,1900.23046875,0.9916529
1545,-129.07330235976545,55.85239490992775,0,68.91421508789062,7.109265804290772,360.91119384765625,9.070022583007812,0.0142908440902829,-0.0025910546537488,0.7411500811576843,2.0,9.773865699768066,1058.837158203125,1.7251300811767578,0.0044952710159122,33.79296875,-0.2922916710376739,50.32183837890625,5952.98046875,3858.675048828125,6039.21142578125,0.081145056
1546,-123.33099467571134,54.904840533645945,0,115.84378051757812,8.347923278808594,1097.968994140625,5.613287448883057,-0.0234799049794673,0.0139270285144448,0.6620777249336243,2.0,7.704493045806885,664.9302368164062,2.244356155395508,0.0038836472667753,34.919410705566406,-0.4363175332546234,54.37759399414063,5446.375,2483.55517578125,5601.2509765625,0.21402211
1547,-123.95361193555128,48.79778152310781,0,218.5718994140625,2.557950496673584,197.15042114257807,8.815275192260742,-0.0017371019348502,0.0046328036114573,0.7877212166786194,2.0,13.076996803283691,1826.39599609375,2.71553635597229,0.0055624130181968,43.5349006652832,-1.1120364665985107,152.96157836914062,344.0194396972656,1671.974365234375,232.91099548339844,0.12817611
1548,-128.58274606726252,53.08258520728296,0,,,,,,,0.8676059246063232,2.0,,,,,,,,,,11732.9248046875,0.36711892
1549,-132.07137578478668,54.02638228091864,0,,,,,,,,2.0,,,,,,-1.8743369579315183,,,,,0.52305514
1550,-123.4512675060332,51.23441119392632,0,293.03369140625,7.728011131286621,2484.24169921875,6.5960235595703125,-0.0310116931796073,-0.0423589535057544,-0.0237944554537534,9.0,5.240823268890381,777.8756713867188,2.70051908493042,0.0035171071067452,27.26169776916504,-1.0994443893432615,48.28907012939453,7960.2353515625,5027.09765625,8083.86669921875,0.46884304
1551,-127.41230221903982,56.98021430765276,0,182.6278076171875,8.488306045532227,1818.65478515625,5.402788639068604,0.0028760673012584,0.0196639373898506,0.4892537295818329,11.0,3.754178762435913,733.7152099609375,2.220328092575073,0.0033013152424246,29.11817169189453,0.3270338177680969,34.018253326416016,117919.34375,2926.033203125,94346.65625,0.13572343
1552,-121.89090735865852,52.67355764685141,0,227.8878936767578,8.092720985412598,985.3540649414062,5.8545660972595215,-0.0191273801028728,0.0017961851553991,0.7469994425773621,2.0,10.28987979888916,650.6845092773438,2.3245019912719727,0.004248353652656,36.49540710449219,-0.0638888925313949,45.54079055786133,4184.07958984375,1768.63330078125,4217.7421875,0.25379446
1553,-124.39515435837808,59.41836013633941,0,95.12508392333984,1.98968243598938,528.1639404296875,6.409945011138916,-0.0037790641654282,-0.0013889537658542,0.7475305795669556,2.0,5.535140037536621,539.7890014648438,1.54886794090271,0.0035035063046962,34.97739028930664,-0.1072202548384666,73.15248107910156,62352.2109375,7036.12890625,62389.3828125,0.60558164
1554,-125.05340841967036,52.42998296180528,0,304.8875732421875,0.4838086664676666,1224.837158203125,11.29052448272705,-0.001463092630729,0.0006491395761258,0.6594110131263733,2.0,8.712446212768555,399.64453125,2.1538329124450684,0.0039150733500719,27.737024307250977,-1.3019306659698486,31.40831184387207,826.0968017578125,3478.7939453125,1050.4490966796875,0.46057504
1555,-124.60266237183484,57.5992424880916,0,245.1739196777344,24.60029602050781,1766.144775390625,6.949965953826904,0.0097080375999212,-0.0518523007631301,0.2028814256191253,8.0,2.8179373741149902,710.7722778320312,2.226370334625244,0.00309530319646,29.40179252624512,0.3387152850627899,21.54979515075684,64709.2890625,2959.376953125,56658.8359375,0.005369168
1556,-131.02659003167395,58.19892683460456,0,125.65901947021484,1.050785779953003,1221.3460693359375,8.40743637084961,-0.0006451227818615,0.0003783771244343,0.5966341495513916,11.0,5.033045291900635,640.3765869140625,2.1434757709503174,0.0033338244538754,30.79569625854492,0.7556272745132446,79.1622314453125,17789.875,7969.103515625,17725.86328125,0.8142226
1557,-123.0057334801254,55.666732597472254,0,262.99859619140625,5.459910869598389,1142.0623779296875,5.639125823974609,-0.0367093570530414,0.0339148342609405,0.7285674810409546,2.0,5.88127326965332,765.5244750976562,2.403989553451538,0.0035873658489435,34.190773010253906,0.2734159529209137,44.41740798950195,22503.095703125,3304.40771484375,22655.703125,0.32338664
1558,-129.87119745082438,54.93793615597578,0,,,628.1383056640625,5.497634410858154,,,0.7788152694702148,2.0,9.023813247680664,1970.76025390625,3.631067752838135,,,-0.7063589096069336,,6827.5849609375,1605.620849609375,6658.65625,0.03583873
1559,-129.73259727167166,54.19593686381185,0,,,135.98342895507812,7.392529964447021,0.0092552881687879,-0.0028238492086529,0.8491384387016296,1.0,9.230597496032717,2600.197021484375,4.3523383140563965,0.0048327734693884,38.38098907470703,-1.102638840675354,29.245197296142575,2611.39111328125,599.4498901367188,2472.26220703125,0.13868453
1560,-127.44363068156316,52.07989413013179,0,,,,,0.0934653803706169,-0.0045887259766459,0.7856369614601135,2.0,9.082195281982422,2824.270751953125,3.764338493347168,,40.77267456054688,-0.7094410061836243,40.99502182006836,,,,0.051116746
1561,-125.47683310548884,51.24137622119955,0,,,,,,,0.5666232705116272,8.0,6.825815200805664,1006.098876953125,2.4433586597442627,0.004060220438987,29.789382934570312,-1.1156597137451172,57.75466537475586,58005.3359375,4353.69873046875,54260.3125,0.5853825
1562,-124.90654029302384,57.9718654562165,0,72.832275390625,13.67023468017578,1991.540283203125,4.856529235839844,-0.0550129376351833,0.0358293764293193,0.2194426953792572,9.0,1.6091883182525637,743.325927734375,2.40493106842041,0.0029106403235346,25.823190689086918,0.3650209009647369,21.486223220825195,74472.625,4313.28271484375,74602.546875,0.0040005725
1563,-130.54211627344557,56.7647242327463,0,262.9628601074219,16.23810386657715,1355.203369140625,6.71358585357666,-0.0130468076094985,0.0020926422439515,0.3237444758415222,11.0,7.533041954040527,1550.4993896484375,1.879167079925537,0.0036840653046965,33.04361724853516,-0.096204437315464,46.13917541503906,27680.30078125,2823.319580078125,27657.751953125,0.7598889
1564,-134.61006036575577,59.71223280490352,0,50.0309944152832,12.780444145202637,1241.8251953125,5.471489429473877,-0.0123959416523575,0.0282922387123107,0.4660027027130127,2.0,4.022292137145996,671.4581909179688,3.043161630630493,0.0032581922132521,27.238176345825195,-0.6949610114097595,82.17701721191406,16893.841796875,4692.31787109375,17020.59765625,0.010689814
1565,-124.66125744883551,58.47721266859784,0,,,,,,,0.1311709880828857,11.0,2.244013786315918,726.8551635742188,2.5003645420074463,0.0028531784191727,27.30005645751953,0.162528395652771,37.559059143066406,18734.544921875,2215.6865234375,18895.21875,0.029744033
1566,-122.05963744571744,54.23350132690072,0,173.20053100585938,1.3720179796218872,686.6211547851562,10.17691421508789,-0.0013256209203973,-0.0013363829348236,0.8060789108276367,2.0,9.920117378234863,898.1820068359375,2.286980628967285,0.0042876340448856,39.1445198059082,0.4220771789550781,53.53403091430664,7116.5107421875,4639.89208984375,7100.27001953125,0.01817315
1567,-122.3430462228096,49.0697687085192,0,60.79435729980469,2.475128173828125,68.91091918945312,7.363580226898193,0.0090241748839616,-0.0008539250702597,0.5447050333023071,2.0,15.314480781555176,1597.06640625,2.8563568592071533,0.006009358447045,52.078121185302734,-1.014826416969299,101.91116333007812,159.72470092773438,3148.68017578125,60.43891525268555,0.11399292
1568,-122.79886752532036,54.49870166470616,0,72.88455200195312,4.219817161560059,851.9613647460938,7.123924255371094,-0.0174631364643573,0.0108274947851896,0.7324544787406921,2.0,9.121252059936523,685.8486938476562,2.232490062713623,0.0041402960196137,36.84982299804688,-0.5294563174247742,56.99558639526367,4916.61474609375,1799.96044921875,4363.09033203125,0.20917359
1569,-129.6003302002404,59.94415318435522,0,295.9269714355469,2.336775064468384,1117.167724609375,8.401679039001465,-0.0059137479402124,-0.0159383434802293,0.6802396178245544,2.0,4.484467506408691,568.3675537109375,1.8392843008041384,0.0031386020127683,30.66121864318848,0.5600694417953491,83.64588928222656,14324.8916015625,8160.419921875,14337.7177734375,0.3317859
1570,-125.18938023484225,57.56133179709876,0,186.48362731933597,10.424322128295898,1582.796630859375,5.589919090270996,-0.0008013664628379,0.0464718043804168,0.6897205710411072,2.0,3.570274353027344,671.8362426757812,2.122454166412353,0.0032003140076994,29.44415664672852,0.2909677624702453,19.24088859558105,30514.517578125,7468.83056640625,30578.75390625,0.01031892
1571,-127.26851773018343,57.22776061889602,0,109.4156494140625,2.650440454483032,1379.5806884765625,7.944587230682373,-0.0020946939475834,0.0002629821246955,0.6042460799217224,2.0,4.117961883544922,654.368896484375,2.004235029220581,0.0032307433430105,29.5931453704834,0.2172222286462783,28.9824333190918,100781.328125,2331.113037109375,100786.8515625,0.21298046
1572,-129.7630228644027,54.5651950085028,0,,,,,,,0.7085838913917542,2.0,8.202204704284668,2183.969970703125,3.5899503231048584,0.0045454315841197,35.34273147583008,-0.8747222423553467,30.221887588500977,32991.03515625,1069.9091796875,32862.1015625,0.039286546
1573,-125.28562663158232,57.64746117270493,0,278.9325561523437,5.792767524719238,945.615478515625,8.680506706237793,0.032239481806755,0.0320926308631897,0.7322192192077637,2.0,5.135298728942871,573.872802734375,1.761443018913269,0.0032680695876479,30.21804618835449,0.2850382030010223,17.907352447509766,31991.748046875,486.1627197265625,31900.73046875,0.12606111
1574,-124.80993498274294,51.48739318024455,0,103.9365692138672,18.23822593688965,,,-0.0943247005343437,0.0245386026799678,-0.0134435901418328,9.0,5.429522514343262,774.1907958984375,2.2160425186157227,0.0035616783425211,27.07436180114746,-1.2435764074325562,62.4675178527832,26913.171875,2466.492431640625,27125.197265625,0.010322549
1575,-128.01335108944718,58.40111947820773,0,195.0208740234375,17.713132858276367,1560.2833251953125,5.850525856018066,0.0301196668297052,0.0432850494980812,0.6836801171302795,2.0,3.049283027648926,666.9409790039062,2.039442777633667,0.0030691863503307,28.1965446472168,0.3523890674114227,46.173336029052734,110613.3671875,1170.5546875,110635.4609375,0.032954376
1576,-122.62409939827909,53.65240180117377,0,264.3626403808594,0.6167760491371155,810.2205810546875,6.520186901092529,0.0023942270781844,-0.0086751300841569,0.7821491956710815,2.0,10.649413108825684,638.7506713867188,2.1981587409973145,0.0043188165873289,38.34368133544922,-0.2796097993850708,63.974002838134766,3059.55224609375,2973.984375,3032.73828125,0.082426146
1577,-125.52218552775966,59.05588234896078,0,79.93792724609375,15.66193389892578,1417.8143310546875,4.498308181762695,-0.0009903748286888,-0.0040013822726905,0.4498986899852752,2.0,4.174942493438721,617.506103515625,1.8608921766281128,0.0031295723747462,31.52001953125,0.4986805617809295,41.322025299072266,15210.552734375,2675.49560546875,15216.8779296875,0.02416878
1578,-127.13241529667629,51.462193227435584,0,38.17082214355469,15.746662139892578,896.769775390625,4.652444362640381,-0.043397843837738,-0.0341540537774562,0.6661827564239502,2.0,8.767820358276367,2243.765625,3.518437147140503,0.0049596773460507,38.844871520996094,-0.852021336555481,47.48750305175781,3367.614013671875,1503.9478759765625,3305.7783203125,0.04113433
1579,-122.07952111415013,58.77483194530438,0,298.8560791015625,0.2981111109256744,434.6520385742188,8.230291366577148,0.000768277386669,-0.0011811588192358,0.6919446587562561,2.0,5.912503242492676,478.6370239257813,2.1444759368896484,0.0037178250495344,36.006690979003906,-0.0950810462236404,67.76900482177734,2728.090087890625,8292.40625,2873.195556640625,0.58080965
1580,-128.8000989756903,54.56140761638437,0,,,,,,,0.578339695930481,2.0,7.999435901641846,1535.0728759765625,2.6056904792785645,0.0043623708188533,33.522987365722656,-0.9908043146133424,45.15591812133789,4225.41015625,2114.60009765625,4367.4697265625,0.23592082
1581,-122.2288902636021,55.003739716245256,0,214.4095764160156,10.728151321411133,1195.530517578125,5.774378299713135,0.0021995815914124,0.0498115606606006,0.766471803188324,2.0,6.526708602905273,870.5374145507812,2.595822095870972,0.0037172890733927,36.33967971801758,0.1017125844955444,46.707763671875,37168.73046875,1818.50048828125,37233.89453125,0.4925043
1582,-122.30125719081724,54.291204441787805,0,274.7445678710937,1.5160671472549438,784.6505737304688,6.605863094329834,0.0070634940639138,-0.0134605970233678,0.6833611130714417,2.0,9.26833438873291,841.8579711914062,2.3390586376190186,0.0041688019409775,38.72614288330078,0.3390881717205047,58.79421615600586,8484.7099609375,2483.83740234375,8516.6513671875,0.21866028
1583,-128.92691178787658,59.2711663593951,0,297.6117858886719,0.9294337630271912,770.0604858398438,7.903648853302002,1.33920434564061e-06,0.0013465518131852,0.7046388387680054,2.0,5.7935333251953125,502.9314270019531,1.567147731781006,0.0032286583445966,30.95694923400879,0.4790624976158142,61.41827392578125,15395.2275390625,1451.5369873046875,15267.0029296875,0.44155067
1584,-124.60779067868586,57.7176917851066,0,155.43276977539062,18.106584548950195,2211.0478515625,4.77894926071167,-0.0227012373507022,-0.0040884539484977,0.0876843929290771,8.0,1.6831268072128296,762.955810546875,2.5531976222991943,0.003018622752279,25.64785385131836,0.4041319489479065,22.6595401763916,69958.6171875,2491.2578125,69725.9609375,0.007684974
1585,-126.03321011256828,59.18129822848,0,311.7708435058594,10.28580379486084,1561.01904296875,4.682698249816895,-0.0898620188236236,0.0109461266547441,0.5671059489250183,11.0,3.575312852859497,630.14794921875,1.901198148727417,0.0030511368531733,29.50323486328125,0.4142707288265228,35.41148376464844,5767.138671875,5623.8173828125,5710.02587890625,0.025067072
1586,-127.3101682248446,53.69232244316834,0,159.85076904296875,6.184487819671631,878.1234741210938,10.392390251159668,0.022755017504096,0.0062615917995572,0.3493671417236328,2.0,7.179456233978272,1315.5888671875,2.377166986465454,0.0038109028246253,32.00901794433594,-1.1510891914367676,62.739200592041016,1212.4619140625,658.439208984375,1298.0020751953125,0.8711637
1587,-120.16472624601516,57.1092108916991,0,199.9301300048828,1.1042357683181765,798.839599609375,8.573491096496582,0.0027714530006051,-0.0002480612020008,0.7062143087387085,2.0,5.639804363250732,474.7808227539063,3.313828229904175,0.0037531761918216,35.774288177490234,0.3763055503368377,41.90727996826172,34369.04296875,7380.36474609375,34451.01171875,0.09269684
1588,-125.30270866517486,49.77482104139763,0,248.8370513916016,8.403643608093262,1163.72021484375,5.971042156219482,0.0251290760934352,0.0066372780129313,0.7169591188430786,2.0,9.962084770202637,1673.7314453125,2.810472011566162,0.0054193721152842,38.02813720703125,-1.6919447183609009,113.19597625732422,451.77142333984375,7147.73193359375,493.6338195800781,0.21710533
1589,-128.9762489413949,54.67496230352016,0,186.89535522460935,33.76979446411133,1165.32861328125,4.240665912628174,-0.010205497033894,0.0335568077862262,0.6476371884346008,2.0,5.877450942993164,1664.7822265625,2.8097851276397705,0.0041902321390807,31.420169830322266,-0.902256965637207,43.70608139038086,9947.5732421875,532.4260864257812,9940.4248046875,0.17562087
1590,-127.15818399932868,54.64984469915484,0,60.733848571777344,5.42304277420044,638.5755004882812,7.132177829742432,-0.0155293755233287,0.0017773627769201,0.6558998823165894,2.0,9.252152442932127,582.3309936523438,2.1218762397766118,0.0041330177336931,32.61845779418945,-0.942616879940033,64.22602844238281,287.5065002441406,758.882080078125,243.0230865478516,0.3374907
1591,-124.32857405886963,57.63522284587838,0,229.9325714111328,12.065682411193848,2254.7177734375,5.519428253173828,-0.0532101355493068,0.0066730394028127,0.3811846673488617,8.0,2.288867712020874,738.1254272460938,2.5005548000335693,0.0030202430207282,27.67784118652344,0.2864970266819,26.45061683654785,69448.546875,6371.19873046875,63483.40625,0.004955474
1592,-127.6527150499782,53.42798984019316,0,46.35245132446289,14.72457790374756,1180.4747314453125,5.174310207366943,-0.0169026628136634,-0.0163783654570579,0.7633032202720642,9.0,5.370582103729248,1897.7135009765625,2.8375751972198486,0.0039461487904191,30.337060928344727,-1.0454860925674438,50.9758186340332,8318.5009765625,2283.07958984375,8468.5615234375,0.12154976
1593,-129.56088745088638,56.09933364023399,0,28.539125442504883,28.081283569335938,673.2942504882812,5.725089550018311,0.0077931648120284,0.059010911732912,0.6889034509658813,2.0,5.643651485443115,1405.0887451171875,1.948862671852112,0.0036718742921948,29.55584144592285,-0.3267014026641845,50.30195999145508,612.42138671875,4992.73486328125,665.7138671875,0.5148814
1594,-122.18006546396586,57.798561799912186,0,235.70948791503903,5.409975051879883,549.8821411132812,5.605210304260254,0.01760970428586,0.0084840282797813,0.7088266611099243,2.0,7.035195350646973,519.7160034179688,2.3613343238830566,0.0037735046353191,37.53130722045898,0.0367745794355869,58.61951446533203,39613.51171875,726.242431640625,39666.66015625,0.5433489
1595,-128.1997861816205,54.24984928981247,0,209.98989868164065,22.154369354248047,1230.1343994140625,6.591967582702637,0.0146699361503124,-0.0205151662230491,0.7377915382385254,2.0,7.821528911590576,1493.7841796875,2.545387983322144,0.0041053933091461,33.340450286865234,-1.0302047729492188,51.24919509887695,19131.45703125,2023.8829345703125,19215.076171875,0.93387043
1596,-125.73397152768106,57.06904538213424,0,253.87054443359372,17.33003807067871,1446.536376953125,5.506314277648926,0.0148596558719873,0.0136385560035705,0.5970042943954468,2.0,4.61281681060791,639.1364135742188,2.0856773853302,0.0031481811311095,30.357643127441406,0.1837065070867538,33.067806243896484,23861.20703125,2947.8017578125,23963.12109375,0.03169485
1597,-122.36895352251946,53.4750814103291,0,247.9159393310547,6.802608013153076,1337.1552734375,6.983992576599121,-0.0243566278368234,0.039841953665018,0.7619741559028625,2.0,8.694344520568848,738.9515991210938,2.4448142051696777,0.0040529686957597,37.62704086303711,-0.0298680290579795,67.04803466796875,1363.8448486328125,13540.064453125,1496.813720703125,0.36857504
1598,-125.41038350411108,57.14217882097324,0,146.79873657226562,7.835257530212402,1181.3638916015625,5.431563377380371,-0.0188150107860565,0.0437432825565338,0.7367696166038513,2.0,5.863615989685059,529.6039428710938,1.7803995609283447,0.0034249925520271,30.13306427001953,0.2287889420986175,26.72260093688965,4944.80517578125,5069.63916015625,5021.689453125,0.05173572
1599,-114.74089417159168,49.951942459554274,0,282.7372436523437,13.739184379577637,1772.7750244140625,7.766549587249756,0.0114922299981117,0.0145876621827483,0.5439627766609192,11.0,6.722898483276367,680.9380493164062,4.270370960235596,0.0037099150940775,33.672882080078125,-0.6566869020462036,50.651615142822266,213.0863494873047,7874.54541015625,121.13690185546876,0.96938187
1600,-124.24935267677806,49.12395954874141,0,262.21063232421875,14.765563011169434,1087.3487548828125,5.233394145965576,-0.0711935982108116,0.0401094071567058,0.6624789834022522,11.0,11.533886909484863,1752.2625732421875,2.8226540088653564,0.0057242512702941,42.70727157592773,-1.2470126152038574,151.5137939453125,1892.185546875,3520.6533203125,1508.0291748046875,0.4021938
1601,-122.5237344985002,51.621221197675325,0,226.5089263916016,5.762868881225586,1292.9256591796875,6.345112323760986,-0.0013726385077461,-0.0087155783548951,0.6455411911010742,2.0,9.948838233947754,379.100341796875,2.3918650150299072,0.0038466120604425,29.91163444519043,-1.1600815057754517,35.30405044555664,1219.1064453125,12129.173828125,1571.2391357421875,0.48922482
1602,-128.6305403256056,54.52873918524539,0,210.28726196289065,2.356897354125977,107.5591049194336,8.296392440795898,-0.0182584095746278,0.018413858488202,0.561500072479248,11.0,10.797670364379885,1262.0335693359375,2.423896551132202,0.0046712197363376,34.02629470825195,-1.1282761096954346,43.25678634643555,40.75430679321289,1206.0029296875,128.54176330566406,0.2748478
1603,-131.909597019601,57.205064144504114,0,162.9729461669922,33.96653747558594,850.23974609375,4.709074020385742,-0.0685796663165092,0.1010602414608001,0.5905095934867859,2.0,6.788049697875977,1599.142578125,1.86578381061554,0.0037318924441933,30.936288833618164,0.1360792219638824,37.95632553100586,74826.5390625,2157.9267578125,77985.875,0.03830791
1604,-130.24705399269203,59.94735053783543,0,88.09660339355469,8.350481033325195,1492.8984375,4.819185256958008,-0.0080746309831738,-0.0550980903208255,0.3941031992435455,2.0,3.638704299926758,616.6412353515625,2.1274778842926025,0.0030722373630851,29.710220336914062,0.4408142566680908,78.3627700805664,48115.92578125,5931.16943359375,48198.01171875,0.013143747
1605,-126.0650880728532,50.58406159086541,0,,,177.87734985351562,6.976468086242676,0.0064097205176949,0.0096617452800273,0.8288434147834778,2.0,11.285916328430176,2005.51904296875,3.3099913597106934,0.0055415253154933,44.63798522949219,-1.2024435997009275,70.88348388671875,8242.5,3190.979736328125,8402.7021484375,0.055823505
1606,-128.5395549626888,56.38005758643829,0,241.58909606933597,13.764860153198242,975.499267578125,5.014866352081299,0.0278001464903354,-0.0042908047325909,0.8175380825996399,2.0,8.057788848876953,795.77099609375,1.72349750995636,0.0039342828094959,32.29571533203125,0.2039237469434738,42.16183090209961,46686.234375,3238.517333984375,32536.404296875,0.038502097
1607,-132.43614060135843,59.70969032721167,0,107.28374481201172,12.76517105102539,1142.2457275390625,7.218933582305908,0.0077037084847688,0.0059439437463879,0.734738290309906,2.0,4.443475246429443,519.92578125,2.407315731048584,0.0033207675442099,29.671052932739254,0.3088829517364502,61.93307113647461,35452.38671875,4287.96923828125,35539.30859375,0.020515362
1608,-124.31881590024192,50.31098943423793,0,,,511.3614501953125,,,,0.6896237134933472,2.0,9.89630126953125,1295.3836669921875,2.3986170291900635,0.0047890143468976,37.40975570678711,-1.3715317249298096,88.90821838378906,20478.84375,904.0655517578124,20750.212890625,0.17278019
1609,-121.43272325923732,55.09949932961453,0,186.81246948242188,9.435555458068848,1549.7188720703125,6.230903148651123,0.0132453897967934,0.0013718398986384,0.7285152077674866,2.0,6.053165435791016,883.0541381835938,3.0366928577423096,0.0035676574334502,36.51945877075195,0.2954409420490265,58.45978546142578,1390.92919921875,770.2295532226562,1498.8421630859375,0.57677734
1610,-123.81035631869798,48.69574271001411,0,231.3813323974609,8.06641960144043,584.4910278320312,5.467300891876221,0.016434321179986,-0.0055979518219828,0.8042463064193726,11.0,12.222803115844728,1789.5028076171875,2.774548292160034,0.0057809981517493,43.14424133300781,-1.0974652767181396,155.60549926757812,185.9411773681641,2247.309814453125,73.238525390625,0.26036245
1611,-131.31268981259117,56.66932583187361,0,27.91521644592285,11.581009864807127,980.8753051757812,4.383607387542725,-0.0554644279181957,0.0062265302985906,0.3863465189933777,2.0,6.790290355682373,1937.635498046875,1.9795187711715696,0.0039772600866854,30.83658790588379,0.023388460278511,38.23217391967773,72876.4140625,2482.720703125,72970.765625,0.025656942
1612,-121.31283985719988,53.30202219018862,0,228.3196563720703,5.563948154449463,1032.414794921875,6.762063026428223,0.0057463143020868,0.0101830940693616,0.7033560276031494,2.0,9.439289093017578,967.6669921875,2.307880163192749,0.0041640056297183,40.63942337036133,0.161205917596817,41.57615661621094,6782.1591796875,1336.33984375,6906.60107421875,0.14637753
1613,-128.19000760754884,53.39648706854302,0,,,,,0.0395113192498683,0.0236665122210979,0.6321551203727722,11.0,6.936992168426514,2494.104736328125,3.583719491958618,0.0045555126853287,34.261714935302734,-1.0507986545562744,41.42562484741211,10295.365234375,7251.10595703125,10193.0029296875,0.029604109
1614,-123.83277422720626,51.32148618628225,0,204.9079132080078,7.972390174865723,1769.0115966796875,6.367366313934326,0.0376177802681922,-0.0690664649009704,0.6838504672050476,2.0,6.903491497039795,645.1157836914062,2.2464582920074463,0.0035423403605818,28.09446907043457,-1.2179092168807983,49.0552978515625,9411.9951171875,9457.9970703125,9468.361328125,0.5368415
1615,-120.92138424998632,53.93193249085627,0,68.90593719482422,2.699697494506836,806.479248046875,6.663695812225342,0.0069108586758375,0.0007693213410675,0.786055326461792,2.0,8.596369743347168,899.9352416992188,2.38198471069336,0.0038809112738817,38.93003463745117,0.3958696126937866,34.21355438232422,319.96533203125,793.87060546875,655.8423461914062,0.10372834
1616,-129.2251769727457,56.43853388776779,0,221.24017333984372,20.242267608642575,1193.3897705078125,6.083227634429932,0.0596199966967105,0.0081553515046834,0.6453948020935059,11.0,5.420956134796143,1123.802734375,1.9036251306533811,0.0037845459301024,29.86734962463379,-0.0979513898491859,41.0288314819336,8125.32080078125,8109.72119140625,8094.48828125,0.24310496
1617,-123.24951997137,50.20966814888083,0,193.52325439453125,19.597108840942383,1644.134521484375,6.896106719970703,0.014079668559134,0.0224801618605852,0.497294545173645,11.0,6.158517360687256,1177.792236328125,2.1893885135650635,0.0040094363503158,30.464984893798828,-1.1701319217681885,70.11991119384766,9538.583984375,3018.282958984375,9630.1982421875,0.946583
1618,-123.25311023978752,54.43782831368984,0,278.7762756347656,0.4808233976364136,805.120361328125,11.361014366149902,-0.0029046088457107,9.9474324088078e-05,0.7651049494743347,2.0,9.26852035522461,603.6636352539062,2.1215627193450928,0.0040900772437453,35.92875289916992,-0.6932440996170044,56.28842926025391,3108.383544921875,1413.299072265625,3073.807861328125,0.3617179
1619,-131.37034767103387,58.66648069667502,0,41.61217880249024,3.1670455932617188,1260.2637939453125,6.784957885742188,0.0004046090180054,0.0014951662160456,0.696810781955719,2.0,4.565476894378662,641.242919921875,2.225985288619995,0.003341021714732,30.06617927551269,0.62436842918396,56.57700729370117,63705.08203125,8608.0244140625,63580.31640625,0.12701298
1620,-119.80987282434988,52.64844304661285,0,251.5713348388672,12.764639854431152,2018.4766845703125,5.161059379577637,0.0237284544855356,-0.0443877205252647,0.3599043190479278,11.0,3.7506604194641113,1128.5926513671875,2.526486873626709,0.003435822436586,30.67693328857422,-0.4647586345672607,31.8553524017334,31511.28125,9368.6982421875,17742.59765625,0.16119155
1621,-122.26819256988507,56.84656586030805,0,143.54710388183594,3.7852351665496826,966.3342895507812,6.72324275970459,-0.0117205632850527,0.0029543084092438,0.5980215668678284,2.0,6.971895217895508,576.0579223632812,2.530085563659668,0.0035711540840566,37.9712142944336,0.016442148014903,44.2514533996582,4580.94189453125,8541.6201171875,4596.357421875,0.503737
1622,-122.82135788348133,49.8267600953678,0,,,1510.6363525390625,6.111751079559326,-0.0371855497360229,0.0335337147116661,0.4995177686214447,9.0,7.530855178833008,1513.7279052734375,2.2080154418945312,0.0043552811257541,33.757259368896484,-1.0135166645050049,79.5274887084961,10791.080078125,2229.457275390625,10917.01953125,0.27519923
1623,-125.68722841939018,49.21521342342306,0,130.25228881835938,21.8998966217041,292.8980407714844,6.212277412414551,0.0460029765963554,-0.001208524336107,0.8288787603378296,2.0,12.070260047912598,2777.43798828125,3.853874683380127,0.0060601793229579,47.61464691162109,-1.690703272819519,112.02214050292967,7945.08837890625,1140.0389404296875,7698.92529296875,0.12563619
1624,-124.33164702012292,51.48003858357262,0,242.09442138671875,5.603471755981445,1352.8192138671875,8.181159019470215,0.0162456799298524,-0.0119526972994208,0.7496271133422852,2.0,8.902508735656738,526.0853881835938,1.906680464744568,0.0039560315199196,29.01947784423828,-1.3260111808776855,55.590797424316406,10045.0869140625,6053.7353515625,10042.638671875,0.06375706
1625,-119.22925876853247,53.157573985491645,0,165.13687133789062,11.823505401611328,2174.520751953125,6.478017807006836,-0.0111195147037506,0.0046211052685976,0.1011800765991211,8.0,2.361156702041626,992.2332763671876,2.759333610534668,0.0031439650338143,29.38667869567871,-0.3027777671813965,26.082143783569336,12628.1328125,4026.36181640625,12600.595703125,0.025638495
1626,-124.3523711239542,57.01013787699858,0,114.19676971435548,17.93973731994629,2065.92431640625,4.196905136108398,0.0232265703380107,0.0602491833269596,0.179725781083107,8.0,3.4395570755004883,692.1765747070312,2.314213275909424,0.0032384598162025,29.67713165283203,0.2425000071525573,24.31295585632324,39702.8828125,4179.71044921875,19575.482421875,0.004504224
1627,-129.86873658310304,56.67103185478837,0,196.0915069580078,17.679405212402344,1579.302734375,4.047950744628906,-0.1030124500393867,-0.0278457663953304,0.3011090755462646,11.0,5.294939041137695,1273.4263916015625,1.8648078441619875,0.0036173544358462,28.836769104003903,-0.0764138773083686,38.41566848754883,7348.50439453125,3687.972900390625,7273.0390625,0.08699759
1628,-118.7263983673562,49.031861225372346,0,319.8432922363281,9.13740062713623,698.9608764648438,5.86668872833252,0.0289686489850282,0.0101101864129304,0.7008000612258911,2.0,12.852276802062988,433.3354187011719,2.5730059146881104,0.0043260818347334,32.7534065246582,-1.5539425611495972,59.04827499389648,401.75201416015625,4889.40380859375,698.5556030273438,0.35974053
1629,-129.375993673211,53.62452359216304,0,245.85626220703125,13.053092956542969,244.88308715820312,5.491881370544434,0.0674191862344741,-0.0511805526912212,0.7406554222106934,2.0,9.608475685119627,3427.97900390625,4.280339241027832,0.0050813509151339,40.46968078613281,-1.2485417127609253,30.36945152282715,23665.68359375,3674.42578125,23849.359375,0.01363944
1630,-128.28624055637152,53.714155914845016,0,,,,,0.0173742175102233,-0.0217713918536901,0.4652598798274994,2.0,6.910401344299316,2162.1953125,3.147246599197388,0.0043035619892179,33.519771575927734,-1.0337716341018677,43.094974517822266,27744.4296875,1419.6566162109375,27678.203125,0.034568824
1631,-127.3420892184519,55.95235816145615,0,224.1947479248047,4.88968563079834,1042.863037109375,6.706519603729248,0.0143858660012483,0.0049156281165778,0.7052326202392578,2.0,5.791497707366943,750.4893798828125,2.084290742874145,0.0035055025946348,31.962575912475582,0.2174732834100723,58.79433059692383,32331.546875,2453.225830078125,32474.0078125,0.58167505
1632,-125.23171827534318,49.87163041553271,0,58.95735168457031,1.1568065881729126,101.02643585205078,10.592354774475098,0.0043880916200578,-0.0049527618102729,0.8002936840057373,11.0,13.916308403015137,1432.4068603515625,3.0958025455474854,0.0058433008380234,43.304176330566406,-1.5394169092178345,100.34660339355467,50.34252548217773,2010.5672607421875,262.6454772949219,0.3307785
1633,-121.42259535306496,51.975454032827535,0,82.23162078857422,1.1086241006851196,1102.5166015625,10.995539665222168,0.0041292649693787,-0.0022505091037601,0.7164093255996704,2.0,9.871101379394531,552.4798583984375,2.3970868587493896,0.0041847084648907,35.71834945678711,-0.4636805653572082,44.60986709594727,3362.751708984375,1816.1649169921875,3377.31396484375,0.73485994
1634,-129.8495353103367,53.615364271845856,0,,,226.0084381103516,4.945827960968018,0.0417975336313247,0.0143932905048131,0.6862549185752869,2.0,9.348546028137209,3010.853271484375,4.818875312805176,,41.712928771972656,-1.5670015811920166,26.515079498291016,43831.4921875,11366.69140625,43892.00390625,0.010701636
1635,-120.0524448365724,54.63509491946539,0,288.6495361328125,3.6454670429229736,1110.293212890625,8.823431968688965,-0.00049804081209,-0.0083494391292333,0.5417739152908325,2.0,8.515989303588867,593.3284912109375,2.7145166397094727,0.003775663441047,39.80066680908203,0.1069791689515113,48.82510757446289,14408.46875,509.7863159179688,14412.021484375,0.24357107
1636,-123.96288703231544,56.902902803899245,0,182.2403564453125,18.769651412963867,1617.391845703125,8.707169532775879,0.0414255559444427,-0.062528595328331,0.243611603975296,2.0,3.716005563735962,712.3272094726562,2.36372447013855,0.0032920881640166,31.31829071044922,0.3673700988292694,26.34200096130371,36333.25,3160.70263671875,36226.4375,0.008145277
1637,-128.34852230008573,55.56377115801409,0,210.11805725097656,12.685023307800291,506.5918884277344,5.938623428344727,0.0062648868188261,0.0117029333487153,0.689346432685852,2.0,9.085882186889648,831.0115356445312,1.9323495626449585,0.0042087533511221,33.620849609375,-0.2626388967037201,55.63304901123047,1235.276611328125,999.57421875,1308.0140380859375,0.34265527
1638,-125.971015220432,56.3043797505101,0,,,1869.9144287109373,8.885832786560059,,,-0.0756246969103813,9.0,3.9076027870178223,708.0765380859375,2.386657476425171,0.0033362710382789,29.183103561401367,-0.0010763888712972,36.875972747802734,41623.546875,7126.19677734375,34843.1640625,0.004167685
1639,-123.005174391802,49.75959774921346,0,199.0026397705078,9.301814079284668,1366.883056640625,5.7205729484558105,-0.0266757830977439,0.0239297766238451,0.6798309683799744,2.0,10.02155876159668,1730.353515625,2.360535144805908,0.0050300117582082,38.54334259033203,-1.0415277481079102,80.05424499511719,2504.06591796875,3595.048095703125,2510.72998046875,0.26004758
1640,-122.21904444901796,53.99777222138879,0,114.47384643554688,0.5126631259918213,696.3737182617188,8.19694995880127,0.0022332398220896,7.428372919093817e-05,0.7290129065513611,2.0,10.41023063659668,828.7980346679688,2.2538983821868896,0.0042634955607354,39.862091064453125,0.1077613830566406,66.3827133178711,1998.0345458984373,3277.240478515625,1898.6817626953125,0.08592562
1641,-126.60233961613088,57.553379447161824,0,100.29558563232422,13.602181434631348,1510.123046875,5.195565223693848,0.0034080871846526,0.0545528456568717,0.7122054696083069,11.0,4.177750587463379,620.9743041992188,1.93042516708374,0.0032138975802809,29.14577865600586,0.1239286661148071,28.905351638793945,59482.3515625,2694.520263671875,59624.9765625,0.0450765
1642,-127.77155611811176,52.06855056578197,0,289.80340576171875,21.564706802368164,365.1002807617188,5.094046115875244,0.02999984100461,0.0258745364844799,0.7683272361755371,2.0,10.116161346435549,3160.86572265625,4.000776767730713,0.0054994639940559,46.366310119628906,-0.7605555653572083,37.31073760986328,21544.34765625,18515.455078125,21597.8046875,0.039011996
1643,-132.1661520443341,57.16610879830383,0,124.01290130615234,19.03150177001953,1469.7059326171875,6.738099575042725,0.0280704759061336,-0.0228027999401092,,8.0,2.714061498641968,1914.16357421875,2.5044829845428467,0.0032675378024578,24.953855514526367,0.1777272820472717,34.01002883911133,85884.0390625,10742.7275390625,89319.15625,0.014561113
1644,-123.04259889108498,56.70276151732543,0,187.8890838623047,6.3894548416137695,1024.02587890625,7.559455871582031,0.0225115902721881,0.0016551506705582,0.6882455348968506,2.0,6.119938373565674,640.9829711914062,2.395979642868042,0.0033527372870594,35.51805877685547,0.2023340165615081,39.76097869873047,25932.353515625,625.5942993164062,25972.78515625,0.77423185
1645,-129.59433561796047,54.35338136667307,0,,,,,,,0.0691305324435234,11.0,7.074948787689209,2274.76806640625,3.690261840820313,0.0045132217928767,33.59834289550781,-0.9641005396842957,31.09001922607422,12887.068359375,2775.08642578125,13037.3349609375,0.010954482
1646,-133.86923253365333,59.118860430918936,0,116.397705078125,23.79314422607422,851.360107421875,5.231884956359863,0.0163353215903043,0.0078822029754519,0.6533240079879761,11.0,5.907057285308838,778.5328979492188,2.5506575107574463,0.0034701083786785,30.899829864501957,-0.3180803656578064,94.9701690673828,34422.53515625,792.673095703125,34556.375,0.7506239
1647,-130.6215759726645,56.45439552040985,0,145.6221160888672,22.56891822814941,732.7430419921875,5.812748432159424,0.0172551292926073,-0.0160472672432661,0.7443214058876038,2.0,7.715028762817383,1936.8616943359373,1.8249768018722532,0.003759300801903,32.25836181640625,-0.1713336855173111,41.019561767578125,48173.35546875,834.3960571289062,48214.91015625,0.2516672
1648,-128.9614056973264,56.28379580098689,0,76.059814453125,13.258246421813965,1526.5809326171875,5.414737224578857,0.0297655723989009,-0.049306534230709,0.0181563049554824,9.0,5.7964396476745605,1073.7293701171875,1.9509799480438232,0.0038006673566997,30.453004837036133,-0.1388989239931106,47.48273849487305,21788.408203125,8088.37109375,21873.515625,0.002969187
1649,-126.44350523187327,51.59294224490831,0,,,538.4495239257812,5.483889102935791,,,0.8880776166915894,2.0,7.769730567932129,1474.4697265625,2.499103784561157,0.0042421775870025,32.89801406860352,-0.9842060208320618,55.34733581542969,48019.4375,887.8030395507812,40472.10546875,0.07363404
1650,-129.522731887816,56.53392514733872,0,158.83786010742188,6.81163215637207,502.2550354003906,5.883966445922852,0.0273259934037923,-0.0003640123468358,0.4516665637493133,2.0,7.854158401489258,1052.4122314453125,1.5712703466415403,0.0038553564809262,31.54987144470215,-0.0807883292436599,32.95243835449219,325.0026550292969,468.2755737304688,565.3887329101562,0.45396134
1651,-122.6299721203343,58.68077536284428,0,230.82579040527344,2.543898582458496,401.8292541503906,7.344490051269531,-0.0007810133392922,-0.0010365436319261,0.7194780707359314,2.0,6.22797155380249,497.7796020507813,1.944547295570373,0.0038191028870642,37.11347579956055,-0.2087891697883606,81.15149688720703,3823.789794921875,1001.8255004882812,3902.034912109375,0.29617828
1652,-129.6071093458015,54.75782757978447,0,315.28875732421875,22.78036880493164,677.04296875,4.45960807800293,0.0611650608479976,0.0380658134818077,0.4514409005641937,1.0,7.053934097290039,1961.77587890625,3.137539863586426,0.0043407194316387,32.926055908203125,-0.7714009284973145,33.13704299926758,16678.833984375,614.6257934570312,16746.96875,0.012207983
1653,-129.7232479514523,56.74504198385523,0,,,,,,,0.7406232357025146,2.0,6.922636032104492,1026.7999267578125,1.6474475860595703,0.0036149129737168,30.93704414367676,-0.0036982025485485,33.95159912109375,3859.016357421875,4099.59228515625,3850.46630859375,0.07519344
1654,-131.86592724016438,56.73610668747737,0,,,696.8872680664062,5.335256099700928,0.0251260623335838,0.0162187721580266,0.7224312424659729,9.0,7.319252490997314,2200.047119140625,2.1662604808807373,0.0041451351717114,31.944719314575195,0.1296783983707428,34.178714752197266,103031.4453125,4098.310546875,103136.171875,0.08105412
1655,-126.31399642549576,58.93834726344856,0,166.61962890625,10.185538291931152,1510.9801025390625,5.818047523498535,0.0281668286770582,0.0290543884038925,0.586921751499176,9.0,3.2021267414093018,643.3292236328125,1.9289849996566768,0.0031226656865328,28.926464080810547,0.4710763990879059,33.405696868896484,31162.728515625,5643.27587890625,31182.275390625,0.013362211
1656,-121.64049045028422,52.62256788025672,0,218.3339080810547,9.09723663330078,919.4578857421876,5.267013072967529,-0.0120591847226023,-0.0071080233901739,0.792306661605835,2.0,10.478474617004396,692.9767456054688,2.308046579360962,0.0042608971707522,37.34177017211914,-0.1199690997600555,43.57267761230469,277.326416015625,1250.3526611328125,469.9900207519531,0.20439094
1657,-122.2103007527788,54.6961192106561,0,289.0570373535156,16.33540153503418,1290.7550048828125,5.605798244476318,-0.0174440629780292,0.0501951426267623,0.7198992967605591,2.0,8.28414535522461,836.7654418945312,2.4296352863311768,0.0039843255653977,37.67504501342773,-0.1561111062765121,45.46441268920898,19693.22265625,1976.3214111328125,19600.662109375,0.39602846
1658,-123.53694784597442,48.75492564023479,0,,,,,,,,2.0,,,,,41.36070251464844,,122.53375244140624,,,281.5525207519531,0.35197696
1659,-132.57842794421518,57.5300755425361,0,,,,,,,-0.1487441062927246,9.0,3.1985514163970947,1891.1533203125,2.610491275787353,,24.62459754943848,0.2812686562538147,29.565258026123047,75893.21875,11059.7890625,79235.1328125,0.0042332355
1660,-129.89681903534108,55.20873696397636,0,,,,,,,,0.0,,,,,,,,,,,0.17682678
1661,-131.3743613136234,57.17639703557895,0,166.00489807128906,13.510013580322266,1755.32568359375,5.985406875610352,-0.0567126050591468,-0.0184172112494707,-0.0452956147491931,9.0,5.251949310302734,1416.9501953125,2.0648350715637207,0.0034566624090075,29.80111694335937,0.0701773986220359,45.28631591796875,67089.125,3507.345458984375,67137.0390625,0.0054629985
1662,-126.15084630119036,56.57161217713178,0,158.24240112304688,6.354707717895508,1731.166015625,5.430422306060791,0.0039046590682119,-0.0010351724922657,0.3865111768245697,1.0,3.6660897731781006,688.3076782226562,2.2763850688934326,0.0032602841965854,28.884490966796875,0.0399493239820003,30.955974578857425,63706.59765625,1376.39013671875,50930.2890625,0.060387526
1663,-124.9810167317289,49.70348476232404,0,216.62803649902344,1.7324800491333008,55.53795623779297,7.572498321533203,0.0062475339509546,-0.0036017545498907,0.6262189149856567,7.0,14.085962295532228,1269.8541259765625,3.228095531463623,,42.96186828613281,-1.655369520187378,107.46304321289062,34.19095230102539,1235.955322265625,30.469362258911133,0.09369773
1664,-129.1392646579896,55.64428674619865,0,58.43352890014648,14.361859321594238,955.6786499023438,5.131892204284668,-0.0239451620727777,0.0129247903823852,0.7552821636199951,2.0,8.16483211517334,1246.0965576171875,2.077244758605957,0.0040365634486079,33.204078674316406,-0.4746180474758148,56.301063537597656,18388.51171875,4742.3447265625,18351.130859375,0.23700152
1665,-125.42101801234672,50.62738542027376,0,66.7179946899414,18.00251579284668,1112.5257568359375,4.715061664581299,0.0060056829825043,-0.0940501019358635,0.2421775311231613,1.0,9.657943725585938,1378.21923828125,2.826652765274048,0.0051935194060206,36.82379531860352,-1.3793201446533203,77.0566177368164,31085.060546875,5662.94677734375,8915.0830078125,0.0076288125
1666,-121.92550337813432,55.02704577739361,0,230.089111328125,9.173398971557615,1326.5146484375,6.647216796875,-0.0092173907905817,0.0080458931624889,0.7669690847396851,2.0,6.488485336303711,876.3585205078125,2.744556665420532,0.0037755658850073,36.36048126220703,0.2462583631277084,50.96140670776367,30460.04296875,4359.65771484375,21135.892578125,0.16356012
1667,-123.97802461118653,48.91967797900431,0,143.99627685546875,12.721267700195312,692.5171508789062,5.822916507720947,-0.0255514495074749,0.0080093499273061,0.7321072220802307,11.0,10.948080062866213,1899.5386962890625,2.771092653274536,0.0055075916461646,41.49044799804688,-1.155173659324646,151.30233764648438,456.0288391113281,3986.71435546875,420.0012817382813,0.28081426
1668,-123.17874938070032,55.38958881657448,0,245.6902008056641,1.49937641620636,696.9641723632812,7.530503749847412,0.011099019087851,-0.0077294139191508,0.5431000590324402,7.0,8.501981735229492,677.8212890625,2.096033096313477,0.0039557204581797,33.24939727783203,-0.0644791647791862,38.80912399291992,148.42176818847656,558.8553466796875,379.4396057128906,0.41891506
1669,-129.52193916075183,58.62556000446078,0,214.53741455078125,4.203300952911377,1368.2899169921875,7.601200580596924,0.0004636482626665,0.0059314877726137,0.5952887535095215,2.0,4.4113969802856445,603.9326171875,1.876159906387329,0.003217103658244,29.71193122863769,0.8424813747406006,43.939971923828125,29286.8359375,3718.80126953125,29322.94921875,0.123276606
1670,-129.14450053069194,55.95710343038004,0,89.93359375,3.662358522415161,300.6631774902344,8.605977058410645,-0.0155346300452947,0.0172009095549583,0.7437973618507385,2.0,10.221927642822266,1042.3065185546875,1.6190104484558103,0.004510298371315,33.33998107910156,-0.2432315200567245,47.63458251953125,3419.96923828125,1424.2774658203125,3472.10986328125,0.18225901
1671,-129.66997048428135,53.85912758788524,0,175.4161834716797,10.920417785644531,856.34716796875,6.425290584564209,0.0191660709679126,-0.0408010631799697,0.5430911183357239,2.0,8.836915969848633,2992.32763671875,4.104565143585205,0.0048885657452046,38.472503662109375,-1.3842707872390747,28.89702796936035,37212.58984375,2313.84912109375,37350.15234375,0.015073618
1672,-129.21522839422073,53.719444967418895,0,108.9144287109375,15.836591720581056,505.8009338378906,6.320778846740723,0.0117505304515361,0.0557865053415298,0.7442768812179565,2.0,8.768239974975586,3112.47216796875,4.154035568237305,0.0049107084050774,38.59774017333984,-1.2492984533309937,33.469730377197266,32953.2734375,3868.413818359375,32830.21484375,0.019969959
1673,-130.5783354022009,53.80488859619263,0,211.9722595214844,3.212987899780273,75.97027587890625,8.589521408081055,-0.0001284531026612,0.002537504537031,0.6826265454292297,2.0,10.315635681152344,1951.214599609375,5.527584075927734,,42.56549072265625,-1.7933480739593506,25.50638961791992,9011.9716796875,40983.21875,9167.2412109375,0.027605664
1674,-120.21902483187536,55.11651437657261,0,225.6783599853516,2.285975933074951,965.0632934570312,7.717275142669678,-0.0011527781607583,-0.0017892753239721,0.7169765830039978,2.0,8.88375473022461,538.1114501953125,2.8663172721862797,0.0038671642541885,38.96941757202149,0.2566534876823425,46.73412704467773,478.9692077636719,5781.31298828125,459.6175231933594,0.24264768
1675,-129.220289062396,55.093451886524015,0,178.63380432128906,19.018444061279297,1604.3272705078125,4.43023681640625,0.0488953813910484,-0.0034614412579685,0.1147990524768829,11.0,6.564731597900391,1586.8419189453125,2.5950071811676025,0.0043930942192673,31.684402465820312,-0.6607031226158142,44.467430114746094,8636.9931640625,4554.96728515625,8610.7705078125,0.017482828
1676,-122.50267560530722,53.17038637928965,0,33.223670959472656,1.328691005706787,584.2006225585938,6.422635078430176,0.0301089324057102,-0.0013360744342207,0.7684166431427002,11.0,11.004526138305664,574.8577270507812,2.1609814167022705,0.0042621744796633,36.70444488525391,-0.0546027868986129,53.53382873535156,358.56072998046875,460.7126159667969,570.2075805664062,0.123945154
1677,-137.49050744968346,59.86731222654433,0,134.26806640625,17.720722198486328,,,-0.0500084869563579,-0.0040724105201661,0.0270722433924675,9.0,2.513265609741211,854.9932861328125,3.3797762393951416,0.0030611075926572,25.02155876159668,-0.7223378419876099,59.45290756225586,39011.828125,8531.4716796875,38990.47265625,0.0030518798
1678,-127.17271152670536,51.58073374494552,0,72.29430389404297,23.504533767700195,749.6927490234375,5.121751308441162,0.0180389136075973,0.0576294586062431,0.6064464449882507,2.0,7.73859167098999,2264.80908203125,3.409078359603882,0.0049748187884688,36.20384979248047,-0.8596850037574768,46.9708366394043,11808.95703125,1758.030029296875,11764.0283203125,0.01626135
1679,-122.91177748240791,55.05021942539435,0,127.36216735839844,8.418966293334961,997.0587158203124,6.449116230010986,0.0061106518842279,-0.0011700559407472,0.7630388140678406,2.0,8.130203247070312,729.0062866210938,2.264906167984009,0.0041356184519827,35.095428466796875,-0.224905252456665,42.84895706176758,7229.04638671875,2960.008056640625,7155.814453125,0.17942436
1680,-130.9215074562165,58.72361208959524,0,104.0933609008789,3.5805294513702397,1138.1207275390625,8.221991539001465,-0.014675005339086,0.0025755483657121,0.7496508359909058,2.0,4.814165115356445,561.1412963867188,2.0381979942321777,0.0033823763951659,29.5681209564209,0.6629514098167419,50.30099487304688,48417.33203125,2436.346435546875,48430.1328125,0.10164387
1681,-127.07644385670643,52.82357997729866,0,139.15675354003906,14.932597160339355,1135.66845703125,4.340402603149414,0.0534131936728954,-0.1129938513040542,0.1396504789590835,11.0,6.614981174468994,1750.346435546875,3.1624538898468018,0.0043457248248159,32.43117141723633,-0.8919503092765808,52.56028366088867,48455.41796875,6630.029296875,48462.765625,0.0046860124
1682,-131.74589393363468,56.86383335315652,0,283.21923828125,17.732181549072266,359.39556884765625,6.16729736328125,0.0499236918985843,-0.0404938906431198,0.8314667344093323,2.0,8.958983421325684,1886.8487548828125,1.8357120752334597,0.0038955390918999,34.52964401245117,0.091624841094017,34.55514907836914,93134.4765625,1074.6033935546875,93257.609375,0.12362016
1683,-119.05311386938008,49.32070336902542,0,90.97664642333984,11.518385887145996,880.05712890625,7.475026607513428,0.0037939299363642,0.0348069258034229,0.638735830783844,2.0,11.254958152770996,461.5713806152344,2.55737042427063,0.0042735841125249,32.69139862060547,-1.621250033378601,53.77253723144531,895.0922241210938,834.4920654296875,865.8402099609375,0.8245725
1684,-127.10074653968664,56.79391398901873,0,88.97581481933594,8.106581687927246,1499.336669921875,7.1775312423706055,0.0236967802047729,-0.0020942718256264,0.5120678544044495,1.0,4.735551834106445,675.9094848632812,2.052865743637085,0.0034449051599949,30.01411247253418,0.2432083636522293,34.510440826416016,111727.7265625,613.2782592773438,68220.25,0.296167
1685,-128.37980114427563,57.979521081670406,0,318.901123046875,4.725100040435791,1010.7392578125,6.264261245727539,-0.0032620043493807,0.0034148870036005,0.7116329669952393,2.0,5.748910903930664,552.4483032226562,1.6604671478271484,0.0033876025117933,30.35965919494629,0.6285549998283386,35.40831756591797,90029.203125,1612.6708984375,89978.6640625,0.43059063
1686,-126.1263145035639,54.30418493648188,0,63.21889877319336,1.8668371438980105,839.0618286132812,11.719366073608398,0.0123766502365469,-0.0091803846880793,0.565558671951294,2.0,8.828993797302246,486.74224853515625,2.05488395690918,0.0039817439392209,33.08195877075195,-1.1157292127609253,63.27008819580078,350.4869079589844,1616.224609375,462.8066101074219,0.66956365
1687,-121.05772081391748,57.000888784042615,0,248.1673889160156,0.6732200384140015,742.9305419921875,7.973301410675049,-0.0011420592200011,0.0014826194383203,0.7158920168876648,2.0,6.222397804260254,476.6184997558594,2.9417765140533447,0.0037536823656409,35.070674896240234,0.1873958259820938,34.71506881713867,2235.305908203125,2972.008056640625,2088.56591796875,0.4035395
1688,-124.06556303930016,53.92687603845784,0,215.8061981201172,0.7325059771537781,742.6988525390625,10.222646713256836,-0.0015275321202352,-0.0005623387987725,0.5213964581489563,5.0,10.276201248168944,487.69482421875,1.9677698612213133,0.0041047544218599,34.688602447509766,-0.8845325112342834,53.02958679199219,581.0160522460938,2617.191650390625,461.9091796875,0.58382595
1689,-132.34009481491051,59.56326395170614,0,62.67646789550781,0.9969221949577332,891.6465454101562,7.7430009841918945,0.0037337089888751,-0.0029843738302588,0.5915479063987732,2.0,5.125854015350342,508.7092895507813,2.1713321208953857,0.0033299191854894,30.473403930664062,0.3640670776367187,79.32454681396484,46975.93359375,2136.697998046875,47073.40234375,0.62469506
1690,-129.59859794256025,54.03654999701386,0,260.9097900390625,20.319860458374023,590.3116455078125,6.169132232666016,0.0294931717216968,-0.077049009501934,0.7968072295188904,2.0,8.581148147583008,2730.0048828125,3.982316732406616,0.0047360807657241,37.805850982666016,-1.1819413900375366,30.081396102905277,17234.9453125,4296.955078125,17399.4140625,0.022149485
1691,-124.85553088374824,57.16334997810837,0,275.2369079589844,16.485706329345703,1459.8616943359375,6.1065850257873535,0.0096801286563277,-0.0247151218354702,0.6425356864929199,2.0,4.928892135620117,603.1951904296875,2.003089666366577,0.0032784610521048,30.995946884155277,0.1888194382190704,23.67351722717285,23646.955078125,4170.177734375,15839.279296875,0.034750488
1692,-129.56367922302286,55.42142884124607,0,,,1095.2781982421875,5.348842144012451,-0.0224451720714569,0.0034281045664101,0.3664821982383728,2.0,8.364472389221191,1627.34619140625,2.99360990524292,0.0044769034720957,34.797821044921875,-0.5965625047683716,42.74222946166992,6380.6435546875,2220.428955078125,6485.14208984375,0.03232387
1693,-125.55412353640048,50.81377889228858,0,196.86512756347656,24.30965614318848,1162.5394287109375,6.153687953948975,0.0028966122772544,-0.0234506577253341,0.7784581184387207,11.0,8.612594604492188,1330.5765380859375,2.889928340911865,0.0051919659599661,34.603370666503906,-1.3159375190734863,74.1307373046875,29823.294921875,8353.4326171875,29906.044921875,0.17886041
1694,-122.78179053490632,56.74861594678555,0,106.7291030883789,3.97518801689148,972.0740356445312,7.87741231918335,0.0045015220530331,-0.0009381824056617,0.741716742515564,2.0,6.91473388671875,608.5750732421875,2.3638722896575928,0.0035248366184532,37.37413024902344,0.1640737056732177,41.91810607910156,9674.21484375,2969.48828125,9677.9267578125,0.13926151
1695,-131.64875487467887,56.97150610110027,0,302.3828430175781,13.272150993347168,1090.108642578125,5.611715316772461,-0.044892817735672,0.0311038736253976,0.5615092515945435,2.0,7.497993946075439,1743.1849365234375,1.974278807640076,0.0039748884737491,33.5371208190918,0.0542060732841491,36.23740768432617,85508.5546875,4673.8046875,85526.7265625,0.35445625
1696,-129.7287929600973,58.0646749757651,0,131.65185546875,10.473289489746094,1327.3358154296875,6.885107040405273,-0.0151143791154026,0.0230994224548339,0.6202155351638794,2.0,4.937674522399902,636.7271728515625,2.035641670227051,0.003245846601203,29.829694747924805,0.8698820471763611,46.84552383422852,8610.03125,7895.1474609375,8651.2724609375,0.048245136
1697,-129.67447881132097,55.609873170595534,0,,,1224.507080078125,6.952760696411133,-0.022877749055624,-0.0006858080159872,0.4721071720123291,9.0,6.358023643493652,1753.26123046875,2.7687692642211914,0.0040954654105007,30.88047409057617,-0.3651369214057922,45.64220428466797,10762.822265625,3246.642333984375,10982.806640625,0.10133778
1698,-127.48514323810149,53.30600501937764,0,50.96979904174805,19.78140640258789,724.228271484375,6.0188164710998535,0.0384821444749832,-0.0218951888382434,0.7578243017196655,2.0,6.860544681549072,1877.3660888671875,2.6073014736175537,0.004060223698616,32.545753479003906,-1.1101913452148438,51.58915328979492,25993.421875,2045.2210693359373,25835.734375,0.14855905
1699,-130.3934258341218,59.78456961127552,0,146.82579040527344,20.369930267333984,1583.6385498046875,7.905316829681396,0.0118199186399579,-0.0102230086922645,0.3882120251655578,11.0,3.3784470558166504,648.9666748046875,2.18938946723938,0.003014920046553,28.739768981933597,0.4211951494216919,71.6468505859375,51511.1640625,4716.091796875,51449.47265625,0.012950507
1700,-129.4192744369,57.376822345367486,0,282.67547607421875,17.9446964263916,1376.5482177734375,4.944791316986084,0.0221733022481203,-0.0172504633665084,0.7838782668113708,2.0,5.693217277526856,703.3496704101562,1.8656200170516968,0.0032966074068099,30.46661758422852,0.7864338159561157,48.69734954833984,48123.16796875,2987.35205078125,47982.73828125,0.04482792
1701,-134.0039135036147,59.39803189345872,0,152.87216186523438,13.06496524810791,933.7748413085938,9.401934623718262,-0.00694499630481,-0.0001440283231204,0.7081577181816101,2.0,4.958588123321533,619.5472412109375,2.736212730407715,0.0033632849808782,29.03901672363281,-0.2012302279472351,127.02523803710938,22144.33984375,2671.095458984375,22183.86328125,0.024500895
1702,-128.57963277311103,57.651642389006525,0,130.34481811523438,1.145643949508667,1112.85693359375,6.841088771820068,0.0027302079834043,-0.0099210878834128,0.5762608051300049,2.0,5.2563323974609375,623.2506713867188,1.829505920410156,0.0031884536147117,30.482830047607425,0.6344763040542603,41.08543014526367,78846.6875,1336.5054931640625,78993.328125,0.65407526
1703,-135.37174522587614,59.90381398413667,0,,,,,,,0.6276319622993469,11.0,3.2447621822357178,748.156005859375,3.270492553710937,0.0030728613492101,26.039838790893555,-0.8129408359527588,113.9675521850586,27911.822265625,1024.474365234375,27721.4140625,0.05511306
1704,-124.09227376922207,54.036217088975455,0,196.5939483642578,1.0265814065933228,669.2648315429688,9.269339561462402,-0.0017340634949505,0.001771758776158,0.2770116925239563,5.0,10.111335754394531,487.7252197265625,1.9429670572280884,0.0040619052015244,34.39922332763672,-0.9195377826690674,52.72967147827149,119.5634765625,250.69879150390625,517.7537231445312,0.5170888
1705,-129.2465812903924,56.13041873320645,0,186.6549530029297,3.2294468879699707,344.5470275878906,7.410177707672119,-0.0025374563410878,0.0009298812947236,0.7848479151725769,2.0,9.630846977233888,1065.54833984375,1.568501353263855,0.0043052015826106,32.870025634765625,-0.1998936086893081,44.002044677734375,2743.73388671875,3149.584716796875,2683.829833984375,0.087399095
1706,-127.87945131411448,50.81568492322919,0,75.99950408935547,7.905136108398437,404.0004577636719,6.365365982055664,-0.006352012977004,-0.0060927127487957,0.7322800159454346,2.0,11.068650245666504,2485.62744140625,4.714351654052734,0.0058939829468727,46.04694747924805,-0.8874320983886719,52.99088668823242,9190.0478515625,1884.5504150390625,9149.810546875,0.04024076
1707,-131.57066499124156,57.10786854430968,0,179.52471923828125,20.71720123291016,1176.8489990234375,5.7400078773498535,-0.0653440654277801,0.0766240656375885,0.2516262829303741,9.0,5.78908634185791,1597.1094970703125,2.080065488815308,0.0038581052795052,30.24074935913086,0.0862568467855453,41.74639892578125,79076.765625,2376.672607421875,79053.1015625,0.01840442
1708,-129.0361787646355,54.05275380025331,0,,,,,,,-0.1583155691623687,9.0,6.024024486541748,2270.844482421875,3.5903120040893555,0.0042992574162781,31.60883903503418,-1.1327362060546875,39.84506988525391,19737.318359375,4051.63037109375,19886.224609375,0.0028905757
1709,-126.6910120098723,57.05018296643494,0,243.4421844482422,9.797062873840332,1440.76904296875,8.617077827453613,0.0035873919259756,-0.0168836582452058,0.635584831237793,11.0,4.203359127044678,681.8820190429688,2.114736557006836,0.0032588662579655,29.736446380615234,0.1356398910284042,26.93258476257324,75004.125,4942.46923828125,74980.546875,0.052674454
1710,-126.72350034469235,56.38286953784338,0,241.43948364257807,8.635156631469727,989.6119995117188,8.527189254760742,0.0282097719609737,-0.0102559057995677,0.6754730343818665,2.0,5.999261856079102,668.8668823242188,2.01774263381958,0.0035199814010411,31.48503303527832,0.3038541674613952,35.39561462402344,87771.140625,638.3987426757812,21930.9453125,0.3644754
1711,-117.02944574911524,51.290895802026256,0,66.88812255859375,7.847322940826416,1166.9383544921875,7.347556114196777,0.0090978918597102,-0.0006141372141428,0.7061614394187927,2.0,8.346214294433594,804.7997436523438,2.0179591178894043,0.0037684789858758,30.71364402770996,-1.074375033378601,25.858625411987305,373.2665100097656,2999.96142578125,297.7665405273437,0.5410165
1712,-123.79643615976224,56.56720160887028,0,227.38528442382807,14.833739280700684,1506.4039306640625,5.69785213470459,0.0015246303519234,0.0588675737380981,0.7773447632789612,2.0,4.562134742736816,716.0126953125,2.3755204677581787,0.0034398778807371,32.38240432739258,0.3663708865642547,29.139408111572266,48346.3984375,5755.70556640625,48391.48828125,0.025014624
1713,-121.07521327133678,53.84693040443894,0,50.188255310058594,7.709650039672852,1252.1199951171875,6.052220821380615,-0.0203874241560697,0.0214946698397398,0.7375034689903259,2.0,9.116090774536133,925.9810791015624,2.380727529525757,0.004109330009669,39.9063835144043,0.3666627705097198,37.47113800048828,5567.130859375,3668.047607421875,5814.35888671875,0.11378103
1714,-131.61683994912462,57.57716420952232,0,186.8592071533203,11.07594108581543,805.100341796875,5.322376728057861,0.0700664296746254,-0.0247813090682029,0.7768077254295349,2.0,7.72428560256958,993.5281372070312,1.8735593557357788,0.0036725990939885,32.12239074707031,0.4552731215953827,48.27291488647461,29302.83984375,2893.783203125,32286.259765625,0.067791484
1715,-129.6981927454636,53.52150729249715,0,135.02178955078125,17.593761444091797,375.0744934082031,6.337944030761719,-0.0288249254226684,0.0312623679637908,0.7807018756866455,2.0,10.07151699066162,3313.84375,4.69610071182251,0.0053296219557523,42.385887145996094,-1.4777262210845947,26.93593406677246,31436.91015625,4426.90966796875,31418.845703125,0.026061805
1716,-127.28549192758376,54.403518729722464,0,85.98046875,4.817058086395264,1199.23681640625,7.138515949249268,0.0237356517463922,-0.0235082022845745,0.6747862696647644,2.0,7.238309383392334,868.66455078125,2.385681390762329,0.0036657531745731,33.07216262817383,-0.8175790309906006,76.77796173095703,9990.2294921875,4512.396484375,10027.5556640625,0.399764
1717,-122.90162514214644,59.14801571248386,0,218.1168975830078,0.3459036350250244,359.5603942871094,7.572255134582519,-0.0020028296858072,0.0009721581591293,0.6848388314247131,2.0,5.520515441894531,493.3825378417969,1.8022257089614868,0.0037014479748904,36.36935043334961,-0.3358680605888366,83.83582305908203,19154.9609375,6506.67724609375,19196.03125,0.6586871
1718,-133.99448247268458,59.57760432896747,0,165.75038146972656,10.133753776550291,1071.001953125,5.817963600158691,0.0077578467316925,-0.0275384206324815,0.6505586504936218,2.0,4.89488697052002,490.1177368164063,2.758262634277344,0.003409644588828,28.853391647338867,-0.3898408412933349,100.44241333007812,15146.2509765625,3636.5234375,15084.4453125,0.030662226
1719,-129.47795435893892,58.285728921121766,0,84.73641967773438,19.404943466186523,1699.8140869140625,5.474804401397705,0.0148313799872994,0.0115429582074284,0.5483078956604004,11.0,3.666336297988892,657.9542236328125,2.089810848236084,0.0031213122420012,28.734272003173828,0.6880956888198853,43.517337799072266,22860.625,1963.85400390625,22837.92578125,0.017141005
1720,-138.12241855428235,59.905889517196016,0,61.98978805541992,6.958437919616699,1389.3336181640625,,-0.1044911667704582,0.0754467472434043,,9.0,4.409663200378418,1117.1016845703125,2.769211769104004,0.0031581029761582,26.912538528442383,-1.0077924728393557,40.46490478515625,73344.1953125,2906.147216796875,73387.9765625,0.041011702
1721,-124.30337910379863,57.94259959159232,0,176.29266357421875,16.368396759033203,2037.6380615234373,6.067956924438477,-0.0545289181172847,0.0355206355452537,0.2245798856019973,11.0,3.015713930130005,714.9382934570312,2.4852294921875,0.0029184229206293,29.432279586791992,0.2326622158288955,29.549665451049805,79762.4453125,2120.11572265625,79914.0859375,0.03656983
1722,-124.68953964077048,56.62680640083416,0,54.77140808105469,1.94665789604187,668.8902587890625,13.502784729003906,0.0085552772507071,-0.0006336002843454,0.0330616421997547,1.0,7.232407093048096,489.4850158691406,1.7192714214324951,0.0037967995740473,30.56136131286621,0.1650257110595703,24.27226829528809,1258.07666015625,0.0,1448.3272705078125,0.23275997
1723,-137.4038671082716,59.50213093285841,0,262.19830322265625,8.811304092407227,316.52227783203125,7.977607250213623,0.0483606718480587,-0.0157425925135612,0.5881316661834717,11.0,6.781256675720215,1311.061279296875,2.7955830097198486,0.0034099789336323,30.246341705322266,-1.1577777862548828,44.08353805541992,51280.421875,890.8971557617188,51263.34765625,0.3873742
1724,-127.09528352529344,58.36642343278021,0,271.6886291503906,10.957395553588867,1206.951416015625,5.418519973754883,0.047169841825962,0.0023256670683622,0.6678098440170288,2.0,5.485509872436523,566.7069091796875,1.6576908826828003,0.0031960557680577,31.2733097076416,0.3622585833072662,35.51955032348633,93162.390625,3203.387939453125,93087.8359375,0.14070109
1725,-125.22903635929832,50.59373959237902,0,67.91309356689453,23.652101516723636,831.0370483398438,4.791484355926514,-0.0320941433310508,0.0184055101126432,0.7515023350715637,2.0,9.760231018066406,1319.1207275390625,2.650312900543213,0.0049571162089705,36.72795486450195,-1.393541693687439,82.36873626708984,35346.61328125,1789.9361572265625,10492.55078125,0.14461239
1726,-128.22805157706415,55.894769220430895,0,182.00970458984372,11.49291706085205,1470.6236572265625,6.737106323242188,-0.0040378663688898,0.0342561677098274,0.4406203031539917,11.0,5.52487850189209,943.4761352539062,2.145604133605957,0.0038071479648351,30.817964553833008,-0.0552777759730815,58.78551864624024,21958.14453125,7060.6787109375,21839.078125,0.86345184
1727,-130.68205636309628,53.95894271628111,0,,,,,,,,,,,,,,,,,,,0.17682678
1728,-128.14246858092784,53.613014329221066,0,,,,,,,0.3919751644134521,11.0,6.212320327758789,2168.42578125,3.293446779251098,0.004305122885853,32.40708923339844,-1.0161409378051758,44.98270797729492,12630.9609375,4524.16943359375,12737.9228515625,0.027964896
1729,-131.14558379873736,57.21177906075173,0,,,1562.736572265625,6.135689735412598,0.0266487449407577,-0.005605093203485,-0.1361996233463287,9.0,2.96618127822876,1498.01611328125,2.55983567237854,0.0032489271834492,25.949031829833984,0.0694480165839195,49.36204528808594,53322.18359375,6732.5224609375,53354.79296875,0.0024351254
1730,-121.08559074620612,54.0297134418316,0,52.52803039550781,7.234594345092773,834.8961791992188,9.78994846343994,0.0069898888468742,0.0017349959816783,0.7359746098518372,2.0,8.020564079284668,938.6171875,2.4759716987609863,0.0037675788626074,38.651634216308594,0.5247587561607361,37.57373809814453,720.4309692382812,875.9071044921875,435.15673828125,0.19139862
1731,-133.36064854565828,59.10068317063022,0,,,,,,,0.4882775545120239,11.0,5.254522323608398,806.4779052734375,2.3535733222961426,0.0034350452478975,30.85603904724121,0.2116770893335342,85.6986083984375,32782.70703125,1931.3974609375,33058.68359375,0.8422069
1732,-123.45193113638196,51.36291248687376,0,150.27349853515625,7.959842205047607,1771.046630859375,9.684728622436523,0.0251821391284465,-0.0018538966542109,0.6956272125244141,2.0,8.050885200500488,546.3854370117188,2.33354115486145,0.0036304153036326,29.36908721923828,-1.1151230335235596,40.90071487426758,4423.1787109375,6434.3427734375,4432.9580078125,0.2387995
1733,-136.9988581870898,59.91606070044882,0,273.04254150390625,14.623682975769045,1454.1146240234375,6.459583759307861,0.0427431464195251,-0.0033390480093657,0.4163874685764313,9.0,3.716383934020996,721.004150390625,3.263144016265869,0.0032388849649578,27.872882843017575,-0.8304935097694397,67.37999725341797,11311.2197265625,9626.8017578125,11236.6630859375,0.008728027
1734,-130.14448413565157,54.03248343151108,0,,,,,,,,,,,,,,,,,,,0.17682678
1735,-123.07070492616374,54.41753668424193,0,141.9146728515625,1.5524225234985352,786.795654296875,6.922524929046631,0.0014013457112014,0.0112171825021505,0.5769601464271545,2.0,9.351961135864258,631.8192138671875,2.1528995037078857,0.0040914150886237,36.52923583984375,-0.5581042170524597,59.8299446105957,8220.7236328125,1739.0806884765625,8288.837890625,0.43332148
1736,-119.27165399951556,51.129261724263934,0,172.0948486328125,23.87930679321289,1398.3123779296875,6.142780303955078,-0.0076497020199894,0.0580341778695583,0.7946569919586182,2.0,7.408178806304932,1031.1964111328125,2.231792449951172,0.0041070524603128,35.6615104675293,-1.010034680366516,60.2774772644043,951.25732421875,14199.98046875,890.76123046875,0.91434073
1737,-122.84256315168516,54.72121673840552,0,109.14198303222656,7.590330123901367,855.9741821289062,6.3255295753479,-0.0166357364505529,0.0172945093363523,0.7218061089515686,2.0,8.78563117980957,700.0421752929688,2.2428503036499023,0.0040287277661263,36.14656448364258,-0.5538343787193298,52.06499099731445,3284.543701171875,2019.34130859375,3289.847900390625,0.27673683
1738,-122.608971969986,53.31168125861453,0,338.8834533691406,1.1010456085205078,685.5293579101562,14.31053066253662,0.0013845001813024,-0.0075251143425703,0.6963385343551636,2.0,10.71208381652832,597.1491088867188,2.170320987701416,0.0043205264955759,37.46024703979492,-0.0728124976158142,58.70553588867188,1751.005615234375,4272.70849609375,1860.2156982421875,0.1876813
1739,-127.81141704977506,50.09861180159447,0,,,,,,,0.7636582255363464,2.0,11.676920890808104,3011.594482421875,5.1169209480285645,,47.11461639404297,-1.1627777814865112,52.30035400390625,29031.7578125,1295.2412109375,18565.99609375,0.085628234
1740,-119.32610789111956,51.00859667129523,0,193.7837371826172,13.502422332763672,1008.0767211914062,5.116075038909912,0.0216655042022466,-0.0282023642212152,0.7584424614906311,2.0,10.158289909362791,811.4088745117188,1.9934821128845213,0.0044298665598034,36.33219909667969,-0.95743727684021,58.703983306884766,899.3673095703125,5522.1220703125,942.2958984375,0.6237176
1741,-126.75931850137049,51.75623485106364,0,112.8379898071289,19.496280670166016,1217.2764892578125,5.815206527709961,-0.0088803526014089,0.02627526037395,0.3579756319522857,2.0,6.181458950042725,1748.7174072265625,2.9401867389678955,0.0044831954874098,31.81015396118164,-0.9355989694595336,52.51307678222656,33273.578125,2934.436279296875,32125.708984375,0.008750735
1742,-128.8548697391255,56.54079397906074,0,201.1583709716797,17.874618530273438,,,0.0254329182207584,-0.015143129043281,0.6117802858352661,2.0,5.881789207458496,934.1215209960938,1.912060022354126,0.0036097643896937,31.02565574645996,0.1600235551595688,40.98766326904297,33621.234375,4070.544921875,33560.6875,0.43349317
1743,-122.26557717784016,56.74067845500894,0,58.93072891235352,5.064236164093018,806.6404418945312,6.749015331268311,0.0104210702702403,-0.0149885630235075,0.715895414352417,2.0,7.273741722106934,565.7864379882812,2.481672763824463,0.0036176466383039,38.28877639770508,-0.02149024233222,43.75065612792969,12493.2109375,3539.010498046875,12424.677734375,0.41235757
1744,-126.91014657307812,57.85781756717293,0,,,1855.5955810546875,5.088493824005127,-0.0502950772643089,0.0340424142777919,0.2576294243335724,11.0,2.872760772705078,694.5274658203125,2.1593618392944336,0.0030719698406755,28.06166648864746,0.3333523869514465,31.894100189208984,89935.03125,1824.775390625,89902.171875,0.05252782
1745,-126.05971543506575,49.48012325867449,0,81.39002990722656,17.771278381347656,312.0163879394531,5.605247974395752,-0.0166466478258371,-0.0162827707827091,0.7044024467468262,2.0,11.578076362609863,2758.38671875,3.8424599170684814,0.0056654070504009,45.229793548583984,-1.8141319751739504,78.56294250488281,20128.95703125,1109.549560546875,19963.8125,0.1594509
1746,-130.99125790529175,56.70957203416392,0,194.38723754882807,15.31707763671875,320.98614501953125,7.671673774719238,0.0038544209674,0.0218827296048402,0.8274100422859192,2.0,8.119084358215332,1724.0848388671875,1.7832881212234497,0.0037850751541554,32.96207809448242,-0.1113412156701088,37.37958526611328,53313.859375,1465.577392578125,53418.9453125,0.12957917
1747,-115.95959057675036,50.22849133285707,0,29.57801818847656,14.66377067565918,1947.040283203125,5.62481164932251,0.0016040322370827,0.0277185291051864,0.6385804414749146,2.0,8.359886169433594,614.1207275390625,2.93904709815979,0.0038784958887845,31.95764923095703,-1.0193402767181396,40.04108428955078,5212.07958984375,4579.02880859375,5099.57373046875,0.9433165
1748,-124.10193075753078,49.187973836967664,0,136.77996826171875,6.3254899978637695,369.3765258789063,6.314455032348633,0.0055808369070291,0.0204828809946775,0.882760226726532,2.0,12.465825080871582,1410.0179443359375,3.073843002319336,0.0060726813971996,42.09708023071289,-1.2196245193481443,129.83375549316406,826.2752685546875,4337.0703125,921.7951049804688,0.08321422
1749,-126.80446908976896,56.53604556953496,0,131.39541625976562,14.98835563659668,1720.22509765625,5.097454071044922,0.0196477025747299,0.02338676340878,0.5138154625892639,11.0,5.014261722564697,704.912109375,2.1116251945495605,0.0034044531639665,30.48978042602539,0.2935702502727508,33.949058532714844,98264.3125,4024.68359375,37735.3671875,0.15076342
1750,-129.962800193303,57.68207883784365,0,128.16842651367188,6.56910514831543,1551.512939453125,4.954963207244873,0.0229453016072511,-0.0411654785275459,0.6387635469436646,11.0,5.756458759307861,662.2540893554688,2.0463647842407227,0.0034025483764708,30.54703140258789,0.904236137866974,55.83488082885742,3975.286376953125,4085.654541015625,3818.928955078125,0.17422032
1751,-123.7858321784092,55.455444335472265,0,160.95916748046875,6.574379920959473,1270.1468505859375,6.2401442527771,0.015778811648488,-0.0325107686221599,0.7059162855148315,2.0,6.419355869293213,651.1845092773438,2.240883111953736,0.003628663951531,33.26378631591797,-0.1589424014091491,51.52280426025391,10228.8037109375,10115.861328125,10540.693359375,0.55026084
1752,-123.77622381576592,52.73026914054127,0,166.97264099121094,3.969372034072876,1413.28076171875,6.17958927154541,-0.0036578050348907,0.0278890766203403,0.5862284302711487,11.0,9.873048782348633,414.1782836914063,2.2599315643310547,0.0037440576124936,31.712263107299805,-0.8949908018112183,37.15869522094727,7768.79443359375,6749.07275390625,7793.41748046875,0.96356666
1753,-130.8382873825364,59.21273684256335,0,242.7274627685547,0.7018581628799438,1304.63427734375,11.660476684570312,-0.0012847126927226,0.0013565508415922,0.4946941435337066,4.0,3.5332539081573486,606.747802734375,2.169760465621948,0.0031600561924278,28.27613067626953,0.1680208295583725,45.14731597900391,57824.671875,2000.416259765625,57932.1640625,0.21115768
1754,-124.24129917409614,58.4297240229322,0,103.47757720947266,13.666230201721191,1387.5535888671875,5.593446254730225,0.0392658002674579,-0.0129692731425166,0.5864551663398743,2.0,4.183713436126709,673.312744140625,2.099210500717163,0.0031782987061887,32.676025390625,0.1100755333900451,49.206336975097656,25263.87109375,1210.2288818359375,25105.037109375,0.0437257
1755,-126.81086225615915,51.60240915777733,0,,,1621.3419189453125,5.371610641479492,,,0.1693798005580902,11.0,6.867181777954102,1823.575439453125,2.870788335800171,0.0046949288807809,33.20950698852539,-0.9319444298744202,52.39093780517578,25903.40234375,5029.66162109375,25974.11328125,0.0074713365
1756,-121.73519727762064,55.30288795186075,0,79.62217712402344,14.391103744506836,888.1210327148438,7.259438037872314,-0.0146488985046744,0.0063996808603405,0.7234858274459839,2.0,8.349674224853516,679.3231201171875,2.615313768386841,0.0037967420648783,38.109619140625,0.0817441642284393,50.58765411376953,2496.75048828125,2164.761962890625,2430.338623046875,0.3870431
1757,-121.99578796348588,54.765265471447385,0,240.31871032714844,14.739460945129396,1375.3343505859375,6.053234577178955,-8.349842391908169e-05,0.0178518686443567,0.7248798608779907,2.0,6.956565380096436,885.783935546875,2.629745960235596,0.0037717202212661,37.08314514160156,-0.051867451518774,45.65134811401367,34034.46875,3902.623779296875,34112.03515625,0.4286409
1758,-121.24646002532124,54.034952639748845,0,208.27052307128903,12.230462074279783,1545.5411376953125,6.024006843566895,-0.0565328001976013,0.0370880365371704,0.6390167474746704,2.0,7.048969745635986,991.328369140625,2.6185688972473145,0.0038631903007626,37.3620491027832,0.557971179485321,42.66598510742188,6519.65869140625,1946.7359619140625,6445.07470703125,0.45131558
1759,-121.7124227900022,55.13067326735356,0,254.87213134765625,9.27039623260498,953.2117309570312,6.193258762359619,0.0638518407940864,0.0033727444242686,0.7512977719306946,2.0,7.488340854644775,808.270751953125,2.7421741485595703,0.0037576972972601,38.04732894897461,0.186654195189476,53.922157287597656,14284.4873046875,227.9790802001953,3957.257568359375,0.2803909
1760,-123.93310060036188,49.7008430497988,0,116.03868865966795,22.98222923278809,693.953369140625,5.941989898681641,0.0048054405488073,-0.0117632336914539,0.7964693307876587,2.0,11.510909080505373,1525.428955078125,2.924574613571167,,44.51557159423828,-1.2587690353393557,99.67405700683594,2497.253662109375,3766.979736328125,2478.181884765625,0.3620691
1761,-126.39705388737444,58.76144848299446,0,154.576904296875,9.168341636657717,1458.7606201171875,11.63791847229004,0.0833942741155624,-0.0059207738377153,0.7478722929954529,2.0,3.060242891311645,664.7577514648438,2.0269501209259038,0.0030427882447838,28.60148429870605,0.5102430582046509,29.56068992614746,38261.46484375,10124.8076171875,38253.40625,0.0059570665
1762,-128.4401542604705,53.491836985094885,0,,,1206.22265625,5.558512210845947,,,0.2416764199733734,8.0,7.42837381362915,2646.642333984375,3.778984546661377,0.0046170805580914,34.92549133300781,-1.033560037612915,37.7420654296875,21004.919921875,4827.40283203125,21135.361328125,0.003487356
1763,-126.01756883528904,50.18835783071051,0,89.84795379638672,15.172921180725098,697.6314697265625,5.165087699890137,-0.0106806894764304,0.021526001393795,0.6640105247497559,2.0,9.866660118103027,2058.9892578125,2.942286729812622,0.0051274769939482,39.70574569702149,-1.3498263359069824,76.46064758300781,1685.8306884765625,1865.1900634765625,1711.332275390625,0.33324677
1764,-124.46748993026904,54.60589265651421,0,102.16046142578124,1.1352118253707886,748.3154907226562,7.960702419281006,-0.0118115050718188,0.0129314344376325,0.74226975440979,2.0,9.190558433532717,511.1088562011719,1.924939751625061,0.0042249010875821,34.28974914550781,-0.9063888788223268,51.34469223022461,3035.643798828125,1233.4332275390625,3117.453125,0.7245642
1765,-122.82210420503516,49.50444406388649,0,73.5862045288086,16.085641860961914,870.2756958007812,6.955273628234863,-0.0194882322102785,0.0126195903867483,0.6538565754890442,2.0,10.252345085144045,2023.9056396484373,2.609067916870117,0.005151845049113,40.77853775024414,-1.001601219177246,89.94920349121094,793.2515258789062,771.3624877929688,683.5315551757812,0.37370437
1766,-122.88990932360612,53.592335163921845,0,78.2460708618164,1.0288715362548828,842.9739990234375,8.148431777954102,-0.0042776884511113,-0.0009884217288345,0.7701295018196106,2.0,10.168008804321287,585.4569091796875,2.194142818450928,0.0041464618407189,37.875465393066406,-0.3875517547130584,66.56491088867188,3767.60009765625,1471.080078125,3825.806396484375,0.118548185
1767,-132.1808982332758,58.470730962745215,0,91.84262084960938,20.916845321655277,1136.3797607421875,6.096165657043457,-0.0251509305089712,0.0310926102101802,0.6218265295028687,2.0,5.111979961395264,890.6591796875,2.1298227310180664,0.0033642633352428,30.105228424072266,0.7122222185134888,62.60916519165039,78860.2578125,2183.960693359375,78803.890625,0.15043396
1768,-137.50337142640197,59.35304386400637,0,257.6473693847656,10.868595123291016,,,-0.0066311787813901,0.0057635512202978,0.6046134829521179,2.0,6.49396276473999,1446.129150390625,2.934270143508911,0.0034186225384473,29.44906997680664,-1.2077491283416748,42.889835357666016,63032.1796875,1105.901611328125,63002.72265625,0.20990145
1769,-124.55911342801492,48.958046249269486,0,95.1685028076172,9.54045295715332,260.5099182128906,6.874892234802246,-0.0028581195510923,0.0350463166832923,0.7329288125038147,2.0,12.753399848937988,2463.756103515625,2.746457099914551,0.0056410450488328,46.6237907409668,-1.3673200607299805,178.3438720703125,812.1201782226562,981.3413696289062,866.2214965820312,0.39997873
1770,-126.2565761707972,51.4703633046512,0,244.6567230224609,8.054922103881836,1916.267333984375,7.514054298400879,0.004463676828891,-0.0405235327780246,,9.0,4.971160411834717,1402.666015625,2.660377264022827,0.0039014043286442,29.182159423828125,-0.9803419709205629,61.52327346801758,55470.9375,6752.20849609375,23982.876953125,0.4877034
1771,-128.16061329452523,59.67411122538098,0,302.86285400390625,1.5990279912948608,766.8497314453125,7.527416706085205,0.0135143864899873,-0.0158318579196929,0.5376729965209961,2.0,5.26435661315918,485.5565490722656,1.532499074935913,0.003336887108162,31.34970092773437,0.1484396159648895,66.80502319335938,29788.19921875,708.936767578125,29959.869140625,0.6447286
1772,-130.06702230583386,56.64841355003144,0,290.3724670410156,19.903152465820312,1701.728759765625,4.556771755218506,-0.0432857610285282,0.0334007143974304,0.2732486724853515,8.0,4.915253162384033,1446.9991455078125,1.9030579328536987,0.0034425929188728,28.57396125793457,-0.1100507602095604,41.21440124511719,14672.5810546875,2882.57568359375,14552.5595703125,0.040180188
1773,-129.057306580037,54.2642357746298,0,,,,,,,0.2344740331172943,8.0,6.195224285125732,2058.300048828125,3.144247531890869,0.0044097187928855,31.963041305541992,-1.0754860639572144,39.98548889160156,12707.728515625,2271.01806640625,12836.939453125,0.008060336
1774,-127.49440213654992,58.13078760749186,0,152.56910705566406,6.822389602661133,,,0.0212089698761701,-0.0820943489670753,0.5292279720306396,9.0,3.2091166973114014,679.53271484375,2.059231996536255,0.0030816902872174,28.254493713378903,0.3538183867931366,39.406288146972656,127657.7109375,5851.69677734375,127656.234375,0.40260258
1775,-128.97937230863707,55.94931135030942,0,257.702880859375,7.176357269287109,504.7756652832031,5.550093650817871,-0.0073492182418704,0.0028413638938218,0.7521563172340393,2.0,9.88978385925293,994.0568237304688,1.651960849761963,0.0043837954290211,33.7832145690918,-0.2359027713537216,48.598140716552734,4492.16650390625,3624.994873046875,4524.51806640625,0.087103374
1776,-120.87849059250878,53.63769495754206,0,77.27222442626953,2.369569778442383,883.2996215820312,7.469756603240967,0.0029384626541286,-0.0100409239530563,0.7484053373336792,2.0,10.104777336120604,898.6142578125,2.2140257358551025,0.0042127114720642,40.721290588378906,0.2900691628456116,35.7218017578125,978.453125,3610.60693359375,860.0120239257812,0.086549364
1777,-121.25928315278998,53.42864062444092,0,101.84310913085938,15.741512298583984,1532.4422607421875,5.671824932098389,0.0229135658591985,0.0088350428268313,0.7221235036849976,2.0,7.130330562591553,1010.17431640625,2.577133893966675,0.0038987861480563,37.080841064453125,0.2125000059604644,45.86091232299805,10864.2568359375,5066.0009765625,10890.1875,0.16253722
1778,-124.8682163051282,58.47531407784506,0,,,,,,,0.0020960895344614,8.0,2.9322190284729004,683.5227661132812,2.174276113510132,0.0029743334744125,29.26962280273437,0.2807375788688659,30.481332778930664,20738.328125,1281.7984619140625,20648.08984375,0.021677533
1779,-130.16875206809198,58.39279028595223,0,177.99891662597656,4.474879264831543,769.1065063476562,8.568055152893066,0.023729845881462,-0.0038115885108709,0.6947290897369385,2.0,6.254971981048584,488.4419860839844,1.7850172519683838,0.0033918870612978,30.3739070892334,0.916230082511902,44.55562210083008,331.7859191894531,649.3422241210938,414.1374816894531,0.41657868
1780,-130.36153328846038,57.184190486428015,0,124.45606994628906,10.376893997192385,1111.386474609375,6.5255632400512695,0.0333558842539787,0.0043974434956908,0.6639100313186646,2.0,5.990248680114746,960.8814086914062,1.9613490104675293,0.0034747042227536,29.95918846130371,0.4520845115184784,57.385589599609375,6896.61474609375,3485.655517578125,7005.408203125,0.13358405
1781,-124.75308635566373,58.048773214684026,0,,,,,,,0.089276023209095,8.0,2.4822795391082764,703.8087158203125,2.2496347427368164,0.0029961760155856,27.913482666015625,0.3212043344974518,22.89557838439941,66899.6875,2868.57373046875,66747.9375,0.018218005
1782,-128.64665270912255,53.64833547874291,0,134.85784912109375,9.925984382629396,1017.31494140625,5.4713335037231445,-0.0917562991380691,0.0129520623013377,0.452732652425766,11.0,7.6420392990112305,2634.157470703125,3.608753681182861,0.0047170533798635,36.1331901550293,-1.132257103919983,37.68825149536133,31481.12109375,7109.2841796875,31443.443359375,0.015078604
1783,-123.06422014622972,50.31372118009895,0,205.5841217041016,15.600465774536133,978.2068481445312,5.889562129974365,0.0668191090226173,0.0143372388556599,0.7522692680358887,2.0,7.62577486038208,1047.3095703125,2.06804633140564,0.0039361813105642,31.45876693725586,-1.0049999952316284,65.19390106201172,4705.89892578125,762.0950927734375,4855.24853515625,0.7656216
1784,-120.96035274438448,55.47710988865092,0,189.915283203125,1.719388127326965,997.9326171875,6.980981349945068,0.001574505935423,-0.0020661682356148,0.6552218794822693,2.0,8.21262264251709,578.0542602539062,2.913142442703247,0.0038454267196357,38.38255310058594,0.3700144588947296,47.321388244628906,1392.4083251953125,8056.955078125,1184.859130859375,0.3514167
1785,-122.66858659516662,59.89337874891769,0,300.5987548828125,1.433568000793457,505.6178283691406,8.153594017028809,-0.0009411909268237,0.0018194784643128,0.6915541887283325,2.0,4.623750686645508,484.3836364746094,1.8683425188064573,0.0036155472043901,34.181827545166016,0.0976388901472091,66.09339141845703,16627.013671875,6445.8291015625,16626.00390625,0.60361433
1786,-120.0799723194784,57.02672104782296,0,212.3568115234375,0.2285585701465606,753.711181640625,7.909779071807861,0.0018156819278374,-0.0012096368009224,0.6146829724311829,11.0,6.038510799407959,473.5658874511719,3.328644037246704,0.0037676270585507,35.88318634033203,0.4175962507724762,42.15544509887695,30266.71875,8530.263671875,30401.861328125,0.678949
1787,-127.49481410300984,50.29328841100335,0,213.7540283203125,14.723115921020508,535.7120361328125,6.750392436981201,0.0483781620860099,0.0009311739122495,0.8053475022315979,2.0,10.282477378845217,2978.171875,4.453074932098389,0.005718988366425,44.54885482788086,-1.0760090351104736,63.845733642578125,8916.5166015625,5695.00146484375,8989.5595703125,0.03882081
1788,-126.15268428137492,54.6599349488575,0,181.87586975097656,6.5168986320495605,1496.38330078125,5.871445178985596,-0.0030300535727292,0.0061574331484735,0.558035135269165,2.0,7.018303394317627,605.9530639648438,2.3210408687591557,0.0039859358221292,33.51133728027344,-0.6906979084014893,82.4752197265625,7607.67236328125,7012.0908203125,7517.7373046875,0.62062025
1789,-134.74171590118686,59.865720970818415,0,284.3993530273437,13.128827095031738,1092.0069580078125,5.045432090759277,0.0509135462343692,0.0109585393220186,0.6673494577407837,2.0,4.96873140335083,623.2827758789062,2.987959623336792,0.0032187213655561,28.67503547668457,-0.681347668170929,81.44332122802734,3092.378173828125,1528.344970703125,2973.0859375,0.029963365
1790,-130.68888211683714,57.19763762340268,0,,,,,,,0.094254620373249,8.0,4.30150032043457,1255.0462646484375,2.2630603313446045,0.0032805493101477,28.00628089904785,0.1272222250699997,59.29216003417969,25410.365234375,7656.6142578125,25317.7421875,0.0043895245
1791,-124.0513758363102,57.46119919223884,0,,,2238.052490234375,5.676650524139404,-0.0333023443818092,-0.0181133449077606,0.0454747006297111,9.0,2.437689304351806,731.583740234375,2.585097551345825,0.0029589927289634,27.609580993652344,0.2554896771907806,29.98359489440918,43489.6328125,3348.75634765625,43696.65625,0.0039103227
1792,-127.34833749261392,51.38003313649916,0,177.2148895263672,20.488222122192383,255.9669952392578,6.034822463989258,-0.0245529506355524,0.0833772122859954,0.7785415053367615,2.0,10.28135585784912,2461.2666015625,3.980738639831543,0.0053969519212841,44.55922317504883,-0.8467177152633667,46.0900764465332,20035.234375,4765.07421875,20054.1953125,0.023943614
1793,-129.73290260605398,58.44109990804215,0,192.0639190673828,3.648218870162964,1273.206787109375,7.673272132873535,0.0063319853506982,-0.0019086927641183,0.7007378339767456,11.0,4.423994541168213,614.1566162109375,1.9711772203445437,0.0033333040773868,29.956974029541016,0.9305503368377686,46.37848663330078,13270.3359375,8789.2138671875,13268.9521484375,0.14980629
1794,-135.02691807836177,59.5058896853015,0,,,,,,,,,,,,,,,,,,,0.17682678
1795,-125.3370089769654,57.44748043595141,0,174.4481201171875,10.152368545532228,1197.2265625,5.698898792266846,0.0110638737678527,0.0233227387070655,0.7273370623588562,2.0,5.332975387573242,578.197265625,1.8507622480392456,0.0032798054162412,30.24346160888672,0.2094733715057373,19.826513290405277,17732.494140625,3221.088623046875,17793.55078125,0.082456864
1796,-131.97164323159996,53.72821511686925,0,222.81103515625,0.5400510430335999,46.8016242980957,9.666205406188965,-0.0043479516170918,0.004844766575843,0.780108630657196,2.0,11.569843292236328,1206.950439453125,5.595836162567139,0.005658256355673,39.26012802124024,-2.347604274749756,30.93222427368164,9839.4970703125,12429.0869140625,9701.1181640625,0.015244003
1797,-124.97879855544528,56.73480927924586,0,319.2257385253906,8.04487133026123,1003.754638671875,6.4092302322387695,-0.0036892769858241,0.0061959493905305,0.7353591322898865,2.0,6.356586933135986,486.8424682617188,1.7769653797149658,0.0038266601040959,30.25883674621582,0.0832986086606979,26.00499153137207,2368.359375,2706.315185546875,2224.41552734375,0.14334597
1798,-129.81754363892128,55.668694292606176,0,88.3286361694336,10.497334480285645,106.17064666748048,6.582921504974365,0.0670096203684806,-0.0201942510902881,0.7801619172096252,2.0,8.467379570007324,1792.7440185546875,2.747478485107422,0.0040716491639614,33.799903869628906,-0.3407980501651764,41.12397384643555,19153.080078125,633.0655517578125,19274.533203125,0.035881273
1799,-121.39094767856209,54.06754828121457,0,258.0062561035156,9.954919815063477,941.0446166992188,9.279417037963867,0.02268304862082,-0.0077234152704477,0.8507817983627319,2.0,8.822489738464355,943.0322265625,2.417850971221924,0.0039701792411506,39.55700302124024,0.6549305319786072,43.60396194458008,1692.51220703125,747.9057006835938,1767.906982421875,0.3301378
1800,-128.2739602489327,57.07298564139898,0,258.7709655761719,6.447195053100586,1186.8623046875,8.390067100524902,0.0044713765382766,-0.0040761022828519,0.7065966725349426,2.0,4.799173831939697,715.068115234375,1.909239649772644,0.0033233314752578,29.73474502563477,0.4789901673793793,30.10720634460449,96172.046875,818.8790893554688,96119.7890625,0.10908665
1801,-125.27348376109596,59.15232419549292,0,115.5019302368164,7.11082649230957,1193.7822265625,7.025196075439453,0.030614148825407,-0.0546591132879257,0.5194003582000732,11.0,4.406891345977783,589.9895629882812,1.7309863567352295,0.0033125460613518,32.47383499145508,0.4416948854923248,44.625,31520.455078125,3140.16796875,31497.056640625,0.7983437
1802,-122.72939084129275,57.27788385330935,0,141.22488403320312,1.4915472269058228,1071.032958984375,7.451566219329834,0.0032200135756284,-0.0035153371281921,0.7352381348609924,2.0,6.559948921203613,605.3837280273438,2.389160394668579,0.0035095664206892,37.46592330932617,-0.005451388657093,49.33342742919922,2653.196044921875,4513.45068359375,1952.8221435546875,0.49914804
1803,-126.80524910188002,51.31513175111681,0,,,1365.619140625,4.630118846893311,0.0979258492588996,-0.0351573340594768,0.1289795041084289,9.0,6.3670501708984375,1930.7093505859373,3.209635019302368,0.0046236407943069,32.215309143066406,-0.8389236330986023,54.80316162109375,25024.638671875,5837.5947265625,25192.291015625,0.002170364
1804,-124.8388839530593,59.27876835030787,0,82.31802368164062,4.2956647872924805,671.8007202148438,7.0614519119262695,0.0185703765600919,0.0053406562656164,0.7397772073745728,2.0,5.563036918640137,530.435791015625,1.52455472946167,0.0035538151860237,33.98622512817383,0.1246501132845878,52.29497528076172,49732.59375,5513.7021484375,49564.08203125,0.52247226
1805,-121.9160967609004,59.54549947878915,0,64.043212890625,0.3952663242816925,609.7404174804688,8.886842727661133,-0.0001500487414887,-0.0001669316843617,0.6519280076026917,11.0,4.7633585929870605,486.5939025878906,2.2146360874176025,0.0035375119186937,34.68004608154297,0.1650903671979904,72.80418395996094,47923.875,6809.39501953125,48035.6015625,0.93210506
1806,-123.5404377350884,51.57240559865821,0,49.813453674316406,0.8074203133583069,1523.3880615234375,8.279035568237305,-0.0001366946817142,0.002285127993673,0.5990198850631714,2.0,9.298996925354004,454.2125854492188,2.2251131534576416,0.0036928774788975,30.259716033935547,-1.1629194021224976,39.60514068603516,1628.2952880859375,6507.8642578125,1503.3712158203125,0.38596582
1807,-130.0119085167171,54.77652478621208,0,160.8931427001953,24.106822967529297,404.7095947265625,5.184769630432129,0.0016637262888252,0.0214279275387525,0.7907483577728271,2.0,8.915070533752441,2138.92431640625,3.6587085723876953,0.0047923293896019,37.15658950805664,-0.7359027862548828,28.752361297607425,24744.31640625,1110.6715087890625,24651.794921875,0.03392756
1808,-120.96862172650452,58.33733625472281,0,332.1500549316406,2.0493040084838867,382.9139404296875,8.254347801208496,0.0082357106730341,0.0016868544043973,0.7381373643875122,2.0,6.286219120025635,434.262451171875,2.5925207138061523,0.0037788706831634,34.3048095703125,0.2414236068725586,52.16297912597656,48764.08984375,326.3966369628906,3896.173828125,0.13299653
1809,-129.61352208703732,55.09183413309931,0,131.6856689453125,19.79161262512207,1033.2894287109375,5.248581886291504,0.0309452395886182,-0.0478903725743293,0.5869656205177307,2.0,7.615192890167236,1807.3267822265625,2.9981062412261963,0.004453538917005,33.32169723510742,-0.5970389246940613,36.67693328857422,4710.40673828125,3323.88818359375,4872.31201171875,0.03449103
1810,-138.36320862596898,59.73359904623131,0,234.3741455078125,15.76624870300293,1117.7095947265625,5.426877498626709,0.0055364854633808,0.051224198192358,0.0169467497617006,9.0,3.493823528289795,1384.853271484375,2.837282419204712,0.0030541378073394,24.11830711364746,-1.0824077129364014,33.05244064331055,91813.7109375,,91801.96875,0.010894474
1811,-128.13256263586152,54.39384398846256,0,100.60746002197266,22.58723258972168,919.1920166015624,4.425199508666992,-0.0553130321204662,0.062286552041769,0.5648794174194336,2.0,7.280903816223144,1322.1259765625,2.413269519805908,0.0041663632728159,32.5189323425293,-0.9356250166893004,56.01846694946289,6569.7119140625,6991.28125,6593.00390625,0.13921778
1812,-122.29571372753064,53.664565419522575,0,285.3236083984375,5.287496089935303,1243.67041015625,6.604487419128418,-0.0203172247856855,0.0027361118700355,0.7908239960670471,2.0,8.817503929138184,780.2766723632812,2.438729286193848,0.004134027287364,38.41121673583984,-0.1378394216299057,68.39556121826172,2093.421630859375,5450.77392578125,2181.190673828125,0.22757539
1813,-128.32700409608813,55.03885575296864,0,149.57179260253906,8.921784400939941,323.8912353515625,8.08813190460205,-0.0024761112872511,-0.0014463330153375,0.8159218430519104,2.0,8.928404808044434,929.9181518554688,2.1625568866729736,0.0040468811057507,32.406436920166016,-0.6076822280883789,55.25392532348633,952.037353515625,1693.754150390625,1164.250244140625,0.31799674
1814,-133.1422905258986,58.18553561750694,0,154.42697143554688,13.394187927246094,99.80818939208984,8.822999954223633,0.0478975772857666,0.0065483646467328,0.6200963258743286,2.0,7.1778178215026855,1776.8177490234375,2.443366527557373,0.0036467069294303,32.14314651489258,0.3003819584846496,43.07464218139648,110426.875,579.5797119140625,111885.609375,0.16166979
1815,-121.9647000791652,52.858329931384,0,102.83490753173828,2.515667676925659,965.2211303710938,11.140093803405762,0.0125950956717133,0.0054742824286222,0.7684897780418396,2.0,9.993139266967772,695.931640625,2.319098949432373,0.0041975383646786,37.02274703979492,-0.0272040888667106,46.13618850708008,5375.333984375,4071.7607421875,5161.97119140625,0.075278535
1816,-134.25586469939992,58.87087340436353,0,,,,,,,-0.1045411378145217,9.0,1.765191674232483,1219.1456298828125,3.204237937927246,,23.372737884521484,-0.0345998927950859,72.44249725341797,,22650.52734375,70287.828125,0.0032414664
1817,-132.4065073106594,57.598824021787166,0,,,,,,,0.4007283747196197,2.0,3.580906629562378,1678.8388671875,2.2733571529388428,0.0030495016835629,26.51298141479492,0.3676736056804657,32.22115707397461,63251.8515625,647.44921875,66588.6015625,0.04231972
1818,-124.36010513965388,57.372067995225166,0,107.76824188232422,20.944259643554688,1275.5247802734375,5.271610260009766,0.0459080226719379,-0.0082552433013916,0.7659537196159363,2.0,3.2373692989349365,699.2841186523438,2.204286813735962,0.0032096235081553,30.551422119140625,0.4235105514526367,24.446922302246094,52480.7890625,1518.844482421875,34791.67578125,0.017498206
1819,-130.49453835569173,58.82142523915895,0,138.9678192138672,8.389041900634766,1390.360595703125,7.089239597320557,0.0040758880786597,-0.0161493476480245,0.7515777349472046,2.0,4.258572101593018,618.48974609375,2.10872220993042,0.0031950140837579,29.721162796020508,0.6954138278961182,49.38547897338867,23546.34765625,6605.82080078125,23626.04296875,0.007887841
1820,-122.43520369112294,53.62249497683119,0,283.9278869628906,6.980985164642334,1157.481201171875,6.74179220199585,0.0046692490577697,-0.0027268747799098,0.7018787264823914,2.0,9.157382011413574,724.5961303710938,2.4018659591674805,0.0041610691696405,38.518009185791016,-0.1506993025541305,68.3207015991211,3282.709228515625,10821.029296875,3445.5703125,0.28404284
1821,-127.40735118662435,51.70432222200201,0,262.15509033203125,19.701005935668945,634.3930053710938,5.952458381652832,-0.0112846083939075,0.0264535006135702,0.7644708156585693,2.0,9.678675651550291,2677.427978515625,3.906384944915772,0.0052825873717665,43.49147415161133,-0.8219857215881348,42.42346954345703,11141.33203125,4879.56201171875,11316.580078125,0.038330015
1822,-130.77286833431842,56.39401464103644,0,,,,,,,0.3338905870914459,2.0,6.1799492835998535,2138.70166015625,2.0843191146850586,0.0037435772828757,29.58503532409668,-0.0716011002659797,41.42824935913086,51758.58984375,3045.517333984375,51983.80078125,0.04392451
1823,-123.35273371508306,56.92920339536492,0,156.0539093017578,5.735569953918457,1382.676513671875,10.485814094543455,0.0223787855356931,-0.0069620958529412,0.7255740761756897,2.0,4.4387054443359375,699.3810424804688,2.574643611907959,0.0032014679163694,32.71860885620117,0.1695131510496139,34.591793060302734,8040.29150390625,7072.166015625,8158.24755859375,0.07027531
1824,-129.40444411085977,53.36102646366049,0,168.47854614257812,4.485146045684815,75.58414459228516,6.899736881256104,0.0262089408934116,-0.0038864568341523,0.737669050693512,2.0,11.287187576293944,3834.8837890625,4.732261657714844,0.0054151755757629,46.28100204467773,-1.3326128721237185,29.867061614990234,10967.5654296875,5171.7197265625,11017.8662109375,0.019997468
1825,-130.74016557420407,58.847378338783365,0,202.8041076660156,5.975352764129639,1081.7508544921875,8.974909782409668,0.026654565706849,-0.0044691283255815,0.6672204732894897,11.0,4.364439010620117,571.893798828125,2.0402321815490723,0.0032597985118627,29.32393455505371,0.6609044075012207,45.51158905029297,38045.3125,757.3694458007812,37979.05859375,0.7184196
1826,-126.60734508075628,57.70086029215929,0,172.16839599609375,12.668185234069824,1598.816650390625,4.739253520965576,-0.0043820650316774,0.0361296311020851,0.2770895361900329,2.0,3.3098416328430176,678.2144165039062,2.16644287109375,0.0031954459846019,28.651147842407227,0.1839487552642822,30.68729782104492,65343.1875,2863.832763671875,65331.5625,0.025589809
1827,-129.57407065895418,57.43238997970807,0,82.62433624267578,6.145443916320801,1905.9443359375,6.230856895446777,-0.0166284292936325,0.0116099994629621,0.0690581426024437,11.0,3.636050939559937,870.0306396484375,2.237258195877075,0.0031789171043783,27.55505752563477,0.5301496386528015,59.64322662353516,36548.66796875,5414.67138671875,36617.66015625,0.0041837255
1828,-123.59051585660345,51.30729631726161,0,259.6361694335937,15.697183609008787,1549.921142578125,6.666107654571533,0.0220413953065872,-0.0120746623724699,0.7889857292175293,2.0,8.938390731811523,541.97802734375,2.1317150592803955,0.0035721485037356,29.36605834960937,-1.1301041841506958,41.11945724487305,3676.55615234375,940.7622680664062,3678.882568359375,0.72323453
1829,-122.18030825957484,57.217841565666085,0,87.21662902832031,1.9464248418807983,1006.504638671875,9.935186386108398,0.0032587037421762,0.0016027999809011,0.7154057621955872,11.0,6.310238361358643,576.4580078125,2.594746351242065,0.0035674532409757,37.16825866699219,0.0183680560439825,51.298622131347656,25266.22265625,6177.80322265625,515.6431274414062,0.7375189
1830,-120.79180650380044,56.70554630889986,0,222.84988403320312,4.310312271118164,635.8472900390625,10.370676040649414,0.0031995619647204,-0.0009655287140049,0.6693816781044006,2.0,6.790348529815674,479.3269653320313,3.0035111904144287,0.0038190190680325,35.687374114990234,0.210961028933525,34.19651794433594,3612.289306640625,849.985107421875,3814.950439453125,0.5339362
1831,-126.81492843686128,59.09210132276949,0,266.43914794921875,6.868682384490967,1283.5477294921875,5.900579452514648,-0.0162647794932127,-0.0175483133643865,0.7201558947563171,2.0,5.1523118019104,550.7247314453125,1.6238081455230713,0.0033238164614886,31.123199462890625,0.3109321594238281,39.581912994384766,50233.078125,3722.639892578125,50190.70703125,0.027786726
1832,-129.12849945507597,55.328579091726006,0,105.70744323730467,8.199039459228516,219.3267364501953,6.773369789123535,0.0095402002334594,0.0103801246732473,0.8284167051315308,2.0,9.153386116027832,1276.6802978515625,2.2470738887786865,0.0043312706984579,33.804203033447266,-0.5950595736503601,49.84966278076172,5123.86474609375,3514.36962890625,5227.61767578125,0.044794407
1833,-125.26375184742308,59.78082457686383,0,113.51482391357422,3.142162561416626,1054.4554443359375,8.279464721679688,-0.0067460327409207,0.0027965661138296,0.7251700758934021,2.0,4.4438157081604,567.4407958984375,1.7062435150146484,0.0032610627822577,31.64119529724121,0.4542796313762665,42.7501335144043,42523.73046875,2438.129638671875,42583.23046875,0.14832093
1834,-126.47495053400031,50.87119001299212,0,,,,,,,0.7920069098472595,1.0,10.925514221191406,1835.3236083984373,3.4598991870880127,0.0053920801728963,44.41804504394531,-1.08514666557312,62.795555114746094,,,21527.13671875,0.04564094
1835,-122.4465269171595,53.79476903692411,0,183.35227966308597,4.127961158752441,930.0005493164062,7.086874961853027,0.0211920607835054,0.0003492251853458,0.7818307280540466,2.0,9.793255805969238,715.0354614257812,2.315633535385132,0.0041943229734897,39.05343246459961,-0.175797238945961,68.11063385009766,1838.03076171875,6244.1435546875,1962.664306640625,0.18739156
1836,-119.18519872880118,49.26877937862422,0,150.00279235839844,5.3447442054748535,1568.36181640625,6.035280227661133,-0.0156540051102638,0.011055639013648,0.6796169877052307,2.0,8.773771286010742,584.2373657226562,2.8287525177001958,0.003742026630789,33.847618103027344,-1.5856339931488037,63.2231674194336,913.2492065429688,10791.0419921875,754.9804077148438,0.7515393
1837,-122.41603303455408,54.192845972918434,0,260.2348022460937,2.2586169242858887,653.8363647460938,7.083073616027832,0.01583600230515,-0.0004870758275501,0.787415087223053,2.0,10.054807662963867,764.6387939453125,2.231420993804932,0.0042689433321356,38.671417236328125,0.048111904412508,62.0811767578125,242.2159118652344,4868.77587890625,257.3489990234375,0.13946961
1838,-131.96755306865947,59.678361149847696,0,108.52655792236328,3.387758016586304,1030.126220703125,6.289377212524414,-0.0014889209996908,0.007982388138771,0.6645560264587402,2.0,5.393889427185059,491.8055419921875,2.0986926555633545,0.0035052734892815,30.88340759277344,0.3588579893112182,68.07723236083984,27195.546875,6966.18017578125,27330.751953125,0.6360803
1839,-132.92321101199093,58.19042594989236,0,,,,,0.0303451661020517,0.0185732468962669,-0.1734983325004577,9.0,4.793996334075928,1500.3096923828125,2.456268548965454,0.0036113574169576,28.98261070251465,0.3518123924732208,43.94460678100586,98597.1953125,3213.14306640625,100099.2265625,0.0052784234
1840,-126.08542227544484,51.09702439850117,0,,,,,,,0.2988809943199157,2.0,8.744157791137695,1481.6123046875,2.685295820236206,0.004630621522665,35.112327575683594,-1.075575828552246,69.27915954589844,14787.4970703125,3573.178955078125,15057.6923828125,0.037282698
1841,-121.61353400743684,57.74916427940474,0,73.19391632080078,3.539644479751587,631.026123046875,6.954548358917236,0.0068465867079794,-0.0086274910718202,0.7400650978088379,2.0,6.910247325897217,476.827880859375,2.574180603027344,0.0037846418563276,35.80917739868164,0.122171975672245,54.62994003295898,67751.765625,1051.751220703125,47101.78515625,0.5559428
1842,-125.99406239533194,59.32799296615018,0,227.1815490722656,11.389119148254396,809.92822265625,5.714111328125,0.0539120808243751,-0.0147040197625756,0.6750770807266235,2.0,5.174637317657471,536.0238647460938,1.5499862432479858,0.0033247279934585,30.774080276489254,0.4003542959690094,31.751468658447266,2895.453369140625,3174.35107421875,2879.34423828125,0.091589294
1843,-131.88692350958704,57.3635221728218,0,,,,,0.0311560742557048,-0.0970451533794403,0.3416955471038818,9.0,5.920729637145996,1490.9530029296875,1.9598420858383176,0.0036258881445974,30.068819046020508,0.1523446291685104,42.13654327392578,58373.7421875,2554.93505859375,61537.35546875,0.100074515
1844,-128.61909303687787,56.824869978195,0,283.32720947265625,13.442623138427734,1348.5447998046875,6.236963748931885,-0.0012974615674465,-0.0001216479940921,0.6796512007713318,2.0,4.8411173820495605,834.598876953125,2.001820802688598,0.0034727887250483,29.6241512298584,0.3540106117725372,35.05452346801758,62127.5234375,4048.9150390625,62072.24609375,0.04081254
1845,-131.71625461422397,54.03217340999043,0,187.0597381591797,3.9008402824401855,74.7177734375,6.097163200378418,0.0145613998174667,-0.0020206330809742,0.6929057836532593,2.0,11.158082008361816,1287.6549072265625,5.561855316162109,,39.71599197387695,-1.9170485734939573,29.578235626220703,6864.3310546875,9357.81640625,7028.5625,0.024355773
1846,-122.36888453885716,58.74758082952216,0,106.52794647216795,0.408059686422348,408.6099243164063,8.075961112976074,0.0006398927071131,-0.0007203170098364,0.7552880644798279,2.0,6.03816032409668,485.6370544433594,2.033385753631592,0.0037727337330579,36.46293258666992,-0.1876444965600967,76.09632110595703,961.9797973632812,5098.72802734375,810.5025634765625,0.36267334
1847,-128.99502685363083,54.543201172601165,0,214.2984161376953,16.418214797973633,388.67132568359375,8.829996109008789,0.0341651514172554,-0.0166664496064186,0.7422447800636292,2.0,7.156796455383301,1716.005859375,2.7516446113586426,0.0040877060964703,32.8762321472168,-0.9664331674575806,41.22745132446289,6243.49755859375,797.8795166015625,6091.36083984375,0.7611997
1848,-129.786148354475,53.97955942830384,0,34.60980987548828,19.72015190124512,579.85205078125,4.816850662231445,-0.0356279909610748,0.0436324328184127,0.7578811645507812,11.0,9.316904067993164,2904.75732421875,3.998100519180298,0.004930761642754,39.18259811401367,-1.2009721994400024,28.589305877685547,23072.35546875,890.421142578125,23338.814453125,0.086387604
1849,-137.3162360869272,59.81132724343996,0,97.47599792480467,15.118374824523926,660.5355224609375,6.613707542419434,0.0301547721028327,-0.0009894042741507,0.568342924118042,2.0,5.4474406242370605,874.5328979492188,2.825408935546875,0.0032618851400911,29.37305450439453,-0.7195138931274414,55.05117034912109,32081.75,951.2832641601562,32074.005859375,0.16392514
1850,-132.50879638279642,59.49467935007573,0,110.38973999023438,9.074090003967283,1524.333740234375,8.43470287322998,0.0139685980975627,0.0167083423584699,0.503959059715271,11.0,3.638913869857788,600.78857421875,2.531674861907959,0.0031716073863208,29.554710388183597,0.1401206403970718,104.32781219482422,54847.04296875,7967.82275390625,54604.8125,0.012823073
1851,-123.79778603076647,58.9360495185074,0,148.1869354248047,3.471789121627808,682.9850463867188,5.663589954376221,0.0007522542728111,0.0362385213375091,0.71390700340271,11.0,6.239304542541504,588.256103515625,1.7693628072738647,0.0035142470151185,36.68788146972656,-0.1188561171293258,86.87528228759766,19927.232421875,1673.3233642578125,20049.96875,0.8697285
1852,-131.52957619757285,58.02110786548005,0,336.40850830078125,4.164114475250244,883.1216430664062,6.160365581512451,-0.0104230213910341,0.0172217264771461,0.7081688642501831,2.0,6.600189685821533,719.7616577148438,1.994511127471924,0.0033435013610869,31.124357223510746,0.659471869468689,47.6694564819336,19384.125,2591.66162109375,19343.4609375,0.43609425
1853,-127.19432038765837,56.90969198084513,0,232.99673461914065,6.081799507141113,1784.7135009765625,7.076795101165772,-0.0444437898695468,0.0239517390727996,0.5549860000610352,11.0,4.04172420501709,700.4951171875,2.1524362564086914,0.0033537403214722,29.41296768188477,0.251493901014328,33.87639236450195,109594.3515625,6161.01611328125,82598.1953125,0.086975135
1854,-127.37877225405435,50.02715985308369,0,,,,,,,,,,,,,,,,,,,0.17682678
1855,-120.02618729538318,58.1128705883151,0,316.4700012207031,0.453459233045578,639.2733764648438,8.127307891845703,0.0013410672545433,0.0002758222399279,0.7001420259475708,2.0,6.232587814331055,450.0154418945313,3.104600667953491,0.0037528737448155,35.286006927490234,0.4155285656452179,51.25629806518555,24728.34765625,4035.29345703125,24849.3125,0.31071705
1856,-116.40121598480268,51.48302691173562,0,201.6845550537109,12.498607635498049,2077.54150390625,5.050873279571533,0.0908855870366096,-0.0497521199285984,0.1449778974056244,2.0,3.633509159088135,917.9413452148438,3.291065454483032,0.0033079008571803,29.20200538635254,-1.2643402814865112,22.99754905700684,5090.19921875,2666.501220703125,4944.81298828125,0.27009177
1857,-129.40546256396968,56.90258464189196,0,113.03204345703124,14.062470436096191,1731.357421875,7.123584747314453,-0.0012395235244184,-0.0175320692360401,0.2240098118782043,9.0,3.8997201919555664,1035.8385009765625,2.0835840702056885,0.0033610127866268,27.4172420501709,0.1720698177814483,33.838104248046875,30086.490234375,3056.929443359375,30033.634765625,0.006385885
1858,-127.51514595467674,51.23805407511016,0,204.20062255859372,7.242557525634766,161.43055725097656,7.76102876663208,-0.0283170416951179,0.0141711290925741,0.7843663692474365,2.0,11.197426795959473,2396.353759765625,4.164464950561523,0.0057301372289657,46.583152770996094,-0.8395485877990723,47.10579681396485,38442.51171875,956.4129638671876,32947.1953125,0.0388208
1859,-133.14500850899293,58.422102007833246,0,,,,,,,0.2200963348150253,8.0,3.509162425994873,1399.748291015625,2.424107789993286,0.0033070507925003,26.88332176208496,0.3069480061531067,57.292213439941406,110811.1015625,1586.518310546875,110766.3359375,0.012117105
1860,-127.71872967334666,50.24121539167498,0,258.1893615722656,13.30001735687256,,,0.1118054240942001,-0.0225222148001194,0.7843331694602966,2.0,11.308252334594728,3000.746337890625,4.90623664855957,0.0058913682587444,46.44179534912109,-1.147986888885498,56.95053863525391,,,,0.046052888
1861,-130.02823212784455,54.26659900833102,0,233.97886657714844,10.32353401184082,535.389892578125,6.940688133239746,0.0041441628709435,-0.0409007333219051,0.6213184595108032,11.0,9.639662742614746,2519.795166015625,4.44473123550415,0.0049976017326116,39.90884017944336,-0.9696890711784364,27.71523666381836,3291.599365234375,2384.33349609375,3069.158447265625,0.082606904
1862,-120.64381661946734,53.309362481412194,0,259.8470764160156,22.233022689819336,1989.942626953125,5.660105705261231,0.0196769349277019,0.047070637345314,0.3629967868328094,2.0,5.983453273773193,1020.8197631835938,2.5521011352539062,0.0036035915836691,34.73857879638672,-0.0233333334326744,35.8664665222168,15010.4423828125,3132.1015625,14926.4853515625,0.47168174
1863,-130.84482281272122,54.60941644128472,0,,,,,,,,,,,,,,,,,,,0.17682678
1864,-128.80994638692172,55.54812225598023,0,272.7235717773437,10.85221004486084,425.6695251464844,6.081779479980469,-0.0248216968029737,0.0345437638461589,0.5858099460601807,2.0,10.540706634521484,935.315673828125,1.8032193183898928,0.0044233598746359,33.71886444091797,-0.4435014128684997,52.97840881347656,633.0270385742188,1144.249267578125,746.4237670898438,0.2634374
1865,-122.4248129470944,49.52321494971799,0,238.80044555664065,24.260841369628903,699.347900390625,3.779348373413086,0.1261239498853683,0.0176418647170066,0.8326680064201355,2.0,9.742249488830566,1744.713134765625,2.203893184661865,0.0050844810903072,39.04286575317383,-0.9924652576446532,98.42886352539062,6319.349609375,1013.4762573242188,6387.07177734375,0.18608953
1866,-125.8831733624127,51.04412074516006,0,,,,,-0.0260396692901849,0.0280808862298727,-0.1163745522499084,2.0,7.086404800415039,1361.21337890625,2.573235988616944,0.0044236448593437,32.25115966796875,-1.140126347541809,74.30045318603516,22276.0625,8007.79833984375,22428.34765625,0.0028638176
1867,-128.8131103896864,56.198602935230376,0,170.5302734375,3.460139274597168,382.3935852050781,9.609763145446776,0.0071515478193759,0.0052263070829212,0.7901651263237,2.0,8.779983520507812,883.2342529296875,1.6189157962799072,0.0039702919311821,32.09465026855469,-0.0194101426750421,43.661563873291016,27976.482421875,627.4293823242188,27964.5703125,0.030818569
1868,-129.5461299728574,54.61630487003735,0,,,,,,,-0.0510350726544857,9.0,6.221348285675049,2055.084716796875,3.1492323875427246,0.0042999796569347,31.42230796813965,-0.8339583277702332,32.91876220703125,32105.443359375,2737.28271484375,32171.2109375,0.004052834
1869,-127.61598943740722,58.21975067163507,0,151.3695526123047,11.639978408813477,1547.748291015625,6.551047325134277,0.0404477752745151,-0.0005599294090643,0.5519710779190063,11.0,3.256542205810547,664.3414306640625,2.0329694747924805,0.0030592097900807,28.51648712158203,0.3625694513320923,40.933406829833984,127813.9296875,10651.1494140625,127757.2109375,0.0623475
1870,-127.95357155400876,57.22629212260935,0,189.9073638916016,18.667341232299805,1668.5592041015625,5.428738117218018,-0.0321262516081333,-0.0146078094840049,0.6744064688682556,2.0,4.084096908569336,720.776123046875,2.083491802215576,0.0032594413496553,29.5321044921875,0.4102256894111633,31.077054977416992,122552.421875,929.4492797851562,116336.609375,0.08802109
1871,-124.30272560375744,48.92513466660318,0,280.1483764648437,16.8685245513916,572.303955078125,4.945138454437256,0.1513660252094268,-0.0530818700790405,0.8627253174781799,2.0,11.856760025024414,2177.44140625,2.593144178390503,0.0055604353547096,44.603981018066406,-1.164965271949768,165.82913208007812,1845.495361328125,2416.84130859375,1593.832763671875,0.22840588
1872,-122.52712937011512,57.7725038945525,0,66.90766906738281,1.1867855787277222,780.213623046875,9.054285049438477,0.0023954294156283,-0.0038522232789546,0.7107716798782349,2.0,6.81065845489502,556.017333984375,2.298633575439453,0.0036546143237501,37.8670654296875,-0.0014023310504853,60.00478363037109,21211.29296875,1968.7117919921875,21257.2578125,0.41836473
1873,-127.1015996433858,52.110808712339406,0,298.9759826660156,18.4949893951416,1600.331787109375,5.458532810211182,-0.0333500280976295,0.0204705372452735,0.4493413865566253,11.0,7.2869343757629395,2092.264892578125,3.0831940174102783,0.0046215881593525,34.869197845458984,-0.8516319394111633,47.05931854248047,35890.84765625,2569.48193359375,36126.390625,0.05874636
1874,-118.34930551492452,52.70976341176012,0,,,,,,,,11.0,,,,,,,,,,,0.51165277
1875,-131.01429335019506,58.897109699456536,0,132.6011199951172,0.771122395992279,1340.7366943359375,10.487271308898926,0.0023568170145154,-0.0002660291211213,0.6265074014663696,9.0,3.6042323112487793,639.53369140625,2.2430942058563232,0.0031338734552264,28.346174240112305,0.3010160326957702,49.4384880065918,54947.21875,5335.13330078125,55009.5546875,0.06766779
1876,-128.55560596492447,57.2200184251343,0,230.1329498291016,3.056086301803589,1264.2476806640625,7.106111526489258,-0.0012807957828044,0.0040464103221893,0.6203746199607849,2.0,4.429536819458008,724.760498046875,1.94158148765564,0.0032847712282091,29.64728546142578,0.6225000023841858,36.21648025512695,93531.375,1276.393310546875,93472.25,0.38030717
1877,-121.40297687391816,55.2775863271414,0,172.68609619140625,4.79975175857544,972.9144287109376,6.607780456542969,-0.0141877327114343,0.0129773486405611,0.7685039639472961,2.0,8.066742897033691,706.2771606445312,2.765112400054932,0.0037168010603636,38.58950424194336,0.3243072926998138,54.27324295043945,1126.1114501953125,2033.0509033203125,865.4459838867188,0.30429536
1878,-137.01298630948588,59.66466613082167,0,240.08956909179688,16.1090087890625,842.1917724609375,6.35789155960083,-0.0130172474309802,-0.0345635302364826,0.3798400461673736,2.0,5.317871570587158,914.0362548828124,2.983641624450684,0.0032473111059516,28.698139190673828,-0.8747764229774475,50.61469650268555,23762.609375,1705.229736328125,23773.48046875,0.061383456
1879,-131.8638880888106,52.74037243419114,0,,,,,,,,2.0,,,,0.0056577189825475,43.5844612121582,-2.2785446643829346,43.10976409912109,,,5830.01513671875,0.040548466
1880,-132.14823599964558,59.528779360991486,0,131.23367309570312,0.6665363907814026,756.6158447265625,12.048995971679688,0.0064453342929482,-0.0087043736129999,0.7051125764846802,2.0,5.540623188018799,499.3615417480469,2.0351412296295166,0.0035744621418416,30.569881439208984,0.3589800298213959,71.8592529296875,46000.265625,1850.01806640625,45911.6875,0.63523436
1881,-125.7268678415978,59.71448306269118,0,214.0646209716797,9.03034782409668,1281.33837890625,6.631426334381104,-0.0151425460353493,0.0258048623800277,0.5691144466400146,2.0,3.929910659790039,578.4560546875,1.7538236379623413,0.0031751657370477,30.73978042602539,0.4303091466426849,37.54042434692383,15526.447265625,3492.42236328125,15553.5146484375,0.09245283
1882,-118.90711586611089,49.30799607726632,0,148.0584259033203,3.5086069107055664,789.4185180664062,8.552067756652832,0.0227529443800449,-0.0278877038508653,0.6320003867149353,2.0,11.763331413269045,466.6272277832031,2.51448130607605,0.0044754915870726,33.14753341674805,-1.5231914520263672,54.88725280761719,383.17193603515625,1029.238525390625,351.2601013183594,0.70528466
1883,-131.71608853213132,56.69321864833446,0,292.3954772949219,18.73659324645996,1000.786376953125,4.758487224578857,-0.0254814624786376,-0.0030540425796061,0.59637451171875,2.0,8.921546936035156,2116.755615234375,2.0059633255004883,0.0042065256275236,35.60471725463867,0.0920301973819732,35.23278045654297,95299.2265625,3045.53857421875,95381.2109375,0.08620591
1884,-126.5512376774536,49.778416455867095,0,181.5579376220703,13.525139808654783,861.6880493164062,5.365906715393066,-0.0823453664779663,-0.0407408773899078,0.8130157589912415,2.0,10.900019645690918,3079.932373046875,4.030475616455078,0.0057000764645636,45.919071197509766,-1.5634374618530271,63.15837097167969,4719.9208984375,2905.263671875,4693.36572265625,0.057038374
1885,-125.16209131665582,57.7596438072535,0,236.9310760498047,20.16221046447754,1489.7652587890625,7.674953460693359,0.0443169958889484,-0.0679632425308227,0.3041042983531952,2.0,3.821967124938965,651.6251831054688,1.99275016784668,0.0031876976136118,30.164411544799805,0.5151931047439575,18.98827362060547,46478.25,2537.114013671875,46518.66015625,0.0114003
1886,-121.26100184248313,58.10353453280287,0,80.35025024414062,0.2401739060878753,468.9518127441406,12.210993766784668,-0.0007854198338463,0.0017609799979254,0.7275509238243103,2.0,6.378860950469971,446.9882507324219,2.5559535026550293,0.003821421880275,34.85084915161133,0.316076397895813,54.5504264831543,68569.015625,9790.2294921875,34489.21484375,0.30206534
1887,-128.08635251588794,53.07392427436714,0,,,1381.890625,5.510351657867432,,,0.2453458905220031,9.0,6.642335414886475,2758.04052734375,3.3852150440216064,0.0044751078821718,33.59845352172852,-1.0688945055007937,39.05619812011719,42633.1875,3219.7978515625,30032.5859375,0.0038291481
1888,-130.77869773831011,57.0500135674459,0,314.2822265625,18.47987174987793,1644.2266845703125,5.803402423858643,-0.0565965548157691,0.0068255066871643,-0.0191936418414115,9.0,4.580228805541992,1402.8193359375,2.1183578968048096,0.0034176646731793,27.982118606567383,0.0123336790129542,47.10512161254883,31148.380859375,5561.11083984375,31169.6484375,0.0035524482
1889,-123.36971665002244,57.31437757129601,0,213.3955993652344,7.033565998077393,1491.96484375,6.0569939613342285,0.0675793811678886,0.0092302272096276,0.6443159580230713,2.0,4.568792819976807,678.8700561523438,2.537609338760376,0.0032012318260967,33.7270393371582,0.080241858959198,42.42321395874024,20344.5703125,4332.2333984375,20458.01953125,0.018615639
1890,-129.19945602176298,53.11589162044314,0,,,85.13377380371094,7.317129135131836,0.0028642902616411,0.0008193582762032,,2.0,,,,,46.23145294189453,,31.460777282714844,33946.92578125,,34051.78515625,0.03858392
1891,-126.18829170753634,59.09306983949854,0,234.23287963867188,5.5523600578308105,1486.11572265625,7.120570182800293,0.0033864269498735,-0.0426926091313362,0.4333679974079132,2.0,3.282557964324951,650.7802124023438,1.9444084167480469,0.0030212020501494,29.102975845336918,0.4281390607357025,36.533992767333984,18127.203125,7711.08447265625,18169.705078125,0.016147062
1892,-123.09940018122754,55.26725789868497,0,264.0018310546875,1.1579556465148926,696.7871704101562,8.810847282409668,0.0068540084175765,0.002279954496771,0.708806037902832,11.0,8.570635795593262,689.9995727539062,2.12081241607666,0.0039896294474601,33.4462890625,-0.1364013403654098,39.82700729370117,787.1807861328125,1653.8758544921875,759.2811279296875,0.9009523
1893,-127.58674071812872,51.88244869109247,0,171.20680236816406,15.44399356842041,779.8910522460938,8.133435249328613,-0.0649925246834755,0.0242367163300514,0.6287829875946045,11.0,8.525993347167969,2794.034423828125,3.684643268585205,0.0052515733987092,40.06801223754883,-0.7174027562141418,39.48479843139648,32437.748046875,3712.89013671875,32339.865234375,0.08591384
1894,-126.33562004985636,54.80833200572914,0,57.559173583984375,3.619139194488525,811.5119018554688,7.992925643920898,-0.004784835036844,0.0053929900750517,0.3568333685398102,2.0,8.964423179626465,504.9064331054688,2.0389418601989746,0.0041140792891383,33.276248931884766,-0.9670429229736328,59.867794036865234,1355.0689697265625,532.0816040039062,1485.1278076171875,0.2352194
1895,-129.19424100566616,56.86658647919534,0,285.9093017578125,12.056017875671388,1626.7445068359375,6.255504131317139,0.0035760877653956,-0.000355511176167,0.3034698367118835,11.0,4.284677982330322,948.3652954101562,1.9974958896636963,0.0033464320003986,28.378952026367188,0.1242361143231391,33.74484634399414,39631.265625,2730.95654296875,39670.58203125,0.017502513
1896,-124.02678248674384,55.26649697390515,0,185.8173675537109,3.021458864212036,962.09130859375,6.634043216705322,-0.0121813230216503,0.0087684653699398,0.620604395866394,2.0,7.362513542175293,585.8377075195312,2.0441739559173584,0.0037973548751324,33.22518539428711,-0.3877083361148834,51.19625854492188,4367.26708984375,1637.267333984375,4224.8642578125,0.6505389
1897,-130.27604805881987,59.111914967090485,0,17.62728500366211,7.409012794494629,1274.253173828125,6.281900882720947,0.0121801318600773,0.0063879559747874,0.4422129690647125,2.0,3.623556852340698,653.8516235351562,2.109949111938477,0.0031290580518543,28.448774337768555,0.4173208177089691,47.50874328613281,25166.435546875,3451.11962890625,25178.095703125,0.10696019
1898,-124.721200783821,57.04818297376166,0,29.705671310424805,12.32699966430664,959.8248291015624,6.350948333740234,0.0009491595556028,0.0213496182113885,0.6723349690437317,2.0,5.001326084136963,615.8232421875,2.0493180751800537,0.0032637640833854,31.53472900390625,0.1806261241436004,24.70232391357422,20474.728515625,1125.416015625,7625.92236328125,0.1641884
1899,-124.3954116298617,48.81852261351296,0,115.23976135253906,15.822345733642578,978.7445678710938,5.055500507354736,-0.0345104895532131,0.2147093415260315,0.8228492736816406,2.0,11.155755043029783,2344.304443359375,2.7645208835601807,0.0057790325954556,43.77524948120117,-1.2634302377700806,170.9874725341797,1771.0621337890625,8007.3525390625,1727.807373046875,0.11220664
1900,-133.75559132171836,59.913568802525546,0,,,,,,,0.7071712017059326,11.0,5.69196891784668,365.6494140625,2.7099123001098637,0.0034245222341269,25.118986129760746,-0.3971472680568695,21.766021728515625,2834.11572265625,3416.861572265625,2714.368896484375,0.37414554
1901,-127.79453232206866,56.743798305392296,0,268.97735595703125,22.91356086730957,1082.1136474609375,6.626812934875488,-0.0230309050530195,0.0150974933058023,0.7443917393684387,2.0,5.452139377593994,720.711669921875,1.928627014160156,0.0034947837702929,30.39093399047852,0.502327024936676,34.07526397705078,102770.0,853.3578491210938,65382.8515625,0.14909916
1902,-121.7300071038283,52.998766264240125,0,284.31744384765625,6.6919050216674805,1388.968994140625,6.11776065826416,0.0067768380977213,0.0019303745357319,0.6560869812965393,11.0,8.01927375793457,853.3771362304688,2.521544933319092,0.0039318432100117,36.668190002441406,-0.1365972161293029,45.508602142333984,4764.58740234375,9824.6943359375,4681.96142578125,0.8039938
1903,-125.4394953064864,49.31086136418142,0,27.628252029418945,22.93976211547852,611.2000732421875,5.181434631347656,-0.0271431021392345,0.020663034170866,0.7336962819099426,2.0,10.810277938842772,2348.49755859375,3.1146512031555176,0.0055206320248544,41.988895416259766,-1.7393054962158203,123.49134063720705,6289.26904296875,1402.81884765625,6354.7529296875,0.23926206
1904,-126.34254715904042,54.69876701425664,0,155.03614807128906,0.2650154829025268,1007.0075073242188,7.326074600219727,0.0029012418817728,-0.0008128376211971,0.6998827457427979,2.0,8.354048728942871,526.6967163085938,2.1109819412231445,0.0039670495316386,33.56744384765625,-0.9494158625602722,67.400390625,1744.51904296875,1252.2127685546875,1601.002685546875,0.6425364
1905,-137.3421072542369,59.617060283813984,0,,,908.5711669921876,5.731928825378418,-0.0573559328913688,0.0315003432333469,0.3680520951747894,9.0,4.677840232849121,1072.99853515625,3.022395610809326,0.0032162710558623,27.800405502319336,-1.0084470510482788,50.30242538452149,43272.48828125,1125.9677734375,43285.37109375,0.13348213
1906,-125.80380217596117,58.85795652942867,0,186.98081970214844,10.632262229919434,1819.0670166015625,5.274295330047607,-0.0696857571601867,-0.0383438654243946,0.1199509054422378,11.0,3.6509644985198975,634.28125,1.922826051712036,0.0031660087406635,29.79215812683105,0.3626313507556915,34.42319107055664,2875.9228515625,3937.943603515625,2869.945556640625,0.07089046
1907,-125.683439816919,58.42045160522666,0,276.8994140625,19.73211669921875,1694.7003173828125,6.17658281326294,0.0247032232582569,-0.054516889154911,0.3463379442691803,8.0,3.548236846923828,651.8887329101562,1.9310256242752075,0.0030378038063645,30.19902229309082,0.5502808690071106,24.32764434814453,39960.4375,2095.2373046875,40110.953125,0.008904386
1908,-129.7768884126548,59.22570615354588,0,78.87046813964844,7.529767990112305,1068.32568359375,6.163604736328125,0.021214198321104,-0.0069010779261589,0.686170220375061,2.0,3.7998180389404297,667.28173828125,1.93413519859314,0.0030982771422713,29.05866432189941,0.5714177489280701,60.889251708984375,1619.4013671875,2038.04296875,1556.8546142578125,0.053267214
1909,-122.52560366740052,51.32993994733729,0,249.3168792724609,5.979787349700928,1749.3052978515625,6.705955028533936,0.0146837197244167,-0.0214802920818328,0.4421522319316864,2.0,7.749279499053955,533.822998046875,2.6409459114074707,0.0037616225890815,31.088224411010746,-0.9305792450904846,42.53988265991211,2181.14306640625,8021.46484375,2407.548828125,0.7417692
1910,-132.84473010797268,59.95237430278057,0,73.6383056640625,2.1761951446533203,846.683837890625,7.872040271759033,0.0035100455861538,-0.0036303573288023,0.6049214005470276,2.0,4.9272780418396,410.3326110839844,2.2863242626190186,0.0033945592585951,26.42161750793457,0.1442736089229583,24.85746383666992,41101.765625,651.1952514648438,41072.3515625,0.54829407
1911,-128.35882733001588,52.97858428536592,0,175.14390563964844,21.57552146911621,,,0.1371568143367767,-0.0476839989423751,0.6342684030532837,2.0,9.101994514465332,3496.687255859375,3.837670087814331,0.0050167902372777,40.1652717590332,-0.9871875047683716,34.35462951660156,30885.50390625,1974.732666015625,30892.048828125,0.03532599
1912,-129.8627592733998,59.94897501667199,0,73.52178192138672,3.914747714996338,1035.20947265625,7.615883827209473,0.0072637484408915,-0.0096463486552238,0.6995478272438049,2.0,4.650878429412842,560.0397338867188,1.8135963678359983,0.0031801636796444,30.729228973388672,0.4965771436691284,77.76123809814453,27402.96484375,3339.22802734375,27503.75,0.3417386
1913,-133.74484618238208,59.4368052579974,0,93.37240600585938,21.57665061950684,1227.6805419921875,5.6338210105896,-0.0118064256384968,0.0312321353703737,0.4518740773200989,2.0,5.6638689041137695,568.1519775390625,2.671829462051392,0.0034906181972473,29.25544166564941,-0.1403180658817291,104.40545654296876,7677.73876953125,1982.32666015625,7635.65185546875,0.05786151
1914,-127.25241223917944,57.68102332166401,0,,,1624.4791259765625,5.126131534576416,-0.1083533018827438,0.1071982309222221,0.4378476142883301,11.0,4.154276847839356,636.2896118164062,1.9328426122665403,0.0031909332610666,29.73931312561035,0.3718667924404144,27.861114501953125,100859.15625,2133.6455078125,100895.4609375,0.31990132
1915,-122.12168547893198,59.65318975040197,0,355.3343505859375,1.0507471561431885,580.5931396484375,8.437552452087402,-0.000294505036436,0.0002919303369708,0.7068014144897461,2.0,4.946390628814697,487.13970947265625,2.108032464981079,0.0035728551447391,34.77742004394531,0.1693750023841858,69.04560852050781,51811.64453125,4548.6171875,51863.03125,0.49552962
1916,-121.57489750740564,54.39565050040388,0,181.07823181152344,20.050416946411133,1166.218994140625,6.140985488891602,0.0142421685159206,-0.0409545972943306,0.7384210824966431,2.0,7.204596042633057,955.7105712890624,2.631744623184204,0.0039026169106364,37.56418991088867,0.5974475741386414,43.5248908996582,15535.509765625,1572.986083984375,14282.5859375,0.4050456
1917,-126.9376478024755,52.93237465542055,0,,,1741.5506591796875,6.455875873565674,,,-0.0981840342283248,11.0,5.240950107574463,1488.521728515625,2.9487433433532715,0.0041855084709823,30.07472038269043,-1.0048264265060425,57.79172897338867,55062.6640625,2072.1435546875,55029.3046875,0.009321939
1918,-120.01968106404688,54.84728691274675,0,,,951.176513671875,13.25249481201172,,,0.7270544767379761,2.0,,,,,,,,4921.66650390625,10297.833984375,5009.662109375,0.7188685
1919,-128.3592927159183,53.3348455293201,0,,,,,0.019691377878189,-0.0278866551816463,0.197673961520195,2.0,6.542568206787109,2642.100830078125,3.647372484207153,0.0046284734271466,33.310020446777344,-1.0768615007400513,38.00444030761719,22856.13671875,1307.4017333984375,22857.962890625,0.00826565
1920,-119.06975262742412,50.60541883309088,0,102.2409210205078,4.490784645080566,1208.9136962890625,6.617267608642578,-0.0180138777941465,0.0389160886406898,0.7633318305015564,2.0,12.150349617004396,648.76123046875,1.9494868516922,0.0047680893912911,35.22467422485352,-1.0753819942474363,58.86373901367188,2664.46826171875,4240.65673828125,2508.424560546875,0.7638121
1921,-126.08551546779096,55.57334581301508,0,55.88560104370117,1.4356225728988647,701.611572265625,14.196714401245115,-3.6531771911541e-05,-0.0006250220467336,0.05335209146142,1.0,8.833438873291016,526.7334594726562,1.8412582874298096,0.0040394789539277,31.873306274414062,-0.4908586144447326,45.96657180786133,11586.767578125,153.27691650390625,11765.01171875,0.5280785
1922,-129.2756709484913,52.80553378510648,0,,,66.49752807617188,6.381194591522217,-0.0065375128760933,0.0092667769640684,0.7624746561050415,2.0,11.466428756713867,3374.144287109375,4.975002288818359,,47.07312774658203,,32.092247009277344,56168.953125,,56364.703125,0.050869368
1923,-128.00764895769146,50.55206991677567,0,,,64.86026763916016,6.454758167266846,0.0049486677162349,-0.0015574051067233,0.7652928233146667,2.0,11.624945640563965,2613.129150390625,5.05988359451294,0.0059534129686653,46.879920959472656,,52.287715911865234,1240.8531494140625,1402.0584716796875,,0.065453656
1924,-125.10870231743422,49.42691596711799,0,132.7367706298828,7.556629180908203,373.1592102050781,9.826647758483888,-0.073339357972145,0.0796387940645217,0.7677432894706726,1.0,12.53955364227295,1896.094970703125,2.727506160736084,0.0057749426923692,42.8847541809082,-1.584172248840332,124.5544204711914,456.0818481445313,1063.9468994140625,432.3856506347656,0.2746581
1925,-125.01387893792388,50.98685243508438,0,278.13922119140625,28.62390518188477,1008.6455078125,3.575212955474853,0.0606970153748989,-0.1048096045851707,0.6312679052352905,11.0,7.8256611824035645,965.08935546875,2.370038747787476,0.0043223649263381,31.54446220397949,-1.3022569417953491,78.39496612548828,72269.546875,4655.75244140625,44987.63671875,0.13956657
1926,-127.50314282361316,52.43748363933574,0,,,893.9527587890625,4.539357662200928,-0.0789102911949157,0.1303716897964477,0.4827378690242767,9.0,8.303451538085938,2819.130615234375,3.636841535568237,0.0050323014147579,37.937538146972656,-0.7278878688812256,41.47966003417969,16024.4111328125,7046.15185546875,15988.7685546875,0.008486454
1927,-128.48442501548726,56.47837131654895,0,155.1669464111328,21.80318832397461,1341.607421875,6.091835498809815,-0.0373340994119644,0.0410856343805789,0.7026510834693909,11.0,6.446406841278076,833.7161254882812,1.863454341888428,0.0038445019163191,31.532695770263672,0.2600347101688385,44.43566131591797,51976.7109375,3946.446533203125,38594.78125,0.69496775
1928,-122.16310377938392,54.50110166733571,0,68.44524383544922,3.334369659423828,933.8164672851562,6.615017890930176,-0.0040285498835146,0.0193350929766893,0.7829489707946777,11.0,8.423298835754395,863.6134033203125,2.419885396957397,0.0040753441862761,37.92799377441406,0.1949387937784195,46.03826904296875,12122.359375,3315.787841796875,12054.15625,0.5144503
1929,-124.75368105256167,48.99269377629524,0,254.2704925537109,18.8564453125,527.8788452148438,5.0629048347473145,0.0131601877510547,0.0098789799958467,0.8092305064201355,2.0,11.550328254699709,2362.647705078125,3.1594204902648926,0.0059228017926216,44.99959182739258,-1.4479303359985352,174.56138610839844,1523.8505859375,4739.4404296875,1500.8487548828125,0.12760182
1930,-124.4979036314762,59.25114053333165,0,76.45291900634766,1.431023120880127,632.8250122070312,7.033828258514404,-0.0029407374095171,0.0038899320643395,0.6992694735527039,2.0,5.551708698272705,552.6072387695312,1.578396558761597,0.0035256119444966,34.92130661010742,-0.0414117351174354,67.11038208007812,55465.953125,2836.76953125,55578.15625,0.6398724
1931,-137.14808325391652,59.05003820736517,0,,,1070.3167724609375,5.130593299865723,-0.0348338186740875,0.0066557037644088,,9.0,,,,0.0031635868363082,26.753904342651367,,43.07753372192383,64021.3203125,,64086.91015625,0.42304233
1932,-128.75309178901264,56.6911804207332,0,210.9885711669922,7.164875984191895,1543.6109619140625,6.672155380249023,-0.0276515614241361,0.0319767408072948,0.607318639755249,11.0,5.871182441711426,861.5372314453125,1.907665491104126,0.0036576513666659,30.899301528930664,0.2792350947856903,37.547122955322266,46843.84765625,3055.2294921875,46820.18359375,0.7118759
1933,-128.17987330497306,52.41479490198111,0,,,385.85736083984375,6.573969841003418,0.0249093826860189,-0.0126210143789649,0.7883942723274231,2.0,10.57889461517334,3369.326416015625,4.21342134475708,0.0055166096426546,47.74209213256836,-0.97349351644516,33.87832260131836,26752.47265625,8033.23828125,26577.98828125,0.025947584
1934,-126.7297051815261,55.85406209438277,0,132.0406951904297,6.775968074798584,1079.8446044921875,7.445508480072021,0.0043985592201352,0.0002385540137765,0.6713366508483887,2.0,6.537591934204102,672.9036254882812,2.0500292778015137,0.0038091430906206,32.773319244384766,0.016666667535901,55.94292449951172,28592.48046875,7677.2744140625,28443.587890625,0.6182397
1935,-128.68045438480883,52.37021898888951,0,174.44131469726562,0.7944588661193848,92.88411712646484,7.47217321395874,-0.0257423799484968,0.0332109816372394,0.6832079291343689,2.0,10.844094276428224,3056.862548828125,4.606649398803711,0.0058065992780029,46.88631057739258,-1.1660113334655762,32.57331466674805,26434.7890625,23348.361328125,26641.78125,0.0144723635
1936,-121.89254711417988,53.277498752719936,0,141.18263244628906,5.006232738494873,1089.63818359375,6.376754283905029,0.0033324463292956,0.0155895156785845,0.6741447448730469,2.0,9.03841495513916,853.9126586914062,2.393113613128662,0.0040776217356324,38.69465255737305,0.1411404311656952,52.246726989746094,879.9225463867188,563.5046997070312,916.3401489257812,0.3283171
1937,-123.0867714940631,54.89023365221836,0,97.5098114013672,3.900484085083008,822.5132446289062,7.817646503448486,-0.0042710821144282,-0.0001007073879009,0.7316561937332153,2.0,8.60245418548584,671.80078125,2.1763393878936768,0.0040305727161467,34.90310287475586,-0.4522029161453247,47.86675643920898,6371.12744140625,3925.979248046875,6518.02392578125,0.16663826
1938,-127.0774274273194,51.04500967943081,0,,,,,,,0.7698628306388855,,11.248467445373535,1954.65869140625,3.873037099838257,,,-0.9055455327033995,,,792.4168090820312,5060.26953125,0.09249859
1939,-120.89170178345648,50.02406743437479,0,190.76303100585935,7.02712345123291,751.1249389648438,8.557385444641113,0.018771382048726,-0.0020323612261563,0.7115091681480408,2.0,11.24164867401123,390.02545166015625,2.2514801025390625,0.0044463891535997,28.885210037231445,-1.195798635482788,52.475868225097656,1008.81591796875,1023.5220336914062,898.9518432617188,0.6424833
1940,-132.37618530824764,58.25782010890599,0,167.2592315673828,15.89366340637207,2073.1708984375,5.42423152923584,-0.0212484821677207,-0.006138336379081,-0.0328155271708965,9.0,2.9168014526367188,1209.436279296875,2.5468966960906982,0.0031723128631711,26.30216217041016,0.4417178630828857,51.16617965698242,74724.0390625,4957.8720703125,75413.0,0.0027893493
1941,-129.81360922184135,57.79960025340991,0,113.71298217773438,13.119293212890623,1340.244384765625,5.137679576873779,0.0096857147291302,-0.0218867603689432,0.6464018821716309,2.0,6.198660850524902,592.880126953125,1.9219194650650024,0.0033805579878389,30.87685203552246,0.8980282545089722,50.1192741394043,4383.1767578125,1650.494140625,4385.05908203125,0.09717074
1942,-131.46054039708574,57.48788994575133,0,,,,,-0.0093154283240437,-0.0101757161319255,-0.0901515185832977,9.0,3.184888362884521,1360.26611328125,2.5920917987823486,0.0032856524921953,26.593584060668945,0.2274235785007476,59.32442092895508,37492.29296875,5068.4580078125,40032.43359375,0.0025660612
1943,-131.5253271412972,52.5077350705922,0,,,190.34063720703125,5.516435146331787,,,0.7696162462234497,2.0,10.839488983154297,2709.148681640625,7.002389907836914,0.0058119441382586,,,,38489.5390625,,,0.02532785
1944,-125.4389917119262,50.38634754806129,0,229.76605224609372,12.58343505859375,260.0203857421875,5.750894546508789,-0.0089562693610787,0.041965652257204,0.8029105067253113,2.0,12.194649696350098,1935.003662109375,3.117866516113281,0.0056313509121537,47.851661682128906,-1.3975876569747925,85.51249694824219,7678.6552734375,,7689.466796875,0.060226202
1945,-132.75097050143077,58.35980787318593,0,216.52883911132807,19.30753898620605,1743.431640625,4.615828990936279,-0.0969223454594612,0.0905849188566207,-0.2233642339706421,11.0,3.44128966331482,1282.2626953125,2.3676512241363525,0.0033514290116727,26.25428771972656,0.4377565383911133,54.420997619628906,99407.09375,2945.723388671875,100258.46875,0.008854662
1946,-132.5195391952996,53.06039178895238,0,,,,,,,,2.0,,,,0.0057283262722194,,,,,,,0.07115757
1947,-133.9109552398542,59.22474452613664,0,237.90870666503903,0.5108602046966553,687.801025390625,9.492457389831545,-0.0019740455318242,0.0032226354815065,0.0658870264887809,1.0,7.020435333251953,674.2901611328125,2.475576877593994,0.0035514922346919,30.97948455810547,-0.0567838102579116,105.76917266845705,26557.208984375,88.5932388305664,26711.244140625,0.08381596
1948,-121.46181224029677,53.87949350445661,0,54.69561004638672,3.687021732330322,652.3460083007812,6.228684425354004,0.0005412056343629,-0.0048663546331226,0.6938151121139526,2.0,10.572099685668944,925.2880859375,2.2548015117645264,0.0041315066628158,40.51832580566406,0.4901151061058044,44.24829864501953,1547.400390625,416.5703125,1746.864501953125,0.049775347
1949,-128.21956544919135,52.85817962735087,0,,,884.0586547851562,4.082282066345215,,,0.2541985809803009,11.0,8.749927520751953,3402.724853515625,3.906959772109986,0.0050432607531547,39.98432922363281,-0.9150897264480592,35.50740432739258,35862.95703125,4549.609375,17640.859375,0.012046252
1950,-122.19753407648572,53.50998602137115,0,220.92616271972656,4.722610950469971,1054.242431640625,8.130126953125,0.0200426112860441,-0.0048281685449182,0.7781264781951904,2.0,9.041746139526367,795.1282348632812,2.38384747505188,0.0040684742853045,38.750465393066406,0.0859430357813835,64.28667449951172,588.5418701171875,8190.2412109375,528.0316772460938,0.255898
1951,-123.37984435554344,48.77557589987595,0,,,53.16333770751953,7.978194713592529,-0.0054003559052944,0.0118651585653424,,11.0,,,,,39.8679313659668,-0.9778125286102296,110.13858032226562,237.95022583007807,,449.3576354980469,0.5679921
1952,-122.51109115418036,58.46134397323218,0,41.06881713867188,0.3062300086021423,526.123046875,9.166625022888184,0.0005580396391451,0.0003985177027061,0.7131127119064331,2.0,6.363399982452393,513.1843872070312,2.080106735229492,0.0037595094181597,37.1447868347168,-0.1784768551588058,89.70764923095703,12318.5908203125,5803.2255859375,12316.4755859375,0.37172848
1953,-124.17018721749244,57.09503255698151,0,163.70547485351562,14.66007137298584,1475.633056640625,8.191388130187988,0.0507732741534709,-0.0281352121382951,0.6703401803970337,2.0,3.7263808250427246,684.1378784179688,2.2411513328552246,0.0032179611735045,31.13880729675293,0.4299472868442535,25.433969497680664,36195.21875,2721.7841796875,28010.23828125,0.017829757
1954,-135.93857926411604,59.68929521892028,0,,,1532.5675048828125,5.922159671783447,-0.0336801707744598,0.0299522019922733,0.0084352064877748,9.0,3.464043140411377,920.843994140625,3.2587690353393555,0.0032180994749069,25.46851348876953,-0.4923043251037597,84.69188690185547,30737.53125,3647.268310546875,30707.38671875,0.0021717995
1955,-128.96348251634706,52.81295453804029,0,225.3328857421875,2.631527900695801,140.126708984375,5.573288440704346,0.0202077012509107,0.0166445206850767,0.6515612006187439,2.0,10.877347946166992,3750.6357421875,4.442864894866943,0.0055043920874595,46.78931427001953,-1.2278844118118286,31.11186408996582,38495.19140625,13371.572265625,38676.78125,0.01477718
1956,-127.73851889731534,51.66683991280506,0,177.3978729248047,4.222590923309326,135.35235595703125,5.9491963386535645,-0.0339405462145805,0.0184344761073589,0.6786478757858276,2.0,11.195941925048828,3067.9111328125,4.198390483856201,0.0056131430901587,48.57847595214844,-0.8045790791511536,39.57039642333984,34106.61328125,887.8082275390625,34203.5,0.029964365
1957,-122.91734289306544,54.62752323831326,0,283.0375366210937,0.5432493090629578,896.6627197265625,6.97722864151001,0.0015765189891681,0.0071620494127273,0.7903816103935242,2.0,8.65131664276123,688.242919921875,2.238920211791992,0.0040417970158159,36.49007797241211,-0.5078470706939697,56.47456359863281,10569.8837890625,5244.7509765625,10543.62890625,0.3036212
1958,-123.58738959408736,58.9548633740139,0,128.1846923828125,3.685563564300537,712.33251953125,6.176148414611816,-0.0178354308009147,0.0139161953702569,0.723152220249176,2.0,6.133748531341553,581.9388427734375,1.8340213298797607,0.0035388767719268,36.84774017333984,-0.1267095357179641,97.88207244873048,12872.470703125,3506.69580078125,13009.8984375,0.522195
1959,-124.50700752405196,56.80500255923665,0,211.40635681152344,11.834994316101074,1674.294921875,5.870651721954346,-0.0212477594614028,-0.037248495966196,0.6092037558555603,2.0,4.813531398773193,634.0972290039062,2.1120731830596924,0.0033469768241047,31.34021377563477,0.3093402683734894,25.93107414245605,21405.345703125,2882.761962890625,21339.681640625,0.03587541
1960,-127.08011334169665,56.98799005774702,0,92.7226791381836,9.26391315460205,1703.16162109375,7.64141321182251,0.0193589851260185,-0.0070158033631742,0.6625056266784668,2.0,3.750882625579834,721.7915649414062,2.2346439361572266,0.0033510667271912,28.863513946533203,0.1612594276666641,33.41636276245117,99191.0390625,8227.056640625,89444.2109375,0.0074271425
1961,-120.12840467168483,58.30999414985376,0,323.0389709472656,0.4213773906230926,481.371826171875,8.112051963806152,-0.0061593255959451,0.0061947428621351,0.6708243489265442,2.0,6.430052757263184,429.4091796875,2.9279630184173584,0.003767994698137,33.50952911376953,0.2855208218097687,35.01388168334961,24745.791015625,6296.61181640625,24784.83984375,0.3893195
1962,-132.16033481069735,58.05160716557939,0,164.8165740966797,19.889875411987305,1795.6583251953125,7.351449966430664,-0.0450230240821838,0.00794143602252,-0.0917538702487945,11.0,2.760067939758301,1275.6336669921875,2.562661647796631,0.0031074695289134,25.65596580505371,0.5344962477684021,45.0187873840332,50650.640625,5318.5927734375,51732.140625,0.00637489
1963,-123.48146042701696,57.09629168037419,0,28.95774269104004,13.439949035644531,1592.7261962890625,5.831373691558838,-0.0081064198166131,-0.0109165627509355,0.6357651948928833,2.0,4.098879337310791,692.328857421875,2.5528006553649902,0.0032340472098439,32.134822845458984,0.1247222200036048,34.07551193237305,1852.2691650390625,2601.672119140625,1875.486328125,0.06802143
1964,-129.32502696554502,54.63028119679918,0,209.5809326171875,22.40802955627441,,,0.0657352656126022,-0.0574803501367569,0.4525474309921264,2.0,5.822501182556152,1904.86083984375,2.931118488311768,0.0040408549830317,30.761171340942383,-0.8201478123664856,36.58903121948242,27441.9296875,599.4570922851562,26491.236328125,0.124700196
1965,-130.4135740082967,56.3163940144387,0,115.56798553466795,28.4340934753418,911.468505859375,5.49579381942749,-0.0141158141195774,0.0443017184734344,0.8524038195610046,2.0,5.096798419952393,1989.527587890625,2.140199422836304,0.0036661261692643,28.517560958862305,-0.1443981230258941,42.78581619262695,27797.345703125,864.6590576171875,28027.732421875,0.10852859
1966,-126.28560216993868,54.89446375212451,0,101.95327758789062,6.582271099090576,978.2252197265624,7.645242214202881,0.0086452011018991,-0.001113069942221,0.7626940608024597,2.0,8.791422843933105,523.2533569335938,2.0415189266204834,0.0041463868692517,33.42014694213867,-0.9130467176437378,62.29303741455078,2020.9951171875,3620.25830078125,2173.15234375,0.71613467
1967,-126.6043647901644,54.85910485665162,0,61.036651611328125,3.045567989349365,873.49365234375,7.764674186706543,0.0026519414968788,-0.0022895827423781,0.7115573287010193,2.0,8.5780611038208,513.5184326171875,2.077627658843994,0.0038777336012572,32.94794464111328,-0.9440189599990844,64.67314147949219,1130.3720703125,3077.9990234375,1039.4918212890625,0.56769806
1968,-119.41756007253018,51.7932606991316,0,301.4649658203125,18.21348762512207,1545.4853515625,6.232619285583496,-0.030036399140954,0.0101750828325748,0.6907234191894531,2.0,8.20580768585205,1049.6256103515625,1.9552689790725708,0.0041067865677177,36.73655700683594,-0.6544108986854553,43.45935821533203,4118.296875,6063.09716796875,4031.46337890625,0.9183143
1969,-127.36059828439764,52.48224786224486,0,207.15374755859372,8.266524314880371,867.1820068359375,7.003944873809815,-0.0300638750195503,-0.0457062609493732,0.566792905330658,11.0,8.64006519317627,2590.222412109375,3.4223217964172363,0.0049175480380654,38.34480667114258,-0.7443833351135254,43.36728286743164,26979.345703125,2554.458740234375,27009.423828125,0.09935888
1970,-137.95720535096834,59.58128061095777,0,172.0458221435547,0.6914274096488953,164.12608337402344,9.227745056152344,0.0014269647654145,0.0007938034832477,-0.0130568202584981,9.0,5.906919479370117,1500.3770751953125,2.691872358322144,0.0035100004170089,28.291189193725582,-0.983112335205078,35.47733688354492,77278.4453125,57.69894027709961,77275.3125,0.13332352
1971,-122.58951343153755,49.54893819349601,0,270.5583801269531,26.04621124267578,318.29150390625,,0.0151993101462721,0.0192279517650604,0.8199518918991089,2.0,12.129077911376951,2164.541015625,2.253465175628662,0.0051022651605308,45.32719802856445,-0.9328172206878662,91.84329986572266,13217.30078125,640.7999267578125,11884.01171875,0.31757545
1972,-129.69078439200376,53.6420674884136,0,103.209716796875,7.603344917297363,183.40928649902344,9.364834785461426,0.0733055546879768,-0.0005252264090813,0.4529732167720794,1.0,10.449493408203123,3337.78369140625,4.764520168304443,0.0051330355927348,42.62288665771485,-1.3949490785598757,27.617504119873047,37870.5546875,1607.523681640625,37786.44140625,0.048258107
1973,-126.97277849862137,54.89541513333143,0,213.73245239257807,16.08248519897461,1275.4248046875,6.283220291137695,0.0515357814729213,-0.0061827600002288,0.7408468723297119,2.0,7.031387805938721,740.2734375,2.41828989982605,0.0037986235693097,33.58147048950195,-0.5380902886390686,84.14087677001953,5751.0830078125,4481.1943359375,5726.80615234375,0.62716013
1974,-122.49985871664732,53.02789118500881,0,240.44097900390625,1.266427755355835,573.8444213867188,10.261070251464844,-0.0041030263528227,0.0034969530533999,0.5035086274147034,2.0,11.445977210998535,527.0902099609375,2.1249048709869385,0.0043246843852102,35.56380844116211,-0.0843671113252639,48.22922134399414,251.1613311767578,1856.3988037109373,281.92041015625,0.37943885
1975,-129.28092336742768,56.03885938949267,0,44.401893615722656,13.757030487060549,300.6067810058594,8.866537094116211,0.019280994310975,0.006508694961667,0.3120154142379761,2.0,9.46480941772461,1128.4517822265625,1.6341874599456787,0.0044330018572509,33.305503845214844,-0.2605325877666473,47.783321380615234,2158.705322265625,313.00689697265625,2278.2451171875,0.13924302
1976,-124.9825493873158,59.70395897589909,0,99.1275634765625,5.5310468673706055,955.3035278320312,9.06842041015625,0.0007216404774226,0.0047089559957385,0.7440138459205627,2.0,5.028274059295654,560.7531127929688,1.6412408351898191,0.0033895664382725,32.7572021484375,0.4172321557998657,48.7449836730957,57784.46484375,2133.56689453125,57896.05078125,0.076270014
1977,-123.00471370870568,58.50463824464492,0,174.92210388183594,4.895330905914307,528.627685546875,7.636356353759766,-0.0315945595502853,0.0233719702810049,0.7373186945915222,2.0,6.2617902755737305,539.3259887695312,1.9302905797958372,0.0037682647816836,37.65813446044922,-0.1739012748003006,93.19617462158205,16795.06640625,846.9400634765625,16791.61328125,0.19873539
1978,-120.07242848544008,55.91365412936962,0,103.1712646484375,0.2670378386974334,638.8404541015625,9.087892532348633,-7.396677392534912e-05,-6.790366751374677e-05,0.4058389663696289,11.0,8.447482109069824,479.8402404785156,3.086754560470581,0.0038571152836084,36.92923355102539,0.3193382322788238,35.316383361816406,693.89501953125,5450.86181640625,640.8289794921875,0.41626728
1979,-127.24283326951648,57.40869548290578,0,261.4719543457031,6.143803596496582,1405.493896484375,6.203089237213135,-0.0163678433746099,0.0234485268592834,0.6939255595207214,2.0,4.249571323394775,649.1447143554688,1.9455043077468872,0.0031801110599189,29.62561798095703,0.2512957453727722,26.448118209838867,96929.0,4829.07080078125,96982.359375,0.020018047
1980,-126.9981346010092,51.77241469838941,0,297.7188720703125,17.904129028320312,1134.7174072265625,5.112927913665772,0.0536153726279735,-0.0331145673990249,0.2892629504203796,2.0,7.283657550811768,2034.9892578125,2.9754366874694824,0.0045810993760824,34.20193099975586,-0.85282963514328,49.03336334228516,18201.267578125,3894.510498046875,18245.8515625,0.004212038
1981,-126.82889706798844,57.95053941555681,0,,,1794.8603515625,4.956876754760742,,,0.1958188414573669,11.0,2.820535182952881,685.424072265625,2.172956705093384,0.0030160469468683,27.62819480895996,0.3723534345626831,32.577144622802734,91835.7265625,1775.3316650390625,91802.6328125,0.04696418
1982,-129.5263325062628,55.80691142215782,0,133.57574462890625,7.903695106506348,1008.0074462890624,5.783185958862305,-0.0345233529806137,-0.0017468902515247,,8.0,5.21629524230957,1532.845703125,2.214951038360596,0.0036223835777491,28.931270599365234,-0.3476511836051941,52.24882125854492,17184.99609375,2841.824951171875,17103.65625,0.16194102
1983,-130.42390722326783,54.448119042228335,0,,,,,,,,2.0,,,,,,,,,,,0.17682678
1984,-125.40311927196215,51.51177502689131,0,,,1339.4925537109375,5.157759666442871,,,0.6931629776954651,2.0,6.444396495819092,837.2860107421875,2.186377048492432,0.0036753765307366,28.0642032623291,-1.0903079509735107,43.91075134277344,50722.79296875,2336.47802734375,50809.296875,0.46610442
1985,-129.92327442144347,57.15953831658354,0,46.39027404785156,4.875912189483643,1176.9359130859375,7.098363876342773,0.0055395485833287,0.0292695686221122,0.7023401856422424,2.0,4.588741302490234,930.8663330078124,1.9676729440689087,0.0032872392330318,28.542238235473636,0.5477485656738281,44.00779724121094,19339.517578125,1449.8748779296875,19311.330078125,0.056723475
1986,-121.68955212058562,53.21230746021231,0,210.5788726806641,9.88602066040039,1245.7236328125,5.304243564605713,-0.0031849967781454,0.0138687398284673,0.7418552041053772,2.0,8.507265090942383,905.8693237304688,2.475862741470337,0.0039516231045126,38.161922454833984,0.0365511812269687,47.86520004272461,1872.7169189453125,6916.4619140625,1701.722412109375,0.42699406
1987,-124.47246283779448,52.18607271833556,0,171.81141662597656,0.3524131774902344,1186.693359375,7.329128265380859,0.0016339505091309,-0.0025396274868398,0.6288634538650513,2.0,10.177366256713867,353.67486572265625,2.015934467315674,0.0036001859698444,27.60916519165039,-1.379897117614746,29.06365394592285,7258.486328125,1914.31201171875,7098.33154296875,0.36915508
1988,-131.95939473216308,58.47667946580615,0,132.3830108642578,8.247587203979492,1239.186279296875,6.039721012115479,-0.0338528156280517,0.030379582196474,0.6636816263198853,2.0,4.994258403778076,848.7552490234375,2.238527536392212,0.0033250872511416,31.027368545532227,0.7210772633552551,65.95806884765625,70281.109375,4879.08984375,70251.2734375,0.12363169
1989,-128.49581838027362,52.49835651332541,0,,,,,,,,2.0,10.424527168273926,3686.05322265625,4.37515115737915,0.0055681969970464,46.27716064453125,-1.1140140295028689,32.55439376831055,,,,0.028785005
1990,-127.38688249038655,51.9746068444052,0,137.44589233398438,6.389368534088135,1141.837646484375,3.958694696426392,-0.0016413500998169,0.0514216795563697,0.613071858882904,11.0,7.7671799659729,2541.795654296875,3.51992416381836,0.0051264287903904,36.971900939941406,-0.7736111283302307,41.82227325439453,34023.15625,6781.0859375,34109.15625,0.022726841
1991,-132.66871893506817,57.75816933109048,0,169.85707092285156,7.972055435180664,1923.095947265625,5.182170391082764,-0.0446896664798259,0.0815324783325195,-0.125876247882843,9.0,2.189814329147339,1720.2630615234375,2.662466764450073,0.0029596865642815,23.87729835510254,0.4012660980224609,31.74740028381348,74099.9296875,15111.9013671875,76968.0546875,0.0034199124
1992,-130.01401353806278,56.754654401995545,0,159.3096160888672,14.39257526397705,1517.8885498046875,4.4948601722717285,-0.0113975554704666,-0.023654855787754,0.2758363485336303,11.0,4.884234428405762,1321.1873779296875,1.8993951082229612,0.003509966423735,28.320844650268555,-0.0008315808372572,39.15443801879883,4157.57373046875,3076.667724609375,4182.64453125,0.083007015
1993,-130.34470490785804,53.97511853575238,0,,,56.72122573852539,5.7646260261535645,,,0.7242483496665955,2.0,,,,0.0054938923567533,,,,5165.76123046875,6215.0576171875,,0.03889176
1994,-130.1485180629677,53.50990421962136,0,34.74942779541016,5.05975866317749,154.86181640625,9.721866607666016,0.0460186414420604,0.0203323271125555,0.3364079296588897,1.0,10.42835521697998,2673.931396484375,5.332467555999756,0.0055905361659824,43.36608505249024,-1.747298240661621,25.435871124267575,37058.41015625,10499.98046875,37249.31640625,0.03027275
1995,-122.60254206110484,56.86118009553731,0,252.71632385253903,4.766503810882568,1000.5078125,6.340997695922852,-0.0074140070937573,-0.0228671059012413,0.7589197158813477,2.0,6.519670009613037,601.9104614257812,2.432209014892578,0.0035783678758889,37.698726654052734,0.0290625002235174,44.27462005615234,3982.339111328125,5994.78759765625,3935.88232421875,0.20558009
1996,-128.16422892325255,53.99202070830808,0,162.2018585205078,21.96542739868164,1734.796630859375,,-0.02388153411448,0.0698750019073486,0.0286111794412136,9.0,6.245030403137207,1773.0506591796875,2.7875232696533203,0.0040695955976843,31.5412654876709,-1.0095529556274414,48.88511276245117,27557.208984375,3157.50341796875,27620.626953125,0.016503222
1997,-133.08430138021416,59.8253635029805,0,172.79672241210938,4.582867622375488,1406.8052978515625,6.699441432952881,0.0070917503908276,-0.0130998808890581,0.4196134209632873,2.0,4.013718605041504,480.9952697753906,2.687943935394287,0.0032660560682415,28.388612747192383,-0.3010317981243133,35.115257263183594,27782.90234375,2508.08740234375,27873.630859375,0.12116103
1998,-129.97667077382195,58.708821158297,0,83.44374084472656,3.341008424758911,1113.942626953125,8.137456893920898,0.0105356704443693,-0.0014995121164247,0.6869902610778809,2.0,4.830264568328857,574.5545654296875,1.8582677841186523,0.0033774331677705,29.8957633972168,0.9261458516120912,47.97285842895508,5563.2392578125,579.7968139648438,5605.81005859375,0.12789418
1999,-130.6510625798876,59.20431216219109,0,287.60516357421875,3.0449483394622803,1393.226806640625,8.58874225616455,0.013199889101088,-0.0012700073421001,0.5443047285079956,11.0,3.4110538959503174,625.7356567382812,2.162373781204224,0.0031271302141249,28.526491165161133,0.2630766034126282,45.93003082275391,46740.54296875,2103.72216796875,46738.00390625,0.0668253
2000,-127.83385203085396,53.33771552586095,0,,,,,,,0.780960738658905,2.0,6.893436908721924,2246.9365234375,3.286426544189453,0.004245638847351,32.9887809753418,-1.041204810142517,46.406959533691406,15975.4716796875,465.6256713867188,15813.181640625,0.10073174
2001,-127.6880579430223,59.72990042417683,0,45.88898086547852,4.0182390213012695,783.60302734375,6.200821876525879,-0.0074453153647482,0.0110795740038156,0.7163714170455933,2.0,4.829594135284424,493.7519836425781,1.527452826499939,0.0032440430950373,30.82366180419922,0.2177714556455612,58.34950637817383,12193.927734375,5457.33203125,12208.369140625,0.40107426
2002,-132.5970885454802,53.85285291494227,0,112.17903900146484,11.789224624633787,324.480712890625,5.306955337524414,0.0241316519677639,0.0135406637564301,0.6267004609107971,2.0,10.285133361816406,1795.9918212890625,5.261404514312744,0.0055191526189446,42.969051361083984,-1.809722185134888,33.4530029296875,28164.021484375,9934.3515625,22298.765625,0.011450295
2003,-121.533476813403,55.34551143663175,0,248.48915100097656,7.444998741149902,1245.5546875,7.419161796569824,0.003983000293374,0.0048605115152895,0.713542103767395,2.0,7.462676525115967,753.7611694335938,2.8306355476379395,0.0037781163118779,38.8015251159668,0.2713653743267059,61.30236053466797,5899.0703125,7656.1650390625,5802.80517578125,0.105711974
2004,-131.63877998467015,57.84486477585156,0,127.46236419677734,14.774643898010254,1386.6641845703125,7.0632853507995605,-0.0123616186901927,0.0058113206177949,0.5959312915802002,9.0,6.066748142242432,973.1802978515624,2.133796453475952,0.0033318330533802,32.12416458129883,0.6564344763755798,49.4089241027832,11852.65625,8383.8603515625,14049.888671875,0.10616583
2005,-125.18544754704484,50.02841196841816,0,160.20936584472656,1.7147812843322754,104.0000457763672,7.079041481018066,-0.0058462442830204,0.00171995756682,0.8132175803184509,11.0,13.833282470703123,1403.426025390625,3.2376372814178467,0.0059293359518051,46.39439392089844,-1.620104193687439,97.73007202148438,418.0657958984375,60615.5,266.66571044921875,0.124641925
2006,-129.9902854863357,55.71317447501898,0,254.3519287109375,22.267995834350582,,,0.0295335687696933,-0.0139694884419441,0.7758224606513977,2.0,7.180750846862793,1941.14208984375,2.7209246158599854,0.0042582601308822,32.660919189453125,-0.2936413586139679,38.784629821777344,22908.39453125,727.7596435546875,22990.287109375,0.61167014
2007,-122.92189175342418,57.1747273755702,0,94.91822814941406,5.572885513305664,1201.844482421875,7.975142955780029,0.0013597670476883,0.0145633053034543,0.7144111394882202,2.0,6.149065017700195,616.5975952148438,2.3904569149017334,0.0034252754412591,36.254024505615234,0.0661797896027565,45.40089416503906,11610.7119140625,5582.47802734375,11567.92578125,0.27758223
2008,-129.97260364736837,57.28502241427636,0,143.55355834960938,8.035637855529785,1268.7691650390625,6.145812034606934,0.0339472442865371,0.0008029767195694,0.8191455006599426,11.0,5.4565935134887695,856.6339111328125,1.9892035722732544,0.0033496129326522,29.8056755065918,0.7843000888824463,51.50328826904297,17380.052734375,2377.60400390625,17365.6015625,0.06428294
2009,-126.33708088034932,57.1444375367836,0,72.88939666748047,8.262138366699219,1490.67333984375,10.918800354003906,0.0468791984021663,-0.0089312624186277,0.6582449674606323,2.0,3.257319211959839,695.128662109375,2.2584471702575684,0.0031215765047818,28.51527976989746,0.0377994515001773,28.023935317993164,51181.39453125,1095.154296875,51123.41796875,0.012748542
2010,-123.18955002561346,49.51099435789522,0,53.57453536987305,16.293855667114258,1312.0770263671875,4.174752712249756,0.0131098823621869,-0.064778596162796,0.659588634967804,2.0,9.960334777832031,1880.651611328125,2.709620952606201,0.0057311076670885,40.048126220703125,-1.0949305295944214,90.61775207519533,3558.745361328125,4050.53369140625,3506.739501953125,0.23291497
2011,-130.6246873187809,56.351992627606194,0,,,,,,,0.1670236587524414,11.0,6.986158847808838,2081.364990234375,2.0629589557647705,0.0038822698406875,31.682147979736328,-0.1454882174730301,41.55901336669922,41234.8515625,1444.55419921875,41221.53125,0.1897892
2012,-126.9234524795873,52.279636702693125,0,,,613.7757568359375,5.142764091491699,,,,2.0,,,,0.0046809460036456,,,,13653.9658203125,,13880.236328125,0.20213081
2013,-123.88098238033842,56.71004411254882,0,174.30909729003906,7.52252197265625,1133.923095703125,8.015932083129883,0.0186175182461738,-0.0210752226412296,0.7113264203071594,2.0,4.325657367706299,693.986328125,2.2812299728393555,0.0034004307817667,32.18517303466797,0.4196791350841522,27.49176597595215,47221.82421875,905.2258911132812,47312.9296875,0.30486524
2014,-128.11257083859945,55.38515114103436,0,205.9527587890625,8.888392448425293,478.7449035644531,9.466934204101562,0.013059395365417,-0.0069810729473829,0.5132070183753967,2.0,9.253317832946776,796.2442626953125,2.0556230545043945,0.0040198834612965,34.12508010864258,-0.346011221408844,60.752811431884766,677.6150512695312,879.4918823242188,681.4089965820312,0.43844083
2015,-118.67094227737948,52.72681106687812,0,164.75807189941406,13.34641170501709,1910.2335205078125,5.8561787605285645,0.0809898972511291,0.031020013615489,0.5547638535499573,2.0,4.147268295288086,918.0916748046876,2.3186638355255127,0.0034252335317432,30.24953842163086,-0.4643635749816894,25.9924430847168,14640.2626953125,7592.31396484375,14658.5732421875,0.08261504
2016,-120.9760607398603,55.9047844986476,0,193.98878479003903,2.4126219749450684,875.2979125976562,7.713224411010742,-0.0161964744329452,0.0162780862301588,0.6964698433876038,2.0,8.09190559387207,517.983642578125,2.9574594497680664,0.0038134399801492,37.81785583496094,0.3634722232818603,41.885231018066406,907.6556396484376,6263.900390625,942.1502075195312,0.28511792
2017,-126.30887950579358,57.81838980067018,0,142.17669677734375,10.968988418579102,1744.7169189453125,5.557566165924072,0.0465510971844196,-0.0190172065049409,0.3328624665737152,2.0,3.705600023269653,658.0165405273438,2.066757202148437,0.003192950040102,29.429243087768555,0.2533333301544189,28.09870147705078,58955.13671875,4823.81591796875,58907.33203125,0.01852088
2018,-131.94015619614447,57.55376293916999,0,,,1496.018798828125,,,,0.0506582744419574,2.0,4.481197834014893,1435.58447265625,2.2718875408172607,0.0034352717921137,29.364702224731445,0.2922759056091308,43.92171478271485,42408.83984375,3827.771240234375,45830.8828125,0.0036086063
2019,-130.11718186081674,53.61650426552031,0,,,,,,,,2.0,,,,,,,,,,,0.17682678
2020,-125.83328982785234,50.21065029693022,0,103.84117126464844,11.690187454223633,606.9042358398438,7.31459903717041,-0.0256478134542703,0.0576012134552001,0.8254525661468506,2.0,11.410317420959473,2007.7716064453125,2.923779249191284,0.005358587950468,43.50187301635742,-1.400976061820984,78.974609375,2614.2802734375,3915.8056640625,2667.9375,0.15410352
2021,-129.40214046195155,54.960863676211936,0,143.5459442138672,12.53477954864502,1264.0953369140625,6.180554389953613,-0.0079816151410341,0.0070734107866883,0.5883736610412598,11.0,5.92284631729126,1773.808349609375,2.8704047203063965,0.0043922648765146,30.54692840576172,-0.6455143094062805,38.65857696533203,9523.0498046875,3200.72119140625,9603.5673828125,0.373279
2022,-120.39560561940309,53.195701668158456,0,,,2191.44287109375,4.691219806671143,0.0342786982655525,-0.0593143142759799,0.1004724279046058,8.0,3.8162953853607178,1071.460205078125,2.7783281803131104,0.0033662321511656,30.809898376464844,-0.1476041674613952,34.25828170776367,7470.0068359375,2912.753662109375,7409.06982421875,0.06757511
2023,-128.2167120555686,53.14378440762648,0,,,1403.205810546875,,,,-0.2236052900552749,11.0,6.332403659820557,2681.095703125,3.4293434619903564,0.0044893277809023,33.004058837890625,-1.0822888612747192,38.225772857666016,32803.21875,4586.7333984375,32877.12890625,0.004652517
2024,-123.7278020335547,50.987115387474496,0,,,,,,,-0.0729150772094726,9.0,4.13510274887085,943.8660278320312,2.580751180648804,0.003177794162184,25.933082580566406,-1.1144791841506958,41.98834991455078,29168.947265625,6780.966796875,29291.23046875,0.017297266
2025,-123.22893446010684,51.06087169185727,0,54.29889297485352,11.0128812789917,2185.04150390625,6.168230056762695,0.049637746065855,-0.0233256295323371,0.0892119258642196,8.0,5.113767147064209,790.3079223632812,2.6123743057250977,0.0032144451979547,26.23221969604492,-1.1209027767181396,42.763763427734375,837.2296752929688,8821.20703125,375.46978759765625,0.15837029
2026,-132.5194776087429,53.197612523187885,0,,,,,0.0297473706305027,0.0273368842899799,0.7929239273071289,2.0,,,,0.0056588491424918,44.588653564453125,-2.182863473892212,44.63189697265625,14435.5927734375,,14635.5888671875,0.041938722
2027,-116.23759006233394,51.29186785327901,0,,,,,,,,11.0,,,,,,,,,,,0.51165277
2028,-128.30745926346628,59.72952245019136,0,207.97930908203125,1.805613398551941,806.7617797851562,7.190053939819336,0.0052032829262316,0.0022678154055029,0.6904332041740417,2.0,5.101603984832764,483.38623046875,1.564419865608215,0.0033380608074367,31.32390022277832,0.171875,67.129638671875,22639.095703125,4929.35400390625,22802.681640625,0.7177762
2029,-124.5227747687235,49.87804882694095,0,231.5323181152344,9.387572288513184,159.5868377685547,7.051660537719727,0.0544666498899459,-0.0259450022131204,0.7565321922302246,7.0,13.397974967956545,1145.5186767578125,3.0412395000457764,0.0059440587647259,47.89975357055664,-1.5853936672210691,99.3638687133789,154.44061279296875,619.2144165039062,461.6525573730469,0.24551013
2030,-132.60149321190744,53.51575613116125,0,54.56959533691406,8.65936279296875,285.5084228515625,9.29137134552002,0.0449646152555942,-0.0071804830804467,0.7508776187896729,2.0,10.146018028259276,2077.268310546875,5.801914691925049,0.0055202436633408,43.18351364135742,-2.061822891235352,38.234493255615234,14161.23046875,5373.91357421875,14117.689453125,0.04261969
2031,-127.52550567347352,54.67192465675927,0,256.1993103027344,6.505457878112793,1196.6029052734375,6.188510894775391,-0.0007888473919592,0.0069482587277889,0.7548161149024963,11.0,6.73983907699585,904.1282958984376,2.402726650238037,0.00378914992325,32.34132385253906,-0.6913915872573853,76.08587646484375,6503.46923828125,6831.29248046875,6547.24755859375,0.7692637
2032,-127.04617954775983,56.1241618642004,0,75.05062103271484,4.713146209716797,968.5259399414062,8.525818824768066,0.0150559078902006,0.0059552243910729,0.6992872357368469,2.0,5.959805965423584,691.2998657226562,2.001539707183838,0.0035832913126796,31.739206314086918,0.2257749438285827,49.868534088134766,58502.31640625,587.6170043945312,15074.7734375,0.45185965
2033,-125.3865520329973,59.931711131479545,0,194.5095367431641,5.879326820373535,1082.8822021484375,7.343156337738037,0.0198245178908109,-0.0123977847397327,0.7082786560058594,2.0,3.956658363342285,572.0624389648438,1.7643728256225586,0.0032703541219234,31.04082298278809,0.5208076238632202,40.15506362915039,42689.12890625,7145.939453125,42627.984375,0.124671906
2034,-120.13910942080255,56.31896536028785,0,265.7503967285156,0.7483953833580017,647.3629760742188,7.07964563369751,0.0024467033799737,0.0019729021005332,0.6661338210105896,2.0,7.255248069763184,479.1080627441406,3.2005178928375244,0.0037898230366408,36.36115264892578,0.4147222340106964,38.47501754760742,1267.8551025390625,1940.7188720703125,1099.3775634765625,0.23532142
2035,-129.74939172969735,56.075728165978006,0,118.0105438232422,11.183751106262209,,,-0.0244485531002283,0.045768816024065,-0.0629184693098068,9.0,4.61625337600708,1611.7958984375,2.32876968383789,0.0037439374718815,27.42838478088379,-0.2430917024612426,48.51957702636719,4634.2158203125,4585.6171875,4802.52734375,0.013533688
2036,-126.59453205946087,58.926651033624864,0,38.11587142944336,14.08794116973877,1346.310302734375,6.5013933181762695,0.0061768325977027,0.0062622679397463,0.6507388353347778,2.0,4.113651275634766,606.1605834960938,1.7681422233581543,0.0032161043491214,30.1469841003418,0.5343809723854065,33.36492156982422,47357.2265625,2849.905517578125,47402.98046875,0.04487981
2037,-123.16938973352816,55.174094770591424,0,227.8259429931641,2.0303258895874023,733.5046997070312,7.638147354125977,0.0015090383822098,-0.002685425337404,0.5950267910957336,2.0,8.584304809570312,677.5753173828125,2.121654510498047,0.0040316814556717,33.67213439941406,-0.1959775388240814,42.49822998046875,1381.1112060546875,950.4593505859376,1165.048583984375,0.5555924
2038,-121.30601962754308,54.26382836267418,0,276.4958190917969,13.877227783203123,1446.462646484375,5.284681797027588,0.0162456128746271,0.0036938241682946,0.737189769744873,2.0,7.416099071502685,967.5865478515624,2.6247317790985107,0.0040846979245543,38.29135513305664,0.844963014125824,43.174922943115234,7753.369140625,4207.05859375,7698.1474609375,0.075004146
2039,-129.0694042548427,56.73976577817511,0,73.09368133544922,11.499835014343262,979.7061767578124,5.312232494354248,0.0183232445269823,0.0174299720674753,0.7769730091094971,2.0,5.268686294555664,913.4057006835938,1.8736788034439087,0.003481897059828,29.65056037902832,0.1232374534010887,35.38911056518555,35091.43359375,632.6781616210938,35171.9453125,0.045690604
2040,-121.5088746204756,53.36200928396149,0,111.53382873535156,3.636035442352295,1043.2186279296875,7.2356414794921875,0.0148987090215086,-0.002524888375774,0.7487768530845642,2.0,9.10694694519043,952.2030639648438,2.381561040878296,0.0041594519279897,40.080997467041016,0.2093282490968704,45.41595458984375,486.6896667480469,1421.1959228515625,553.2036743164062,0.15560001
2041,-121.1183358038558,53.73655675701189,0,75.2264633178711,1.0803309679031372,803.8133544921875,7.57897138595581,-0.006949181202799,0.0011050817556679,0.7809101939201355,2.0,10.157753944396973,907.617919921875,2.2393040657043457,0.0043046190403401,40.26426696777344,0.1974493861198425,38.23754119873047,478.39990234375,1805.9093017578125,403.326904296875,0.066903934
2042,-129.8729158036353,57.91220690883959,0,44.87028121948242,5.1303558349609375,1551.0302734375,6.604791641235352,-0.0150168389081954,-0.0021139143500477,0.5727171301841736,9.0,5.362992286682129,659.1279907226562,2.090882539749145,0.0034294526558369,30.790624618530277,0.9268714785575868,51.12102127075195,9455.3212890625,9512.013671875,9419.0947265625,0.24954872
2043,-131.81057425685353,53.17597856289687,0,,,96.5168228149414,6.145161151885986,,,0.8058863282203674,2.0,,,,,,,,1015.8214721679688,22940.982421875,,0.29760712
2044,-123.71765534263945,56.93212745970629,0,188.0626678466797,13.526803016662598,1664.678466796875,5.275373458862305,0.0592882558703422,-0.0105388453230261,0.5055816173553467,11.0,3.164438009262085,730.0989990234375,2.6016058921813965,0.003135887440294,29.283409118652344,0.2028124928474426,29.062889099121094,24491.78515625,674.2786865234375,24385.794921875,0.31167215
2045,-120.27535657817783,55.9605942085338,0,57.8711166381836,2.161511182785034,700.9119262695312,8.396177291870117,0.004629866220057,-0.0007552329916507,0.6363794803619385,5.0,8.331916809082031,486.1104431152344,3.0873236656188965,0.0038341290783137,36.89149475097656,0.2901240885257721,35.9674072265625,390.9944458007813,6227.82275390625,384.0400695800781,0.22926259
2046,-120.81251363110724,56.83072479335632,0,194.4747009277344,2.579566478729248,650.6290893554688,8.995665550231934,-0.0096803167834877,0.027980800718069,0.7225376963615417,2.0,6.29118537902832,473.9876403808594,2.9961752891540527,0.0038060382939875,35.25785446166992,0.177588865160942,33.6267204284668,5805.6337890625,478.7415771484375,5944.0654296875,0.35883367
2047,-127.2650267349095,56.04356039543016,0,175.50099182128906,13.848627090454102,1875.3934326171875,5.659235954284668,0.0148265967145562,-0.0021292245946824,-0.1892473995685577,9.0,3.580463409423828,862.0150146484375,2.56801700592041,0.0034233019687235,28.398099899291992,0.0015797266969457,58.98267364501953,43482.421875,7313.75341796875,31346.90625,0.0021815484
2048,-126.54405318961987,51.45259679182629,0,275.3971862792969,18.12969017028809,1122.5687255859375,5.945496559143066,0.0439062863588333,-0.022916505113244,0.7590457201004028,2.0,6.5597100257873535,1626.1630859375,2.779457092285156,0.0043201264925301,32.03593063354492,-0.9688182473182678,58.18653106689453,38149.47265625,3232.7666015625,30714.197265625,0.07480797
2049,-136.9518082840227,59.4149706827991,0,224.9376373291016,22.70078659057617,862.3364868164062,6.562419891357422,0.0139347175136208,0.0150511069223284,0.5690961480140686,2.0,4.08758020401001,1117.224365234375,3.232340097427368,0.0029815130401402,26.414634704589844,-1.1897804737091064,42.82672500610352,30449.90234375,867.3193969726562,30436.42578125,0.13241333
2050,-127.9446227242628,59.71291810802478,0,251.14556884765625,1.2992422580718994,690.93603515625,8.350129127502441,-0.0012647521216422,0.0013166692806407,0.6103069186210632,2.0,4.541305065155029,483.9827880859375,1.4899297952651978,0.0033251671120524,31.149600982666016,0.1398389488458633,61.34635925292969,26640.08203125,1115.8519287109375,26686.638671875,0.6207355
2051,-125.06054193496796,50.89404926938024,0,52.81789016723633,30.0411434173584,1345.6773681640625,4.947543144226074,-0.1090098619461059,0.0871107056736946,0.5187488198280334,2.0,7.108132839202881,1029.1883544921875,2.49265193939209,0.0042580072768032,31.163928985595703,-1.3050347566604614,81.81890869140625,63881.06640625,1547.29345703125,36181.484375,0.3592129
2052,-121.09422746559484,54.12835508896245,0,,,1919.0572509765625,6.0937581062316895,,,0.2167071104049682,11.0,5.749302864074707,1002.8328857421876,2.774491786956787,0.0038288198411464,35.42572784423828,0.5479977130889893,41.09236526489258,5660.8779296875,3901.57666015625,5759.296875,0.034540273
2053,-124.62975501478572,50.51310449579316,0,,,,,,,0.7392308115959167,2.0,9.172954559326172,1164.134521484375,2.53240966796875,0.0047298143617808,34.903804779052734,-1.364643931388855,91.27020263671876,47234.5078125,932.6646728515624,8663.9892578125,0.17902288
2054,-124.2679266010144,52.43529660932585,0,93.78372955322266,3.7979564666748047,1137.2757568359375,7.777347087860107,-0.0049777496606111,0.010604646988213,0.5291386246681213,11.0,10.252939224243164,363.7510986328125,2.090798139572144,0.0038032287266105,28.48810577392578,-1.164236068725586,30.06458282470703,1184.5738525390625,4796.2822265625,981.0640258789062,0.82953674
2055,-125.5093763060768,54.72908897960919,0,242.889404296875,1.154981255531311,825.36376953125,6.797083377838135,-0.0151844853535294,0.0231587011367082,0.7078990340232849,2.0,8.331963539123535,496.6421203613281,1.960093140602112,0.0040214895270764,33.10142517089844,-0.8559294939041138,55.25497817993164,15606.4130859375,3553.906982421875,15848.9443359375,0.67061853
2056,-127.87818031885551,54.88827877248278,0,104.57408905029295,13.94865894317627,1525.537353515625,5.673786163330078,0.0218535028398036,-0.0346358902752399,0.2445683181285858,2.0,5.532754421234131,1075.321044921875,2.517596960067749,0.0038716073613613,30.856529235839844,-0.6367247700691223,74.63917541503906,13477.7451171875,2943.956298828125,13609.8125,0.049973622
2057,-120.04311368368208,55.16774497909325,0,75.7557601928711,1.1051591634750366,894.0612182617188,8.704449653625488,-0.0002046544977929,0.0041694501414895,0.6863802075386047,2.0,9.011701583862305,514.2410888671875,2.9018681049346924,0.003916188608855,38.579471588134766,0.306687593460083,42.92731094360352,3265.751708984375,12843.6767578125,3281.9990234375,0.20246649
2058,-126.1164473070434,56.4467951762626,0,241.5514373779297,7.212375640869141,1950.8040771484373,5.022491455078125,-0.1051226109266281,0.0725084990262985,0.1665481925010681,8.0,3.6009361743927,712.0030517578125,2.3466179370880127,0.0032709634397178,28.594268798828125,0.0532291680574417,33.40964126586914,54928.7109375,10237.9443359375,43982.26953125,0.004586541
2059,-125.57314000227588,50.25198730454457,0,230.5856475830078,6.806828498840332,357.7913818359375,6.702652454376221,0.0094827311113476,0.02354097366333,0.7325448989868164,2.0,12.056148529052734,1878.865966796875,2.9555435180664062,0.0055439206771552,45.268104553222656,-1.4445505142211914,84.6198501586914,597.4049682617188,1926.2554931640625,499.8084106445313,0.16372462
2060,-131.60668329909558,57.243538774474814,0,135.83639526367188,19.65767478942871,1229.31982421875,5.5771098136901855,0.0264182351529598,-0.0599047169089317,0.2247727960348129,9.0,6.316629886627197,1381.83642578125,1.9048155546188357,0.0037723600398749,30.68566131591797,0.0941227301955223,44.874359130859375,66059.53125,2492.716796875,68711.984375,0.011885876
2061,-132.8299294777951,57.91553170606237,0,268.1929016113281,4.123805999755859,1500.235107421875,8.433545112609863,0.0107406396418809,-0.0033979665022343,-0.1555473208427429,9.0,2.717435359954834,1659.576904296875,2.6885581016540527,0.0032475460320711,24.1448917388916,0.38569176197052,32.56797409057617,84121.515625,10848.861328125,86389.328125,0.0027386525
2062,-126.80808869217104,57.360908810582,0,48.70711135864258,11.534829139709473,1471.6927490234375,4.232961654663086,-0.033545646816492,0.0136152384802699,0.7268526554107666,2.0,4.4049458503723145,642.9319458007812,1.9683091640472408,0.0032247356139123,29.712215423583984,0.146630197763443,27.129255294799805,70622.1328125,1724.088623046875,70642.1875,0.026204811
2063,-124.38294929840184,51.83946016598391,0,215.75704956054688,5.918689727783203,1549.8865966796875,6.734950542449951,0.0001172170523204,-0.0035585123114287,0.6259868741035461,2.0,10.015941619873049,396.8074645996094,1.964131593704224,0.0038491054438054,28.742494583129883,-1.4321125745773315,39.289329528808594,2414.944091796875,5507.6923828125,2286.43701171875,0.31318563
2064,-126.93284610700184,57.27334556514881,0,153.45701599121094,16.058269500732422,1559.7373046875,4.654269695281982,0.0085032358765602,-0.0043893652036786,0.4727570712566376,11.0,3.947366714477539,679.9761962890625,2.0837738513946533,0.0032330411486327,29.67300033569336,0.2034375071525573,27.988008499145508,79653.34375,6373.0537109375,79654.859375,0.10661936
2065,-131.30716560707307,58.75393854054874,0,227.37327575683597,2.779247760772705,955.9624633789062,5.9434661865234375,0.012525575235486,-0.0079960254952311,0.6809512972831726,1.0,5.323071479797363,557.9951782226562,2.0282142162323,0.0033879908733069,29.956485748291016,0.4887642860412597,49.512939453125,68853.640625,796.3629150390625,68716.7265625,0.59992224
2066,-127.27407002512976,51.81750658302285,0,276.5200500488281,21.824995040893555,839.60302734375,5.154979705810547,-0.0039007954765111,0.0505656227469444,0.7710617780685425,2.0,9.282923698425291,2544.2783203125,3.56305193901062,0.0050579402595758,40.62840270996094,-0.8146180510520935,44.023433685302734,15318.353515625,2028.1885986328125,15194.322265625,0.047575887
2067,-126.1493960993741,59.993969818772456,0,,,,,,,0.7467311024665833,,4.009359836578369,526.4696655273438,1.5334537029266355,,30.667667388916016,0.2503356635570526,34.075294494628906,,6233.564453125,21041.806640625,0.010199335
2068,-128.41729616424576,56.75955038069795,0,241.8397674560547,7.809167861938477,1583.9869384765625,6.073255062103272,0.0635184869170188,0.0125666996464133,0.4572834074497223,2.0,4.652023315429688,846.0537109375,2.107550859451294,0.0034537813626229,29.852712631225582,0.3548562824726105,37.50495147705078,68600.609375,4853.36474609375,65771.5859375,0.063446656
2069,-125.520630081215,57.02216633997739,0,124.41616821289062,12.08774757385254,1747.3973388671875,5.241240501403809,0.0454435721039772,-0.0468689054250717,0.4947079420089721,2.0,3.764331579208374,658.4118041992188,2.2425193786621094,0.0031499103643,29.551025390625,0.0406937785446643,38.90274810791016,19059.810546875,10062.228515625,19069.529296875,0.007578582
2070,-125.14460274904415,56.92852420165736,0,120.5819320678711,4.432991027832031,1025.6842041015625,7.424895763397217,-0.0170047730207443,0.0413437709212303,0.6129369139671326,2.0,6.378712177276611,497.36083984375,1.7444697618484497,0.0035174004733562,30.211759567260746,0.1661117970943451,26.074369430541992,5710.125,6080.52490234375,5761.23974609375,0.38593388
2071,-120.5805011782538,49.88361946797068,0,132.2509765625,8.773777961730957,1147.585205078125,4.4489336013793945,-0.0317345485091209,0.0317539535462856,0.69154292345047,2.0,10.641499519348145,395.08489990234375,2.306922435760498,0.0041435998864471,29.06985282897949,-1.1569401025772097,44.733177185058594,1726.880126953125,4365.0810546875,1824.2911376953125,0.5327569
2072,-126.64631487547857,56.512244567149104,0,109.38931274414062,20.94268226623535,1574.740234375,5.449087619781494,0.0857006534934043,-0.0974556282162666,0.1140387579798698,11.0,5.309435844421387,674.6967163085938,2.064321517944336,0.0034454215783625,30.63597297668457,0.2522921562194824,30.206172943115234,88273.390625,3066.953369140625,37608.02734375,0.019905243
2073,-124.04186567998448,55.71959618582122,0,119.2555160522461,4.962180137634277,988.9489135742188,5.865816593170166,0.0289592482149601,-0.0107467453926801,0.591667115688324,2.0,7.155019283294678,590.4874267578125,2.0389926433563232,0.0037885329220443,33.006622314453125,-0.1565084308385849,40.97191619873047,3376.733154296875,6892.822265625,3353.739990234375,0.4598823
2074,-126.63428046470692,49.89297155344907,0,,,548.9810791015625,5.922935962677002,,,0.8129728436470032,2.0,,,,,46.433223724365234,-1.4967708587646484,62.10879898071289,2037.440673828125,2229.31103515625,2105.750732421875,0.41204855
2075,-122.80845189688814,58.56780452779825,0,286.5761413574219,4.843478679656982,386.8873291015625,6.904289722442627,0.0134442439302802,-0.0032720065210014,0.7075361609458923,2.0,6.25461483001709,512.0972290039062,1.925069808959961,0.0038139135576784,37.54022979736328,-0.1761458367109298,84.7667236328125,6617.4580078125,598.8939819335938,6678.283203125,0.124102026
2076,-127.39721575437078,50.5344199113335,0,72.09359741210938,1.8355149030685425,118.05426788330078,10.826805114746094,0.0127846347168087,-0.0112786637619137,0.8491636514663696,2.0,11.98296356201172,2415.692626953125,4.267604827880859,0.005900623742491,46.19931411743164,-1.0873943567276,67.98419189453125,219.8679351806641,883.6543579101562,69.60078430175781,0.10310393
2077,-130.67449002598613,58.98349182034065,0,91.43258666992188,3.106461524963379,1152.5753173828125,8.019110679626465,0.009375212714076,-0.0045050526969134,0.6117824912071228,2.0,4.002499103546143,577.1552734375,2.012401342391968,0.0032579761464148,28.956687927246094,0.6219580173492432,40.97514724731445,38433.859375,984.158203125,38518.984375,0.25982723
2078,-122.55642231837078,49.70312268436716,0,101.09978485107422,10.273341178894045,1719.71142578125,,-0.0475651063024997,0.0647537782788276,0.2568738460540771,9.0,7.475882530212402,1470.8172607421875,2.23781967163086,0.0046226335689425,34.03520965576172,-0.9932639002799988,85.09892272949219,19875.2265625,2872.688232421875,9398.3525390625,0.01970709
2079,-125.85840768846596,51.52290655046629,0,179.07814025878906,5.630473136901856,1296.347412109375,7.986534595489502,0.0266414918005466,0.0131588252261281,-0.1110874861478805,9.0,6.018546581268311,1057.6614990234375,2.308591842651367,0.0035157203674316,29.436452865600582,-1.041979193687439,54.3508415222168,65120.62109375,14729.0263671875,40208.25,0.04211184
2080,-122.71315933083598,56.97633724743943,0,165.74795532226562,3.3844199180603027,954.76904296875,7.904449462890625,-0.0119767133146524,0.0038052026648074,0.6639497876167297,2.0,6.574889659881592,603.94677734375,2.3854691982269287,0.0035095131024718,37.36098098754883,0.0468275398015975,42.46306228637695,3159.111083984375,1888.349365234375,3297.677734375,0.5955075
2081,-127.3024526698371,54.724183295707626,0,114.09813690185548,2.330840826034546,912.5279541015624,6.420494556427002,-0.0014323757495731,0.0131629090756177,0.7211306095123291,2.0,8.168119430541992,704.2552490234375,2.248671531677246,0.0038463128730654,33.239707946777344,-0.8422569632530212,72.40557861328125,2111.080322265625,1955.025146484375,1957.7625732421875,0.5044143
2082,-131.48466510438683,58.20827098677492,0,198.5520477294922,10.828380584716797,985.0698852539062,7.270896434783935,-0.0232950933277606,-0.0111140133813023,0.5217483043670654,2.0,6.016424179077148,713.5946044921875,2.097390651702881,0.0033702193759381,31.21066665649414,0.5836722254753113,54.01497268676758,28475.75,1002.7169189453124,28618.845703125,0.589547
2083,-118.32603777497552,52.51627786046797,0,167.18679809570312,8.395748138427734,2176.291748046875,6.230580806732178,-0.0633159801363945,0.0005725236260332,0.2061994075775146,11.0,3.1155593395233154,967.8114013671876,2.452204942703247,0.0033270546700805,29.13170051574707,-0.730512797832489,25.801193237304688,26658.609375,11795.7431640625,26847.97265625,0.18058738
2084,-125.2945560068852,51.03510004139648,0,179.8409881591797,11.435084342956545,2198.416015625,5.2654523849487305,0.0073789358139038,0.0323392562568187,-0.1070160195231437,9.0,4.880770683288574,1098.8731689453125,2.555473804473877,0.0039203129708766,28.337491989135746,-1.248422145843506,77.00102996826172,60761.28515625,8500.97265625,54289.34375,0.003945847
2085,-127.23050537527293,52.72065897224457,0,,,,,,,0.1132803782820701,2.0,5.8472442626953125,1958.7220458984373,3.0840914249420166,0.004351491574198,31.64127349853516,-0.8526735901832581,49.48333740234375,47131.73828125,4162.68359375,47117.234375,0.003640877
2086,-122.53365922847868,53.90944531461654,0,302.86114501953125,4.134333610534668,747.8167724609375,7.751832008361816,0.0039624199271202,0.0022490262053906,0.4300735592842102,2.0,10.221193313598633,676.8013916015625,2.2451837062835693,0.004205766133964,38.84612655639648,-0.1634495109319687,65.16246032714844,507.81683349609375,768.5153198242188,545.6263427734375,0.091226906
2087,-128.80189683771852,57.10053442252265,0,,,1860.1585693359373,4.847054958343506,,,0.3525512218475342,8.0,3.38135027885437,890.2417602539062,2.278648853302002,0.0032333233393728,27.402324676513672,0.3950694501399994,34.23177719116211,73506.96875,8766.3291015625,73451.6796875,0.004875253
2088,-128.09087301220575,56.81886918522781,0,159.6433563232422,11.478066444396973,1049.8057861328125,7.0731401443481445,0.0161945987492799,0.0001371812686556,0.8094750046730042,2.0,5.674957275390625,720.2047729492188,1.9076017141342163,0.0034951840061694,30.601423263549805,0.4592725336551666,32.14859390258789,89839.7265625,887.5040283203125,69969.4375,0.27834925
2089,-133.4569212655475,59.63287725893503,0,217.8108062744141,10.87135887145996,1102.926025390625,6.770242691040039,0.016396040096879,0.022107757627964,0.569423258304596,11.0,4.20513391494751,507.6847839355469,2.64380145072937,0.0033134943805634,28.823827743530277,-0.2431132644414901,59.74658203125,1359.95751953125,1188.7935791015625,1473.7537841796875,0.73622566
2090,-125.5987987108106,51.38864850853694,0,80.1567153930664,14.199719429016112,1603.111083984375,6.208248138427734,0.025390138849616,-0.0381234884262084,0.3648943603038788,9.0,7.359167575836182,947.8844604492188,2.2971296310424805,0.0041215335950255,29.462596893310547,-1.1179935932159424,50.49576950073242,61659.078125,5037.77001953125,47641.3671875,0.29163998
2091,-130.03780052084653,56.0651551291443,0,135.86907958984375,7.06156587600708,330.90301513671875,9.322471618652344,0.05741448700428,0.0028541802894324,0.7066401243209839,1.0,7.8504638671875,1780.6416015625,2.267866611480713,0.0038226530887186,33.18600845336914,-0.3585458397865295,40.67975997924805,268.4870300292969,2017.95556640625,200.75526428222656,0.36648673
2092,-129.59518738241164,59.304843513773015,0,112.79454040527344,16.816892623901367,1744.1455078125,5.521931171417236,-0.0681876540184021,0.058785680681467,0.3189578354358673,11.0,3.3940391540527344,675.556884765625,2.050806999206543,0.0030165978241711,28.72635269165039,0.4824652671813965,67.78913116455078,3548.960205078125,4207.68701171875,3399.570556640625,0.020246342
2093,-129.33319928600025,55.52762201632801,0,148.70578002929688,22.46930694580078,1081.9334716796875,5.242790222167969,0.0959295406937599,-0.0408040359616279,0.6242305040359497,11.0,6.942159175872803,1525.1148681640625,2.641785860061645,0.0040569482371211,32.40293502807617,-0.4797282218933105,53.98486328125,8711.814453125,3888.75537109375,8842.3984375,0.5444494
2094,-127.74253721540433,56.9088487264379,0,73.18323516845703,17.135807037353516,1644.1466064453125,5.947789669036865,0.006287483498454,-0.0285271164029836,0.210288718342781,11.0,4.329921722412109,754.2723388671875,2.132051944732666,0.0033758298959583,29.682750701904297,0.4874346554279327,32.90283203125,113502.7890625,2943.544677734375,83814.6953125,0.012024984
2095,-136.47823380070213,59.37007109493207,0,,,,,,,,9.0,,,,,,,,,,,0.17682678
2096,-128.6179258404077,52.55414250640104,0,221.94419860839844,2.8649275302886963,81.88285827636719,6.336438655853272,-0.0029726754873991,0.0037774418015033,0.7233838438987732,2.0,10.968568801879885,3878.192138671875,4.375483989715576,0.00557526294142,47.794471740722656,-1.1252398490905762,32.115692138671875,7253.49853515625,1016.3225708007812,7325.39453125,0.06853197
2097,-127.61753369293056,52.73870554207591,0,,,,,,,-0.0713594332337379,9.0,6.223052501678467,2544.886474609375,3.288536787033081,0.0045057730749249,32.9562873840332,-0.8616582751274109,43.64391708374024,42823.76953125,1982.0810546875,25834.890625,0.0038638387
2098,-131.36665833692794,58.13817497608745,0,220.9618988037109,7.172296524047852,639.2894897460938,7.079310894012451,0.0415156409144401,-0.0205227676779031,0.5718867778778076,11.0,7.031510353088379,606.64013671875,1.9668482542037964,0.0034234537743031,30.8472843170166,0.3148970007896423,52.18174362182617,18276.6875,710.4097290039062,18223.81640625,0.92000306
2099,-128.90149662217254,59.01511300401325,0,106.69625091552734,9.677716255187988,1701.62353515625,4.947608947753906,0.047320757061243,-0.0205343049019575,0.5047659873962402,2.0,3.172760009765625,688.3191528320312,2.102355718612671,0.0031071221455931,28.44958877563477,0.5660611987113953,60.166805267333984,37918.31640625,6503.310546875,27211.46875,0.004314149
2100,-126.42656979274966,51.144622290723696,0,176.42576599121094,21.361522674560547,1353.6348876953125,5.133602142333984,0.0011772961588576,-0.0588176026940345,0.6725038886070251,11.0,8.780993461608887,1667.9365234375,2.9723074436187744,0.0047541474923491,35.835872650146484,-0.9248132109642028,61.13793182373047,25514.962890625,2721.3359375,18320.59375,0.13403152
2101,-130.1460714018323,59.60962553261707,0,310.7547302246094,22.415393829345703,1508.7952880859375,6.991459369659424,0.023434380069375,0.0087532298639416,0.6648074984550476,2.0,3.2091288566589355,664.2804565429688,2.225916862487793,0.0030106978956609,28.536401748657227,0.3670408427715301,70.6124496459961,40184.1796875,1583.9398193359375,40141.98046875,0.005599887
2102,-128.0687453186109,50.7939460657154,0,93.4056625366211,3.724845170974731,280.3164367675781,7.148092269897461,0.0209867041558027,-0.0113821281120181,0.588437557220459,11.0,11.099231719970703,2550.171875,4.849648952484131,0.0059774490073323,46.311222076416016,-0.9792361259460448,51.13367462158203,5096.98828125,6227.1123046875,4944.94140625,0.1018015
2103,-128.23334036508908,57.206410949152726,0,98.13214874267578,11.135600090026855,1515.2762451171875,5.395318508148193,0.0669375285506248,0.0103192795068025,0.5521836876869202,11.0,3.634214162826538,783.831787109375,2.190541982650757,0.0032350162509828,28.671825408935547,0.4955557286739349,34.80762481689453,108745.6953125,3394.975341796875,108686.796875,0.026669841
2104,-123.40334949635948,50.879416521942105,0,208.68511962890625,14.528423309326172,1424.1041259765625,4.965561866760254,0.0299610327929258,-0.0155066642910242,0.7518770098686218,2.0,7.5163068771362305,730.4768676757812,2.079509735107422,0.0034539985936135,27.91938591003418,-1.0776729583740234,39.206390380859375,23828.185546875,2414.788330078125,23731.56640625,0.72526485
2105,-131.35644803571242,57.37125062783614,0,200.2035675048828,8.232590675354004,1009.1868896484376,6.866950988769531,0.0114644644781947,0.0065195970237255,0.0176738630980253,9.0,3.785107135772705,1348.634521484375,2.3018338680267334,0.0031604904215782,27.455154418945312,0.1745063811540603,55.64016342163086,51112.5703125,7326.66162109375,53005.8046875,0.004548011
2106,-127.78836934614924,52.54077405685448,0,,,472.2341613769531,7.257189273834228,-0.0464630611240863,-0.0127805201336741,0.5479794144630432,1.0,8.871007919311523,3171.3984375,3.6728286743164062,0.0050886324606835,41.07694625854492,-0.8117764592170715,37.991477966308594,20144.357421875,3146.4892578125,20107.03125,0.023624837
2107,-132.5462393128564,58.116784201195394,0,,,1905.1300048828125,6.129642486572266,-0.0065050167031586,0.0180334541946649,-0.0533219054341316,9.0,2.657190322875977,1385.1412353515625,2.49426794052124,0.0031422092579305,24.801973342895508,0.5041072964668274,41.09877014160156,74386.546875,12803.015625,75837.15625,0.0024402216
2108,-123.51955508695094,56.75534297137765,0,230.6536865234375,4.106975078582764,1815.70556640625,5.092299461364746,0.0331820882856845,-0.0219242293387651,0.5781581997871399,2.0,3.896328926086426,730.0883178710938,2.52177357673645,0.0032055561896413,31.588350296020508,0.3263746500015259,32.80173110961914,29931.0,3442.0302734375,29804.00390625,0.011148938
2109,-124.2914506670891,49.93316357026557,0,278.2645874023437,5.478614807128906,254.44081115722656,10.6057767868042,0.0239299982786178,-0.0006055177072994,0.7773757576942444,1.0,12.111310005187988,1440.052001953125,2.5958168506622314,0.0056254565715789,45.52853012084961,-1.3974831104278564,95.92462158203124,2696.276611328125,1305.8587646484375,2518.47119140625,0.3473912
2110,-125.8304012001612,54.40929841081903,0,245.78990173339844,1.4470710754394531,1056.4493408203125,9.48196029663086,0.0058390237390995,0.0039845649152994,0.6867584586143494,2.0,8.054339408874512,515.629150390625,2.0989694595336914,0.0039642103947699,33.809852600097656,-0.9860871434211732,70.34259796142578,4278.85986328125,7869.47265625,4159.35009765625,0.47910815
2111,-120.18899321344573,55.79550643431397,0,97.9260711669922,1.5833460092544556,734.501953125,7.945294380187988,-0.0002624896878842,0.0024020883720368,0.4320813119411468,5.0,8.58202838897705,492.9391479492188,3.049235582351685,0.0038279073778539,37.51399230957031,0.250243067741394,35.7946662902832,523.8717651367188,750.5810546875,511.5408325195313,0.20863248
2112,-119.09194812347631,50.39381267037045,0,244.8162384033203,5.01207971572876,1602.4970703125,6.662960052490234,-0.0007868385873734,0.0072052641771733,0.7748817205429077,2.0,8.723593711853027,835.9891357421875,2.3539040088653564,0.0044398824684321,36.96038818359375,-1.152767539024353,71.56426239013672,2497.92724609375,11870.556640625,2667.74853515625,0.6848884
2113,-127.27669012786728,56.590734201170825,0,205.0296630859375,10.978618621826172,1169.963623046875,5.876667499542236,0.0008766103419475,0.030118940398097,0.7248011827468872,2.0,5.516349315643311,700.2719116210938,2.010668992996216,0.0035023416858166,30.80817985534668,0.2687811851501465,35.666358947753906,101584.4375,674.5111083984375,51267.02734375,0.45650655
2114,-131.5345405062952,56.84996221002336,0,,,,,,,-0.409474641084671,9.0,3.610952615737915,1930.0584716796875,2.3884201049804688,0.0037533957511186,26.16958999633789,0.0834802016615867,38.616172790527344,80348.671875,7211.0478515625,80462.5234375,0.0038807902
2115,-131.9799381470145,57.09484703827098,0,342.6064147949219,23.06283187866211,951.5020141601562,5.839648723602295,0.1111944168806076,-0.0122396619990468,-0.1959381401538849,9.0,4.62156867980957,1840.0128173828125,2.1536574363708496,0.0035018599592149,27.80517578125,0.1876388937234878,35.9415397644043,88438.75,6254.46826171875,91566.921875,0.0044361926
2116,-130.76656996096943,56.95222896148371,0,280.597412109375,23.07261657714844,812.2179565429688,5.337971687316895,0.0360933430492877,-0.0098890298977494,0.7364723682403564,2.0,6.396392345428467,1339.9581298828125,1.834115982055664,0.003460087114945,30.87451171875,0.0068685486912727,42.212039947509766,31479.9296875,1415.2403564453125,31598.576171875,0.036008913
2117,-125.75728794107002,50.30938063503551,0,173.5281219482422,10.832172393798828,855.593994140625,7.356034278869629,0.0172289460897445,-0.072867140173912,0.7928771376609802,2.0,9.742304801940918,1745.04833984375,3.1269514560699463,0.0054841204546391,38.88766860961914,-1.4297069311141968,79.57666015625,3073.2880859375,6124.35693359375,3009.009033203125,0.0725019
2118,-125.6112044705014,58.8992283995426,0,160.1529083251953,15.37624740600586,,,0.0209704171866178,0.021611051633954,0.0996068567037582,8.0,2.565563201904297,683.4675903320312,2.1378962993621826,0.003101967042312,27.21577835083008,0.2764930427074432,39.49343490600586,9171.640625,1897.2994384765625,9163.984375,0.020148553
2119,-122.77323049777688,49.59235272662899,0,53.43740463256836,7.361342430114746,1395.6219482421875,5.147994041442871,-0.1351216584444046,0.150392547249794,0.5603966116905212,2.0,8.211896896362305,1684.7938232421875,2.3933467864990234,0.0050208177417516,35.52508544921875,-0.9887847304344176,88.94769287109375,8930.669921875,745.3812866210938,9026.9189453125,0.3127214
2120,-126.2454857507,50.20619195285239,0,158.88345336914062,15.534939765930176,706.6869506835938,5.229637145996094,0.0628816783428192,-0.0143640162423253,0.8410931825637817,2.0,8.927165985107422,2204.653564453125,3.004323482513428,0.0050702169537544,37.918243408203125,-1.2677761316299438,72.43046569824219,8736.0439453125,780.1806030273438,8867.6689453125,0.1348806
2121,-128.77972413545163,57.58548247649713,0,277.6168518066406,16.385007858276367,1468.4822998046875,6.312203884124756,0.0455869175493717,-0.0013766841730102,0.6784709692001343,2.0,3.9563825130462646,723.4764404296875,2.099437952041626,0.0031647423747926,29.36273765563965,0.5902155637741089,43.89349365234375,68760.03125,2424.448486328125,68783.4765625,0.008574667
2122,-125.92257139691236,59.864044048312586,0,196.0626373291016,4.240955829620361,1248.88818359375,7.197497367858887,0.0014537324896082,-0.0081014549359679,0.686683714389801,2.0,3.442272186279297,576.00439453125,1.7637505531311035,0.0031904450152069,30.174938201904297,0.4631249904632568,35.987159729003906,17081.287109375,4559.7392578125,16992.419921875,0.036090933
2123,-126.5675412768601,50.46761495694268,0,269.81396484375,23.35443115234375,444.766845703125,5.095461845397949,0.0228361673653125,0.0070305857807397,0.8011283278465271,2.0,10.471406936645508,2219.168701171875,3.679402112960816,0.0055271293967962,44.1848030090332,-1.1356325149536133,70.41484832763672,12265.8720703125,1138.1094970703125,12305.22265625,0.1418863
2124,-124.75489005387224,58.32033427936343,0,,,,,0.0665016174316406,-0.0696452185511589,0.0205467529594898,8.0,1.538202166557312,734.5404052734375,2.530526161193848,0.0028239809907972,25.851036071777344,0.3731959760189056,30.80040740966797,36545.296875,2182.296142578125,36389.21875,0.008404549
2125,-129.44531662527072,58.12299501166946,0,245.39979553222656,16.72373390197754,1688.9344482421875,5.512203216552734,-0.0061781876720488,-0.0189004242420196,0.6237897276878357,8.0,3.448337316513061,713.4683227539062,2.193532705307007,0.0030811512842774,27.86264419555664,0.7325448989868164,46.77568817138672,25480.703125,8791.7265625,25403.583984375,0.0039589554
2126,-122.70692751793396,54.1662991804788,0,107.14134979248048,2.0746169090271,650.1261596679688,7.766048431396484,0.0160137396305799,-0.0092536993324756,0.7434452772140503,2.0,9.99417495727539,656.729736328125,2.1923258304595947,0.0042582233436405,37.630001068115234,-0.3203632533550262,60.87948989868164,2076.9013671875,107.65166473388672,2193.13818359375,0.13864496
2127,-129.3810571530144,57.03345049368855,0,47.11991882324219,9.780383110046388,1619.562255859375,6.588327407836914,0.0108580505475401,0.0102457040920853,0.2190051823854446,9.0,3.555548429489136,979.1043701171876,2.107086420059204,0.0032832480501383,26.878564834594727,0.2905266880989074,34.87761688232422,41667.73828125,3396.34765625,41767.67578125,0.0044028275
2128,-133.3503826023166,58.95403037200053,0,142.1608123779297,16.264554977416992,1509.4722900390625,5.28240966796875,-0.02869164198637,0.088905245065689,0.1785921603441238,8.0,4.990267276763916,942.1336669921876,2.456727266311645,0.0034600598737597,30.766101837158203,0.2896501123905182,81.43359375,48857.25390625,6745.134765625,48871.4765625,0.0045906943
2129,-127.86137777181142,52.434524620165625,0,,,,,0.0532080605626106,0.0127193899825215,0.7257388830184937,2.0,9.79788875579834,3369.177734375,3.9203310012817374,0.0053253099322319,44.75179672241211,-0.8584111928939819,36.55252456665039,12157.392578125,1867.0931396484373,12392.064453125,0.040087376
2130,-125.06800230387232,58.17161819176061,0,283.2694091796875,18.02194595336914,2055.818359375,5.091977119445801,-0.0571203902363777,0.1410260498523712,0.2136729210615158,8.0,1.908684611320496,720.9297485351562,2.256452798843384,0.0028871740214526,27.423263549804688,0.3875229656696319,22.703628540039062,57161.69921875,1287.380126953125,57033.44921875,0.006540672
2131,-129.61936304318314,54.866094485803664,0,,,,,,,0.0836174488067627,9.0,7.224616527557373,1921.86328125,3.231973886489868,0.0045351716689765,33.206748962402344,-0.7287164330482483,33.74456024169922,5593.83203125,2414.005615234375,5627.4775390625,0.01163687
2132,-125.99243935142556,54.70276010972442,0,69.72319793701172,4.357906818389893,788.4739990234375,9.597317695617676,0.0011698009911924,-0.0027875043451786,0.7243087291717529,2.0,9.089093208312988,496.6663513183594,1.999832034111023,0.004141102079302,33.16068649291992,-1.0705113410949707,58.92424011230469,13698.6953125,1501.38525390625,13591.40625,0.34867087
2133,-129.25504324291816,55.87356920402106,0,277.6606750488281,7.783195495605469,686.3439331054688,6.903203010559082,-0.0283256322145462,0.0129223000258207,0.7840819954872131,11.0,9.018059730529783,1176.56103515625,1.8182897567749023,0.0043848291970789,33.99190139770508,-0.3527132272720337,50.12212753295898,14282.556640625,2434.390380859375,14265.703125,0.46174854
2134,-129.41023418525867,59.096404152948665,0,175.4136505126953,7.333922386169434,778.4606323242188,7.7734456062316895,0.0256753917783498,-0.0088103376328945,0.7294806838035583,2.0,4.834936141967773,564.1868896484375,1.6936687231063845,0.0032226454932242,29.54033851623535,0.5525341629981995,55.02409362792969,18056.875,352.88836669921875,14685.669921875,0.2537061
2135,-124.76970762644304,56.93424744204257,0,107.39641571044922,12.710344314575195,1506.98388671875,4.493617534637451,-0.0607149451971054,-0.013853401876986,0.5879456996917725,2.0,4.5516510009765625,622.7655029296875,2.09566593170166,0.003435212187469,30.6818904876709,0.1757291704416275,27.231651306152344,12689.3251953125,3777.1015625,12784.9072265625,0.031090202
2136,-125.72403368543296,50.95624978923968,0,164.59051513671875,20.666372299194336,318.2834167480469,6.967815399169922,-0.0131343360990285,-0.0209660902619361,0.8374351859092712,2.0,8.1557035446167,1343.639892578125,2.7570347785949707,0.004757763352245,33.50949478149414,-1.21461284160614,73.6895751953125,32555.9609375,423.9218444824219,32597.279296875,0.47620395
2137,-129.29235823729502,53.84544825808951,0,232.7140655517578,28.86975479125977,802.69677734375,4.525678634643555,0.0053091021254658,-0.0822377204895019,0.2428755909204483,8.0,7.088461875915527,2720.475830078125,3.8093552589416495,0.0046798754483461,34.06041717529297,-1.287799835205078,33.7748908996582,34098.3125,3031.146240234375,34089.2109375,0.0037180453
2138,-122.9453928521972,56.79612261188237,0,84.32896423339844,4.383216381072998,1201.96728515625,7.275175094604492,0.0035064064431935,0.008096968755126,0.696474552154541,2.0,5.67692756652832,658.9799194335938,2.5387871265411377,0.003382452763617,35.517791748046875,0.2495902776718139,42.62278747558594,18230.232421875,9700.7646484375,18239.62109375,0.45843887
2139,-125.4241962874495,58.62147719501934,0,166.68655395507812,9.262015342712402,1727.5269775390625,5.869478702545166,2.4953269530669783e-05,0.0318694673478603,0.3809246122837066,2.0,2.444464683532715,706.8602905273438,2.196999311447144,0.0028852247633039,28.13618278503418,0.3384798765182495,31.772010803222656,20710.220703125,3064.503173828125,20555.361328125,0.0108077945
2140,-126.63776619455544,54.70972451615226,0,153.3280792236328,4.415477275848389,1132.159423828125,6.118473529815674,0.008430927991867,0.0157874021679162,0.6597165465354919,2.0,7.397486686706543,611.6925659179688,2.302684545516968,0.0037811482325196,33.19728088378906,-0.831171452999115,80.53089141845703,271.0450439453125,729.4701538085938,309.6591186523437,0.6720527
2141,-122.59853541968474,49.12048336572732,0,291.27789306640625,0.4431541264057159,26.633277893066406,8.806243896484375,0.0003943505580537,-0.0013421052135527,0.5659732222557068,7.0,15.092039108276367,1626.209228515625,2.8176422119140625,0.0061060367152094,50.52661895751953,-1.0212500095367432,93.79486083984376,314.3147888183594,2961.737548828125,379.7190551757813,0.1397865
2142,-125.32093924487388,50.72556534397364,0,223.2753753662109,22.25249671936035,1065.6236572265625,4.796212196350098,0.0968974605202674,-0.0176842827349901,0.8274880051612854,2.0,9.094134330749512,1269.6383056640625,2.6265981197357178,0.004868870601058,34.95914459228516,-1.3740625381469729,78.99443817138672,39808.734375,2864.452880859375,19208.564453125,0.07923006
2143,-129.8683997434599,57.467570326602186,0,240.4921875,16.49118423461914,1717.49755859375,5.505044937133789,-0.0102889295667409,0.0067216674797236,0.4076927304267883,9.0,3.639042377471924,937.8442993164062,2.3756771087646484,0.0030811359174549,27.895034790039062,0.5894511342048645,64.83590698242188,20393.599609375,8811.1962890625,20518.669921875,0.003001976
2144,-124.07037052193844,50.44982826979821,0,,,,,,,0.8334681391716003,2.0,8.060375213623047,1208.4844970703125,2.209773063659668,0.0043611051514744,33.135555267333984,-1.3021459579467771,80.40261840820312,35656.625,3060.521728515625,27113.259765625,0.16358638
2145,-131.63740984298434,59.45462454512561,0,157.17010498046875,3.0563833713531494,1054.441650390625,6.256638050079346,-0.0095878709107637,0.0020627351477742,0.7507020831108093,2.0,4.90883731842041,541.3662109375,2.1077656745910645,0.0032605251763015,29.770526885986328,0.3059118986129761,59.19066619873047,50277.3828125,2479.824951171875,50231.34375,0.28668427
2146,-130.03941314889437,57.87404333964002,0,231.6445770263672,7.903806686401367,1017.54833984375,8.012386322021484,0.0138166844844818,-0.0014673901023343,0.6081416010856628,2.0,6.363254547119141,536.0489501953125,1.864466905593872,0.0034429065417498,30.62973976135254,0.8951240181922913,48.5926513671875,323.5681457519531,1867.30126953125,381.310791015625,0.3980001
2147,-124.56026869369605,51.53827589072212,0,252.55191040039065,23.38691711425781,2009.27490234375,5.339968204498291,-0.0361917950212955,-0.0115072410553693,0.3909454643726349,2.0,6.8773932456970215,628.6555786132812,2.0668270587921143,0.0034906873479485,28.883533477783203,-1.3249200582504272,71.5842056274414,14693.96875,9344.2646484375,14646.9541015625,0.6481652
2148,-125.02880777007636,57.60888510509511,0,197.31964111328125,8.91600513458252,997.1104736328124,7.578782558441162,0.026486150920391,0.0052516045980155,0.7001801133155823,2.0,4.692994594573975,598.3196411132812,1.8095115423202517,0.0032475120387971,30.73380851745605,0.2984375059604645,18.737478256225582,41946.05859375,1095.5670166015625,42026.1953125,0.37941515
2149,-127.18543589701422,57.77204169623114,0,202.7558441162109,15.46303653717041,1659.8931884765625,5.544290542602539,-0.0129484459757804,0.0428358018398284,0.428844153881073,2.0,3.826083898544312,651.775390625,1.990598440170288,0.0032145373988896,29.97931289672852,0.3389930427074432,29.46410179138184,100327.046875,2155.001708984375,100360.703125,0.07058613
2150,-125.0128572804496,57.855174160788,0,,,,,0.0178079586476087,-0.0149148656055331,0.155621737241745,8.0,1.989533543586731,744.84716796875,2.4215378761291504,0.00297388038598,27.041723251342773,0.4095138907432556,20.68726921081543,60421.96484375,3124.81103515625,60521.85546875,0.013512278
2151,-126.33220993161656,59.92388767325321,0,216.88861083984372,1.474212884902954,654.8449096679688,8.257801055908203,0.0044771255925297,0.0010160442907363,0.6567904949188232,2.0,4.289583206176758,504.530517578125,1.428627371788025,0.0033718973863869,30.050443649291992,0.312532514333725,32.79888153076172,8023.89111328125,2531.68603515625,8090.626953125,0.31072447
2152,-124.5499892778322,56.98238045372573,0,199.43263244628903,15.15112590789795,1465.3775634765625,6.713811874389648,0.0838534757494926,-0.0356340408325195,0.53394615650177,2.0,3.728721618652344,689.0472412109375,2.2744719982147217,0.0031819464638829,30.508655548095703,0.234826385974884,25.036073684692383,27086.232421875,8398.1220703125,13389.1494140625,0.014286607
2153,-127.96935984223988,55.905401747779386,0,249.86575317382807,16.4044132232666,1032.90087890625,5.374329566955566,0.0166123714298009,-0.0162815880030393,0.7212321162223816,2.0,7.762669563293457,775.3621826171875,1.942389726638794,0.0039986744523048,33.51190948486328,0.0832611620426178,57.34843444824219,29073.115234375,1877.350830078125,29015.580078125,0.5431621
2154,-131.70769790357204,58.05118755278974,0,108.29660034179688,13.334967613220217,1183.00341796875,9.52401638031006,0.0526315756142139,-0.013040592893958,0.4938372075557709,2.0,4.450873374938965,960.0537109375,2.2684292793273926,0.0033146338537335,30.013334274291992,0.6314746141433716,51.7989501953125,29812.87109375,6657.40673828125,29706.78125,0.007869444
2155,-128.73306580230215,58.24016982913964,0,164.36245727539062,10.507343292236328,1629.58154296875,6.030511379241943,0.015373139642179,0.0024807401932775,0.5265499353408813,9.0,3.700650215148926,672.3887939453125,2.0317416191101074,0.0030557836871594,28.89630508422852,0.6140881776809692,44.63252258300781,66342.78125,6297.3349609375,66371.703125,0.019103875
2156,-134.9281602393832,59.314600147880505,0,241.00347900390625,11.716875076293944,986.6419067382812,7.632494926452637,0.0557226948440074,-0.0058083939366042,-0.0604738742113113,8.0,3.4191014766693115,1093.1715087890625,3.2267775535583496,0.0032540529500693,25.256723403930664,-0.4117334485054016,88.28012084960938,38892.61328125,18326.025390625,39138.9375,0.0023663423
2157,-124.45448860251533,52.311729499248784,0,140.50015258789062,1.335494875907898,1228.937255859375,9.585920333862305,-0.0036804333794862,-0.0003967433294747,0.6820029616355896,2.0,9.89332103729248,359.9150085449219,2.0720019340515137,0.0036736775655299,28.109094619750977,-1.3781111240386963,30.503379821777344,4906.54150390625,2584.96484375,4052.022705078125,0.30121475
2158,-124.48668870008382,57.288166598800814,0,323.8358764648437,13.961381912231444,1355.1605224609375,6.456427097320557,0.0296097602695226,-0.0126570798456668,0.6992775201797485,2.0,4.158798694610596,637.60302734375,2.047480821609497,0.0032938627991825,30.915678024291992,0.4556465446949005,22.366628646850582,49092.4453125,4134.431640625,23446.162109375,0.034037422
2159,-131.94285149255248,53.47831142783002,0,,,,,,,,2.0,,,,,,,,,,,0.17682678
2160,-122.47075807403958,58.64596082116879,0,54.947227478027344,0.4996216297149658,416.61029052734375,9.270217895507812,-0.0001016290771076,0.0011193271493539,0.7077378034591675,2.0,6.15661096572876,490.1228637695313,2.0181219577789307,0.0038094518240541,36.804229736328125,-0.2287279069423675,79.15453338623047,10425.939453125,3450.47802734375,10595.9189453125,0.4303784
2161,-120.81106239055372,50.39924309363937,0,270.5223083496094,6.345373153686523,999.0748901367188,8.31722640991211,0.0223889146000146,0.0057273991405963,0.4506697356700897,11.0,9.90359592437744,363.122802734375,2.3872530460357666,0.003974359948188,26.931962966918945,-1.232812523841858,28.94282913208008,141.73167419433594,456.7377014160156,119.371337890625,0.9603432
2162,-123.81397554202108,48.86786539320939,0,194.721435546875,3.874042272567749,207.74343872070312,10.293301582336426,0.0407389029860496,-0.0019200698006898,0.8558268547058105,2.0,12.170007705688477,1677.6788330078125,2.930208683013916,0.0057292398996651,42.03405380249024,-1.0592708587646484,141.57809448242188,506.4510498046875,474.1344909667969,569.9515991210938,0.17188083
2163,-120.90041733690283,50.12218052664232,0,250.0224151611328,12.2788724899292,959.7167358398438,6.65797758102417,0.0102199483662843,-0.0289594307541847,0.788208544254303,2.0,11.439691543579102,366.5690307617188,2.277838945388794,0.004445195198059,27.17438316345215,-1.2822914123535156,42.32732009887695,1627.9266357421875,2688.796630859375,2140.434326171875,0.6112746
2164,-116.39355016021211,51.26252307302826,0,75.1489486694336,7.784959316253662,1695.6458740234375,6.947360992431641,0.0378261692821979,-0.0056488299742341,0.584875762462616,2.0,4.646687030792236,856.9971923828125,3.017625331878662,0.0033162508625537,29.729536056518555,-1.1720300912857056,25.70957565307617,11301.4931640625,419.5231628417969,11439.2587890625,0.32759884
2165,-118.73304433317033,49.260487676487074,0,144.67071533203125,7.948385715484619,1278.5208740234375,7.661561012268066,0.0089166648685932,-0.0003323878045193,0.6895439624786377,2.0,10.21080493927002,563.9418334960938,2.645987033843994,0.0041757309809327,34.45612716674805,-1.5257230997085571,64.54891967773438,2135.51513671875,2868.780517578125,2210.373779296875,0.8502841
2166,-125.86238878139562,58.47393333080968,0,155.05763244628906,12.30356502532959,2022.109619140625,5.444443225860596,-0.0325672216713428,-0.0409047603607177,0.1172319501638412,8.0,2.6882615089416504,690.4957275390625,2.136021614074707,0.0030401600524783,28.174728393554688,0.4295577108860016,25.77690315246582,34891.71484375,5607.04931640625,34992.24609375,0.004936006
2167,-124.73751278868367,57.866292615603655,0,163.6962432861328,18.8968505859375,1891.494873046875,9.543176651000977,0.0422565080225467,-0.0010975471232086,0.1867167800664901,8.0,1.4320746660232544,758.3318481445312,2.5268657207489014,0.0028951300773769,25.36583137512207,0.3937992453575134,22.537378311157227,72938.28125,1277.1051025390625,72841.8671875,0.012507621
2168,-129.8263153767343,59.10220320128143,0,31.149826049804688,17.056659698486328,1070.1156005859375,7.766846179962158,0.0007047718390822,0.0191833041608333,0.7171972393989563,2.0,4.244854927062988,636.1161499023438,1.882471203804016,0.0031635933555662,29.405176162719727,0.6860603094100952,52.96289825439453,1868.12353515625,1511.596435546875,1943.260009765625,0.050083485
2169,-122.98434624682244,49.978636528622594,0,179.5433807373047,7.44678783416748,1930.3131103515625,5.897955894470215,-0.0382491573691368,0.016425872221589,0.160292848944664,11.0,6.464188098907471,1278.38525390625,2.256754159927368,0.0044972319155931,31.459848403930664,-1.1535069942474363,75.8097152709961,6753.62646484375,4272.251953125,6737.984375,0.022584906
2170,-123.06650577230278,54.05855896183118,0,182.24749755859372,0.9136205315589904,778.9697875976562,8.893754005432129,-0.0002052388299489,0.0022099530324339,0.6687881946563721,2.0,9.817397117614746,583.6187133789062,2.156079769134521,0.0041052917949855,36.68796920776367,-0.4594097137451172,59.07574462890625,2098.56689453125,1179.798828125,2136.75146484375,0.4188237
2171,-122.2530101213899,59.487115399632096,0,11.57489776611328,0.3608417809009552,682.7474365234375,8.5685453414917,0.0003437454288359,-0.0004236814856994,0.6661582589149475,2.0,4.716972827911377,501.8285217285156,2.1510767936706543,0.0035280112642794,34.9860725402832,0.1332494020462036,77.94857788085938,50770.88671875,3254.56689453125,50692.0234375,0.5086748
2172,-125.06101800847192,59.30487152314604,0,171.36581420898438,8.009373664855957,531.7250366210938,5.823013782501221,-0.0129269938915967,-0.0096237892284989,0.4456309378147125,2.0,5.8849873542785645,512.9077758789062,1.4541796445846558,0.0035382688511162,33.173213958740234,0.0082291662693023,43.497703552246094,49850.58203125,1307.2757568359375,49778.796875,0.6344736
2173,-124.33063475942168,50.05572128805852,0,,,512.7938842773438,5.920583724975586,-0.0381197817623615,0.0326718464493751,0.80748450756073,1.0,11.74264430999756,1410.6739501953125,2.341263771057129,0.0053219669498503,43.4276123046875,-1.3936225175857544,90.6432876586914,3652.766357421875,1325.6898193359375,3631.786376953125,0.24015124
2174,-120.04496473199768,53.66584223239203,0,,,,,-0.0320653282105922,0.0110629368573427,0.5356262922286987,11.0,5.818387508392334,872.2619018554688,2.5358567237854004,0.0034650904126465,34.06571960449219,0.1360763907432556,29.39337158203125,31147.09375,2300.9580078125,31159.94140625,0.88384116
2175,-133.26309313520812,59.78264219479637,0,105.29322052001952,14.186564445495604,1510.180419921875,7.4523491859436035,-0.0075434856116771,0.0295316986739635,0.6133577227592468,11.0,3.982008218765259,485.3844299316406,2.7122609615325928,0.0031763757579028,27.827287673950195,-0.4949202537536621,39.35327911376953,18040.896484375,2190.890869140625,18257.888671875,0.111880444
2176,-120.12613669782718,56.85170964013847,0,316.3373107910156,0.2213153690099716,755.2385864257812,10.075201034545898,-0.0008772416040301,0.0008522427524439,0.6494613289833069,2.0,6.446280956268311,477.3927612304688,3.3076961040496826,0.0038269008509814,36.10405349731445,0.3831909000873565,41.87453079223633,16540.052734375,8065.1943359375,16464.220703125,0.18080124
2177,-123.66954186237236,50.146659236331466,0,,,,,,,0.5709961652755737,2.0,9.3487548828125,1452.6732177734375,2.497976541519165,0.0048144003376364,36.24547958374024,-1.1846424341201782,76.34114074707031,10181.9677734375,1640.6116943359375,8875.3271484375,0.10568154
2178,-120.92484034575492,54.241464880208525,0,275.9128723144531,15.280717849731444,1505.3311767578125,5.236544609069824,-0.0234408993273973,0.040643535554409,0.7250264883041382,2.0,7.127180099487305,896.4852905273438,2.638895034790039,0.0037990971468389,37.86906814575195,0.5538750886917114,40.61775970458984,22353.189453125,2211.872802734375,22301.015625,0.19134593
2179,-123.9513475962429,57.547816275666825,0,,,,,-0.0260476637631654,0.0699633806943893,0.2320504337549209,8.0,2.877304553985596,720.9097900390625,2.5648200511932373,0.0030768360011279,28.83495140075684,0.213022381067276,33.476165771484375,48437.73046875,3124.41796875,48413.68359375,0.014444254
2180,-126.98292202025948,57.72991193888435,0,140.3104705810547,21.335302352905277,1641.634521484375,8.022725105285645,0.0263435021042823,0.0425132736563682,0.4201948940753937,11.0,3.130230665206909,686.9949340820312,2.12173843383789,0.0031230780296027,28.861236572265625,0.3142630755901336,29.468385696411133,87373.921875,2191.19677734375,87489.6796875,0.03596255
2181,-125.05979536826324,50.32649664560836,0,,,,,0.0722383707761764,0.0698985308408737,0.8249358534812927,2.0,12.168902397155762,1374.7032470703125,2.9975125789642334,,,,,,15948.9462890625,1762.0029296875,0.06599219
2182,-130.36156647841088,58.6326140319972,0,172.54122924804688,3.6051316261291504,1225.6044921875,6.697719097137451,0.0006621420034207,-0.0033363504335284,0.6456820964813232,2.0,4.481875896453857,602.5128784179688,2.0446255207061768,0.0031250519677996,29.95946311950684,0.9359006881713868,54.89214706420898,18156.359375,1614.4267578125,18195.43359375,0.15166333
2183,-120.08811324989313,54.97197269077505,0,167.56201171875,1.3624961376190186,918.0167846679688,7.697299480438232,0.0029237491544336,-0.0003259324876125,0.7024649381637573,2.0,9.107662200927734,523.5813598632812,2.7869412899017334,0.0038765741046518,38.81904602050781,0.1160334944725036,43.599586486816406,1111.9879150390625,2371.9990234375,1210.7314453125,0.2695404
2184,-123.95724510189852,48.61268492901549,0,187.49114990234372,21.496187210083008,645.9574584960938,6.856806755065918,-0.0134589374065399,0.0228741578757762,0.8066469430923462,2.0,11.583391189575195,2086.958984375,2.792670488357544,0.0056435875594615,43.35958099365234,-1.2157262563705444,179.6575927734375,768.02294921875,1808.9095458984373,665.7330322265625,0.1591037
2185,-126.76710055158252,56.227333852905055,0,259.2265625,12.635313987731934,1783.500244140625,4.421019554138184,-0.011257791891694,0.0101797264069318,0.2640891671180725,11.0,5.245741844177246,717.5125122070312,2.2100963592529297,0.0036058737896382,31.012487411499023,0.2463541626930236,43.00010299682617,70902.0703125,5774.232421875,6461.9189453125,0.012865213
2186,-122.19773428748292,49.62775561980638,0,136.83767700195312,29.10616874694824,1039.3106689453125,5.044680595397949,0.0057084048166871,-0.0341256223618984,0.7853251099586487,2.0,8.627490043640137,1450.022705078125,2.207212209701538,0.0048672859556972,36.45241928100586,-1.0142707824707031,101.69476318359376,7917.81884765625,6317.638671875,8587.2783203125,0.12648015
2187,-129.56674975843535,53.22842001584296,0,197.70384216308597,4.551015853881836,,,-0.0015906736953184,0.0154214370995759,0.7925864458084106,2.0,11.18624496459961,3468.787109375,4.9271674156188965,,45.959991455078125,-1.5332849025726318,29.5756950378418,,18874.96875,29372.490234375,0.024794174
2188,-122.1432758829992,55.78069370997433,0,255.35589599609372,8.274429321289062,949.6729736328124,6.5768866539001465,0.0025272704660892,0.0168129596859216,0.7499291896820068,2.0,7.483574867248535,663.010498046875,2.5889692306518555,0.0037956233136355,38.77370071411133,0.2361579537391662,55.95436096191406,8691.1787109375,1244.6597900390625,8437.4892578125,0.12810917
2189,-121.09418437888392,54.31676131982824,0,123.59937286376952,9.42229461669922,1544.535400390625,5.450974464416504,-0.0226600971072912,0.0310095995664596,0.6694691181182861,2.0,7.433584690093994,899.5051879882812,2.594679832458496,0.0038765564095228,38.16297149658203,0.7144444584846497,41.74014663696289,20316.5390625,3281.9375,20291.525390625,0.10899426
2190,-130.1190185858804,57.38034650576443,0,156.57601928710938,9.351754188537598,1649.651611328125,6.811509609222412,-0.0004439828917384,-0.0079222656786441,0.4755183160305023,9.0,5.962496280670166,850.6466064453125,2.0972673892974854,0.0035870810970664,31.204509735107425,0.6476684808731079,60.17548751831055,7663.5869140625,2273.574951171875,7615.79931640625,0.23975463
2191,-133.78173825353565,59.74043586996029,0,283.0432434082031,2.220242738723755,710.1435546875,10.213747024536133,0.0074596349149942,-0.0049447165802121,0.6676271557807922,1.0,6.593698501586914,346.7704162597656,2.521019458770752,0.0034714867360889,26.05340576171875,-0.3538792729377746,34.972938537597656,622.98291015625,833.6465454101562,603.4889526367188,0.44032738
2192,-128.46929284211842,55.35799529510638,0,55.58489227294922,8.257952690124512,,,0.0131713487207889,-0.0471410937607288,0.5405882596969604,11.0,6.304153919219971,1110.4239501953125,2.302107095718384,0.0039043535944074,31.7415714263916,-0.5180902481079102,61.1338119506836,13780.7802734375,2622.0009765625,13760.2763671875,0.69892544
2193,-123.3622458864032,59.99956604551905,0,,,,,,,,2.0,,,,,,,,,,,0.17682678
2194,-125.93693306942713,59.43777905581644,0,193.33026123046875,7.459823131561279,492.7556457519531,6.287253379821777,0.0366279892623424,-0.0125800417736172,0.6467860341072083,2.0,5.526328086853027,491.2827758789063,1.387248396873474,0.0033519573044031,30.17726707458496,0.2408765405416488,29.575912475585938,6205.4833984375,1270.2303466796875,6305.96142578125,0.23451886
2195,-123.50554761752144,48.84621093847962,0,,,,,,,,2.0,,,,,,,,,,,0.17682678
2196,-130.12216417528538,53.82929736194317,0,77.09489440917969,7.8191237449646,437.416748046875,5.260451316833496,-0.0475804544985294,-0.0197328869253397,0.7015500068664551,2.0,9.8507080078125,2684.598388671875,4.998381614685059,0.0054129576310515,42.137168884277344,-1.5552185773849487,26.228593826293945,15314.55859375,3351.29345703125,15301.5380859375,0.011107459
2197,-122.8635157651718,54.31158961412731,0,146.98484802246094,3.477964162826538,766.0382690429688,6.632846355438232,0.0035477599594742,0.0014850081643089,0.7289404273033142,2.0,9.50592041015625,651.9223022460938,2.198422431945801,0.004170621279627,37.270355224609375,-0.4630045592784881,60.00007629394531,4627.84716796875,3204.68505859375,4471.7353515625,0.28235114
2198,-128.35589899104357,52.08054630898043,0,,,,,,,,,,,,,,,,,,,0.17682678
2199,-116.75357163854348,49.72195745616653,0,192.0809631347656,16.403104782104492,1212.4620361328125,4.545711994171143,0.0275973118841648,0.0334488973021507,0.6766130328178406,2.0,9.045074462890623,866.6461181640625,2.6696908473968506,0.0044267154298722,32.65614700317383,-1.085000991821289,54.18865966796875,747.965087890625,2704.84814453125,1109.169677734375,0.58513004
2200,-127.1153873525098,52.57021668257427,0,,,657.2234497070312,4.625898838043213,,,,2.0,,,,0.0046573895961046,,-0.9002325534820557,,30544.564453125,,30627.935546875,0.1241534
2201,-126.53706701810285,59.02027380074865,0,155.90866088867188,9.328615188598633,1607.159912109375,4.623254776000977,0.0333792641758918,-0.0333181284368038,0.4634726941585541,2.0,3.873648881912232,640.3978881835938,1.9083248376846316,0.0032433678861707,29.87663078308105,0.5361115336418152,37.00971221923828,39587.28125,4835.240234375,39562.83203125,0.018766437
2202,-121.46847552142216,53.72329285255538,0,263.09478759765625,6.735454082489014,885.7911987304688,11.50875186920166,0.0407553017139434,-0.0075504342094063,0.7271102070808411,2.0,8.582527160644531,992.3658447265624,2.444706678390503,0.0040170587599277,39.38703536987305,0.4117708206176758,48.12200164794922,192.4135589599609,221.7786102294922,479.5272216796875,0.14582384
2203,-121.4757115331687,53.47008557378129,0,204.69692993164065,11.052620887756348,1112.7781982421875,6.122703552246094,0.0053526354022324,0.0043007722124457,0.7624824047088623,2.0,8.961007118225098,967.1694946289062,2.403264284133911,0.0041115866042673,40.23868560791016,0.3016988635063171,46.431941986083984,845.7205200195312,3525.8837890625,813.6285400390625,0.148373
2204,-127.42424993079489,57.96305598522709,0,193.81163024902344,15.391644477844238,1453.35888671875,5.433501243591309,0.0427960492670536,0.0027200318872928,0.5723519325256348,2.0,3.5626509189605717,676.0546264648438,2.063509702682495,0.0031029032543301,29.2890682220459,0.3526787161827087,34.461448669433594,122362.0390625,1463.1807861328125,122541.9609375,0.07484844
2205,-126.64754967588296,50.94220600588741,0,,,211.26803588867188,4.908368110656738,0.0152160860598087,0.0326514951884746,0.8409976363182068,2.0,10.786931037902832,1846.31494140625,3.512893915176392,0.0054178675636649,43.3939323425293,-1.0165764093399048,58.18166732788086,27660.9140625,2498.63720703125,12974.4697265625,0.02307887
2206,-135.78526631723855,59.94705083305603,0,178.7872772216797,24.13475227355957,,,0.0163909830152988,0.0613552741706371,0.5756309032440186,8.0,3.461933135986328,721.2869262695312,3.273941993713379,0.0029866048134863,27.50745391845703,-1.0245394706726074,94.70825958251952,48538.8046875,5569.54248046875,48709.87890625,0.0118288
2207,-125.39483705270248,51.12586299341649,0,,,,,,,0.1248890087008476,9.0,5.674999237060547,1054.7938232421875,2.5851831436157227,0.0041826115921139,29.085834503173828,-1.2324094772338867,67.96309661865234,58136.96484375,2868.996826171875,58280.92578125,0.009169328
2208,-132.94272418941267,58.09828716764397,0,,,1396.8907470703125,8.499095916748047,0.1136433333158493,0.0335697382688522,-0.1820581704378128,9.0,3.1700241565704346,1589.0880126953125,2.6542885303497314,0.0035882785450667,25.331621170043945,0.3546527922153473,38.68172073364258,95337.140625,4351.95703125,97166.5859375,0.0036091616
2209,-129.60577676871793,53.32493970470226,0,,,47.49140167236328,5.543360710144043,,,0.8627400994300842,2.0,11.20309066772461,3486.693603515625,4.88175106048584,,,,,25141.6484375,11252.296875,,0.013117153
2210,-134.3200977724794,59.23481739515864,0,174.09988403320312,23.97340202331543,1310.7139892578125,4.767639636993408,-0.0043166996911168,0.0645349100232124,0.2807802855968475,11.0,3.374802350997925,879.9619750976562,2.9963150024414062,0.0031661090906709,26.761524200439453,-0.3214896023273468,103.03641510009766,46695.41796875,2310.8095703125,46791.6640625,0.01884999
2211,-127.9747599539732,54.380509374231806,0,256.7906188964844,15.604498863220217,572.2289428710938,7.18715238571167,0.0259214248508214,0.0134578645229339,0.8718270063400269,2.0,8.15931224822998,1199.563232421875,2.3255887031555176,0.0041411332786083,32.91908645629883,-1.0130634307861328,55.58932113647461,1139.3966064453125,291.70391845703125,1178.036376953125,0.81932664
2212,-127.17112297439292,51.23474277279846,0,121.85406494140624,12.538941383361816,49.850364685058594,10.809982299804688,0.0239730235189199,0.032221682369709,0.7599883079528809,1.0,10.665120124816896,2171.910888671875,3.732569456100464,0.0054083289578557,44.23140335083008,-0.9641557335853576,48.30482482910156,24840.9921875,352.1631774902344,19460.708984375,0.21494919
2213,-128.983543350719,52.50824212525147,0,253.4050445556641,0.376386821269989,33.68094253540039,7.996251106262207,-0.0012721309904009,0.0004507447010837,0.727118194103241,4.0,11.238256454467772,3193.794189453125,4.840717792510986,0.0057756160385906,47.30083465576172,-1.275523066520691,30.912860870361328,32742.20703125,,32753.671875,0.027708711
2214,-131.09991134481055,59.06640432135573,0,312.4396667480469,1.855252385139465,1427.23779296875,7.042565822601318,-0.0034546656534075,0.0007699671550653,0.5581983327865601,11.0,3.615769863128662,638.6202392578125,2.295645236968994,0.0030922731384634,28.6180362701416,0.2333956509828567,47.45608139038086,65120.953125,6101.8564453125,65018.11328125,0.2027648
2215,-133.82499358638086,59.64544488771328,0,93.22777557373048,3.757819890975952,720.1719360351562,8.475607872009277,0.0093274097889661,-0.0054523372091352,0.6673752069473267,2.0,7.255800724029541,374.0155334472656,2.5124928951263428,0.003516110824421,27.844764709472656,-0.3384022712707519,50.87408065795898,5742.35595703125,721.2714233398438,5874.18408203125,0.46135396
2216,-133.0436828663033,54.13592439414813,0,191.71554565429688,2.481081962585449,115.99002838134766,9.216338157653809,-0.0104146972298622,0.0043815579265356,0.8137171864509583,2.0,10.268022537231444,1921.275390625,5.228669166564941,,43.67594146728516,-1.336289405822754,31.46234130859375,57409.0390625,3803.79736328125,6842.09326171875,0.04206401
2217,-128.69462934720656,59.18206975175543,0,197.10186767578125,8.069847106933594,968.1660766601562,6.4917168617248535,0.004791893530637,0.0215595569461584,0.6924658417701721,2.0,4.700767517089844,576.3931884765625,1.7701760530471802,0.0031546601094305,30.51344108581543,0.5151370763778687,64.69786071777344,31829.431640625,777.2203979492188,31065.9453125,0.28375402
2218,-125.32186249918028,50.267699814480856,0,,,256.073974609375,5.651804447174072,0.0335586965084075,0.0413524433970451,0.7790927886962891,2.0,12.46942138671875,1701.5821533203125,3.1433560848236084,0.0057830293662846,,,,2677.09375,35159.98828125,,0.04917956
2219,-126.48252725210376,56.94967130326068,0,315.2439880371094,10.16679859161377,1509.5150146484375,8.86758804321289,0.062310304492712,0.0167920291423797,0.2814016044139862,2.0,4.150547981262207,666.1565551757812,2.1054186820983887,0.0032132966443896,29.389291763305664,0.1025618389248848,23.677143096923828,69825.4296875,2558.64697265625,69861.578125,0.010209638
2220,-122.94749901368748,59.24769738099992,0,225.27232360839844,0.6494406461715698,386.9094543457031,11.877223014831545,0.003213885705918,0.0003529085661284,0.6974579691886902,2.0,5.486085891723633,498.0357666015625,1.7980812788009644,0.0036508680786937,36.3294792175293,-0.3500449955463409,83.02716064453125,16792.93359375,4370.82763671875,16773.19921875,0.6400451
2221,-122.28163513448476,57.89483827324604,0,128.95669555664062,0.844965934753418,656.2313232421875,12.903287887573242,0.0042001125402748,0.0011690068058669,0.7348160147666931,2.0,7.185826301574707,534.0438842773438,2.348900079727173,0.0036726924590766,37.648319244384766,0.0066319443285465,66.95384979248047,29823.021484375,7251.03857421875,29899.306640625,0.14601582
2222,-130.5530141340708,57.58533358407505,0,48.873531341552734,16.046022415161133,1347.9229736328125,5.039947509765625,0.033422153443098,-0.1201746463775634,0.7035589814186096,2.0,3.887204170227051,937.8673706054688,2.309557676315308,0.0032758424058556,28.196060180664062,0.5395007729530334,81.36847686767578,21626.103515625,6615.90283203125,21689.60546875,0.010646075
2223,-133.54916644939027,58.953889180290425,0,183.04443359375,15.308547973632812,1380.6954345703125,5.174420833587647,-0.0364916920661926,-0.0352500192821025,-0.0155804250389337,9.0,4.028587341308594,972.937744140625,2.5093953609466557,0.0032823588699102,28.22999382019043,0.174166664481163,83.92850494384766,47556.046875,3808.18798828125,47793.41015625,0.003388569
2224,-130.18226020215835,57.26631914596324,0,311.7569274902344,7.556541442871094,1049.59619140625,6.458341598510742,0.003258062293753,0.0030280870851129,0.7745394706726074,2.0,6.852860450744629,749.1799926757812,1.8404597043991089,0.0035452605225145,30.957162857055664,0.7304514050483704,52.02582931518555,4374.20947265625,4674.84228515625,4360.1123046875,0.17569026
2225,-123.5686022924747,50.03967512574632,0,221.15573120117188,25.436599731445312,1527.1805419921875,5.585309028625488,-0.059459138661623,0.0676667690277099,0.4472576975822449,2.0,6.918369293212891,1372.0875244140625,2.378733396530152,0.0046049687080085,32.141937255859375,-1.2106950283050537,79.33838653564453,12477.3349609375,1344.086181640625,12402.1982421875,0.23999375
2226,-119.97708853777834,51.20776044994209,0,322.1786499023437,7.349392890930176,1125.127685546875,5.840701103210449,-0.0325432755053043,0.0276191066950559,0.7602970600128174,2.0,10.946579933166504,590.5939331054688,2.09770941734314,0.0045966850593686,34.50394821166992,-0.8108201026916504,49.03856658935547,2867.1044921875,3573.295166015625,2923.358154296875,0.6668535
2227,-137.159238298804,59.46870977370673,0,,,1826.539306640625,5.471761703491211,,,0.0624850243330001,8.0,2.4411447048187256,1057.71435546875,3.514063835144043,0.0032362204510718,24.51714515686035,-0.9567679762840272,45.02507400512695,40599.5078125,7660.73974609375,40646.4921875,0.005855041
2228,-131.07107201951678,58.11231569814525,0,218.6704864501953,4.904194355010986,697.3707275390625,5.947047233581543,-0.0059919068589806,-0.0008298468892462,0.6161521077156067,2.0,7.589848518371582,514.9183349609375,1.8924897909164429,0.0034077395685017,30.62619972229004,0.4876340925693512,61.01901245117188,11821.43359375,3124.787109375,11787.9189453125,0.5871009
2229,-129.14712456422086,54.87425260243124,0,198.3395233154297,23.639375686645508,1390.38720703125,6.18443489074707,-0.054026398807764,0.0270516127347946,0.3675549626350403,11.0,7.080968379974365,1608.4200439453125,2.6346285343170166,0.0040196226909756,32.420413970947266,-0.7674375176429749,40.71192169189453,14525.2587890625,2443.109375,14604.0087890625,0.9150248
2230,-129.66632254768265,57.96901516192496,0,272.86407470703125,13.056281089782717,933.5863647460938,6.033493995666504,0.0154133317992091,-0.0204021744430065,0.7772396206855774,2.0,6.216858863830566,555.7490844726562,1.841763257980347,0.0033400505781173,30.22470092773437,0.8620465397834778,41.98036575317383,16388.86328125,676.6298217773438,16506.166015625,0.07101509
2231,-123.95711924864924,53.85977377025539,0,20.065847396850582,3.155045747756958,862.1807861328125,7.249951362609863,0.0168799217790365,-0.0024568033404648,0.7063042521476746,2.0,9.863299369812012,498.8354187011719,2.049807548522949,0.0040501016192138,35.14784240722656,-0.9203122854232788,56.03318405151367,2450.084716796875,2622.581298828125,2327.908203125,0.4662919
2232,-128.70854009353732,55.34846854273478,0,,,,,-0.0762693583965301,-0.0244215782731771,0.7041986584663391,2.0,6.9898223876953125,1193.5989990234375,2.240485668182373,0.004153374582529,32.18332290649414,-0.555435299873352,59.88617706298828,12396.263671875,2875.2509765625,12337.5029296875,0.13109957
2233,-127.94057260869562,51.46502495621989,0,,,46.75959396362305,8.95728874206543,0.0075357691384851,0.0026972985360771,0.714417576789856,2.0,10.831650733947754,2804.0234375,4.535332202911377,0.005811074282974,47.10086441040039,-0.8561012148857117,39.76225662231445,54348.93359375,,54415.8125,0.0490528
2234,-124.74635599855516,59.400418844265054,0,281.8738708496094,5.147458553314209,925.8853759765624,5.512014389038086,-0.0258710626512765,0.0234923902899026,0.7704452276229858,2.0,5.2406086921691895,554.7996826171875,1.6109987497329712,0.0034823934547603,34.46846008300781,0.1344987750053405,59.52853393554688,64244.58984375,5008.83251953125,64093.375,0.38445526
2235,-129.27219285696387,58.247722075509344,0,111.23733520507812,8.756914138793945,1483.4908447265625,7.181808948516846,0.0118364719673991,0.0150757748633623,0.6890906095504761,2.0,4.1107282638549805,640.6560668945312,2.0126993656158447,0.003213134361431,29.55904960632324,0.7031552791595459,42.8463020324707,34107.5703125,4211.423828125,34133.265625,0.008832904
2236,-130.77204190049474,58.27198650240313,0,167.87901306152344,2.394852638244629,775.9659423828125,9.236581802368164,-0.0028366507031023,0.0034403696190565,0.7122483253479004,2.0,7.160243988037109,456.0938415527344,1.814854621887207,0.0034611830487847,30.05772018432617,0.6604166626930237,50.24092483520508,7650.30029296875,1438.0419921875,7813.39990234375,0.1631021
2237,-125.839717760507,50.67077768225735,0,,,562.3801879882812,5.831726551055908,0.0172267705202102,0.0769442543387413,0.7320623993873596,2.0,,,,0.0053109563887119,42.864501953125,,73.37338256835938,4770.3193359375,4096.017578125,4916.7978515625,0.04400217
2238,-127.67952637118236,57.992277880762266,0,243.7801971435547,10.248662948608398,1472.332763671875,5.565410614013672,-0.0240252669900655,0.0250560119748115,0.6943762898445129,2.0,4.138479232788086,648.9022216796875,1.954845070838928,0.0031604908872395,29.85104751586914,0.4643468558788299,33.130706787109375,131226.953125,5003.9287109375,131156.5625,0.01829311
2239,-136.63989218112712,59.44981624015721,0,,,2026.5340576171875,5.61950159072876,,,-0.1526643633842468,9.0,1.6358386278152466,1009.857666015625,3.5792489051818848,0.0030642175115644,23.102039337158203,-0.9790031909942628,51.458492279052734,12192.51953125,11925.0224609375,12219.294921875,0.0064521395
2240,-129.33629979758126,58.43794599183689,0,125.11861419677734,6.299326419830322,1417.0667724609375,8.32892894744873,-0.0097196735441684,-0.0106296688318252,0.6740919947624207,2.0,3.801669120788574,649.0315551757812,2.0270562171936035,0.003170120762661,28.836536407470703,0.6972730755805969,42.13394546508789,35368.7734375,1744.835205078125,35358.671875,0.016186256
2241,-134.95218039078125,59.41408530102527,0,85.55860137939453,6.19336462020874,1803.4910888671875,6.530732154846191,5.9298687119735405e-05,-0.0035377859603613,-0.1076090410351753,9.0,2.01362419128418,997.671142578125,3.430957317352295,0.0031484887003898,23.345996856689453,-0.2506584823131561,94.99382019042967,27709.703125,12257.0146484375,27890.189453125,0.0016708967
2242,-132.23148357562386,53.04996210238388,0,217.46897888183597,15.681999206542969,412.0940246582031,5.264845848083496,-0.0380225256085395,0.0867638885974884,0.7623497843742371,2.0,10.25732135772705,2710.511474609375,6.462761402130127,0.0056523391976952,43.85151672363281,-2.2701735496521,43.7911491394043,7182.2431640625,12873.77734375,7096.17138671875,0.028114839
2243,-125.73466243671024,49.95017505783317,0,244.1212310791016,24.77566146850586,860.781005859375,6.075120449066162,0.0880545526742935,-0.0365905649960041,0.7302747368812561,2.0,9.585618019104004,1858.93798828125,2.6985855102539062,0.0051020602695643,38.503944396972656,-1.5666667222976685,91.5659637451172,4429.20947265625,1728.6419677734375,4594.587890625,0.43509778
2244,-126.62744950239474,51.67540866595141,0,274.8369140625,26.469406127929688,664.9555053710938,6.418368816375732,0.0248844809830188,-0.0126521736383438,0.8051639199256897,2.0,10.65276050567627,1645.9979248046875,2.643136739730835,0.0045843720436096,38.4642219543457,-1.0365415811538696,49.85208511352539,41037.3828125,1650.21875,38192.03515625,0.18010025
2245,-126.2115405535404,59.71963155307538,0,177.49034118652344,8.883612632751465,997.822265625,5.997312545776367,0.0236953664571046,0.0021943626925349,0.7343577742576599,2.0,4.547077178955078,546.5720825195312,1.6186469793319702,0.0031858219299465,30.595611572265625,0.2743449509143829,35.21253204345703,6326.03173828125,6572.8818359375,6316.05908203125,0.03880687
2246,-126.76068923685706,51.079637012597225,0,,,,,-0.0592314042150974,0.1047188267111778,,2.0,,,,,,,,42408.828125,,,0.26416612
2247,-129.43624918466764,54.33453779428528,0,,,,,,,0.7995791435241699,11.0,7.823727607727051,2202.113037109375,3.4787933826446533,0.0045065218582749,34.98029327392578,-1.0560959577560425,32.263450622558594,4743.01025390625,930.0628051757812,4596.9775390625,0.15637611
2248,-127.34224143772104,54.5075917193943,0,255.68508911132807,7.235267162322998,1080.550537109375,6.141700744628906,0.0081855421885848,-0.0022841410245746,0.7308204174041748,2.0,7.317274570465088,844.9589233398438,2.387505054473877,0.0037888798397034,33.25151443481445,-0.8704861402511597,77.07212829589844,1510.5528564453125,3376.400634765625,1575.31591796875,0.6148177
2249,-127.3829579549528,52.83297385943147,0,,,1177.279296875,5.696193218231201,,,0.0154065154492855,9.0,6.291191101074219,2107.858154296875,2.8774573802948,0.0042106471955776,32.91733932495117,-0.947482705116272,48.65150833129883,58082.609375,2922.859375,40401.61328125,0.0031129245
2250,-122.29638524299884,49.696293298942514,0,37.43737411499024,14.307536125183104,1381.4478759765625,5.0260090827941895,0.0643512159585952,-0.1634590476751327,0.3202313482761383,2.0,8.76016616821289,1441.685791015625,2.1807284355163574,0.0047709033824503,36.30918502807617,-1.0092335939407349,91.2792510986328,8164.6689453125,3286.844970703125,8088.0205078125,0.035362404
2251,-116.03609366674112,49.632957564962965,0,179.23634338378906,3.53926682472229,943.8734741210938,8.526010513305664,0.0154214911162853,0.0019535487517714,0.6999987363815308,2.0,10.212167739868164,529.6776123046875,2.6544692516326904,0.0038243071176111,32.20198440551758,-1.4058514833450315,50.58658218383789,308.3890075683594,831.6455688476562,421.86041259765625,0.6049718
2252,-125.2447463380512,51.41871502515504,0,,,,,,,-0.0864755883812904,9.0,4.121347904205322,968.5231323242188,2.5420966148376465,0.0033305890392512,25.760498046875,-1.0933338403701782,50.69907760620117,48310.52734375,8931.7255859375,48350.1328125,0.010596584
2253,-128.03724219197787,53.70934527264403,0,218.28636169433597,20.359468460083008,510.8173828125,4.988097667694092,0.0674285590648651,0.0455833636224269,0.7734764814376831,2.0,6.392975330352783,1968.8255615234373,2.968979835510254,0.0041143153794109,32.01822662353516,-1.0367000102996826,47.289886474609375,17456.994140625,630.4832153320312,17504.095703125,0.038382508
2254,-132.11834297207042,53.80694600356692,0,297.9216613769531,0.40183225274086,57.55084991455078,7.786657810211182,-0.0014354053419083,0.0006774800131097,0.7198149561882019,11.0,11.61367893218994,1300.5972900390625,5.775549411773682,0.0056240516714751,40.86334991455078,-2.183627128601074,31.72766876220703,776.6021118164062,18464.568359375,1004.933837890625,0.07983352
2255,-123.20169405952277,49.205625669946,0,,,,,,,,7.0,,,,,,,,,,,0.17682678
2256,-127.87107117294488,53.8122199285878,0,317.4582214355469,11.057733535766602,924.5292358398438,4.939158439636231,0.0406519584357738,-0.0126030044630169,0.8602237105369568,1.0,5.503944873809815,1727.4822998046875,2.6771657466888428,0.0039344974793493,30.08414649963379,-1.0791356563568115,51.9918212890625,28689.10546875,379.07763671875,28618.50390625,0.11736353
2257,-120.85176079833,49.53010643446764,0,28.381370544433597,19.20040512084961,1110.24609375,7.213461399078369,0.0252489112317562,-0.0381429642438888,0.6953704953193665,2.0,9.55191707611084,627.337646484375,2.2348504066467285,0.0042418399825692,34.47916793823242,-1.1616322994232178,96.23795318603516,1461.3397216796875,1656.641845703125,1394.9405517578125,0.8470819
2258,-125.49492364013273,50.114744066998085,0,172.8262176513672,2.295538663864136,221.23919677734372,10.123705863952637,0.0159140527248382,-0.0033294954337179,0.3962953686714172,1.0,12.51688003540039,1744.75146484375,2.941040277481079,0.0057019214145839,44.54330825805664,-1.4961401224136353,89.86727142333984,555.385498046875,71.06558227539062,427.4462585449219,0.15084192
2259,-128.51105705193433,58.3360245296052,0,277.6595458984375,4.025516033172607,1234.59375,6.154660224914551,-0.0103486999869346,0.0235530566424131,0.6542587876319885,2.0,4.062093257904053,612.3235473632812,1.8267747163772583,0.0030828597955405,29.48182487487793,0.6087438464164734,42.57101440429688,80460.53125,421.0725708007813,80436.0390625,0.16019337
2260,-121.32340418900446,55.435167088961016,0,70.8698959350586,5.000962257385254,1491.2236328125,5.981101989746094,-0.0409587658941745,0.0030946861952543,0.4293061196804046,2.0,7.065301895141602,735.7879028320312,2.97060227394104,0.0037631636951118,38.89805603027344,0.2551736235618591,65.97535705566406,8612.9677734375,6625.97412109375,8493.69921875,0.18825619
2261,-128.3838024385253,52.73713077694233,0,197.1248321533203,8.49014949798584,171.25347900390625,5.032628536224365,0.0154941417276859,0.0446871556341648,0.7946128249168396,2.0,10.663045883178713,4018.035400390625,4.1570820808410645,0.0053215539082884,46.556251525878906,-0.9853729605674744,33.641693115234375,18416.41796875,11039.0849609375,18592.177734375,0.015787635
2262,-123.19719752530276,54.123610738557296,0,205.174560546875,0.7045295238494873,810.2105712890625,7.010937690734863,-0.0046568545512855,0.0004193897475488,0.7644075155258179,2.0,9.761277198791504,575.4075317382812,2.1361701488494877,0.0040768459439277,36.49054718017578,-0.5293654203414917,58.00682067871094,946.5151977539062,2305.137939453125,887.2801513671875,0.41894644
2263,-120.01191241896542,58.81379711223747,0,,,,,,,,4.0,,,,,,,,,,,0.17682678
2264,-127.32899550798916,54.61179623417868,0,232.52171325683597,8.965977668762207,810.1509399414062,5.883095741271973,0.0381982997059822,-0.0069200117141008,0.8365739583969116,2.0,8.534124374389648,697.4590454101562,2.213832139968872,0.003827323205769,33.06356430053711,-0.9264186024665833,70.18598937988281,339.7172241210937,514.01806640625,375.8777160644531,0.576926
2265,-129.2217408929719,55.44573060834332,0,208.07408142089844,16.68262481689453,916.2307739257812,6.037077903747559,-0.0119573036208748,0.0035581407137215,0.7800416350364685,2.0,7.494255542755127,1402.1668701171875,2.4370195865631104,0.0041544470004737,33.13017272949219,-0.6310635805130005,54.25707626342773,409.5774536132813,3496.230712890625,209.0994110107422,0.7486395
2266,-122.73179164196766,53.20105069114298,0,233.46018981933597,9.332293510437012,723.6810302734375,6.89036226272583,-0.0040268450975418,-0.0002560452849138,0.7768520712852478,2.0,10.88232707977295,543.0270385742188,2.157875299453736,0.0042020841501653,36.68750762939453,-0.1627545058727264,57.73309326171875,477.1532897949219,826.578125,422.739990234375,0.2655366
2267,-120.9909405655648,49.40331649481076,0,57.71393966674805,12.78685188293457,1602.2230224609375,6.399995803833008,0.0002380701334914,-0.0156639833003282,0.7521830797195435,2.0,8.260697364807129,834.2777709960938,2.293114423751831,0.0042768656276166,34.36794662475586,-0.9999884366989136,117.62252807617188,3476.312744140625,2027.7979736328125,3353.37109375,0.70343715
2268,-127.05648510969507,50.56597703748109,0,118.21805572509766,1.077314376831055,93.92977142333984,8.625650405883789,-0.0079933125525712,0.0028162712696939,0.7483473420143127,2.0,11.70699405670166,1924.3094482421875,4.043469429016113,0.0057983719743788,44.80007553100586,-1.1360069513320925,67.12824249267578,315.6972351074219,3516.23876953125,228.56788635253903,0.10594178
2269,-131.95543192613863,52.94841053897972,0,191.63206481933597,10.191255569458008,619.8387451171875,4.612368583679199,-0.0656438022851944,0.1190130859613418,0.7049439549446106,2.0,10.387612342834473,2871.279052734375,6.589224338531494,0.0055622677318751,43.1635856628418,-2.338464736938477,41.8355712890625,7430.66650390625,,7302.50244140625,0.025776152
2270,-123.85784022204214,50.90139121228844,0,245.0188140869141,26.45236015319824,2261.195556640625,5.395720481872559,-0.019856808707118,0.0150195779278874,-0.0013876213924959,9.0,4.967819690704346,923.78662109375,2.315694808959961,0.0033008244354277,26.67045021057129,-1.19141685962677,51.2994270324707,42155.484375,7404.8037109375,41963.0625,0.07369345
2271,-130.05848253938154,56.29536398913935,0,263.3133544921875,22.94278717041016,838.9760131835938,8.910414695739746,0.0168745927512645,-0.0116842929273843,0.7899909019470215,2.0,5.16008996963501,1658.0924072265625,1.974313259124756,0.0033919839188456,28.86697006225586,-0.2498611062765121,42.17594909667969,14314.2197265625,936.8866577148438,14464.7734375,0.4100861
2272,-122.12931332047148,49.14424092677661,0,154.49468994140625,1.5098406076431274,133.52490234375,19.302703857421875,-0.0036333827301859,0.0114406766369938,0.8016808032989502,1.0,14.263296127319336,1693.058837890625,2.9208221435546875,0.0058114221319556,51.98974609375,-1.06212317943573,112.80783081054688,1050.8607177734375,561.8236083984375,1342.558837890625,0.20443095
2273,-122.14486098541384,53.74570993631632,0,155.56346130371094,5.353814601898193,944.5762329101562,7.793399810791016,0.0073613156564533,0.0081267077475786,0.768521249294281,2.0,9.868833541870115,831.9498901367188,2.322502851486206,0.0042495154775679,40.07308197021485,0.0724290087819099,64.32815551757812,1534.7425537109375,2958.90478515625,1541.06640625,0.11456106
2274,-128.4882443180192,57.78943850738712,0,48.94119644165039,7.948601245880127,1661.1463623046875,6.949213027954102,0.027866194024682,-0.0559240207076072,0.5032015442848206,11.0,3.657968759536743,718.19091796875,2.182842493057251,0.0031461003236472,28.76502799987793,0.442308247089386,43.988800048828125,83196.6796875,8247.666015625,83289.109375,0.024354152
2275,-131.06655369069802,59.98634107002195,0,349.9905090332031,3.8261327743530273,1133.4041748046875,6.915692329406738,0.0069931456819176,-0.0011970384512096,0.7064483761787415,2.0,4.088748931884766,565.7570190429688,2.075855255126953,,29.56722640991211,0.2082831114530563,64.41211700439453,7821.39111328125,7756.59375,7803.34423828125,0.28069052
2276,-130.4135770178626,57.76729732542618,0,288.4190979003906,20.91427993774414,,,0.0079011870548129,0.0001449602568754,0.7281978726387024,2.0,6.962310791015625,575.3787231445312,1.9175970554351809,0.0033280001953244,30.88862991333008,0.6826142072677612,64.8905029296875,24791.494140625,1439.552490234375,24697.65625,0.18492995
2277,-122.00873160653968,54.10250726681886,0,107.74879455566406,0.463817298412323,720.5469970703125,8.1242094039917,0.0009715997148305,-0.0008185456390492,0.7271230816841125,2.0,10.435243606567385,911.3436279296876,2.27001428604126,0.004418431315571,40.08639144897461,0.3722537755966186,57.81857681274414,2002.3720703125,2729.86181640625,2073.44775390625,0.0710661
2278,-125.48315287281116,50.71471553625165,0,,,,,,,,2.0,,,,0.0052186977118253,,,,,,,0.09459665
2279,-123.47366641045708,51.76921947916283,0,291.0790100097656,0.7909411787986755,1211.805419921875,10.398658752441406,0.0041608358733356,-0.0012196553871035,0.53938889503479,2.0,10.689682960510254,375.69866943359375,2.149128198623657,0.0037483847700059,29.152877807617188,-1.4572830200195312,32.4614372253418,1542.6580810546875,1986.1312255859373,1493.097412109375,0.616516
2280,-120.0139100863843,55.61538272123146,0,,,767.8491821289062,7.857241630554199,0.0017726490041241,0.0008217712747864,0.54841548204422,2.0,8.869513511657715,488.95318603515625,3.0320427417755127,0.0039317258633673,37.5433464050293,0.2240972220897674,38.97895812988281,298.3179016113281,2633.203125,316.7323913574219,0.32418245
2281,-128.2651257835832,56.83333298250223,0,65.16631317138672,5.62743616104126,981.8258666992188,6.772752285003662,0.0101231476292014,0.0030543135944753,0.7312788367271423,2.0,5.749420642852783,716.3546142578125,1.859857201576233,0.0034413102548569,30.37143325805664,0.4433097541332245,32.446258544921875,80872.859375,618.87353515625,72055.5390625,0.44941983
2282,-124.17964946600388,50.033607294762064,0,60.42781066894531,17.28520965576172,1177.0166015625,,-0.0064623774960637,0.0140874218195676,0.2724567353725433,2.0,9.30221462249756,1398.380615234375,2.437293767929077,0.00517148245126,36.71995162963867,-1.4140173196792605,92.33638763427734,1960.9720458984373,3108.198486328125,2066.988037109375,0.29801434
2283,-121.50735732748618,52.146319812407775,0,82.32563018798828,1.1294817924499512,1056.602294921875,6.740325927734375,-0.0045115435495972,0.0033316931221634,0.7032511830329895,2.0,10.112703323364258,572.4364013671875,2.3589088916778564,0.0042184009216725,36.07517623901367,-0.293437510728836,44.8730697631836,1520.3665771484375,1390.70263671875,1701.5142822265625,0.52543813
2284,-126.0734166462436,58.67971819403569,0,18.515525817871094,19.377742767333984,1732.079345703125,4.884308815002441,-0.0156813003122806,0.0277157705277204,0.1453141272068023,11.0,2.8949015140533447,667.3504028320312,2.020991325378418,0.0029831994324922,28.49672508239746,0.4292807281017303,29.09015464782715,23677.08203125,7145.8291015625,23681.298828125,0.009400557
2285,-125.73308866013328,49.10720378825342,0,,,,,,,,,,,,,,,,,,,0.17682678
2286,-129.9284334487002,59.41066499841451,0,294.5696105957031,19.801294326782227,1642.092041015625,5.351012706756592,0.0305609293282032,-0.0164433121681213,0.0779488831758499,11.0,3.4232449531555176,676.9381103515625,2.091182947158813,0.0030634691938757,28.86506462097168,0.4612674713134765,67.68598175048828,14709.908203125,2431.512451171875,14947.501953125,0.0047978917
2287,-120.41333616952116,49.85679701792398,0,257.0824890136719,5.948324680328369,1679.29443359375,5.897192478179932,-0.0103753954172134,-0.0050327652134001,0.5898202061653137,11.0,8.897445678710938,519.7894897460938,2.46022629737854,0.0040772673673927,31.595075607299805,-0.9140625,53.45102691650391,3404.147216796875,6749.14599609375,2919.803466796875,0.9856797
2288,-122.57237483051614,56.764313628962654,0,81.56381225585938,2.803511381149292,978.0123901367188,7.232363224029541,-0.0044088256545364,-0.0002936176024377,0.7478480935096741,2.0,7.074321746826172,593.026611328125,2.413187026977539,0.0036143898032605,37.940425872802734,0.0575694441795349,44.22706985473633,2719.849365234375,3131.955078125,2814.466064453125,0.35499197
2289,-131.23724290756803,57.0961070634177,0,217.8787384033203,18.472265243530277,1914.89697265625,5.83913516998291,0.0109175443649292,-0.0095778107643127,-0.1496656537055969,9.0,3.6287026405334473,1598.2601318359375,2.4176838397979736,0.0033196019940078,26.55579948425293,0.0819695517420768,42.67709732055664,58631.0546875,5142.13134765625,58652.65625,0.0033264756
2290,-128.25891964113626,57.3840193857783,0,154.92799377441406,5.962316036224365,1829.5560302734373,6.0677266120910645,-0.0047926949337124,0.0297661777585744,0.2835240662097931,11.0,3.5168254375457764,764.8659057617188,2.2103257179260254,0.0031558652408421,28.60038948059082,0.5630810260772705,38.85369110107422,106699.5546875,4949.75537109375,106685.5234375,0.043648586
2291,-125.84227477699017,50.813108427650064,0,178.906005859375,27.7764892578125,987.9071655273438,4.614589214324951,-0.0766816064715385,-0.0162893142551183,0.6581431031227112,2.0,8.33623218536377,1496.4664306640625,2.821491479873657,0.0049592787399888,34.617923736572266,-1.1717233657836914,74.61203002929688,20894.724609375,6120.18603515625,20761.080078125,0.024867501
2292,-124.99116382467778,49.47436546912884,0,,,,,,,0.7492452263832092,2.0,9.933808326721191,1833.5806884765625,2.886227607727051,0.0058684418909251,39.48789978027344,-1.7048450708389282,133.05479431152344,2129.796875,673.7304077148438,2291.881103515625,0.3290508
2293,-124.85483005774064,48.826266290054384,0,183.110595703125,9.369097709655762,181.35655212402344,8.38010025024414,0.0158504620194435,-0.0064700138755142,0.7017195820808411,2.0,12.032118797302246,2714.301025390625,3.1855392456054688,0.0061756861396133,47.10514450073242,-1.4025694131851196,162.2788543701172,3324.610107421875,1726.2520751953125,3465.734130859375,0.065484054
2294,-122.31583582201918,54.46972239504549,0,88.26870727539062,4.742472171783447,944.9425048828124,7.397677421569824,0.0164804495871067,-0.0064435852691531,0.7469983100891113,11.0,8.338072776794434,836.9835205078125,2.412254095077514,0.0040927547961473,37.91556930541992,0.1593832373619079,52.17227935791016,6470.18408203125,2148.419677734375,6627.63623046875,0.27114186
2295,-126.15221836020856,51.889323242735344,0,,,1552.4970703125,6.990655899047852,,,-0.0033495661336928,11.0,6.011148929595947,1183.35009765625,2.412964105606079,0.0036544543690979,29.627016067504883,-1.02576744556427,49.95536804199219,35014.921875,3417.031005859375,29898.826171875,0.39695668
2296,-129.88972320980602,57.59386251673977,0,108.22794342041016,17.485689163208008,1451.863525390625,4.517865180969238,-0.0148584637790918,0.0922465920448303,0.6225018501281738,2.0,4.876290798187256,773.7684326171875,2.171612501144409,0.0033150389790534,30.184236526489254,0.9927102327346802,60.83866882324219,11223.5859375,1936.2041015625,11288.515625,0.013774699
2297,-126.01186585321588,55.4874910815124,0,-0.8779942393302917,0.0002654093550518,689.0,15.057220458984377,0.0,0.0,0.0774810835719108,1.0,8.98117733001709,519.7489624023438,1.8433823585510252,0.0041275606490671,32.02791213989258,-0.4902778267860412,46.058475494384766,1695.6973876953125,0.0,1763.471435546875,0.10494051
2298,-128.99630124446497,53.24566590149438,0,,,304.7787170410156,7.884094715118408,-0.0954974517226219,0.0089105144143104,0.3450660705566406,2.0,10.190832138061523,3712.366455078125,4.344044208526611,,44.541969299316406,-1.2033860683441162,32.727542877197266,21688.068359375,11576.46875,21881.654296875,0.039313193
2299,-128.4449387087295,53.13897203357645,0,,,456.8876647949219,6.549371719360352,0.0476108416914939,-0.0450454764068126,0.6362606883049011,2.0,8.847780227661133,3307.419189453125,3.9587597846984863,0.0049400068819522,39.44888305664063,-0.9925000071525574,34.62201690673828,17444.095703125,2824.59033203125,17491.158203125,0.016382482
2300,-127.8002650581278,52.73014133270766,0,198.79624938964844,13.718433380126951,223.77626037597656,4.940626621246338,0.0591270700097084,0.0043955869041383,0.8223034143447876,2.0,8.167434692382812,2989.7578125,3.6403870582580566,0.0047423122450709,37.870155334472656,-0.8261771202087402,40.092323303222656,41403.87109375,3557.39697265625,15434.208984375,0.0063936138
2301,-127.04611612164916,56.64661867231135,0,77.15748596191406,10.006969451904297,1675.2039794921875,7.029825210571289,0.021631421521306,0.0002836851926986,0.4461031258106231,9.0,4.204351902008057,740.1988525390625,2.235311269760132,0.0034478905145078,29.83823776245117,0.1726335138082504,37.314002990722656,111436.890625,6976.85400390625,51598.02734375,0.031239625
2302,-131.3175625430157,56.80683399552202,0,250.8560485839844,10.241869926452637,1041.159423828125,5.725345611572266,-0.0157066397368907,0.0154708856716752,0.5606865286827087,9.0,5.305883884429932,1849.430908203125,1.9862689971923828,0.0035019405186176,28.754159927368164,0.0690479502081871,38.27542495727539,68011.46875,5066.13232421875,68087.453125,0.02503867
2303,-127.46934837163536,51.53935892085848,0,138.79852294921875,9.84048557281494,1004.8499755859376,5.306589603424072,-0.0538102686405181,0.0959235429763794,0.7268540859222412,2.0,9.792384147644045,2656.270751953125,3.938408613204956,0.0054408484138548,43.68484115600586,-0.8231756687164307,42.67131805419922,22013.537109375,3555.4736328125,22126.20703125,0.026548577
2304,-126.3510088467435,50.998430825678994,0,,,933.6812744140624,6.207652568817139,,,0.6965352296829224,2.0,8.394234657287598,1713.402587890625,3.16128921508789,0.0049808411858975,35.87608337402344,-1.0232990980148315,65.75289916992188,11819.7666015625,6057.962890625,11733.103515625,0.04199058
2305,-130.42734678375493,56.88669977531,0,333.1844482421875,4.934322357177734,603.1240844726562,8.538113594055176,0.0230228807777166,-0.0196635108441114,0.8252321481704712,2.0,8.322468757629395,1093.5274658203125,1.658527374267578,0.0037372026126831,32.077606201171875,0.1756153553724289,44.66325759887695,12896.921875,1105.1595458984375,12988.673828125,0.03741468
2306,-127.28132453101018,51.46997997481586,0,292.1291809082031,7.219400882720947,1106.0745849609375,5.431174278259277,-0.0718156620860099,0.0817699208855629,0.4440564513206482,11.0,9.698899269104004,2435.388916015625,3.7697908878326416,0.0051334891468286,42.73520278930664,-0.8549432754516602,45.51494216918945,14016.5732421875,3314.03173828125,14049.3095703125,0.053136457
2307,-121.94295430010324,53.76185544412812,0,54.16074752807617,7.343488693237305,866.021240234375,7.296778678894043,0.0234090238809585,0.0022609604056924,0.7556561827659607,2.0,9.40403175354004,910.7300415039062,2.3844683170318604,0.0042676934972405,40.2491455078125,0.3993817567825317,61.13864135742188,5881.76708984375,1339.6953125,5772.65625,0.055628844
2308,-132.45744366200196,58.93257648528983,0,23.16747665405273,14.114771842956545,1445.8956298828125,5.56018590927124,0.0115514667704701,0.0385793522000312,0.4154021143913269,9.0,4.897006988525391,798.529052734375,2.331441164016724,0.0032121120020747,31.01504898071289,0.5787525177001953,84.63685607910156,81137.609375,3964.53466796875,81282.1171875,0.05767675
2309,-127.3709920031664,55.36357208054379,0,75.2806625366211,1.7112250328063965,858.48583984375,7.289997577667236,0.0101542957127094,-0.0129789616912603,0.7505248785018921,2.0,7.861313819885254,756.65869140625,2.1462924480438232,0.0038470774888992,34.3526496887207,-0.2798240184783935,72.33213806152344,7731.5625,2994.549072265625,7683.16845703125,0.36668286
2310,-126.01318603629282,59.52083098265851,0,75.07626342773438,8.506196022033691,936.8099365234376,7.186991691589356,0.0064890999346971,0.0243106130510568,0.7098121047019958,2.0,5.034628391265869,532.6220703125,1.545261025428772,0.0032014816533774,30.56678581237793,0.2247300744056701,31.8515567779541,4344.30859375,10693.8720703125,4279.70068359375,0.08809325
2311,-124.0048617930818,57.66485192657444,0,,,,,0.0069602713920176,-0.0004541610833257,0.5696651339530945,2.0,3.877025842666626,701.3046264648438,2.372544527053833,0.0031614338513463,31.41388702392578,0.26378333568573,34.548583984375,59100.72265625,657.0467529296875,59124.52734375,0.38186574
2312,-123.896710028869,49.10818189420345,0,105.966552734375,2.5035054683685303,64.12178802490234,6.593625068664551,-0.0007880575722083,0.0004156907962169,0.8273400664329529,2.0,14.642173767089844,1087.4814453125,3.288264513015747,0.0060377279296517,42.34885787963867,-1.0354020595550537,113.8017120361328,204.86703491210935,1425.8143310546875,101.83226776123048,0.19843055
2313,-124.42041035935183,49.15264740137389,0,264.36572265625,11.243457794189451,691.725830078125,6.68619441986084,0.0676902011036872,-0.0056718862615525,0.8721045851707458,2.0,10.228062629699709,1916.3212890625,2.730265617370605,0.0056620188988745,40.68075942993164,-1.338603973388672,170.85916137695312,1096.3304443359375,6491.16259765625,1218.0152587890625,0.14540401
2314,-128.59100017555562,58.1557182587615,0,204.1380615234375,8.411978721618652,1552.5323486328125,6.545673370361328,0.0046055633574724,-0.0269507151097059,0.6434081792831421,2.0,3.800701379776001,682.4247436523438,2.0533363819122314,0.0030505475588142,28.99762725830078,0.577791690826416,44.150516510009766,75232.8125,8691.892578125,75279.3984375,0.014078425
2315,-120.88644870153688,53.3787736868091,0,286.0883483886719,15.74886417388916,1587.427490234375,6.112099170684815,0.0554759427905082,-0.0022330584470182,0.6139404773712158,2.0,6.8593525886535645,1018.2319946289062,2.4979982376098637,0.0036554608959704,36.52398681640625,0.1326808184385299,40.049800872802734,16992.45703125,2131.829833984375,17078.30859375,0.61745065
2316,-124.23321635965584,54.61932153169469,0,200.30767822265625,1.212369680404663,760.2887573242188,8.092168807983398,0.0083905179053545,-0.0045905970036983,0.6986497640609741,2.0,9.16702365875244,517.281494140625,1.9326813220977783,0.0040658856742084,34.025840759277344,-1.040688157081604,49.5039291381836,1203.59765625,3125.9716796875,1286.212890625,0.4091196
2317,-123.8772765037352,50.05625553851509,0,,,,,,,0.8202468156814575,2.0,10.002991676330566,1533.56787109375,2.7619941234588623,,,,,20394.724609375,11798.7353515625,10154.369140625,0.035368353
2318,-136.28782126966055,59.96751784179281,0,,,1750.7711181640625,,,,0.0503187589347362,8.0,3.909143924713135,659.7493896484375,3.2504918575286865,0.0029862446244806,28.102140426635746,-1.01703143119812,75.30467987060547,25138.560546875,1632.4774169921875,25100.59765625,0.0051459367
2319,-123.24963748391716,56.75347409665535,0,181.57688903808597,12.7411527633667,1491.458984375,4.610599040985107,0.0684751123189926,-0.0263040121644735,0.6558799147605896,2.0,4.534078121185303,715.92529296875,2.58678674697876,0.0032680151052773,33.09739685058594,0.2687762677669525,38.31629180908203,26944.7734375,8840.326171875,26864.943359375,0.010678736
2320,-123.6223760057608,52.50994665159057,0,109.47659301757812,1.0392775535583496,1154.5423583984375,8.939070701599121,0.0045990073122084,-0.0024773178156465,0.420371949672699,11.0,10.296693801879885,382.8542175292969,2.18160080909729,0.0037571450229734,29.90926551818848,-0.923151433467865,30.657638549804688,2155.457275390625,1520.8890380859375,2005.4490966796875,0.9809188
2321,-128.9159665306317,56.4260963509588,0,212.63601684570312,20.207765579223636,1287.8865966796875,5.944868564605713,0.0057977708056569,-0.0466446466743946,0.7154695987701416,2.0,6.1357622146606445,969.5115966796876,1.8427987098693848,0.0035678287968039,30.86439514160156,0.037300705909729,43.01010894775391,24483.5390625,1364.7706298828125,24494.259765625,0.2842895
2322,-124.71995339861614,59.10185198093462,0,71.26239013671875,11.679672241210938,648.7406616210938,5.966028690338135,-0.0033074237871915,-0.0156795941293239,0.7048943042755127,2.0,5.932621955871582,559.7654418945312,1.5646138191223145,0.0034758388064801,34.54209899902344,0.0926602482795715,57.2371711730957,34167.265625,718.7493286132812,34069.72265625,0.2741821
2323,-135.70483854191326,59.7858303010088,0,,,1657.5931396484375,5.789564609527588,0.0009543524938635,0.0400251373648643,-0.0851420387625694,9.0,2.632415533065796,853.2399291992188,3.3928656578063965,0.0030613942071795,24.606735229492188,-0.2153602391481399,97.38134765625,35311.94921875,6045.4140625,35223.6328125,0.0016931768
2324,-128.45857366356657,55.98533926070885,0,220.9579315185547,16.186534881591797,1465.5374755859375,5.6517653465271,0.027845187112689,-0.0517627634108066,0.0263925418257713,2.0,5.199406147003174,1012.7606201171876,2.109473705291748,0.0037470234092324,30.012624740600582,-0.1955282837152481,52.40113830566406,28266.52734375,3403.257568359375,28430.681640625,0.00687201
2325,-120.6101873675868,51.43263961311452,0,241.18557739257807,4.593161106109619,1214.6041259765625,7.919968128204346,-0.0131849162280559,0.0260338149964809,0.6782733201980591,11.0,9.322891235351562,598.3569946289062,2.3434200286865234,0.0041729351505637,37.041805267333984,-0.6975418925285339,54.37540817260742,640.0636596679688,931.5909423828124,717.9205322265625,0.944568
2326,-123.43606748577744,49.510488659644565,0,253.3139190673828,21.017553329467773,460.9335632324219,,-0.1296017915010452,0.1806946694850921,,2.0,,,,0.0058699306100606,,,,3369.13427734375,,,0.33401176
2327,-125.02156876930752,50.68796682198639,0,,,1451.3729248046875,5.73291540145874,-0.0220643691718578,-0.0573541037738323,0.1878228187561035,9.0,7.488689422607422,1127.173583984375,2.593247652053833,0.0048504136502742,32.13132858276367,-1.4099397659301758,88.44912719726562,52863.01953125,5809.18896484375,16031.037109375,0.0033150276
2328,-128.1461526880109,58.61517019394302,0,85.2015380859375,22.205167770385746,1598.1395263671875,5.539251804351807,0.0240260269492864,0.0200273711234331,0.6611504554748535,11.0,3.986973762512207,631.6083984375,1.9374371767044067,0.0030664708465337,29.46705818176269,0.3556432425975799,50.97355651855469,100947.84375,3990.262939453125,90091.78125,0.046722513
2329,-128.04554490358268,51.62618599140485,0,115.82766723632812,9.540590286254885,231.0074005126953,6.029098510742188,-0.008559139445424,0.0241298228502273,0.6604419350624084,2.0,10.77620792388916,2840.846923828125,4.526421070098877,,47.37609100341797,-0.8970926403999329,37.94162368774414,56128.48828125,,56215.80859375,0.053790893
2330,-122.34838599180898,56.61206191182207,0,211.018798828125,3.212637662887573,987.9989624023438,6.5786967277526855,-0.0354397036135196,0.0464884005486965,0.7392181754112244,2.0,7.352316379547119,583.3330688476562,2.4834892749786377,0.0036792000755667,38.63922119140625,0.0778819471597671,46.61907958984375,5414.06201171875,5038.98583984375,4107.21044921875,0.34178182
2331,-125.49492351650387,54.84229680015635,0,159.25936889648438,5.339768409729004,1045.2762451171875,6.45029878616333,-0.0267651993781328,0.0192116536200046,0.6268336772918701,2.0,7.315104961395264,559.82568359375,2.114591360092163,0.0038086613640189,33.73869323730469,-0.5628857016563416,65.45381164550781,6113.1865234375,7424.34765625,6173.1953125,0.6266704
2332,-127.43724355416292,52.1735703948451,0,,,,,,,0.8094490766525269,2.0,,,,0.0052111586555838,,,,,4349.84765625,,0.11334625
2333,-130.32387403864834,53.70540271645549,0,264.1343078613281,2.373382091522217,75.76220703125,9.765375137329102,0.0151821430772542,-0.0079678948968648,0.7527152299880981,2.0,10.461499214172363,2367.814453125,5.339982986450195,0.0055649159476161,42.61899185180664,-1.7220818996429443,25.54966735839844,12177.7275390625,,12264.0576171875,0.030543195
2334,-130.18007994378854,59.20672345533618,0,211.79356384277344,9.99764633178711,1494.9619140625,5.923689365386963,0.0633804872632026,-0.0001960627996595,0.2087133377790451,2.0,3.4079880714416504,683.1228637695312,2.1342618465423584,0.0030830877367407,28.642179489135746,0.4493620991706848,53.498085021972656,20380.31640625,4053.074951171875,20414.1875,0.0060469373
2335,-124.3268152607072,49.4903330565582,0,144.0093994140625,1.563689112663269,88.64710235595703,7.184218883514404,0.0114060966297984,-0.0179172400385141,0.8015298843383789,2.0,13.788122177124023,1037.7408447265625,3.319225311279297,,46.56505584716797,-1.513668417930603,121.28684997558594,116.49693298339844,,210.3077087402344,0.09781567
2336,-129.28087135972856,54.38548199000004,0,,,626.9407958984375,6.2858662605285645,,,0.6172676682472229,2.0,8.502348899841309,2053.504150390625,3.083181381225586,0.0044799419119954,36.26565933227539,-1.0518324375152588,34.346954345703125,5713.50341796875,876.6019897460938,5556.0341796875,0.061407972
2337,-122.35898647831034,58.85998348733358,0,79.3387222290039,0.947081446647644,409.4205932617188,11.843235969543455,-0.0012987137306481,-0.0006512487889267,0.7439520955085754,2.0,6.117434978485107,480.7243347167969,2.0284879207611084,0.0037379248533397,36.22440719604492,-0.1591666638851165,73.37291717529297,3855.4912109375,6804.708984375,3892.330810546875,0.4580912
2338,-129.7677211165331,56.54703774587339,0,325.6396179199219,27.924728393554688,816.5130004882812,5.423447608947754,-0.054143913090229,0.0289045758545398,0.5745684504508972,2.0,7.1050519943237305,1174.1044921875,1.608229637145996,0.0037107693497091,31.15794563293457,-0.1597689837217331,36.45650100708008,9643.9404296875,359.0346374511719,9693.6953125,0.25925907
2339,-130.19574696093574,54.9165606070725,0,,,,,,,,,,,,,,,,,,,0.17682678
2340,-125.03179405038436,59.18981923623193,0,160.48219299316406,15.696531295776367,1193.4013671875,4.659128189086914,-0.0274965949356555,0.0191743653267622,0.6686519980430603,2.0,5.093644618988037,575.6356811523438,1.7173237800598145,0.0034134222660213,33.04391860961914,0.3082720637321472,50.26837539672852,37906.95703125,4973.0419921875,38053.0703125,0.15823166
2341,-128.92805958817152,57.534675865616514,0,186.80474853515625,15.007027626037598,,,-0.0083503844216465,0.0191598441451787,0.1932876110076904,9.0,3.173446655273437,817.3836669921875,2.318384885787964,0.0031185599509626,27.89958381652832,0.6318321824073792,44.29555130004883,62900.0703125,5043.06689453125,62898.43359375,0.009093708
2342,-133.08349776368965,59.096430787044994,0,127.6512222290039,13.825780868530272,1195.0662841796875,5.470548629760742,0.0032566625159233,-0.0055817933753132,0.6718186140060425,2.0,5.172555446624756,778.187255859375,2.3746683597564697,0.0034869003575295,31.01368904113769,0.2200863659381866,82.1220474243164,41500.87109375,3739.63916015625,41776.34765625,0.3027888
2343,-127.18066458317404,52.4619461883807,0,273.3345642089844,13.582590103149414,996.5153198242188,6.468263626098633,0.0178232099860906,0.0209366809576749,0.5974902510643005,2.0,9.137659072875977,2244.905517578125,3.357583999633789,0.0048468308523297,39.84442901611328,-0.8651798963546753,45.00652313232422,27242.017578125,7977.203125,27239.44140625,0.024516417
2344,-130.4629359324413,58.546031115418415,0,198.88348388671875,3.500458002090454,1351.5863037109375,7.586652278900146,0.0038352976553142,-0.0077224667184054,0.6960644125938416,2.0,4.456351280212402,598.731201171875,2.0928761959075928,0.0031391982920467,30.02269172668457,0.9753275513648988,59.199951171875,21382.36328125,3800.86572265625,21544.931640625,0.030896036
2345,-128.0247548051986,52.55526209037059,0,59.14730072021485,14.34368133544922,202.6066131591797,8.237839698791504,0.0327633991837501,0.0023385540116578,0.6879568099975586,2.0,10.253838539123535,3519.512451171875,3.9453704357147217,0.0053370101377367,45.74180221557617,-0.8850347399711609,34.96520233154297,29600.068359375,1488.810546875,29208.869140625,0.12045022
2346,-126.93133632743336,52.541507392685865,0,58.69197845458984,17.834819793701172,773.0062255859375,5.599276065826416,0.0862220153212547,0.007913720794022,0.8366507887840271,2.0,6.150547504425049,1702.131103515625,3.0039546489715576,0.0043552909046411,31.83253669738769,-0.895426332950592,50.48954391479492,18965.90625,1384.154296875,19069.48828125,0.04652931
2347,-124.17256092934991,50.35960219489059,0,,,1335.0201416015625,,0.0492181181907653,-0.0062980898655951,0.8225371837615967,11.0,7.761234760284424,1213.0791015625,2.2996985912323,0.0045154620893299,32.72477340698242,-1.33988618850708,86.49246978759766,24428.5390625,4299.90478515625,21405.6640625,0.47936285
2348,-121.743786473615,55.400770759675446,0,123.63998413085938,15.126693725585938,765.7979736328125,6.612154483795166,0.0556165650486946,-0.0250678360462188,0.7285988330841064,2.0,8.501081466674805,639.2069091796875,2.610684633255005,0.0037842937745153,38.288307189941406,0.0853329226374626,49.582786560058594,2480.2353515625,1464.9476318359375,2502.6201171875,0.38388902
2349,-128.0293766493566,53.32290625992386,0,218.5453338623047,26.187692642211918,1079.40283203125,4.854657173156738,-0.045574203133583,0.1446991860866546,0.533146321773529,2.0,7.594155788421631,2441.101806640625,3.600852727890014,0.0044166268780827,34.861778259277344,-1.0872771739959717,42.79317474365234,19285.51953125,4876.41162109375,19434.9296875,0.0075066616
2350,-120.8564746750974,56.422364424831926,0,77.63922882080078,2.705798625946045,714.546875,9.351181983947754,0.001443424145691,0.0029053962789475,0.6144642233848572,5.0,7.037502765655518,489.1179504394531,3.0069563388824463,0.003841632278636,36.45592880249024,0.2467361092567443,34.50048065185547,271.13653564453125,10404.1728515625,236.7850646972656,0.2702181
2351,-130.4262828790428,53.52786447427717,0,89.86737823486328,0.9421542882919312,21.68037223815918,8.118635177612305,0.001733809011057,-0.0003023936296813,0.5943512320518494,11.0,10.50935173034668,2212.83251953125,5.591976165771484,,43.005558013916016,,25.645938873291016,30308.55859375,9050.34375,30202.1640625,0.07642411
2352,-131.4474651004141,57.61165140363177,0,68.07352447509766,10.459885597229004,1752.552490234375,5.995748519897461,0.0114829428493976,-0.0319985225796699,0.1207486763596534,11.0,4.200482368469238,1186.101318359375,2.4407882690429688,0.0035668201744556,29.411846160888672,0.3796323537826538,59.51264572143555,23355.865234375,6378.97998046875,25617.228515625,0.005035103
2353,-120.55457438341205,51.03302753578897,0,296.1067810058594,2.569091796875,1667.3565673828125,7.154342651367188,4.520389120443724e-05,-0.0080111483111977,0.4986052215099334,2.0,7.550817012786865,649.16455078125,2.577439546585083,0.0038445359095931,34.79533004760742,-0.8511399030685425,64.11921691894531,5051.04638671875,3734.271484375,5216.32177734375,0.5831944
2354,-118.47339348357748,52.63537591548919,0,66.57184600830078,15.51686954498291,1915.92138671875,5.4686455726623535,-0.0540640242397785,0.0674611255526542,0.5678836107254028,11.0,4.052993774414063,881.68310546875,2.273955106735229,0.003328448627144,29.84821891784668,-0.6151736378669739,25.34259414672852,24875.16796875,2441.669189453125,25012.8984375,0.33472717
2355,-138.26169403448702,59.61162985049458,0,168.9582977294922,16.43520736694336,784.3055419921875,5.127583026885986,0.0363616086542606,-0.006815736182034,-0.0040458003059029,9.0,4.19853401184082,1473.5198974609375,2.8975722789764404,0.0032815150916576,24.91525077819824,-1.1473435163497925,33.09413528442383,91549.1015625,,91537.59375,0.015061646
2356,-130.28224957242688,54.59892381020471,0,229.1411895751953,21.844953536987305,648.1298828125,6.334074974060059,0.0339387208223342,-0.0180541407316923,0.752973198890686,2.0,9.211883544921877,2222.62939453125,4.279222965240479,,39.42794036865234,-0.8563436269760132,27.31757164001465,8979.6240234375,4434.896484375,9014.306640625,0.14221635
2357,-122.58977022015654,54.74558583637891,0,33.905452728271484,4.976562976837158,928.59619140625,6.2111992835998535,0.0088389683514833,-0.0044281035661697,0.7411476373672485,2.0,8.485572814941406,760.4801635742188,2.326537132263184,0.0040461374446749,36.64535903930664,-0.2827672958374023,48.77059173583984,8522.099609375,2095.039794921875,8496.7802734375,0.27889046
2358,-129.74714070068657,57.67261715300966,0,344.3838806152344,12.006582260131836,1760.43896484375,5.876519680023193,-0.0144516630098223,0.0336794592440128,0.4613746106624603,11.0,5.188490390777588,680.3070068359375,2.032521963119507,0.0034195720218122,30.48097801208496,1.0104520320892334,56.02485656738281,12863.337890625,1717.1519775390625,13050.626953125,0.11013065
2359,-131.42328365697554,58.30481948468392,0,244.84767150878903,3.123366594314575,1550.4959716796875,7.915416717529297,-0.0136239053681492,0.0067229671403765,0.4673627614974975,11.0,3.687124013900757,836.6337280273438,2.414597749710083,0.0031423927284777,29.04070281982422,0.6027116775512695,64.63864135742188,36508.9140625,3714.669677734375,36781.41796875,0.035420604
2360,-124.0838128337838,54.5556181586685,0,285.7825927734375,0.6484523415565491,768.1885986328125,10.322494506835938,0.0036844010464847,-0.0037992415018379,0.5394257307052612,2.0,9.073407173156738,529.2548828125,1.957871675491333,0.0040341112762689,34.27397155761719,-1.0521594285964966,50.59099197387695,2414.314697265625,2506.4345703125,2428.6494140625,0.8852054
2361,-125.9361166168661,57.89382806623329,0,259.7265014648437,10.022891998291016,1649.72314453125,5.145100593566895,-0.0492174811661243,0.0600599162280559,0.6488756537437439,11.0,4.197199821472168,628.6937866210938,1.9205862283706665,0.0032318898010998,29.848737716674805,0.3246196210384369,21.701326370239254,54471.87109375,11054.8115234375,54383.33984375,0.033238336
2362,-122.02123194372427,54.46476593236852,0,173.87847900390625,15.265950202941896,1257.3671875,5.357807636260986,-0.0102781476452946,0.0277105681598186,0.7369700074195862,2.0,7.78395938873291,905.5407104492188,2.5528805255889893,0.0040501430630683,37.76228332519531,0.3229513764381408,44.18037033081055,21513.248046875,2292.9443359375,21743.521484375,0.25328952
2363,-122.6679570066686,56.64162234953757,0,151.74903869628906,6.211801052093506,1021.7793579101562,6.600255012512207,0.0072305034846067,0.0081949243322014,0.7294577956199646,2.0,6.885554790496826,612.459228515625,2.43121337890625,0.0035589653998613,37.80915832519531,0.1717708259820938,44.83979034423828,9082.806640625,4406.765625,9322.0869140625,0.26796317
2364,-133.4314853708062,59.91382411428734,0,327.2810363769531,3.8639612197875977,1007.6810302734376,8.60972785949707,0.0058824443258345,0.0013381143799051,0.6477246880531311,2.0,4.783111095428467,389.5870361328125,2.602227210998535,0.0032923128455877,25.97441673278809,-0.0441150479018688,22.512346267700195,20871.041015625,3343.595947265625,20801.91796875,0.04942464
2365,-128.80564710720162,54.03124899277184,0,234.8679656982422,12.918269157409668,888.5391235351562,5.465449333190918,-0.0091975051909685,-0.0210315641015768,0.6754782199859619,2.0,8.250595092773438,2249.043701171875,3.491511821746826,0.0045845774002373,36.141361236572266,-1.1435396671295166,40.45317840576172,4597.072265625,2582.26171875,4708.04443359375,0.022138998
2366,-123.2990962238298,57.223195584645794,0,27.97337913513184,4.257045745849609,1131.187744140625,8.877368927001953,0.0125526674091815,-0.0196558739989995,0.5455672740936279,2.0,5.774794101715088,625.6141967773438,2.3162622451782227,0.003216978162527,35.05751419067383,0.1179164722561836,39.07413101196289,14819.6142578125,2148.25732421875,14795.9736328125,0.44701537
2367,-129.75972282531708,55.97857463746672,0,,,1021.272216796875,5.191288471221924,,,0.7979890704154968,2.0,5.0579352378845215,1642.63623046875,2.3165981769561768,0.0037690624594688,28.799272537231445,-0.2538625597953796,48.78411102294922,11705.4736328125,994.7214965820312,11567.5712890625,0.111587964
2368,-127.02220800177328,54.733429211194725,0,252.4341583251953,6.971301078796387,704.9564819335938,6.7178239822387695,-0.0025075178127735,0.0065848184749484,0.6529377102851868,2.0,9.701375007629396,519.9959106445312,2.0640811920166016,0.0041537377983331,32.61782455444336,-1.0682710409164429,58.91051483154297,797.2645874023438,1928.7786865234373,633.5903930664062,0.52310437
2369,-121.2401542658698,53.65755102681102,0,193.0654144287109,9.198305130004885,1822.32666015625,4.483226776123047,-0.0811278373003006,0.0310501903295516,0.673363208770752,11.0,7.726123332977295,992.748779296875,2.523256540298462,0.003973405342549,38.2082633972168,0.1788842231035232,44.54145812988281,2637.004150390625,4430.53955078125,2530.779541015625,0.820352
2370,-125.35983005785056,58.94407935683133,0,139.40530395507812,11.225127220153809,1184.342529296875,6.969664096832275,-0.023841768503189,0.0231824349611997,0.6361730098724365,2.0,4.536985397338867,609.5928955078125,1.8241547346115112,0.003108027158305,32.02522659301758,0.4347222149372101,42.13914108276367,10188.369140625,4692.76513671875,10027.1826171875,0.06465542
2371,-129.07818760483366,56.048204118949634,0,264.2213439941406,14.829300880432127,574.157470703125,4.833397388458252,0.0231731534004211,0.0018925870535895,0.8073927760124207,2.0,9.563493728637695,1030.07958984375,1.6434340476989746,0.0044129490852355,33.351219177246094,-0.2275714427232742,47.46149444580078,4087.738037109375,4544.201171875,4025.91796875,0.048918054
2372,-129.98587348809878,55.40904038118176,0,,,573.3045043945312,6.579115867614746,0.0975210294127464,-0.0248291119933128,0.7990982532501221,2.0,8.361900329589844,1983.51025390625,3.172588586807251,0.0044794990681111,36.17562103271485,-0.4797798693180084,34.74713134765625,32445.54296875,8534.29296875,32456.384765625,0.017967135
2373,-129.06196451999702,56.99487834640362,0,50.48230743408203,11.468356132507324,1722.1788330078125,4.777530670166016,-0.0791934207081794,0.0451645962893962,0.4229609370231628,9.0,3.960699796676636,901.0609741210938,2.07321834564209,0.0033411330077797,27.942079544067383,0.3177942335605621,32.07502365112305,53708.19140625,1586.39404296875,53762.78515625,0.010595184
2374,-130.57309106146846,57.08703418674398,0,145.44207763671875,14.205902099609377,743.7481079101562,5.679402828216553,0.0517800264060497,0.0203899163752794,0.7695760726928711,2.0,6.678548336029053,1103.9466552734375,1.8634263277053835,0.0034732217900455,30.774145126342773,0.2273331433534622,53.62859725952149,17997.818359375,1142.3365478515625,18038.478515625,0.065192305
2375,-124.0048453832614,56.79898596023981,0,116.20471954345705,11.606014251708984,943.6287841796876,7.746009826660156,0.0962877571582794,-0.026293920353055,0.6927890777587891,2.0,5.181576728820801,629.7472534179688,2.0710017681121826,0.0033996272832155,32.58481979370117,0.4181250035762787,24.865707397460938,46579.51171875,221.7316436767578,46557.87109375,0.5579568
2376,-125.96138804088956,54.585232749643296,0,119.1518783569336,1.5053119659423828,1109.9765625,7.23419713973999,0.0037708801683038,-0.0025492182467132,0.6392164826393127,11.0,7.740837097167969,538.4400634765625,2.151336431503296,0.003928093239665,33.62063217163086,-0.9076344966888428,75.06849670410156,16271.125,8420.826171875,16193.6796875,0.89592266
2377,-129.40468813276047,53.05196413845137,0,178.80384826660156,11.98737621307373,184.4713897705078,5.4339094161987305,0.0459782108664512,0.0221266709268093,0.5568240880966187,11.0,11.19902515411377,3529.95166015625,4.87834358215332,,47.04646682739258,-1.4843403100967407,31.083803176879883,41941.4140625,,42129.33203125,0.10213462
2378,-131.33312632222982,56.54182769696408,0,142.33189392089844,13.958282470703123,727.7077026367188,5.183867931365967,0.1105636358261108,-0.0547137148678302,0.6724609136581421,2.0,5.96788501739502,2184.34765625,2.188830137252808,0.0038827802054584,29.45591926574707,-0.0169750358909368,39.59494018554688,81481.1640625,4445.8564453125,81549.78125,0.017313687
2379,-130.3183020929532,56.53653076547096,0,,,1047.86328125,5.632247924804688,-0.0135755045339465,-0.0081699742004275,0.34779754281044,2.0,5.119769096374512,1773.9696044921875,2.028740167617798,0.0035856936592608,28.36381721496582,-0.1690258085727691,43.30425262451172,34229.01171875,805.6595458984375,34284.171875,0.07239193
2380,-124.97678514713073,49.04319389546888,0,134.5206756591797,7.857885360717773,494.53369140625,7.123764514923096,0.0103431092575192,0.0028655808418989,0.8772156834602356,2.0,11.916000366210938,2423.581298828125,3.4119386672973637,0.0060614473186433,46.3172721862793,-1.4898958206176758,165.69125366210938,5395.35791015625,1059.1864013671875,4778.1484375,0.09831843
2381,-129.18665622651542,54.71971598192698,0,,,1243.97998046875,6.307011604309082,-0.0556352064013481,0.0004436005838215,0.650528609752655,2.0,5.660998344421387,1773.9957275390625,2.858814239501953,0.0040097944438457,30.737741470336918,-0.8000347018241882,40.1557731628418,21351.546875,1308.7470703125,21306.54296875,0.15935697
2382,-120.3282435580668,58.85433190891775,0,158.61041259765625,0.0956302434206008,355.4389953613281,13.732255935668944,0.0003505608183331,0.0001393570564687,0.5776904821395874,2.0,5.761628150939941,421.0659484863281,2.6799914836883545,0.0036758293863385,32.58417892456055,-0.0716970860958099,33.66014099121094,40716.23046875,5513.1201171875,40619.97265625,0.7176293
2383,-137.38267726552394,59.071325811553145,0,,,,,,,-0.046302855014801,9.0,1.3171690702438354,1395.7889404296875,3.820455551147461,0.0028448393568396,22.598180770874023,-1.140056848526001,40.74872970581055,72381.640625,25707.478515625,72357.0625,0.0063276235
2384,-126.93545718991258,59.30718000569264,0,219.16603088378903,3.675311326980591,1262.2327880859375,6.321760177612305,-0.0027138323057442,0.0025948996189981,0.724592924118042,2.0,4.909103870391846,544.2954711914062,1.6612181663513184,0.0032958171796053,30.73368453979492,0.2981597185134887,45.18838119506836,34963.01171875,4267.3818359375,35095.68359375,0.0650383
2385,-122.34796918507791,57.610800114541775,0,220.2944793701172,3.5363481044769287,923.624755859375,7.594315528869629,-0.0087268985807895,0.0017636744305491,0.676313579082489,2.0,6.774011611938477,563.2760620117188,2.444946765899658,0.0036703026853501,37.60322189331055,-0.0790439844131469,60.27184295654297,36842.49609375,5664.8134765625,36829.3046875,0.661369
2386,-120.68018770433632,50.25229339527916,0,208.38150024414065,4.258906364440918,1524.4388427734375,6.478218078613281,0.0044932086020708,0.0060068848542869,0.7012084722518921,11.0,9.111491203308104,452.1927490234375,2.422729015350342,0.0041080671362578,30.26394462585449,-1.0935195684432983,43.03504180908203,825.9462890625,4067.828125,867.7601318359375,0.9846073
2387,-130.10738820935765,56.415338570970825,0,,,1780.24365234375,4.464221477508545,,,-0.0488973781466484,9.0,3.7349448204040527,1688.9110107421875,2.0968358516693115,0.00333620631136,26.397016525268555,-0.1497783064842224,43.14213562011719,27652.888671875,4979.12060546875,27918.025390625,0.004690434
2388,-128.8662948909974,53.19972718031103,0,,,,,,,0.6683176755905151,2.0,9.544771194458008,3624.088134765625,4.193099021911621,0.0052386661991477,42.07268524169922,-1.1290541887283323,32.90751647949219,11716.892578125,5053.73681640625,11746.904296875,0.014947212
2389,-124.72487461005002,52.33626003335881,0,135.5590057373047,0.6698763966560364,1520.508056640625,9.214332580566406,0.0012950490927323,-0.0032101632095873,0.6018152236938477,2.0,8.535470962524414,413.6883239746094,2.246911764144897,0.0035750882234424,29.03665542602539,-1.1518498659133911,36.03314208984375,13876.619140625,3576.234619140625,13964.89453125,0.41568547
2390,-123.9579572022744,49.95938040495314,0,,,,,,,,2.0,,,,0.0054445806890726,,,,,,,0.08107652
2391,-127.637430950064,52.29395618557533,0,,,,,,,,2.0,,,,,,,,,,,0.17682678
2392,-133.7333957968338,59.00577842468858,0,191.06735229492188,11.24960708618164,1709.18701171875,6.572396278381348,0.0221206489950418,-0.0385255962610244,-0.0072186258621513,9.0,3.425696849822998,942.2366333007812,2.782672643661499,0.0032699869479984,26.57633209228516,0.123580627143383,88.17536163330078,43140.96484375,7161.35546875,43341.328125,0.0022572405
2393,-122.74042272579554,49.230590650829136,0,147.31578063964844,0.0726258680224418,4.361420631408691,10.823996543884276,-0.000373568793293,5.194669574848376e-05,0.4809654653072357,5.0,15.029790878295898,1941.460693359375,2.931464433670044,0.0061711776070296,52.35603713989258,-0.9820576906204224,92.82161712646484,117.78599548339844,1173.092529296875,105.54185485839844,0.10894421
2394,-125.239342213632,50.11888577041213,0,,,,,-0.0084782419726252,0.0001002648787107,,2.0,,,,,45.839942932128906,,94.50487518310548,,,,0.18816306
2395,-131.5627715611168,52.36131347365496,0,,,256.8936462402344,5.1661763191223145,-0.0590822286903858,0.0597451068460941,0.7128161191940308,2.0,11.150997161865234,2756.7294921875,7.125834941864014,0.0058537414297461,43.91017532348633,-2.242769241333008,44.92113876342773,52432.3671875,73872.0546875,52657.59765625,0.025851624
2396,-124.22542642585748,55.67185347250637,0,123.55948638916016,8.209205627441406,1514.3594970703125,6.427725315093994,0.0176818575710058,0.0247742049396038,0.6743478775024414,2.0,5.210909843444824,660.433837890625,2.3225677013397217,0.0035486060660332,31.977191925048828,-0.0407532379031181,51.175071716308594,9621.869140625,9967.1748046875,9644.103515625,0.1812915
2397,-132.18675543974268,52.80026459420503,0,,,,,,,,2.0,,,,0.0057251420803368,,,,,10328.4248046875,,0.08089001
2398,-136.777948488089,59.62431764628237,0,176.2132110595703,6.078383922576904,840.9352416992188,6.8098978996276855,0.0770213305950164,0.0083659207448363,0.5340709090232849,2.0,3.3317344188690186,890.707275390625,3.1649084091186523,0.0030585643835365,25.45504570007324,-1.010190486907959,54.75862121582031,12972.9208984375,8586.4228515625,12966.373046875,0.04431006
2399,-129.28811485108105,56.33346079096293,0,250.4857177734375,1.09324848651886,400.876220703125,9.384672164916992,-0.0002521988353691,0.0001134435951826,0.7056453824043274,2.0,8.870635032653809,1015.4491577148438,1.5392465591430664,0.0039726430550217,32.26163864135742,-0.109676644206047,38.19478225708008,916.5594482421876,1070.850830078125,801.5311279296875,0.28163642
2400,-120.04712465198008,57.19205449248976,0,135.96627807617188,0.6357230544090271,807.1482543945312,7.957449436187744,0.0005995966494083,0.000459559058072,0.7139886021614075,2.0,5.968629837036133,474.1876220703125,3.363687753677368,0.0037564788945019,35.88503646850586,0.3989236056804657,41.917240142822266,45975.59765625,2790.236328125,46021.20703125,0.19583544
2401,-134.9872355568931,59.65551048677391,0,222.23883056640625,10.594432830810549,1713.6617431640625,5.120173454284668,-0.0714853256940841,0.0581149607896804,0.1301843672990799,9.0,3.459428548812866,857.6815795898438,3.304123878479004,0.0033537158742547,26.39931297302246,-0.3537009060382843,115.21002960205078,7025.31103515625,4402.06884765625,6933.0615234375,0.0035095082
2402,-128.75565449622516,53.0563124128969,0,,,160.3994140625,6.642492771148682,0.1271342039108276,0.0030012484639883,0.7906827330589294,2.0,9.797527313232422,3774.650390625,3.9889185428619385,0.0052565452642738,42.45980453491211,-1.015138864517212,32.263092041015625,12661.181640625,182.73802185058597,12543.431640625,0.10378771
2403,-122.28672012415446,59.77253993403804,0,41.78279495239258,0.1771444827318191,496.8778076171875,9.091191291809082,-0.0008694574935361,0.0008510706829838,0.6521669030189514,2.0,4.675795078277588,479.9114074707031,1.9991428852081297,0.0035962983965873,34.435546875,0.2011072784662246,63.40156936645508,39480.4140625,6245.92529296875,39515.45703125,0.6198812
2404,-128.7192169460659,56.28177045226026,0,113.22267150878906,4.183881759643555,411.0199279785156,8.065752983093262,0.0063795195892453,-0.003085175063461,0.8373072147369385,2.0,9.268529891967772,802.0848999023438,1.570134162902832,0.0039747809059917,31.601289749145508,0.111533299088478,40.78131103515625,36382.47265625,886.4057006835938,36366.49609375,0.026836777
2405,-128.18678607592352,52.61173756864447,0,210.53916931152344,12.126527786254885,,,-0.0127071570605039,0.0292914453893899,,2.0,10.191368103027344,3592.376708984375,4.075211524963379,0.0053538209758698,46.10251235961914,-0.9622569680213928,34.47650909423828,,,,0.032897025
2406,-133.53495045935065,58.757164322472526,0,77.60773468017578,23.699434280395508,1405.558349609375,6.313101291656494,-0.0891068354249,-0.026612065732479,0.0564838089048862,9.0,5.162750244140625,1215.9019775390625,2.552485466003418,0.0035032331943511,30.36675453186035,0.1759383678436279,73.70398712158203,69726.21875,4583.1142578125,69965.828125,0.0027518652
2407,-127.42359899231931,54.31773883314925,0,36.58282470703125,5.485165596008301,1255.6143798828125,6.668510437011719,-0.0044650374911725,0.0091145271435379,0.7079784870147705,2.0,7.393191814422607,945.5941772460938,2.3499627113342285,0.003854222362861,32.8780632019043,-0.9440276622772216,70.51787567138672,7634.052734375,2945.4765625,7844.51220703125,0.41143078
2408,-118.42973854223276,52.126015936689775,0,-1.0,0.0,729.0,12.14541721343994,0.0,0.0,0.0143907833844423,1.0,10.7225341796875,984.7526245117188,1.472665309906006,0.0040650465525686,33.897029876708984,-0.6938355565071106,28.39948081970215,10558.7060546875,0.0,10537.1552734375,0.22731575
2409,-120.38473555177526,57.11961179835957,0,252.5634307861328,0.5494343042373657,758.7920532226562,8.244356155395508,-0.0004939061473123,0.0009900173172354,0.6995617151260376,11.0,5.818284511566162,473.8054809570313,3.213587045669556,0.0037765833549201,35.53410339355469,0.308806836605072,39.3580322265625,26343.837890625,5190.98291015625,26554.73046875,0.5867023
2410,-127.89523534613156,58.488483986022615,0,163.0000457763672,19.41882705688477,,,-0.0684218928217887,0.0182645246386528,0.6199392080307007,11.0,2.996509313583374,678.249267578125,2.068650722503662,0.0030523973982781,27.87556266784668,0.3114235997200012,50.08367538452149,118981.9140625,10414.0048828125,110753.9609375,0.08112257
2411,-127.3874307899764,51.03818164341231,0,,,,,0.0030003562569618,-0.0044813160784542,,2.0,11.70943832397461,2103.498779296875,4.174786567687988,,45.646751403808594,-0.8364583253860474,49.8843879699707,,6134.84130859375,17783.890625,0.047074307
2412,-126.84508206207312,57.52058118847805,0,189.4964904785156,13.432316780090332,1464.9288330078125,7.09288501739502,0.0468083620071411,0.0309563186019659,0.5905926823616028,2.0,3.397291898727417,682.9318237304688,2.0930182933807373,0.0030955513939261,28.801498413085938,0.1553043127059936,27.8142204284668,73393.1796875,4406.3876953125,73518.1328125,0.033630818
2413,-129.71096885912343,53.75701812436339,0,139.9638671875,15.450176239013672,576.4620361328125,4.928589344024658,0.0728728324174881,0.0272540729492902,0.6677647233009338,2.0,8.702706336975098,3016.313232421875,4.571548938751221,0.005005822982639,38.77470016479492,-1.4113812446594238,28.246971130371094,41686.84375,1043.1959228515625,41711.67578125,0.02387355
2414,-127.46617334179214,57.82934681679447,0,69.41486358642578,7.083407402038574,1725.4383544921875,5.475883960723877,-0.0698634535074234,0.0431098528206348,0.7031233906745911,9.0,3.4047160148620605,671.8522338867188,2.033895492553711,0.0030915103852748,28.653345108032227,0.4014892876148224,32.69429397583008,118572.4921875,2244.34375,118728.6953125,0.009147316
2415,-137.6548425867635,59.59391534175968,0,47.1195182800293,16.580209732055664,808.8172607421875,5.227183818817139,-0.0078127291053533,0.0122045949101448,0.5588106513023376,9.0,3.8329551219940186,1161.8377685546875,2.9536941051483154,0.0031582673545926,26.649803161621094,-1.0797510147094729,46.49176406860352,61420.62890625,1262.365966796875,61361.08203125,0.018291295
2416,-121.72496830390122,54.20248367895338,0,223.5832672119141,2.364429473876953,695.7939453125,7.54476261138916,-0.0036301356740295,0.0094832787290215,0.768018364906311,2.0,9.916573524475098,905.576416015625,2.3068904876708984,0.0042730900458991,39.42173767089844,0.6179422736167908,46.850711822509766,3532.93310546875,946.3718872070312,3508.61572265625,0.104643814
2417,-130.15154311711487,54.201438372879295,0,75.04451751708984,12.829980850219728,140.6253662109375,7.691999435424805,0.0450904183089733,0.0081617413088679,0.6253341436386108,2.0,10.230918884277344,2492.3427734375,4.685449600219727,0.0052043162286281,41.338260650634766,-1.0897670984268188,27.002992630004883,2912.2119140625,414.2028198242188,2787.836669921875,0.09909025
2418,-120.70632046941245,55.85992833373996,0,232.19532775878903,0.4309510290622711,706.2439575195312,12.133490562438965,-0.0050319344736635,0.0016683696303516,0.4942458271980285,2.0,8.172011375427246,495.5047607421875,2.9449334144592285,0.0038378711324185,37.11056900024414,0.1792081743478775,35.63297271728516,541.4071655273438,879.8555908203125,691.4601440429688,0.4348143
2419,-121.5912026611185,52.01634428781407,0,325.1895446777344,2.240792989730835,1119.595947265625,7.4340009689331055,0.0004384555213619,-0.0062561091035604,0.709673285484314,2.0,10.175104141235352,511.4662780761719,2.3851587772369385,0.0042383684776723,35.50808334350586,-0.422326385974884,45.2452278137207,4154.61767578125,1845.530029296875,4243.947265625,0.36368474
2420,-129.5632600945026,57.04923774822401,0,202.8702392578125,20.561670303344727,1714.2310791015625,4.625800132751465,-0.0030924344900995,0.1218903437256813,0.310504674911499,11.0,4.888007640838623,928.1714477539062,1.9338637590408323,0.0033152832183986,28.81317901611328,0.405340313911438,35.11989212036133,33912.3125,2831.9912109375,33911.39453125,0.047182012
2421,-127.92742412077678,53.02781754540103,0,237.6324462890625,26.77273178100586,911.1472778320312,5.95581579208374,-0.147960677742958,0.1007665172219276,0.6550182104110718,2.0,7.533243179321289,2742.459228515625,3.3024895191192627,0.0045503447763621,35.951080322265625,-0.9313541650772096,40.57034683227539,51465.54296875,765.8387451171875,24228.09765625,0.115652576
2422,-118.38252700967034,51.332421195107,0,211.15403747558597,10.18683624267578,759.5639038085938,9.079419136047363,0.0283711440861225,0.0016044315416365,0.8583136200904846,2.0,8.734452247619629,1162.5047607421875,1.7982083559036257,0.0040371282957494,35.42619323730469,-0.8688026070594788,34.37421798706055,1702.8978271484375,359.6084289550781,1616.907958984375,0.54449946
2423,-130.24067866484083,56.28419558035698,0,128.60585021972656,4.226140975952148,1375.6094970703125,8.410102844238281,0.0136802587658166,-0.009774493984878,-0.0935917943716049,9.0,3.3303112983703613,1864.2047119140625,2.284728765487671,0.0033698140177875,25.981369018554688,-0.1829017549753189,43.1119384765625,17134.607421875,9441.8583984375,17395.15234375,0.009457685
2424,-134.7473768770244,59.41023256872548,0,,,1657.7845458984375,,0.032102320343256,-0.0140925869345664,-0.1081832349300384,9.0,2.818832874298096,948.711669921875,3.14823842048645,0.003172566415742,24.121017456054688,-0.1907921731472015,105.34169006347656,35310.68359375,7837.841796875,35339.33203125,0.0018086479
2425,-126.24095451701912,51.13744917098311,0,,,1367.4052734375,6.656713008880615,,,0.2173174172639846,8.0,7.659087657928467,1558.1395263671875,2.7552781105041504,0.0046542352065443,33.242530822753906,-0.9485240578651428,66.44843292236328,18295.779296875,1891.3978271484373,13334.4443359375,0.014286896
2426,-122.8684626472418,51.74657382728287,0,34.8607292175293,1.31955087184906,1084.9407958984375,8.205927848815918,-0.0010767297353595,-0.000539613654837,0.470326691865921,11.0,10.841212272644045,327.33013916015625,2.245638132095337,0.0038778586313128,25.924060821533203,-1.2266405820846558,23.771270751953125,721.0865478515625,1398.0174560546875,1099.2611083984375,0.8588129
2427,-127.29240890430444,53.32710395997403,0,258.3629455566406,8.101412773132324,1232.8621826171875,5.641294479370117,0.0057635712437331,-0.0002139261196134,0.5037736892700195,11.0,6.389163017272949,1612.8050537109375,2.465319871902466,0.0040437406860291,31.619359970092773,-1.104832649230957,57.61418914794922,32799.59375,1586.8421630859375,32698.11328125,0.607644
2428,-122.81280900789449,59.96566091736564,0,183.96241760253903,1.997686505317688,395.251708984375,8.572577476501465,-0.0091093303635716,0.0074241780675947,0.6822489500045776,2.0,4.732769012451172,473.7273254394531,1.7816202640533447,0.003639503614977,34.1895751953125,0.0719444453716278,66.75004577636719,5848.2392578125,382.0329284667969,5851.54052734375,0.34288386
2429,-125.5958859439069,57.968776493498,0,269.7864685058594,16.87497901916504,1587.8355712890625,6.559946537017822,0.0187424197793006,0.0274595152586698,0.7780242562294006,2.0,4.107998847961426,631.5548706054688,1.9330428838729856,0.0031512232962995,30.0307731628418,0.4679149985313415,17.87790298461914,59773.5078125,4064.096435546875,59702.93359375,0.009049157
2430,-124.2556944581884,55.01595553276562,0,142.22447204589844,2.064769506454468,1028.332763671875,7.877776622772217,-0.0026008170098066,-0.0018302082316949,0.6050629019737244,11.0,7.326740264892578,574.4072875976562,2.049917936325073,0.0037946559023112,33.51537322998047,-0.6248001456260681,51.59874725341797,1072.2205810546875,3054.349365234375,555.4630126953125,0.9623795
2431,-117.59143934737914,49.28980668861352,0,272.0487060546875,12.280887603759766,1060.326904296875,7.462211608886719,-0.003484703367576,-0.0138285160064697,0.7878628969192505,2.0,11.991382598876951,767.7760620117188,2.4213292598724365,0.0043954784050583,36.80096054077149,-1.08494234085083,79.76702117919922,1811.0721435546875,3690.919189453125,1891.79736328125,0.66709286
2432,-137.6739451159142,59.98390767681416,0,233.2896423339844,22.806001663208008,1124.1837158203125,5.9317708015441895,-0.0108039220795035,0.0016906104283407,0.5477462410926819,11.0,,,,0.0030601774342358,28.14755630493164,-1.0293129682540894,54.974891662597656,46848.56640625,1188.1181640625,46933.0625,0.9493013
2433,-123.63776776253005,57.17800618663527,0,242.75376892089844,8.019706726074219,1248.7535400390625,6.850449562072754,0.0203035473823547,-0.007170423399657,0.7714202404022217,2.0,4.833845138549805,651.8201904296875,2.315126657485962,0.0032634621020406,33.14277267456055,0.2135069370269775,32.466758728027344,3429.701904296875,1582.487060546875,3672.768310546875,0.15790918
2434,-121.00407613390304,53.5316254117956,0,291.2191772460937,17.477615356445312,1635.087890625,5.9421796798706055,-0.0002364973042858,0.0036783977411687,0.4743605852127075,2.0,5.835378170013428,1048.8577880859375,2.674304485321045,0.0037628489080816,35.360591888427734,0.1519126892089843,44.43180084228516,14623.7919921875,4515.26318359375,14820.884765625,0.18284234
2435,-121.30940660747244,53.78396482901679,0,30.22243881225586,12.290919303894045,1523.005615234375,6.526648998260498,-0.0012125150533393,0.0070759858936071,0.7068325877189636,2.0,9.091958045959473,952.2943115234376,2.4098117351531982,0.0040885885246098,39.8034553527832,0.301409900188446,43.28718948364258,2197.88330078125,4057.719482421875,2209.606689453125,0.26995397
2436,-125.9484603527522,59.95642563754077,0,36.90957260131836,4.126826763153076,1066.8681640625,5.574949741363525,0.0237797051668167,-0.0181380491703748,0.6966068744659424,2.0,4.00147008895874,550.573486328125,1.6807327270507812,0.0032434612512588,30.677757263183597,0.3431869149208069,35.330169677734375,25935.216796875,1645.4361572265625,26024.8671875,0.11383544
2437,-125.37888807731537,57.91568270322288,0,108.9135971069336,14.387760162353516,1478.1195068359375,6.370050430297852,0.0407001413404941,0.0022395302075892,0.7043675780296326,2.0,2.913151979446411,685.049072265625,2.0981814861297607,0.0030894924420863,28.71587562561035,0.3833305239677429,18.344165802001957,55858.55859375,1230.588623046875,56013.23046875,0.019834964
2438,-124.02314793607388,59.25668180965204,0,280.6853332519531,0.4113692045211792,568.4942626953125,9.820018768310549,-0.0007060210919007,0.0007659433758817,0.7327434420585632,2.0,5.5530314445495605,547.2722778320312,1.6202764511108398,0.0036248585674911,35.88346099853516,-0.1659695655107498,81.31505584716797,41743.05078125,5316.8369140625,41711.3671875,0.5020258
2439,-128.2962390299009,58.41435764759796,0,201.6768951416016,16.900907516479492,1662.634033203125,5.66603422164917,0.0450058467686176,-0.0604415796697139,0.4984799921512604,9.0,3.134718656539917,673.994140625,2.059566020965576,0.0031056315638124,28.329442977905277,0.4152947664260864,46.86501693725586,94172.421875,5736.544921875,94168.96875,0.016222533
2440,-128.25002986738988,55.69974646381901,0,212.2235412597656,3.6000072956085205,566.84765625,7.781861782073975,0.0047106710262596,-0.0030588991940021,0.8228245973587036,2.0,8.958184242248535,813.3310546875,1.8998665809631348,0.0041263136081397,33.522701263427734,-0.1034391745924949,54.79876708984375,2980.812744140625,3337.306396484375,2889.54541015625,0.18434085
2441,-127.67511704662893,51.37090046233055,0,152.98126220703125,2.6260311603546143,83.22469329833984,7.128445148468018,0.0168106574565172,-0.0184942763298749,,2.0,,,,,46.86920547485352,-0.815398633480072,43.5555305480957,42565.40625,,42598.88671875,0.04110972
2442,-135.19856721461736,59.65232802883697,0,,,,,,,,,,,,,,,,,,,0.17682678
2443,-130.23799345723447,59.84008883574249,0,58.95127868652344,7.552006244659424,1417.625,6.587719440460205,-0.0140027226880192,0.0333290286362171,0.5720787644386292,2.0,3.709362030029297,618.550048828125,2.069495439529419,0.0030602859333157,29.662841796875,0.4365024268627167,73.55687713623047,46403.453125,1836.4744873046875,46465.04296875,0.031827524
2444,-126.26077796175892,51.70667808626023,0,72.0638656616211,21.2324275970459,1747.5706787109375,4.858542442321777,-0.0095046237111091,0.0126720583066344,0.0189611092209815,9.0,5.763708114624023,1304.841552734375,2.495024919509888,0.0040572863072156,30.000938415527344,-1.0024845600128174,55.40682220458984,49042.43359375,4418.6513671875,39004.27734375,0.009612421
2445,-125.38293430625626,49.900832275444536,0,64.38602447509766,6.703649997711182,466.1657409667969,6.47200345993042,-0.0181230586022138,0.0222525056451559,0.7136106491088867,2.0,12.578886032104492,1592.539306640625,2.8088831901550293,0.0057306275703012,42.030555725097656,-1.5508825778961182,98.95147705078124,1846.534423828125,3681.368896484375,1795.3543701171875,0.16148879
2446,-123.63402820704351,51.05628268687775,0,207.594482421875,10.879043579101562,2077.8642578125,5.386223316192627,0.0727443397045135,-0.0243236441165208,0.3282675445079803,2.0,5.462563514709473,777.4500122070312,2.394197702407837,0.0033257352188229,26.145463943481445,-1.220178484916687,40.68416976928711,20477.037109375,3447.4658203125,20571.75390625,0.314745
2447,-128.94532421906138,53.40640456061933,0,,,,,,,,11.0,,,,,,,,,,,0.51165277
2448,-129.45973972481363,55.22341125727687,0,292.4289855957031,20.68192672729492,1331.3714599609375,5.182651996612549,-0.0172517951577901,0.0256071910262107,0.4126284718513489,9.0,5.323368549346924,1741.26904296875,2.807788133621216,0.0040535484440624,29.127168655395508,-0.5421832203865051,43.2556266784668,10765.32421875,3387.1640625,10875.8818359375,0.08451112
2449,-125.27014433066653,51.27419725762038,0,136.3878936767578,18.721656799316406,1857.523193359375,4.648507118225098,-0.089524395763874,0.0575146861374378,-0.0889330133795738,8.0,4.921706199645996,985.5353393554688,2.40718150138855,0.0033195284195244,27.37339782714844,-1.190902829170227,61.62577819824219,62086.7734375,8027.09814453125,62294.78125,0.006490628
2450,-128.61928231240074,56.61285741469371,0,180.3284149169922,16.41786766052246,1468.146728515625,5.48374605178833,-0.0251889955252408,-8.613475802121684e-05,0.4658340811729431,2.0,6.216524600982666,825.8956298828125,1.8431917428970337,0.0036730985157191,30.84343719482422,0.3058973848819732,40.10807037353516,50416.515625,2415.93310546875,50433.23828125,0.31916168
2451,-122.98140039164502,53.01289561125842,0,279.9584655761719,1.247599720954895,952.0215454101562,7.286330223083496,0.0108129475265741,-0.0012273497413843,0.6064373254776001,11.0,10.232281684875488,494.057861328125,2.2051188945770264,0.0040639219805598,36.120361328125,-0.4551632702350616,57.36978912353516,1317.5450439453125,2546.528564453125,1543.38232421875,0.9265951
2452,-124.2605875917855,50.189275332682506,0,,,1210.6119384765625,6.609951972961426,,,0.5413370728492737,11.0,9.383423805236816,1339.463134765625,2.2545278072357178,0.004860105458647,36.1678352355957,-1.4286805391311646,90.34678649902344,6703.23095703125,2328.39794921875,6864.76611328125,0.71716034
2453,-128.20320375142612,56.61379130892978,0,217.7392578125,18.14008903503418,1323.0408935546875,6.339711666107178,-0.0093153128400444,-0.0100869908928871,0.7784910798072815,2.0,5.921208381652832,787.5713500976562,1.9479480981826784,0.003551757428795,31.211414337158203,0.3260137140750885,38.545860290527344,73315.328125,1926.797607421875,46825.34375,0.13950351
2454,-121.7177683870507,54.93630774210533,0,202.93780517578125,19.28498077392578,1545.8668212890625,4.828620433807373,-0.0336760729551315,0.0340422913432121,0.6509283781051636,2.0,6.164520263671875,895.0101318359375,2.776031017303467,0.003695348277688,36.32337188720703,0.2340972274541854,50.69469451904297,21072.513671875,3510.8701171875,21195.50390625,0.17349654
2455,-128.87483391330076,55.66658575605102,0,111.18537139892578,7.586291790008545,1076.3848876953125,7.618570327758789,-0.021174831315875,0.0110694570466876,0.723002552986145,2.0,8.174270629882812,1086.798095703125,1.9338648319244385,0.0043231761083006,33.35036849975586,-0.4238771200180053,58.18922424316406,6374.33642578125,2166.25830078125,6411.37109375,0.14728752
2456,-125.64430228788667,50.391524008718974,0,,,99.68360137939452,9.2592134475708,0.0309853442013263,-0.007502173539251,0.7522849440574646,2.0,11.869155883789062,1997.9580078125,3.2224817276000977,0.0055636572651565,46.13825988769531,,79.73284912109375,3074.88818359375,,3251.48681640625,0.09416645
2457,-127.52796869283354,57.11308411670642,0,230.917724609375,11.342875480651855,1976.87451171875,5.581724643707275,-0.0245533678680658,0.0072520514950156,0.2463984042406082,11.0,3.615380048751831,751.483154296875,2.257868766784668,0.0032098274677991,28.635746002197266,0.3689581751823425,32.71226119995117,119471.4296875,2580.7275390625,109808.2578125,0.03160656
2458,-136.4881368957235,59.54984432754432,0,201.65386962890625,5.619740009307861,703.936279296875,5.770553112030029,0.001971898600459,0.0038582428824156,0.5510562062263489,2.0,5.0290069580078125,1045.61083984375,3.0401086807250977,0.0031493597198277,26.802978515625,-1.0727051496505735,55.43684005737305,905.73583984375,7273.8974609375,811.3173217773438,0.27656707
2459,-126.6615146157256,51.32612827592911,0,,,1140.9820556640625,,,,0.27855184674263,2.0,7.963377952575684,1785.905517578125,3.0889270305633545,0.0044744098559021,34.40922164916992,-0.9150893688201904,55.973026275634766,32828.1796875,1786.4443359375,30812.185546875,0.02282996
2460,-124.34711659890532,49.62386687130095,0,298.73681640625,4.407878398895264,474.3487243652344,8.105575561523438,-0.014752309769392,0.0378575399518013,0.8098410367965698,2.0,12.49553108215332,1217.1917724609375,3.103277921676636,,45.72101974487305,-1.495654821395874,118.3982391357422,743.1520385742188,,551.4990234375,0.2453172
2461,-132.7120358960629,58.02328593831298,0,28.93204498291016,7.894214153289795,751.6618041992188,8.2689790725708,0.0979529321193695,-0.001519790617749,0.6570457816123962,2.0,4.143566608428955,1512.9249267578125,2.347362756729126,0.00325114489533,27.32610511779785,0.3535763919353485,34.73996353149414,79845.34375,6044.5419921875,81745.0390625,0.025874628
2462,-127.22010534560783,58.30210949433063,0,137.5874786376953,17.18761444091797,1104.9482421875,7.531697750091553,0.0108321318402886,0.0043966802768409,0.7101594805717468,2.0,4.898708343505859,570.9381103515625,1.7395682334899902,0.0031765890307724,30.00957298278809,0.3706597089767456,35.545494079589844,103207.9375,1044.8970947265625,103142.4453125,0.14685859
2463,-131.06031375603368,59.59137966035338,0,147.2019500732422,8.606796264648438,1440.9390869140625,7.386879920959473,0.0169493369758129,0.0235693659633398,0.6372807025909424,11.0,3.510176658630371,626.0748291015625,2.2590579986572266,0.003056603949517,28.72031021118164,0.1784512102603912,56.059688568115234,38437.09375,2108.606689453125,38278.96484375,0.06689632
2464,-124.16471873084046,54.470211461360975,0,238.4076995849609,0.4280958771705627,779.7069091796875,9.768350601196287,-0.0003078534209635,0.002176595153287,0.69513338804245,2.0,9.133934020996094,526.1112060546875,1.9686291217803955,0.0040987930260598,34.62079620361328,-1.0356494188308716,53.62135314941406,508.33013916015625,1169.9544677734375,425.9164123535156,0.3955845
2465,-125.8603625214979,58.64220727528912,0,180.9375,6.480418682098389,957.6549682617188,6.938498020172119,0.0206007361412048,-0.0074302679859101,0.4443665444850921,2.0,4.1285810470581055,605.2491455078125,1.7777256965637207,0.0031809979118406,30.42597961425781,0.50760418176651,27.637523651123047,17276.3125,829.8883666992188,17391.205078125,0.5432621
2466,-133.05397522719838,53.89165264751463,0,64.4430923461914,6.366992473602295,396.49615478515625,5.593690395355225,-0.0343522615730762,0.0326265729963779,0.7104372978210449,2.0,9.988519668579102,2107.50146484375,5.302484035491943,0.005600921344012,43.33110427856445,-1.5184721946716309,31.869535446166992,55837.01171875,4023.253662109375,34450.18359375,0.013882363
2467,-124.13652795757967,49.83138492963088,0,149.2044219970703,14.758672714233398,414.4448852539063,8.740208625793457,0.0450779348611831,-0.0199454799294471,0.7098954916000366,2.0,11.5547456741333,1499.1104736328125,2.904649019241333,0.0059139537625014,45.24471664428711,-1.3735623359680176,100.13768005371094,571.080322265625,1450.4951171875,584.1552124023438,0.20669211
2468,-130.96261917403558,56.95453387462239,0,228.4783935546875,15.941277503967283,1781.9246826171875,5.803937911987305,0.0005116603570058,-0.0043267235159873,-0.0289042741060256,8.0,4.128961086273193,1589.046875,2.155897855758667,0.0032744819764047,27.28257942199707,-0.0243146065622568,37.28644180297852,43364.24609375,7189.779296875,43344.67578125,0.0037449258
2469,-129.20717865868053,55.24364934677962,0,63.77653121948242,8.228939056396484,301.9678955078125,6.026388168334961,-0.0004633826611097,0.0060246088542044,0.8090207576751709,2.0,9.186718940734863,1346.65673828125,2.3432438373565674,0.0042382376268506,34.1522216796875,-0.7227063179016113,45.66260147094727,4961.8447265625,1608.620361328125,5156.20166015625,0.061995864
2470,-124.6273705245872,55.05493260743473,0,119.0388412475586,2.0974249839782715,1030.36181640625,7.0267438888549805,0.0061508477665483,0.0012139263562858,0.7172571420669556,2.0,7.310871601104736,562.7445068359375,2.014322280883789,0.0037893066182732,33.47366714477539,-0.498984158039093,50.300289154052734,14316.001953125,2831.966796875,14368.744140625,0.49063188
2471,-120.53308583004625,55.8727159950076,0,160.87222290039062,2.024228811264038,716.845458984375,7.816457748413086,0.0081595377996563,-0.0018536378629505,0.6571525931358337,5.0,8.145368576049805,497.13287353515625,3.0167489051818848,0.003821238875389,37.26395034790039,0.158671498298645,35.43634033203125,302.92645263671875,8496.3818359375,499.5046997070313,0.33248731
2472,-130.351378562647,57.592160351997286,0,248.010009765625,7.722769260406494,1113.3817138671875,6.566770553588867,-0.0084098121151328,-0.002147794002667,0.58990877866745,2.0,6.91095781326294,604.75732421875,1.879144310951233,0.0035379356704652,31.443960189819336,0.827491044998169,66.08683776855469,11536.5712890625,2794.670166015625,11636.6376953125,0.28335202
2473,-129.31250166043196,56.23862972778143,0,273.426513671875,10.3615140914917,742.9591674804688,7.288184642791748,0.0134907728061079,-0.0179236251860857,0.7880632877349854,2.0,7.886440753936768,1116.1553955078125,1.645288586616516,0.0040611997246742,32.435302734375,-0.2987554967403412,43.773048400878906,2243.442138671875,2329.323974609375,2223.62939453125,0.54975855
2474,-125.49056823068976,57.27539778639912,0,71.29400634765625,5.297836780548096,830.156494140625,6.006831645965576,-0.0266695041209459,0.0142697589471936,0.6441725492477417,2.0,6.207611560821533,516.2789916992188,1.683114528656006,0.0034825932234525,29.519350051879883,0.2802027463912964,22.527143478393555,616.694580078125,891.3401489257812,594.2715454101562,0.28422737
2475,-131.18631525772457,58.28660006777567,0,129.79234313964844,11.523099899291992,1071.704345703125,6.684916496276856,0.0047789840027689,-0.0064967991784214,0.7497600317001343,2.0,4.914920806884766,653.1351928710938,2.1614699363708496,0.0031701412517577,30.080190658569336,0.5530120134353638,68.40843963623047,30778.01953125,6742.64306640625,30872.484375,0.043136805
2476,-129.0156154956687,53.71467012905472,0,179.88235473632812,12.1271390914917,451.3014221191406,5.101121425628662,-0.0917816683650016,0.0483616106212139,,2.0,,,,0.0050190035253763,41.597206115722656,-1.2114930152893066,35.67476272583008,26337.3203125,,26520.513671875,0.01363418
2477,-126.83165309638947,57.102364933667,0,275.93798828125,9.63679313659668,1269.8359375,7.605183124542236,0.0300306230783462,0.0029171977657824,0.7211231589317322,2.0,5.087593078613281,622.4635620117188,1.9107961654663088,0.0032971375621855,30.109987258911133,0.2733027040958404,27.36434936523437,79722.9765625,2844.199462890625,79756.4921875,0.07846104
2478,-132.14175031325755,53.64667050768989,0,190.15533447265625,0.4641357660293579,38.94893646240234,8.864239692687988,0.0029719183221459,-0.001089843804948,0.7604660391807556,2.0,11.781655311584473,1340.3046875,5.791900634765625,0.0056997411884367,40.41071319580078,-2.3222758769989014,32.926944732666016,1883.168701171875,4227.828125,1864.6923828125,0.03350546
2479,-128.8599350025397,52.91293253256376,0,139.4586944580078,8.299705505371094,312.5885925292969,7.605263710021973,0.0461500883102417,-0.0208327695727348,0.7573812007904053,2.0,10.16725730895996,3805.99560546875,4.18979549407959,0.0053399805910885,44.55220413208008,-1.122531175613403,31.527416229248047,29926.966796875,6697.76220703125,29845.955078125,0.021918772
2480,-132.7199002211092,53.92801666703446,0,66.36393737792969,2.5031681060791016,72.46186065673828,6.817820549011231,-0.0051779728382825,0.0194952730089426,0.7835198640823364,2.0,10.749173164367676,1789.92919921875,5.356775283813477,0.0055335783399641,42.63056182861328,-1.6282620429992676,32.00605010986328,37395.796875,1877.5262451171875,33914.41015625,0.01822539
2481,-124.14692661614905,52.519641227955184,0,103.48433685302734,2.5644562244415283,1133.283203125,8.889811515808105,-0.0015636021271348,0.0070384652353823,0.5739923119544983,11.0,10.205938339233398,371.3250122070313,2.1082613468170166,0.0037812488153576,29.07486724853516,-1.0521180629730225,30.58226776123047,1408.431640625,4462.99267578125,1449.4842529296875,0.84792566
2482,-129.06855439569418,52.98200442409779,0,250.6095733642578,6.871715068817139,221.0988006591797,5.701181411743164,0.0089901713654398,0.0149048333987593,0.7426272034645081,2.0,10.505539894104004,3746.989013671875,4.500399112701416,0.0055000744760036,45.613677978515625,-1.2777678966522217,31.18285179138184,32235.771484375,13126.33203125,32208.13671875,0.015150973
2483,-129.2782078038233,53.452694451625376,0,87.07051849365234,2.564760208129883,226.79052734375,6.232981204986572,-0.0211622472852468,0.0352613143622875,0.805000364780426,2.0,10.79567050933838,3906.80126953125,4.49829626083374,0.0053044077940285,43.9863395690918,-1.1853954792022705,30.91283798217773,3394.189208984375,1844.6658935546875,3337.83984375,0.057548486
2484,-125.77840920450282,53.9893609405747,0,230.79397583007807,2.0157346725463867,925.4397583007812,6.874974727630615,-0.0188043750822544,0.0167847201228141,0.678935170173645,2.0,9.32912540435791,480.1052551269531,2.0209269523620605,0.0041509652510285,33.25650405883789,-1.037589430809021,62.19858169555664,806.3950805664062,1744.899169921875,583.457275390625,0.58538723
2485,-133.32114643097583,59.48253792119195,0,163.0452423095703,6.602156639099121,1334.2293701171875,6.936738014221191,0.0165891256183385,-0.0061052171513438,0.5317485928535461,2.0,3.7453808784484863,587.1594848632812,2.62040638923645,0.0033075732644647,29.33627700805664,-0.1867494136095047,90.18376159667967,15074.2021484375,3252.260986328125,15096.6162109375,0.0385201
2486,-123.55157855519498,56.99948499740884,0,177.8531036376953,15.072617530822754,1867.09716796875,5.53029727935791,-0.051644891500473,-0.0058296965435147,0.3963293135166168,11.0,3.862234115600586,706.7909545898438,2.537862062454224,0.003196585457772,31.671157836914062,0.1894842982292175,31.119674682617188,11922.7412109375,5161.68603515625,11838.1083984375,0.026361441
2487,-123.32751909181894,59.10917890854044,0,63.08221054077149,1.1113966703414917,443.2450256347656,7.649710655212402,0.0002104755112668,-0.0021443120203912,0.7169047594070435,2.0,5.548892021179199,524.4542236328125,1.7327357530593872,0.0037079295143485,36.8189582824707,-0.3528760075569153,94.10514068603516,4323.630859375,11848.53125,4301.66162109375,0.44138137
2488,-124.50561388366546,56.40647798215088,0,92.34007263183594,2.2126002311706543,676.2550048828125,7.809506893157959,0.0040814443491399,0.0011878437362611,0.6221958994865417,2.0,7.434498786926269,516.2843017578125,1.7916629314422607,0.0037818271666765,31.308025360107425,0.1050711274147033,27.2884521484375,1934.906494140625,639.4985961914062,1805.3607177734373,0.33243266
2489,-120.65554680066867,53.73301368328789,0,214.8404235839844,12.632624626159668,1807.094970703125,4.816183090209961,-0.0394984111189842,-0.008847938850522,0.5077818632125854,11.0,6.124783515930176,978.6853637695312,2.653327465057373,0.0037625459954142,35.5843391418457,0.2262891978025436,34.65943908691406,10739.638671875,6708.4404296875,10816.5107421875,0.21583116
2490,-126.04641139816272,54.44701021181541,0,218.621826171875,3.0342814922332764,908.12890625,8.065295219421387,0.0052170827984809,-0.0024129005614668,0.7753758430480957,2.0,8.3785400390625,506.8887939453125,2.0774734020233154,0.0039593493565917,33.37838363647461,-1.0673174858093262,67.71017456054688,1176.207275390625,3941.739990234375,1344.6893310546875,0.5116918
2491,-129.81347627518923,59.86198681297183,0,150.92169189453125,0.8938952088356018,925.2041625976562,11.48468780517578,0.0065495823509991,0.000264089583652,0.6377788186073303,2.0,4.733031272888184,554.3740234375,1.7730491161346436,0.003247357904911,30.689645767211918,0.4322916567325592,74.8910140991211,22115.984375,771.7694091796875,22286.53515625,0.4635471
2492,-128.7131403207299,57.45095610757405,0,160.08055114746094,18.590036392211918,1644.43701171875,5.319084167480469,0.0448479205369949,0.0153826875612139,0.6501305103302002,11.0,3.853800058364868,742.4915161132812,2.04105544090271,0.0032091096509248,29.12177085876465,0.5748248100280762,43.34450912475586,78509.953125,2653.766845703125,78652.84375,0.07335563
2493,-122.21490981573706,54.37160130525818,0,236.9593505859375,4.953404903411865,1064.052001953125,7.066420555114746,-0.0168289896100759,0.0142962038516998,0.7673226594924927,2.0,8.533495903015137,876.64990234375,2.412395000457764,0.0040908940136432,38.37308883666992,0.3654241859912872,53.942832946777344,12646.7451171875,8666.076171875,12760.107421875,0.10315155
2494,-122.46276891022266,54.02658403362944,0,43.90224838256836,2.642181634902954,707.8555908203125,6.673742771148682,0.0029491812456399,-0.0009161289781332,0.6373205780982971,2.0,10.329474449157717,718.7252807617188,2.2225229740142822,0.0042739319615066,39.04104232788086,-0.0374613851308822,67.0079345703125,1077.239013671875,4332.3427734375,1146.093994140625,0.29358095
2495,-121.61524680634716,53.600219575588646,0,198.27073669433597,12.251612663269045,1127.1220703125,6.190317153930664,-0.0099859470501542,0.0234972182661294,0.8032910823822021,2.0,9.193244934082031,963.2421875,2.394740104675293,0.0040590269491076,40.40347290039063,0.4690691232681274,51.129642486572266,279.5438232421875,1964.82666015625,520.314453125,0.12664288
2496,-120.0969704814186,58.42375826736187,0,305.33319091796875,0.200705423951149,446.574951171875,7.317299365997314,-0.0005491928313858,0.0007399516762234,0.7003006339073181,2.0,6.249413013458252,425.74359130859375,2.885977029800415,0.0037492825649678,32.804874420166016,0.0824614837765693,27.659469604492188,23521.828125,5078.04248046875,23496.2421875,0.44377962
2497,-129.34967745406144,53.26320690034631,0,,,,,0.0196270551532506,-0.012526424601674,0.7665174603462219,1.0,11.479121208190918,3885.263671875,4.775097846984863,,,,,,,,0.021319523
2498,-125.15217055311048,58.523792589256296,0,,,1535.9864501953125,6.101294994354248,,,0.3521894514560699,8.0,3.5071139335632324,656.777099609375,1.970282196998596,0.0029195144306868,29.46884536743164,0.3698619604110718,27.3328857421875,24091.921875,1325.602294921875,24091.55859375,0.03243673
2499,-121.365942238245,53.96945923048112,0,328.5226745605469,15.818859100341797,1302.3214111328125,4.804163455963135,-0.0812175050377845,0.0622791647911071,0.7344597578048706,2.0,7.984838008880615,976.9041137695312,2.5131819248199463,0.0039966306649148,38.4057502746582,0.5381597280502319,44.955055236816406,2485.503662109375,3063.660400390625,2465.15576171875,0.16596444
2500,-132.6897035595261,54.02440087406274,0,132.0246124267578,2.2964649200439453,160.85238647460938,8.379951477050781,0.0011111120693385,0.0011988659389317,0.7772497534751892,2.0,10.462862014770508,1779.4569091796875,5.2684736251831055,0.0056181936524808,42.73334503173828,-1.528727412223816,31.589818954467773,33005.60546875,9988.94921875,28868.29296875,0.013867351
2501,-130.76613559929513,58.17711471062737,0,122.97887420654295,3.648591995239258,714.7005004882812,7.077696323394775,-0.0141277378425002,-0.0052033434621989,0.6223771572113037,2.0,7.857459545135498,427.5059509277344,1.754891276359558,0.0035692332312464,29.48485374450684,0.5907986164093018,45.41523742675781,2977.190673828125,1477.622802734375,2873.211181640625,0.39457798
2502,-132.9231869460004,58.003651567741656,0,181.4333038330078,21.13147354125977,382.7052001953125,6.539700984954834,0.0649311318993568,0.0070506972260773,0.5109382271766663,9.0,4.895061492919922,1706.017578125,2.510957717895508,0.0034446869976818,28.33139038085937,0.3093342185020447,33.15031433105469,91587.5,825.4994506835938,93541.5703125,0.044457585
2503,-124.7693052140482,56.548033608464216,0,119.14636993408205,9.48648452758789,1336.845703125,5.746530532836914,0.0423686169087886,-0.0465234071016311,0.7402342557907104,2.0,5.0939621925354,605.7504272460938,2.137656688690185,0.0035427852999418,31.276460647583008,0.191527783870697,32.65346145629883,7244.9306640625,5848.77490234375,7144.64453125,0.028533006
2504,-127.9493097781034,53.151637356317885,0,,,,,,,0.7013000249862671,7.0,7.211569786071777,2605.506591796875,3.387945890426636,0.0044521349482238,34.652076721191406,-1.035486102104187,42.11749649047852,38250.41796875,355.2178955078125,37126.07421875,0.08246848
2505,-130.52613685701292,57.30700238367367,0,95.9966278076172,9.058342933654783,1755.91259765625,6.510811805725098,0.0028135804459452,0.0387454777956008,0.1054682433605194,8.0,4.05216121673584,1132.371337890625,2.3396902084350586,0.0032408069819211,28.27943229675293,0.3388446867465973,70.31121826171875,15620.9560546875,3965.10986328125,15535.8076171875,0.0028722535
2506,-127.85916519761744,52.88841923061271,0,156.57803344726562,17.263248443603516,1350.08740234375,6.950021743774414,0.003147012554109,0.0246369279921054,0.072534441947937,9.0,6.59268045425415,2659.841552734375,3.389594078063965,0.0046089994721114,33.97422790527344,-0.9898958802223206,40.823089599609375,56216.6953125,3097.292236328125,11203.966796875,0.0049655237
2507,-132.8369794738987,59.2258365769519,0,175.29449462890625,5.214534282684326,935.0802001953124,6.707840919494629,0.0038647498004138,-0.0106925191357731,0.7362959384918213,2.0,4.859464168548584,664.684814453125,2.301279067993164,0.0033269035629928,30.85385131835937,0.3733889758586883,87.76046752929688,44741.76953125,2491.007568359375,44958.859375,0.36712435
2508,-126.48014017722522,54.94458721976088,0,255.9794464111328,7.335677623748779,1108.5526123046875,7.176003932952881,0.011282468214631,-0.0107867224141955,0.7637823820114136,2.0,8.223512649536133,549.9952392578125,2.135195016860962,0.0041012265719473,33.92628479003906,-0.840624988079071,69.80891418457031,1330.3905029296875,4328.05419921875,1452.8153076171875,0.8212631
2509,-124.88620287229816,58.12496590404432,0,203.6608123779297,20.940662384033203,2057.4130859375,,0.0399505980312824,0.0181469805538654,0.0801177471876144,11.0,1.229051113128662,759.72216796875,2.539002656936645,0.0029132945928722,25.398468017578125,0.4304710328578949,24.22418594360352,59180.375,1402.6453857421875,59342.58203125,0.040137257
2510,-126.52575049964372,56.444431631318736,0,199.83973693847656,5.39115571975708,1442.6339111328125,5.868290424346924,0.0287126321345567,0.0247890669852495,0.714422345161438,11.0,4.731665134429932,694.4285278320312,2.146531105041504,0.0034667486324906,30.14165306091309,0.1853639781475067,30.54763984680176,78925.59375,4704.923828125,34379.16796875,0.14754744
2511,-120.23693653523716,54.36077972120563,0,125.2191390991211,9.448406219482422,1521.978515625,6.778609752655029,0.0044912109151482,0.0090423133224248,0.6704358458518982,2.0,6.24388599395752,782.8704833984375,2.8590080738067627,0.0034702098928391,36.49859237670898,0.3972429633140564,52.50093078613281,31754.37109375,3081.567626953125,29568.341796875,0.15479383
2512,-126.11643346048066,54.56590174889999,0,214.7993927001953,1.710673213005066,1267.2252197265625,9.159574508666992,0.0058485548943281,-0.0010313017992302,0.6580893993377686,2.0,7.007150173187256,589.9340209960938,2.2642242908477783,0.0038868009578436,33.452396392822266,-0.8043549060821533,85.36962127685547,9621.69140625,1993.5404052734373,9673.0517578125,0.6178058
2513,-125.1278616279695,58.36121100364188,0,206.95452880859372,18.809158325195312,1609.9708251953125,4.427929401397705,0.1263411492109298,-0.0228756759315729,0.5475027561187744,2.0,2.8833744525909424,678.1500854492188,2.101820707321167,0.0029511924367398,29.426586151123047,0.4140494167804718,24.39040756225586,39111.91015625,673.101318359375,38978.7109375,0.0801776
2514,-125.94864551188984,59.63462335399095,0,278.70855712890625,5.144002437591553,1279.8994140625,5.757199764251709,-0.0122770285233855,0.0224413648247718,0.7069323658943176,2.0,4.133418083190918,577.2754516601562,1.7151567935943604,0.0031041428446769,30.56743812561035,0.4073674082756042,35.26557540893555,7730.58203125,9022.6162109375,7616.66943359375,0.013920656
2515,-133.73720701379537,58.88129930378359,0,225.36187744140625,10.361066818237305,1435.5670166015625,7.087986946105957,0.0123101444914937,-0.0176679119467735,-0.2001354992389679,9.0,3.096956729888916,1119.5013427734375,2.824854612350464,0.0031976359896361,25.72219467163086,0.1633739322423935,81.56622314453125,56782.6015625,7970.00634765625,56724.31640625,0.0020546683
2516,-120.62491033864414,54.20558581963412,0,,,2140.456298828125,,,,0.074352279305458,9.0,3.9056825637817374,971.8762817382812,3.015425443649292,0.0035178628750145,32.55049514770508,0.0532444939017295,43.51284408569336,30456.984375,5378.93212890625,30444.28125,0.004799424
2517,-123.7074737435454,50.58536687640069,0,200.0067901611328,11.539109230041504,2067.497314453125,6.221648216247559,-0.010359619744122,-0.0224236454814672,-0.1658206135034561,9.0,5.553472995758057,999.4011840820312,2.1737489700317383,0.0036567004863172,27.984113693237305,-1.3008884191513062,60.928104400634766,17398.6953125,7563.5,17484.08984375,0.012126526
2518,-119.7956057340626,53.64733018364904,0,173.07785034179688,9.294407844543455,1695.7808837890625,6.071507453918457,0.0095043973997235,0.0175979677587747,0.6657835245132446,2.0,4.701356410980225,878.9424438476562,2.608201026916504,0.0034046634100377,32.881473541259766,-0.0194123499095439,31.733152389526367,41276.45703125,4911.7373046875,40055.078125,0.06466133
2519,-121.39564182368052,54.16425498549855,0,87.08666229248047,13.62648582458496,1163.660888671875,4.885695934295654,0.0258900765329599,-0.0197886265814304,0.7699419260025024,2.0,7.968881130218506,956.7744750976562,2.511287212371826,0.0040413415990769,38.201168060302734,0.7648590207099915,43.97805404663086,4075.157958984375,3112.692138671875,4343.11181640625,0.07373943
2520,-124.21154308960917,55.79688181540144,0,145.6979217529297,13.636603355407717,1394.9736328125,5.424076080322266,0.0068184444680809,0.006027054041624,0.7329005599021912,2.0,6.031537055969238,609.0404052734375,2.162198543548584,0.0035585563164204,32.24371337890625,0.0010581867536529,44.39420318603516,6803.650390625,8224.5869140625,6885.5615234375,0.30562788
2521,-122.37723741594554,51.58693083822901,0,167.61228942871094,3.869960308074951,870.0494995117188,5.888370037078857,-0.0217203516513109,-0.0038508845027536,0.2933891713619232,2.0,11.699610710144045,331.2197570800781,2.2807886600494385,0.0039843153208494,26.293115615844727,-0.8923727869987488,26.77127265930176,1661.364501953125,3667.95849609375,1524.5357666015625,0.24908556
2522,-125.11700741760306,50.524250963729706,0,234.5929107666016,22.510454177856445,851.86083984375,4.703590393066406,0.0854564607143402,-0.1418720036745071,0.6922203302383423,2.0,10.628628730773926,1346.7979736328125,2.8019027709960938,0.0051771597936749,39.32317352294922,-1.4775888919830322,86.26304626464844,34867.51171875,2121.5859375,11703.7119140625,0.097226165
2523,-123.4900111714752,51.47810680691113,0,264.5078430175781,0.554919421672821,1712.3497314453125,9.046998023986816,0.002667466411367,0.0007670138147659,0.4291825294494629,1.0,8.298463821411133,514.6015625,2.317010402679444,0.0036616313736885,29.872058868408203,-1.1046555042266846,42.36654281616211,7603.60791015625,7957.853515625,7738.57373046875,0.83836484
2524,-124.56734571055362,57.91048881295144,0,101.9095687866211,7.826315402984619,2077.47705078125,6.127002239227295,-0.0117987003177404,-0.0104528721421957,0.031809713691473,9.0,1.6604782342910769,751.4800415039062,2.596715211868286,0.0029268513899296,25.664539337158203,0.4022599756717682,23.20412254333496,82416.6953125,4496.044921875,82591.078125,0.0035771297
2525,-126.19053615727488,57.90325477158085,0,114.71360778808594,6.732382774353027,1134.28173828125,8.780165672302246,0.0132084432989358,0.0004950460861437,0.7311172485351562,11.0,4.508704662322998,588.8668212890625,1.812138319015503,0.0032172768842428,29.70161247253418,0.3339790999889374,23.48127555847168,61763.03125,2127.710205078125,61991.015625,0.191163
2526,-129.92638569825192,58.52864202375226,0,139.4038543701172,1.630152702331543,1075.9901123046875,8.0637788772583,-0.0132135162129998,0.0080194203183054,0.6988797783851624,2.0,5.369757652282715,531.4852294921875,1.7914808988571167,0.0034795191604644,30.34162139892578,0.9362573623657228,45.49266052246094,6480.1103515625,1362.0797119140625,6416.75048828125,0.25887072
2527,-130.7853626504731,56.519962427571706,0,,,1166.7945556640625,5.685361385345459,,,0.115720584988594,9.0,5.105530261993408,2005.2220458984373,2.0683305263519287,0.0036440889816731,28.502321243286133,-0.0277213100343942,42.34188079833984,58850.51171875,3226.903076171875,58956.59375,0.007583946
2528,-137.76351141744607,59.73748917616281,0,,,1318.390625,,0.0051603643223643,-0.0156994480639696,-0.0226150155067443,9.0,3.067850351333618,1057.25830078125,3.163400888442993,0.0031169210560619,25.40505790710449,-0.9217361211776732,47.554786682128906,59137.44921875,8458.60546875,59122.97265625,0.0046065734
2529,-126.77179903820917,56.10035120676766,0,245.1544342041016,8.203706741333008,827.2283325195312,8.018317222595215,0.0634298995137214,-0.0167582184076309,0.436261922121048,2.0,6.812190055847168,650.4642944335938,1.945186138153076,0.0037043667398393,32.478214263916016,0.1337345242500305,44.50139617919922,56280.48828125,98.33380889892578,12776.3203125,0.5415976
2530,-137.10603082815274,59.83513402549213,0,51.81913757324219,4.083663940429688,1000.741455078125,7.646793842315674,0.0005767726106569,0.0083775073289871,0.4912277162075043,2.0,5.039669036865234,733.1994018554688,2.917547702789306,0.0033201125916093,28.945775985717773,-0.727584719657898,56.43016815185547,20101.32421875,7199.68408203125,20117.43359375,0.5776811
2531,-124.79038998268857,48.69510063564109,0,341.0238342285156,10.177298545837402,147.3518829345703,7.089634418487549,-0.0336058400571346,0.0281855855137109,0.4002857506275177,2.0,12.883910179138184,2880.7451171875,3.586862087249756,,49.86521911621094,-1.3891319036483765,156.62478637695312,3840.032958984375,672.4140014648438,3720.302978515625,0.20228273
2532,-124.16571099867318,57.34742550455504,0,,,1860.531005859375,4.856953144073486,,,0.4121779799461365,11.0,1.79558002948761,785.0025634765625,2.6859447956085205,0.003097680862993,27.25250625610352,0.2927452325820923,28.24516487121582,40638.3359375,6462.94677734375,39969.765625,0.007996066
2533,-130.06854656621155,59.76993612075746,0,246.0114288330078,10.15555191040039,1077.378662109375,6.855005741119385,-0.0024167345836758,0.0273074880242347,0.6974686980247498,2.0,4.463929653167725,577.6793212890625,1.8764225244522093,0.0031744509469717,30.238584518432617,0.4794479608535766,70.09747314453125,37933.1484375,899.7855224609375,38048.484375,0.1310797
2534,-130.20199317439832,54.70444721067704,0,,,,,,,,2.0,,,,0.0049505406059324,,,,,,,0.11841376
2535,-126.47628885002656,51.04251269462163,0,,,,,,,0.5685808062553406,2.0,9.427162170410156,1746.158935546875,3.3105897903442383,0.0049929916858673,38.68836975097656,-1.034259796142578,60.73672103881836,21907.17578125,2702.4541015625,21988.544921875,0.042896282
2536,-128.7178723281246,56.48998049833533,0,126.61164093017578,11.897380828857422,1328.4051513671875,5.198661804199219,-0.021862456575036,0.0107972184196114,0.7007147669792175,9.0,5.8374924659729,902.45947265625,1.899944543838501,0.0037044526543468,30.76494789123535,0.1798325777053833,43.55785369873047,38762.6328125,5242.32861328125,38774.06640625,0.06282942
2537,-125.96573702434851,51.212352204004446,0,,,,,,,0.8191824555397034,2.0,7.990365982055664,1345.3973388671875,2.4308018684387207,0.0041460068896412,32.86984634399414,-1.024983525276184,67.10952758789062,30166.759765625,860.5499877929688,20369.541015625,0.47212705
2538,-128.91325992257353,53.88576864000316,0,97.4919204711914,14.372232437133787,230.3090057373047,5.867138862609863,0.0412792488932609,-0.0069516072981059,0.7957985997200012,2.0,9.298310279846191,2655.747802734375,3.917223215103149,0.0047893449664115,38.32082748413086,-1.1777644157409668,38.05270004272461,8378.734375,1133.6185302734375,8390.728515625,0.05766764
2539,-127.10376986067074,57.098399564148274,0,310.8860168457031,8.022359848022461,1405.1090087890625,8.480777740478516,0.0023108932655304,0.0044382796622812,0.7278643250465393,2.0,4.553483963012695,653.9517211914062,2.002143859863281,0.0032873235177248,29.69772720336914,0.2644522488117218,30.107107162475582,95112.2734375,938.2633666992188,95128.65625,0.03826541
2540,-124.54749129714618,51.192808043930526,0,31.36202049255371,16.951372146606445,2136.552978515625,5.564167022705078,-0.0276362411677837,0.0583739764988422,-0.1696548461914062,9.0,4.998305797576904,860.8908081054688,2.257974863052368,0.0033413798082619,27.04051971435547,-1.1647568941116333,70.7573013305664,38819.0390625,5237.4375,38887.828125,0.0047968216
2541,-136.76221678756374,59.16453316909459,0,,,,,,,,9.0,,,,,,,,,,,0.17682678
2542,-125.53006211150904,51.07760706262524,0,,,846.8135986328125,6.323731422424316,,,0.8464601635932922,2.0,10.499754905700684,1198.3173828125,2.810766220092773,0.0048167151398956,37.00224685668945,-1.269876480102539,63.77011489868164,47581.953125,1221.901611328125,47688.61328125,0.076937735
2543,-132.85667283850967,59.79812222533877,0,78.13713836669922,1.1716817617416382,969.3521118164062,11.02969455718994,0.0074610039591789,0.000828327902127,-0.0914790406823158,1.0,4.493144989013672,473.7776489257813,2.467192888259888,0.0033362470567226,28.324296951293945,0.0441542640328407,40.343994140625,36097.66015625,2376.574951171875,36278.8046875,0.006018496
2544,-127.06646754212125,52.72330628200193,0,66.29063415527344,19.87877655029297,342.001953125,5.567007064819336,0.0657529234886169,-0.0123061221092939,0.4601889848709106,2.0,7.760245323181152,1855.0413818359373,3.087817430496216,0.0045591639354825,34.36774444580078,-0.8722007274627686,50.46841812133789,38738.2421875,564.4255981445312,38726.02734375,0.013583127
2545,-125.86838795200865,59.10109321330271,0,83.04717254638672,5.3034186363220215,868.2215576171875,6.972325801849365,0.026069987565279,-0.0040281740948557,0.6733278036117554,2.0,4.756405353546143,568.8009033203125,1.6491351127624512,0.0031035023275762,30.96251106262207,0.3247031569480896,35.19797134399414,1606.99658203125,637.9931030273438,1608.898681640625,0.23280193
2546,-120.71527760999584,53.92175727903077,0,242.4889373779297,10.614046096801758,1601.0540771484375,7.152192115783691,0.0233989432454109,0.0027449633926153,0.6460156440734863,2.0,6.751319885253906,935.0458374023438,2.620371103286743,0.0038042380474507,36.91557693481445,0.2873220145702362,34.0861930847168,7862.39697265625,5887.3935546875,7837.16748046875,0.5595082
2547,-126.31220599153224,57.5859399412139,0,110.31100463867188,5.403534889221191,1106.1246337890625,10.215927124023438,0.0090677505359053,0.0018197011668235,0.7026626467704773,2.0,5.32377815246582,558.0197143554688,1.7699979543685913,0.0033619836904108,30.1204776763916,0.2318164110183715,26.715478897094727,43699.859375,4859.54443359375,43879.59765625,0.05093984
2548,-122.8171526857926,49.4035537389279,0,169.43124389648438,22.66312599182129,721.7700805664062,5.370569229125977,-0.074507437646389,0.0917479023337364,0.6547272801399231,2.0,11.916769981384276,2383.239501953125,2.726149559020996,0.0054888571612536,46.66286087036133,-1.0154736042022705,93.00164031982422,957.1577758789062,1155.7576904296875,838.3601684570312,0.19020036
2549,-128.14111586122863,50.713889216042666,0,186.7111358642578,8.363301277160645,204.4711151123047,6.578853130340576,0.0054025477729737,0.0181398820132017,0.7847254276275635,2.0,11.456019401550291,2520.010498046875,4.786667346954346,0.0060071535408496,46.12992858886719,-1.001805543899536,51.42412185668945,1107.0380859375,2469.82763671875,1046.0081787109375,0.06231663
2550,-121.2327090702566,51.82942959054152,0,61.62155151367188,1.5809556245803833,932.3832397460938,12.272406578063965,0.0060680769383907,-0.0055554746650159,0.5848515033721924,1.0,10.876273155212402,493.0313415527344,2.330897092819214,0.0043197344057261,34.9899787902832,-0.416561871767044,41.665283203125,495.3417053222656,485.9279479980469,517.2099609375,0.789177
2551,-131.20506639563666,56.8827516042024,0,222.31216430664065,11.76645851135254,1646.3294677734375,7.170438289642334,0.0019927257671952,-0.0195538196712732,-0.0946357995271682,9.0,3.5403730869293213,1791.7838134765625,2.3037383556365967,0.0032374358270317,25.988210678100582,0.0430902764201164,37.81982421875,59569.46484375,10935.7587890625,59629.01953125,0.0036278833
2552,-121.12668742382576,58.19272333674586,0,133.62815856933594,0.0821016132831573,463.3663330078125,12.52309226989746,-1.1848705980810337e-05,5.414798943093047e-05,0.6527343392372131,2.0,6.130588531494141,442.9032287597656,2.5864219665527344,0.0038052001036703,34.71699142456055,0.1939908266067505,54.93513488769531,60263.6328125,11867.9521484375,22493.798828125,0.5443323
2553,-129.95665178502105,55.07792149752338,0,246.40370178222656,9.682343482971191,218.85557556152344,5.710437297821045,-0.0315550863742828,0.0335075333714485,,2.0,9.37379550933838,2004.5682373046875,3.5101051330566406,0.0047796466387808,37.5896110534668,-0.659553587436676,30.490163803100582,8742.533203125,6626.82275390625,8637.5390625,0.0076812766
2554,-126.41899801242452,49.859922462711815,0,,,601.8978881835938,6.2081685066223145,0.0012557107256725,0.0214219074696302,0.7892058491706848,2.0,9.690306663513184,2749.806884765625,3.7266182899475098,0.0053443489596247,40.62639999389648,-1.5010957717895508,66.84101867675781,6172.4189453125,1100.7235107421875,6322.51953125,0.13924462
2555,-120.27150299433704,49.43842995312556,0,213.01266479492188,14.739214897155762,805.5802612304688,5.866124629974365,0.0582713335752487,-0.0117270443588495,0.6138491034507751,2.0,10.957599639892578,414.1422424316406,2.436418056488037,0.0042062741704285,30.602149963378903,-1.222569465637207,56.92168426513672,603.74609375,502.2872314453125,657.4635620117188,0.766307
2556,-126.29574059291784,50.51265897765584,0,,,,,,,,,,,,,,,,,,,0.17682678
2557,-120.42291800543688,53.64555173873654,0,26.762025833129883,15.089405059814451,1772.8455810546875,7.119848728179932,0.0100331734865903,-0.0292069278657436,0.4995176196098327,11.0,5.977462768554688,937.880615234375,2.589263200759888,0.0036578343715518,34.36322784423828,0.0449652783572673,30.93549919128418,14643.27734375,4035.623779296875,14777.52734375,0.8828101
2558,-129.26077136765002,55.73593075693002,0,66.80313110351562,8.620254516601562,891.7053833007812,7.066267490386963,0.0113748051226139,0.0308433286845684,0.7601132988929749,2.0,7.82612419128418,1299.118408203125,2.0880372524261475,0.0041621392592787,32.82427978515625,-0.4747535586357116,53.17829895019531,18711.98828125,1465.6771240234375,18683.0078125,0.26296866
2559,-134.23089020633074,59.88525276230996,0,276.3135681152344,2.261326551437378,703.22412109375,8.45834732055664,0.0132778091356158,0.0053809243254363,0.6367610692977905,2.0,6.171477317810059,363.21429443359375,2.735016345977783,0.0033364105038344,25.190654754638672,-0.464722216129303,24.478281021118164,23605.078125,515.651611328125,23649.451171875,0.1030973
2560,-132.1830017588417,59.66635352258498,0,110.4555892944336,0.4008356928825378,683.0,14.058457374572754,0.0045257355086505,0.0,0.3978619277477264,1.0,5.845976829528809,473.8464050292969,2.020540714263916,0.0035356949083507,30.218542098999023,0.4337287247180938,64.64191436767578,32259.169921875,228.3177490234375,32352.78515625,0.679915
2561,-128.81070924321668,55.800135728160505,0,206.8334808349609,1.5771400928497314,330.8746643066406,9.541020393371582,-0.0038191161584109,0.0053101126104593,0.7569422721862793,2.0,10.473008155822754,910.1144409179688,1.664492130279541,0.0043758018873631,33.31315231323242,-0.2815492451190948,48.5667724609375,3889.091064453125,2151.772216796875,3893.823486328125,0.053226013
2562,-125.9512675477763,58.766157405495214,0,183.8538360595703,6.859447479248047,1306.334716796875,5.441589832305908,0.0936345234513282,-0.0378297753632068,0.6174339652061462,2.0,3.462317943572998,627.357666015625,1.8867816925048828,0.0031108127441257,29.535165786743164,0.4824097454547882,30.45646095275879,13162.115234375,1119.4566650390625,13162.638671875,0.08323565
2563,-129.88722963814118,58.02401188586366,0,284.3388366699219,5.059269428253174,877.458740234375,5.560470581054688,0.0020935023203492,-0.0152156129479408,0.736580491065979,2.0,6.88261604309082,497.59033203125,1.7615200281143188,0.0034187091514468,30.331697463989254,0.898680567741394,39.65781784057617,2913.70166015625,1056.6258544921875,2888.16259765625,0.18269324
2564,-122.97880919941372,53.230581079504965,0,131.06045532226562,3.477648973464966,929.55615234375,6.330531597137451,-0.0022376871202141,-0.0031721359118819,0.7935208082199097,2.0,10.52021598815918,522.8247680664062,2.179656744003296,0.0041559478268027,36.91986846923828,-0.2347569465637207,61.24314498901367,2686.67236328125,6006.4970703125,2657.075439453125,0.15091379
2565,-126.95035628294102,50.86307552003336,0,,,,,,,0.7556279897689819,2.0,11.840811729431152,1763.060302734375,3.877163410186768,,44.88638687133789,-0.9555930495262146,54.48559188842773,,3400.364990234375,9481.0830078125,0.05727076
2566,-120.08378379285918,58.598722544994686,0,216.1593475341797,0.2589706480503082,371.06683349609375,11.704082489013672,0.000504114315845,-0.0003071633109357,0.6787429451942444,11.0,6.034368991851807,414.7013244628906,2.8064393997192383,0.0037275559734553,31.99138832092285,-0.0172777064144611,26.16535758972168,27815.740234375,7448.99560546875,27980.908203125,0.7861799
2567,-132.7428792777053,53.32617994179165,0,,,,,,,0.8235318064689636,2.0,10.864828109741213,2293.725830078125,6.2470879554748535,,,,,,34454.6875,,0.04449695
2568,-122.77991038998844,54.04825515515857,0,44.82926177978516,0.8152148127555847,708.7662963867188,7.940722942352295,-0.0004041183565277,-0.001325343735516,0.6680261492729187,7.0,10.10425853729248,620.8253173828125,2.182685852050781,0.004196791909635,37.543907165527344,-0.3685639798641205,61.645729064941406,101.00139617919922,4606.5869140625,123.93634796142578,0.19295372
2569,-127.72904568357497,56.50098638161524,0,243.13526916503903,11.656192779541016,1119.8218994140625,5.645201206207275,0.1075590923428535,-0.0062230215407907,0.7011680603027344,2.0,4.98839282989502,790.4967041015625,2.1321749687194824,0.0035878105554729,30.645191192626957,0.4333950579166412,38.77591323852539,89585.6875,1372.3516845703125,42968.73046875,0.12522684
2570,-134.56492025193737,59.25530840049715,0,146.92095947265625,18.02727508544922,,,0.0421703420579433,-0.0658371075987815,-0.0816190689802169,9.0,2.293009996414185,993.5847778320312,3.1816272735595703,0.0031923742499202,24.090314865112305,-0.1403247117996215,96.87149047851562,55495.65234375,3204.58154296875,55391.42578125,0.0026661973
2571,-120.4508053542068,54.27003946598198,0,300.3114624023437,13.167901992797852,1708.948486328125,7.729966163635254,-0.0034982203505933,0.0259358398616313,0.6556128859519958,2.0,4.664615154266357,899.3421630859375,2.952120304107666,0.0034376797266304,33.68510818481445,0.1843989193439483,46.98402786254883,42182.65234375,6766.19580078125,25804.30859375,0.15339798
2572,-124.62671278533234,59.32496674265354,0,132.35757446289062,2.696682929992676,744.3452758789062,7.686518669128418,5.612766835838556e-05,-0.0017527785385027,0.7564714550971985,2.0,5.649929523468018,548.4817504882812,1.604212999343872,0.0035060602240264,34.515716552734375,0.0716213658452034,63.98813247680664,59091.3984375,3632.01171875,58961.93359375,0.63400424
2573,-124.6838979615944,51.10926722222191,0,225.59474182128903,9.996048927307127,1872.7584228515625,5.938973426818848,-0.0056053521111607,-0.0049500586465001,-0.0887847244739532,9.0,5.731184959411621,860.624267578125,2.282599449157715,0.0035895791370421,28.35737609863281,-1.3452777862548828,69.63971710205078,52413.296875,10719.0634765625,52337.171875,0.00553909
2574,-136.2032471315715,59.66034190812219,0,,,,,0.0729227513074874,-0.0202248226851224,0.311952143907547,2.0,4.280840873718262,927.8056640625,3.1372358798980717,0.0032185572199523,27.270112991333008,-0.8759270906448364,72.79803466796875,15011.5595703125,5611.9453125,15005.2392578125,0.013022211
2575,-123.60214910340147,59.17831401748717,0,58.3735580444336,6.693666934967041,464.1969604492188,7.336819648742676,0.015133767388761,-0.0302224624902009,0.7384408712387085,2.0,6.002132892608643,541.1279296875,1.719351887702942,0.0036237500607967,36.67072677612305,-0.2170833349227905,90.00386810302734,18941.548828125,6332.96044921875,18886.1953125,0.21504836
2576,-123.68952778046004,48.996457543594126,0,,,55.56536483764648,7.042480945587158,-0.0016551123699173,0.0167492311447858,0.8210219144821167,2.0,14.775253295898438,1071.3099365234375,3.3311235904693604,,42.75894927978516,-1.0541322231292725,113.7492218017578,250.454345703125,,150.92007446289062,0.20964766
2577,-124.68556622947764,59.5341797791714,0,43.09424591064453,9.041678428649902,370.0969543457031,6.596543312072754,-0.0037782464642077,0.0055029075592756,0.55608731508255,2.0,5.541821002960205,538.2937622070312,1.522908329963684,0.0034288347233086,34.30978012084961,-0.0322012938559055,60.7671012878418,75204.0625,949.2600708007812,75215.7734375,0.41739154
2578,-128.3224697319736,53.98417474140848,0,273.4317626953125,18.530193328857425,1120.064208984375,4.894601345062256,0.0075145228765904,0.0589829124510288,0.684282660484314,2.0,6.574353218078613,1886.5089111328125,3.054198980331421,0.0042810402810573,32.52009582519531,-1.0454022884368896,45.961055755615234,18174.93359375,5321.4150390625,18379.498046875,0.01253116
2579,-122.02501054256768,54.93771546592812,0,192.0389862060547,21.37188720703125,1290.0186767578125,6.347231864929199,0.0297962538897991,-0.0120787853375077,0.7118294835090637,2.0,5.95927095413208,902.2900390625,2.718636274337769,0.0037159826606512,35.87383270263672,0.1760764420032501,49.129432678222656,40280.6015625,5239.2412109375,33130.80078125,0.40038043
2580,-127.79728598343787,51.891851976657975,0,122.54529571533205,8.825616836547852,127.544677734375,6.205923080444336,0.0310266874730587,-0.006923031527549,0.7305129170417786,2.0,10.727110862731934,3101.400146484375,4.139463424682617,0.0055763870477676,47.26616668701172,-0.8124305605888367,37.74660110473633,33633.1484375,1229.364013671875,33518.1484375,0.04814349
2581,-129.23765512390105,54.25294348059099,0,,,612.4292602539062,,0.1053305193781852,-0.0206352863460779,0.5875341296195984,2.0,7.771988868713379,2184.08056640625,3.204270601272583,0.0045901667326688,35.02420425415039,-1.091894268989563,35.56393051147461,9426.826171875,2662.213134765625,9404.251953125,0.014165864
2582,-124.60787559963111,48.65805023311109,0,288.62518310546875,6.092729091644287,470.4477233886719,5.634403228759766,-0.0214242301881313,0.0243495758622884,0.862853467464447,2.0,11.756966590881348,2755.0869140625,3.3196823596954346,0.0060058804228901,46.31021881103516,-1.296032190322876,160.2941436767578,9226.423828125,1004.1969604492188,9254.953125,0.12674636
2583,-128.266539649794,52.31302736473149,0,,,,,,,0.6978976726531982,2.0,,,,0.005617877934128,,,,,,16663.87890625,0.07800677
2584,-129.17834982026235,54.45530311662121,0,76.16421508789062,23.232912063598636,745.6078491210938,5.3357014656066895,-0.0433036610484123,0.0534044057130813,0.8075290322303772,2.0,7.863756656646728,1902.8759765625,2.8855440616607666,0.0043272874318063,34.120452880859375,-1.057049036026001,36.68256378173828,9161.2529296875,2277.324951171875,5970.81640625,0.06717045
2585,-129.39743812375144,55.06981651337048,0,288.3147277832031,8.802600860595703,118.20738983154295,6.581889152526856,0.0187679976224899,0.0047720009461045,0.8879434466362,2.0,10.385784149169922,1501.073974609375,2.493584394454956,0.0044461148791015,35.929134368896484,-0.8248263597488403,35.53517150878906,2030.620849609375,187.9017639160156,2025.6602783203125,0.058135837
2586,-124.42130565344964,57.1808024276169,0,103.29319763183594,21.828895568847656,1609.434814453125,6.416316509246826,0.000560087733902,0.0246977861970663,0.6555899977684021,2.0,3.025832414627075,711.2323608398438,2.331125497817993,0.003232316346839,29.369535446166992,0.3508287966251373,23.99172592163086,43836.64453125,3628.351806640625,15993.087890625,0.0068154377
2587,-124.66018066627308,52.18372235762436,0,128.1132354736328,5.194292545318604,1569.5833740234375,8.262651443481445,-0.0001644749281695,0.0086837271228432,0.6908925175666809,2.0,8.756492614746094,414.2698364257813,2.2031164169311523,0.0035286743659526,28.834428787231445,-1.188501477241516,35.8386116027832,15588.0302734375,4365.29052734375,15532.4140625,0.27504155
2588,-120.09865642637678,53.51965688910128,0,53.134498596191406,20.122180938720703,1842.194091796875,5.531242847442627,-0.0446234568953514,0.068008504807949,0.3546999990940094,11.0,4.294705390930176,963.3139038085938,2.633546829223633,0.0033091849181801,31.797393798828125,-0.0227430555969476,27.98792266845703,16517.8046875,8498.6552734375,16586.1015625,0.056365028
2589,-128.87993331043216,59.16433740901199,0,31.391979217529297,15.170623779296877,1593.1060791015625,6.464990615844727,0.0258682034909725,-0.0004121184174437,0.4357912242412567,9.0,4.272374629974365,593.0403442382812,1.8698376417160036,0.0032226738985627,30.203332901000977,0.5303053259849548,63.64847183227539,26767.759765625,5452.5732421875,20591.9765625,0.04996914
2590,-122.93440898704684,49.88130046070654,0,207.98849487304688,30.852418899536133,1508.367919921875,4.917867660522461,-0.0039556585252285,0.0105762826278805,0.3397522866725921,2.0,5.888952732086182,1388.1424560546875,2.316126585006714,0.0044331173412501,31.315452575683597,-1.045971155166626,79.4613037109375,12968.66796875,5574.18603515625,12932.2607421875,0.011890957
2591,-124.5987377775087,51.43457102589693,0,,,2025.4801025390625,4.805582046508789,-0.0337127782404422,-0.0501485206186771,0.1207514181733131,8.0,7.159167289733887,671.5823364257812,2.0415656566619877,0.0036614318378269,28.922822952270508,-1.4578819274902344,70.48226928710938,24228.185546875,3608.779296875,24393.99609375,0.031174129
2592,-121.07305119960805,49.53623979177593,0,292.658203125,9.849480628967283,1544.9591064453125,6.15385103225708,-0.0150895500555634,-0.0578134097158908,0.6834818720817566,2.0,8.225567817687988,839.3160400390625,2.303466320037842,0.0043469271622598,34.71449661254883,-0.96998131275177,122.09367370605467,3438.408935546875,9229.849609375,3330.76220703125,0.6635839
2593,-121.8264798149705,53.663237515840464,0,68.05188751220703,6.824291229248047,1281.3802490234375,6.51182746887207,0.0413207523524761,-0.02874774672091,0.6239951252937317,11.0,8.541767120361328,939.006591796875,2.4828884601593018,0.0041368287056684,38.94113159179688,0.4621388018131256,58.7663688659668,3131.8984375,5357.6376953125,3076.805419921875,0.5663237
2594,-123.095654909833,58.30722285903097,0,178.94541931152344,4.724620819091797,530.8630981445312,6.43590784072876,0.0295319762080907,-0.0088111031800508,0.6419295072555542,2.0,7.074225902557373,554.7315063476562,1.948520541191101,0.0036675462033599,37.85451889038086,-0.0673263892531395,82.98234558105469,22730.04296875,602.9114379882812,22725.564453125,0.55998063
2595,-126.37812937797408,59.08878143777994,0,177.0095672607422,6.622378349304199,1135.4681396484375,7.025301456451416,0.0187650881707668,-0.0059783686883747,0.5954582095146179,2.0,4.310890197753906,596.9827270507812,1.740464448928833,0.0031374336685985,30.40279197692871,0.5170739889144897,33.89653396606445,27617.931640625,506.8009643554688,27554.275390625,0.6032335
2596,-127.58919503256536,57.25127987944024,0,129.59713745117188,14.486679077148438,1510.8863525390625,6.050159454345703,0.0245125144720077,-0.003012181026861,0.7256174087524414,2.0,4.029446601867676,687.0296020507812,2.091994285583496,0.0032415168825536,29.31629943847656,0.2836849689483642,30.47609138488769,119703.984375,5713.19970703125,119703.8671875,0.017455483
2597,-124.0415208362711,50.08592080765131,0,183.43170166015625,13.26093864440918,1052.6710205078125,5.00282621383667,0.0494679026305675,-0.0104114413261413,0.6420092582702637,2.0,9.381516456604004,1435.19384765625,2.566115379333496,0.0050401082262396,37.05026245117188,-1.3462193012237549,89.30775451660156,11017.8818359375,4369.9189453125,9875.09375,0.06610058
2598,-124.08287517041892,59.366669658700616,0,20.76280403137207,0.9035719633102416,439.2421875,7.513293266296387,0.0012625430244952,-0.0021720649674534,0.7162954807281494,2.0,5.3050618171691895,527.8991088867188,1.55163311958313,0.0036711518187075,35.69933319091797,-0.2584083378314972,77.52900695800781,44654.53515625,5802.1337890625,44668.07421875,0.39260474
2599,-124.94679707355697,57.76243236942443,0,,,1980.8946533203125,4.594222068786621,,,0.2432423382997512,8.0,2.825985908508301,710.3995361328125,2.199424743652344,0.0030519978608936,28.784395217895508,0.3748595714569092,20.492849349975582,55904.62890625,2492.220458984375,55809.0859375,0.010194937
2600,-121.64483548081236,50.6730838991892,0,63.18970489501953,7.836716175079346,1378.5615234375,7.098273277282715,0.0097492141649127,-0.0243415255099535,0.6411992907524109,2.0,8.129549026489258,538.3396606445312,2.5374021530151367,0.0038208132609725,32.938987731933594,-1.0434964895248413,52.79326248168945,3509.22509765625,1175.3504638671875,3494.697265625,0.78760594
2601,-132.3513855211812,53.52192977238299,0,122.22985076904295,5.7929511070251465,167.6218719482422,6.929973602294922,0.0158335864543914,0.0028559158090502,0.845222532749176,2.0,10.655266761779783,1806.259033203125,5.707010269165039,0.005581215955317,42.65653610229492,-2.235755443572998,38.46847152709961,1039.3814697265625,11375.9013671875,1195.126953125,0.055793066
2602,-125.13437861813584,49.075897422217416,0,,,521.9857788085938,5.640819072723389,-0.0256350226700305,0.0430586151778698,0.795996904373169,2.0,11.96696949005127,2489.103271484375,3.5182878971099854,0.0059172441251575,46.2851448059082,-1.601731538772583,151.53598022460938,11226.2861328125,5116.177734375,9128.572265625,0.050710656
2603,-127.4684155915108,56.52318378482256,0,73.16938018798828,8.105018615722656,829.3001708984375,7.213865280151367,0.0533251240849494,-0.0162870921194553,0.7243409156799316,2.0,6.524562358856201,668.8609008789062,1.8718619346618648,0.0036189523525536,31.387924194335938,0.3328472077846527,33.868770599365234,92110.3828125,762.3499145507812,52744.35546875,0.50545514
2604,-127.71335151007251,50.404918659305125,0,230.59634399414065,18.828536987304688,419.3547058105469,5.202677249908447,-1.03224383565248e-05,0.0147022893652319,0.8474990725517273,2.0,11.241331100463867,2843.970458984375,4.651065349578857,0.0058699459768831,46.50743103027344,-1.0748519897460938,60.59305953979492,15377.19140625,1191.767822265625,15241.42578125,0.07058778
2605,-129.2171219284819,58.82174118200511,0,272.5970764160156,20.178974151611328,1517.2646484375,5.900865077972412,0.0420520007610321,-0.033068660646677,0.6906474828720093,9.0,3.761927127838135,637.4999389648438,1.943912506103516,0.0031271006446331,29.062255859375,0.6544791460037231,50.39071273803711,39684.375,4542.79541015625,39573.484375,0.00584963
2606,-124.65568758461394,58.88458205088498,0,110.9042739868164,14.155536651611328,981.628662109375,6.393662929534912,0.0545016191899776,0.0052902125753462,0.7031668424606323,2.0,5.38955545425415,608.9674072265625,1.746998310089111,0.003274418413639,33.96287536621094,0.1465277820825576,56.3337287902832,22501.603515625,1204.909912109375,22510.201171875,0.1529354
2607,-124.36825250175936,57.75464990103074,0,45.92551040649414,18.32293701171875,1090.5380859375,5.297070503234863,-0.0051254942081868,0.0322314351797103,0.6968173980712891,2.0,3.634207010269165,690.1636352539062,2.2014598846435547,0.0029892118182033,30.61779022216797,0.3595347106456756,25.90962028503418,81009.59375,649.2351684570312,75573.2421875,0.045551084
2608,-129.63069520715513,52.99419597300709,0,169.80360412597656,0.4662503004074096,27.45531272888184,7.57977819442749,-0.0006386608001776,0.0030964585021138,,4.0,11.684880256652832,3110.63720703125,5.17937707901001,,46.00103378295898,-1.626307725906372,31.06267738342285,53803.1640625,,53969.23828125,0.024309192
2609,-119.8475182672602,53.43139403408285,0,262.5860900878906,11.881258964538574,2219.90380859375,5.106375217437744,0.0146838435903191,-0.0381254851818084,0.2317333966493606,8.0,4.539678573608398,928.6589965820312,2.557989835739136,0.0033153449185192,32.09455871582031,-0.1022878438234329,28.00555229187012,22750.66015625,5749.50927734375,22755.21875,0.023017088
2610,-124.35207952957286,56.14559209888166,0,154.30419921875,12.059861183166504,1139.6639404296875,6.0230889320373535,-0.02991459146142,0.0108309760689735,0.7112693786621094,2.0,6.949682235717773,545.8236694335938,1.932503342628479,0.0040319813415408,32.30206680297852,0.029841287061572,34.395355224609375,1738.213134765625,3581.16943359375,1801.23974609375,0.35285717
2611,-128.65131251381916,53.32759586196627,0,52.78206253051758,16.588825225830078,536.1505126953125,5.61978816986084,0.0374721512198448,-0.0691242069005966,0.8082078099250793,2.0,8.255374908447266,3141.751953125,3.8634963035583496,0.004992211703211,38.51339721679688,-1.0513476133346558,34.68248748779297,18574.212890625,5783.80810546875,18839.55078125,0.020897504
2612,-127.54941321526393,55.88726688304061,0,,,,,,,0.3348818719387054,2.0,5.757490634918213,824.3846435546875,2.2108263969421387,0.0037045364733785,32.113563537597656,0.2597153484821319,62.89130401611328,20310.1875,1091.2564697265625,20372.32421875,0.48543814
2613,-127.74608470199028,57.165417667189466,0,138.35922241210938,12.49267292022705,1743.4296875,5.591203689575195,0.0034662659745663,-0.00365916127339,0.530752956867218,2.0,3.8494696617126474,740.6475219726562,2.181262493133545,0.0032337803859263,29.18282699584961,0.3763684928417206,31.623271942138672,128115.2734375,1740.4449462890625,111785.578125,0.030154863
2614,-129.87032934461865,54.736505712274656,0,,,815.6484985351562,6.09625244140625,0.01638357155025,-0.0428397208452224,0.1881697624921798,2.0,7.442724704742432,2124.198974609375,3.533821821212769,0.0045983209274709,33.875728607177734,-0.7296760678291321,30.692157745361328,27239.826171875,1296.0380859375,27336.69921875,0.01517537
2615,-134.9984773334286,59.79649681478504,0,239.2974090576172,4.250024318695068,865.78369140625,6.740100860595703,-0.0037268798332661,-0.0016177901998162,0.598874032497406,2.0,4.931010246276856,809.4534301757812,3.0270769596099854,0.0033764746040105,28.70370483398437,-0.5821011662483215,125.6354522705078,4245.1162109375,931.5028686523438,4464.06591796875,0.1330706
2616,-122.8083928138441,55.56483009980697,0,80.66099548339844,12.442449569702148,1021.714111328125,7.393884658813477,0.0281198415905237,-0.0220732912421226,0.6844763159751892,2.0,5.756126880645752,808.4732666015625,2.49519681930542,0.0036152384709566,34.6119384765625,0.3073611259460449,48.72944259643555,6279.029296875,1692.38232421875,6147.41064453125,0.30010518
2617,-126.838992954562,50.789349814026615,0,,,,,,,,2.0,,,,,45.240325927734375,-0.9782662987709044,58.65235900878906,,,10842.3046875,0.10032456
2618,-125.1254707418986,57.14023910337373,0,266.7098693847656,9.371546745300291,1018.8314819335938,9.324993133544922,0.0747989192605018,-0.0009203220834024,0.6619232892990112,2.0,5.517138481140137,561.1774291992188,1.910568118095398,0.0035440111532807,30.64313125610352,0.1851920336484909,24.800067901611328,8341.908203125,5539.0458984375,8289.904296875,0.048772223
2619,-130.24804645491963,59.50553083895038,0,268.4017028808594,6.909916877746582,1381.36669921875,9.188733100891112,0.0323117524385452,0.0043466570787131,0.5502440929412842,1.0,2.972012519836426,694.305908203125,2.251286268234253,0.0029577065724879,27.942991256713867,0.3963145017623901,65.34381866455078,33914.33203125,802.0443725585938,33864.36328125,0.006634972
2620,-124.0153732839306,55.45104909155202,0,237.1569976806641,6.671836853027344,1126.8057861328125,8.117441177368164,0.0179542507976293,-0.0153180565685033,0.706576406955719,2.0,6.572412967681885,626.0980224609375,2.1304097175598145,0.0036581926979124,33.63871765136719,-0.1345670670270919,54.75130081176758,6243.32275390625,7291.232421875,6344.93701171875,0.33936
2621,-128.01009670506323,53.88933570949849,0,72.97116088867188,9.682191848754885,1778.550048828125,5.156612396240234,-0.0792173892259597,0.0858092531561851,0.0347963273525238,9.0,4.747826099395752,1768.156005859375,2.808459043502808,0.0040128952823579,29.22625541687012,-0.9885069727897644,50.68923568725586,37302.87109375,3888.435302734375,37451.15234375,0.006827895
2622,-135.63971796212567,59.87633948633348,0,,,1803.438232421875,4.685994625091553,0.0399507544934749,0.0084311533719301,0.0504083558917045,8.0,2.5629122257232666,765.8955688476562,3.396570444107056,0.0029893645551055,24.832847595214844,-0.4010391235351562,100.17208099365234,37359.078125,1476.4364013671875,37219.4375,0.002981608
2623,-119.37365797982729,51.99695739962485,0,107.27293395996094,10.35925006866455,1155.3736572265625,6.512034893035889,-0.0005742911016568,-0.0046439566649496,0.725540041923523,2.0,8.408398628234863,1050.2423095703125,1.8672746419906616,0.0040492950938642,36.13061141967773,-0.5636548399925232,38.05179214477539,1176.263916015625,2094.77294921875,1176.490234375,0.84641325
2624,-122.12896699859098,53.10452003166219,0,252.4153289794922,3.8919851779937744,940.369384765625,6.288094997406006,0.0002231250109616,-0.0104783922433853,0.7883689999580383,2.0,10.152837753295898,710.11474609375,2.2870819568634038,0.0040987860411405,37.96958923339844,0.061458334326744,50.54825973510742,231.6722869873047,5532.9443359375,321.6268615722656,0.21827836
2625,-124.27456407716164,49.0245080121864,0,331.5932922363281,13.118616104125977,754.4467163085938,7.222638607025146,-0.0206615626811981,0.0176006667315959,0.8274329900741577,2.0,10.910076141357422,1970.96533203125,2.65669322013855,0.0054609267972409,42.046531677246094,-1.1602777242660522,164.02828979492188,164.26272583007812,2379.05322265625,124.14282989501952,0.21946165
2626,-123.16028077059734,58.43656561010375,0,65.51333618164062,1.0958164930343628,570.7172241210938,14.83448314666748,0.0088201286271214,-0.0034583287779241,0.7285324335098267,2.0,6.87992000579834,565.1099243164062,1.9414352178573608,0.003642888739705,37.63069915771485,-0.1053094714879989,89.4615707397461,26132.60546875,751.683837890625,26089.455078125,0.10931292
2627,-125.11778556222548,50.81181858938897,0,92.4166259765625,22.915939331054688,1553.0274658203125,6.166551113128662,0.0129735274240374,0.0001628284662729,0.0691986307501792,8.0,6.42103910446167,1097.3328857421875,2.5246713161468506,0.0043735881336033,30.62972450256348,-1.3612055778503418,84.478271484375,56280.2421875,5975.07666015625,30816.091796875,0.0026719207
2628,-131.73287248340492,59.33759995667648,0,87.74331665039062,10.383694648742676,1697.360107421875,5.65293025970459,0.0117430444806814,-0.0656680092215538,0.1997328102588653,8.0,4.471432209014893,629.0086059570312,2.4103853702545166,0.0033266372047364,30.66448974609375,0.2368360012769699,67.29437255859375,64665.98046875,9137.111328125,64334.44921875,0.0044099647
2629,-127.3452357793098,57.14641781090744,0,102.41641998291016,7.041717529296875,1760.965087890625,5.434335708618164,0.011636858806014,0.0741985663771629,0.174146294593811,11.0,3.6499111652374263,715.9713134765625,2.214113235473633,0.0032210687641054,28.71026039123535,0.3407596945762634,31.647165298461918,107746.6796875,5638.8642578125,107743.3359375,0.01339794
2630,-136.33715830404245,59.73176323736589,0,102.2578125,14.30483341217041,1672.4827880859375,6.76395320892334,0.011067627929151,0.0176747608929872,-0.0032287172507494,9.0,3.845648050308228,837.7523193359375,3.184757709503174,0.0031342054717242,26.613037109375,-0.7229166626930237,72.1611099243164,12517.4736328125,3584.811279296875,12475.2236328125,0.007501246
2631,-122.84489620261348,55.31241245691151,0,246.9727020263672,16.690715789794922,961.5332641601562,5.171738624572754,0.0357296392321586,0.0217559542506933,0.7244367003440857,2.0,6.110442638397217,808.8145751953125,2.482641220092773,0.0036577670834958,34.45744323730469,0.1163541674613952,46.43992614746094,10363.2568359375,9218.76953125,10307.5556640625,0.3652516
2632,-123.89379306309768,50.479554953814365,0,162.5222930908203,19.888540267944336,1341.8673095703125,4.845739841461182,0.043848592787981,0.0489831492304801,0.5287066698074341,2.0,6.061342239379883,1096.2894287109375,2.226635456085205,0.0038577134255319,29.976112365722656,-1.231464982032776,73.03099822998047,30300.4453125,688.9077758789062,29883.537109375,0.35419244
2633,-122.33308773300442,56.05337415989154,0,119.64665985107422,5.455402851104736,974.2778930664062,7.144453525543213,-0.0168971288949251,0.0095225274562835,0.6810662746429443,11.0,7.736870765686035,607.1480102539062,2.457692146301269,0.0038013542070984,38.27593231201172,0.2199456393718719,50.08156204223633,5825.14501953125,2047.372314453125,5644.12939453125,0.5704496
2634,-123.90972667400348,51.24516065282678,0,238.63157653808597,4.805301189422607,1507.379150390625,7.402719497680664,-0.0200729500502347,-0.0157436244189739,0.7166005373001099,2.0,7.733717918395996,640.2649536132812,2.0996861457824707,0.0036497600376605,28.345895767211918,-1.1961138248443604,46.330196380615234,14744.3232421875,1966.34375,14727.8603515625,0.46722266
2635,-123.91650949069276,55.58714258899095,0,85.71949005126953,8.77076530456543,1359.638671875,6.938992023468018,0.0091476691886782,0.0179139431566,0.6755108833312988,11.0,6.35017728805542,633.266845703125,2.215163230895996,0.0038045439869165,33.04762268066406,-0.0673039481043815,48.94807434082031,6749.2880859375,7380.19921875,6814.3740234375,0.8023618
2636,-126.93682098331526,55.83197554413727,0,173.8809814453125,9.938348770141602,1266.4393310546875,7.065132141113281,-0.0138312941417098,0.0018589454703032,0.7166535258293152,2.0,6.417815208435059,710.0593872070312,2.073906183242798,0.003731021657586,33.089500427246094,0.21452097594738,61.10577774047852,28777.818359375,1515.3118896484375,28824.7265625,0.5170283
2637,-127.42722508367112,56.69874198804414,0,82.06179809570312,9.037069320678713,1678.852783203125,6.158927440643311,0.0354780703783035,-0.0455283820629119,0.1305732280015945,8.0,3.794419050216675,778.5084228515625,2.2564404010772705,0.0034108685795217,28.742721557617188,0.3162856996059418,36.98191833496094,111953.3203125,4542.2314453125,66253.7734375,0.003169837
2638,-130.20542161360888,56.18195914370678,0,,,,,,,-0.1184468939900398,9.0,2.902146816253662,1884.420654296875,2.4774389266967773,0.0033938984852284,25.417022705078125,-0.1470395922660827,43.19149398803711,9417.8662109375,7633.52783203125,9575.17578125,0.006209791
2639,-128.42867655566354,56.1168152809824,0,22.27357482910156,23.192834854125977,1313.14990234375,6.46628999710083,-0.001201277016662,0.0278339721262455,0.5275295376777649,2.0,4.976947784423828,977.953857421875,2.1210856437683105,0.0037098671309649,29.890649795532227,-0.0567343346774578,51.25957489013672,42974.20703125,5084.84521484375,20456.748046875,0.34036332
2640,-130.2059178770519,57.67323572452466,0,102.7410888671875,9.360199928283691,1570.16259765625,6.785199165344238,-0.0207704156637191,-0.0051396209746599,0.4054870307445526,11.0,4.821713924407959,796.9722900390625,2.2004361152648926,0.0035065261181443,29.29104232788086,0.640232503414154,69.78067016601562,9163.4296875,4875.888671875,9218.552734375,0.13105154
2641,-132.9084432032621,54.07233087388371,0,174.87020874023438,3.266303777694702,248.19146728515625,7.030584812164307,-0.0141942631453275,0.0121111227199435,0.7694396376609802,2.0,10.107487678527832,1922.06982421875,5.0809526443481445,0.0056037781760096,42.89997482299805,-1.4007283449172974,31.828962326049805,47536.72265625,9811.1064453125,15415.548828125,0.013019443
2642,-120.01610736398972,56.9248216153045,0,,,,,,,,2.0,,,,,,,,,,,0.17682678
2643,-120.0937550616702,54.52548011580773,0,257.8285827636719,7.195372104644775,1422.4444580078125,8.209593772888184,-0.0250217411667108,0.0015348001616075,0.7487878799438477,2.0,7.974641799926758,653.4329223632812,2.7428324222564697,0.0036832832265645,39.810302734375,0.3745833337306976,54.22032165527344,20669.576171875,1548.054443359375,20721.978515625,0.05636984
2644,-125.46980239892612,58.83636363984194,0,139.59219360351562,18.794448852539062,1033.3385009765625,4.999268531799316,0.0350719355046749,0.0461337678134441,0.4689097106456756,11.0,4.628873348236084,601.1474609375,1.7542568445205688,0.0030786336865276,31.152830123901367,0.3712559342384338,35.90156173706055,1136.904296875,1374.8974609375,1250.513671875,0.7469468
2645,-131.8107416042811,59.76092786998404,0,298.3194274902344,4.632437229156494,958.9899291992188,9.69552230834961,-0.0006846566102467,0.0033110824879258,0.6770989894866943,2.0,4.97892951965332,500.2781677246094,2.08415150642395,0.0033656484447419,30.50210189819336,0.3340542614459991,65.26260375976562,18115.330078125,3102.850341796875,18276.455078125,0.40659896
2646,-128.50920951417808,54.12712471487671,0,269.9174194335937,9.441224098205566,546.2377319335938,5.07880449295044,0.0465446636080741,-0.0267374496906995,0.6408644914627075,2.0,9.029426574707031,1814.8953857421875,3.1647510528564453,0.0047428011894226,36.54366302490234,-1.1313087940216064,42.72438049316406,5240.95751953125,3030.48388671875,5300.05126953125,0.014955323
2647,-123.3877489355386,54.296419902901896,0,176.36663818359375,0.9016926884651184,872.4915161132812,7.4830803871154785,-0.0028225586283951,0.007644155062735,0.7075968980789185,2.0,9.13266944885254,581.7914428710938,2.1126961708068848,0.0040189907886087,36.03459167480469,-0.8086554408073425,57.4267807006836,11447.771484375,3227.233642578125,11499.4462890625,0.5454497
2648,-127.15159966555952,51.36588996486525,0,,,,,,,,2.0,,,,,,,,,,,0.17682678
2649,-127.6380554361807,52.84246843644994,0,179.53968811035156,19.50508499145508,1558.8814697265625,5.109854221343994,-0.0375846810638904,0.0042527322657406,0.0572808757424354,8.0,5.808351516723633,2338.0205078125,3.152984857559204,0.0044303745962679,32.22801971435547,-0.8952832221984863,44.60104370117188,54120.63671875,2068.504150390625,23161.93359375,0.0039244154
2650,-133.61869825843053,59.253217031355305,0,124.92153930664062,11.788237571716309,1513.9761962890625,5.900107383728027,0.0168466158211231,0.0176521260291337,0.4618591070175171,8.0,4.481336116790772,708.3304443359375,2.635364532470703,0.0035002625081688,29.56204032897949,-0.2097486108541488,97.56482696533205,14175.392578125,2980.20263671875,14372.240234375,0.01381707
2651,-124.81666492616225,49.43982493990109,0,43.892208099365234,5.934125900268555,358.25018310546875,6.471426963806152,0.0018188417889177,-0.0244267452508211,0.8661786913871765,2.0,12.41519546508789,1595.62109375,3.1839306354522705,0.0059470389969646,42.64368438720703,-1.6103085279464722,132.41802978515625,403.3056640625,9413.3564453125,482.7569580078125,0.12339536
2652,-125.32850855180254,52.41146272612337,0,187.9304962158203,0.7672799825668335,1159.4677734375,11.632482528686523,-0.0018598788883537,0.0020704963244497,0.5901002883911133,2.0,8.722146034240723,441.8157958984375,2.1423115730285645,0.0038780397735536,27.137996673583984,-1.2583913803100586,33.26946258544922,736.504150390625,1401.6156005859375,942.98486328125,0.6779668
2653,-130.57271118445348,56.6006098907865,0,272.2006225585937,12.30723476409912,796.5468139648438,6.399101734161377,0.0622467994689941,0.0338772647082805,0.6476282477378845,2.0,5.336122989654541,1921.3651123046875,1.9867206811904907,0.0037423896137624,28.666173934936523,-0.1260172128677368,44.80602264404297,42780.99609375,786.6561279296875,42813.31640625,0.036582336
2654,-129.62103126220867,56.67476118784542,0,198.5305938720703,25.16864776611328,1113.4808349609375,6.39596700668335,0.0181653182953596,-0.0192692093551158,0.6626285910606384,2.0,5.710529327392578,1161.2969970703125,1.8661056756973269,0.0036164924968034,29.93708038330078,-0.0459747500717639,35.62321853637695,6206.73876953125,6638.421875,6150.705078125,0.09282899
2655,-122.26992368577532,54.11084283149621,0,94.04146575927734,3.073513984680176,612.4801635742188,11.439233779907228,0.0084725953638553,-0.0004998242366127,0.4302660226821899,1.0,10.35276699066162,821.722900390625,2.2397077083587646,0.0042957537807524,39.32024765014648,0.1695138961076736,62.818450927734375,998.1903686523438,191.989013671875,748.6911010742188,0.1322829
2656,-124.6838395290718,59.22291054777797,0,266.7085266113281,4.466734409332275,451.8826599121094,8.010336875915527,0.0100063728168606,0.0096743693575263,0.7070932388305664,2.0,5.510024547576904,533.5443725585938,1.4777594804763794,0.0035280373413115,34.505855560302734,-0.09690972417593,56.10643005371094,46939.54296875,274.80419921875,47076.81640625,0.3655026
2657,-129.21154840630658,59.160688360542125,0,345.0125427246094,20.72916984558105,958.3390502929688,8.352380752563477,0.0262476503849029,-0.0243839882314205,0.483309805393219,2.0,5.228579044342041,540.4361572265625,1.6835817098617554,0.0032629524357616,30.38718605041504,0.5684642791748047,56.27389526367188,14302.6796875,2409.935302734375,3125.82470703125,0.05358675
2658,-127.6065911465881,54.81844891452808,0,84.15567016601562,3.8992083072662354,1100.956298828125,7.441769123077393,0.0015838837716728,0.0030472052749246,0.749733030796051,2.0,7.737645149230957,821.5228271484375,2.2589056491851807,0.0039263498038053,33.41315078735352,-0.7553819417953491,71.01961517333984,1883.709228515625,3414.14111328125,1837.8935546875,0.5866766
2659,-124.8941138318501,59.51144705558365,0,98.19944763183594,2.8283464908599854,891.251708984375,8.138360977172852,-0.0012870609061792,0.0016556608024984,0.7233447432518005,2.0,5.471642017364502,553.1288452148438,1.6165122985839844,0.0033733490854501,33.60450744628906,0.2408872693777084,54.99152374267578,63131.30078125,4771.84130859375,63142.828125,0.5734392
2660,-131.7542621885766,53.06336909141658,0,232.14825439453125,6.855201721191406,192.01046752929688,6.1570658683776855,0.0016787243075668,0.0065904054790735,,2.0,,,,0.0057015204802155,41.90393829345703,-2.579089403152466,37.92233657836914,4192.8994140625,,4282.349609375,0.064155884
2661,-120.06826335829687,49.604668776014,0,225.43450927734372,3.220029592514038,1583.306640625,7.157751083374023,0.0236109606921672,-0.0083016790449619,0.3960564434528351,2.0,8.284667015075684,557.8275756835938,2.664335250854492,0.0039701214991509,34.135799407958984,-1.2595486640930176,68.36785888671875,3216.775634765625,9357.427734375,3168.62109375,0.32639125
2662,-123.14187157080076,59.083961479278805,0,138.12261962890625,0.3395547866821289,389.7669677734375,8.20093822479248,-0.0003805743181146,0.0013791505480185,0.6957026720046997,2.0,5.49821662902832,512.1039428710938,1.7706609964370728,0.0037277434021234,36.62944793701172,-0.444029152393341,94.74745178222656,4241.5888671875,9242.4794921875,4288.00439453125,0.3488351
2663,-120.75426240877012,58.42667213089705,0,138.08277893066406,0.2247575372457504,403.2794189453125,8.572741508483887,0.0011809158604592,-0.000215198364458,0.6746362447738647,11.0,6.226254940032959,430.1531372070313,2.6441214084625244,0.0037616591434925,34.090362548828125,0.361680805683136,51.8004264831543,48827.96875,4670.79345703125,12205.4814453125,0.82712203
2664,-129.6462006561568,57.81117473711136,0,216.29995727539065,8.556663513183594,888.3574829101562,7.277045726776123,0.0106808030977845,-0.0027998962905257,0.6330587267875671,2.0,6.892527580261231,507.6251220703125,1.7101682424545288,0.0034245650749653,30.29067039489746,0.6956158876419067,43.15971374511719,13998.3623046875,1109.628662109375,14140.3603515625,0.37747926
2665,-129.61753720910468,54.96224974035545,0,318.6896057128906,20.84931182861328,386.9673767089844,5.439256191253662,0.0473226010799407,-0.0149987507611513,0.6979036927223206,2.0,9.154534339904783,1762.6295166015625,3.182790756225586,0.004673549439758,34.84230422973633,-0.7738859057426453,32.56312942504883,2096.638671875,1740.952880859375,2195.624755859375,0.042671163
2666,-132.00885571462166,53.56379958350121,0,85.84706115722656,0.7551587820053101,60.99502182006836,7.706483840942383,0.0011368178529664,0.0007417415035888,0.7907159328460693,2.0,11.445808410644531,1248.599365234375,5.819440841674805,0.0056873713620007,38.78341674804688,-2.422548055648804,32.39595031738281,4150.384765625,4723.47900390625,4046.17138671875,0.021229157
2667,-132.45315419257565,53.80157514037264,0,252.4322967529297,0.409525990486145,67.9572982788086,9.063920021057127,0.0061674038879573,-0.0015592095442116,0.7945641279220581,2.0,11.213558197021484,1590.62255859375,5.458666801452637,0.0055621932260692,42.54428863525391,-1.9915400743484497,34.00412368774414,17646.994140625,7189.212890625,11016.3935546875,0.021684078
2668,-126.36632710733237,55.574017956888056,0,112.36785125732422,5.871756553649902,1408.2869873046875,6.300379753112793,0.0019379067234694,-0.0155892837792634,0.6989534497261047,2.0,5.838715076446533,684.9140625,2.2916698455810547,0.0035711217205971,31.942724227905277,-0.1725647002458572,67.55574798583984,15364.2734375,9544.1318359375,15350.4560546875,0.5359697
2669,-123.32388821182997,48.864029688882106,0,,,,,,,,,,,,,,,,,,,0.17682678
2670,-127.54515753859104,50.75807941833607,0,114.02052307128906,5.521859645843506,226.45022583007807,6.824144840240479,0.0087277255952358,0.0131181282922625,0.7565882802009583,2.0,11.535947799682615,2224.345703125,4.440666198730469,0.0058472887612879,45.25285720825195,-0.9497714638710022,58.80291748046875,3289.293701171875,4183.12109375,3350.693115234375,0.06544895
2671,-129.79121581668247,54.335693317796576,0,,,812.041015625,6.197484493255615,,,0.341720312833786,11.0,8.80128288269043,2426.50390625,3.94717025756836,0.00465564802289,37.48015594482422,-0.897695004940033,29.18732643127441,10065.283203125,1268.976318359375,9992.8037109375,0.04731611
2672,-120.16863296337054,49.51660418230017,0,175.16812133789062,5.4428019523620605,1691.072265625,6.441044807434082,-0.0089010391384363,0.0220799278467893,0.5320911407470703,2.0,8.342487335205078,551.6880493164062,2.64029312133789,0.0040104640647768,34.25361633300781,-1.3710718154907229,71.64946746826172,3911.207275390625,11255.8466796875,4054.176025390625,0.57006735
2673,-124.3664898416319,55.184700626084265,0,49.70110702514648,2.5139291286468506,899.9197998046875,8.059887886047363,-0.0051797670312225,0.0090401181951165,0.7027949690818787,2.0,7.534681797027588,553.9690551757812,1.984491944313049,0.0038238912820816,32.65166473388672,-0.4992083311080932,46.07244110107422,2409.252685546875,615.7953491210938,7855.2412109375,0.5657274
2674,-120.46826471304183,53.36251837309794,0,162.03611755371094,15.492271423339844,1943.3892822265625,5.328770160675049,0.0371775887906551,0.0255450680851936,0.4632052481174469,11.0,6.385852336883545,977.39501953125,2.544152021408081,0.0037717677187174,34.60524368286133,-0.0289291255176067,32.16217422485352,4456.38525390625,6584.79296875,4588.09326171875,0.9125955
2675,-123.14739947166431,49.41068014438434,0,243.14588928222656,16.975200653076172,447.6752014160156,4.782607078552246,-0.0384261794388294,0.0634369179606437,0.839992880821228,2.0,11.165054321289062,2117.163330078125,2.6891448497772217,0.005815040320158,43.3558235168457,-1.0383892059326172,92.8531265258789,3559.20458984375,687.9698486328125,3419.796630859375,0.27671072
2676,-123.43411998905742,48.60234236667095,0,187.1709899902344,2.163723945617676,92.17842864990234,6.317656517028809,-0.0201479084789752,0.0113847255706787,0.6246083974838257,11.0,14.318918228149414,874.23779296875,3.267964601516724,0.0062347659841179,38.89262008666992,-0.930798590183258,118.10523986816406,72.614013671875,7217.119140625,343.8289794921875,0.15332887
2677,-127.82817702960456,56.61594339283364,0,171.76809692382812,28.864124298095703,1594.8438720703125,6.471524238586426,-0.0459256842732429,-0.0002041634725173,0.4122391939163208,2.0,4.6499738693237305,778.8533935546875,2.0987417697906494,0.0035599754191935,29.84644317626953,0.4396387338638305,37.54304885864258,95916.6328125,7019.2607421875,50957.53125,0.056185715
2678,-130.44289452224515,59.14756685204323,0,305.6119689941406,14.856870651245115,1544.9420166015625,4.818881988525391,0.0027876943349838,-0.0034328212495893,0.2661810219287872,2.0,3.7574849128723145,634.9793701171875,2.102634906768799,0.0031119449995458,28.57727432250977,0.3717361092567444,45.12052154541016,34184.72265625,2830.20556640625,34125.92578125,0.007826982
2679,-127.84292935958864,53.44766663163206,0,102.2698211669922,30.312862396240234,1166.56298828125,4.721057891845703,0.0288360007107257,-0.0361586213111877,0.0152979884296655,11.0,6.076216697692871,2059.46630859375,3.1530089378356934,0.0041794087737798,31.980417251586918,-1.047346591949463,47.80150985717773,3983.192138671875,4126.73779296875,3858.481689453125,0.020135151
2680,-120.33871444239035,58.71170539095847,0,281.51104736328125,0.1436245292425155,356.0814819335937,11.361761093139648,0.00110981578473,-0.0006923071923665,0.6481127142906189,2.0,6.001982688903809,418.38092041015625,2.702290773391724,0.0037154962774366,32.70123672485352,0.0663194432854652,34.918155670166016,47337.0234375,2407.537109375,47302.87890625,0.55081576
2681,-122.9735414964549,49.34906892915137,0,228.32730102539065,13.04580020904541,506.2177734375,5.672937393188477,-0.0070279384963214,0.010974247008562,0.8159164190292358,2.0,12.49674129486084,2365.051513671875,2.826854705810547,0.0057617072016,47.83461380004883,-1.0287152528762815,91.16145324707033,516.7847290039062,2034.855712890625,695.5390625,0.15815789
2682,-129.85342886352953,56.85133757044126,0,73.40928649902344,17.531749725341797,1148.79931640625,4.069502830505371,0.0234850980341434,0.0512420050799846,0.6220370531082153,2.0,4.85060453414917,1152.347900390625,1.873041749000549,0.0034558051265776,28.54635429382324,0.0874847695231437,35.94736099243164,7079.62548828125,5360.97705078125,7004.5283203125,0.01629244
2683,-126.73588465479658,50.416233584107935,0,327.05145263671875,6.154422283172607,925.0956420898438,6.487354278564453,0.013378832489252,-0.0082769617438316,0.7442499399185181,2.0,8.962409019470215,2323.52734375,3.5594184398651123,0.0054609715007245,40.3360481262207,-1.0784341096878052,70.70777130126953,1635.8616943359375,2255.830078125,1475.623779296875,0.1108559
2684,-123.59941431597196,50.87202367612655,0,89.11180877685547,10.12798309326172,2039.892333984375,6.222153186798096,0.0005847888533025,0.0161826722323894,-0.0300059281289577,8.0,5.192587852478027,870.78759765625,2.351590871810913,0.0032274646218866,26.167783737182617,-1.167184352874756,40.81953811645508,28423.65234375,7779.21044921875,28352.498046875,0.023926826
2685,-122.9579000663605,57.03420295325519,0,128.91470336914062,4.00293493270874,1032.6160888671875,7.555026054382324,0.0064569157548248,8.600691216997802e-05,0.648361086845398,2.0,6.283420562744141,617.9512939453125,2.36161732673645,0.0033433544449508,36.3830451965332,0.1047780588269233,41.27729797363281,910.4935302734376,622.4827270507812,984.9766845703124,0.4691719
2686,-123.86876326470802,57.10617331959475,0,186.37168884277344,11.850245475769045,1930.2850341796875,5.613055229187012,0.0862643718719482,-0.0097401896491646,0.1515623033046722,11.0,2.7814552783966064,739.9700927734375,2.6017894744873047,0.0031794332899153,28.44554328918457,0.2236975729465484,28.86949157714844,18249.541015625,7182.65576171875,18192.99609375,0.009386539
2687,-124.52962636531282,51.88672048659112,0,299.562744140625,3.2607221603393555,1064.289794921875,6.8972601890563965,-0.0047311326488852,0.0053851944394409,0.6830049157142639,2.0,10.958086013793944,344.2728881835937,1.819869041442871,0.0039092116057872,26.55967903137207,-1.3327484130859375,33.23463439941406,2504.35595703125,3374.4716796875,2015.027587890625,0.13295491
2688,-128.51860615025396,54.91409614278272,0,148.66925048828125,9.816009521484377,1115.9771728515625,6.894932270050049,0.0060712927952408,-0.0076401806436479,0.8229765892028809,2.0,7.169504165649414,1210.0455322265625,2.415121793746948,0.0040141753852367,32.80147171020508,-0.7463603615760803,54.74919509887695,8376.39453125,4293.2724609375,8293.9736328125,0.61815137
2689,-130.55872633371462,57.48694828877627,0,234.4923858642578,10.63022518157959,1615.6397705078125,5.683412551879883,0.0235904715955257,0.0046299984678626,0.3126226961612701,9.0,4.1427836418151855,979.0487060546876,2.286873340606689,0.0032587116584181,28.58373069763184,0.453923612833023,78.14056396484375,17954.732421875,4271.4306640625,17966.71875,0.0035859991
2690,-124.65806422003008,54.63189362201965,0,203.2539520263672,0.9166010022163392,707.498779296875,11.31419849395752,-0.0020623481832444,0.000724971469026,0.689323365688324,2.0,9.271036148071287,504.912109375,1.8910945653915403,0.004238536581397,34.169403076171875,-0.70834881067276,50.847503662109375,367.5729675292969,1187.3131103515625,328.9209899902344,0.29173157
2691,-121.546051581383,54.246482713532,0,189.7993621826172,6.586522579193115,771.4623413085938,6.048871994018555,0.0157562475651502,0.0035370246041566,0.7908938527107239,2.0,8.789790153503418,916.8382568359376,2.441469430923462,0.0041369902901351,38.58837890625,0.7670328617095947,43.98569107055664,2686.801513671875,2211.804931640625,2746.715576171875,0.16020575
2692,-129.82448003882757,55.43504397715864,0,239.0605316162109,5.972160816192627,223.1317901611328,5.455109119415283,-0.0327211506664752,0.019474059343338,0.7468936443328857,2.0,9.85395050048828,1815.6402587890625,2.988210439682007,0.0045720837078988,37.273040771484375,-0.5074443221092224,36.54836654663086,21454.86328125,2107.213623046875,21480.7578125,0.012929305
2693,-120.18887266968488,54.27394559006449,0,237.1080017089844,20.0092887878418,1912.758056640625,4.311513900756836,-0.0214876178652048,0.0031962604261934,0.4455555081367492,11.0,6.548202991485596,781.3385620117188,2.8137662410736084,0.0034896687138825,36.75921630859375,0.3353472352027893,48.44903945922852,31658.482421875,2705.19970703125,19924.728515625,0.039613698
2694,-125.09113187391388,57.051318499999205,0,193.1031494140625,3.054393768310547,719.3762817382812,6.944764614105225,0.0189226698130369,-0.0062135043554008,0.6149348020553589,2.0,6.539945125579834,485.7713623046875,1.6660223007202148,0.0035674814134836,29.647205352783203,0.1289503425359726,22.84071159362793,4708.15673828125,575.1469116210938,4712.5078125,0.50848866
2695,-124.61799482477096,58.79061181902448,0,216.2874298095703,9.46733283996582,1142.1488037109375,6.232291221618652,0.0018729619914665,0.0458098389208316,0.5405837893486023,2.0,4.7006707191467285,650.1262817382812,1.912399649620056,0.0031122518703341,33.034481048583984,0.1872263699769973,53.60522079467773,14169.86328125,2205.900634765625,14132.056640625,0.4293116
2696,-125.4717212002758,50.01447849209779,0,41.99327850341797,3.661417245864868,210.3901824951172,10.617688179016112,0.0099457455798983,0.0032794701401144,0.7679139375686646,1.0,12.926822662353516,1713.0794677734375,2.9010183811187744,0.0057456158101558,44.30410003662109,-1.5029513835906982,93.39881134033205,1787.5120849609375,668.3455200195312,2352.14892578125,0.2675444
2697,-123.1021895402512,57.10556135826965,0,193.37120056152344,10.322637557983398,1477.8104248046875,4.795044898986816,-0.0606481060385704,0.0198458731174469,0.6179240942001343,2.0,5.216569900512695,658.0925903320312,2.52309513092041,0.0032595796510577,34.35074234008789,0.1015625,42.08211135864258,11570.7158203125,1216.0911865234375,11694.8017578125,0.06808215
2698,-124.30494182404428,56.87608773616261,0,91.04203033447266,14.90869140625,1331.4744873046875,6.207199573516846,0.0260283946990966,0.052699863910675,0.7365675568580627,2.0,3.495065927505493,698.7767944335938,2.305614948272705,0.0032751499675214,29.896881103515625,0.221404418349266,25.82233238220215,36415.51171875,5883.8984375,31601.87890625,0.0073258155
2699,-131.04906415196584,51.957145488530045,0,,,,,,,,2.0,,,,,,,,,,,0.17682678
2700,-121.94039270334798,54.31250246268991,0,96.96267700195312,3.225364923477173,789.2330932617188,6.582412242889404,-0.0123743079602718,0.012866367585957,0.7611935138702393,11.0,9.34373950958252,911.259521484375,2.331700801849365,0.0041416082531213,38.90013122558594,0.488298624753952,47.85881042480469,5623.2578125,1793.067138671875,5594.04296875,0.26530218
2701,-120.29223530156324,56.11535714518448,0,203.20703125,6.303086757659912,495.0973205566406,5.885008811950684,0.0047251810319721,0.0044612432830035,0.6857328414916992,2.0,8.637276649475098,471.3990173339844,3.036367177963257,0.0038608419708907,36.11001968383789,0.3930059373378753,34.16147994995117,4120.11376953125,1109.62744140625,4092.0908203125,0.29197672
2702,-124.17851983125487,49.55311411615849,0,,,,,,,,2.0,,,,,,,,,,,0.17682678
2703,-120.59691078244651,57.92156992125479,0,295.77276611328125,1.035589337348938,601.4426879882812,8.07541561126709,0.0001221587735926,-0.0010559690417721,0.7252801060676575,2.0,6.636920928955078,446.9419555664063,2.919551134109497,0.0038074909243732,35.12393951416016,0.2816666662693023,57.01098251342773,64208.953125,3395.466064453125,27388.373046875,0.41081688
2704,-121.00472459851846,56.75013633794872,0,190.4193420410156,1.4393484592437744,689.01171875,6.879183769226074,-0.0057885297574102,0.0040202536620199,0.5687024593353271,2.0,6.342117786407471,481.9855651855469,2.9367682933807373,0.0038215355016291,35.55170822143555,0.1349014043807983,33.07475280761719,744.182861328125,799.2174072265625,835.28857421875,0.4885244
2705,-129.97908594259886,55.53210515429223,0,192.9037628173828,21.54093360900879,802.4972534179688,4.608164310455322,-0.0052170758135616,-0.0180468987673521,0.7709140777587891,9.0,7.597805023193359,1984.633544921875,2.9071462154388428,0.0043256627395749,33.89842987060547,-0.3940624892711639,36.87712860107422,29933.04296875,5796.1875,30011.701171875,0.00991213
2706,-128.72125751091832,54.65257053583503,0,194.478271484375,3.348719596862793,149.23605346679688,7.594664573669434,0.0213293116539716,-0.0061271036975085,0.7381057143211365,2.0,9.991605758666992,1216.72509765625,2.381485939025879,0.004303712863475,33.474327087402344,-1.0871527194976809,42.512603759765625,988.5470581054688,389.8777770996094,907.1634521484376,0.19919051
2707,-126.0381273927134,56.01277688776727,0,184.83567810058597,11.04916000366211,1529.480712890625,5.717490196228027,-0.0093007814139127,0.004929618909955,0.1786359548568725,2.0,5.239588737487793,662.8109741210938,2.1738760471343994,0.0034713745117187,30.556650161743164,0.0439677201211452,40.02935028076172,43444.125,3077.156494140625,43568.9921875,0.021800306
2708,-120.78215438089252,57.02574659243471,0,275.321533203125,0.5037720799446106,736.874755859375,9.372361183166504,-0.0005092668579891,0.00160882784985,0.7138231992721558,2.0,6.024783134460449,472.5872192382813,3.04688572883606,0.0037761961575597,35.02210235595703,0.2115582227706909,35.5077018737793,8616.8759765625,6419.66455078125,8726.119140625,0.3048574
2709,-128.7692357032711,57.2155603244308,0,118.52433013916016,9.116244316101074,1317.0947265625,6.639950752258301,0.0029601550195366,0.0168341677635908,0.698866605758667,2.0,4.135870456695557,757.3314208984375,1.992417573928833,0.0032571647316217,28.862194061279297,0.4637500047683716,36.21430587768555,83008.171875,1254.5291748046875,82949.9296875,0.046087798
2710,-128.46664713807775,58.46870735310563,0,269.521484375,7.10734748840332,1305.756591796875,5.7138848304748535,0.0135063985362648,0.016453381627798,0.716944694519043,2.0,3.745128154754639,629.45166015625,1.8866010904312132,0.0031165464315563,28.844457626342773,0.461589515209198,45.27085113525391,85630.6640625,1800.2601318359375,85642.25,0.012944474
2711,-120.72175056115508,58.29834664165192,0,197.55001831054688,0.2426604479551315,431.8618774414063,7.969983577728271,0.0005268144304864,0.0006268593133427,0.684802234172821,2.0,6.27549409866333,433.08209228515625,2.7030179500579834,0.0038070504087954,34.275875091552734,0.2254302501678466,53.29405975341797,59021.4765625,2090.158203125,13058.3291015625,0.51788616
2712,-121.13128756213372,55.31588540143878,0,224.545654296875,1.665072321891785,1099.068359375,7.4945902824401855,-0.0114277405664324,0.0079083042219281,0.7085343599319458,2.0,8.05211353302002,641.2040405273438,2.8667616844177246,0.003802778897807,38.49349594116211,0.4115277826786041,51.74375915527344,11391.4248046875,4708.85791015625,11443.04296875,0.16446155
2713,-123.07245029884324,49.5640107028562,0,230.3680877685547,7.480345249176025,1055.8531494140625,6.423404693603516,-0.0003193576703779,-0.1284165978431701,0.7764029502868652,2.0,9.29029941558838,1810.472900390625,2.4611175060272217,0.0054051242768764,37.30888366699219,-1.0135658979415894,87.15396118164062,6319.24560546875,1392.286865234375,6297.2255859375,0.13367687
2714,-129.9471932025163,55.98996247094734,0,296.0914001464844,11.259319305419922,137.4197998046875,5.729428768157959,0.0291930623352527,0.0028979929629713,0.8209441900253296,2.0,8.029858589172363,1756.2952880859375,2.4375767707824707,0.0040363892912864,33.38567352294922,-0.3891319334506988,41.68722915649414,468.86322021484375,1125.797607421875,528.1196899414062,0.064527705
2715,-136.464191265922,59.878235702846105,0,51.26435852050781,5.154212951660156,1633.8306884765625,7.936375141143799,0.0225895084440708,-0.0253630355000495,0.1087097823619842,8.0,3.0688154697418213,726.587890625,3.3378734588623047,0.0030459486879408,25.73119354248047,-0.6314092874526978,74.29833984375,11308.5888671875,3260.87109375,11321.0576171875,0.004841362
2716,-123.1859016654025,55.64002742192452,0,263.614013671875,14.596318244934082,1158.70654296875,5.705333709716797,0.0340668894350528,0.0023431305307894,0.7130120396614075,2.0,5.519188404083252,766.32080078125,2.398283004760742,0.0036338451318442,33.47301483154297,0.2584027647972107,44.46502685546875,12727.857421875,5198.1201171875,12691.396484375,0.24235448
2717,-126.44691121987223,56.23295630275072,0,248.4761657714844,8.762900352478027,1335.2244873046875,7.15833854675293,0.0083491224795579,0.0118611138314008,0.7112078666687012,2.0,5.480138778686523,672.175537109375,2.092760801315308,0.0034339320845901,30.842012405395508,0.2802386581897735,36.9227409362793,71272.2578125,3101.169677734375,25666.150390625,0.10061357
2718,-125.5131509725712,49.07724800817597,0,170.46571350097656,3.1484124660491943,29.493074417114254,6.546146869659424,0.0045951264910399,0.0119311157613992,0.5604590773582458,1.0,13.58139705657959,2858.076904296875,3.5760366916656494,0.0062133069150149,50.91622161865234,-1.647508144378662,120.8867416381836,954.0548095703124,187.64085388183597,993.7349243164062,0.1073602
2719,-128.4044502420434,52.61184042445576,0,,,243.538818359375,7.527204513549805,-0.0158941559493541,-0.0068690422922372,0.7900999188423157,2.0,10.33206844329834,3865.400634765625,4.192789077758789,0.0054210238158702,46.18364715576172,-1.0228255987167358,33.18031311035156,8633.904296875,17715.48828125,8664.1650390625,0.041400224
2720,-129.99668197193813,56.89811175550135,0,340.904052734375,22.62558937072754,976.1069946289062,5.15855073928833,-0.0185002088546752,0.0261193495243787,0.6613115668296814,2.0,6.223586082458496,1071.46484375,1.780448317527771,0.0034216206986457,30.215974807739254,0.21519336104393,35.17844009399414,2615.48876953125,1065.8389892578125,2610.24560546875,0.1496385
2721,-130.40782478390602,56.64063918569307,0,208.5181121826172,14.02779769897461,707.5093994140625,6.302774429321289,-0.0480960234999656,-0.011760645546019,0.8292176723480225,2.0,6.878669261932373,1728.7037353515625,1.820522665977478,0.0036477665416896,31.24273681640625,-0.1345848739147186,44.19939041137695,31887.39453125,1087.2984619140625,31909.0,0.07218543
2722,-127.4458208333818,53.449379370809446,0,230.24850463867188,25.652986526489254,1281.604248046875,5.678959369659424,0.0017143872100859,0.0145099712535738,0.4281970262527466,2.0,5.9485859870910645,1681.3936767578125,2.559823751449585,0.0039252759888768,30.964130401611328,-1.0883208513259888,54.84800338745117,15870.669921875,2067.218505859375,15742.5830078125,0.68532586
2723,-124.58056083720048,58.38192733499066,0,183.9564208984375,18.375333786010746,2246.897216796875,5.340975284576416,0.0143790636211633,-0.0280187297612428,0.0568744987249374,8.0,1.7911373376846311,730.9808959960938,2.5799951553344727,0.0027973239775747,26.03213119506836,0.2582559287548065,36.23634338378906,30252.09765625,1608.3988037109375,30411.369140625,0.0074630273
2724,-129.3680122144399,54.7218410088616,0,,,,,,,0.2523349821567535,9.0,5.18940544128418,1892.5234375,2.991013526916504,0.0040765339508652,29.777780532836918,-0.77159583568573,37.00868606567383,22661.201171875,2097.408935546875,22558.109375,0.01409033
2725,-124.96538036723098,56.59558967849152,0,127.52362060546876,14.52384090423584,1456.9256591796875,4.7970356941223145,-0.0406366027891635,-0.0033156394492834,0.7100684642791748,2.0,5.104216575622559,609.2867431640625,2.1405563354492188,0.0035796121228486,31.70389175415039,0.2250301390886306,35.870094299316406,15070.6630859375,5674.8603515625,15019.4638671875,0.04764363
2726,-126.3489720560618,50.42627018509866,0,222.4548797607422,17.665367126464844,998.7085571289062,6.158289909362793,0.0549645610153675,-0.0266414787620306,0.7828968167304993,2.0,9.15001392364502,2091.035400390625,3.444520235061645,0.005535427480936,39.736061096191406,-1.1578819751739502,70.995361328125,5466.20458984375,6002.1328125,5525.1103515625,0.0652049
2727,-118.65126805658213,49.14651584538069,0,181.0909576416016,5.347020626068115,1056.633544921875,7.696711540222168,0.0146749801933765,-0.0132183190435171,0.6658209562301636,2.0,12.088375091552734,480.4096984863281,2.5536365509033203,0.0041861939243972,34.10940933227539,-1.5349349975585938,62.63483810424805,326.8059997558594,2540.788330078125,576.5315551757812,0.72621393
2728,-122.48179720917928,49.03848087803119,0,170.9056396484375,0.2559387385845184,98.54805755615234,11.204554557800291,-0.001396024483256,0.0016566880512982,0.6414209604263306,5.0,14.940681457519531,1562.215087890625,2.651711225509644,0.0060881962999701,49.49813461303711,-1.0010828971862793,96.218994140625,132.9488983154297,6994.390625,193.6474609375,0.057678755
2729,-126.90434006624048,59.00366806761076,0,111.23785400390624,5.385838508605957,1092.98046875,10.321005821228027,0.0255113001912832,-0.015375311486423,0.7739117741584778,2.0,5.025568962097168,561.4891357421875,1.665406346321106,0.0033106671180576,30.88665199279785,0.3619093000888824,41.7156867980957,59024.6953125,2234.06298828125,59044.171875,0.02442275
2730,-125.578731741472,49.315527728707536,0,196.18028259277344,15.45014762878418,922.7462158203124,4.977058410644531,-0.0192691329866647,0.0287160836160182,0.4335691928863525,2.0,9.759195327758787,2427.0712890625,3.406318664550781,0.0055733169429004,40.08808517456055,-1.7025704383850098,118.40047454833984,16016.037109375,2751.083740234375,8325.7451171875,0.04376244
