index,y_true,y_pred_oof
0,1,0.9478949904441833
1,1,0.9326543211936951
2,1,0.6757236123085022
3,1,0.6870417594909668
4,1,0.7871475219726562
5,1,0.1233554407954216
6,1,0.11441590636968613
7,1,0.34598836302757263
8,1,0.9563564658164978
9,1,0.8602041602134705
10,1,0.8400809168815613
11,1,0.9599107503890991
12,1,0.30817532539367676
13,1,0.9316359758377075
14,1,0.9892292022705078
15,1,0.8864725232124329
16,1,0.5944638252258301
17,1,0.1620759516954422
18,1,0.9531938433647156
19,1,0.9337161779403687
20,1,0.8819445967674255
21,1,0.9680819511413574
22,1,0.8986157774925232
23,1,0.9526496529579163
24,1,0.9438531398773193
25,1,0.39778825640678406
26,1,0.8308671116828918
27,1,0.6480714082717896
28,1,0.8681543469429016
29,1,0.888632595539093
30,1,0.8603968024253845
31,1,0.6943108439445496
32,1,0.8451984524726868
33,1,0.4305458962917328
34,1,0.5033138394355774
35,1,0.80610191822052
36,1,0.6681751012802124
37,1,0.7211605906486511
38,1,0.9667429327964783
39,1,0.7612131237983704
40,1,0.9676303267478943
41,1,0.8747379183769226
42,1,0.1890287846326828
43,1,0.47620996832847595
44,1,0.6388614177703857
45,1,0.8110089898109436
46,1,0.45993468165397644
47,1,0.8262959718704224
48,1,0.9044612646102905
49,1,0.8098438382148743
50,1,0.977678656578064
51,1,0.8286819458007812
52,1,0.7676215171813965
53,1,0.9529537558555603
54,1,0.44025540351867676
55,1,0.8739041090011597
56,1,0.9209710955619812
57,1,0.0647248923778534
58,1,0.04181411489844322
59,1,0.7703872323036194
60,1,0.764461100101471
61,1,0.9170243740081787
62,1,0.2084418088197708
63,1,0.48951733112335205
64,1,0.8624311089515686
65,1,0.8232932090759277
66,1,0.9662020802497864
67,1,0.5724049210548401
68,1,0.5719472169876099
69,1,0.8269048929214478
70,1,0.9868296980857849
71,1,0.9894992113113403
72,1,0.09909869730472565
73,1,0.11800885945558548
74,1,0.679949939250946
75,1,0.6704131364822388
76,1,0.9396119117736816
77,1,0.8790826201438904
78,1,0.7949208617210388
79,1,0.14570479094982147
80,1,0.9697986245155334
81,1,0.8485522270202637
82,1,0.9716794490814209
83,1,0.38236480951309204
84,1,0.8244075179100037
85,1,0.5985842943191528
86,1,0.6898263096809387
87,1,0.10976582020521164
88,1,0.9913289546966553
89,1,0.9405771493911743
90,1,0.8069314956665039
91,1,0.9876470565795898
92,1,0.9249887466430664
93,1,0.7892146706581116
94,1,0.9979592561721802
95,1,0.8616516590118408
96,1,0.8506433963775635
97,1,0.9900922179222107
98,1,0.9630562663078308
99,1,0.8855894804000854
100,1,0.8522188067436218
101,1,0.9789601564407349
102,1,0.38917428255081177
103,1,0.6511579751968384
104,1,0.8865014910697937
105,1,0.9519457817077637
106,1,0.978362500667572
107,1,0.874656081199646
108,1,0.4867721199989319
109,1,0.981137752532959
110,1,0.9336153864860535
111,1,0.9877589344978333
112,1,0.9806978702545166
113,1,0.9455042481422424
114,1,0.9283185005187988
115,1,0.4402596950531006
116,1,0.05932776629924774
117,1,0.907745897769928
118,1,0.0818323940038681
119,1,0.5783224105834961
120,1,0.8969215154647827
121,1,0.6240527629852295
122,1,0.9800922870635986
123,1,0.91734379529953
124,1,0.9846380352973938
125,1,0.632115364074707
126,1,0.9709779620170593
127,1,0.6618492007255554
128,1,0.9931808710098267
129,1,0.8545445799827576
130,1,0.9978308081626892
131,1,0.7307536602020264
132,1,0.023942364379763603
133,1,0.9473936557769775
134,1,0.7638741731643677
135,1,0.762127697467804
136,1,0.8711963891983032
137,1,0.8612784147262573
138,1,0.5308008193969727
139,1,0.937593936920166
140,1,0.162281334400177
141,1,0.9751828908920288
142,1,0.6237586140632629
143,1,0.9612645506858826
144,1,0.9701245427131653
145,1,0.5764129757881165
146,1,0.9249629378318787
147,1,0.909031093120575
148,1,0.9592902064323425
149,1,0.26243066787719727
150,1,0.20516148209571838
151,1,0.9719886183738708
152,1,0.48012688755989075
153,1,0.2308422029018402
154,1,0.6762217879295349
155,1,0.9190487265586853
156,1,0.8902394771575928
157,1,0.9825731515884399
158,1,0.9367097616195679
159,1,0.5521440505981445
160,1,0.8831204175949097
161,1,0.5520844459533691
162,1,0.3842676877975464
163,1,0.3386150002479553
164,1,0.9620253443717957
165,1,0.9097948670387268
166,1,0.9976751208305359
167,1,0.884560763835907
168,1,0.9883447885513306
169,1,0.9792159199714661
170,1,0.4954316020011902
171,1,0.9662564992904663
172,1,0.41484320163726807
173,1,0.8735204935073853
174,1,0.592599093914032
175,1,0.15473219752311707
176,1,0.9755438566207886
177,1,0.9823465347290039
178,1,0.9698530435562134
179,1,0.9976056814193726
180,1,0.7704200148582458
181,1,0.3491891920566559
182,1,0.9922345876693726
183,1,0.9430863857269287
184,1,0.7535102367401123
185,1,0.9901877045631409
186,1,0.9886624217033386
187,1,0.9982588887214661
188,1,0.1566457599401474
189,1,0.4489324390888214
190,1,0.9970771074295044
191,1,0.9574426412582397
192,1,0.9138132929801941
193,1,0.28273189067840576
194,1,0.82911217212677
195,1,0.9786608219146729
196,1,0.9415706396102905
197,1,0.975904643535614
198,1,0.8648888468742371
199,1,0.8089830875396729
200,1,0.837057888507843
201,1,0.9112253189086914
202,1,0.8133243918418884
203,1,0.3536275625228882
204,1,0.9783467054367065
205,1,0.2271445393562317
206,1,0.4002116024494171
207,1,0.8007788062095642
208,1,0.9646642208099365
209,1,0.8955988883972168
210,1,0.7865890264511108
211,1,0.1603476107120514
212,1,0.11691194772720337
213,1,0.9622108340263367
214,1,0.991538941860199
215,1,0.881753146648407
216,1,0.9587844014167786
217,1,0.22995050251483917
218,1,0.866888701915741
219,1,0.9824402332305908
220,1,0.7541006803512573
221,1,0.9921320080757141
222,1,0.9366702437400818
223,1,0.9659264087677002
224,1,0.9258055090904236
225,1,0.5429064035415649
226,1,0.915998101234436
227,1,0.7194896936416626
228,1,0.49011021852493286
229,1,0.8361880779266357
230,1,0.7779953479766846
231,1,0.010898780077695847
232,1,0.4113813638687134
233,1,0.42043742537498474
234,1,0.9750766754150391
235,1,0.9447779655456543
236,1,0.8605422377586365
237,1,0.990507960319519
238,1,0.5062421560287476
239,1,0.6193986535072327
240,1,0.38944652676582336
241,1,0.988447368144989
242,1,0.9934608936309814
243,1,0.9439663290977478
244,1,0.1583583503961563
245,1,0.9496539831161499
246,1,0.9863548874855042
247,1,0.29519474506378174
248,1,0.11071549355983734
249,1,0.6494280695915222
250,1,0.9855599403381348
251,1,0.8761023283004761
252,1,0.6758360266685486
253,1,0.8520470857620239
254,1,0.6509653925895691
255,1,0.9848592877388
256,1,0.24982953071594238
257,1,0.9336071610450745
258,1,0.7536599636077881
259,1,0.834945797920227
260,1,0.7310041189193726
261,1,0.9678548574447632
262,1,0.9250473976135254
263,1,0.9595873355865479
264,1,0.9849639534950256
265,1,0.966429591178894
266,1,0.10180265456438065
267,1,0.3201844394207001
268,1,0.7973514199256897
269,1,0.5627074837684631
270,1,0.3278926610946655
271,1,0.7704753875732422
272,1,0.6730386018753052
273,1,0.508432924747467
274,1,0.5164981484413147
275,1,0.2759663164615631
276,1,0.9502391815185547
277,1,0.8650040626525879
278,1,0.4004955589771271
279,1,0.05477987602353096
280,1,0.22213104367256165
281,1,0.30279961228370667
282,1,0.8610162138938904
283,1,0.35129332542419434
284,1,0.9235752820968628
285,1,0.7948055863380432
286,1,0.47741302847862244
287,1,0.551027774810791
288,1,0.9737048149108887
289,1,0.22976171970367432
290,1,0.7970014810562134
291,1,0.05400412902235985
292,1,0.29396387934684753
293,1,0.7356152534484863
294,1,0.296634316444397
295,1,0.3828904330730438
296,1,0.9389916658401489
297,1,0.4562261402606964
298,1,0.9598824977874756
299,1,0.6227268576622009
300,1,0.9880651831626892
301,1,0.9989545345306396
302,1,0.3852527141571045
303,1,0.9848862290382385
304,1,0.7517740726470947
305,1,0.4770399332046509
306,1,0.25306451320648193
307,1,0.9684385657310486
308,1,0.9970038533210754
309,1,0.4656718075275421
310,1,0.6822537779808044
311,1,0.9221718311309814
312,1,0.2857975661754608
313,1,0.6123867034912109
314,1,0.9569327235221863
315,1,0.48295190930366516
316,1,0.9175969362258911
317,1,0.932586669921875
318,1,0.9513561129570007
319,1,0.8313361406326294
320,1,0.9558145403862
321,1,0.20026038587093353
322,1,0.8369982242584229
323,1,0.9845018982887268
324,1,0.8730775117874146
325,1,0.8413467407226562
326,1,0.9919778108596802
327,1,0.9877930283546448
328,1,0.9966496825218201
329,1,0.871407151222229
330,1,0.9644613265991211
331,1,0.9728438854217529
332,1,0.9933832287788391
333,1,0.9727600812911987
334,1,0.9433143734931946
335,1,0.9916395545005798
336,1,0.9213621616363525
337,1,0.9236599802970886
338,1,0.8440398573875427
339,1,0.953385591506958
340,1,0.9962050318717957
341,1,0.9952887296676636
342,1,0.9973503351211548
343,1,0.9746688008308411
344,1,0.9936923980712891
345,1,0.990801990032196
346,1,0.8050556778907776
347,1,0.9956516623497009
348,1,0.9480510354042053
349,1,0.9700703024864197
350,1,0.771744430065155
351,1,0.7741311192512512
352,1,0.9624711871147156
353,1,0.5255292057991028
354,1,0.193343386054039
355,1,0.45139139890670776
356,1,0.6922914385795593
357,1,0.8522409796714783
358,1,0.9228507280349731
359,1,0.9506151080131531
360,1,0.39565032720565796
361,1,0.9541217684745789
362,1,0.9793044328689575
363,1,0.9612401127815247
364,1,0.30843624472618103
365,1,0.955694854259491
366,1,0.9095116853713989
367,1,0.9635537266731262
368,1,0.6388689875602722
369,1,0.9472414255142212
370,1,0.9784191846847534
371,1,0.9833817481994629
372,1,0.9387988448143005
373,1,0.9075329303741455
374,1,0.9112981557846069
375,1,0.9930477738380432
376,1,0.9829136729240417
377,1,0.8424225449562073
378,1,0.9320086240768433
379,1,0.979816198348999
380,1,0.9791530966758728
381,1,0.9935454726219177
382,1,0.9424672722816467
383,1,0.7474600672721863
384,1,0.9227268695831299
385,1,0.7028276324272156
386,1,0.5777354836463928
387,1,0.9681512117385864
388,1,0.8392297029495239
389,1,0.8423851132392883
390,1,0.8980668187141418
391,1,0.9712620973587036
392,1,0.9302505850791931
393,1,0.37688586115837097
394,1,0.11177204549312592
395,1,0.184917613863945
396,1,0.3608177900314331
397,1,0.3033202290534973
398,1,0.054733894765377045
399,1,0.8286190032958984
400,1,0.8937727808952332
401,1,0.9430989623069763
402,1,0.8002710342407227
403,1,0.4069724977016449
404,1,0.9694921970367432
405,1,0.9103549718856812
406,1,0.7170571684837341
407,1,0.8352352380752563
408,1,0.2706817388534546
409,1,0.24418413639068604
410,1,0.11446156352758408
411,1,0.9614706039428711
412,1,0.9461943507194519
413,1,0.15616343915462494
414,1,0.2627928555011749
415,1,0.535187840461731
416,1,0.05693397298455238
417,1,0.3903687000274658
418,1,0.5889642834663391
419,1,0.500310480594635
420,1,0.5913800001144409
421,1,0.18196038901805878
422,1,0.9302575588226318
423,1,0.3356778919696808
424,1,0.6467722058296204
425,1,0.2059987485408783
426,1,0.49171459674835205
427,1,0.7905282974243164
428,1,0.6454780101776123
429,1,0.8201318383216858
430,1,0.6129431128501892
431,1,0.6369065046310425
432,1,0.5776074528694153
433,1,0.6484106779098511
434,1,0.2153804451227188
435,1,0.7697016000747681
436,1,0.9661064743995667
437,1,0.6777566075325012
438,1,0.998150646686554
439,1,0.9883710741996765
440,1,0.9857420921325684
441,1,0.9881431460380554
442,1,0.980553388595581
443,1,0.9103900790214539
444,1,0.8626889586448669
445,1,0.8719788789749146
446,1,0.5075477361679077
447,1,0.9211264252662659
448,1,0.6997936964035034
449,1,0.928794801235199
450,1,0.7098557949066162
451,1,0.7100590467453003
452,1,0.989450991153717
453,1,0.9945669174194336
454,1,0.932976484298706
455,1,0.9986827969551086
456,1,0.9846449494361877
457,1,0.9863566160202026
458,1,0.9656000733375549
459,1,0.9854426383972168
460,1,0.9299010634422302
461,1,0.9862886667251587
462,1,0.9869928359985352
463,1,0.9841024279594421
464,1,0.9640759229660034
465,1,0.9426690340042114
466,1,0.9948310256004333
467,1,0.9951249957084656
468,1,0.6534243226051331
469,1,0.7774493098258972
470,1,0.21502022445201874
471,1,0.9521178007125854
472,1,0.980138897895813
473,1,0.9783291816711426
474,1,0.9929021000862122
475,1,0.9145089983940125
476,1,0.9969154596328735
477,1,0.9607313871383667
478,1,0.9269625544548035
479,1,0.9087516069412231
480,1,0.840892493724823
481,1,0.9851212501525879
482,1,0.9911952018737793
483,1,0.9484606385231018
484,1,0.9836006760597229
485,1,0.9162470102310181
486,1,0.9590826630592346
487,1,0.9738010168075562
488,1,0.7906284928321838
489,1,0.9944115281105042
490,1,0.9869410395622253
491,1,0.3839806914329529
492,1,0.9800180792808533
493,1,0.9434637427330017
494,1,0.9765102863311768
495,1,0.9784039855003357
496,1,0.2249354124069214
497,1,0.7386564016342163
498,1,0.22767320275306702
499,1,0.995528519153595
500,1,0.781619668006897
501,1,0.844977080821991
502,1,0.09992483258247375
503,1,0.6470099687576294
504,1,0.39755281805992126
505,1,0.7848210334777832
506,1,0.6029782295227051
507,1,0.39043840765953064
508,1,0.989572286605835
509,1,0.5324722528457642
510,1,0.38034507632255554
511,1,0.9538111686706543
512,1,0.10072558373212814
513,1,0.26137983798980713
514,1,0.1142251119017601
515,1,0.22943590581417084
516,1,0.026839230209589005
517,1,0.9900835752487183
518,1,0.4489344656467438
519,1,0.9642015099525452
520,1,0.035335324704647064
521,1,0.10032721608877182
522,1,0.15241162478923798
523,1,0.6323505640029907
524,1,0.9466198086738586
525,1,0.01774698495864868
526,1,0.9499508142471313
527,1,0.6516389846801758
528,1,0.12317705899477005
529,1,0.7570831775665283
530,1,0.11148279160261154
531,1,0.26196542382240295
532,1,0.9520710110664368
533,1,0.15497221052646637
534,1,0.9635422229766846
535,1,0.9826083183288574
536,1,0.6230423450469971
537,1,0.9916730523109436
538,1,0.9680469632148743
539,1,0.5424044728279114
540,1,0.334377259016037
541,1,0.5283726453781128
542,1,0.9540682435035706
543,1,0.7475737929344177
544,1,0.6539525985717773
545,1,0.8731558322906494
546,1,0.9195266366004944
547,1,0.26320576667785645
548,1,0.9957270622253418
549,1,0.9545406103134155
550,1,0.7038182616233826
551,1,0.7033871412277222
552,1,0.12581640481948853
553,1,0.6855294704437256
554,1,0.5930516123771667
555,1,0.8679042458534241
556,1,0.8057368993759155
557,1,0.839663028717041
558,1,0.3695406913757324
559,1,0.8008294105529785
560,1,0.8848676085472107
561,1,0.6002283096313477
562,1,0.6817317008972168
563,1,0.9216570258140564
564,1,0.7832860350608826
565,1,0.6770549416542053
566,1,0.9020957946777344
567,1,0.9094604849815369
568,1,0.9330532550811768
569,1,0.0780458152294159
570,1,0.9746503829956055
571,1,0.9776535630226135
572,1,0.998923122882843
573,1,0.7711359262466431
574,1,0.9933856129646301
575,1,0.9931026697158813
576,1,0.291879266500473
577,1,0.9768358469009399
578,1,0.8133813142776489
579,1,0.9795712232589722
580,1,0.998024582862854
581,1,0.9990979433059692
582,1,0.9943193197250366
583,1,0.9250884652137756
584,1,0.3931320607662201
585,1,0.048401959240436554
586,1,0.5576705932617188
587,1,0.9988716244697571
588,1,0.5903140306472778
589,1,0.919241189956665
590,1,0.9723371267318726
591,1,0.9730639457702637
592,1,0.883211612701416
593,1,0.958698034286499
594,1,0.9846308827400208
595,1,0.9264503717422485
596,1,0.9421704411506653
597,1,0.8479740619659424
598,1,0.9746107459068298
599,1,0.8839843273162842
600,1,0.9972278475761414
601,1,0.974787175655365
602,1,0.9822168350219727
603,1,0.9688193798065186
604,1,0.9450424909591675
605,1,0.9798808693885803
606,1,0.9531551599502563
607,1,0.9836286902427673
608,1,0.9859890937805176
609,1,0.8633068799972534
610,1,0.5858457088470459
611,1,0.9569578170776367
612,1,0.8637495636940002
613,1,0.9804321527481079
614,1,0.9765119552612305
615,1,0.9946744441986084
616,1,0.9937527775764465
617,1,0.9801463484764099
618,1,0.70437091588974
619,1,0.9358662366867065
620,1,0.7720406651496887
621,1,0.4441281855106354
622,1,0.6936358213424683
623,1,0.8647142052650452
624,1,0.9536674618721008
625,1,0.9315175414085388
626,1,0.9237343668937683
627,1,0.9872739315032959
628,1,0.8372435569763184
629,1,0.9214566946029663
630,1,0.9899014234542847
631,1,0.6416073441505432
632,1,0.9275922179222107
633,1,0.876589298248291
634,1,0.8225165605545044
635,1,0.900781512260437
636,1,0.9047702550888062
637,1,0.8020512461662292
638,1,0.9923927783966064
639,1,0.11595700681209564
640,1,0.7826115489006042
641,1,0.9330779910087585
642,1,0.9885948896408081
643,1,0.9849724173545837
644,1,0.8738000392913818
645,1,0.9454479813575745
646,1,0.981962263584137
647,1,0.9702591300010681
648,1,0.9624555110931396
649,1,0.9277159571647644
650,1,0.9344453811645508
651,1,0.9907277822494507
652,1,0.8498290181159973
653,1,0.7238509058952332
654,1,0.7873862981796265
655,1,0.5203673839569092
656,1,0.9574248194694519
657,1,0.8222677111625671
658,1,0.8919312357902527
659,1,0.9490444660186768
660,1,0.0304129496216774
661,1,0.9596758484840393
662,1,0.9894894957542419
663,1,0.9257082343101501
664,1,0.6646050810813904
665,1,0.9847139716148376
666,1,0.9841811656951904
667,1,0.9942875504493713
668,1,0.7142361998558044
669,1,0.844200849533081
670,1,0.8541528582572937
671,1,0.7552416920661926
672,1,0.9884067177772522
673,1,0.9924783706665039
674,1,0.9983094930648804
675,1,0.9931551814079285
676,1,0.9317266345024109
677,1,0.9762154817581177
678,1,0.9832707047462463
679,1,0.7919744849205017
680,1,0.9898453950881958
681,1,0.654090166091919
682,1,0.9199265837669373
683,1,0.9476074576377869
684,1,0.9542884826660156
685,1,0.9956945180892944
686,1,0.9974368810653687
687,1,0.9988371729850769
688,1,0.7899755835533142
689,1,0.6855084896087646
690,1,0.9634997248649597
691,1,0.9463908672332764
692,1,0.9678630232810974
693,1,0.9348955154418945
694,1,0.9808000326156616
695,1,0.8901832699775696
696,1,0.8573675155639648
697,1,0.834671676158905
698,1,0.9370277523994446
699,1,0.9838640689849854
700,1,0.9984135627746582
701,1,0.851699948310852
702,1,0.9228935837745667
703,1,0.9500830173492432
704,1,0.9871349930763245
705,1,0.9030271172523499
706,1,0.9563171863555908
707,1,0.48454076051712036
708,1,0.390230655670166
709,1,0.7956211566925049
710,1,0.984650731086731
711,1,0.9256975054740906
712,1,0.6341233253479004
713,1,0.2148868441581726
714,1,0.8798052668571472
715,1,0.07267492264509201
716,1,0.9140984416007996
717,1,0.6131947636604309
718,1,0.30095037817955017
719,1,0.22897371649742126
720,1,0.2516796588897705
721,1,0.09175259619951248
722,1,0.15073993802070618
723,1,0.3514135479927063
724,1,0.07921190559864044
725,1,0.9462931752204895
726,1,0.9763423800468445
727,1,0.029731152579188347
728,1,0.7707787752151489
729,1,0.3893313705921173
730,1,0.2256258875131607
731,1,0.04022045060992241
732,1,0.19198669493198395
733,1,0.8344581723213196
734,1,0.8252666592597961
735,1,0.22548945248126984
736,1,0.5611461400985718
737,1,0.1714184284210205
738,1,0.9946647882461548
739,1,0.7921735644340515
740,1,0.18052583932876587
741,1,0.7415425777435303
742,1,0.5840892195701599
743,1,0.6142555475234985
744,1,0.4978385865688324
745,1,0.5898278951644897
746,1,0.22014515101909637
747,1,0.4952661395072937
748,1,0.8488560914993286
749,1,0.9710924029350281
750,1,0.7684057950973511
751,1,0.8050908446311951
752,1,0.3519582152366638
753,1,0.849210798740387
754,1,0.9027866721153259
755,1,0.9830113649368286
756,1,0.8967613577842712
757,1,0.9280007481575012
758,1,0.6714553236961365
759,1,0.6392953991889954
760,1,0.9966701865196228
761,1,0.8754252791404724
762,1,0.36989259719848633
763,1,0.9357777237892151
764,1,0.37028244137763977
765,1,0.6324347257614136
766,1,0.26994451880455017
767,1,0.9818689227104187
768,1,0.19084785878658295
769,1,0.35289090871810913
770,1,0.7753515243530273
771,1,0.27529481053352356
772,1,0.7431092262268066
773,1,0.8256667256355286
774,1,0.9336659908294678
775,1,0.22745831310749054
776,1,0.8786946535110474
777,1,0.8600218296051025
778,1,0.17673315107822418
779,1,0.9472137093544006
780,1,0.702720582485199
781,1,0.9735780954360962
782,1,0.9309243559837341
783,1,0.8464733958244324
784,1,0.855884313583374
785,1,0.49042272567749023
786,1,0.5090171098709106
787,1,0.7285386323928833
788,1,0.8844103217124939
789,1,0.170310378074646
790,1,0.9928672313690186
791,1,0.9829537868499756
792,1,0.31169089674949646
793,1,0.17949293553829193
794,1,0.6202521920204163
795,1,0.9582669138908386
796,1,0.8695835471153259
797,1,0.525611937046051
798,1,0.8475290536880493
799,1,0.6009130477905273
800,1,0.7089283466339111
801,1,0.6068416833877563
802,1,0.9215189218521118
803,1,0.8454878926277161
804,1,0.8348037600517273
805,1,0.8854339122772217
806,1,0.943816602230072
807,1,0.7138237357139587
808,1,0.7385421991348267
809,1,0.591448187828064
810,1,0.6211310029029846
811,1,0.8641785383224487
812,1,0.9220697283744812
813,1,0.4209349751472473
814,1,0.03997959569096565
815,1,0.10980450361967087
816,1,0.7866293787956238
817,1,0.8879626393318176
818,1,0.9388101696968079
819,1,0.9619016647338867
820,1,0.9751483201980591
821,1,0.5814977884292603
822,1,0.729965329170227
823,1,0.9378499984741211
824,1,0.9764230847358704
825,1,0.7300959229469299
826,1,0.9259129166603088
827,1,0.7032719850540161
828,1,0.9490152597427368
829,1,0.9692321419715881
830,1,0.9629136323928833
831,1,0.7865970134735107
832,1,0.975337564945221
833,1,0.8639853000640869
834,1,0.9750182032585144
835,1,0.9700007438659668
836,1,0.9748834371566772
837,1,0.20668716728687286
838,1,0.8251811265945435
839,1,0.9965341091156006
840,1,0.9965190887451172
841,1,0.9511375427246094
842,1,0.9158656597137451
843,1,0.9942920207977295
844,1,0.9898152351379395
845,1,0.964554488658905
846,1,0.951971709728241
847,1,0.9809255003929138
848,1,0.9806997179985046
849,1,0.9189937710762024
850,1,0.7172315716743469
851,1,0.9991088509559631
852,1,0.9912639856338501
853,1,0.9585152268409729
854,1,0.8092589378356934
855,1,0.9980161190032959
856,1,0.9817628860473633
857,1,0.9754801988601685
858,1,0.5293922424316406
859,1,0.4279024302959442
860,1,0.7457296252250671
861,1,0.5844451785087585
862,1,0.11809930950403214
863,1,0.2865021824836731
864,1,0.46039870381355286
865,1,0.8567894697189331
866,1,0.9945088028907776
867,1,0.9556623101234436
868,1,0.4043014347553253
869,1,0.5715892910957336
870,1,0.9407625198364258
871,1,0.3441179096698761
872,1,0.870762288570404
873,1,0.9873227477073669
874,1,0.5170001983642578
875,1,0.931134045124054
876,1,0.9801962971687317
877,1,0.8709341883659363
878,1,0.942070484161377
879,1,0.7981566190719604
880,1,0.9606752991676331
881,1,0.511159360408783
882,1,0.9267944097518921
883,1,0.2150769829750061
884,1,0.9005936980247498
885,1,0.8844772577285767
886,1,0.987456738948822
887,1,0.9520041942596436
888,1,0.8718109130859375
889,1,0.6803718209266663
890,1,0.9551171660423279
891,1,0.3136174976825714
892,1,0.6960492730140686
893,1,0.6385996341705322
894,1,0.7117472887039185
895,1,0.9255099892616272
896,1,0.9297341108322144
897,1,0.16189967095851898
898,1,0.2179141789674759
899,1,0.758523166179657
900,1,0.4208872616291046
901,1,0.6230065226554871
902,1,0.5438207387924194
903,1,0.5944773554801941
904,1,0.8422347903251648
905,1,0.4682375490665436
906,1,0.9379702806472778
907,1,0.7749118208885193
908,1,0.3395581543445587
909,1,0.5501869320869446
910,1,0.8122649788856506
911,1,0.6140748262405396
912,1,0.13763274252414703
913,1,0.48358070850372314
914,1,0.9825485944747925
915,1,0.9420185089111328
916,1,0.9919145107269287
917,1,0.7869124412536621
918,1,0.5919505953788757
919,1,0.8603944182395935
920,1,0.9401788115501404
921,1,0.8943270444869995
922,1,0.7505685687065125
923,1,0.5304163694381714
924,1,0.9232149720191956
925,1,0.9241812825202942
926,1,0.809963583946228
927,1,0.9836335778236389
928,1,0.8743113279342651
929,1,0.8389554619789124
930,1,0.8761386871337891
931,1,0.8431814312934875
932,1,0.6204476356506348
933,1,0.6722576022148132
934,1,0.9759663939476013
935,1,0.3476976752281189
936,1,0.9478834271430969
937,1,0.9819662570953369
938,1,0.8605304956436157
939,1,0.9908768534660339
940,1,0.9644873142242432
941,1,0.7877967357635498
942,1,0.7459043860435486
943,1,0.8284687399864197
944,1,0.9881007671356201
945,1,0.9508441090583801
946,1,0.8552544713020325
947,1,0.9417403936386108
948,1,0.8604945540428162
949,1,0.8838335871696472
950,1,0.5768897533416748
951,1,0.8977938890457153
952,1,0.9943209886550903
953,1,0.9795301556587219
954,1,0.9547521471977234
955,1,0.49536293745040894
956,1,0.5600343346595764
957,1,0.9151917099952698
958,1,0.8736748099327087
959,1,0.9310839176177979
960,1,0.8759098649024963
961,1,0.8884389996528625
962,1,0.9174063801765442
963,1,0.9648786783218384
964,1,0.7638044953346252
965,1,0.9696593284606934
966,1,0.8637738227844238
967,1,0.8902679085731506
968,1,0.9847077131271362
969,1,0.956010639667511
970,1,0.8348023295402527
971,1,0.5347931385040283
972,1,0.580083966255188
973,1,0.8433913588523865
974,1,0.9301081299781799
975,1,0.8709161877632141
976,1,0.8981699347496033
977,1,0.7921409606933594
978,1,0.6654171347618103
979,1,0.5496516823768616
980,1,0.8899705410003662
981,1,0.500405490398407
982,1,0.8885586857795715
983,1,0.5723316669464111
984,1,0.7831422686576843
985,1,0.8398240208625793
986,1,0.8987395763397217
987,1,0.9659472107887268
988,1,0.8958203792572021
989,1,0.9751420617103577
990,1,0.9220698475837708
991,1,0.9648296236991882
992,1,0.871008574962616
993,1,0.7810059189796448
994,1,0.9395192861557007
995,1,0.4435714781284332
996,1,0.9667138457298279
997,1,0.7145487666130066
998,1,0.9540224671363831
999,1,0.9927345514297485
1000,1,0.9837935566902161
1001,1,0.945187509059906
1002,1,0.8472972512245178
1003,1,0.9187453389167786
1004,1,0.9884726405143738
1005,1,0.929110586643219
1006,1,0.958879292011261
1007,1,0.9350349307060242
1008,1,0.030878935009241104
1009,1,0.5056672096252441
1010,1,0.54563969373703
1011,1,0.9769375324249268
1012,1,0.9543015360832214
1013,1,0.9867321848869324
1014,1,0.9867863059043884
1015,1,0.8074283599853516
1016,1,0.9255879521369934
1017,1,0.8676730990409851
1018,1,0.8838830590248108
1019,1,0.7405958771705627
1020,1,0.8122893571853638
1021,1,0.964572012424469
1022,1,0.8333329558372498
1023,1,0.20377859473228455
1024,1,0.8293288350105286
1025,1,0.968165934085846
1026,1,0.9340710043907166
1027,1,0.862111508846283
1028,1,0.9683321118354797
1029,1,0.9215846061706543
1030,1,0.949608325958252
1031,1,0.98781418800354
1032,1,0.9735870361328125
1033,1,0.9650946855545044
1034,1,0.9868883490562439
1035,1,0.9762753844261169
1036,1,0.9478374719619751
1037,1,0.9480598568916321
1038,1,0.876660168170929
1039,1,0.8002181053161621
1040,1,0.9641327857971191
1041,1,0.9954480528831482
1042,1,0.9882668852806091
1043,1,0.9778364896774292
1044,1,0.04634586349129677
1045,1,0.9588330388069153
1046,1,0.7732597589492798
1047,1,0.9812586903572083
1048,1,0.9913793802261353
1049,1,0.9415995478630066
1050,1,0.7373546957969666
1051,1,0.6446404457092285
1052,1,0.961262047290802
1053,1,0.9111317992210388
1054,1,0.9715867638587952
1055,1,0.11463767290115356
1056,1,0.18410912156105042
1057,1,0.39508503675460815
1058,1,0.9737799763679504
1059,1,0.9180675148963928
1060,1,0.808118462562561
1061,1,0.8693937063217163
1062,1,0.9369019865989685
1063,1,0.9591121673583984
1064,1,0.5863447785377502
1065,1,0.9239517450332642
1066,1,0.7328321933746338
1067,1,0.9615867733955383
1068,1,0.9267908334732056
1069,1,0.33431169390678406
1070,1,0.8923568725585938
1071,1,0.9883549213409424
1072,1,0.48241159319877625
1073,1,0.08506123721599579
1074,1,0.9604890942573547
1075,1,0.12481033056974411
1076,1,0.4449213743209839
1077,1,0.9446439146995544
1078,1,0.9353744387626648
1079,1,0.3413752615451813
1080,1,0.9277827739715576
1081,1,0.38195106387138367
1082,1,0.9622191190719604
1083,1,0.3762856423854828
1084,1,0.9782765507698059
1085,1,0.9653987884521484
1086,1,0.8127599954605103
1087,1,0.8301708102226257
1088,1,0.598822295665741
1089,1,0.3589756190776825
1090,1,0.9972883462905884
1091,1,0.9701865911483765
1092,1,0.8743849396705627
1093,1,0.64370197057724
1094,1,0.9294663667678833
1095,1,0.521018922328949
1096,1,0.9877254366874695
1097,1,0.8719775676727295
1098,1,0.6778855323791504
1099,1,0.9416310787200928
1100,1,0.6715891361236572
1101,1,0.5772737860679626
1102,1,0.9121111631393433
1103,1,0.5066689252853394
1104,1,0.7074244618415833
1105,1,0.8119742274284363
1106,1,0.45187872648239136
1107,1,0.5365747809410095
1108,1,0.48449283838272095
1109,1,0.0537625290453434
1110,1,0.8694508671760559
1111,1,0.7216575741767883
1112,1,0.953200101852417
1113,1,0.7190867066383362
1114,1,0.5799169540405273
1115,1,0.9312427043914795
1116,1,0.648558497428894
1117,1,0.9895246624946594
1118,1,0.41852104663848877
1119,1,0.9092302918434143
1120,1,0.7376387715339661
1121,1,0.20015954971313477
1122,1,0.9274030327796936
1123,1,0.7939538955688477
1124,1,0.9866162538528442
1125,1,0.9867332577705383
1126,1,0.6126423478126526
1127,1,0.8533833622932434
1128,1,0.6472117900848389
1129,1,0.7354032397270203
1130,1,0.9282723665237427
1131,1,0.8723119497299194
1132,1,0.9389784336090088
1133,1,0.8802092671394348
1134,1,0.8831393122673035
1135,1,0.980351984500885
1136,1,0.5979780554771423
1137,1,0.03866692632436752
1138,1,0.74337238073349
1139,1,0.8415433168411255
1140,1,0.9304864406585693
1141,1,0.7626807689666748
1142,1,0.9732571840286255
1143,1,0.9290085434913635
1144,1,0.8582358360290527
1145,1,0.9625758528709412
1146,1,0.9630395770072937
1147,1,0.026113349944353104
1148,1,0.5743152499198914
1149,1,0.9976321458816528
1150,1,0.8660451769828796
1151,1,0.8975043892860413
1152,1,0.8994701504707336
1153,1,0.8801808953285217
1154,1,0.7211440801620483
1155,1,0.973912239074707
1156,1,0.9761070013046265
1157,1,0.8174505233764648
1158,1,0.9827367067337036
1159,1,0.9859226942062378
1160,1,0.9617906212806702
1161,1,0.9708465933799744
1162,1,0.9172978401184082
1163,1,0.9805251955986023
1164,1,0.9309677481651306
1165,1,0.9919409155845642
1166,1,0.9921516180038452
1167,1,0.993033766746521
1168,1,0.9929950833320618
1169,1,0.9662252068519592
1170,1,0.9787326455116272
1171,1,0.9378777146339417
1172,1,0.8536710739135742
1173,1,0.645954430103302
1174,1,0.969353973865509
1175,1,0.9697054028511047
1176,1,0.9396722316741943
1177,1,0.49665898084640503
1178,1,0.6801950335502625
1179,1,0.9908077120780945
1180,1,0.7756452560424805
1181,1,0.951298177242279
1182,1,0.888705849647522
1183,1,0.7805118560791016
1184,1,0.9803368449211121
1185,1,0.9796834588050842
1186,1,0.9089939594268799
1187,1,0.9168949723243713
1188,1,0.9909790754318237
1189,1,0.9476584196090698
1190,1,0.7383688688278198
1191,1,0.907845139503479
1192,1,0.35325226187705994
1193,1,0.0983845442533493
1194,1,0.4997226893901825
1195,1,0.23075002431869507
1196,1,0.2064499408006668
1197,1,0.9456638693809509
1198,1,0.09890590608119965
1199,1,0.29089775681495667
1200,1,0.155659019947052
1201,1,0.4916217625141144
1202,1,0.972900390625
1203,1,0.9840145707130432
1204,1,0.9861459136009216
1205,1,0.5719472169876099
1206,1,0.828502357006073
1207,1,0.981429398059845
1208,1,0.7272173166275024
1209,1,0.9321995973587036
1210,1,0.8405776023864746
1211,1,0.739055335521698
1212,1,0.8909710049629211
1213,1,0.870979368686676
1214,1,0.5558412075042725
1215,1,0.5600168704986572
1216,1,0.9744024276733398
1217,1,0.9444936513900757
1218,1,0.808439314365387
1219,1,0.33853664994239807
1220,1,0.9524868726730347
1221,1,0.9381623864173889
1222,1,0.84166419506073
1223,1,0.7145639657974243
1224,1,0.646683394908905
1225,1,0.972480833530426
1226,1,0.9705308675765991
1227,1,0.6689568758010864
1228,1,0.8709315657615662
1229,1,0.9623377919197083
1230,1,0.7765307426452637
1231,1,0.7627583146095276
1232,1,0.4307752847671509
1233,1,0.6525784134864807
1234,1,0.9511690139770508
1235,1,0.6842154860496521
1236,1,0.4820307791233063
1237,1,0.8663032054901123
1238,1,0.7297118902206421
1239,1,0.507963240146637
1240,1,0.7808961272239685
1241,1,0.5061983466148376
1242,1,0.20555734634399414
1243,1,0.6448598504066467
1244,1,0.39501047134399414
1245,1,0.07979133725166321
1246,1,0.9217595458030701
1247,1,0.6394575834274292
1248,1,0.07309380918741226
1249,1,0.9828540086746216
1250,1,0.7765392661094666
1251,1,0.5744224786758423
1252,1,0.5185255408287048
1253,1,0.9660348296165466
1254,1,0.6354065537452698
1255,1,0.9380429983139038
1256,1,0.3386707305908203
1257,1,0.7046954035758972
1258,1,0.6362264156341553
1259,1,0.5355086326599121
1260,1,0.9520259499549866
1261,1,0.3821354806423187
1262,1,0.6328646540641785
1263,1,0.1834983080625534
1264,1,0.6376531720161438
1265,1,0.9881693124771118
1266,1,0.02151419408619404
1267,1,0.979331374168396
1268,1,0.5334631204605103
1269,1,0.9617589712142944
1270,1,0.3615124225616455
1271,1,0.7450863122940063
1272,1,0.2476264089345932
1273,1,0.7487814426422119
1274,1,0.4349208474159241
1275,1,0.5389596223831177
1276,1,0.8974611759185791
1277,1,0.5483710169792175
1278,1,0.9881718754768372
1279,1,0.8477625846862793
1280,1,0.20081691443920135
1281,1,0.9974651336669922
1282,1,0.4335329532623291
1283,1,0.9625471234321594
1284,1,0.9544757604598999
1285,1,0.3466919958591461
1286,1,0.9406064748764038
1287,1,0.13280223309993744
1288,1,0.5422240495681763
1289,1,0.9432728886604309
1290,1,0.5509559512138367
1291,1,0.8753863573074341
1292,1,0.8269230127334595
1293,1,0.9327738881111145
1294,1,0.8297664523124695
1295,1,0.929571270942688
1296,1,0.3667905330657959
1297,1,0.2333957701921463
1298,1,0.8615826964378357
1299,1,0.8281940221786499
1300,1,0.8094279766082764
1301,1,0.9108118414878845
1302,1,0.2766515016555786
1303,1,0.5574116110801697
1304,1,0.558165431022644
1305,1,0.15138700604438782
1306,1,0.8440415859222412
1307,1,0.9576069116592407
1308,1,0.9872220158576965
1309,1,0.5013962984085083
1310,1,0.5203574895858765
1311,1,0.6938027739524841
1312,1,0.49588653445243835
1313,1,0.3403712809085846
1314,1,0.04464845731854439
1315,1,0.1395428627729416
1316,1,0.9041312336921692
1317,1,0.9670284390449524
1318,1,0.4236394166946411
1319,1,0.8414402604103088
1320,1,0.6313678026199341
1321,1,0.4795013666152954
1322,1,0.9920037388801575
1323,1,0.9686815738677979
1324,1,0.9944789409637451
1325,1,0.9757158756256104
1326,1,0.9746397137641907
1327,1,0.6771638989448547
1328,1,0.6073095798492432
1329,1,0.8800027966499329
1330,1,0.8827590942382812
1331,1,0.7162307500839233
1332,1,0.5484764575958252
1333,1,0.9495680928230286
1334,1,0.9376392960548401
1335,1,0.825946033000946
1336,1,0.42393290996551514
1337,1,0.8571026921272278
1338,1,0.8938062787055969
1339,1,0.9748422503471375
1340,1,0.9896479249000549
1341,1,0.9344034790992737
1342,1,0.9741098284721375
1343,1,0.6364380717277527
1344,1,0.6803861260414124
1345,1,0.6961867809295654
1346,1,0.6844351291656494
1347,1,0.7548789978027344
1348,1,0.6874581575393677
1349,1,0.7948732972145081
1350,1,0.9767065048217773
1351,1,0.4665840268135071
1352,1,0.8091137409210205
1353,1,0.8332948684692383
1354,1,0.5524879693984985
1355,1,0.6750435829162598
1356,1,0.9744570851325989
1357,1,0.8854433298110962
1358,1,0.6727809906005859
1359,1,0.7596706748008728
1360,1,0.4801899790763855
1361,1,0.9851572513580322
1362,1,0.9774923920631409
1363,1,0.9902769327163696
1364,1,0.5202236175537109
1365,1,0.9459635615348816
1366,1,0.552544116973877
1367,1,0.4389837980270386
1368,1,0.7847428917884827
1369,1,0.8518294095993042
1370,1,0.9503975510597229
1371,1,0.517941951751709
1372,1,0.8178516030311584
1373,1,0.9705418944358826
1374,1,0.534121036529541
1375,1,0.6751773953437805
1376,1,0.8837589621543884
1377,1,0.9769307971000671
1378,1,0.9467321038246155
1379,1,0.8581157326698303
1380,1,0.16146519780158997
1381,1,0.9750148057937622
1382,1,0.8328053951263428
1383,1,0.7531185746192932
1384,1,0.9774795174598694
1385,1,0.837491512298584
1386,1,0.978756844997406
1387,1,0.8988631367683411
1388,1,0.5155240893363953
1389,1,0.6532936096191406
1390,1,0.9525771737098694
1391,1,0.9881948232650757
1392,1,0.9864110350608826
1393,1,0.8060294985771179
1394,1,0.9838026762008667
1395,1,0.9863935112953186
1396,1,0.8498240113258362
1397,1,0.9911024570465088
1398,1,0.8187626600265503
1399,1,0.994022786617279
1400,1,0.9919083714485168
1401,1,0.8848063349723816
1402,1,0.9938210844993591
1403,1,0.825434148311615
1404,1,0.9522100687026978
1405,1,0.9507701396942139
1406,1,0.07309380918741226
1407,1,0.7585008144378662
1408,1,0.9928870797157288
1409,1,0.9937179088592529
1410,1,0.9973801970481873
1411,1,0.9935699701309204
1412,1,0.8064302206039429
1413,1,0.9807196259498596
1414,1,0.7609934210777283
1415,1,0.8390680551528931
1416,1,0.9970575571060181
1417,1,0.9982725381851196
1418,1,0.9903433322906494
1419,1,0.9770256280899048
1420,1,0.9978910088539124
1421,1,0.987571120262146
1422,1,0.8135635852813721
1423,1,0.9927881360054016
1424,1,0.1516202986240387
1425,1,0.9858232736587524
1426,1,0.7891921997070312
1427,1,0.853918194770813
1428,1,0.9616035223007202
1429,1,0.9385362863540649
1430,1,0.8872072100639343
1431,1,0.9749495387077332
1432,1,0.9982293248176575
1433,1,0.8911048769950867
1434,1,0.9920799136161804
1435,1,0.41720667481422424
1436,1,0.9508970975875854
1437,1,0.8032656311988831
1438,1,0.08742859214544296
1439,1,0.031404752284288406
1440,1,0.9662100672721863
1441,1,0.7177477478981018
1442,1,0.9438667297363281
1443,1,0.9638118743896484
1444,1,0.9309563040733337
1445,1,0.8419024348258972
1446,1,0.9956569671630859
1447,1,0.680417537689209
1448,1,0.18344897031784058
1449,1,0.9950049519538879
1450,1,0.8518754243850708
1451,1,0.9634425044059753
1452,1,0.988852858543396
1453,1,0.9941189289093018
1454,1,0.904763400554657
1455,1,0.8625779151916504
1456,1,0.9938342571258545
1457,1,0.9945843815803528
1458,1,0.9401624798774719
1459,1,0.7686282992362976
1460,1,0.9892362952232361
1461,1,0.13021425902843475
1462,1,0.9588923454284668
1463,1,0.9879539012908936
1464,1,0.8314617872238159
1465,1,0.993860125541687
1466,1,0.9949038028717041
1467,1,0.9240056872367859
1468,1,0.9920421242713928
1469,1,0.9115378260612488
1470,1,0.9885058403015137
1471,1,0.9809675812721252
1472,1,0.190108522772789
1473,1,0.6531180739402771
1474,1,0.09453024715185165
1475,1,0.6349828243255615
1476,1,0.8532512187957764
1477,1,0.7012566924095154
1478,1,0.17947834730148315
1479,1,0.7804754376411438
1480,1,0.7288223505020142
1481,1,0.822935938835144
1482,1,0.45271801948547363
1483,1,0.2665490210056305
1484,1,0.4939797520637512
1485,1,0.9734346270561218
1486,1,0.9058094620704651
1487,1,0.29817304015159607
1488,1,0.7270127534866333
1489,1,0.9335218667984009
1490,1,0.862187385559082
1491,1,0.9582527875900269
1492,1,0.9754769206047058
1493,1,0.980505645275116
1494,1,0.023556813597679138
1495,1,0.4888870120048523
1496,1,0.9847005605697632
1497,1,0.3757719397544861
1498,1,0.9144929051399231
1499,1,0.9675516486167908
1500,1,0.983614444732666
1501,1,0.9719468355178833
1502,1,0.7588974237442017
1503,1,0.9338402152061462
1504,1,0.98377925157547
1505,1,0.9088395237922668
1506,1,0.9697669148445129
1507,1,0.9378135204315186
1508,1,0.8319064974784851
1509,1,0.9712368845939636
1510,1,0.9569469094276428
1511,1,0.9046895503997803
1512,1,0.693623960018158
1513,1,0.9829161167144775
1514,1,0.8815593719482422
1515,1,0.3248171806335449
1516,1,0.8235834836959839
1517,1,0.9475032091140747
1518,1,0.6141740083694458
1519,1,0.9717877507209778
1520,1,0.9927659034729004
1521,1,0.9911750555038452
1522,1,0.9971657395362854
1523,1,0.6222977042198181
1524,1,0.9837682843208313
1525,1,0.9921971559524536
1526,1,0.9553045034408569
1527,1,0.9289399981498718
1528,1,0.9749805927276611
1529,1,0.7942163348197937
1530,1,0.9502976536750793
1531,1,0.8730103373527527
1532,1,0.2492692470550537
1533,1,0.5642431974411011
1534,1,0.9740501046180725
1535,1,0.863793671131134
1536,1,0.9641894102096558
1537,1,0.9659574031829834
1538,1,0.412199467420578
1539,1,0.7252055406570435
1540,1,0.6257683634757996
1541,1,0.8655652403831482
1542,1,0.34218630194664
1543,1,0.8118941187858582
1544,1,0.8061468601226807
1545,1,0.8691242933273315
1546,1,0.9609196186065674
1547,1,0.6818171739578247
1548,1,0.976102352142334
1549,1,0.8310359120368958
1550,1,0.557795524597168
1551,1,0.7569820880889893
1552,1,0.9574602246284485
1553,1,0.3410540223121643
1554,1,0.9874218702316284
1555,1,0.9909508228302002
1556,1,0.9520629048347473
1557,1,0.8327010869979858
1558,1,0.9818124771118164
1559,1,0.9676696062088013
1560,1,0.9362088441848755
1561,1,0.9908297061920166
1562,1,0.965542733669281
1563,1,0.8095388412475586
1564,1,0.9834939241409302
1565,1,0.9192752242088318
1566,1,0.9988982677459717
1567,1,0.9821062088012695
1568,1,0.9792066812515259
1569,1,0.9414518475532532
1570,1,0.8653756380081177
1571,1,0.937757670879364
1572,1,0.9405112862586975
1573,1,0.9962600469589233
1574,1,0.9059470891952515
1575,1,0.7818626761436462
1576,1,0.9851810932159424
1577,1,0.9909204244613647
1578,1,0.8770802617073059
1579,1,0.8289848566055298
1580,1,0.9957581162452698
1581,1,0.9661100506782532
1582,1,0.988378643989563
1583,1,0.9916712045669556
1584,1,0.9348710179328918
1585,1,0.8794103860855103
1586,1,0.6663267612457275
1587,1,0.9228603839874268
1588,1,0.9843218326568604
1589,1,0.9441460371017456
1590,1,0.9989535808563232
1591,1,0.9844227433204651
1592,1,0.9881597757339478
1593,1,0.9803295135498047
1594,1,0.9967978596687317
1595,1,0.9929719567298889
1596,1,0.9909461736679077
1597,1,0.8841610550880432
1598,1,0.9884493947029114
1599,1,0.9945059418678284
1600,1,0.9904825687408447
1601,1,0.9869500994682312
1602,1,0.9938953518867493
1603,1,0.9932489395141602
1604,1,0.9379373788833618
1605,1,0.9944425225257874
1606,1,0.9938647150993347
1607,1,0.07096224278211594
1608,1,0.991553008556366
1609,1,0.9480617642402649
1610,1,0.8687865734100342
1611,1,0.9866271615028381
1612,1,0.7986158132553101
1613,1,0.9846735000610352
1614,1,0.9762968420982361
1615,1,0.9816800355911255
1616,1,0.960554301738739
1617,1,0.910380482673645
1618,1,0.9456318020820618
1619,1,0.6720020174980164
1620,1,0.758779764175415
1621,1,0.8978673815727234
1622,1,0.9491012692451477
1623,1,0.9607733488082886
1624,1,0.9180267453193665
1625,1,0.7001950740814209
1626,1,0.9923572540283203
1627,1,0.9226068258285522
1628,1,0.9592612385749817
1629,1,0.9773650765419006
1630,1,0.08915073424577713
1631,1,0.942169189453125
1632,1,0.6250101923942566
1633,1,0.6308281421661377
1634,1,0.7777979373931885
1635,1,0.9270415306091309
1636,1,0.521969735622406
1637,1,0.9675092697143555
1638,1,0.9214812517166138
1639,1,0.9597294926643372
1640,1,0.10925702750682831
1641,1,0.4819726049900055
1642,1,0.9017308950424194
1643,1,0.9942787885665894
1644,1,0.42659029364585876
1645,1,0.8742308020591736
1646,1,0.9893996119499207
1647,1,0.9931666254997253
1648,1,0.9671490788459778
1649,1,0.981357753276825
1650,1,0.37621745467185974
1651,1,0.33982497453689575
1652,1,0.8336884379386902
1653,1,0.7319278717041016
1654,1,0.4299584627151489
1655,1,0.23976030945777893
1656,1,0.18559733033180237
1657,1,0.36196115612983704
1658,1,0.6018339395523071
1659,1,0.15739445388317108
1660,1,0.2932041585445404
1661,1,0.4878753125667572
1662,1,0.04379108175635338
1663,1,0.5864694714546204
1664,1,0.02834782376885414
1665,1,0.029350632801651955
1666,1,0.9887623190879822
1667,1,0.9688333868980408
1668,1,0.98896324634552
1669,1,0.9805150032043457
1670,1,0.8865192532539368
1671,1,0.910677433013916
1672,1,0.9675094485282898
1673,1,0.09909869730472565
1674,1,0.2401430755853653
1675,1,0.3920598328113556
1676,1,0.9356024861335754
1677,1,0.8692674040794373
1678,1,0.8678446412086487
1679,1,0.9956398010253906
1680,1,0.945061206817627
1681,1,0.9929372668266296
1682,1,0.6444755792617798
1683,1,0.9818434119224548
1684,1,0.9494462013244629
1685,1,0.9834578037261963
1686,1,0.9729184508323669
1687,1,0.6913985013961792
1688,1,0.7441213726997375
1689,1,0.7941825985908508
1690,1,0.4558411240577698
1691,1,0.9608456492424011
1692,1,0.8784382939338684
1693,1,0.9485836625099182
1694,1,0.9350295066833496
1695,1,0.8391938805580139
1696,1,0.8801408410072327
1697,1,0.9171194434165955
1698,1,0.8541997671127319
1699,1,0.9857946634292603
1700,1,0.9942277669906616
1701,1,0.13591007888317108
1702,1,0.9427855610847473
1703,1,0.9455551505088806
1704,1,0.061058416962623596
1705,1,0.9632922410964966
1706,1,0.9197277426719666
1707,1,0.9166886806488037
1708,1,0.2811949551105499
1709,1,0.9523390531539917
1710,1,0.9568172097206116
1711,1,0.40890273451805115
1712,1,0.8980415463447571
1713,1,0.9251106977462769
1714,1,0.9877939224243164
1715,1,0.392866849899292
1716,1,0.9494108557701111
1717,1,0.8747881650924683
1718,1,0.9725114703178406
1719,1,0.9910814762115479
1720,1,0.972615122795105
1721,1,0.6641486287117004
1722,1,0.7212964296340942
1723,1,0.9671825170516968
1724,1,0.8461993932723999
1725,1,0.9374880194664001
1726,1,0.9957132339477539
1727,1,0.40013641119003296
1728,1,0.9765533804893494
1729,1,0.8419852256774902
1730,1,0.9437066912651062
1731,1,0.7558659911155701
1732,1,0.969100296497345
1733,1,0.9638763070106506
1734,1,0.9872970581054688
1735,1,0.9879745244979858
1736,1,0.14962270855903625
1737,1,0.7170121073722839
1738,1,0.7712540626525879
1739,1,0.9755691885948181
1740,1,0.9899197816848755
1741,1,0.9930416345596313
1742,1,0.8541163206100464
1743,1,0.9269735217094421
1744,1,0.8901730179786682
1745,1,0.9675535559654236
1746,1,0.9154089689254761
1747,1,0.9869906306266785
1748,1,0.22573396563529968
1749,1,0.9428074955940247
1750,1,0.7591548562049866
1751,1,0.960602879524231
1752,1,0.924294114112854
1753,1,0.6177716255187988
1754,1,0.9896383285522461
1755,1,0.7563682794570923
1756,1,0.9789189696311951
1757,1,0.11448441445827484
1758,1,0.8572273254394531
1759,1,0.9775190353393555
1760,1,0.9934296011924744
1761,1,0.9894641637802124
1762,1,0.9912464022636414
1763,1,0.969235897064209
1764,1,0.9984982013702393
1765,1,0.8848572969436646
1766,1,0.9873048663139343
1767,1,0.3590976297855377
1768,1,0.9916905164718628
1769,1,0.9959309697151184
1770,1,0.9888148903846741
1771,1,0.9898804426193237
1772,1,0.9494994282722473
1773,1,0.9856781363487244
1774,1,0.891624391078949
1775,1,0.9942650198936462
1776,1,0.9797582626342773
1777,1,0.9900777339935303
1778,1,0.8857761025428772
1779,1,0.9435515403747559
1780,1,0.7550519704818726
1781,1,0.9890393018722534
1782,1,0.9200489521026611
1783,1,0.5669430494308472
1784,1,0.992250382900238
1785,1,0.9864983558654785
1786,1,0.9711695313453674
1787,1,0.9725366234779358
1788,1,0.9964471459388733
1789,1,0.9952281713485718
1790,1,0.22886759042739868
1791,1,0.9944472312927246
1792,1,0.8039824366569519
1793,1,0.9945549964904785
1794,1,0.9673394560813904
1795,1,0.8426253795623779
1796,1,0.9977139234542847
1797,1,0.8900433778762817
1798,1,0.8731350302696228
1799,1,0.994316041469574
1800,1,0.8759162425994873
1801,1,0.665946364402771
1802,1,0.6347313523292542
1803,1,0.9078210592269897
1804,1,0.27533048391342163
1805,1,0.9698976874351501
1806,1,0.605252206325531
1807,1,0.9909324645996094
1808,1,0.9949678778648376
1809,1,0.9894888997077942
1810,1,0.4879973530769348
1811,1,0.2393341362476349
1812,1,0.9097157120704651
1813,1,0.5845773816108704
1814,1,0.918816864490509
1815,1,0.9867215156555176
1816,1,0.8514055609703064
1817,1,0.932637095451355
1818,1,0.8526594042778015
1819,1,0.9772552847862244
1820,1,0.72479647397995
1821,1,0.5678967833518982
1822,1,0.8774439692497253
1823,1,0.8772778511047363
1824,1,0.9628055691719055
1825,1,0.8078219890594482
1826,1,0.856722354888916
1827,1,0.8990660309791565
1828,1,0.983205258846283
1829,1,0.9805891513824463
1830,1,0.8415536880493164
1831,1,0.7173355221748352
1832,1,0.9022226333618164
1833,1,0.8025075793266296
1834,1,0.9934913516044617
1835,1,0.8552706837654114
1836,1,0.9874827861785889
1837,1,0.9858611822128296
1838,1,0.5252565145492554
1839,1,0.21637719869613647
1840,1,0.9847121238708496
1841,1,0.38345271348953247
1842,1,0.6320741772651672
1843,1,0.05267775431275368
1844,1,0.6676329970359802
1845,1,0.8344322443008423
1846,1,0.805012583732605
1847,1,0.9776261448860168
1848,1,0.5772143602371216
1849,1,0.6089192032814026
1850,1,0.4032573997974396
1851,1,0.6670718789100647
1852,1,0.6075193881988525
1853,1,0.8450363278388977
1854,1,0.9035557508468628
1855,1,0.9339836835861206
1856,1,0.7765951752662659
1857,1,0.980908989906311
1858,1,0.6510611772537231
1859,1,0.9439138770103455
1860,1,0.9773784875869751
1861,1,0.6061594486236572
1862,1,0.8076565265655518
1863,1,0.9974404573440552
1864,1,0.3083796799182892
1865,1,0.9811434745788574
1866,1,0.599083423614502
1867,1,0.4210861027240753
1868,1,0.9195000529289246
1869,1,0.9487619996070862
1870,1,0.9612143635749817
1871,1,0.4963226914405823
1872,1,0.909710705280304
1873,1,0.7366738319396973
1874,1,0.9221949577331543
1875,1,0.9631009101867676
1876,1,0.8709141612052917
1877,1,0.1603510081768036
1878,1,0.9460708498954773
1879,1,0.8424661159515381
1880,1,0.4226018190383911
1881,1,0.7148870825767517
1882,1,0.5544267296791077
1883,1,0.9704828262329102
1884,1,0.9217782616615295
1885,1,0.7144324779510498
1886,1,0.472388356924057
1887,1,0.8075390458106995
1888,1,0.08656889200210571
1889,1,0.8536253571510315
1890,1,0.9405154585838318
1891,1,0.11802206188440323
1892,1,0.15148299932479858
1893,1,0.9077151417732239
1894,1,0.9378281235694885
1895,1,0.8379600048065186
1896,1,0.9754550457000732
1897,1,0.8974305987358093
1898,1,0.15113970637321472
1899,1,0.9821374416351318
1900,1,0.13021425902843475
1901,1,0.9464172124862671
1902,1,0.8301104307174683
1903,1,0.12292355298995972
1904,1,0.35393601655960083
1905,1,0.9763957262039185
1906,1,0.987490713596344
1907,1,0.9632789492607117
1908,1,0.9826127290725708
1909,1,0.4766654372215271
1910,1,0.8980252146720886
1911,1,0.5892316102981567
1912,1,0.09153666347265244
1913,1,0.4968239367008209
1914,1,0.1351095587015152
1915,1,0.5683920383453369
1916,1,0.756329357624054
1917,1,0.7083402276039124
1918,1,0.5311146974563599
1919,1,0.9192951917648315
1920,1,0.8909693360328674
1921,1,0.9815577864646912
1922,1,0.9824438691139221
1923,1,0.8464637994766235
1924,1,0.4403628706932068
1925,1,0.7693386077880859
1926,1,0.9691400527954102
1927,1,0.9360871315002441
1928,1,0.9054205417633057
1929,1,0.919719934463501
1930,1,0.9435306191444397
1931,1,0.9876300692558289
1932,1,0.9102329015731812
1933,1,0.9923182725906372
1934,1,0.9854708909988403
1935,1,0.9085788726806641
1936,1,0.7222053408622742
1937,1,0.39008262753486633
1938,1,0.853056788444519
1939,1,0.9908341765403748
1940,1,0.9058035612106323
1941,1,0.854709267616272
1942,1,0.705052375793457
1943,1,0.8794137239456177
1944,1,0.1380857527256012
1945,1,0.4713701605796814
1946,1,0.9608798623085022
1947,1,0.9552037715911865
1948,1,0.9864249229431152
1949,1,0.9719073176383972
1950,1,0.12148132175207138
1951,1,0.9192132949829102
1952,1,0.5046220421791077
1953,1,0.6610661149024963
1954,1,0.617035448551178
1955,1,0.6634312272071838
1956,1,0.9835135340690613
1957,1,0.9129191637039185
1958,1,0.9510931968688965
1959,1,0.9768045544624329
1960,1,0.9763627648353577
1961,1,0.9970883727073669
1962,1,0.9862133860588074
1963,1,0.9793511629104614
1964,1,0.9338240623474121
1965,1,0.6642340421676636
1966,1,0.9498865008354187
1967,1,0.970475435256958
1968,1,0.9021120071411133
1969,1,0.9621613025665283
1970,1,0.8309689164161682
1971,1,0.9832930564880371
1972,1,0.9895267486572266
1973,1,0.9373169541358948
1974,1,0.9791127443313599
1975,1,0.9834907054901123
1976,1,0.9773896336555481
1977,1,0.7584838271141052
1978,1,0.9265098571777344
1979,1,0.5924721956253052
1980,1,0.8575327396392822
1981,1,0.987354576587677
1982,1,0.8600934743881226
1983,1,0.49167102575302124
1984,1,0.818558931350708
1985,1,0.04295288771390915
1986,1,0.539735734462738
1987,1,0.9698055982589722
1988,1,0.9481644630432129
1989,1,0.8085321187973022
1990,1,0.1639316827058792
1991,0,0.007084621582180262
1992,0,0.01240621693432331
1993,0,0.8140103816986084
1994,0,0.8191550374031067
1995,0,0.6518961787223816
1996,0,0.7386196255683899
1997,0,0.020089108496904373
1998,0,0.06192823871970177
1999,0,0.23351715505123138
2000,0,0.009109636768698692
2001,0,0.4060279428958893
2002,0,0.3479086458683014
2003,0,0.8690318465232849
2004,0,0.008842877112329006
2005,0,0.014811839908361435
2006,0,0.09382016211748123
2007,0,0.00369281810708344
2008,0,0.053533993661403656
2009,0,0.39713215827941895
2010,0,0.0655677542090416
2011,0,0.040224023163318634
2012,0,0.22625432908535004
2013,0,0.36909669637680054
2014,0,0.38246017694473267
2015,0,0.7923665642738342
2016,0,0.3765622079372406
2017,0,0.016843130812048912
2018,0,0.38266003131866455
2019,0,0.18681685626506805
2020,0,0.3639122545719147
2021,0,0.11776065826416016
2022,0,0.031183140352368355
2023,0,0.45669063925743103
2024,0,0.1961008757352829
2025,0,0.06974312663078308
2026,0,0.1874861717224121
2027,0,0.31740909814834595
2028,0,0.19533967971801758
2029,0,0.0270534660667181
2030,0,0.0033544700127094984
2031,0,0.0042663379572331905
2032,0,0.07309380918741226
2033,0,0.026205308735370636
2034,0,0.23299084603786469
2035,0,0.07906527817249298
2036,0,0.17824436724185944
2037,0,0.03426390886306763
2038,0,0.5079105496406555
2039,0,0.2522866427898407
2040,0,0.21653881669044495
2041,0,0.00262538343667984
2042,0,0.0035664348397403955
2043,0,0.2786022424697876
2044,0,0.6442175507545471
2045,0,0.35290372371673584
2046,0,0.009097060188651085
2047,0,0.11781848222017288
2048,0,0.1647377610206604
2049,0,0.06932152062654495
2050,0,0.01087524276226759
2051,0,0.19455331563949585
2052,0,0.9012182354927063
2053,0,0.03251279145479202
2054,0,0.05999201908707619
2055,0,0.1378646045923233
2056,0,0.018750790506601334
2057,0,0.8954882621765137
2058,0,0.594736635684967
2059,0,0.0353168323636055
2060,0,0.7381526827812195
2061,0,0.2883009910583496
2062,0,0.3747352063655853
2063,0,0.1276896446943283
2064,0,0.15314608812332153
2065,0,0.7395311594009399
2066,0,0.013462897390127182
2067,0,0.7246625423431396
2068,0,0.3665459454059601
2069,0,0.07626066356897354
2070,0,0.43952780961990356
2071,0,0.004026032984256744
2072,0,0.011800969950854778
2073,0,0.10533882677555084
2074,0,0.001982677262276411
2075,0,0.08444582670927048
2076,0,0.007376495283097029
2077,0,0.9279304146766663
2078,0,0.05113191157579422
2079,0,0.08679435402154922
2080,0,0.6653594970703125
2081,0,0.28682824969291687
2082,0,0.011965077370405197
2083,0,0.22791427373886108
2084,0,0.005351267755031586
2085,0,0.11813013255596161
2086,0,0.009622275829315186
2087,0,0.14261838793754578
2088,0,0.7602044343948364
2089,0,0.02221505343914032
2090,0,0.02055339887738228
2091,0,0.002759054768830538
2092,0,0.006160586606711149
2093,0,0.2072351723909378
2094,0,0.1424228399991989
2095,0,0.08156473189592361
2096,0,0.02108064293861389
2097,0,0.05262293666601181
2098,0,0.04334050789475441
2099,0,0.3452596366405487
2100,0,0.1428573727607727
2101,0,0.35795849561691284
2102,0,0.014008723199367523
2103,0,0.010400439612567425
2104,0,0.012784909456968307
2105,0,0.05019022896885872
2106,0,0.028736209496855736
2107,0,0.001698072999715805
2108,0,0.5175549387931824
2109,0,0.039148129522800446
2110,0,0.0983196571469307
2111,0,0.13851846754550934
2112,0,0.0073145851492881775
2113,0,0.015517561696469784
2114,0,0.8584188222885132
2115,0,0.5199660062789917
2116,0,0.11200541257858276
2117,0,0.03882976993918419
2118,0,0.06153499335050583
2119,0,0.6229718327522278
2120,0,0.5628961324691772
2121,0,0.15124742686748505
2122,0,0.003908126149326563
2123,0,0.0417238213121891
2124,0,0.5149415731430054
2125,0,0.5992439985275269
2126,0,0.1549311727285385
2127,0,0.013127045705914497
2128,0,0.9845810532569885
2129,0,0.5924683809280396
2130,0,0.4076494872570038
2131,0,0.6876484155654907
2132,0,0.1390688717365265
2133,0,0.08804714679718018
2134,0,0.2373449057340622
2135,0,0.5367854237556458
2136,0,0.07721918076276779
2137,0,0.2955477833747864
2138,0,0.934673011302948
2139,0,0.007577607408165932
2140,0,0.005401130300015211
2141,0,0.5831165909767151
2142,0,0.25091296434402466
2143,0,0.04974863678216934
2144,0,0.02764233388006687
2145,0,0.7539917826652527
2146,0,0.7626842260360718
2147,0,0.5976210236549377
2148,0,0.0885380208492279
2149,0,0.6113042831420898
2150,0,0.25047630071640015
2151,0,0.03801312297582626
2152,0,0.6564196944236755
2153,0,0.010285116732120514
2154,0,0.2457514852285385
2155,0,0.02721761353313923
2156,0,0.02475043199956417
2157,0,0.3136325180530548
2158,0,0.5047123432159424
2159,0,0.3744371831417084
2160,0,0.10570380836725235
2161,0,0.5651744604110718
2162,0,0.04584212601184845
2163,0,0.00904919020831585
2164,0,0.07110042870044708
2165,0,0.9694520831108093
2166,0,0.022060416638851166
2167,0,0.056695714592933655
2168,0,0.7523269057273865
2169,0,0.6135746240615845
2170,0,0.084868885576725
2171,0,0.3478143513202667
2172,0,0.17857077717781067
2173,0,0.23726339638233185
2174,0,0.0025457260198891163
2175,0,0.1428936868906021
2176,0,0.08256807178258896
2177,0,0.004912267439067364
2178,0,0.2078614979982376
2179,0,0.003571268869563937
2180,0,0.3292827606201172
2181,0,0.0037796515971422195
2182,0,0.06292373687028885
2183,0,0.14647677540779114
2184,0,0.432384729385376
2185,0,0.19218136370182037
2186,0,0.002040720544755459
2187,0,0.2691691219806671
2188,0,0.20058098435401917
2189,0,0.1313023716211319
2190,0,0.56903076171875
2191,0,0.09338995069265366
2192,0,0.4081883132457733
2193,0,0.1773141324520111
2194,0,0.0378500297665596
2195,0,0.0387929230928421
2196,0,0.14202778041362762
2197,0,0.03931432589888573
2198,0,0.05636631324887276
2199,0,0.08123131841421127
2200,0,0.009874623268842697
2201,0,0.17678722739219666
2202,0,0.011239646933972836
2203,0,0.040319859981536865
2204,0,0.14258530735969543
2205,0,0.23667772114276886
2206,0,0.44950973987579346
2207,0,0.13021425902843475
2208,0,0.46552371978759766
2209,0,0.19190214574337006
2210,0,0.015602735802531242
2211,0,0.032194532454013824
2212,0,0.004958441946655512
2213,0,0.9528339505195618
2214,0,0.9907667636871338
2215,0,0.0040750037878751755
2216,0,0.0013880208134651184
2217,0,0.02236096002161503
2218,0,0.09138162434101105
2219,0,0.00999428890645504
2220,0,0.01213003322482109
2221,0,0.9402686953544617
2222,0,0.028395894914865494
2223,0,0.07456617057323456
2224,0,0.6624912023544312
2225,0,0.011616059578955173
2226,0,0.0027932249940931797
2227,0,0.007634203881025314
2228,0,0.030281180515885353
2229,0,0.6362819075584412
2230,0,0.035223595798015594
2231,0,0.66085284948349
2232,0,0.02969036065042019
2233,0,0.34524106979370117
2234,0,0.009891229681670666
2235,0,0.8813983201980591
2236,0,0.03119828552007675
2237,0,0.05604150518774986
2238,0,0.10980450361967087
2239,0,0.17906729876995087
2240,0,0.017421970143914223
2241,0,0.15608344972133636
2242,0,0.006709917448461056
2243,0,0.0809527114033699
2244,0,0.5859113335609436
2245,0,0.09229682385921478
2246,0,0.2903163433074951
2247,0,0.014094033278524876
2248,0,0.3455218970775604
2249,0,0.016454380005598068
2250,0,0.20929209887981415
2251,0,0.7754753232002258
2252,0,0.08508483320474625
2253,0,0.005343752447515726
2254,0,0.009080132469534874
2255,0,0.2740573287010193
2256,0,0.011178146116435528
2257,0,0.003738264087587595
2258,0,0.326244056224823
2259,0,0.004160074517130852
2260,0,0.08544714003801346
2261,0,0.5268499255180359
2262,0,0.0113184479996562
2263,0,0.3921315371990204
2264,0,0.1896229237318039
2265,0,0.37584662437438965
2266,0,0.0033660733606666327
2267,0,0.02304990403354168
2268,0,0.004674163181334734
2269,0,0.03897425904870033
2270,0,0.8054972887039185
2271,0,0.07574357092380524
2272,0,0.0007988684810698032
2273,0,0.011039908975362778
2274,0,0.0136457160115242
2275,0,0.9337784647941589
2276,0,0.25720828771591187
2277,0,0.10357711464166641
2278,0,0.07732658088207245
2279,0,0.43379172682762146
2280,0,0.02315148524940014
2281,0,0.013918665237724781
2282,0,0.0035058779176324606
2283,0,0.31638431549072266
2284,0,0.3101055920124054
2285,0,0.03375401347875595
2286,0,0.5952532887458801
2287,0,0.006062034051865339
2288,0,0.671044111251831
2289,0,0.009287701919674873
2290,0,0.21852371096611023
2291,0,0.09909869730472565
2292,0,0.9566570520401001
2293,0,0.0106107909232378
2294,0,0.03820452094078064
2295,0,0.7946370840072632
2296,0,0.21175213158130646
2297,0,0.03347747400403023
2298,0,0.6013530492782593
2299,0,0.05000699311494827
2300,0,0.01605161279439926
2301,0,0.006096487399190664
2302,0,0.022685950621962547
2303,0,0.24315397441387177
2304,0,0.5361626744270325
2305,0,0.41963478922843933
2306,0,0.10180739313364029
2307,0,0.018453242257237434
2308,0,0.010092062875628471
2309,0,0.1152895912528038
2310,0,0.760004460811615
2311,0,0.010729856789112091
2312,0,0.02704360894858837
2313,0,0.27457505464553833
2314,0,0.24466489255428314
2315,0,0.019831418991088867
2316,0,0.03801698610186577
2317,0,0.04537845775485039
2318,0,0.03960764780640602
2319,0,0.3333674967288971
2320,0,0.04282298684120178
2321,0,0.2932441532611847
2322,0,0.04930822178721428
2323,0,0.19921039044857025
2324,0,0.023258011788129807
2325,0,0.31435853242874146
2326,0,0.2371290773153305
2327,0,0.11797107756137848
2328,0,0.11869195103645325
2329,0,0.11873267590999603
2330,0,0.0015039481222629547
2331,0,0.07339108735322952
2332,0,0.2299431562423706
2333,0,0.242373526096344
2334,0,0.027779720723628998
2335,0,0.2572076916694641
2336,0,0.7902315855026245
2337,0,0.028839098289608955
2338,0,0.10099831223487854
2339,0,0.4845842123031616
2340,0,0.29278600215911865
2341,0,0.3388788402080536
2342,0,0.005394436419010162
2343,0,0.09778238832950592
2344,0,0.08624648302793503
2345,0,0.7366147637367249
2346,0,0.021355444565415382
2347,0,0.2869455814361572
2348,0,0.013795079663395882
2349,0,0.0618760846555233
2350,0,0.01281226146966219
2351,0,0.05574020743370056
2352,0,0.008158956654369831
2353,0,0.0628490075469017
2354,0,0.007773843128234148
2355,0,0.9368391036987305
2356,0,0.004725679289549589
2357,0,0.035086795687675476
2358,0,0.7861617207527161
2359,0,0.0868934616446495
2360,0,0.10496920347213745
2361,0,0.032366689294576645
2362,0,0.01160658709704876
2363,0,0.09624822437763214
2364,0,0.6787406206130981
2365,0,0.02515590749680996
2366,0,0.011056257411837578
2367,0,0.8067023158073425
2368,0,0.11562549322843552
2369,0,0.14277306199073792
2370,0,0.010644699446856976
2371,0,0.4374919533729553
2372,0,0.02529742196202278
2373,0,0.5257323384284973
2374,0,0.19805195927619934
2375,0,0.11291637271642685
2376,0,0.210879385471344
2377,0,0.8720460534095764
2378,0,0.17631645500659943
2379,0,0.2347687929868698
2380,0,0.012862663716077805
2381,0,0.20608635246753693
2382,0,0.0015239327913150191
2383,0,0.0016620821552351117
2384,0,0.019152220338582993
2385,0,0.008093152195215225
2386,0,0.02142656035721302
2387,0,0.07325106859207153
2388,0,0.9610576629638672
2389,0,0.03364808112382889
2390,0,0.05731847137212753
2391,0,0.020624345168471336
2392,0,0.7170873284339905
2393,0,0.6159833669662476
2394,0,0.1210443526506424
2395,0,0.012918028049170971
2396,0,0.3721148669719696
2397,0,0.026041416451334953
2398,0,0.020902378484606743
2399,0,0.022950565442442894
2400,0,0.0268129650503397
2401,0,0.006062591448426247
2402,0,0.015651529654860497
2403,0,0.09145601093769073
2404,0,0.028044454753398895
2405,0,0.08473135530948639
2406,0,0.7968367338180542
2407,0,0.8460836410522461
2408,0,0.877719521522522
2409,0,0.10193288326263428
2410,0,0.02289396896958351
2411,0,0.06974757462739944
2412,0,0.15865002572536469
2413,0,0.010529538616538048
2414,0,0.0170144010335207
2415,0,0.0036666474770754576
2416,0,0.009919700212776661
2417,0,0.9075013995170593
2418,0,0.03488640859723091
2419,0,0.028331542387604713
2420,0,0.008316588588058949
2421,0,0.11868554353713989
2422,0,0.038232602179050446
2423,0,0.013878329657018185
2424,0,0.009224388748407364
2425,0,0.7133684754371643
2426,0,0.07326319068670273
2427,0,0.1716715544462204
2428,0,0.31482550501823425
2429,0,0.034371308982372284
2430,0,0.08437015861272812
2431,0,0.2897167503833771
2432,0,0.019510827958583832
2433,0,0.15214066207408905
2434,0,0.20788322389125824
2435,0,0.018964460119605064
2436,0,0.07853879034519196
2437,0,0.4957895278930664
2438,0,0.1343638151884079
2439,0,0.02622106485068798
2440,0,0.017012352123856544
2441,0,0.05503926798701286
2442,0,0.08863931149244308
2443,0,0.25656792521476746
2444,0,0.04738697409629822
2445,0,0.08743645995855331
2446,0,0.2170010805130005
2447,0,0.04502125084400177
2448,0,0.4097053110599518
2449,0,0.002375091426074505
2450,0,0.11267217993736267
2451,0,0.0010049280244857073
2452,0,0.03561452776193619
2453,0,0.04503075033426285
2454,0,0.021873747929930687
2455,0,0.10980450361967087
2456,0,0.6530323624610901
2457,0,0.23785682022571564
2458,0,0.18258337676525116
2459,0,0.8481504321098328
2460,0,0.18597562611103058
2461,0,0.6336049437522888
2462,0,0.06345043331384659
2463,0,0.028851432725787163
2464,0,0.08290442824363708
2465,0,0.20478218793869019
2466,0,0.734618067741394
2467,0,0.474135160446167
2468,0,0.3449801504611969
2469,0,0.00723474333062768
2470,0,0.5434451103210449
2471,0,0.6412919759750366
2472,0,0.2982877790927887
2473,0,0.25152668356895447
2474,0,0.3578883409500122
2475,0,0.11792688071727753
2476,0,0.010887214913964272
2477,0,0.06278429925441742
2478,0,0.06995785981416702
2479,0,0.013876431621611118
2480,0,0.05906778201460838
2481,0,0.045905034989118576
2482,0,0.6156654357910156
2483,0,0.049371279776096344
2484,0,0.7984591126441956
2485,0,0.28597700595855713
2486,0,0.28049007058143616
2487,0,0.16739127039909363
2488,0,0.0045507424511015415
2489,0,0.007062423508614302
2490,0,0.6455685496330261
2491,0,0.19857046008110046
2492,0,0.9588131308555603
2493,0,0.5888410806655884
2494,0,0.1290099173784256
2495,0,0.010772465728223324
2496,0,0.18835684657096863
2497,0,0.27841001749038696
2498,0,0.5906764268875122
2499,0,0.19081395864486694
2500,0,0.004253880120813847
2501,0,0.054782360792160034
2502,0,0.10758888721466064
2503,0,0.024049080908298492
2504,0,0.0028737520333379507
2505,0,0.08449356257915497
2506,0,0.006475096568465233
2507,0,0.05472470447421074
2508,0,0.06886561959981918
2509,0,0.005568438209593296
2510,0,0.051620956510305405
2511,0,0.04425991699099541
2512,0,0.3435230255126953
2513,0,0.8272706270217896
2514,0,0.15875478088855743
2515,0,0.6205318570137024
2516,0,0.07851739227771759
2517,0,0.3922185003757477
2518,0,0.05385434627532959
2519,0,0.011123387143015862
2520,0,0.011267437599599361
2521,0,0.005598811432719231
2522,0,0.009229414165019989
2523,0,0.005003437865525484
2524,0,0.2824113667011261
2525,0,0.03818238899111748
2526,0,0.012103402055799961
2527,0,0.02353750355541706
2528,0,0.5352180004119873
2529,0,0.09954013675451279
2530,0,0.008921905420720577
2531,0,0.06353772431612015
2532,0,0.0878576934337616
2533,0,0.3561422824859619
2534,0,0.008713607676327229
2535,0,0.003419008804485202
2536,0,0.01608019508421421
2537,0,0.22133207321166992
2538,0,0.3798414170742035
2539,0,0.4826391339302063
2540,0,0.0022896521259099245
2541,0,0.9499050974845886
2542,0,0.02109896019101143
2543,0,0.1939777433872223
2544,0,0.0721670538187027
2545,0,0.009467016905546188
2546,0,0.013860375620424747
2547,0,0.004974961280822754
2548,0,0.09909869730472565
2549,0,0.005070047453045845
2550,0,0.9615296721458435
2551,0,0.02829686924815178
2552,0,0.23470725119113922
2553,0,0.13026641309261322
2554,0,0.8857409358024597
2555,0,0.5052509903907776
2556,0,0.16187475621700287
2557,0,0.008059310726821423
2558,0,0.9196882247924805
2559,0,0.7652063369750977
2560,0,0.023964781314134598
2561,0,0.3077140152454376
2562,0,0.027429407462477684
2563,0,0.08899056166410446
2564,0,0.49788856506347656
2565,0,0.2839968204498291
2566,0,0.5602940320968628
2567,0,0.5737420320510864
2568,0,0.004066498018801212
2569,0,0.3303306996822357
2570,0,0.016244905069470406
2571,0,0.01062639057636261
2572,0,0.0022870490793138742
2573,0,0.06740511208772659
2574,0,0.006875795777887106
2575,0,0.007897306233644485
2576,0,0.05311375483870506
2577,0,0.34242314100265503
2578,0,0.20208464562892914
2579,0,0.0055218967609107494
2580,0,0.20078051090240479
2581,0,0.1693909615278244
2582,0,0.9029842615127563
2583,0,0.032547008246183395
2584,0,0.30579718947410583
2585,0,0.006306874565780163
2586,0,0.9651404619216919
2587,0,0.9977421760559082
2588,0,0.026239950209856033
2589,0,0.38734176754951477
2590,0,0.009024372324347496
2591,0,0.8010678887367249
2592,0,0.02910849079489708
2593,0,0.018575172871351242
2594,0,0.3892231285572052
2595,0,0.2930770814418793
2596,0,0.8591486215591431
2597,0,0.27311447262763977
2598,0,0.011777481995522976
2599,0,0.05133950337767601
2600,0,0.010288257151842117
2601,0,0.0924282968044281
2602,0,0.01143182534724474
2603,0,0.018259786069393158
2604,0,0.3498239517211914
2605,0,0.032083094120025635
2606,0,0.17354989051818848
2607,0,0.9526761770248413
2608,0,0.025905121117830276
2609,0,0.058313269168138504
2610,0,0.20739421248435974
2611,0,0.0007232166244648397
2612,0,0.5301022529602051
2613,0,0.5238076448440552
2614,0,0.06285293400287628
2615,0,0.4002966284751892
2616,0,0.6783939599990845
2617,0,0.30400940775871277
2618,0,0.13997913897037506
2619,0,0.06886713206768036
2620,0,0.8501957058906555
2621,0,0.007971609011292458
2622,0,0.283658891916275
2623,0,0.05842836573719978
2624,0,0.11161503195762634
2625,0,0.4144854247570038
2626,0,0.08413488417863846
2627,0,0.020451620221138
2628,0,0.7265838384628296
2629,0,0.07375290989875793
2630,0,0.18776188790798187
2631,0,0.052278440445661545
2632,0,0.0803784504532814
2633,0,0.918714165687561
2634,0,0.5828651785850525
2635,0,0.026619430631399155
2636,0,0.07728881388902664
2637,0,0.0015064418548718095
2638,0,0.02885517291724682
2639,0,0.14309339225292206
2640,0,0.5663269758224487
2641,0,0.8008927702903748
2642,0,0.15265148878097534
2643,0,0.06202984228730202
2644,0,0.14898742735385895
2645,0,0.004161417949944735
2646,0,0.192199245095253
2647,0,0.0803784504532814
2648,0,0.27099400758743286
2649,0,0.1360788196325302
2650,0,0.03232903778553009
2651,0,0.06645957380533218
2652,0,0.016266806051135063
2653,0,0.29992401599884033
2654,0,0.11659646034240723
2655,0,0.0012695047771558166
2656,0,0.0432012639939785
2657,0,0.19923026859760284
2658,0,0.00576947582885623
2659,0,0.09210246056318283
2660,0,0.12271125614643097
2661,0,0.011780939064919949
2662,0,0.010107987560331821
2663,0,0.009729675017297268
2664,0,0.0005310769192874432
2665,0,0.4286384880542755
2666,0,0.06694623827934265
2667,0,0.8919522166252136
2668,0,0.49298492074012756
2669,0,0.007858342491090298
2670,0,0.7344584465026855
2671,0,0.19857046008110046
2672,0,0.0072647444903850555
2673,0,0.040950026363134384
2674,0,0.05810512974858284
2675,0,0.23790960013866425
2676,0,0.6419376730918884
2677,0,0.012214499525725842
2678,0,0.0803784504532814
2679,0,0.07661057263612747
2680,0,0.16017349064350128
2681,0,0.29568320512771606
2682,0,0.008865144103765488
2683,0,0.34860682487487793
2684,0,0.2501842677593231
2685,0,0.5096497535705566
2686,0,0.011195890605449677
2687,0,0.9566351175308228
2688,0,0.41852661967277527
2689,0,0.11881259083747864
2690,0,0.009186139330267906
2691,0,0.12162978947162628
2692,0,0.009395994246006012
2693,0,0.15085645020008087
2694,0,0.5941558480262756
2695,0,0.16128520667552948
2696,0,0.6284798979759216
2697,0,0.25693783164024353
2698,0,0.05127284675836563
2699,0,0.18779988586902618
2700,0,0.014795135706663132
2701,0,0.010217871516942978
2702,0,0.1301104724407196
2703,0,0.7018129825592041
2704,0,0.36226317286491394
2705,0,0.5547283887863159
2706,0,0.005970001220703125
2707,0,0.021493494510650635
2708,0,0.6046503186225891
2709,0,0.8679121732711792
2710,0,0.12114840000867844
2711,0,0.014287970960140228
2712,0,0.22298882901668549
2713,0,0.13947077095508575
2714,0,0.027881158515810966
2715,0,0.4900563955307007
2716,0,0.17751026153564453
2717,0,0.5403702855110168
2718,0,0.01754702627658844
2719,0,0.020461732521653175
2720,0,0.01572185754776001
2721,0,0.10941235721111298
2722,0,0.019563522189855576
2723,0,0.6480968594551086
2724,0,0.003732528770342469
2725,0,0.9874820709228516
2726,0,0.06065745651721954
2727,0,0.3690050542354584
2728,0,0.39697030186653137
2729,0,0.14826998114585876
2730,0,0.2207850068807602
2731,0,0.018577203154563904
2732,0,0.013836164027452469
2733,0,0.002749875420704484
2734,0,0.008847254328429699
2735,0,0.05289597064256668
2736,0,0.002884212415665388
2737,0,0.22923274338245392
2738,0,0.1097247377038002
2739,0,0.02037052996456623
2740,0,0.04493822157382965
2741,0,0.2409491240978241
2742,0,0.08915073424577713
2743,0,0.031214475631713867
2744,0,0.33334577083587646
2745,0,0.34981590509414673
2746,0,0.05930640920996666
2747,0,0.014544747769832611
2748,0,0.33444082736968994
2749,0,0.04369193688035011
2750,0,0.038712047040462494
2751,0,0.1206095740199089
2752,0,0.12162978947162628
2753,0,0.9527180194854736
2754,0,0.009378677234053612
2755,0,0.06309433281421661
2756,0,0.01810484193265438
2757,0,0.03486952185630798
2758,0,0.0055684358812868595
2759,0,0.031310781836509705
2760,0,0.7640674114227295
2761,0,0.33682534098625183
2762,0,0.35634922981262207
2763,0,0.06598406285047531
2764,0,0.11979043483734131
2765,0,0.0018963116453960538
2766,0,0.059353675693273544
2767,0,0.1858905553817749
2768,0,0.013556746765971184
2769,0,0.8267610669136047
2770,0,0.5842666029930115
2771,0,0.016204293817281723
2772,0,0.1644262671470642
2773,0,0.3234454095363617
2774,0,0.10548258572816849
2775,0,0.03885196894407272
2776,0,0.1303715854883194
2777,0,0.8466431498527527
2778,0,0.8783057928085327
2779,0,0.0035403966903686523
2780,0,0.03463925048708916
2781,0,0.031082505360245705
2782,0,0.19725888967514038
2783,0,0.6291991472244263
2784,0,0.39323318004608154
2785,0,0.07444112747907639
2786,0,0.006782688200473785
2787,0,0.10176981985569
2788,0,0.8866606950759888
2789,0,0.006213281769305468
2790,0,0.017689863219857216
2791,0,0.30606523156166077
2792,0,0.053470857441425323
2793,0,0.1376631259918213
2794,0,0.8940995931625366
2795,0,0.013288365676999092
2796,0,0.022056827321648598
2797,0,0.30775606632232666
2798,0,0.150656059384346
2799,0,0.11095282435417175
2800,0,0.5733411312103271
2801,0,0.8012406229972839
2802,0,0.43220338225364685
2803,0,0.02713102474808693
2804,0,0.416043221950531
2805,0,0.010434416122734547
2806,0,0.3986208140850067
2807,0,0.006982794497162104
2808,0,0.021179864183068275
2809,0,0.5557366013526917
2810,0,0.06841280311346054
2811,0,0.4236867427825928
2812,0,0.1666075587272644
2813,0,0.0890732854604721
2814,0,0.006533083971589804
2815,0,0.6375651955604553
2816,0,0.761854887008667
2817,0,0.002324183937162161
2818,0,0.7539181709289551
2819,0,0.9683995246887207
2820,0,0.022995779290795326
2821,0,0.0023280128370970488
2822,0,0.012577402405440807
2823,0,0.030621523037552834
2824,0,0.07225014269351959
2825,0,0.16706892848014832
2826,0,0.012805026024580002
2827,0,0.06296653300523758
2828,0,0.44634076952934265
2829,0,0.3027195632457733
2830,0,0.0959022268652916
2831,0,0.015335862524807453
2832,0,0.0012151245027780533
2833,0,0.5128403306007385
2834,0,0.33646583557128906
2835,0,0.11736401170492172
2836,0,0.08164600282907486
2837,0,0.2375641018152237
2838,0,0.6011152267456055
2839,0,0.024207981303334236
2840,0,0.12806424498558044
2841,0,0.0013447949895635247
2842,0,0.005699994042515755
2843,0,0.005652866326272488
2844,0,0.529101550579071
2845,0,0.0202019102871418
2846,0,0.9292017817497253
2847,0,0.07572711259126663
2848,0,0.026740524917840958
2849,0,0.03312522545456886
2850,0,0.004649525973945856
2851,0,0.046979714184999466
2852,0,0.020559152588248253
2853,0,0.3559461534023285
2854,0,0.05008329451084137
2855,0,0.16886848211288452
2856,0,0.005100047681480646
2857,0,0.8778896927833557
2858,0,0.00970983412116766
2859,0,0.0431758388876915
2860,0,0.08876332640647888
2861,0,0.8150309920310974
2862,0,0.434072881937027
2863,0,0.006664964836090803
2864,0,0.007016455288976431
2865,0,0.11728054285049438
2866,0,0.6124215722084045
2867,0,0.15341009199619293
2868,0,0.03862028568983078
2869,0,0.960679829120636
2870,0,0.07611711323261261
2871,0,0.21008937060832977
2872,0,0.020893948152661324
2873,0,0.17703281342983246
2874,0,0.09909869730472565
2875,0,0.15973436832427979
2876,0,0.09262550622224808
2877,0,0.2572004497051239
2878,0,0.03694577142596245
2879,0,0.4032801687717438
2880,0,0.1308591514825821
2881,0,0.17452162504196167
2882,0,0.14908577501773834
2883,0,0.4707164764404297
2884,0,0.04904162883758545
2885,0,0.10225541144609451
2886,0,0.07037601619958878
2887,0,0.3796352446079254
2888,0,0.007351533975452185
2889,0,0.3657267093658447
2890,0,0.009460808709263802
2891,0,0.17268018424510956
2892,0,0.34106919169425964
2893,0,0.4629814028739929
2894,0,0.054614193737506866
2895,0,0.09909869730472565
2896,0,0.006023399531841278
2897,0,0.025626204907894135
2898,0,0.10645398497581482
2899,0,0.015267621725797653
2900,0,0.33250749111175537
2901,0,0.03275425359606743
2902,0,0.03393685817718506
2903,0,0.22310806810855865
2904,0,0.01962534338235855
2905,0,0.15189579129219055
2906,0,0.4321470558643341
2907,0,0.036070238798856735
2908,0,0.00523100420832634
2909,0,0.9713038206100464
2910,0,0.03311150521039963
2911,0,0.033497411757707596
2912,0,0.02999487705528736
2913,0,0.9725669622421265
2914,0,0.23436889052391052
2915,0,0.012210393324494362
2916,0,0.01451626792550087
2917,0,0.0010628642048686743
2918,0,0.03042880818247795
2919,0,0.9534697532653809
2920,0,0.01387790683656931
2921,0,0.005068652797490358
2922,0,0.48446419835090637
2923,0,0.014045496471226215
2924,0,0.01623849757015705
2925,0,0.06756988167762756
2926,0,0.08641085773706436
2927,0,0.05087222158908844
2928,0,0.06929560750722885
2929,0,0.013459611684083939
2930,0,0.38267794251441956
2931,0,0.5233652591705322
2932,0,0.12502454221248627
2933,0,0.030770711600780487
2934,0,0.021700188517570496
2935,0,0.18799032270908356
2936,0,0.12162978947162628
2937,0,0.010644378140568733
2938,0,0.4514124393463135
2939,0,0.014232576824724674
2940,0,0.36059311032295227
2941,0,0.051227714866399765
2942,0,0.5061681866645813
2943,0,0.03426876291632652
2944,0,0.07695178687572479
2945,0,0.20150905847549438
2946,0,0.697192907333374
2947,0,0.10564737021923065
2948,0,0.14972153306007385
2949,0,0.004481284413486719
2950,0,0.06326998025178909
2951,0,0.8116927742958069
2952,0,0.10773789882659912
2953,0,0.003094151383265853
2954,0,0.0035146200098097324
2955,0,0.1415064036846161
2956,0,0.006041388493031263
2957,0,0.050015464425086975
2958,0,0.006745021790266037
2959,0,0.0476035438477993
2960,0,0.10980450361967087
2961,0,0.028189795091748238
2962,0,0.9182301163673401
2963,0,0.019452327862381935
2964,0,0.925949215888977
2965,0,0.4471926689147949
2966,0,0.04310715198516846
2967,0,0.6140133738517761
2968,0,0.5321545004844666
2969,0,0.8593201637268066
2970,0,0.056921470910310745
2971,0,0.962002158164978
2972,0,0.12162978947162628
2973,0,0.6362385749816895
2974,0,0.8620145916938782
2975,0,0.8398898243904114
2976,0,0.09555099159479141
2977,0,0.18610647320747375
2978,0,0.1643403321504593
2979,0,0.35384634137153625
2980,0,0.07917190343141556
2981,0,0.4588073492050171
2982,0,0.1001741960644722
2983,0,0.017449039965867996
2984,0,0.8122661709785461
2985,0,0.5069971680641174
2986,0,0.437917560338974
2987,0,0.6967831254005432
2988,0,0.02157783694565296
2989,0,0.7776814699172974
2990,0,0.7030428051948547
2991,0,0.7339121103286743
2992,0,0.0029679788276553154
2993,0,0.20306749641895294
2994,0,0.1088891476392746
2995,0,0.07444405555725098
2996,0,0.5735750794410706
2997,0,0.1931113302707672
2998,0,0.1976632922887802
2999,0,0.19857046008110046
3000,0,0.014978804625570774
3001,0,0.21341203153133392
3002,0,0.6481846570968628
3003,0,0.6738446354866028
3004,0,0.020644301548600197
3005,0,0.48568469285964966
3006,0,0.0004727040941361338
3007,0,0.14814075827598572
3008,0,0.19214923679828644
3009,0,0.01857045292854309
3010,0,0.25482824444770813
3011,0,0.4894692897796631
3012,0,0.09114739298820496
3013,0,0.042529258877038956
3014,0,0.005807116627693176
3015,0,0.9320791363716125
3016,0,0.052242934703826904
3017,0,0.01247942354530096
3018,0,0.35879260301589966
3019,0,0.15097780525684357
3020,0,0.24086548388004303
3021,0,0.859119713306427
3022,0,0.014331936836242676
3023,0,0.25875672698020935
3024,0,0.36958372592926025
3025,0,0.21984955668449402
3026,0,0.09593082219362259
3027,0,0.010359720326960087
3028,0,0.5061277747154236
3029,0,0.005025995429605246
3030,0,0.028732968494296074
3031,0,0.10056642442941666
3032,0,0.014178615994751453
3033,0,0.04888297989964485
3034,0,0.9678884744644165
3035,0,0.9454599022865295
3036,0,0.005143884569406509
3037,0,0.35985350608825684
3038,0,0.44385671615600586
3039,0,0.3868700861930847
3040,0,0.11435770988464355
3041,0,0.6105796098709106
3042,0,0.35024893283843994
3043,0,0.7100714445114136
3044,0,0.030922913923859596
3045,0,0.008188010193407536
3046,0,0.28660598397254944
3047,0,0.019932253286242485
3048,0,0.9594636559486389
3049,0,0.2725221514701843
3050,0,0.14274108409881592
3051,0,0.001339578884653747
3052,0,0.012616951018571854
3053,0,0.8862515687942505
3054,0,0.0662953108549118
3055,0,0.3748462498188019
3056,0,0.2831534147262573
3057,0,0.14708715677261353
3058,0,0.008043928071856499
3059,0,0.010241532698273659
3060,0,0.013744117692112923
3061,0,0.6172292828559875
3062,0,0.4367547929286957
3063,0,0.08429072797298431
3064,0,0.048502881079912186
3065,0,0.0071755023673176765
3066,0,0.007126221898943186
3067,0,0.016411319375038147
3068,0,0.447134792804718
3069,0,0.11551954597234726
3070,0,0.03421059250831604
3071,0,0.005643479060381651
3072,0,0.0318681001663208
3073,0,0.0237262099981308
3074,0,0.9739786982536316
3075,0,0.003222873667255044
3076,0,0.010257471352815628
3077,0,0.5742944478988647
3078,0,0.19721226394176483
3079,0,0.22322134673595428
3080,0,0.11679469794034958
3081,0,0.03830042853951454
3082,0,0.4712172746658325
3083,0,0.6102009415626526
3084,0,0.019299551844596863
3085,0,0.7159276008605957
3086,0,0.0038155578076839447
3087,0,0.021495787426829338
3088,0,0.28497031331062317
3089,0,0.6961200833320618
3090,0,0.6819149255752563
3091,0,0.0788465067744255
3092,0,0.011922720819711685
3093,0,0.2473379224538803
3094,0,0.02427111752331257
3095,0,0.20947206020355225
3096,0,0.09851053357124329
3097,0,0.014101536013185978
3098,0,0.03296558931469917
3099,0,0.9433208703994751
3100,0,0.5521259903907776
3101,0,0.003343810560181737
3102,0,0.26977962255477905
3103,0,0.0818323940038681
3104,0,0.15999329090118408
3105,0,0.08449677377939224
3106,0,0.04571349173784256
3107,0,0.6402146220207214
3108,0,0.34502363204956055
3109,0,0.25630319118499756
3110,0,0.9358347058296204
3111,0,0.44820621609687805
3112,0,0.603270947933197
3113,0,0.21675850450992584
3114,0,0.008227000012993813
3115,0,0.013357617892324924
3116,0,0.7416340112686157
3117,0,0.041170910000801086
3118,0,0.750032901763916
3119,0,0.8081597685813904
3120,0,0.03349579870700836
3121,0,0.10881603509187698
3122,0,0.04604896903038025
3123,0,0.10081128776073456
3124,0,0.008040265180170536
3125,0,0.045686718076467514
3126,0,0.010032217018306255
3127,0,0.019927717745304108
3128,0,0.9451074004173279
3129,0,0.01261168159544468
3130,0,0.28525596857070923
3131,0,0.12764915823936462
3132,0,0.22606684267520905
3133,0,0.16534997522830963
3134,0,0.04231112822890282
3135,0,0.002563297050073743
3136,0,0.13021425902843475
3137,0,0.9734694361686707
3138,0,0.2183743566274643
3139,0,0.6839964389801025
3140,0,0.2052365243434906
3141,0,0.0235873032361269
3142,0,0.03235853463411331
3143,0,0.29422101378440857
3144,0,0.01999756693840027
3145,0,0.005720401648432016
3146,0,0.10159260779619217
3147,0,0.004247445613145828
3148,0,0.015806348994374275
3149,0,0.08063977211713791
3150,0,0.27191784977912903
3151,0,0.10355950891971588
3152,0,0.0040241749957203865
3153,0,0.23892469704151154
3154,0,0.5869925022125244
3155,0,0.13688799738883972
3156,0,0.29242420196533203
3157,0,0.043380122631788254
3158,0,0.013524206355214119
3159,0,0.01681843213737011
3160,0,0.26344457268714905
3161,0,0.18752460181713104
3162,0,0.04444253817200661
3163,0,0.27046576142311096
3164,0,0.018189994618296623
3165,0,0.20320716500282288
3166,0,0.012805898673832417
3167,0,0.4056537449359894
3168,0,0.006036233622580767
3169,0,0.7455816864967346
3170,0,0.032660696655511856
3171,0,0.7772144675254822
3172,0,0.013369557447731495
3173,0,0.005911632440984249
3174,0,0.14186245203018188
3175,0,0.002289725234732032
3176,0,0.07114221900701523
3177,0,0.2415934056043625
3178,0,0.4086555540561676
3179,0,0.7261019945144653
3180,0,0.030112959444522858
3181,0,0.01564335636794567
3182,0,0.044676925987005234
3183,0,0.006447396706789732
3184,0,0.30049532651901245
3185,0,0.21813608705997467
3186,0,0.039647188037633896
3187,0,0.020388459786772728
3188,0,0.11802078783512115
3189,0,0.0803784504532814
3190,0,0.011237092316150665
3191,0,0.8950440287590027
3192,0,0.10266341269016266
3193,0,0.6636293530464172
3194,0,0.056475259363651276
3195,0,0.014633185230195522
3196,0,0.19005917012691498
3197,0,0.0041930354200303555
3198,0,0.45559439063072205
3199,0,0.035834889858961105
3200,0,0.019273508340120316
3201,0,0.02186361514031887
3202,0,0.006080538500100374
3203,0,0.3030413091182709
3204,0,0.27517762780189514
3205,0,0.013156792148947716
3206,0,0.5899220705032349
3207,0,0.16790977120399475
3208,0,0.08789381384849548
3209,0,0.13021425902843475
3210,0,0.011760073713958263
3211,0,0.966274082660675
3212,0,0.0438142828643322
3213,0,0.11161503195762634
3214,0,0.15091590583324432
3215,0,0.008413661271333694
3216,0,0.06662734597921371
3217,0,0.03063470683991909
3218,0,0.11121188849210739
3219,0,0.002642914419993758
3220,0,0.5692505240440369
3221,0,0.002825175877660513
3222,0,0.3092542886734009
3223,0,0.5274538993835449
3224,0,0.02174755558371544
3225,0,0.012612489983439445
3226,0,0.3627622127532959
3227,0,0.006255296058952808
3228,0,0.5249861478805542
3229,0,0.017632044851779938
3230,0,0.9969623684883118
3231,0,0.13347484171390533
3232,0,0.00967993400990963
3233,0,0.19857046008110046
3234,0,0.24252893030643463
3235,0,0.019086427986621857
3236,0,0.10980450361967087
3237,0,0.1971174031496048
3238,0,0.21329957246780396
3239,0,0.010356289334595203
3240,0,0.05009537562727928
3241,0,0.5713523030281067
3242,0,0.024983426555991173
3243,0,0.0029659727588295937
3244,0,0.2229016125202179
3245,0,0.36864542961120605
3246,0,0.13021425902843475
3247,0,0.0288669615983963
3248,0,0.35869839787483215
3249,0,0.04179241508245468
3250,0,0.4826963543891907
3251,0,0.16132403910160065
3252,0,0.2692500948905945
3253,0,0.23657505214214325
3254,0,0.03260736167430878
3255,0,0.23747573792934418
3256,0,0.9439435005187988
3257,0,0.32663974165916443
3258,0,0.014141221530735493
3259,0,0.035324275493621826
3260,0,0.002280044136568904
3261,0,0.01672571524977684
3262,0,0.05160391330718994
3263,0,0.33507347106933594
3264,0,0.18869689106941223
3265,0,0.8808838129043579
3266,0,0.9340163469314575
3267,0,0.37728366255760193
3268,0,0.9507638812065125
3269,0,0.21832561492919922
3270,0,0.017380770295858383
3271,0,0.5447128415107727
3272,0,0.5661279559135437
3273,0,0.09151454269886017
3274,0,0.09777884930372238
3275,0,0.18599510192871094
3276,0,0.04683887958526611
3277,0,0.32940083742141724
3278,0,0.24477460980415344
3279,0,0.1307900995016098
3280,0,0.01629466563463211
3281,0,0.009592988528311253
3282,0,0.8370621800422668
3283,0,0.49378064274787903
3284,0,0.12188536673784256
3285,0,0.003663259092718363
3286,0,0.026432683691382408
3287,0,0.6646926999092102
3288,0,0.18140055239200592
3289,0,0.0041890013962984085
3290,0,0.009950792416930199
3291,0,0.02939465083181858
3292,0,0.43244755268096924
3293,0,0.8418287634849548
3294,0,0.18823067843914032
3295,0,0.005479627754539251
3296,0,0.25339215993881226
3297,0,0.02607084810733795
3298,0,0.0739411786198616
3299,0,0.1809418499469757
3300,0,0.2789328396320343
3301,0,0.006208870094269514
3302,0,0.010648315772414207
3303,0,0.16115954518318176
3304,0,0.27076002955436707
3305,0,0.3129134476184845
3306,0,0.09909869730472565
3307,0,0.0022738196421414614
3308,0,0.9310301542282104
3309,0,0.454276978969574
3310,0,0.04710143059492111
3311,0,0.03214440867304802
3312,0,0.00901726633310318
3313,0,0.8962574005126953
3314,0,0.876875102519989
3315,0,0.15713532269001007
3316,0,0.12476260215044022
3317,0,0.011302957311272621
3318,0,0.009140662848949432
3319,0,0.41464343667030334
3320,0,0.41621553897857666
3321,0,0.07309380918741226
3322,0,0.004732252564281225
3323,0,0.028442753478884697
3324,0,0.03979218006134033
3325,0,0.1673891395330429
3326,0,0.002312545897439122
3327,0,0.6677895784378052
3328,0,0.22286343574523926
3329,0,0.011767336167395115
3330,0,0.5784260630607605
3331,0,0.12187672406435013
3332,0,0.8974841833114624
3333,0,0.009174631908535957
3334,0,0.006745602935552597
3335,0,0.18165834248065948
3336,0,0.15363310277462006
3337,0,0.8034636378288269
3338,0,0.40053805708885193
3339,0,0.05936863645911217
3340,0,0.025129906833171844
3341,0,0.0020470386371016502
3342,0,0.1330026388168335
3343,0,0.4187189042568207
3344,0,0.08660430461168289
3345,0,0.03592108190059662
3346,0,0.5305120348930359
3347,0,0.007778254337608814
3348,0,0.05601209029555321
3349,0,0.7104074954986572
3350,0,0.9145764112472534
3351,0,0.015424632467329502
3352,0,0.025554239749908447
3353,0,0.019439302384853363
3354,0,0.0382646881043911
3355,0,0.047179482877254486
3356,0,0.9859676957130432
3357,0,0.18436160683631897
3358,0,0.033761944621801376
3359,0,0.040742456912994385
3360,0,0.0062055871821939945
3361,0,0.8350329399108887
3362,0,0.7877664566040039
3363,0,0.0053392332047224045
3364,0,0.020916664972901344
3365,0,0.03947042301297188
3366,0,0.8368301391601562
3367,0,0.470401406288147
3368,0,0.32308998703956604
3369,0,0.5436283946037292
3370,0,0.00964996125549078
3371,0,0.012054897844791412
3372,0,0.01582684926688671
3373,0,0.0013559896033257246
3374,0,0.0034760828129947186
3375,0,0.022218454629182816
3376,0,0.013981442898511887
3377,0,0.16757994890213013
3378,0,0.13288286328315735
3379,0,0.013229519128799438
3380,0,0.4802560806274414
3381,0,0.0033576502464711666
3382,0,0.14031364023685455
3383,0,0.0063531226478517056
3384,0,0.03251553699374199
3385,0,0.11783935129642487
3386,0,0.0803784504532814
3387,0,0.031387995928525925
3388,0,0.0442875400185585
3389,0,0.009895335882902145
3390,0,0.12310070544481277
3391,0,0.21138961613178253
3392,0,0.01276631373912096
3393,0,0.688808798789978
3394,0,0.01350280363112688
3395,0,0.9751700758934021
3396,0,0.5771051645278931
3397,0,0.592599093914032
3398,0,0.8673459887504578
3399,0,0.005100289825350046
3400,0,0.0765729546546936
3401,0,0.10008334368467331
3402,0,0.10980450361967087
3403,0,0.05145066976547241
3404,0,0.802763044834137
3405,0,0.09909869730472565
3406,0,0.09879995137453079
3407,0,0.34334632754325867
3408,0,0.20436391234397888
3409,0,0.07731293141841888
3410,0,0.15318842232227325
3411,0,0.4787157475948334
3412,0,0.02571994997560978
3413,0,0.0030715959146618843
3414,0,0.003333405824378133
3415,0,0.3694193661212921
3416,0,0.6257257461547852
3417,0,0.01118477899581194
3418,0,0.07676833122968674
3419,0,0.502414345741272
3420,0,0.00545228598639369
3421,0,0.12153829634189606
3422,0,0.535590410232544
3423,0,0.18450291454792023
3424,0,0.049513399600982666
3425,0,0.01716277189552784
3426,0,0.08353912830352783
3427,0,0.05273706465959549
3428,0,0.3854089379310608
3429,0,0.497547447681427
3430,0,0.627189040184021
3431,0,0.13249386847019196
3432,0,0.03602249547839165
3433,0,0.07104016840457916
3434,0,0.0037420878652483225
3435,0,0.010305323638021946
3436,0,0.008155153132975101
3437,0,0.9577489495277405
3438,0,0.2385168820619583
3439,0,0.03417079523205757
3440,0,0.009862806648015976
3441,0,0.28521233797073364
3442,0,0.46761927008628845
3443,0,0.9764606952667236
3444,0,0.044934049248695374
3445,0,0.9476072788238525
3446,0,0.04750707745552063
3447,0,0.9928306937217712
3448,0,0.9945482611656189
3449,0,0.42788371443748474
3450,0,0.03216153755784035
3451,0,0.17105841636657715
3452,0,0.26655876636505127
3453,0,0.09463569521903992
3454,0,0.5847468972206116
3455,0,0.07777004688978195
3456,0,0.12162978947162628
3457,0,0.017870234325528145
3458,0,0.0022105753887444735
3459,0,0.618665874004364
3460,0,0.022298365831375122
3461,0,0.004838098771870136
3462,0,0.6355058550834656
3463,0,0.024540867656469345
3464,0,0.014455030672252178
3465,0,0.02020183578133583
3466,0,0.30320367217063904
3467,0,0.011002025566995144
3468,0,0.045919258147478104
3469,0,0.8466870784759521
3470,0,0.7119369506835938
3471,0,0.09517036378383636
3472,0,0.5732097625732422
3473,0,0.013928525149822235
3474,0,0.31424176692962646
3475,0,0.525874674320221
3476,0,0.1242467537522316
3477,0,0.10508405417203903
3478,0,0.011244014836847782
3479,0,0.05321621522307396
3480,0,0.008969778195023537
3481,0,0.028022555634379387
3482,0,0.03300905227661133
3483,0,0.8619716167449951
3484,0,0.014401965774595737
3485,0,0.01121991965919733
3486,0,0.1377076804637909
3487,0,0.5788652300834656
3488,0,0.25905218720436096
3489,0,0.01852090284228325
3490,0,0.08501970767974854
3491,0,0.0014751035487279296
3492,0,0.02933344617486
3493,0,0.8292242288589478
3494,0,0.33588165044784546
3495,0,0.8145988583564758
3496,0,0.010466359555721283
3497,0,0.0029030872974544764
3498,0,0.12162978947162628
3499,0,0.1128820925951004
3500,0,0.020255813375115395
3501,0,0.6198021173477173
3502,0,0.930132269859314
3503,0,0.7130921483039856
3504,0,0.505095899105072
3505,0,0.0012225465616211295
3506,0,0.2706685960292816
3507,0,0.04047231376171112
3508,0,0.14647269248962402
3509,0,0.07340364903211594
3510,0,0.6819754838943481
3511,0,0.2288660705089569
3512,0,0.6089814305305481
3513,0,0.02326844446361065
3514,0,0.057630036026239395
3515,0,0.24602718651294708
3516,0,0.22976107895374298
3517,0,0.0818323940038681
3518,0,0.15116769075393677
3519,0,0.05553450435400009
3520,0,0.11161503195762634
3521,0,0.6480506062507629
3522,0,0.22919490933418274
3523,0,0.00603165477514267
3524,0,0.020250266417860985
3525,0,0.5889272689819336
3526,0,0.026995791122317314
3527,0,0.17947523295879364
3528,0,0.013757970184087753
3529,0,0.06677396595478058
3530,0,0.16069194674491882
3531,0,0.36734890937805176
3532,0,0.2265559732913971
3533,0,0.028945574536919594
3534,0,0.7670388221740723
3535,0,0.8203035593032837
3536,0,0.06839936971664429
3537,0,0.2773401737213135
3538,0,0.18518894910812378
3539,0,0.09517927467823029
3540,0,0.9058784246444702
3541,0,0.7780628800392151
3542,0,0.2267424762248993
3543,0,0.7272216081619263
3544,0,0.027305051684379578
3545,0,0.6298574209213257
3546,0,0.10149426013231277
3547,0,0.01560597401112318
3548,0,0.024120330810546875
3549,0,0.14575666189193726
3550,0,0.004530749283730984
3551,0,0.3900599479675293
3552,0,0.03763401880860329
3553,0,0.13840773701667786
3554,0,0.06854058057069778
3555,0,0.2387065440416336
3556,0,0.4160391092300415
3557,0,0.3711209297180176
3558,0,0.07002352178096771
3559,0,0.9118794798851013
3560,0,0.07507071644067764
3561,0,0.0972989946603775
3562,0,0.052227433770895004
3563,0,0.05546122044324875
3564,0,0.22305059432983398
3565,0,0.09329662472009659
3566,0,0.11257323622703552
3567,0,0.03039572760462761
3568,0,0.7886987924575806
3569,0,0.23517313599586487
3570,0,0.060141973197460175
3571,0,0.10980450361967087
3572,0,0.05502790957689285
3573,0,0.11611782759428024
3574,0,0.02539019100368023
3575,0,0.04628812521696091
3576,0,0.7797876596450806
3577,0,0.05148767679929733
3578,0,0.0018136313883587718
3579,0,0.087642140686512
3580,0,0.06881105899810791
3581,0,0.8787817358970642
3582,0,0.005827317014336586
3583,0,0.014232602901756763
3584,0,0.016027364879846573
3585,0,0.04832178354263306
3586,0,0.06821077316999435
3587,0,0.02431240677833557
3588,0,0.018992651253938675
3589,0,0.32342401146888733
3590,0,0.2256595343351364
3591,0,0.2760915160179138
3592,0,0.06220293417572975
3593,0,0.15271514654159546
3594,0,0.13021425902843475
3595,0,0.6367688179016113
3596,0,0.7497528791427612
3597,0,0.1580377072095871
3598,0,0.7341067790985107
3599,0,0.3264347314834595
3600,0,0.12514977157115936
3601,0,0.010614726692438126
3602,0,0.5120019316673279
3603,0,0.040742553770542145
3604,0,0.27829134464263916
3605,0,0.7109562754631042
3606,0,0.13856686651706696
3607,0,0.004877845291048288
3608,0,0.015501538291573524
3609,0,0.5946819186210632
3610,0,0.16482101380825043
3611,0,0.7225953936576843
3612,0,0.010947607457637787
3613,0,0.7504751086235046
3614,0,0.03868597000837326
3615,0,0.0803784504532814
3616,0,0.014160784892737865
3617,0,0.054190270602703094
3618,0,0.02079176716506481
3619,0,0.6876891255378723
3620,0,0.03524790704250336
3621,0,0.6653673052787781
3622,0,0.5781517028808594
3623,0,0.00331564387306571
3624,0,0.038239605724811554
3625,0,0.23049183189868927
3626,0,0.030743783339858055
3627,0,0.005686413962393999
3628,0,0.09258759766817093
3629,0,0.1382984071969986
3630,0,0.237376868724823
3631,0,0.010529115796089172
3632,0,0.013871075585484505
3633,0,0.12035686522722244
3634,0,0.18589699268341064
3635,0,0.32033422589302063
3636,0,0.1944025754928589
3637,0,0.20044800639152527
3638,0,0.045822858810424805
3639,0,0.01261800155043602
3640,0,0.0379362590610981
3641,0,0.09242787212133408
3642,0,0.2882393002510071
3643,0,0.6263371706008911
3644,0,0.5897780060768127
3645,0,0.19785453379154205
3646,0,0.008692615665495396
3647,0,0.5362863540649414
3648,0,0.05526864528656006
3649,0,0.9127668738365173
3650,0,0.2767064571380615
3651,0,0.007607208099216223
3652,0,0.21188773214817047
3653,0,0.0036637084558606148
3654,0,0.02044258452951908
3655,0,0.5064184069633484
3656,0,0.009598584845662117
3657,0,0.30306127667427063
3658,0,0.2290513664484024
3659,0,0.016221536323428154
3660,0,0.014250356703996658
3661,0,0.006613556295633316
3662,0,0.008955839090049267
3663,0,0.016569703817367554
3664,0,0.05975508317351341
3665,0,0.08022020757198334
3666,0,0.00876525603234768
3667,0,0.5334718227386475
3668,0,0.10274814069271088
3669,0,0.024602122604846954
3670,0,0.0709054097533226
3671,0,0.11077261716127396
3672,0,0.38788875937461853
3673,0,0.18033376336097717
3674,0,0.02961217239499092
3675,0,0.010795962996780872
3676,0,0.44943130016326904
3677,0,0.19857046008110046
3678,0,0.007728539872914553
3679,0,0.02619185484945774
3680,0,0.13364066183567047
3681,0,0.3796508014202118
3682,0,0.16535890102386475
3683,0,0.2025894820690155
3684,0,0.37316450476646423
3685,0,0.12162978947162628
3686,0,0.08802932500839233
3687,0,0.7817760705947876
3688,0,0.0013578085927292705
3689,0,0.133235365152359
3690,0,0.21124644577503204
3691,0,0.013382134959101677
3692,0,0.11161503195762634
3693,0,0.19857046008110046
3694,0,0.0865473598241806
3695,0,0.020883863791823387
3696,0,0.0022157339844852686
3697,0,0.11211169511079788
3698,0,0.6985680460929871
3699,0,0.07712558656930923
3700,0,0.06419709324836731
3701,0,0.0573442280292511
3702,0,0.006597608793526888
3703,0,0.6220190525054932
3704,0,0.07309380918741226
3705,0,0.09738538414239883
3706,0,0.3888012170791626
3707,0,0.08915073424577713
3708,0,0.12385409325361252
3709,0,0.010506204329431057
3710,0,0.02462179586291313
3711,0,0.057560741901397705
3712,0,0.038222141563892365
3713,0,0.10980450361967087
3714,0,0.7491300702095032
3715,0,0.01436122227460146
3716,0,0.11161503195762634
3717,0,0.0283737163990736
3718,0,0.0059550111182034016
3719,0,0.14753027260303497
3720,0,0.727326512336731
3721,0,0.4248187243938446
3722,0,0.03227021172642708
3723,0,0.2493293136358261
3724,0,0.3833823502063751
3725,0,0.198666512966156
3726,0,0.017429642379283905
3727,0,0.011010331101715565
3728,0,0.00984418485313654
3729,0,0.20597393810749054
3730,0,0.14750789105892181
3731,0,0.15436984598636627
3732,0,0.819463312625885
3733,0,0.009971954859793186
3734,0,0.19882237911224365
3735,0,0.022498926147818565
3736,0,0.1244988963007927
3737,0,0.47544172406196594
3738,0,0.8113098740577698
3739,0,0.8103007674217224
3740,0,0.964996337890625
3741,0,0.9267537593841553
3742,0,0.15805630385875702
3743,0,0.5442183017730713
3744,0,0.0037477805744856596
3745,0,0.021991102024912834
3746,0,0.4667406678199768
3747,0,0.05738966539502144
3748,0,0.010545587167143822
3749,0,0.08915073424577713
3750,0,0.005070684943348169
3751,0,0.36727088689804077
3752,0,0.0046199606731534
3753,0,0.9813156723976135
3754,0,0.9714615345001221
3755,0,0.6056128740310669
3756,0,0.020635390654206276
3757,0,0.32245272397994995
3758,0,0.12162978947162628
3759,0,0.15492860972881317
3760,0,0.6774799227714539
3761,0,0.6421813368797302
3762,0,0.5834084153175354
3763,0,0.15334250032901764
3764,0,0.2345367968082428
3765,0,0.032106418162584305
3766,0,0.8868193030357361
3767,0,0.018895115703344345
3768,0,0.004013736266642809
3769,0,0.9096614718437195
3770,0,0.1748088002204895
3771,0,0.5339756608009338
3772,0,0.6203948259353638
3773,0,0.20782342553138733
3774,0,0.19347791373729706
3775,0,0.5260408520698547
3776,0,0.08954732120037079
3777,0,0.09160412102937698
3778,0,0.17191259562969208
3779,0,0.8779088854789734
3780,0,0.013927222229540348
3781,0,0.08001938462257385
3782,0,0.8515177369117737
3783,0,0.17871077358722687
3784,0,0.005661794915795326
3785,0,0.2634409964084625
3786,0,0.05237847566604614
3787,0,0.3156470060348511
3788,0,0.04337039962410927
3789,0,0.4973159432411194
3790,0,0.9452457427978516
3791,0,0.02504732273519039
3792,0,0.006970624439418316
3793,0,0.05527692660689354
3794,0,0.3131718635559082
3795,0,0.0015176364686340094
3796,0,0.11161503195762634
3797,0,0.02834269218146801
3798,0,0.06413384526968002
3799,0,0.2415151596069336
3800,0,0.007450995501130819
3801,0,0.05092000588774681
3802,0,0.4549699127674103
3803,0,0.6922245025634766
3804,0,0.06247880309820175
3805,0,0.01812731847167015
3806,0,0.8875759243965149
3807,0,0.0068053617142140865
3808,0,0.07229273021221161
3809,0,0.21639086306095123
3810,0,0.016687441617250443
3811,0,0.011006825603544712
3812,0,0.0008425218402408063
3813,0,0.036982957273721695
3814,0,0.002640780992805958
3815,0,0.21472656726837158
3816,0,0.5978003144264221
3817,0,0.14114387333393097
3818,0,0.07814807444810867
3819,0,0.5253244042396545
3820,0,0.1966371387243271
3821,0,0.41072264313697815
3822,0,0.9419257640838623
3823,0,0.0031476872973144054
3824,0,0.19857046008110046
3825,0,0.41608431935310364
3826,0,0.19460366666316986
3827,0,0.09697563946247101
3828,0,0.3530842363834381
3829,0,0.47750499844551086
3830,0,0.0818323940038681
3831,0,0.6410129070281982
3832,0,0.037303727120161057
3833,0,0.022988660261034966
3834,0,0.3667202889919281
3835,0,0.00735818687826395
3836,0,0.01973617449402809
3837,0,0.6668064594268799
3838,0,0.10980450361967087
3839,0,0.17250454425811768
3840,0,0.07692896574735641
3841,0,0.16746743023395538
3842,0,0.015153804793953896
3843,0,0.017527900636196136
3844,0,0.11398512125015259
3845,0,0.8515723943710327
3846,0,0.29692456126213074
3847,0,0.5281423330307007
3848,0,0.2330690175294876
3849,0,0.006695730146020651
3850,0,0.8738644123077393
3851,0,0.009052072651684284
3852,0,0.46437785029411316
3853,0,0.015003975480794907
3854,0,0.0670241191983223
3855,0,0.5261799693107605
3856,0,0.9689905047416687
3857,0,0.41480982303619385
3858,0,0.10124454647302628
3859,0,0.010703720152378082
3860,0,0.19857046008110046
3861,0,0.7185203433036804
3862,0,0.029765572398900986
3863,0,0.027697384357452393
3864,0,0.24069197475910187
3865,0,0.02562500163912773
3866,0,0.12038707733154297
3867,0,0.016973307356238365
3868,0,0.44730836153030396
3869,0,0.2090217024087906
3870,0,0.987773597240448
3871,0,0.7133542895317078
3872,0,0.0032177779357880354
3873,0,0.013646960258483887
3874,0,0.08915073424577713
3875,0,0.5758966207504272
3876,0,0.950980007648468
3877,0,0.3248632252216339
3878,0,0.01194466557353735
3879,0,0.01098831556737423
3880,0,0.09909869730472565
3881,0,0.16421355307102203
3882,0,0.03227274492383003
3883,0,0.13021425902843475
3884,0,0.015079127624630928
3885,0,0.495315283536911
3886,0,0.7148849964141846
3887,0,0.0019409344531595707
3888,0,0.10980450361967087
3889,0,0.5381134748458862
3890,0,0.10054966807365417
3891,0,0.3975446820259094
3892,0,0.2005714327096939
3893,0,0.8126415014266968
3894,0,0.09103289246559143
3895,0,0.006387343164533377
3896,0,0.4383871257305145
3897,0,0.7584012746810913
3898,0,0.16964960098266602
3899,0,0.12738561630249023
3900,0,0.2549269199371338
3901,0,0.48059841990470886
3902,0,0.39836400747299194
3903,0,0.7472343444824219
3904,0,0.19993849098682404
3905,0,0.07309380918741226
3906,0,0.4458436071872711
3907,0,0.054841019213199615
3908,0,0.05147623270750046
3909,0,0.001216801698319614
3910,0,0.06228433549404144
3911,0,0.20749934017658234
3912,0,0.21642935276031494
3913,0,0.12094707041978836
3914,0,0.046552833169698715
3915,0,0.009415012784302235
3916,0,0.012009975500404835
3917,0,0.007375733926892281
3918,0,0.5802050232887268
3919,0,0.007796166930347681
3920,0,0.1304439753293991
3921,0,0.07516199350357056
3922,0,0.13242654502391815
3923,0,0.026832465082406998
3924,0,0.015309811569750309
3925,0,0.004079681821167469
3926,0,0.24040132761001587
3927,0,0.07363550364971161
3928,0,0.38760262727737427
3929,0,0.1877449005842209
3930,0,0.2082587629556656
3931,0,0.8180215358734131
3932,0,0.22394755482673645
3933,0,0.19857046008110046
3934,0,0.002941524377092719
3935,0,0.15360939502716064
3936,0,0.006721934769302607
3937,0,0.03239665925502777
3938,0,0.09800609201192856
3939,0,0.6277385950088501
3940,0,0.44012996554374695
3941,0,0.6908112168312073
3942,0,0.13645263016223907
3943,0,0.027174850925803185
3944,0,0.4630225896835327
3945,0,0.003761652624234557
3946,0,0.15001046657562256
3947,0,0.004409646615386009
3948,0,0.005376141052693129
3949,0,0.08238738775253296
3950,0,0.1151336058974266
3951,0,0.4833008348941803
3952,0,0.3818325102329254
3953,0,0.6795694231987
3954,0,0.7967466711997986
3955,0,0.010705695487558842
3956,0,0.007790754549205303
3957,0,0.020531905815005302
3958,0,0.01101577840745449
3959,0,0.015612252987921238
3960,0,0.2222515195608139
3961,0,0.006791739258915186
3962,0,0.3180389404296875
3963,0,0.22939321398735046
3964,0,0.1968480348587036
3965,0,0.005213330499827862
3966,0,0.02559077739715576
3967,0,0.17448167502880096
3968,0,0.07393772900104523
3969,0,0.025501495227217674
3970,0,0.43990084528923035
3971,0,0.21963092684745789
3972,0,0.012842952273786068
3973,0,0.2494291067123413
3974,0,0.024750862270593643
3975,0,0.10561863332986832
3976,0,0.0019965169485658407
3977,0,0.14487218856811523
3978,0,0.014012221246957779
3979,0,0.12175952643156052
3980,0,0.03209447115659714
3981,0,0.1657934933900833
3982,0,0.051895372569561005
3983,1,0.965133011341095
